match_id,date,patch,tournament,blue_team,red_team,winner,blue_bans,red_bans,blue_picks,red_picks,blue_roster,red_roster,blue_win,data_source,red_win,pick_source
Arabian League 2nd Division/2026 Season/Spring Split_Week 4_2_1,2026-04-30 18:09:00,26.09,Arabian League 2nd Division 2026 Spring,Victorious Demons,Lunaris Esports (MENA Team),Victorious Demons,"['Zoe', 'Fiora', 'Jarvan IV', 'Ahri', 'Aurora']","['Neeko', 'Karma', 'Orianna', 'Ryze', 'Sylas']","['Renekton', 'Ambessa', 'Galio', 'Ezreal', 'Bard']","['Jax', 'Nocturne', 'LeBlanc', 'Varus', 'Nautilus']",[],[],1,leaguepedia_cargo_patch_range,0,scoreboard_players_corrected
Arabian League 2nd Division/2026 Season/Spring Split_Week 4_1_1,2026-04-30 18:19:00,26.09,Arabian League 2nd Division 2026 Spring,Team Depressed,Pegasus Esports,Pegasus Esports,"['Nautilus', 'Zaahen', 'Alistar', 'Ezreal', 'Caitlyn']","[""Rek'Sai"", 'Anivia', 'Lulu', 'Akali', 'Ambessa']","['Gwen', 'Pantheon', 'Syndra', 'Corki', 'Nami']","['Sion', 'Aatrox', 'Mel', 'Yunara', 'Karma']",[],[],0,leaguepedia_cargo_patch_range,1,scoreboard_players_corrected
Arabian League 2nd Division/2026 Season/Spring Split_Week 4_2_2,2026-04-30 18:56:00,26.09,Arabian League 2nd Division 2026 Spring,Lunaris Esports (MENA Team),Victorious Demons,Victorious Demons,"['Neeko', 'Sylas', 'Karma', 'Rakan', 'Rell']","['Zoe', 'Fiora', 'Jarvan IV', 'Leona', 'Alistar']","['Gnar', 'Xin Zhao', 'Orianna', ""Kai'Sa"", 'Thresh']","['Irelia', 'Wukong', 'Ryze', 'Caitlyn', 'Morgana']",[],[],0,leaguepedia_cargo_patch_range,1,scoreboard_players_corrected
Arabian League 2nd Division/2026 Season/Spring Split_Week 4_1_2,2026-04-30 19:05:00,26.09,Arabian League 2nd Division 2026 Spring,Pegasus Esports,Team Depressed,Team Depressed,"[""Rek'Sai"", 'Anivia', 'Lulu', 'Akali', 'Caitlyn']","['Nautilus', 'Zaahen', 'Ashe', 'Alistar', 'Ahri']","[""K'Sante"", 'Xin Zhao', 'Zoe', 'Ezreal', 'Rakan']","['Ambessa', 'Trundle', 'Annie', ""Kai'Sa"", 'Neeko']",[],[],0,leaguepedia_cargo_patch_range,1,scoreboard_players_corrected
Arabian League 2nd Division/2026 Season/Spring Split_Week 4_1_3,2026-04-30 19:55:00,26.09,Arabian League 2nd Division 2026 Spring,Team Depressed,Pegasus Esports,Pegasus Esports,"['Zaahen', 'Nautilus', 'Rumble', 'Lucian', 'Orianna']","[""Rek'Sai"", 'Anivia', 'Lulu', 'Caitlyn', 'Olaf']","['Dr. Mundo', 'Jarvan IV', 'Sylas', 'Jhin', 'Bard']","['Ornn', 'Nocturne', 'Cassiopeia', 'Vayne', 'Braum']",[],[],0,leaguepedia_cargo_patch_range,1,scoreboard_players_corrected
Arabian League/2026 Season/Spring Split_Last Stand_1_1,2026-05-01 16:14:00,26.09,Arabian League 2026 Spring,One More Esports,JSK Esports,One More Esports,"['Zaahen', 'Nocturne', 'Pantheon', 'Nami', 'Leona']","['Orianna', 'Karma', 'Xin Zhao', 'Galio', 'Viktor']","['Gnar', 'Jarvan IV', 'Mel', 'Tristana', 'Lulu']","['Ambessa', 'Naafiri', 'LeBlanc', 'Ezreal', 'Thresh']",[],[],1,leaguepedia_cargo_patch_range,0,scoreboard_players_corrected
Arabian League/2026 Season/Spring Split_Last Stand_1_2,2026-05-01 17:23:00,26.09,Arabian League 2026 Spring,One More Esports,JSK Esports,One More Esports,"['Nocturne', 'Pantheon', 'Aurora', 'Akali', 'Syndra']","['Orianna', 'Xin Zhao', 'Karma', 'Galio', 'Rumble']","['Renekton', 'Wukong', 'Annie', 'Ashe', 'Seraphine']","['Jayce', 'Skarner', 'Ahri', 'Corki', 'Nami']",[],[],1,leaguepedia_cargo_patch_range,0,scoreboard_players_corrected
Arabian League/2026 Season/Spring Split_Last Stand_2_1,2026-05-01 18:39:00,26.09,Arabian League 2026 Spring,3BL Esports,GnG Amazigh,GnG Amazigh,"['Caitlyn', 'Nocturne', 'Orianna', 'Kled', ""K'Sante""]","['Pantheon', 'Rell', 'Neeko', 'Akali', 'Ahri']","['Sion', 'Xin Zhao', 'Aurora', ""Kai'Sa"", 'Nautilus']","['Zaahen', 'Jarvan IV', 'Viktor', 'Yunara', 'Braum']",[],[],0,leaguepedia_cargo_patch_range,1,scoreboard_players_corrected
Arabian League/2026 Season/Spring Split_Last Stand_2_2,2026-05-01 19:37:00,26.09,Arabian League 2026 Spring,GnG Amazigh,3BL Esports,3BL Esports,"['Rell', 'Akali', 'Pantheon', 'Neeko', 'Varus']","['Nocturne', 'Orianna', 'Karma', 'Ezreal', 'Sivir']","[""K'Sante"", 'Naafiri', 'Ryze', 'Xayah', 'Rakan']","['Gnar', 'Wukong', 'Syndra', 'Corki', 'Nami']",[],[],0,leaguepedia_cargo_patch_range,1,scoreboard_players_corrected
Arabian League/2026 Season/Spring Split_Last Stand_2_3,2026-05-01 20:29:00,26.09,Arabian League 2026 Spring,3BL Esports,GnG Amazigh,3BL Esports,"['Nocturne', 'Orianna', 'Ezreal', 'Qiyana', ""Kha'Zix""]","['Pantheon', 'Rell', 'Akali', 'LeBlanc', 'Sylas']","['Galio', 'Lee Sin', 'Lissandra', 'Sivir', 'Karma']","['Rumble', 'Vi', 'Ahri', 'Jhin', 'Alistar']",[],[],1,leaguepedia_cargo_patch_range,0,scoreboard_players_corrected
LCP/2026 Season/Split 2_Week 5_1_1,2026-05-02 09:19:00,26.09,LCP 2026 Split 2,Ground Zero Gaming,MVK Esports,MVK Esports,"['Rumble', 'Bard', 'Pantheon', 'Mel', 'Pyke']","['Karma', 'Nocturne', 'Ezreal', 'Renekton', 'Annie']","['Ambessa', 'Xin Zhao', 'Ryze', 'Lucian', 'Milio']","['Yorick', 'Jarvan IV', 'Cassiopeia', 'Ashe', 'Seraphine']",[],[],0,leaguepedia_cargo_patch_range,1,scoreboard_players_corrected
LCP/2026 Season/Split 2_Week 5_1_2,2026-05-02 10:09:00,26.09,LCP 2026 Split 2,Ground Zero Gaming,MVK Esports,MVK Esports,"['Bard', 'Gnar', ""K'Sante"", 'Shyvana', 'Lee Sin']","['Karma', 'Nocturne', 'Pantheon', 'Sivir', 'Ezreal']","['Sion', 'Vi', 'Orianna', 'Varus', 'Nautilus']","['Rumble', 'Naafiri', 'Hwei', 'Jhin', 'Pyke']",[],[],0,leaguepedia_cargo_patch_range,1,scoreboard_players_corrected
LCP/2026 Season/Split 2_Week 5_2_1,2026-05-02 11:17:00,26.09,LCP 2026 Split 2,Deep Cross Gaming,GAM Esports,Deep Cross Gaming,"['Nautilus', 'Nocturne', 'Sion', 'Bard', 'Pyke']","['Rumble', 'Orianna', 'Jayce', 'Lee Sin', 'Pantheon']","['Vayne', 'Jarvan IV', 'Anivia', 'Ezreal', 'Alistar']","['Gnar', 'Naafiri', 'Ryze', 'Sivir', 'Karma']",[],[],1,leaguepedia_cargo_patch_range,0,scoreboard_players_corrected
LCP/2026 Season/Split 2_Week 5_2_2,2026-05-02 12:11:00,26.09,LCP 2026 Split 2,Deep Cross Gaming,GAM Esports,GAM Esports,"['Nautilus', 'Varus', 'Lee Sin', 'Lucian', 'Ashe']","['Rumble', 'Orianna', 'Nocturne', 'Caitlyn', 'Taliyah']","['Jayce', 'Xin Zhao', 'Twisted Fate', 'Jhin', 'Blitzcrank']","['Yorick', 'Pantheon', 'Aurora', 'Corki', 'Bard']",[],[],0,leaguepedia_cargo_patch_range,1,scoreboard_players_corrected
LCP/2026 Season/Split 2_Week 5_2_3,2026-05-02 13:03:00,26.09,LCP 2026 Split 2,Deep Cross Gaming,GAM Esports,GAM Esports,"['Akali', 'Lucian', 'Varus', 'Caitlyn', 'Pyke']","['Nocturne', 'Orianna', 'Rumble', 'Nautilus', 'Ashe']","['Renekton', 'Wukong', 'Annie', 'Xayah', 'Lulu']","['Gwen', 'Lee Sin', 'Galio', 'Yunara', 'Milio']",[],[],0,leaguepedia_cargo_patch_range,1,scoreboard_players_corrected
LEC/2026 Season/Spring Season_Week 6_1_1,2026-05-02 15:08:00,26.09,LEC 2026 Spring,Team Heretics,Fnatic,Fnatic,"['Nautilus', 'Varus', 'Karma', 'Vayne', ""K'Sante""]","['Vi', 'Orianna', 'Ryze', 'LeBlanc', 'Ahri']","['Ambessa', 'Nocturne', 'Aurora', 'Caitlyn', 'Bard']","['Rumble', 'Jarvan IV', 'Azir', 'Ezreal', 'Seraphine']",[],[],0,leaguepedia_cargo_patch_range,1,scoreboard_players_corrected
LEC/2026 Season/Spring Season_Week 6_1_2,2026-05-02 15:57:00,26.09,LEC 2026 Spring,Fnatic,Team Heretics,Fnatic,"['Nautilus', 'Varus', 'Ryze', 'Vayne', 'Jayce']","['Vi', 'Orianna', 'Karma', 'Akali', 'Sion']","['Gnar', 'Zaahen', 'Viktor', 'Yunara', 'Lulu']","['Irelia', 'Xin Zhao', 'Mel', 'Lucian', 'Nami']",[],[],1,leaguepedia_cargo_patch_range,0,scoreboard_players_corrected
CBLOL/2026 Season/Split 1_Week 6_1_1,2026-05-02 16:10:00,26.09,CBLOL 2026 Split 1,paiN Gaming,Leviatan,paiN Gaming,"['Karma', 'Varus', 'Ambessa', 'Aurora', 'Ezreal']","['Orianna', 'Caitlyn', 'Jarvan IV', 'Nautilus', 'Bard']","['Rumble', 'Vi', 'Ahri', 'Lucian', 'Milio']","[""K'Sante"", 'Nocturne', 'Lissandra', ""Kai'Sa"", 'Neeko']",[],[],1,leaguepedia_cargo_patch_range,0,scoreboard_players_corrected
CBLOL/2026 Season/Split 1_Week 6_1_2,2026-05-02 16:56:00,26.09,CBLOL 2026 Split 1,paiN Gaming,Leviatan,paiN Gaming,"['Karma', 'Varus', 'Bard', 'Ryze', 'Gwen']","['Caitlyn', 'Jarvan IV', 'Orianna', 'Gnar', 'Viktor']","['Sion', 'Pantheon', 'Aurora', 'Corki', 'Nami']","['Renekton', 'Skarner', 'Zoe', 'Ezreal', 'Nautilus']",[],[],1,leaguepedia_cargo_patch_range,0,scoreboard_players_corrected
LEC/2026 Season/Spring Season_Week 6_2_1,2026-05-02 16:58:00,26.09,LEC 2026 Spring,SK Gaming,Team Vitality,Team Vitality,"['Varus', 'Nautilus', 'Ezreal', 'Vayne', 'Braum']","['Rumble', 'Orianna', 'Akali', 'Yone', 'Taliyah']","['Shyvana', 'Pantheon', 'Ekko', 'Jhin', 'Rell']","['Jayce', 'Jarvan IV', 'Azir', 'Caitlyn', 'Bard']",[],[],0,leaguepedia_cargo_patch_range,1,scoreboard_players_corrected
LEC/2026 Season/Spring Season_Week 6_2_2,2026-05-02 17:50:00,26.09,LEC 2026 Spring,SK Gaming,Team Vitality,SK Gaming,"['Nautilus', 'Varus', 'Akali', 'Rumble', 'Ryze']","['Nocturne', 'Ashe', 'Orianna', 'Renekton', 'Sion']","['Anivia', 'Vi', 'Yasuo', ""Kai'Sa"", 'Rakan']","['Gnar', 'Xin Zhao', 'Ahri', 'Ezreal', 'Nami']",[],[],1,leaguepedia_cargo_patch_range,0,scoreboard_players_corrected
CBLOL/2026 Season/Split 1_Week 6_2_1,2026-05-02 18:00:00,26.09,CBLOL 2026 Split 1,RED Canids,FURIA,RED Canids,"['Jarvan IV', 'Bard', 'Nocturne', 'Nautilus', 'Neeko']","['Seraphine', 'Lucian', 'Pantheon', 'Ezreal', 'Karma']","['Rumble', 'Trundle', 'Anivia', 'Varus', 'Alistar']","[""K'Sante"", 'Xin Zhao', 'Annie', 'Zeri', 'Yuumi']",[],[],1,leaguepedia_cargo_patch_range,0,scoreboard_players_corrected
Arabian League 2nd Division/2026 Season/Spring Split_Week 4_4_1,2026-05-02 18:11:00,26.09,Arabian League 2nd Division 2026 Spring,Pyramid IV Esports,Lunaris Esports (MENA Team),Pyramid IV Esports,"['Karma', 'Rumble', 'Zoe', 'Fiora', 'Gnar']","['Neeko', 'Orianna', 'Jarvan IV', 'Braum', 'LeBlanc']","['Olaf', 'Ambessa', 'Hwei', ""Kai'Sa"", 'Rell']","['Jax', 'Wukong', 'Ahri', 'Ezreal', 'Nautilus']",[],[],1,leaguepedia_cargo_patch_range,0,scoreboard_players_corrected
Arabian League 2nd Division/2026 Season/Spring Split_Week 4_5_1,2026-05-02 18:13:00,26.09,Arabian League 2nd Division 2026 Spring,Victorious Demons,NextGeneration Esports,Victorious Demons,"['Vi', 'Nautilus', 'Irelia', 'Bard', 'Alistar']","['Orianna', 'Karma', 'Ambessa', 'Gnar', 'Ezreal']","['Ornn', 'Jarvan IV', 'Ryze', 'Corki', 'Neeko']","[""K'Sante"", 'Wukong', 'Syndra', 'Caitlyn', 'Nami']",[],[],1,leaguepedia_cargo_patch_range,0,scoreboard_players_corrected
Arabian League 2nd Division/2026 Season/Spring Split_Week 4_3_1,2026-05-02 18:19:00,26.09,Arabian League 2nd Division 2026 Spring,JSK Academy,Team Depressed,JSK Academy,"[""Rek'Sai"", 'Aphelios', 'Corki', 'Shen', 'Sylas']","['Aatrox', 'Ashe', 'Karma', 'Orianna', 'LeBlanc']","['Gwen', 'Wukong', 'Galio', 'Caitlyn', 'Neeko']","['Akali', 'Xin Zhao', 'Taliyah', 'Ezreal', 'Bard']",[],[],1,leaguepedia_cargo_patch_range,0,scoreboard_players_corrected
LEC/2026 Season/Spring Season_Week 6_2_3,2026-05-02 18:34:00,26.09,LEC 2026 Spring,Team Vitality,SK Gaming,Team Vitality,"['Varus', 'Nautilus', 'Nocturne', 'Sion', 'Renekton']","['Orianna', 'Ashe', 'Rumble', 'Sejuani', 'Akali']","['Aatrox', 'Wukong', 'Syndra', 'Lucian', 'Milio']","['Ryze', 'Zaahen', 'Irelia', ""Kog'Maw"", 'Lulu']",[],[],1,leaguepedia_cargo_patch_range,0,scoreboard_players_corrected
Arabian League 2nd Division/2026 Season/Spring Split_Week 4_4_2,2026-05-02 18:57:00,26.09,Arabian League 2nd Division 2026 Spring,Lunaris Esports (MENA Team),Pyramid IV Esports,Pyramid IV Esports,"['Pantheon', 'Ashe', 'Neeko', 'Nami', 'Aphelios']","['Jarvan IV', 'Karma', 'Smolder', 'Yunara']","['Rumble', 'Vi', 'Orianna', 'Draven', 'Thresh']","[""K'Sante"", 'Xin Zhao', 'LeBlanc', 'Tristana', 'Braum']",[],[],0,leaguepedia_cargo_patch_range,1,scoreboard_players_corrected
CBLOL/2026 Season/Split 1_Week 6_2_2,2026-05-02 19:02:00,26.09,CBLOL 2026 Split 1,RED Canids,FURIA,FURIA,"['Seraphine', 'Ezreal', 'Karma', 'Skarner', 'Sion']","['Bard', 'Jarvan IV', 'Nautilus', 'LeBlanc', 'Akali']","['Renekton', 'Nocturne', 'Ryze', 'Lucian', 'Nami']","['Gnar', 'Pantheon', 'Orianna', 'Caitlyn', 'Milio']",[],[],0,leaguepedia_cargo_patch_range,1,scoreboard_players_corrected
Arabian League 2nd Division/2026 Season/Spring Split_Week 4_3_2,2026-05-02 19:20:00,26.09,Arabian League 2nd Division 2026 Spring,JSK Academy,Team Depressed,JSK Academy,"[""Rek'Sai"", 'Aphelios', 'Corki', 'Shen', 'Anivia']","['Ashe', 'Aatrox', 'Karma', 'LeBlanc', 'Ahri']","['Sion', 'Jarvan IV', 'Zoe', 'Tristana', 'Lulu']","['Ambessa', 'Pantheon', 'Orianna', 'Yunara', 'Braum']",[],[],1,leaguepedia_cargo_patch_range,0,scoreboard_players_corrected
Arabian League 2nd Division/2026 Season/Spring Split_Week 4_5_2,2026-05-02 19:23:00,26.09,Arabian League 2nd Division 2026 Spring,Victorious Demons,NextGeneration Esports,NextGeneration Esports,"['Vi', 'Irelia', 'Nautilus', 'Sion', 'Ahri']","['Orianna', 'Karma', 'Ambessa', 'LeBlanc', 'Sylas']","['Rumble', 'Pantheon', 'Taliyah', 'Ezreal', 'Bard']","['Kennen', 'Xin Zhao', 'Akali', 'Ashe', 'Seraphine']",[],[],0,leaguepedia_cargo_patch_range,1,scoreboard_players_corrected
CBLOL/2026 Season/Split 1_Week 6_2_3,2026-05-02 20:01:00,26.09,CBLOL 2026 Split 1,FURIA,RED Canids,FURIA,"['Seraphine', 'Ezreal', 'Karma', 'Viktor', 'Yorick']","['Bard', 'Jarvan IV', 'Nautilus', 'LeBlanc', 'Syndra']","['Sion', 'Zaahen', 'Twisted Fate', 'Yunara', 'Lulu']","['Aatrox', 'Jayce', 'Aurora', 'Jhin', 'Neeko']",[],[],1,leaguepedia_cargo_patch_range,0,scoreboard_players_corrected
LCS/2026 Season/Spring Season_Week 5_1_1,2026-05-02 20:10:00,26.09,LCS 2026 Spring,Dignitas,Cloud9,Cloud9,"['Varus', 'Anivia', 'Karma', 'Aurora', 'Azir']","['Orianna', 'Pantheon', 'Bard', 'Xin Zhao', 'Nocturne']","['Rumble', 'Jarvan IV', 'Hwei', 'Ashe', 'Lulu']","['Ornn', 'Wukong', 'Annie', 'Ezreal', 'Seraphine']",[],[],0,leaguepedia_cargo_patch_range,1,scoreboard_players_corrected
Arabian League 2nd Division/2026 Season/Spring Split_Week 4_5_3,2026-05-02 20:32:00,26.09,Arabian League 2nd Division 2026 Spring,NextGeneration Esports,Victorious Demons,NextGeneration Esports,"['Ambessa', 'Qiyana', 'Aatrox', 'Dr. Mundo', 'Milio']","['Vi', 'Karma', 'Orianna', 'Nautilus', 'Lulu']","['Gragas', 'Sejuani', 'Irelia', 'Varus', 'Thresh']","['Vayne', 'Jax', 'LeBlanc', 'Yunara', 'Alistar']",[],[],1,leaguepedia_cargo_patch_range,0,scoreboard_players_corrected
LCS/2026 Season/Spring Season_Week 5_1_2,2026-05-02 21:02:00,26.09,LCS 2026 Spring,Cloud9,Dignitas,Dignitas,"['Azir', 'Nautilus', 'LeBlanc', 'Pantheon', 'Naafiri']","['Orianna', 'Karma', 'Ziggs', 'Rakan', 'Ambessa']","['Varus', 'Nocturne', 'Galio', 'Caitlyn', 'Neeko']","['Jax', 'Xin Zhao', 'Taliyah', 'Lucian', 'Nami']",[],[],0,leaguepedia_cargo_patch_range,1,scoreboard_players_corrected
LCS/2026 Season/Spring Season_Week 5_1_3,2026-05-02 21:55:00,26.09,LCS 2026 Spring,Dignitas,Cloud9,Cloud9,"['Bard', 'Ziggs', 'Ambessa', 'Renekton', 'Gwen']","['Orianna', 'Karma', 'Pantheon', 'Anivia', 'Syndra']","['Sion', 'Vi', 'Viktor', 'Xayah', 'Rakan']","['Gnar', 'Sejuani', 'Cassiopeia', 'Corki', 'Alistar']",[],[],0,leaguepedia_cargo_patch_range,1,scoreboard_players_corrected
LCS/2026 Season/Spring Season_Week 5_2_1,2026-05-02 22:48:00,26.09,LCS 2026 Spring,Disguised,Team Liquid,Team Liquid,"['Nocturne', 'Varus', 'Orianna', 'Mel', 'Nautilus']","['Karma', 'Jarvan IV', 'Bard', 'Anivia', 'Xin Zhao']","['Rumble', 'Pantheon', 'Ryze', 'Ezreal', 'Nami']","['Ornn', 'Sejuani', 'Yone', 'Ashe', 'Seraphine']",[],[],0,leaguepedia_cargo_patch_range,1,scoreboard_players_corrected
LCS/2026 Season/Spring Season_Week 5_2_2,2026-05-02 23:35:00,26.09,LCS 2026 Spring,Team Liquid,Disguised,Team Liquid,"['Varus', 'Nocturne', 'Akali', 'Lucian', 'Caitlyn']","['Karma', 'Jarvan IV', 'Orianna', 'Yorick', 'Sion']","['Gragas', 'Lee Sin', 'Annie', 'Xayah', 'Rakan']","['Jayce', 'Vi', 'Taliyah', ""Kai'Sa"", 'Alistar']",[],[],1,leaguepedia_cargo_patch_range,0,scoreboard_players_corrected
LPL/2026 Season/Split 2_Week 5_12_1,2026-05-03 09:12:00,26.09,LPL 2026 Split 2,LNG Esports,ThunderTalk Gaming,LNG Esports,"['Rumble', 'Xin Zhao', 'Varus', 'Jhin', 'Sivir']","['Orianna', 'Ambessa', 'Seraphine', 'Azir', 'Ryze']","['Yorick', 'Lee Sin', 'Annie', 'Yunara', 'Karma']","['Jayce', 'Jarvan IV', 'Aurora', 'Ezreal', 'Bard']",[],[],1,leaguepedia_cargo_patch_range,0,scoreboard_players_corrected
LCP/2026 Season/Split 2_Week 5_3_1,2026-05-03 09:22:00,26.09,LCP 2026 Split 2,Fukuoka SoftBank HAWKS gaming,DetonatioN FocusMe,Fukuoka SoftBank HAWKS gaming,"['Rumble', 'Karma', 'Lee Sin', 'Nautilus', 'Lucian']","['Orianna', 'Nocturne', 'Pantheon', 'Ashe', 'Caitlyn']","['Zaahen', 'Xin Zhao', 'Ryze', 'Yunara', 'Pyke']","['Renekton', 'Jarvan IV', 'Anivia', 'Varus', 'Bard']",[],[],1,leaguepedia_cargo_patch_range,0,scoreboard_players_corrected
LPL/2026 Season/Split 2_Week 5_12_2,2026-05-03 10:03:00,26.09,LPL 2026 Split 2,LNG Esports,ThunderTalk Gaming,ThunderTalk Gaming,"['Rumble', 'Nocturne', 'Lucian', 'Nautilus', 'Twisted Fate']","['Orianna', 'Ambessa', 'Vi', 'Vayne', 'Jax']","['Gnar', 'Xin Zhao', 'Ahri', 'Varus', 'Rakan']","['Nidalee', 'Pantheon', 'Taliyah', 'Ashe', 'Seraphine']",[],[],0,leaguepedia_cargo_patch_range,1,scoreboard_players_corrected
LCP/2026 Season/Split 2_Week 5_3_2,2026-05-03 10:14:00,26.09,LCP 2026 Split 2,DetonatioN FocusMe,Fukuoka SoftBank HAWKS gaming,DetonatioN FocusMe,"['Karma', 'Lee Sin', ""K'Sante"", 'Nautilus', 'Ashe']","['Orianna', 'Nocturne', 'Pantheon', 'Yone', 'Annie']","['Rumble', 'Skarner', 'Viktor', 'Lucian', 'Milio']","['Yorick', 'Vi', 'Aurora', 'Xayah', 'Rakan']",[],[],1,leaguepedia_cargo_patch_range,0,scoreboard_players_corrected
LPL/2026 Season/Split 2_Week 5_12_3,2026-05-03 10:59:00,26.09,LPL 2026 Split 2,ThunderTalk Gaming,LNG Esports,LNG Esports,"['Ambessa', 'Vi', 'Naafiri', 'Skarner', 'Azir']","['Orianna', 'Nocturne', 'Lucian', 'Trundle', 'Akali']","[""K'Sante"", 'Maokai', 'Ryze', 'Corki', 'Nami']","['Rumble', 'Sejuani', 'Yone', 'Aphelios', 'Lulu']",[],[],0,leaguepedia_cargo_patch_range,1,scoreboard_players_corrected
LCP/2026 Season/Split 2_Week 5_3_3,2026-05-03 11:17:00,26.09,LCP 2026 Split 2,DetonatioN FocusMe,Fukuoka SoftBank HAWKS gaming,Fukuoka SoftBank HAWKS gaming,"['Orianna', 'Nocturne', 'Caitlyn', 'Nautilus', 'Rell']","['Lee Sin', 'Karma', 'Pantheon', 'Galio', 'Akali']","['Vayne', 'Wukong', 'Annie', 'Mel', 'Shen']","[""K'Sante"", 'Naafiri', 'Taliyah', 'Ashe', 'Seraphine']",[],[],0,leaguepedia_cargo_patch_range,1,scoreboard_players_corrected
LPL/2026 Season/Split 2_Week 5_13_1,2026-05-03 12:00:00,26.09,LPL 2026 Split 2,Ninjas in Pyjamas.CN,Bilibili Gaming,Bilibili Gaming,"['Varus', 'Lucian', 'Rumble', 'Vi', 'Vayne']","['Orianna', 'Ezreal', 'Ashe', 'Aurora', 'Akali']","['Jayce', 'Nocturne', 'Annie', 'Yunara', 'Lulu']","['Gnar', 'Jarvan IV', 'Ryze', 'Corki', 'Nami']",[],[],0,leaguepedia_cargo_patch_range,1,scoreboard_players_corrected
LCP/2026 Season/Split 2_Week 5_4_1,2026-05-03 12:29:00,26.09,LCP 2026 Split 2,CTBC Flying Oyster,Team Secret Whales,CTBC Flying Oyster,"['Ashe', 'Pantheon', 'Lucian', 'Naafiri', 'Vi']","['Nocturne', 'Jarvan IV', 'Bard', ""K'Sante"", 'Orianna']","['Rumble', 'Trundle', 'Cassiopeia', 'Ezreal', 'Nautilus']","['Varus', 'Xin Zhao', 'Ryze', 'Sivir', 'Karma']",[],[],1,leaguepedia_cargo_patch_range,0,scoreboard_players_corrected
LPL/2026 Season/Split 2_Week 5_13_2,2026-05-03 13:04:00,26.09,LPL 2026 Split 2,Bilibili Gaming,Ninjas in Pyjamas.CN,Ninjas in Pyjamas.CN,"['Ezreal', 'Ambessa', 'Ashe', 'Aurora', 'Lissandra']","['Orianna', 'Varus', 'Lucian', 'Nautilus', 'Karma']","['Rumble', 'Sejuani', 'Yone', 'Caitlyn', 'Bard']","['Anivia', 'Vi', 'Ahri', 'Jhin', 'Seraphine']",[],[],0,leaguepedia_cargo_patch_range,1,scoreboard_players_corrected
LCP/2026 Season/Split 2_Week 5_4_2,2026-05-03 13:24:00,26.09,LCP 2026 Split 2,CTBC Flying Oyster,Team Secret Whales,Team Secret Whales,"['Nocturne', 'Bard', 'Jarvan IV', 'Vi', 'Wukong']","['Ashe', 'Orianna', 'Pantheon', 'Naafiri', 'Lee Sin']","['Jayce', 'Sejuani', 'Annie', 'Corki', 'Nami']","['Olaf', 'Skarner', 'Hwei', 'Lucian', 'Milio']",[],[],0,leaguepedia_cargo_patch_range,1,scoreboard_players_corrected
LPL/2026 Season/Split 2_Week 5_13_3,2026-05-03 14:00:00,26.09,LPL 2026 Split 2,Ninjas in Pyjamas.CN,Bilibili Gaming,Bilibili Gaming,"['Twisted Fate', 'Lucian', 'Renekton', 'Naafiri', 'Malzahar']","['Orianna', 'Ezreal', 'Ambessa', 'Renata Glasc', 'Rakan']","['Aurora', 'Pantheon', 'Sylas', 'Miss Fortune', 'Gragas']","['Sion', 'Xin Zhao', 'LeBlanc', 'Varus', 'Alistar']",[],[],0,leaguepedia_cargo_patch_range,1,scoreboard_players_corrected
LCP/2026 Season/Split 2_Week 5_4_3,2026-05-03 14:23:00,26.09,LCP 2026 Split 2,Team Secret Whales,CTBC Flying Oyster,Team Secret Whales,"['Bard', 'Jarvan IV', 'Pantheon', 'Xayah', 'Kalista']","['Ashe', 'Orianna', 'Nocturne', 'Ahri', 'Viktor']","['Gnar', 'Naafiri', 'Aurora', 'Caitlyn', 'Lux']","['Yorick', 'Vi', 'Taliyah', 'Yunara', 'Lulu']",[],[],1,leaguepedia_cargo_patch_range,0,scoreboard_players_corrected
LEC/2026 Season/Spring Season_Week 6_3_1,2026-05-03 15:08:00,26.09,LEC 2026 Spring,Team Heretics,Shifters,Shifters,"['Nautilus', 'Jarvan IV', 'Varus', 'Ziggs', 'Bard']","['Orianna', 'Karma', 'Ryze', 'Xin Zhao', 'Wukong']","['Jayce', 'Nocturne', 'Aurora', 'Zeri', 'Yuumi']","['Rumble', 'Pantheon', 'Anivia', 'Ashe', 'Seraphine']",[],[],0,leaguepedia_cargo_patch_range,1,scoreboard_players_corrected
CBLOL/2026 Season/Split 1_Week 6_3_1,2026-05-03 16:10:00,26.09,CBLOL 2026 Split 1,Fluxo W7M,LØS,LØS,"['Orianna', 'Nocturne', 'Caitlyn', 'Vayne', 'Ezreal']","['Karma', 'Rumble', 'Jarvan IV', 'Sylas', 'Jayce']","[""K'Sante"", 'Pantheon', 'Cassiopeia', 'Sivir', 'Bard']","['Gnar', 'Trundle', 'Ryze', 'Varus', 'Alistar']",[],[],0,leaguepedia_cargo_patch_range,1,scoreboard_players_corrected
LEC/2026 Season/Spring Season_Week 6_3_2,2026-05-03 16:12:00,26.09,LEC 2026 Spring,Team Heretics,Shifters,Shifters,"['Nautilus', 'Milio', 'Karma', 'Vayne', 'Renekton']","['Orianna', 'Ryze', 'Jarvan IV', 'LeBlanc', 'Vi']","['Ambessa', 'Skarner', 'Annie', 'Varus', 'Neeko']","['Gnar', 'Wukong', 'Ahri', 'Ezreal', 'Bard']",[],[],0,leaguepedia_cargo_patch_range,1,scoreboard_players_corrected
CBLOL/2026 Season/Split 1_Week 6_3_2,2026-05-03 16:54:00,26.09,CBLOL 2026 Split 1,LØS,Fluxo W7M,Fluxo W7M,"['Orianna', 'Caitlyn', 'Nocturne', 'Vayne', 'Jayce']","['Karma', 'Rumble', 'Jarvan IV', 'Akali', 'LeBlanc']","['Kennen', 'Xin Zhao', 'Ahri', 'Ezreal', 'Nautilus']","['Renekton', 'Vi', 'Zoe', 'Lucian', 'Milio']",[],[],0,leaguepedia_cargo_patch_range,1,scoreboard_players_corrected
LEC/2026 Season/Spring Season_Week 6_4_1,2026-05-03 17:08:00,26.09,LEC 2026 Spring,Natus Vincere,G2 Esports,G2 Esports,"['Nautilus', 'Jarvan IV', 'Varus', 'Gnar', 'Jayce']","['Orianna', 'Seraphine', 'Bard', 'Anivia', 'Renekton']","['Rumble', 'Xin Zhao', 'Ryze', 'Caitlyn', 'Karma']","['Ornn', 'Pantheon', 'Annie', 'Ezreal', 'Nami']",[],[],0,leaguepedia_cargo_patch_range,1,scoreboard_players_corrected
CBLOL/2026 Season/Split 1_Week 6_3_3,2026-05-03 17:44:00,26.09,CBLOL 2026 Split 1,LØS,Fluxo W7M,LØS,"['Orianna', 'Caitlyn', 'Jayce', 'Aurora', 'Vayne']","['Karma', 'Rumble', 'Seraphine', 'Akali', 'Twisted Fate']","['Camille', 'Nocturne', 'Viktor', 'Corki', 'Nami']","['Ambessa', 'Aatrox', 'Azir', 'Yunara', 'Lulu']",[],[],1,leaguepedia_cargo_patch_range,0,scoreboard_players_corrected
LEC/2026 Season/Spring Season_Week 6_4_2,2026-05-03 17:58:00,26.09,LEC 2026 Spring,G2 Esports,Natus Vincere,G2 Esports,"['Nautilus', 'Varus', 'Seraphine', 'Gwen', 'Gnar']","['Jarvan IV', 'Nocturne', 'Vi', 'Aatrox', 'Sion']","[""K'Sante"", 'Trundle', 'Orianna', 'Yunara', 'Lulu']","['Ambessa', 'Wukong', 'Viktor', 'Lucian', 'Milio']",[],[],1,leaguepedia_cargo_patch_range,0,scoreboard_players_corrected
Arabian League 2nd Division/2026 Season/Spring Split_Week 4_6_1,2026-05-03 18:23:00,26.09,Arabian League 2nd Division 2026 Spring,3BL Galaxy Academy,Pegasus Esports,Pegasus Esports,"['Zaahen', 'Pantheon', 'Yunara', 'Ryze', 'Syndra']","['Anivia', 'Ivern', 'Gwen', 'Zac', 'Akali']","['Aatrox', 'Xin Zhao', 'Orianna', 'Caitlyn', 'Karma']","['Sion', 'Jarvan IV', 'Sylas', 'Ezreal', 'Bard']",[],[],0,leaguepedia_cargo_patch_range,1,scoreboard_players_corrected
CBLOL/2026 Season/Split 1_Week 6_4_1,2026-05-03 18:39:00,26.09,CBLOL 2026 Split 1,LOUD,Vivo Keyd Stars,LOUD,"['Jarvan IV', 'Naafiri', 'Caitlyn', 'Bard', 'Seraphine']","['Varus', 'Twisted Fate', 'Akali', 'Lucian', 'Nautilus']","[""K'Sante"", 'Pantheon', 'Orianna', 'Ezreal', 'Neeko']","['Rumble', 'Nocturne', 'Ahri', 'Corki', 'Nami']",[],[],1,leaguepedia_cargo_patch_range,0,scoreboard_players_corrected
Arabian League 2nd Division/2026 Season/Spring Split_Week 4_6_2,2026-05-03 19:11:00,26.09,Arabian League 2nd Division 2026 Spring,Pegasus Esports,3BL Galaxy Academy,Pegasus Esports,"['Anivia', 'Gwen', 'Ivern', 'Akali', 'Viktor']","['Zaahen', 'Yunara', 'Pantheon', 'Ryze', 'Syndra']","[""K'Sante"", 'Lillia', 'Zed', ""Kai'Sa"", 'Nautilus']","['Camille', 'Zac', ""Cho'Gath"", 'Ashe', 'Seraphine']",[],[],1,leaguepedia_cargo_patch_range,0,scoreboard_players_corrected
CBLOL/2026 Season/Split 1_Week 6_4_2,2026-05-03 19:41:00,26.09,CBLOL 2026 Split 1,LOUD,Vivo Keyd Stars,LOUD,"['Jarvan IV', 'Ashe', 'Karma', 'Lee Sin', 'Naafiri']","['Varus', 'Twisted Fate', 'Nautilus', 'Skarner', 'Gnar']","['Renekton', 'Qiyana', 'Ryze', 'Jhin', 'Bard']","['Ornn', 'Aatrox', 'Akali', 'Caitlyn', 'Milio']",[],[],1,leaguepedia_cargo_patch_range,0,scoreboard_players_corrected
LCS/2026 Season/Spring Season_Week 5_3_1,2026-05-03 20:08:00,26.09,LCS 2026 Spring,LYON (2024 American Team),Sentinels,LYON (2024 American Team),"['Anivia', 'Bard', 'Pantheon', 'Jhin', 'Seraphine']","['Nocturne', 'Orianna', 'Ezreal', 'Neeko', 'Karma']","[""K'Sante"", 'Xin Zhao', 'Ryze', 'Varus', 'Nautilus']","['Rumble', 'Jarvan IV', 'Yone', 'Lucian', 'Braum']",[],[],1,leaguepedia_cargo_patch_range,0,scoreboard_players_corrected
LCS/2026 Season/Spring Season_Week 5_3_2,2026-05-03 21:04:00,26.09,LCS 2026 Spring,LYON (2024 American Team),Sentinels,LYON (2024 American Team),"['Nocturne', 'Azir', 'Ezreal', 'Jhin', 'Miss Fortune']","['Skarner', 'Caitlyn', 'Anivia', 'Poppy', 'Lee Sin']","['Gnar', 'Pantheon', 'Akali', 'Sivir', 'Bard']","['Renekton', 'Dr. Mundo', 'Orianna', 'Corki', 'Nami']",[],[],1,leaguepedia_cargo_patch_range,0,scoreboard_players_corrected
LCS/2026 Season/Spring Season_Week 5_4_1,2026-05-03 22:08:00,26.09,LCS 2026 Spring,Shopify Rebellion,FlyQuest,FlyQuest,"['Varus', 'Jarvan IV', 'Nautilus', 'Rumble', 'Aurora']","['Orianna', 'Karma', 'Seraphine', 'Ryze', 'Taliyah']","['Gragas', 'Nocturne', 'Annie', 'Ezreal', 'Neeko']","['Anivia', 'Pantheon', 'Viktor', 'Jhin', 'Bard']",[],[],0,leaguepedia_cargo_patch_range,1,scoreboard_players_corrected
LCS/2026 Season/Spring Season_Week 5_4_2,2026-05-03 22:55:00,26.09,LCS 2026 Spring,Shopify Rebellion,FlyQuest,Shopify Rebellion,"['Jarvan IV', 'Lucian', 'Nautilus', 'Naafiri', 'Sylas']","['Orianna', 'Varus', 'Karma', 'Ryze', 'Xin Zhao']","[""K'Sante"", 'Vi', 'Aurora', 'Corki', 'Nami']","['Rumble', 'Shen', 'Ahri', 'Ashe', 'Seraphine']",[],[],1,leaguepedia_cargo_patch_range,0,scoreboard_players_corrected
LCS/2026 Season/Spring Season_Week 5_4_3,2026-05-03 23:45:00,26.09,LCS 2026 Spring,Shopify Rebellion,FlyQuest,FlyQuest,"['Lucian', 'Naafiri', 'Sivir', 'Morgana', 'Elise']","['Orianna', 'Karma', 'Varus', 'Cassiopeia', 'Ryze']","['Sion', 'Xin Zhao', 'Akali', 'Caitlyn', 'Alistar']","['Jayce', 'Jarvan IV', 'Hwei', 'Smolder', 'Nautilus']",[],[],0,leaguepedia_cargo_patch_range,1,scoreboard_players_corrected
LCK CL/2026 Season/Rounds 1-2_Week 6_1_1,2026-05-04 05:10:00,26.09,LCK CL 2026 Rounds 1-2,DN SOOPers Challengers,Dplus Kia Challengers,DN SOOPers Challengers,"['Ashe', 'Varus', 'Jarvan IV', 'Azir', 'Yorick']","['Rumble', 'Karma', 'Pantheon', 'Xin Zhao', 'Vi']","['Gwen', 'Nocturne', 'Aurelion Sol', 'Ezreal', 'Neeko']","['Sion', 'Lee Sin', 'Orianna', 'Yunara', 'Lulu']",[],[],1,leaguepedia_cargo_patch_range,0,scoreboard_players_corrected
LCK CL/2026 Season/Rounds 1-2_Week 6_1_2,2026-05-04 05:54:00,26.09,LCK CL 2026 Rounds 1-2,DN SOOPers Challengers,Dplus Kia Challengers,DN SOOPers Challengers,"['Ashe', 'Varus', 'Lucian', 'Nautilus', 'Nami']","['Karma', 'Rumble', 'Azir', 'Anivia', 'Twisted Fate']","['Jayce', 'Jarvan IV', 'Ryze', 'Jhin', 'Leona']","['Yorick', 'Pantheon', 'Annie', 'Caitlyn', 'Bard']",[],[],1,leaguepedia_cargo_patch_range,0,scoreboard_players_corrected
LCK CL/2026 Season/Rounds 1-2_Week 6_2_1,2026-05-04 07:07:00,26.09,LCK CL 2026 Rounds 1-2,KT Rolster Challengers,Kiwoom DRX Challengers,Kiwoom DRX Challengers,"['Varus', 'Karma', 'Nocturne', 'Ryze', 'Aurora']","['Rumble', 'Orianna', 'Jarvan IV', 'Ahri', 'Akali']","['Jayce', 'Vi', 'Anivia', 'Yunara', 'Lulu']","['Yorick', 'Pantheon', 'Annie', 'Ezreal', 'Neeko']",[],[],0,leaguepedia_cargo_patch_range,1,scoreboard_players_corrected
Esports World Cup 2026/Online Qualifiers/Korea_Play-In_1_1,2026-05-04 07:16:00,26.09,Esports World Cup 2026 Online Qualifier: Korea,Kiwoom DRX,DN SOOPers,Kiwoom DRX,"['Varus', 'Nautilus', 'Ryze', 'Lee Sin', 'Jayce']","['Orianna', 'Karma', 'Rumble', 'Ezreal', 'Jhin']","['Renekton', 'Xin Zhao', 'Annie', 'Lucian', 'Milio']","['Gnar', 'Pantheon', 'Akali', 'Miss Fortune', 'Bard']",[],[],1,leaguepedia_cargo_patch_range,0,scoreboard_players_corrected
LCK CL/2026 Season/Rounds 1-2_Week 6_2_2,2026-05-04 08:03:00,26.09,LCK CL 2026 Rounds 1-2,Kiwoom DRX Challengers,KT Rolster Challengers,Kiwoom DRX Challengers,"['Varus', 'Karma', 'Orianna', 'Azir', 'Xin Zhao']","['Rumble', 'Jarvan IV', 'Nocturne', 'Vayne', 'Lee Sin']","['Twisted Fate', 'Dr. Mundo', 'Ryze', 'Lucian', 'Milio']","['Gnar', 'Maokai', 'Corki', 'Ashe', 'Seraphine']",[],[],1,leaguepedia_cargo_patch_range,0,scoreboard_players_corrected
LJL/2026 Season/Spring Series_Week 2_1_1,2026-05-04 08:13:00,26.09,LJL 2026 Spring Series,Arneb,Rising Gaming,Arneb,"['Rumble', 'Neeko', 'Yunara', ""Kai'Sa"", 'Rell']","['Jarvan IV', 'Ambessa', 'Ezreal', 'Gnar', ""K'Sante""]","['Ornn', 'Lee Sin', 'Ryze', 'Ashe', 'Nautilus']","['Renekton', 'Nocturne', 'Orianna', 'Jhin', 'Seraphine']",[],[],1,leaguepedia_cargo_patch_range,0,scoreboard_players_corrected
Esports World Cup 2026/Online Qualifiers/Korea_Play-In_1_2,2026-05-04 08:17:00,26.09,Esports World Cup 2026 Online Qualifier: Korea,Kiwoom DRX,DN SOOPers,DN SOOPers,"['Varus', 'Rumble', 'Karma', 'Vi', 'Ambessa']","['Orianna', 'Ryze', 'Jarvan IV', 'Nocturne', 'Jayce']","['Sion', 'Wukong', 'Aurora', 'Yunara', 'Lulu']","['Gwen', 'Lee Sin', 'Ahri', 'Ezreal', 'Neeko']",[],[],0,leaguepedia_cargo_patch_range,1,scoreboard_players_corrected
Esports World Cup 2026/Online Qualifiers/Korea_Play-In_1_3,2026-05-04 09:05:00,26.09,Esports World Cup 2026 Online Qualifier: Korea,Kiwoom DRX,DN SOOPers,DN SOOPers,"['Varus', 'Ashe', 'Karma', 'Alistar', 'Yorick']","['Orianna', 'Rumble', 'Ryze', 'LeBlanc', 'Lissandra']","['Jayce', 'Jarvan IV', 'Cassiopeia', 'Sivir', 'Nautilus']","[""K'Sante"", 'Vi', 'Yone', 'Ziggs', 'Rell']",[],[],0,leaguepedia_cargo_patch_range,1,scoreboard_players_corrected
LJL/2026 Season/Spring Series_Week 2_1_2,2026-05-04 09:05:00,26.09,LJL 2026 Spring Series,Rising Gaming,Arneb,Rising Gaming,"['Vi', 'Aurora', 'Karma', 'Akali', 'Annie']","['Yunara', 'Neeko', 'Poppy', 'Braum', 'Alistar']","['Rumble', 'Pantheon', 'Viktor', 'Ezreal', 'Bard']","['Galio', 'Jarvan IV', 'Ahri', 'Sivir', 'Rell']",[],[],1,leaguepedia_cargo_patch_range,0,scoreboard_players_corrected
LCK CL/2026 Season/Rounds 1-2_Week 6_3_1,2026-05-04 09:06:00,26.09,LCK CL 2026 Rounds 1-2,Hanwha Life Esports Challengers,T1 Esports Academy,T1 Esports Academy,"['Varus', 'Karma', 'Pantheon', 'Vi', 'Ambessa']","['Rumble', 'Jayce', 'Nocturne', 'Azir', 'Akali']","['Gwen', 'Xin Zhao', 'Orianna', 'Lucian', 'Milio']","['Sion', 'Jarvan IV', 'Viktor', 'Caitlyn', 'Bard']",[],[],0,leaguepedia_cargo_patch_range,1,scoreboard_players_corrected
LJL/2026 Season/Spring Series_Week 2_1_3,2026-05-04 09:57:00,26.09,LJL 2026 Spring Series,Arneb,Rising Gaming,Rising Gaming,"['Yunara', 'Neeko', 'Syndra', 'Lux', 'Nami']","['Aurora', 'Varus', 'Vi', 'Leona', 'Rakan']","['Malphite', 'Wukong', 'Annie', 'Miss Fortune', 'Braum']","['Gnar', 'Xin Zhao', 'Zoe', 'Caitlyn', 'Milio']",[],[],0,leaguepedia_cargo_patch_range,1,scoreboard_players_corrected
LCK CL/2026 Season/Rounds 1-2_Week 6_3_2,2026-05-04 10:06:00,26.09,LCK CL 2026 Rounds 1-2,T1 Esports Academy,Hanwha Life Esports Challengers,T1 Esports Academy,"['Varus', 'Karma', 'Jayce', 'Lulu', 'Nami']","['Seraphine', 'Nocturne', 'Ezreal', 'Ryze', 'Aurora']","['Ambessa', 'Vi', 'Annie', 'Jhin', 'Alistar']","['Rumble', 'Wukong', 'Akali', ""Kai'Sa"", 'Neeko']",[],[],1,leaguepedia_cargo_patch_range,0,scoreboard_players_corrected
Esports World Cup 2026/Online Qualifiers/Korea_Round 1_1_1,2026-05-04 10:12:00,26.09,Esports World Cup 2026 Online Qualifier: Korea,BNK FEARX,KT Rolster,BNK FEARX,"['Varus', 'Bard', 'Annie', 'Ryze', 'Ahri']","['Rumble', 'Karma', 'Orianna', 'Anivia', 'Aurora']","['Renekton', 'Jarvan IV', 'Viktor', 'Ashe', 'Seraphine']","['Vayne', 'Pantheon', 'Mel', 'Lucian', 'Milio']",[],[],1,leaguepedia_cargo_patch_range,0,scoreboard_players_corrected
LJL/2026 Season/Spring Series_Week 2_2_1,2026-05-04 11:01:00,26.09,LJL 2026 Spring Series,RAYN Clocks,Uwinks,Uwinks,"['Olaf', 'Ambessa', 'Rumble', 'Naafiri', 'Hecarim']","['Jarvan IV', 'Ashe', 'Nocturne', 'Xin Zhao', 'Vi']","['Jax', 'Wukong', 'Viktor', 'Sivir', 'Karma']","['Gragas', 'Lee Sin', 'Syndra', 'Ezreal', 'Nautilus']",[],[],0,leaguepedia_cargo_patch_range,1,scoreboard_players_corrected
Esports World Cup 2026/Online Qualifiers/Korea_Round 1_1_2,2026-05-04 11:06:00,26.09,Esports World Cup 2026 Online Qualifier: Korea,BNK FEARX,KT Rolster,BNK FEARX,"['Varus', 'Bard', 'Anivia', 'Lee Sin', 'Yorick']","['Rumble', 'Orianna', 'Karma', 'Sivir', 'Lulu']","[""K'Sante"", 'Naafiri', 'Annie', 'Ezreal', 'Neeko']","['Jayce', 'Nocturne', 'Ryze', 'Jhin', 'Alistar']",[],[],1,leaguepedia_cargo_patch_range,0,scoreboard_players_corrected
LJL/2026 Season/Spring Series_Week 2_2_2,2026-05-04 12:06:00,26.09,LJL 2026 Spring Series,Uwinks,RAYN Clocks,Uwinks,"['Jarvan IV', 'Ashe', 'Orianna', 'Varus', 'Renekton']","['Olaf', 'Ambessa', 'Pantheon', 'Kennen', 'Tristana']","['Sion', 'Nocturne', 'Hwei', ""Kai'Sa"", 'Alistar']","['Gwen', 'Kindred', 'Aurora', 'Miss Fortune', 'Neeko']",[],[],1,leaguepedia_cargo_patch_range,0,scoreboard_players_corrected
Esports World Cup 2026/Online Qualifiers/Korea_Round 1_2_1,2026-05-04 12:23:00,26.09,Esports World Cup 2026 Online Qualifier: Korea,HANJIN BRION,T1,T1,"['Ezreal', 'Rumble', 'Varus', 'Akali', 'Gnar']","['Orianna', 'Azir', 'Ryze', 'Caitlyn', 'Jayce']","['Gwen', 'Xin Zhao', 'Annie', 'Jhin', 'Elise']","['Sion', 'Trundle', 'Anivia', 'Sivir', 'Bard']",[],[],0,leaguepedia_cargo_patch_range,1,scoreboard_players_corrected
Esports World Cup 2026/Online Qualifiers/Korea_Round 1_2_2,2026-05-04 13:09:00,26.09,Esports World Cup 2026 Online Qualifier: Korea,T1,HANJIN BRION,T1,"['Varus', 'Caitlyn', 'Rumble', 'Leona', 'Nautilus']","['Ezreal', 'Orianna', 'Lucian', 'Akali', 'Aurora']","['Irelia', 'Jarvan IV', 'Azir', 'Ashe', 'Camille']","['Jayce', 'Nocturne', 'Ziggs', 'Mel', 'Pyke']",[],[],1,leaguepedia_cargo_patch_range,0,scoreboard_players_corrected
LEC/2026 Season/Spring Season_Week 6_5_1,2026-05-04 15:08:00,26.09,LEC 2026 Spring,Team Vitality,Fnatic,Fnatic,"['Jarvan IV', 'Sion', 'Akali', 'Karma', 'Alistar']","['Orianna', 'Azir', 'Pantheon', 'Rakan', 'Neeko']","['Rumble', 'Vi', 'Viktor', ""Kai'Sa"", 'Rell']","['Ornn', 'Xin Zhao', 'Ryze', 'Ezreal', 'Braum']",[],[],0,leaguepedia_cargo_patch_range,1,scoreboard_players_corrected
LEC/2026 Season/Spring Season_Week 6_5_2,2026-05-04 16:03:00,26.09,LEC 2026 Spring,Fnatic,Team Vitality,Team Vitality,"['Nautilus', 'Azir', 'Ashe', 'Vayne', 'Gnar']","['Orianna', 'Sion', 'Jarvan IV', 'Akali', 'Renekton']","[""K'Sante"", 'Skarner', 'Aurora', 'Caitlyn', 'Seraphine']","['Twisted Fate', 'Pantheon', 'Syndra', 'Jhin', 'Bard']",[],[],0,leaguepedia_cargo_patch_range,1,scoreboard_players_corrected
LEC/2026 Season/Spring Season_Week 6_5_3,2026-05-04 17:01:00,26.09,LEC 2026 Spring,Team Vitality,Fnatic,Team Vitality,"['Sion', 'Nautilus', 'Nocturne', 'Jax', 'Yorick']","['Orianna', 'Jarvan IV', 'Azir', 'Jayce', 'Mel']","['Varus', 'Aatrox', 'Annie', 'Lucian', 'Milio']","['Gnar', 'Naafiri', 'Taliyah', 'Yunara', 'Lulu']",[],[],1,leaguepedia_cargo_patch_range,0,scoreboard_players_corrected
LEC/2026 Season/Spring Season_Week 6_6_1,2026-05-04 17:58:00,26.09,LEC 2026 Spring,Movistar KOI,Shifters,Shifters,"['Ashe', 'Xin Zhao', 'Varus', 'Yorick', 'Vayne']","['Orianna', 'Rumble', 'Karma', 'Caitlyn', 'Nautilus']","['Jayce', 'Jarvan IV', 'Azir', 'Kalista', 'Renata Glasc']","['Irelia', 'Pantheon', 'Taliyah', 'Lucian', 'Milio']",[],[],0,leaguepedia_cargo_patch_range,1,scoreboard_players_corrected
LEC/2026 Season/Spring Season_Week 6_6_2,2026-05-04 18:54:00,26.09,LEC 2026 Spring,Movistar KOI,Shifters,Movistar KOI,"['Nautilus', 'Rumble', 'Caitlyn', 'Akali', 'Ryze']","['Orianna', 'Varus', 'Nocturne', 'Anivia', 'Olaf']","['Shyvana', 'Xin Zhao', 'Sylas', 'Ashe', 'Seraphine']","['Gnar', 'Dr. Mundo', 'Viktor', 'Ezreal', 'Karma']",[],[],1,leaguepedia_cargo_patch_range,0,scoreboard_players_corrected
LEC/2026 Season/Spring Season_Week 6_6_3,2026-05-04 19:47:00,26.09,LEC 2026 Spring,Movistar KOI,Shifters,Movistar KOI,"['Lulu', 'Rumble', 'Nami', 'Aurora', 'Olaf']","['Orianna', 'Sion', 'Caitlyn', 'Ryze', 'Nautilus']","['Varus', 'Vi', 'Anivia', ""Kai'Sa"", 'Rakan']","['Naafiri', 'Nocturne', 'Ahri', 'Zeri', 'Bard']",[],[],1,leaguepedia_cargo_patch_range,0,scoreboard_players_corrected
Circuito Desafiante/2026 Season/Split 1 Playoffs_Round 1_1_1,2026-05-04 20:04:00,26.09,CD 2026 Split 1 Playoffs,INTZ,Estral Esports,Estral Esports,"['Orianna', 'Jarvan IV', 'Karma', 'Jax', 'Ryze']","['Nocturne', 'Rumble', 'Pantheon', 'Nami', 'Neeko']","['Yorick', 'Aatrox', 'Cassiopeia', 'Ezreal', 'Bard']","['Varus', 'Xin Zhao', 'Annie', 'Lucian', 'Milio']",[],[],0,leaguepedia_cargo_patch_range,1,scoreboard_players_corrected
Circuito Desafiante/2026 Season/Split 1 Playoffs_Round 1_1_2,2026-05-04 21:05:00,26.09,CD 2026 Split 1 Playoffs,Estral Esports,INTZ,INTZ,"['Caitlyn', 'Orianna', 'Ambessa', 'Ryze', 'Jayce']","['Nocturne', 'Rumble', 'Karma', 'Akali', 'Sion']","[""K'Sante"", 'Jarvan IV', 'Mel', 'Yunara', 'Lulu']","['Twisted Fate', 'Pantheon', 'Aurora', 'Ashe', 'Seraphine']",[],[],0,leaguepedia_cargo_patch_range,1,scoreboard_players_corrected
Circuito Desafiante/2026 Season/Split 1 Playoffs_Round 1_1_3,2026-05-04 21:52:00,26.09,CD 2026 Split 1 Playoffs,INTZ,Estral Esports,INTZ,"['Rumble', 'Akali', 'Nautilus', 'Rakan', 'Neeko']","['Nocturne', 'Orianna', 'Caitlyn', 'Renekton', 'Ryze']","[""Rek'Sai"", 'Wukong', 'Taliyah', 'Sivir', 'Karma']","['Ambessa', 'Vi', 'Ahri', 'Kalista', 'Renata Glasc']",[],[],1,leaguepedia_cargo_patch_range,0,scoreboard_players_corrected
Circuito Desafiante/2026 Season/Split 1 Playoffs_Round 1_2_1,2026-05-04 22:42:00,26.09,CD 2026 Split 1 Playoffs,Vivo Keyd Stars Academy,7REX,Vivo Keyd Stars Academy,"['Ezreal', 'Akali', 'Orianna', 'Jarvan IV', 'Vi']","['Rumble', 'Nocturne', 'Pantheon', 'Aatrox', 'Xin Zhao']","['Jayce', 'Skarner', 'Annie', 'Ashe', 'Seraphine']","['Sion', 'Wukong', 'Aurora', 'Corki', 'Nami']",[],[],1,leaguepedia_cargo_patch_range,0,scoreboard_players_corrected
Liga Regional Norte/2026 Season/Split 1 Playoffs_Round 1_3_1,2026-05-04 23:22:00,26.09,LRN 2026 Split 1 Playoffs,Zeu5 Esports,Polar Squad Esports,Zeu5 Esports,"['Ryze', 'Nautilus', 'Rumble', 'Bard', 'Gwen']","['Orianna', 'Varus', 'Karma', 'Renekton', 'Rakan']","['Sion', 'Xin Zhao', 'Ahri', 'Smolder', 'Tahm Kench']","['Ambessa', 'Jarvan IV', 'Mel', 'Ezreal', 'Rell']",[],[],1,leaguepedia_cargo_patch_range,0,scoreboard_players_corrected
Circuito Desafiante/2026 Season/Split 1 Playoffs_Round 1_2_2,2026-05-04 23:27:00,26.09,CD 2026 Split 1 Playoffs,Vivo Keyd Stars Academy,7REX,Vivo Keyd Stars Academy,"['Ezreal', 'Akali', 'Orianna', 'Sylas', 'Galio']","['Rumble', 'Nocturne', 'Pantheon', 'Nautilus', 'Alistar']","['Gnar', 'Vi', 'Ahri', 'Varus', 'Neeko']","['Vayne', 'Jarvan IV', 'Taliyah', 'Yunara', 'Lulu']",[],[],1,leaguepedia_cargo_patch_range,0,scoreboard_players_corrected
Liga Regional Norte/2026 Season/Split 1 Playoffs_Round 1_3_2,2026-05-05 00:17:00,26.09,LRN 2026 Split 1 Playoffs,Zeu5 Esports,Polar Squad Esports,Zeu5 Esports,"['Karma', 'Varus', 'Orianna', 'Neeko', 'Bard']","['Ryze', 'Azir', 'Pantheon', 'Miss Fortune', 'Yone']","['Ornn', 'Nocturne', 'Akali', 'Ashe', 'Morgana']","['Rumble', 'Vi', 'Aurora', 'Sivir', 'Seraphine']",[],[],1,leaguepedia_cargo_patch_range,0,scoreboard_players_corrected
Liga Regional Norte/2026 Season/Split 1 Playoffs_Round 1_3_3,2026-05-05 01:22:00,26.09,LRN 2026 Split 1 Playoffs,Zeu5 Esports,Polar Squad Esports,Polar Squad Esports,"['Ryze', 'Azir', 'Trundle', 'Annie', 'Galio']","['Orianna', 'Varus', 'Karma', 'Nautilus', 'Pyke']","['Gragas', 'Pantheon', 'Taliyah', 'Kalista', 'Amumu']","['Olaf', 'Lee Sin', 'Hwei', 'Lucian', 'Nami']",[],[],0,leaguepedia_cargo_patch_range,1,scoreboard_players_corrected
Liga Regional Norte/2026 Season/Split 1 Playoffs_Round 1_3_4,2026-05-05 02:22:00,26.09,LRN 2026 Split 1 Playoffs,Polar Squad Esports,Zeu5 Esports,Zeu5 Esports,"['Gwen', 'Ryze', 'Azir', ""Cho'Gath"", 'Dr. Mundo']","['Orianna', 'Karma', 'Varus', 'Syndra', 'Viktor']","['Renekton', 'Naafiri', 'Annie', 'Yunara', 'Lulu']","['Yorick', 'Trundle', 'Galio', 'Jhin', 'Bard']",[],[],0,leaguepedia_cargo_patch_range,1,scoreboard_players_corrected
LCK CL/2026 Season/Rounds 1-2_Week 6_4_1,2026-05-05 08:03:00,26.09,LCK CL 2026 Rounds 1-2,Nongshim Esports Academy,BNK FEARX Youth,BNK FEARX Youth,"['Varus', 'Nocturne', 'Karma', 'Viktor', 'Annie']","['Rumble', 'Orianna', 'Jarvan IV', 'Akali', 'Ryze']","['Sion', 'Xin Zhao', 'Aurora', 'Ashe', 'Seraphine']","['Jayce', 'Pantheon', 'Ahri', 'Lucian', 'Milio']",[],[],0,leaguepedia_cargo_patch_range,1,scoreboard_players_corrected
Esports World Cup 2026/Online Qualifiers/Korea_Round 1_3_1,2026-05-05 08:05:00,26.09,Esports World Cup 2026 Online Qualifier: Korea,DN SOOPers,Hanwha Life Esports,Hanwha Life Esports,"['Varus', 'Lucian', 'Ryze', 'Jayce', 'Annie']","['Rumble', 'Orianna', 'Ezreal', 'Akali', 'Azir']","['Renekton', 'Pantheon', 'Ahri', 'Jhin', 'Karma']","['Vayne', 'Jarvan IV', 'Aurora', 'Caitlyn', 'Bard']",[],[],0,leaguepedia_cargo_patch_range,1,scoreboard_players_corrected
LJL/2026 Season/Spring Series_Week 2_3_1,2026-05-05 08:14:00,26.09,LJL 2026 Spring Series,L Guide Gaming,DetonatioN FocusMe Academy,L Guide Gaming,"['Irelia', 'Pantheon', 'Yone', 'Akali', 'Yorick']","['Orianna', 'Viktor', 'Vi', 'Wukong', 'Naafiri']","['Rumble', 'Lee Sin', 'Annie', 'Ezreal', 'Bard']","['Aurora', 'Jarvan IV', 'Hwei', ""Kai'Sa"", 'Karma']",[],[],1,leaguepedia_cargo_patch_range,0,scoreboard_players_corrected
Esports World Cup 2026/Online Qualifiers/Korea_Round 1_3_2,2026-05-05 08:56:00,26.09,Esports World Cup 2026 Online Qualifier: Korea,Hanwha Life Esports,DN SOOPers,Hanwha Life Esports,"['Varus', ""K'Sante"", 'Ezreal', 'Yunara', 'Nautilus']","['Orianna', 'Lucian', 'Rumble', 'Ashe', 'Rakan']","['Jayce', 'Vi', 'Twisted Fate', 'Ziggs', 'Rell']","['Yorick', 'Lee Sin', 'Ryze', 'Miss Fortune', 'Leona']",[],[],1,leaguepedia_cargo_patch_range,0,scoreboard_players_corrected
LCK CL/2026 Season/Rounds 1-2_Week 6_4_2,2026-05-05 08:56:00,26.09,LCK CL 2026 Rounds 1-2,BNK FEARX Youth,Nongshim Esports Academy,Nongshim Esports Academy,"['Varus', 'Karma', 'Gnar', 'Vayne', 'Kennen']","['Rumble', 'Orianna', 'Jarvan IV', 'Anivia', 'Twisted Fate']","['Zaahen', 'Nocturne', 'Ryze', 'Ezreal', 'Neeko']","['Renekton', 'Vi', 'Taliyah', 'Yunara', 'Lulu']",[],[],0,leaguepedia_cargo_patch_range,1,scoreboard_players_corrected
Esports World Cup 2026/Online Qualifiers/Asia-Pacific_Round 1_2_1,2026-05-05 09:07:00,26.09,Esports World Cup 2026 Online Qualifier: Asia-Pacific,GAM Esports,Deep Cross Gaming,GAM Esports,"['Nautilus', 'Varus', 'Ezreal', 'Anivia', 'Caitlyn']","['Rumble', 'Orianna', 'Milio', 'Pyke', 'Yunara']","['Jayce', 'Nocturne', 'Ryze', 'Corki', 'Neeko']","['Sion', 'Jarvan IV', 'Azir', 'Jhin', 'Bard']",[],[],1,leaguepedia_cargo_patch_range,0,scoreboard_players_corrected
Esports World Cup 2026/Online Qualifiers/Asia-Pacific_Round 1_1_1,2026-05-05 09:12:00,26.09,Esports World Cup 2026 Online Qualifier: Asia-Pacific,DetonatioN FocusMe,Team Secret (Vietnamese Team),Team Secret (Vietnamese Team),"['Varus', 'Nautilus', 'Jarvan IV', 'Naafiri', 'Karma']","['Ashe', 'Pantheon', 'Orianna', 'Lucian', 'Miss Fortune']","['Ambessa', 'Nocturne', 'Ryze', 'Caitlyn', 'Bard']","['Rumble', 'Xin Zhao', 'Anivia', 'Ezreal', 'Pyke']",[],[],0,leaguepedia_cargo_patch_range,1,scoreboard_players_corrected
LJL/2026 Season/Spring Series_Week 2_3_2,2026-05-05 09:12:00,26.09,LJL 2026 Spring Series,L Guide Gaming,DetonatioN FocusMe Academy,L Guide Gaming,"['Yone', 'Akali', 'Nautilus', 'Caitlyn', 'Varus']","['Orianna', 'Viktor', 'Vi', 'Wukong', 'Naafiri']","['Jax', ""Kha'Zix"", 'Ryze', 'Lucian', 'Milio']","['Gwen', 'Xin Zhao', 'Azir', 'Aphelios', 'Neeko']",[],[],1,leaguepedia_cargo_patch_range,0,scoreboard_players_corrected
LCK CL/2026 Season/Rounds 1-2_Week 6_4_3,2026-05-05 09:41:00,26.09,LCK CL 2026 Rounds 1-2,Nongshim Esports Academy,BNK FEARX Youth,Nongshim Esports Academy,"['Varus', 'Karma', 'Orianna', 'Caitlyn', 'Mel']","['Rumble', 'Jarvan IV', 'Annie', 'Nautilus', 'Pyke']","['Gnar', 'Lee Sin', 'Twisted Fate', 'Jhin', 'Camille']","['Vayne', 'Skarner', 'Syndra', 'Miss Fortune', 'Bard']",[],[],1,leaguepedia_cargo_patch_range,0,scoreboard_players_corrected
Esports World Cup 2026/Online Qualifiers/Korea_Round 1_4_1,2026-05-05 10:00:00,26.09,Esports World Cup 2026 Online Qualifier: Korea,Dplus Kia,Nongshim RedForce,Dplus Kia,"['Varus', 'Nocturne', 'Annie', 'Lee Sin', 'Xin Zhao']","['Rumble', 'Orianna', 'Karma', 'Cassiopeia', 'Anivia']","['Jayce', 'Jarvan IV', 'Twisted Fate', 'Caitlyn', 'Bard']","['Sion', 'Pantheon', 'Ryze', 'Ezreal', 'Neeko']",[],[],1,leaguepedia_cargo_patch_range,0,scoreboard_players_corrected
Esports World Cup 2026/Online Qualifiers/Asia-Pacific_Round 1_1_2,2026-05-05 10:03:00,26.09,Esports World Cup 2026 Online Qualifier: Asia-Pacific,Team Secret (Vietnamese Team),DetonatioN FocusMe,Team Secret (Vietnamese Team),"['Varus', 'Nautilus', 'Orianna', 'Annie', 'Olaf']","['Ashe', 'Pantheon', 'Skarner', 'Vi']","['Sion', 'Jarvan IV', 'Akali', 'Aphelios', 'Milio']","['Renekton', 'Lee Sin', 'Aurora', 'Lucian', 'Nami']",[],[],1,leaguepedia_cargo_patch_range,0,scoreboard_players_corrected
Esports World Cup 2026/Online Qualifiers/Asia-Pacific_Round 1_2_2,2026-05-05 10:03:00,26.09,Esports World Cup 2026 Online Qualifier: Asia-Pacific,GAM Esports,Deep Cross Gaming,Deep Cross Gaming,"['Nautilus', 'Lee Sin', 'Annie', 'Renekton', 'Gwen']","['Orianna', 'Rumble', 'Pyke', 'Lissandra', 'Aurora']","['Yorick', 'Naafiri', 'Galio', 'Ezreal', 'Karma']","['Jax', 'Vi', 'Ahri', 'Varus', 'Rell']",[],[],0,leaguepedia_cargo_patch_range,1,scoreboard_players_corrected
LJL/2026 Season/Spring Series_Week 2_4_1,2026-05-05 10:11:00,26.09,LJL 2026 Spring Series,FENNEL,New Meta,FENNEL,"['Irelia', 'Jarvan IV', 'Nocturne', 'Vayne', 'Ambessa']","['Viktor', 'Orianna', 'Akali', 'Aurora', 'Rumble']","[""K'Sante"", 'Pantheon', 'Hwei', 'Ezreal', 'Karma']","['Kayle', 'Vi', 'Cassiopeia', 'Sivir', 'Nautilus']",[],[],1,leaguepedia_cargo_patch_range,0,scoreboard_players_corrected
LCK CL/2026 Season/Rounds 1-2_Week 6_5_1,2026-05-05 10:47:00,26.09,LCK CL 2026 Rounds 1-2,HANJIN BRION Challengers,Gen.G Global Academy,HANJIN BRION Challengers,"['Varus', 'Ashe', 'Jayce', 'Nautilus', 'Ezreal']","['Orianna', 'Rumble', 'Jarvan IV', 'Gnar', 'Vayne']","['Ambessa', 'Nocturne', 'Aurora', 'Yunara', 'Lulu']","[""K'Sante"", 'Pantheon', 'Azir', 'Lucian', 'Nami']",[],[],1,leaguepedia_cargo_patch_range,0,scoreboard_players_corrected
Esports World Cup 2026/Online Qualifiers/Asia-Pacific_Round 1_2_3,2026-05-05 10:52:00,26.09,Esports World Cup 2026 Online Qualifier: Asia-Pacific,Deep Cross Gaming,GAM Esports,GAM Esports,"['Milio', 'Ashe', 'Pantheon', 'Caitlyn', 'Yunara']","['Rumble', 'Lee Sin', 'Xin Zhao', 'Sylas', 'Zeri']","['Vayne', 'Poppy', 'Orianna', 'Kalista', 'Renata Glasc']","['Malphite', 'Wukong', 'Akali', 'Lucian', 'Nami']",[],[],0,leaguepedia_cargo_patch_range,1,scoreboard_players_corrected
Esports World Cup 2026/Online Qualifiers/Korea_Round 1_4_2,2026-05-05 10:52:00,26.09,Esports World Cup 2026 Online Qualifier: Korea,Dplus Kia,Nongshim RedForce,Dplus Kia,"['Varus', 'Karma', 'Vi', 'Viktor', 'Vayne']","['Nocturne', 'Rumble', 'Orianna', 'Trundle', 'Lee Sin']","['Tristana', 'Xin Zhao', 'Cassiopeia', 'Lucian', 'Milio']","['Gnar', 'Wukong', 'Annie', 'Miss Fortune', 'Nautilus']",[],[],1,leaguepedia_cargo_patch_range,0,scoreboard_players_corrected
LJL/2026 Season/Spring Series_Week 2_4_2,2026-05-05 11:18:00,26.09,LJL 2026 Spring Series,New Meta,FENNEL,FENNEL,"['Viktor', 'Akali', 'Ashe', 'Lee Sin', 'Malphite']","['Jarvan IV', 'Nocturne', 'Orianna', 'Sejuani', 'Anivia']","['Irelia', 'Xin Zhao', 'Annie', 'Lucian', 'Milio']","['Renekton', 'Wukong', 'Ryze', 'Yunara', 'Lulu']",[],[],0,leaguepedia_cargo_patch_range,1,scoreboard_players_corrected
LCK CL/2026 Season/Rounds 1-2_Week 6_5_2,2026-05-05 11:42:00,26.09,LCK CL 2026 Rounds 1-2,HANJIN BRION Challengers,Gen.G Global Academy,HANJIN BRION Challengers,"['Varus', 'Jayce', 'Nautilus', 'Vi', 'Vayne']","['Orianna', 'Rumble', 'Karma', 'Akali', 'Ahri']","['Gnar', 'Jarvan IV', 'Mel', 'Caitlyn', 'Bard']","['Twisted Fate', 'Xin Zhao', 'Taliyah', 'Ashe', 'Seraphine']",[],[],1,leaguepedia_cargo_patch_range,0,scoreboard_players_corrected
Hellenic Legends League/2026 Season/Spring Split_Week 6_1_1,2026-05-05 13:15:00,26.09,HLL 2026 Spring,GOAL,Team Insidious,GOAL,"['Ryze', 'Xin Zhao', 'Jarvan IV', 'Aurora', 'Sion']","['Pantheon', 'Orianna', 'Varus', 'Nautilus', 'Bard']","['Rumble', 'Wukong', 'Akali', 'Jhin', 'Leona']","['Ornn', 'Nocturne', 'LeBlanc', 'Ezreal', 'Karma']",[],[],1,leaguepedia_cargo_patch_range,0,scoreboard_players_corrected
Hitpoint Masters/2026 Season/Spring Split_Week 3_1_1,2026-05-05 14:12:00,26.09,Hitpoint Masters 2026 Spring,eSuba,Onion Team,eSuba,"['Jarvan IV', 'Xin Zhao', 'Nautilus', 'Shen', 'Pantheon']","['Rumble', 'Aurora', 'Seraphine', 'Ezreal', 'Varus']","[""K'Sante"", 'Nocturne', 'Orianna', ""Kai'Sa"", 'Bard']","['Gnar', 'Wukong', 'Xerath', 'Yunara', 'Leona']",[],[],1,leaguepedia_cargo_patch_range,0,scoreboard_players_corrected
Hellenic Legends League/2026 Season/Spring Split_Week 6_1_2,2026-05-05 14:20:00,26.09,HLL 2026 Spring,Team Insidious,GOAL,GOAL,"['Caitlyn', 'Jarvan IV', 'Nautilus', 'Sylas', 'Anivia']","['Pantheon', 'Orianna', 'Ryze', 'Azir', 'Ahri']","['Sion', 'Xin Zhao', 'Syndra', 'Ashe', 'Seraphine']","['Jayce', 'Dr. Mundo', 'Gwen', 'Corki', 'Rell']",[],[],0,leaguepedia_cargo_patch_range,1,scoreboard_players_corrected
TCL/2026 Season/Spring Split_Week 5_1_1,2026-05-05 14:33:00,26.09,TCL 2026 Spring,Dark Passage,Bushido Wildcats,Bushido Wildcats,"['Rumble', 'Ashe', 'Ambessa', 'Taliyah', 'Gnar']","['Darius', 'Orianna', 'Xin Zhao', 'Akali', 'Ahri']","['Sion', 'Wukong', 'Syndra', 'Jhin', 'Karma']","['Ornn', 'Pantheon', 'Aurora', 'Corki', 'Nami']",[],[],0,leaguepedia_cargo_patch_range,1,scoreboard_players_corrected
Hitpoint Masters/2026 Season/Spring Split_Week 3_1_2,2026-05-05 14:58:00,26.09,Hitpoint Masters 2026 Spring,eSuba,Onion Team,eSuba,"['Jarvan IV', 'Xin Zhao', 'Nautilus', 'Rell', 'Nami']","['Rumble', 'Seraphine', 'Aurora', 'Pantheon', 'Naafiri']","['Sion', 'Talon', 'Syndra', 'Jhin', 'Karma']","['Ornn', 'Dr. Mundo', 'Varus', 'Ezreal', 'Rakan']",[],[],1,leaguepedia_cargo_patch_range,0,scoreboard_players_corrected
Prime League 1st Division/2026 Season/Spring Split_Week 6_1_1,2026-05-05 15:08:00,26.09,PRM 1st Division 2026 Spring,Eintracht Spandau,E WIE EINFACH E-SPORTS,Eintracht Spandau,"['Ryze', 'Nautilus', 'Pyke', 'Yorick', 'Poppy']","['Orianna', 'Azir', 'Aatrox', 'Sion', 'Jayce']","['Vayne', 'Pantheon', 'Ahri', 'Ezreal', 'Karma']","['Gnar', 'Jarvan IV', 'Aurora', 'Ziggs', 'Leona']",[],[],1,leaguepedia_cargo_patch_range,0,scoreboard_players_corrected
Rift Legends/2026 Season/Spring Split_Week 5_1_1,2026-05-05 15:20:00,26.09,Rift Legends 2026 Spring,DOCISK,Anonymo Esports,Anonymo Esports,"['Bard', 'Orianna', 'Caitlyn', 'Rumble', 'Sejuani']","['Aurora', 'Aatrox', 'Karma', 'Akali', 'Rakan']","['Sion', 'Pantheon', 'Sylas', 'Smolder', 'Taric']","['Gnar', 'Brand', 'Yasuo', 'Ezreal', 'Neeko']",[],[],0,leaguepedia_cargo_patch_range,1,scoreboard_players_corrected
Hellenic Legends League/2026 Season/Spring Split_Week 6_2_1,2026-05-05 15:25:00,26.09,HLL 2026 Spring,The ParadOx,ALMO Players,The ParadOx,"['Cassiopeia', 'Corki', 'Gwen', 'Nami', 'Braum']","['Rumble', 'Orianna', 'Anivia', 'Neeko', 'Rakan']","['Ornn', 'Pantheon', 'Xin Zhao', ""Kai'Sa"", 'Alistar']","['Ambessa', 'Nocturne', 'Aurora', 'Lucian', 'Rell']",[],[],1,leaguepedia_cargo_patch_range,0,scoreboard_players_corrected
TCL/2026 Season/Spring Split_Week 5_1_2,2026-05-05 15:31:00,26.09,TCL 2026 Spring,Bushido Wildcats,Dark Passage,Bushido Wildcats,"['Orianna', 'Nautilus', ""Kai'Sa"", 'Ahri', 'Jayce']","['Rumble', 'Ashe', 'Xin Zhao', 'Mel', 'Akali']","['Gnar', 'Aatrox', 'Anivia', 'Yunara', 'Lulu']","['Quinn', 'Jarvan IV', 'Ryze', 'Aphelios', 'Bard']",[],[],1,leaguepedia_cargo_patch_range,0,scoreboard_players_corrected
Hitpoint Masters/2026 Season/Spring Split_Week 3_2_1,2026-05-05 15:51:00,26.09,Hitpoint Masters 2026 Spring,Bohemian Guardians,EXILE esports,EXILE esports,"['Seraphine', 'Varus', 'Orianna', 'Taliyah', 'Ahri']","['Naafiri', 'Ambessa', 'Yunara', 'Aurora', 'Syndra']","['Rumble', 'Nocturne', 'Viktor', 'Kalista', 'Nautilus']","['Anivia', 'Pantheon', 'Diana', 'Ezreal', 'Karma']",[],[],0,leaguepedia_cargo_patch_range,1,scoreboard_players_corrected
Prime League 1st Division/2026 Season/Spring Split_Week 6_1_2,2026-05-05 16:01:00,26.09,PRM 1st Division 2026 Spring,Eintracht Spandau,E WIE EINFACH E-SPORTS,Eintracht Spandau,"['Ryze', 'Nautilus', 'Pyke', 'Viktor', 'Poppy']","['Orianna', 'Azir', 'Vi', 'Syndra', ""Kog'Maw""]","['Rumble', 'Nocturne', 'Malzahar', 'Jhin', 'Bard']","['Yorick', 'Dr. Mundo', 'LeBlanc', 'Caitlyn', 'Neeko']",[],[],1,leaguepedia_cargo_patch_range,0,scoreboard_players_corrected
Arabian League/2026 Season/Spring Split_Last Stand_3_1,2026-05-05 16:06:00,26.09,Arabian League 2026 Spring,GnG Amazigh,JSK Esports,JSK Esports,"['Pantheon', 'LeBlanc', 'Jarvan IV', 'Rumble', 'Jayce']","['Nocturne', 'Naafiri', 'Orianna', 'Azir', 'Viktor']","[""K'Sante"", 'Rengar', 'Sylas', 'Jhin', 'Nautilus']","['Aatrox', 'Dr. Mundo', 'Ryze', 'Ashe', 'Seraphine']",[],[],0,leaguepedia_cargo_patch_range,1,scoreboard_players_corrected
Rift Legends/2026 Season/Spring Split_Week 5_1_2,2026-05-05 16:16:00,26.09,Rift Legends 2026 Spring,Anonymo Esports,DOCISK,Anonymo Esports,"['Akali', 'Aurora', 'Aatrox', 'Nami', 'Vi']","['Orianna', 'Yone', 'Caitlyn', ""K'Sante"", 'Ornn']","[""Rek'Sai"", 'Xin Zhao', 'Ryze', 'Ashe', 'Karma']","['Naafiri', 'Jayce', 'Ahri', 'Lucian', 'Yuumi']",[],[],1,leaguepedia_cargo_patch_range,0,scoreboard_players_corrected
Hellenic Legends League/2026 Season/Spring Split_Week 6_2_2,2026-05-05 16:20:00,26.09,HLL 2026 Spring,ALMO Players,The ParadOx,The ParadOx,"['Rumble', 'Ezreal', 'Viktor', 'Sion', 'Galio']","['Cassiopeia', 'Corki', 'Urgot', 'Wukong', 'Dr. Mundo']","['Gwen', 'Skarner', 'Orianna', 'Caitlyn', 'Bard']","['Kennen', 'Jarvan IV', 'Zed', 'Yunara', 'Leona']",[],[],0,leaguepedia_cargo_patch_range,1,scoreboard_players_corrected
TCL/2026 Season/Spring Split_Week 5_2_1,2026-05-05 16:35:00,26.09,TCL 2026 Spring,Misa Esports,PCIFIC Esports,Misa Esports,"['Ambessa', 'Nautilus', 'Varus', 'Bard', 'Gnar']","['Ashe', 'Karma', 'Pantheon', 'Wukong', 'Xin Zhao']","['Sion', 'Naafiri', 'Orianna', 'Corki', 'Nami']","['Volibear', 'Jarvan IV', 'Ryze', 'Ezreal', 'Neeko']",[],[],1,leaguepedia_cargo_patch_range,0,scoreboard_players_corrected
Hitpoint Masters/2026 Season/Spring Split_Week 3_2_2,2026-05-05 16:49:00,26.09,Hitpoint Masters 2026 Spring,EXILE esports,Bohemian Guardians,EXILE esports,"['Naafiri', 'Ambessa', 'Jarvan IV', 'Dr. Mundo', 'Shen']","['Seraphine', 'Varus', 'Taliyah', 'Xin Zhao', 'Vi']","['Singed', 'Lee Sin', 'Orianna', 'Yunara', 'Lulu']","['Gnar', 'Zaahen', 'Azir', 'Jinx', 'Milio']",[],[],1,leaguepedia_cargo_patch_range,0,scoreboard_players_corrected
Road Of Legends/2026 Season/Spring Split_Week 6_1_1,2026-05-05 17:05:00,26.09,Road Of Legends 2026 Spring,ZennIT,Dynasty,Dynasty,"['Yasuo', 'Jarvan IV', 'Nautilus', 'Gwen', 'Leona']","['Seraphine', 'Smolder', 'Karma', 'Ryze', 'Viktor']","['Sion', 'Xin Zhao', 'Azir', 'Yunara', 'Lulu']","['Ornn', 'Pantheon', 'Orianna', 'Jhin', 'Bard']",[],[],0,leaguepedia_cargo_patch_range,1,scoreboard_players_corrected
Prime League 1st Division/2026 Season/Spring Split_Week 6_2_1,2026-05-05 17:10:00,26.09,PRM 1st Division 2026 Spring,Berlin International Gaming,Unicorns of Love Sexy Edition,Unicorns of Love Sexy Edition,"['Nocturne', 'Ahri', 'Ezreal', 'Gnar', 'Aurora']","['Orianna', 'Ashe', 'Karma', 'Sion', 'Viktor']","[""K'Sante"", 'Pantheon', 'Cassiopeia', 'Corki', 'Nami']","['Jayce', 'Jarvan IV', 'Annie', 'Yunara', 'Lulu']",[],[],0,leaguepedia_cargo_patch_range,1,scoreboard_players_corrected
Arabian League/2026 Season/Spring Split_Last Stand_3_2,2026-05-05 17:12:00,26.09,Arabian League 2026 Spring,JSK Esports,GnG Amazigh,JSK Esports,"['Naafiri', 'Qiyana', 'Zaahen', 'Lulu', 'Neeko']","['Pantheon', 'Nami', 'Nocturne', 'Ezreal', 'Caitlyn']","['Gnar', 'Skarner', 'Akali', 'Smolder', 'Karma']","['Ambessa', 'Xin Zhao', 'Orianna', 'Yunara', 'Rakan']",[],[],1,leaguepedia_cargo_patch_range,0,scoreboard_players_corrected
TCL/2026 Season/Spring Split_Week 5_2_2,2026-05-05 17:23:00,26.09,TCL 2026 Spring,Misa Esports,PCIFIC Esports,Misa Esports,"['Ambessa', 'Varus', 'Nautilus', 'LeBlanc', 'Aurora']","['Ashe', 'Karma', 'Pantheon', 'Lissandra', 'Ahri']","['Gragas', 'Xin Zhao', 'Twisted Fate', 'Caitlyn', 'Bard']","['Gnar', 'Aatrox', 'Akali', 'Lucian', 'Milio']",[],[],1,leaguepedia_cargo_patch_range,0,scoreboard_players_corrected
Rift Legends/2026 Season/Spring Split_Week 5_2_1,2026-05-05 17:59:00,26.09,Rift Legends 2026 Spring,Forsaken (Polish Team),LODIS (Polish Team),LODIS (Polish Team),"['Viktor', 'Nautilus', 'Jarvan IV', 'Nocturne', 'Xin Zhao']","['Orianna', 'Karma', 'Aurora', 'Lulu', 'Bard']","['Rumble', 'Lee Sin', 'Syndra', 'Ashe', 'Camille']","['Ryze', 'Skarner', 'Akali', 'Senna', 'Seraphine']",[],[],0,leaguepedia_cargo_patch_range,1,scoreboard_players_corrected
Road Of Legends/2026 Season/Spring Split_Week 6_1_2,2026-05-05 18:04:00,26.09,Road Of Legends 2026 Spring,Dynasty,ZennIT,Dynasty,"['Seraphine', 'Caitlyn', 'Smolder', ""Kai'Sa"", 'Sivir']","['Yasuo', 'Rumble', 'Ezreal', 'Wukong', 'Sejuani']","['Maokai', 'Naafiri', 'Zed', 'Swain', 'Karma']","['Gwen', 'Vi', 'Ahri', 'Varus', 'Rakan']",[],[],1,leaguepedia_cargo_patch_range,0,scoreboard_players_corrected
Prime League 1st Division/2026 Season/Spring Split_Week 6_2_2,2026-05-05 18:06:00,26.09,PRM 1st Division 2026 Spring,Unicorns of Love Sexy Edition,Berlin International Gaming,Berlin International Gaming,"['Nocturne', 'Nautilus', 'Caitlyn', 'Varus', 'Anivia']","['Orianna', 'Ahri', 'Ashe', 'Xin Zhao', 'Aurora']","['Ryze', 'Lee Sin', 'Sion', 'Sivir', 'Karma']","['Rumble', 'Aatrox', 'Hwei', 'Ezreal', 'Bard']",[],[],0,leaguepedia_cargo_patch_range,1,scoreboard_players_corrected
Road Of Legends/2026 Season/Spring Split_Week 6_2_1,2026-05-05 18:12:00,26.09,Road Of Legends 2026 Spring,mCon esports,The Bandits,mCon esports,"['Yunara', 'Aurelion Sol', 'Ornn', 'Ezreal', 'Sivir']","['Heimerdinger', 'Orianna', 'Sejuani', 'Nautilus', 'Rell']","['Rumble', 'Jax', 'Yone', 'Varus', 'Pyke']","['Vayne', 'Xin Zhao', 'Syndra', 'Corki', 'Karma']",[],[],1,leaguepedia_cargo_patch_range,0,scoreboard_players_corrected
Arabian League/2026 Season/Spring Split_Last Stand_4_1,2026-05-05 18:40:00,26.09,Arabian League 2026 Spring,One More Esports,3BL Esports,3BL Esports,"['Rell', 'LeBlanc', 'Yunara', 'Karma', 'Gnar']","['Tristana', 'Ashe', 'Ezreal', 'Nautilus', 'Lulu']","[""K'Sante"", 'Xin Zhao', 'Orianna', 'Varus', 'Bard']","['Sion', 'Jarvan IV', 'Akali', 'Caitlyn', 'Nami']",[],[],0,leaguepedia_cargo_patch_range,1,scoreboard_players_corrected
Prime League 1st Division/2026 Season/Spring Split_Week 6_2_3,2026-05-05 18:57:00,26.09,PRM 1st Division 2026 Spring,Berlin International Gaming,Unicorns of Love Sexy Edition,Berlin International Gaming,"['Vi', 'Ahri', 'Ashe', 'Nautilus', 'Varus']","['Orianna', 'Anivia', 'Caitlyn', 'Nocturne', 'Zaahen']","['Gnar', 'Wukong', 'Aurora', 'Lucian', 'Sona']","['Jax', 'Xin Zhao', 'Viktor', 'Draven', 'Milio']",[],[],1,leaguepedia_cargo_patch_range,0,scoreboard_players_corrected
Rift Legends/2026 Season/Spring Split_Week 5_2_2,2026-05-05 19:09:00,26.09,Rift Legends 2026 Spring,LODIS (Polish Team),Forsaken (Polish Team),Forsaken (Polish Team),"['Vi', 'Aurora', 'Ezreal', 'Xin Zhao', 'Varus']","['Viktor', 'Orianna', 'Karma', 'Mel', 'Lissandra']","[""K'Sante"", 'Jarvan IV', 'Twisted Fate', 'Corki', 'Nami']","['Gnar', 'Wukong', 'Ahri', 'Yunara', 'Lulu']",[],[],0,leaguepedia_cargo_patch_range,1,scoreboard_players_corrected
Road Of Legends/2026 Season/Spring Split_Week 6_2_2,2026-05-05 19:10:00,26.09,Road Of Legends 2026 Spring,mCon esports,The Bandits,The Bandits,"['Aurelion Sol', 'Yunara', 'Anivia', 'Bard', 'Jarvan IV']","['Heimerdinger', 'Orianna', 'Seraphine', 'Jayce', 'Renekton']","['Ambessa', 'Zyra', 'Ryze', 'Jhin', 'Rakan']","['Fiora', 'Wukong', 'Viktor', 'Ezreal', 'Nautilus']",[],[],0,leaguepedia_cargo_patch_range,1,scoreboard_players_corrected
Arabian League/2026 Season/Spring Split_Last Stand_4_2,2026-05-05 19:36:00,26.09,Arabian League 2026 Spring,One More Esports,3BL Esports,3BL Esports,"['Rell', 'LeBlanc', 'Lulu', 'Ryze', 'Sylas']","['Tristana', 'Ashe', 'Ezreal', 'Sivir', 'Xayah']","['Gnar', 'Zaahen', 'Ziggs', 'Nilah', 'Karma']","['Malphite', 'Wukong', 'Viktor', ""Kai'Sa"", 'Nautilus']",[],[],0,leaguepedia_cargo_patch_range,1,scoreboard_players_corrected
Road Of Legends/2026 Season/Spring Split_Week 6_2_3,2026-05-05 20:02:00,26.09,Road Of Legends 2026 Spring,The Bandits,mCon esports,mCon esports,"['Heimerdinger', 'Seraphine', 'Akali', 'Yorick', 'Irelia']","['Yunara', 'Aurelion Sol', 'Orianna', 'LeBlanc', 'Azir']","['Vladimir', 'Sion', 'Ahri', 'Ashe', 'Leona']","['Aatrox', 'Zaahen', 'Aurora', 'Senna', 'Bard']",[],[],0,leaguepedia_cargo_patch_range,1,scoreboard_players_corrected
Circuito Desafiante/2026 Season/Split 1 Playoffs_Round 2_1_1,2026-05-05 20:05:00,26.09,CD 2026 Split 1 Playoffs,INTZ,KaBuM! Ilha das Lendas,INTZ,"['Jarvan IV', 'Karma', 'Akali', 'Xin Zhao', 'Yorick']","['Ezreal', 'Nocturne', 'Pantheon', 'Sivir', 'Caitlyn']","['Rumble', 'Aatrox', 'Orianna', 'Jhin', 'Bard']","['Sion', 'Vi', 'Viktor', 'Varus', 'Anivia']",[],[],1,leaguepedia_cargo_patch_range,0,scoreboard_players_corrected
Liga Regional Sur/2026 Season/Split 1 Playoffs_Round 1_3_1,2026-05-05 20:08:00,26.09,LRS 2026 Split 1 Playoffs,Seven Dark,9z Globant,9z Globant,"['Jarvan IV', 'Ashe', 'Nocturne', 'Akali', 'Gwen']","['Orianna', 'Varus', 'Pantheon', 'Sion', 'Jayce']","['Rumble', 'Xin Zhao', 'Viktor', 'Ezreal', 'Bard']","[""K'Sante"", 'Aatrox', 'Ryze', 'Caitlyn', 'Karma']",[],[],0,leaguepedia_cargo_patch_range,1,scoreboard_players_corrected
Rift Legends/2026 Season/Spring Split_Week 5_2_3,2026-05-05 20:15:00,26.09,Rift Legends 2026 Spring,Forsaken (Polish Team),LODIS (Polish Team),Forsaken (Polish Team),"['Viktor', 'Aatrox', 'Nautilus', 'Rakan', 'Yuumi']","['Orianna', 'Karma', 'Aurora', 'Xin Zhao', 'Nocturne']","['Sion', ""Kha'Zix"", 'Azir', 'Lucian', 'Milio']","['Swain', 'Vi', 'Anivia', 'Ezreal', 'Bard']",[],[],1,leaguepedia_cargo_patch_range,0,scoreboard_players_corrected
Circuito Desafiante/2026 Season/Split 1 Playoffs_Round 2_1_2,2026-05-05 20:53:00,26.09,CD 2026 Split 1 Playoffs,INTZ,KaBuM! Ilha das Lendas,KaBuM! Ilha das Lendas,"['Seraphine', 'Ryze', 'Jayce', 'Vayne', 'Gnar']","['Karma', 'Ezreal', 'Jarvan IV', 'Caitlyn', ""Kai'Sa""]","[""Rek'Sai"", 'Wukong', 'Annie', 'Yunara', 'Alistar']","['Renekton', 'Nocturne', 'Aurora', 'Corki', 'Neeko']",[],[],0,leaguepedia_cargo_patch_range,1,scoreboard_players_corrected
Liga Regional Sur/2026 Season/Split 1 Playoffs_Round 1_3_2,2026-05-05 21:05:00,26.09,LRS 2026 Split 1 Playoffs,Seven Dark,9z Globant,9z Globant,"['Aurora', 'Jayce', 'Pantheon', 'Sivir', 'Wukong']","['Ashe', 'Orianna', 'Varus', 'Lucian', 'Rakan']","['Renekton', 'Nocturne', 'Sylas', 'Yunara', 'Lulu']","['Ornn', 'Jarvan IV', 'Ahri', 'Xayah', 'Neeko']",[],[],0,leaguepedia_cargo_patch_range,1,scoreboard_players_corrected
Circuito Desafiante/2026 Season/Split 1 Playoffs_Round 2_1_3,2026-05-05 21:52:00,26.09,CD 2026 Split 1 Playoffs,INTZ,KaBuM! Ilha das Lendas,KaBuM! Ilha das Lendas,"['Seraphine', 'Lucian', 'Cassiopeia', 'Twisted Fate', 'Gwen']","['Karma', 'Ezreal', 'Ryze', 'Nautilus', 'Rell']","['Gnar', 'Pantheon', 'LeBlanc', 'Caitlyn', 'Elise']","['Ambessa', 'Jarvan IV', 'Ahri', 'Miss Fortune', 'Leona']",[],[],0,leaguepedia_cargo_patch_range,1,scoreboard_players_corrected
Liga Regional Sur/2026 Season/Split 1 Playoffs_Round 1_3_3,2026-05-05 21:57:00,26.09,LRS 2026 Split 1 Playoffs,Seven Dark,9z Globant,9z Globant,"['Aurora', 'Ashe', 'Gwen', 'Akali', 'Azir']","['Varus', 'Orianna', 'Pantheon', 'Taliyah', 'Sion']","['Gnar', 'Wukong', 'Vladimir', 'Miss Fortune', 'Nautilus']","['Gangplank', 'Malphite', 'Hwei', 'Lucian', 'Milio']",[],[],0,leaguepedia_cargo_patch_range,1,scoreboard_players_corrected
Circuito Desafiante/2026 Season/Split 1 Playoffs_Round 2_2_1,2026-05-05 22:34:00,26.09,CD 2026 Split 1 Playoffs,Vivo Keyd Stars Academy,RED Academy,Vivo Keyd Stars Academy,"['Ezreal', 'Aurora', 'Varus', 'Nautilus', 'Leona']","['Vi', 'Nocturne', 'Pantheon', 'Xin Zhao', 'Aatrox']","[""K'Sante"", ""Rek'Sai"", 'Annie', 'Ashe', 'Seraphine']","['Rumble', 'Lee Sin', 'Viktor', 'Lucian', 'Milio']",[],[],1,leaguepedia_cargo_patch_range,0,scoreboard_players_corrected
Circuito Desafiante/2026 Season/Split 1 Playoffs_Round 2_2_2,2026-05-05 23:22:00,26.09,CD 2026 Split 1 Playoffs,Vivo Keyd Stars Academy,RED Academy,Vivo Keyd Stars Academy,"['Ryze', 'Vi', 'Pantheon', 'Bard', 'Gnar']","['Ezreal', 'Aurora', 'Nocturne', 'Akali', 'Zoe']","['Jayce', 'Jarvan IV', 'Orianna', 'Sivir', 'Neeko']","['Renekton', 'Aatrox', 'Azir', 'Varus', 'Lulu']",[],[],1,leaguepedia_cargo_patch_range,0,scoreboard_players_corrected
LCK/2026 Season/Rounds 1-2_Week 6_1_1,2026-05-06 08:06:00,26.09,LCK 2026 Rounds 1-2,Nongshim RedForce,Gen.G,Gen.G,"['Varus', 'Karma', 'Bard', 'Anivia', 'Gnar']","['Rumble', 'Orianna', 'Jarvan IV', 'Jayce', 'Vayne']","['Sion', 'Nocturne', 'Ryze', 'Ezreal', 'Neeko']","['Renekton', 'Xin Zhao', 'Cassiopeia', 'Ashe', 'Seraphine']",[],[],0,leaguepedia_cargo_patch_range,1,scoreboard_players_corrected
LJL/2026 Season/Spring Series_Week 2_5_1,2026-05-06 08:07:00,26.09,LJL 2026 Spring Series,Rising Gaming,Uwinks,Uwinks,"['Orianna', 'Ambessa', 'Karma', 'Vayne', 'Rumble']","['Viktor', 'Varus', 'Jarvan IV', 'Vi', 'Pantheon']","[""K'Sante"", 'Wukong', 'Ryze', 'Ashe', 'Seraphine']","['Gnar', 'Lee Sin', 'Hwei', 'Ezreal', 'Nautilus']",[],[],0,leaguepedia_cargo_patch_range,1,scoreboard_players_corrected
LJL/2026 Season/Spring Series_Week 2_5_2,2026-05-06 09:04:00,26.09,LJL 2026 Spring Series,Rising Gaming,Uwinks,Rising Gaming,"['Nocturne', 'Ambessa', 'Aurora', 'Nami', 'Lulu']","['Viktor', 'Varus', 'Jarvan IV', 'Caitlyn', ""Kai'Sa""]","['Rumble', 'Vi', 'Orianna', 'Yunara', 'Bard']","['Anivia', 'Pantheon', 'Syndra', 'Tristana', 'Rell']",[],[],1,leaguepedia_cargo_patch_range,0,scoreboard_players_corrected
Esports World Cup 2026/Online Qualifiers/Asia-Pacific_Round 1_4_1,2026-05-06 09:07:00,26.09,Esports World Cup 2026 Online Qualifier: Asia-Pacific,Fukuoka SoftBank HAWKS gaming,MVK Esports,Fukuoka SoftBank HAWKS gaming,"['Nocturne', 'Varus', 'Nautilus', 'Vayne', 'Ryze']","['Orianna', 'Jarvan IV', 'Rumble', 'Annie', 'Twisted Fate']","['Malphite', 'Xin Zhao', 'Aurora', 'Ezreal', 'Karma']","['Gnar', 'Trundle', 'Sylas', 'Ashe', 'Seraphine']",[],[],1,leaguepedia_cargo_patch_range,0,scoreboard_players_corrected
Esports World Cup 2026/Online Qualifiers/Asia-Pacific_Round 1_3_1,2026-05-06 09:09:00,26.09,Esports World Cup 2026 Online Qualifier: Asia-Pacific,CTBC Flying Oyster,Ground Zero Gaming,Ground Zero Gaming,"['Bard', 'Pantheon', 'Nocturne', 'Orianna', ""K'Sante""]","['Rumble', 'Karma', 'Jarvan IV', 'Mel', 'Cassiopeia']","['Jayce', 'Xin Zhao', 'Aurora', 'Ezreal', 'Nautilus']","['Yorick', 'Naafiri', 'Ryze', 'Ashe', 'Seraphine']",[],[],0,leaguepedia_cargo_patch_range,1,scoreboard_players_corrected
LCK/2026 Season/Rounds 1-2_Week 6_1_2,2026-05-06 09:12:00,26.09,LCK 2026 Rounds 1-2,Gen.G,Nongshim RedForce,Gen.G,"['Varus', 'Bard', 'Annie', 'Jayce', 'Vayne']","['Rumble', 'Orianna', 'Jarvan IV', 'Akali', 'LeBlanc']","['Gnar', 'Skarner', 'Mel', 'Jhin', 'Karma']","['Twisted Fate', 'Pantheon', 'Azir', 'Miss Fortune', 'Nautilus']",[],[],1,leaguepedia_cargo_patch_range,0,scoreboard_players_corrected
LPL/2026 Season/Split 2_Week 6_1_1,2026-05-06 09:13:00,26.09,LPL 2026 Split 2,Team WE,Invictus Gaming,Team WE,"['Karma', 'Varus', 'Seraphine', 'Nocturne', 'Xin Zhao']","['Orianna', 'Rumble', 'Pantheon', 'Jhin', 'Caitlyn']","['Ambessa', 'Lee Sin', 'Ryze', 'Ezreal', 'Neeko']","['Sion', 'Jarvan IV', 'Cassiopeia', 'Miss Fortune', 'Bard']",[],[],1,leaguepedia_cargo_patch_range,0,scoreboard_players_corrected
LJL/2026 Season/Spring Series_Week 2_5_3,2026-05-06 09:52:00,26.09,LJL 2026 Spring Series,Rising Gaming,Uwinks,Rising Gaming,"['Gwen', 'Ambessa', 'Vayne', 'Gragas', 'Kennen']","['Viktor', 'Varus', 'Jarvan IV', 'Annie', 'Akali']","['Sion', 'Xin Zhao', 'Azir', 'Caitlyn', 'Nami']","['Zaahen', 'Nocturne', 'Aurora', ""Kai'Sa"", 'Neeko']",[],[],1,leaguepedia_cargo_patch_range,0,scoreboard_players_corrected
Esports World Cup 2026/Online Qualifiers/Asia-Pacific_Round 1_4_2,2026-05-06 09:58:00,26.09,Esports World Cup 2026 Online Qualifier: Asia-Pacific,Fukuoka SoftBank HAWKS gaming,MVK Esports,Fukuoka SoftBank HAWKS gaming,"['Nocturne', 'Varus', 'Nautilus', 'Vayne', 'Gwen']","['Orianna', 'Jarvan IV', 'Rumble', 'Akali', 'Ryze']","['Sion', 'Lee Sin', 'Cassiopeia', 'Caitlyn', 'Lux']","['Twisted Fate', 'Naafiri', 'Annie', 'Lucian', 'Milio']",[],[],1,leaguepedia_cargo_patch_range,0,scoreboard_players_corrected
Esports World Cup 2026/Online Qualifiers/Asia-Pacific_Round 1_3_2,2026-05-06 10:08:00,26.09,Esports World Cup 2026 Online Qualifier: Asia-Pacific,Ground Zero Gaming,CTBC Flying Oyster,CTBC Flying Oyster,"['Lucian', 'Nocturne', 'Karma', 'Caitlyn', 'Corki']","['Pantheon', 'Varus', 'Bard', 'Akali', 'Vi']","['Rumble', 'Skarner', 'Viktor', 'Yunara', 'Lulu']","[""K'Sante"", 'Jarvan IV', 'Orianna', 'Samira', 'Rell']",[],[],0,leaguepedia_cargo_patch_range,1,scoreboard_players_corrected
LPL/2026 Season/Split 2_Week 6_1_2,2026-05-06 10:10:00,26.09,LPL 2026 Split 2,Team WE,Invictus Gaming,Invictus Gaming,"['Karma', 'Seraphine', 'Varus', 'Lucian', 'Rakan']","['Orianna', 'Rumble', 'Annie', 'Xayah', 'Caitlyn']","['Yorick', 'Vi', 'Ahri', 'Corki', 'Nami']","['Jayce', 'Nocturne', 'Sylas', 'Yunara', 'Lulu']",[],[],0,leaguepedia_cargo_patch_range,1,scoreboard_players_corrected
LCK/2026 Season/Rounds 1-2_Week 6_2_1,2026-05-06 10:34:00,26.09,LCK 2026 Rounds 1-2,DN SOOPers,Hanwha Life Esports,Hanwha Life Esports,"['Varus', 'Ryze', 'Jarvan IV', 'Jayce', 'Annie']","['Rumble', 'Orianna', 'Ezreal', 'Akali', 'Azir']","['Renekton', 'Pantheon', 'Ahri', 'Jhin', 'Karma']","['Gnar', 'Xin Zhao', 'Aurora', 'Caitlyn', 'Bard']",[],[],0,leaguepedia_cargo_patch_range,1,scoreboard_players_corrected
LJL/2026 Season/Spring Series_Week 2_6_1,2026-05-06 10:56:00,26.09,LJL 2026 Spring Series,Arneb,RAYN Clocks,Arneb,"['Neeko', 'Rumble', 'Xin Zhao', 'Nautilus', 'Leona']","['Orianna', 'Viktor', 'Ryze', 'Karma', 'Aurora']","['Sion', 'Pantheon', 'Smolder', 'Ezreal', 'Bard']","['Gwen', 'Jarvan IV', 'Hwei', ""Kai'Sa"", 'Galio']",[],[],1,leaguepedia_cargo_patch_range,0,scoreboard_players_corrected
LPL/2026 Season/Split 2_Week 6_1_3,2026-05-06 10:59:00,26.09,LPL 2026 Split 2,Team WE,Invictus Gaming,Team WE,"['Seraphine', 'Karma', 'Rumble', 'Nautilus', 'Caitlyn']","['Orianna', 'Milio', 'Varus', 'Jhin', 'Ashe']","[""K'Sante"", 'Pantheon', 'Akali', 'Sivir', 'Braum']","['Renekton', 'Xin Zhao', 'Annie', ""Kai'Sa"", 'Alistar']",[],[],1,leaguepedia_cargo_patch_range,0,scoreboard_players_corrected
Esports World Cup 2026/Online Qualifiers/Asia-Pacific_Round 1_3_3,2026-05-06 11:00:00,26.09,Esports World Cup 2026 Online Qualifier: Asia-Pacific,CTBC Flying Oyster,Ground Zero Gaming,CTBC Flying Oyster,"['Ambessa', 'Bard', 'Varus', 'Caitlyn', 'Akali']","['Lucian', 'Karma', 'Renekton', 'Alistar', 'Xayah']","['Gnar', 'Pantheon', 'Annie', ""Kai'Sa"", 'Amumu']","['Vayne', 'Nocturne', 'Twisted Fate', 'Jhin', 'Neeko']",[],[],1,leaguepedia_cargo_patch_range,0,scoreboard_players_corrected
LCK/2026 Season/Rounds 1-2_Week 6_2_2,2026-05-06 11:22:00,26.09,LCK 2026 Rounds 1-2,Hanwha Life Esports,DN SOOPers,Hanwha Life Esports,"['Varus', 'Vi', 'Lee Sin', 'Miss Fortune', 'Yorick']","['Orianna', 'Rumble', 'Jarvan IV', 'Cassiopeia', 'Anivia']","['Jayce', 'Nocturne', 'Twisted Fate', 'Lucian', 'Milio']","[""K'Sante"", 'Naafiri', 'Ryze', 'Senna', 'Nautilus']",[],[],1,leaguepedia_cargo_patch_range,0,scoreboard_players_corrected
LJL/2026 Season/Spring Series_Week 2_6_2,2026-05-06 11:58:00,26.09,LJL 2026 Spring Series,RAYN Clocks,Arneb,Arneb,"['Ornn', 'Malphite', 'Seraphine', 'Sivir', ""K'Sante""]","['Rumble', 'Neeko', 'Lulu', 'Gnar', 'Olaf']","['Aatrox', 'Nocturne', 'Viktor', 'Varus', 'Nautilus']","['Skarner', 'Naafiri', 'Orianna', 'Jhin', 'Rell']",[],[],0,leaguepedia_cargo_patch_range,1,scoreboard_players_corrected
LPL/2026 Season/Split 2_Week 6_2_1,2026-05-06 12:08:00,26.09,LPL 2026 Split 2,JD Gaming,Top Esports,JD Gaming,"['Ezreal', 'Karma', 'Seraphine', 'Jax', 'Naafiri']","['Orianna', 'Rumble', 'Annie', 'Lucian', 'Nautilus']","['Olaf', 'Jarvan IV', 'Ryze', 'Jhin', 'Bard']","['Varus', 'Pantheon', 'Azir', 'Corki', 'Pyke']",[],[],1,leaguepedia_cargo_patch_range,0,scoreboard_players_corrected
LPL/2026 Season/Split 2_Week 6_2_2,2026-05-06 12:59:00,26.09,LPL 2026 Split 2,JD Gaming,Top Esports,Top Esports,"['Karma', 'Seraphine', 'Nocturne', 'Naafiri', 'Xin Zhao']","['Orianna', 'Rumble', 'Akali', 'Lucian', 'Lulu']","['Sion', 'Wukong', 'Annie', 'Ezreal', 'Neeko']","['Jayce', 'Vi', 'Ahri', 'Miss Fortune', 'Alistar']",[],[],0,leaguepedia_cargo_patch_range,1,scoreboard_players_corrected
Hellenic Legends League/2026 Season/Spring Split_Week 6_3_1,2026-05-06 13:13:00,26.09,HLL 2026 Spring,Gamespace Mediterranean College Esports,WLGaming Esports,WLGaming Esports,"['Pantheon', 'Orianna', 'Karma', 'Ryze', 'Zoe']","['Ekko', 'Jarvan IV', 'Rumble', 'Kassadin', 'Akali']","['Renekton', 'Zaahen', 'Annie', 'Varus', 'Neeko']","['Aurora', 'Xin Zhao', 'Syndra', 'Ezreal', 'Bard']",[],[],0,leaguepedia_cargo_patch_range,1,scoreboard_players_corrected
LPL/2026 Season/Split 2_Week 6_2_3,2026-05-06 13:47:00,26.09,LPL 2026 Split 2,JD Gaming,Top Esports,JD Gaming,"['Karma', 'Nocturne', 'Naafiri', 'Twisted Fate', 'Vayne']","['Orianna', 'Rumble', 'Akali', 'LeBlanc', 'Aurora']","['Gnar', 'Trundle', 'Cassiopeia', 'Ashe', 'Lulu']","['Renekton', 'Xin Zhao', 'Viktor', 'Yunara', 'Seraphine']",[],[],1,leaguepedia_cargo_patch_range,0,scoreboard_players_corrected
Hellenic Legends League/2026 Season/Spring Split_Week 6_3_2,2026-05-06 14:09:00,26.09,HLL 2026 Spring,WLGaming Esports,Gamespace Mediterranean College Esports,WLGaming Esports,"['Ekko', 'Caitlyn', 'Nautilus', 'Kassadin', 'Akali']","['Orianna', 'Pantheon', 'Karma', 'Aphelios', ""Kog'Maw""]","['Rumble', 'Jarvan IV', 'Ryze', 'Zeri', 'Lulu']","['Ornn', 'Wukong', 'Azir', 'Yunara', 'Rakan']",[],[],1,leaguepedia_cargo_patch_range,0,scoreboard_players_corrected
Hitpoint Masters/2026 Season/Spring Split_Week 3_3_1,2026-05-06 14:15:00,26.09,Hitpoint Masters 2026 Spring,CITA Kaizen,Nightbirds,Nightbirds,"['Nautilus', 'Varus', 'Orianna', 'Bard', 'Vayne']","['Karma', 'Rumble', 'Vi', 'Galio', 'Sion']","[""K'Sante"", 'Pantheon', 'Aurelion Sol', 'Yunara', 'Lulu']","['Gnar', 'Jarvan IV', 'Ryze', 'Ezreal', 'Nami']",[],[],0,leaguepedia_cargo_patch_range,1,scoreboard_players_corrected
TCL/2026 Season/Spring Split_Week 5_3_1,2026-05-06 14:30:00,26.09,TCL 2026 Spring,SU Esports,Team Phoenix (Turkish Team),SU Esports,"['Bard', 'Ezreal', 'Nautilus', 'Akali', 'Aurora']","['Pantheon', 'Nocturne', 'Vi', 'Gwen', 'Aatrox']","['Sion', 'Xin Zhao', 'Orianna', 'Ashe', 'Seraphine']","[""Cho'Gath"", 'Jarvan IV', 'Mel', 'Jhin', 'Neeko']",[],[],1,leaguepedia_cargo_patch_range,0,scoreboard_players_corrected
Hellenic Legends League/2026 Season/Spring Split_Week 6_4_1,2026-05-06 15:09:00,26.09,HLL 2026 Spring,ALMO Players,Team Insidious,ALMO Players,"['Rumble', 'Jarvan IV', 'Seraphine', 'Braum', 'Sion']","['Cassiopeia', 'Pantheon', 'Corki', 'Akali', 'Aurora']","['Urgot', 'Nocturne', 'Sylas', ""Kai'Sa"", 'Nautilus']","[""K'Sante"", 'Vi', 'Orianna', 'Ezreal', 'Alistar']",[],[],1,leaguepedia_cargo_patch_range,0,scoreboard_players_corrected
Hitpoint Masters/2026 Season/Spring Split_Week 3_3_2,2026-05-06 15:09:00,26.09,Hitpoint Masters 2026 Spring,Nightbirds,CITA Kaizen,CITA Kaizen,"['Ashe', 'Nautilus', 'Xin Zhao', 'Bard', 'Caitlyn']","['Orianna', 'Karma', 'Nocturne', 'Sivir', 'Xayah']","['Rumble', 'Zaahen', 'Aurora', 'Lucian', 'Milio']","['Galio', 'Vi', 'Ahri', 'Varus', 'Neeko']",[],[],0,leaguepedia_cargo_patch_range,1,scoreboard_players_corrected
Rift Legends/2026 Season/Spring Split_Week 5_3_1,2026-05-06 15:14:00,26.09,Rift Legends 2026 Spring,devils.one inStreamly,GLORE,devils.one inStreamly,"['Wukong', 'Nautilus', 'Orianna', 'Ryze', 'Vayne']","['Olaf', 'Aurora', 'Karma', 'Taliyah', 'Renekton']","[""K'Sante"", 'Pantheon', 'Ahri', 'Ezreal', 'Nami']","['Gnar', 'Xin Zhao', 'Azir', 'Smolder', 'Bard']",[],[],1,leaguepedia_cargo_patch_range,0,scoreboard_players_corrected
Prime League 1st Division/2026 Season/Spring Split_Week 6_3_1,2026-05-06 15:15:00,26.09,PRM 1st Division 2026 Spring,G2 NORD,VfB eSports,G2 NORD,"['Shen', 'Pyke', 'Ezreal', 'Jayce', 'Sion']","['Pantheon', 'Orianna', 'Karma', 'Taliyah', 'Azir']","['Rumble', 'Jarvan IV', 'Ryze', 'Ashe', 'Seraphine']","['Ornn', 'Naafiri', 'Aurora', 'Lucian', 'Milio']",[],[],1,leaguepedia_cargo_patch_range,0,scoreboard_players_corrected
LES/2026 Season/Spring Split_Week 5_1_1,2026-05-06 15:16:00,26.09,LES 2026 Spring,LUA Gaming,Falke Esports,LUA Gaming,"['Anivia', 'Jayce', 'Jarvan IV', 'Braum', 'Neeko']","['Bard', 'Ryze', 'Karma', 'Leona', 'Sion']","['Rumble', 'Pantheon', 'Orianna', ""Kai'Sa"", 'Alistar']","['Aurora', 'Nocturne', 'Akali', 'Ezreal', 'Nautilus']",[],[],1,leaguepedia_cargo_patch_range,0,scoreboard_players_corrected
TCL/2026 Season/Spring Split_Week 5_3_2,2026-05-06 15:16:00,26.09,TCL 2026 Spring,SU Esports,Team Phoenix (Turkish Team),SU Esports,"['Bard', 'Ezreal', 'Nautilus', 'LeBlanc', 'Akali']","['Nocturne', 'Pantheon', 'Ryze', 'Aurora', 'Gwen']","['Rumble', 'Vi', 'Syndra', 'Sivir', 'Karma']","['Varus', 'Aatrox', 'Viktor', 'Tristana', 'Alistar']",[],[],1,leaguepedia_cargo_patch_range,0,scoreboard_players_corrected
Hitpoint Masters/2026 Season/Spring Split_Week 3_3_3,2026-05-06 16:04:00,26.09,Hitpoint Masters 2026 Spring,Nightbirds,CITA Kaizen,Nightbirds,"['Nautilus', 'Ashe', 'LeBlanc', 'Akali', 'Sivir']","['Orianna', 'Karma', 'Azir', 'Vayne', 'Gwen']","['Aatrox', 'Skarner', 'Viktor', 'Jhin', 'Rell']","['Sion', 'Xin Zhao', 'Syndra', 'Smolder', 'Bard']",[],[],1,leaguepedia_cargo_patch_range,0,scoreboard_players_corrected
Prime League 1st Division/2026 Season/Spring Split_Week 6_3_2,2026-05-06 16:04:00,26.09,PRM 1st Division 2026 Spring,G2 NORD,VfB eSports,G2 NORD,"['Shen', 'Pyke', 'Sivir', 'Jhin', 'Miss Fortune']","['Pantheon', 'Orianna', 'Ezreal', 'Syndra', 'Viktor']","[""K'Sante"", 'Xin Zhao', 'Anivia', 'Varus', 'Bard']","['Yasuo', 'Lee Sin', 'Annie', 'Ziggs', 'Nautilus']",[],[],1,leaguepedia_cargo_patch_range,0,scoreboard_players_corrected
Arabian League/2026 Season/Spring Split_Last Stand_5_1,2026-05-06 16:07:00,26.09,Arabian League 2026 Spring,3BL Esports,JSK Esports,3BL Esports,"['Skarner', 'Dr. Mundo', 'Nocturne', 'Ambessa', 'Gnar']","['Rell', 'Nautilus', 'Viktor', 'Orianna', 'LeBlanc']","['Ornn', 'Xin Zhao', 'Syndra', 'Caitlyn', 'Bard']","['Aatrox', 'Wukong', 'Ryze', 'Ashe', 'Seraphine']",[],[],1,leaguepedia_cargo_patch_range,0,scoreboard_players_corrected
LES/2026 Season/Spring Split_Week 5_1_2,2026-05-06 16:07:00,26.09,LES 2026 Spring,LUA Gaming,Falke Esports,Falke Esports,"['Anivia', 'Jayce', 'Xin Zhao', 'Gnar', 'LeBlanc']","['Bard', 'Ryze', 'Jax', 'Sion', ""K'Sante""]","['Varus', 'Wukong', 'Ahri', 'Yunara', 'Lulu']","['Renekton', 'Jarvan IV', 'Mel', 'Ashe', 'Seraphine']",[],[],0,leaguepedia_cargo_patch_range,1,scoreboard_players_corrected
LFL/2026 Season/Spring Playoffs_Round 1_1_1,2026-05-06 16:07:00,26.09,LFL 2026 Spring Playoffs,Esprit Shōnen,TLN Pirates,TLN Pirates,"['Caitlyn', 'Ashe', 'Pantheon', 'Ahri', 'Sylas']","['Orianna', 'Varus', 'Jarvan IV', 'Ryze', 'Syndra']","['Gnar', 'Nocturne', 'Azir', 'Ezreal', 'Nami']","['Sion', 'Xin Zhao', 'Anivia', 'Yunara', 'Karma']",[],[],0,leaguepedia_cargo_patch_range,1,scoreboard_players_corrected
Hellenic Legends League/2026 Season/Spring Split_Week 6_4_2,2026-05-06 16:09:00,26.09,HLL 2026 Spring,Team Insidious,ALMO Players,Team Insidious,"['Cassiopeia', 'Corki', 'Xin Zhao', 'Kled', 'Aatrox']","['Rumble', 'Karma', 'Seraphine', 'Zed', 'Ryze']","['Jayce', 'Pantheon', 'Syndra', 'Caitlyn', 'Bard']","['Malphite', 'Skarner', 'Aurora', 'Yunara', 'Lulu']",[],[],1,leaguepedia_cargo_patch_range,0,scoreboard_players_corrected
Rift Legends/2026 Season/Spring Split_Week 5_3_2,2026-05-06 16:13:00,26.09,Rift Legends 2026 Spring,devils.one inStreamly,GLORE,devils.one inStreamly,"['Nautilus', 'Wukong', 'Jarvan IV', 'Vayne', 'Vi']","['Olaf', 'Aurora', 'Orianna', 'Naafiri', 'Skarner']","['Ornn', 'Nocturne', 'Ryze', 'Jhin', 'Karma']","['Zaahen', ""Rek'Sai"", 'Anivia', 'Ashe', 'Seraphine']",[],[],1,leaguepedia_cargo_patch_range,0,scoreboard_players_corrected
Esports Balkan League/2026 Season/Spring Playoffs_Round 1_1_1,2026-05-06 16:15:00,26.09,EBL 2026 Spring Playoffs,TQ DURPA KASHLQ,Partizan Sangal,Partizan Sangal,"['Ambessa', 'Rumble', 'Nautilus', 'Pantheon', 'Vi']","['Orianna', 'Olaf', 'Naafiri', 'Anivia', 'Aurora']","['Zaahen', 'Xin Zhao', 'Syndra', 'Ezreal', 'Karma']","['Vayne', 'Nocturne', 'Ryze', 'Ashe', 'Seraphine']",[],[],0,leaguepedia_cargo_patch_range,1,scoreboard_players_corrected
TCL/2026 Season/Spring Split_Week 5_4_1,2026-05-06 16:15:00,26.09,TCL 2026 Spring,Ozarox Esports,BoostGate Esports,Ozarox Esports,"['Nautilus', 'Nocturne', 'Orianna']","['Karma', 'Xin Zhao', 'Ezreal', 'Sion', 'Ornn']","['Ambessa', 'Pantheon', 'Akali', 'Ashe', 'Seraphine']","['Rumble', 'Jarvan IV', 'Jayce', 'Lucian', 'Milio']",[],[],1,leaguepedia_cargo_patch_range,0,scoreboard_players_corrected
Esports Balkan League/2026 Season/Spring Playoffs_Round 1_1_2,2026-05-06 16:57:00,26.09,EBL 2026 Spring Playoffs,Partizan Sangal,TQ DURPA KASHLQ,Partizan Sangal,"['Olaf', 'Naafiri', 'Nautilus', 'Aurora', 'Malphite']","['Rumble', 'Ambessa', 'Orianna', 'Akali', 'Zoe']","['Jayce', 'Pantheon', 'Twisted Fate', 'Lucian', 'Milio']","['Vladimir', 'Wukong', 'Anivia', 'Draven', 'Nami']",[],[],1,leaguepedia_cargo_patch_range,0,scoreboard_players_corrected
Prime League 1st Division/2026 Season/Spring Split_Week 6_4_1,2026-05-06 16:59:00,26.09,PRM 1st Division 2026 Spring,ROSSMANN Centaurs,TeamOrangeGaming,TeamOrangeGaming,"['Azir', 'Xin Zhao', 'Gnar', 'Cassiopeia', 'Anivia']","['Orianna', 'Pantheon', 'Naafiri', 'Wukong', 'Vi']","['Ornn', 'Lee Sin', 'Ryze', 'Corki', 'Nami']","['Aatrox', 'Jarvan IV', 'Syndra', 'Ezreal', 'Karma']",[],[],0,leaguepedia_cargo_patch_range,1,scoreboard_players_corrected
LFL/2026 Season/Spring Playoffs_Round 1_1_2,2026-05-06 17:00:00,26.09,LFL 2026 Spring Playoffs,TLN Pirates,Esprit Shōnen,TLN Pirates,"['Varus', 'Jarvan IV', 'Ryze', 'Ahri', ""Kai'Sa""]","['Orianna', 'Ashe', 'Caitlyn', 'Ornn', 'Aurora']","[""K'Sante"", 'Pantheon', 'Viktor', 'Lucian', 'Milio']","['Rumble', 'Vi', 'Yone', 'Jhin', 'Nautilus']",[],[],1,leaguepedia_cargo_patch_range,0,scoreboard_players_corrected
Arabian League/2026 Season/Spring Split_Last Stand_5_2,2026-05-06 17:03:00,26.09,Arabian League 2026 Spring,3BL Esports,JSK Esports,JSK Esports,"['Skarner', 'Nocturne', 'Ezreal', 'Corki', 'Lucian']","['Rell', 'Nautilus', 'Jarvan IV', 'Varus', 'Aphelios']","[""Rek'Sai"", 'Zaahen', 'Akali', 'Smolder', 'Karma']","['Jax', 'Dr. Mundo', 'Viktor', 'Yunara', 'Nami']",[],[],0,leaguepedia_cargo_patch_range,1,scoreboard_players_corrected
LES/2026 Season/Spring Split_Week 5_1_3,2026-05-06 17:04:00,26.09,LES 2026 Spring,Falke Esports,LUA Gaming,LUA Gaming,"['Ryze', 'Caitlyn', 'Xin Zhao', 'Gwen', 'Ambessa']","['Anivia', 'Jayce', 'Bard', 'Sion', ""K'Sante""]","['Ornn', 'Naafiri', 'Taliyah', 'Lucian', 'Milio']","['Shen', 'Vi', 'Viktor', 'Kalista', 'Renata Glasc']",[],[],0,leaguepedia_cargo_patch_range,1,scoreboard_players_corrected
Hitpoint Masters/2026 Season/Spring Split_Week 3_4_1,2026-05-06 17:07:00,26.09,Hitpoint Masters 2026 Spring,Onion Team,BRUTE,Onion Team,"['Pyke', 'Bard', 'Xin Zhao', 'Renekton', 'Aatrox']","['Seraphine', 'Orianna', 'Vi', 'Varus', ""Kog'Maw""]","['Jayce', 'Naafiri', 'Ahri', 'Ezreal', 'Rakan']","['Gnar', 'Jarvan IV', 'Syndra', 'Vayne', 'Karma']",[],[],1,leaguepedia_cargo_patch_range,0,scoreboard_players_corrected
Benelux Ascend Series/2026 Season/Spring Split_Week 6_1_1,2026-05-06 17:10:00,26.09,Benelux Ascend Series 2026 Spring,SNOOZE Esports,TAKA ASCEND,TAKA ASCEND,"['Ambessa', 'Caitlyn', 'Syndra', 'Ahri', 'Renekton']","['Rumble', 'Varus', 'Seraphine', 'Rakan', 'Neeko']","['Gnar', ""Cho'Gath"", 'Ryze', 'Ezreal', 'Nami']","['Ornn', 'Xin Zhao', 'Viktor', ""Kai'Sa"", 'Karma']",[],[],0,leaguepedia_cargo_patch_range,1,scoreboard_players_corrected
TCL/2026 Season/Spring Split_Week 5_4_2,2026-05-06 17:10:00,26.09,TCL 2026 Spring,Ozarox Esports,BoostGate Esports,Ozarox Esports,"['Nautilus', 'Nocturne', 'Caitlyn', ""Kog'Maw"", 'Mel']","['Karma', 'Xin Zhao', 'Orianna', 'Vi', 'Wukong']","['Renekton', 'Sejuani', 'Ryze', 'Kalista', 'Renata Glasc']","['Sion', 'Naafiri', 'Aurelion Sol', 'Jhin', 'Bard']",[],[],1,leaguepedia_cargo_patch_range,0,scoreboard_players_corrected
Rift Legends/2026 Season/Spring Split_Week 5_4_1,2026-05-06 17:22:00,26.09,Rift Legends 2026 Spring,Barcząca Esports,Bomba Team,Bomba Team,"['Nautilus', 'Varus', 'Aurora', 'Yasuo', 'Xin Zhao']","['Orianna', 'Karma', 'Pantheon', 'Seraphine', 'Yunara']","['Sion', 'Jarvan IV', 'Ryze', 'Caitlyn', 'Bard']","['Rumble', 'Wukong', 'Anivia', 'Ezreal', 'Rell']",[],[],0,leaguepedia_cargo_patch_range,1,scoreboard_players_corrected
Esports Balkan League/2026 Season/Spring Playoffs_Round 1_2_1,2026-05-06 17:46:00,26.09,EBL 2026 Spring Playoffs,Lenovo Legion Honvéd,SPIKE Syndicate,Lenovo Legion Honvéd,"['Azir', 'Caitlyn', 'Naafiri', 'Orianna', 'Aurora']","['Sion', 'Bard', 'Rumble', 'Gwen', 'Gnar']","['Renekton', 'Ambessa', 'Hwei', 'Ezreal', 'Nautilus']","[""K'Sante"", 'Xin Zhao', 'Ryze', 'Yunara', 'Karma']",[],[],1,leaguepedia_cargo_patch_range,0,scoreboard_players_corrected
LFL/2026 Season/Spring Playoffs_Round 1_2_1,2026-05-06 17:51:00,26.09,LFL 2026 Spring Playoffs,Karmine Corp Blue,Ici Japon Corp. Esport,Karmine Corp Blue,"['Ashe', 'Jarvan IV', 'Caitlyn', 'Xin Zhao', 'Nocturne']","['Orianna', 'Ryze', 'Ezreal', 'Ahri', 'LeBlanc']","[""K'Sante"", 'Pantheon', 'Taliyah', 'Jhin', 'Bard']","['Rumble', 'Skarner', 'Aurora', 'Yunara', 'Nautilus']",[],[],1,leaguepedia_cargo_patch_range,0,scoreboard_players_corrected
Arabian League/2026 Season/Spring Split_Last Stand_5_3,2026-05-06 17:54:00,26.09,Arabian League 2026 Spring,3BL Esports,JSK Esports,3BL Esports,"['Skarner', 'Pantheon', 'LeBlanc', 'Lulu', 'Xayah']","['Rell', 'Nautilus', 'Aurora', 'Ahri', 'Hwei']","['Anivia', 'Nocturne', 'Sion', ""Kai'Sa"", 'Neeko']","[""K'Sante"", 'Naafiri', 'Orianna', 'Ezreal', 'Leona']",[],[],1,leaguepedia_cargo_patch_range,0,scoreboard_players_corrected
Hitpoint Masters/2026 Season/Spring Split_Week 3_4_2,2026-05-06 17:54:00,26.09,Hitpoint Masters 2026 Spring,BRUTE,Onion Team,BRUTE,"['Viego', 'Varus', 'Vi', ""Kog'Maw"", 'Anivia']","['Pyke', 'Bard', 'Orianna', 'Caitlyn', ""Kai'Sa""]","['Ornn', 'Xin Zhao', 'Kassadin', 'Kalista', 'Nautilus']","['Rumble', 'Sett', ""Cho'Gath"", 'Sivir', 'Seraphine']",[],[],1,leaguepedia_cargo_patch_range,0,scoreboard_players_corrected
LES/2026 Season/Spring Split_Week 5_2_1,2026-05-06 17:58:00,26.09,LES 2026 Spring,Barça eSports,GIANTX iTero,Barça eSports,"['Shen', 'Karma', 'Bard', ""Kai'Sa"", 'Smolder']","['Lux', 'Pantheon', 'Nocturne', 'Lee Sin', 'Wukong']","['Rumble', 'Vi', 'Orianna', 'Ezreal', 'Nami']","['Aurora', 'Jarvan IV', 'Viktor', 'Senna', 'Nautilus']",[],[],1,leaguepedia_cargo_patch_range,0,scoreboard_players_corrected
Prime League 1st Division/2026 Season/Spring Split_Week 6_4_2,2026-05-06 18:02:00,26.09,PRM 1st Division 2026 Spring,TeamOrangeGaming,ROSSMANN Centaurs,TeamOrangeGaming,"['Naafiri', 'Pantheon', 'Nautilus', 'Aurora', 'Annie']","['Orianna', 'Azir', 'Xin Zhao', 'Bard', 'Lulu']","['Gnar', 'Skarner', 'Viktor', 'Yunara', 'Pyke']","[""K'Sante"", 'Vi', 'Ahri', 'Lucian', 'Milio']",[],[],1,leaguepedia_cargo_patch_range,0,scoreboard_players_corrected
Benelux Ascend Series/2026 Season/Spring Split_Week 6_2_1,2026-05-06 18:09:00,26.09,Benelux Ascend Series 2026 Spring,Frost Tails,FUSE,FUSE,"['Seraphine', 'Viktor', 'Karma', 'Gnar', 'Ornn']","['Ambessa', 'Xin Zhao', 'Orianna', 'Nautilus', 'Leona']","[""Cho'Gath"", 'Jarvan IV', 'Annie', 'Yunara', 'Rell']","['Dr. Mundo', 'Naafiri', 'Ryze', 'Aphelios', 'Lulu']",[],[],0,leaguepedia_cargo_patch_range,1,scoreboard_players_corrected
Benelux Ascend Series/2026 Season/Spring Split_Week 6_1_2,2026-05-06 18:23:00,26.09,Benelux Ascend Series 2026 Spring,SNOOZE Esports,TAKA ASCEND,SNOOZE Esports,"['Ambessa', 'Caitlyn', 'Pantheon', 'Ashe', 'Sivir']","['Rumble', 'Graves', 'Seraphine', 'Vayne', 'Varus']","['Dr. Mundo', 'Lillia', 'Ahri', 'Yunara', 'Braum']","[""K'Sante"", 'Wukong', 'Taliyah', 'Zeri', 'Lulu']",[],[],1,leaguepedia_cargo_patch_range,0,scoreboard_players_corrected
Rift Legends/2026 Season/Spring Split_Week 5_4_2,2026-05-06 18:23:00,26.09,Rift Legends 2026 Spring,Barcząca Esports,Bomba Team,Barcząca Esports,"['Nautilus', 'Varus', 'Aurora', ""K'Sante"", 'Ahri']","['Orianna', 'Karma', 'Pantheon', 'Mel', 'Ornn']","['Yorick', 'Aatrox', 'Annie', 'Ashe', 'Lulu']","['Gwen', 'Xin Zhao', 'Jayce', 'Senna', 'Seraphine']",[],[],1,leaguepedia_cargo_patch_range,0,scoreboard_players_corrected
Esports Balkan League/2026 Season/Spring Playoffs_Round 1_2_2,2026-05-06 18:36:00,26.09,EBL 2026 Spring Playoffs,Lenovo Legion Honvéd,SPIKE Syndicate,SPIKE Syndicate,"['Azir', 'Caitlyn', 'Orianna', 'Aurora', 'Ahri']","['Sion', 'Bard', 'Rumble', 'Jarvan IV', 'Ornn']","['Gnar', 'Naafiri', 'Xerath', 'Miss Fortune', 'Rell']","['Malphite', 'Wukong', 'Viktor', 'Ashe', 'Seraphine']",[],[],0,leaguepedia_cargo_patch_range,1,scoreboard_players_corrected
LFL/2026 Season/Spring Playoffs_Round 1_2_2,2026-05-06 18:38:00,26.09,LFL 2026 Spring Playoffs,Ici Japon Corp. Esport,Karmine Corp Blue,Karmine Corp Blue,"['Ezreal', 'Azir', 'Anivia', 'Ahri', 'LeBlanc']","['Orianna', 'Ashe', 'Caitlyn', 'Lucian', 'Zeri']","['Sion', 'Nocturne', 'Ryze', 'Corki', 'Nami']","['Aatrox', 'Jarvan IV', 'Viktor', 'Varus', 'Alistar']",[],[],0,leaguepedia_cargo_patch_range,1,scoreboard_players_corrected
Hitpoint Masters/2026 Season/Spring Split_Week 3_4_3,2026-05-06 18:42:00,26.09,Hitpoint Masters 2026 Spring,BRUTE,Onion Team,Onion Team,"['Viego', 'Varus', 'Vi', 'Xerath', 'Anivia']","['Pyke', 'Bard', 'Orianna', 'Malphite', ""K'Sante""]","['Maokai', 'Pantheon', 'Azir', 'Yasuo', 'Lulu']","['Sion', 'Wukong', ""Kog'Maw"", 'Yunara', 'Soraka']",[],[],0,leaguepedia_cargo_patch_range,1,scoreboard_players_corrected
LES/2026 Season/Spring Split_Week 5_2_2,2026-05-06 18:59:00,26.09,LES 2026 Spring,GIANTX iTero,Barça eSports,Barça eSports,"['Lux', 'Pantheon', 'Yunara', 'Syndra', 'Taliyah']","['Shen', 'Karma', 'Seraphine', 'Anivia', 'Azir']","['Kennen', 'Trundle', 'Annie', 'Lucian', 'Milio']","['Renekton', 'Aatrox', 'Hwei', 'Caitlyn', 'Bard']",[],[],0,leaguepedia_cargo_patch_range,1,scoreboard_players_corrected
Arabian League/2026 Season/Spring Split_Last Stand_6_1,2026-05-06 19:11:00,26.09,Arabian League 2026 Spring,One More Esports,GnG Amazigh,GnG Amazigh,"[""Kai'Sa"", 'Sivir', 'Corki', 'Nocturne', 'Sion']","['Jarvan IV', 'Seraphine', 'Varus', 'Gnar', 'Dr. Mundo']","['Jayce', 'Wukong', 'Orianna', 'Yunara', 'Lulu']","[""K'Sante"", 'Xin Zhao', 'Akali', 'Ezreal', 'Karma']",[],[],0,leaguepedia_cargo_patch_range,1,scoreboard_players_corrected
Benelux Ascend Series/2026 Season/Spring Split_Week 6_2_2,2026-05-06 19:12:00,26.09,Benelux Ascend Series 2026 Spring,FUSE,Frost Tails,Frost Tails,"['Xin Zhao', 'Taliyah', 'Ahri', 'Ezreal', 'Nautilus']","['Viktor', 'Orianna', 'Karma', 'Seraphine', 'Milio']","['Ambessa', 'Viego', 'Smolder', 'Syndra', 'Alistar']","['Renekton', 'Lillia', 'Sion', 'Samira', 'Leona']",[],[],0,leaguepedia_cargo_patch_range,1,scoreboard_players_corrected
Rift Legends/2026 Season/Spring Split_Week 5_4_3,2026-05-06 19:15:00,26.09,Rift Legends 2026 Spring,Barcząca Esports,Bomba Team,Barcząca Esports,"['Nautilus', 'Varus', 'Aurora', 'Ahri', 'Taliyah']","['Orianna', 'Karma', 'Pantheon', 'Galio', 'Cassiopeia']","['Renekton', 'Nocturne', 'Twisted Fate', 'Aphelios', 'Milio']","['Jax', 'Vi', 'Akali', 'Lucian', 'Yuumi']",[],[],1,leaguepedia_cargo_patch_range,0,scoreboard_players_corrected
Esports Balkan League/2026 Season/Spring Playoffs_Round 1_2_3,2026-05-06 19:26:00,26.09,EBL 2026 Spring Playoffs,SPIKE Syndicate,Lenovo Legion Honvéd,Lenovo Legion Honvéd,"['Sion', 'Bard', 'Rumble', 'Lulu', 'Braum']","['Azir', 'Orianna', 'Caitlyn', 'Alistar', 'Nami']","['Aatrox', 'Vi', 'Cassiopeia', 'Corki', 'Rakan']","['Aurora', 'Pantheon', 'Zoe', 'Sivir', 'Leona']",[],[],0,leaguepedia_cargo_patch_range,1,scoreboard_players_corrected
Benelux Ascend Series/2026 Season/Spring Split_Week 6_1_3,2026-05-06 19:28:00,26.09,Benelux Ascend Series 2026 Spring,SNOOZE Esports,TAKA ASCEND,SNOOZE Esports,"['Ambessa', 'Caitlyn', 'Milio', 'Neeko', 'Camille']","['Rumble', 'Graves', 'Seraphine', 'Jarvan IV', 'Nocturne']","['Gragas', 'Skarner', 'Aurora', 'Xayah', 'Rakan']","['Sion', 'Pantheon', 'Orianna', 'Varus', 'Leona']",[],[],1,leaguepedia_cargo_patch_range,0,scoreboard_players_corrected
Benelux Ascend Series/2026 Season/Spring Split_Week 6_2_3,2026-05-06 20:02:00,26.09,Benelux Ascend Series 2026 Spring,Frost Tails,FUSE,Frost Tails,"['Seraphine', 'Viktor', 'Varus', 'Lee Sin', 'Mel']","['Xin Zhao', 'Orianna', 'Pantheon', 'Darius', 'Gwen']","[""K'Sante"", 'Wukong', 'Aurora', 'Caitlyn', 'Karma']","['Ornn', 'Olaf', 'Akali', ""Kai'Sa"", 'Nautilus']",[],[],1,leaguepedia_cargo_patch_range,0,scoreboard_players_corrected
North American Challengers League/2026 Season/Spring Season_Week 7_1_1,2026-05-06 20:09:00,26.09,NACL 2026 Spring,NRG,Conviction,NRG,"['Ryze', 'Varus', 'Jarvan IV', 'Aurora', 'Viktor']","['Orianna', 'Ezreal', 'Nocturne', 'Syndra', 'Azir']","['Rumble', 'Pantheon', 'Hwei', 'Caitlyn', 'Karma']","['Ornn', 'Trundle', 'Anivia', 'Jhin', 'Bard']",[],[],1,leaguepedia_cargo_patch_range,0,scoreboard_players_corrected
Arabian League/2026 Season/Spring Split_Last Stand_6_2,2026-05-06 20:17:00,26.09,Arabian League 2026 Spring,GnG Amazigh,One More Esports,One More Esports,"['Jarvan IV', 'Varus', 'Ashe', 'Corki', 'Tristana']","['Seraphine', 'Caitlyn', 'Naafiri', ""Kai'Sa"", 'Neeko']","['Rumble', 'Nocturne', 'Yone', 'Sivir', 'Rakan']","['Dr. Mundo', 'Zaahen', 'Hwei', 'Smolder', 'Alistar']",[],[],0,leaguepedia_cargo_patch_range,1,scoreboard_players_corrected
North American Challengers League/2026 Season/Spring Season_Week 7_1_2,2026-05-06 21:06:00,26.09,NACL 2026 Spring,NRG,Conviction,NRG,"['Jarvan IV', 'Irelia', 'Ezreal', 'Vi', 'Annie']","['Orianna', 'Seraphine', 'Ryze', 'Rakan', 'Varus']","['Jayce', 'Nocturne', 'Aurora', 'Yunara', 'Nidalee']","['Sion', 'Shen', 'Viktor', 'Corki', 'Nami']",[],[],1,leaguepedia_cargo_patch_range,0,scoreboard_players_corrected
Arabian League/2026 Season/Spring Split_Last Stand_6_3,2026-05-06 21:08:00,26.09,Arabian League 2026 Spring,One More Esports,GnG Amazigh,GnG Amazigh,"['Seraphine', 'Naafiri', ""Kai'Sa"", 'Vi', 'Kled']","['Jarvan IV', 'Mel', 'Varus', 'Gnar', 'Nautilus']","['Ambessa', 'Zac', 'Viktor', 'Jhin', 'Blitzcrank']","['Renekton', 'Qiyana', 'Zoe', 'Caitlyn', 'Bard']",[],[],0,leaguepedia_cargo_patch_range,1,scoreboard_players_corrected
North American Challengers League/2026 Season/Spring Season_Week 7_2_1,2026-05-06 22:05:00,26.09,NACL 2026 Spring,Dorado Gaming,Supernova,Dorado Gaming,"['Nocturne', 'Vi', 'Rumble', 'Bard', 'Ahri']","['Aurora', 'Orianna', 'Seraphine', 'Smolder', 'Caitlyn']","['Sion', 'Jarvan IV', 'Annie', 'Ezreal', 'Neeko']","['Jayce', 'Pantheon', 'Anivia', 'Sivir', 'Karma']",[],[],1,leaguepedia_cargo_patch_range,0,scoreboard_players_corrected
North American Challengers League/2026 Season/Spring Season_Week 7_2_2,2026-05-06 22:56:00,26.09,NACL 2026 Spring,Supernova,Dorado Gaming,Supernova,"['Aurora', 'Seraphine', 'Xin Zhao', 'Wukong', 'Akali']","['Nocturne', 'Bard', 'Orianna', 'Ahri', 'Varus']","['Ambessa', 'Sejuani', 'Yone', 'Lucian', 'Milio']","['Rumble', 'Vi', 'Taliyah', 'Corki', 'Nautilus']",[],[],1,leaguepedia_cargo_patch_range,0,scoreboard_players_corrected
North American Challengers League/2026 Season/Spring Season_Week 7_2_3,2026-05-06 23:53:00,26.09,NACL 2026 Spring,Dorado Gaming,Supernova,Supernova,"['Nocturne', 'Aurora', 'Seraphine', 'Naafiri', 'Yorick']","['Orianna', 'Mel', 'Jax', 'LeBlanc', 'Sylas']","['Gnar', 'Shen', 'Ahri', 'Yunara', 'Lulu']","['Vayne', 'Xin Zhao', 'Ryze', 'Caitlyn', 'Bard']",[],[],0,leaguepedia_cargo_patch_range,1,scoreboard_players_corrected
LCK CL/2026 Season/Rounds 1-2_Week 6_6_1,2026-05-07 05:07:00,26.09,LCK CL 2026 Rounds 1-2,Gen.G Global Academy,BNK FEARX Youth,BNK FEARX Youth,"['Varus', 'Pantheon', 'Karma', 'Ryze', 'Ahri']","['Rumble', 'Orianna', 'Bard', 'Akali', 'Azir']","[""K'Sante"", 'Nocturne', 'Aurora', 'Lucian', 'Milio']","['Jayce', 'Jarvan IV', 'Annie', 'Yunara', 'Lulu']",[],[],0,leaguepedia_cargo_patch_range,1,scoreboard_players_corrected
LCK CL/2026 Season/Rounds 1-2_Week 6_7_1,2026-05-07 05:08:00,26.09,LCK CL 2026 Rounds 1-2,T1 Esports Academy,Nongshim Esports Academy,Nongshim Esports Academy,"['Varus', 'Karma', 'Pantheon', 'Aurora', 'Ambessa']","['Rumble', 'Orianna', 'Nocturne', 'Neeko', 'Azir']","['Jayce', 'Jarvan IV', 'Ryze', 'Jhin', 'Anivia']","['Sion', 'Xin Zhao', 'Twisted Fate', 'Ezreal', 'Bard']",[],[],0,leaguepedia_cargo_patch_range,1,scoreboard_players_corrected
LCK CL/2026 Season/Rounds 1-2_Week 6_8_1,2026-05-07 05:09:00,26.09,LCK CL 2026 Rounds 1-2,Hanwha Life Esports Challengers,Kiwoom DRX Challengers,Hanwha Life Esports Challengers,"['Varus', 'Karma', 'Pantheon', 'Jayce', 'Vayne']","['Rumble', 'Jarvan IV', 'Vi', 'Akali', 'Viktor']","['Gnar', 'Nocturne', 'Azir', 'Ezreal', 'Bard']","['Twisted Fate', 'Skarner', 'Orianna', 'Zeri', 'Neeko']",[],[],1,leaguepedia_cargo_patch_range,0,scoreboard_players_corrected
LCK CL/2026 Season/Rounds 1-2_Week 6_6_2,2026-05-07 05:53:00,26.09,LCK CL 2026 Rounds 1-2,Gen.G Global Academy,BNK FEARX Youth,Gen.G Global Academy,"['Varus', 'Karma', 'Akali', 'LeBlanc', 'Renekton']","['Rumble', 'Pantheon', 'Orianna', 'Vayne', 'Ahri']","['Gnar', 'Vi', 'Yone', 'Mel', 'Nautilus']","['Anivia', 'Xin Zhao', 'Cassiopeia', 'Ashe', 'Seraphine']",[],[],1,leaguepedia_cargo_patch_range,0,scoreboard_players_corrected
LCK CL/2026 Season/Rounds 1-2_Week 6_7_2,2026-05-07 05:57:00,26.09,LCK CL 2026 Rounds 1-2,Nongshim Esports Academy,T1 Esports Academy,Nongshim Esports Academy,"['Varus', 'Karma', 'Pantheon', 'Vayne', 'Viktor']","['Rumble', 'Orianna', 'Nocturne', 'Azir', 'Ahri']","['Gnar', 'Skarner', 'Annie', 'Lucian', 'Milio']","['Ambessa', 'Vi', 'Aurora', 'Ashe', 'Seraphine']",[],[],1,leaguepedia_cargo_patch_range,0,scoreboard_players_corrected
LCK CL/2026 Season/Rounds 1-2_Week 6_8_2,2026-05-07 05:57:00,26.09,LCK CL 2026 Rounds 1-2,Hanwha Life Esports Challengers,Kiwoom DRX Challengers,Hanwha Life Esports Challengers,"['Varus', 'Annie', 'Karma', 'Ryze', 'Viktor']","['Jarvan IV', 'Pantheon', 'Rumble', 'Jayce', 'Vayne']","[""K'Sante"", 'Xin Zhao', 'Aurora', 'Ashe', 'Seraphine']","['Renekton', 'Vi', 'Mel', 'Lucian', 'Milio']",[],[],1,leaguepedia_cargo_patch_range,0,scoreboard_players_corrected
LCK CL/2026 Season/Rounds 1-2_Week 6_6_3,2026-05-07 06:48:00,26.09,LCK CL 2026 Rounds 1-2,Gen.G Global Academy,BNK FEARX Youth,BNK FEARX Youth,"['Ryze', 'Skarner', 'Ezreal', 'Dr. Mundo', 'Vayne']","['Rumble', 'Pantheon', 'Varus', 'Wukong', 'Lee Sin']","['Sion', 'Trundle', 'Azir', 'Jhin', 'Karma']","['Renekton', 'Naafiri', 'Orianna', 'Miss Fortune', 'Bard']",[],[],0,leaguepedia_cargo_patch_range,1,scoreboard_players_corrected
LCK/2026 Season/Rounds 1-2_Week 6_3_1,2026-05-07 08:07:00,26.09,LCK 2026 Rounds 1-2,KT Rolster,Dplus Kia,KT Rolster,"['Varus', 'Nocturne', 'Nautilus', 'Azir', 'Gwen']","['Rumble', 'Lucian', 'Karma', 'Ezreal', 'Caitlyn']","['Zaahen', 'Jarvan IV', 'Ryze', 'Ashe', 'Seraphine']","['Sion', 'Xin Zhao', 'Orianna', 'Jhin', 'Bard']",[],[],1,leaguepedia_cargo_patch_range,0,scoreboard_players_corrected
LCK/2026 Season/Rounds 1-2_Week 6_3_2,2026-05-07 09:02:00,26.09,LCK 2026 Rounds 1-2,KT Rolster,Dplus Kia,KT Rolster,"['Varus', 'Nocturne', 'Nautilus', 'Vi', 'Pantheon']","['Rumble', 'Lucian', 'Karma', 'Twisted Fate', 'Lee Sin']","['Yorick', 'Naafiri', 'Taliyah', 'Yunara', 'Lulu']","['Jayce', 'Skarner', 'Viktor', 'Caitlyn', 'Lux']",[],[],1,leaguepedia_cargo_patch_range,0,scoreboard_players_corrected
Esports World Cup 2026/Online Qualifiers/Asia-Pacific_Round 2_1_1,2026-05-07 09:08:00,26.09,Esports World Cup 2026 Online Qualifier: Asia-Pacific,Team Secret (Vietnamese Team),GAM Esports,Team Secret (Vietnamese Team),"['Ezreal', 'Orianna', 'Varus', 'Lucian', 'Bard']","['Rumble', 'Nocturne', 'Pantheon', 'Caitlyn', 'Nautilus']","['Yorick', 'Jarvan IV', 'Anivia', 'Sivir', 'Karma']","['Jayce', 'Lee Sin', 'Ryze', 'Jhin', 'Pyke']",[],[],1,leaguepedia_cargo_patch_range,0,scoreboard_players_corrected
Esports World Cup 2026/Online Qualifiers/Asia-Pacific_Round 2_2_1,2026-05-07 09:08:00,26.09,Esports World Cup 2026 Online Qualifier: Asia-Pacific,Fukuoka SoftBank HAWKS gaming,CTBC Flying Oyster,Fukuoka SoftBank HAWKS gaming,"['Orianna', 'Varus', 'Ashe', 'Corki', 'Lulu']","['Ezreal', 'Nocturne', 'Lucian', 'Caitlyn', 'Nautilus']","[""K'Sante"", 'Jarvan IV', 'Ryze', 'Yunara', 'Poppy']","['Rumble', 'Lee Sin', 'Aurora', ""Kai'Sa"", 'Alistar']",[],[],1,leaguepedia_cargo_patch_range,0,scoreboard_players_corrected
LPL/2026 Season/Split 2_Week 6_3_1,2026-05-07 09:12:00,26.09,LPL 2026 Split 2,Team WE,Weibo Gaming,Weibo Gaming,"['Ezreal', 'Bard', 'Varus', 'Jhin', 'Nautilus']","['Ashe', 'Ambessa', 'Karma', 'Lulu', 'Lucian']","['Rumble', 'Jarvan IV', 'Akali', 'Corki', 'Rakan']","['Sion', 'Nocturne', 'Orianna', 'Yunara', 'Nami']",[],[],0,leaguepedia_cargo_patch_range,1,scoreboard_players_corrected
Esports World Cup 2026/Online Qualifiers/Asia-Pacific_Round 2_2_2,2026-05-07 09:55:00,26.09,Esports World Cup 2026 Online Qualifier: Asia-Pacific,Fukuoka SoftBank HAWKS gaming,CTBC Flying Oyster,CTBC Flying Oyster,"['Pyke', 'Varus', 'Orianna', 'Cassiopeia', 'Mel']","['Ezreal', 'Nocturne', 'Nautilus', 'Viktor', 'Akali']","['Zaahen', 'Skarner', 'Taliyah', 'Zeri', 'Yuumi']","['Renekton', 'Xin Zhao', 'Ahri', 'Ashe', 'Seraphine']",[],[],0,leaguepedia_cargo_patch_range,1,scoreboard_players_corrected
LPL/2026 Season/Split 2_Week 6_3_2,2026-05-07 10:10:00,26.09,LPL 2026 Split 2,Team WE,Weibo Gaming,Team WE,"['Karma', 'Vi', 'Xin Zhao', 'Jhin', 'Sivir']","['Ashe', 'Varus', 'Lucian', 'Nautilus', 'Seraphine']","[""K'Sante"", 'Lee Sin', 'Ryze', 'Caitlyn', 'Bard']","['Renekton', 'Pantheon', 'Annie', 'Ezreal', 'Neeko']",[],[],1,leaguepedia_cargo_patch_range,0,scoreboard_players_corrected
Esports World Cup 2026/Online Qualifiers/Asia-Pacific_Round 2_1_2,2026-05-07 10:18:00,26.09,Esports World Cup 2026 Online Qualifier: Asia-Pacific,Team Secret (Vietnamese Team),GAM Esports,Team Secret (Vietnamese Team),"['Nocturne', 'Pantheon', 'Ambessa', 'Milio', 'Braum']","['Varus', 'Caitlyn', 'Rumble', 'Naafiri', 'Vi']","['Jax', 'Trundle', 'Akali', 'Ezreal', 'Nautilus']","['Gnar', 'Xin Zhao', 'Orianna', 'Lucian', 'Leona']",[],[],1,leaguepedia_cargo_patch_range,0,scoreboard_players_corrected
LCK/2026 Season/Rounds 1-2_Week 6_4_1,2026-05-07 10:30:00,26.09,LCK 2026 Rounds 1-2,BNK FEARX,HANJIN BRION,HANJIN BRION,"['Varus', 'Lee Sin', 'Karma', 'Akali', 'Azir']","['Rumble', 'Orianna', 'Jarvan IV', 'Annie', 'Jayce']","['Renekton', 'Pantheon', 'Anivia', 'Ezreal', 'Bard']","['Gnar', 'Nocturne', 'Ryze', 'Jhin', 'Neeko']",[],[],0,leaguepedia_cargo_patch_range,1,scoreboard_players_corrected
Esports World Cup 2026/Online Qualifiers/Asia-Pacific_Round 2_2_3,2026-05-07 10:49:00,26.09,Esports World Cup 2026 Online Qualifier: Asia-Pacific,CTBC Flying Oyster,Fukuoka SoftBank HAWKS gaming,Fukuoka SoftBank HAWKS gaming,"['Nocturne', 'Nautilus', 'Pantheon', 'Caitlyn', 'Gwen']","['Ezreal', 'Pyke', 'Vi', 'Naafiri', 'Yorick']","['Varus', 'Wukong', 'Akali', 'Miss Fortune', 'Rell']","['Sion', 'Malphite', 'Orianna', 'Lucian', 'Milio']",[],[],0,leaguepedia_cargo_patch_range,1,scoreboard_players_corrected
LCK/2026 Season/Rounds 1-2_Week 6_4_2,2026-05-07 11:22:00,26.09,LCK 2026 Rounds 1-2,HANJIN BRION,BNK FEARX,HANJIN BRION,"['Varus', 'Caitlyn', 'Lee Sin', 'Vayne', 'Akali']","['Rumble', 'Orianna', 'Jarvan IV', 'Jayce', 'Annie']","['Zaahen', 'Trundle', 'Aurora', 'Lucian', 'Milio']","['Ambessa', 'Vi', 'Ahri', 'Ashe', 'Seraphine']",[],[],1,leaguepedia_cargo_patch_range,0,scoreboard_players_corrected
LPL/2026 Season/Split 2_Week 6_3_3,2026-05-07 11:23:00,26.09,LPL 2026 Split 2,Team WE,Weibo Gaming,Weibo Gaming,"['Ashe', 'Xin Zhao', 'Azir', 'LeBlanc', 'Aurora']","['Varus', 'Twisted Fate', 'Vi', 'Yorick', 'Ambessa']","['Jayce', 'Naafiri', 'Mel', 'Lucian', 'Milio']","['Vayne', 'Trundle', 'Cassiopeia', 'Jhin', 'Karma']",[],[],0,leaguepedia_cargo_patch_range,1,scoreboard_players_corrected
LPL/2026 Season/Split 2_Week 6_4_1,2026-05-07 12:39:00,26.09,LPL 2026 Split 2,Anyone's Legend,Ninjas in Pyjamas.CN,Ninjas in Pyjamas.CN,"['Ezreal', 'Seraphine', 'Jarvan IV', 'Ryze', 'Yone']","['Orianna', 'Milio', 'Varus', 'Lulu', 'Nautilus']","['Rumble', 'Skarner', 'Azir', 'Jhin', 'Bard']","['Sion', 'Nocturne', 'Annie', 'Corki', 'Nami']",[],[],0,leaguepedia_cargo_patch_range,1,scoreboard_players_corrected
Hellenic Legends League/2026 Season/Spring Split_Week 6_5_1,2026-05-07 13:15:00,26.09,HLL 2026 Spring,Team Phantasma,WLGaming Esports,Team Phantasma,"['Jarvan IV', 'Nautilus', 'Aurora', 'Annie', 'LeBlanc']","['Ryze', 'Karma', 'Orianna', 'Lulu', 'Lucian']","['Rumble', 'Nocturne', 'Ahri', 'Corki', 'Nami']","['Sion', 'Pantheon', 'Zoe', 'Ezreal', 'Neeko']",[],[],1,leaguepedia_cargo_patch_range,0,scoreboard_players_corrected
LPL/2026 Season/Split 2_Week 6_4_2,2026-05-07 13:36:00,26.09,LPL 2026 Split 2,Ninjas in Pyjamas.CN,Anyone's Legend,Ninjas in Pyjamas.CN,"['Vi', 'Seraphine', 'Varus', 'Ryze', 'Vayne']","['Orianna', 'Ezreal', 'Jarvan IV', 'Cassiopeia', 'LeBlanc']","['Jayce', 'Lee Sin', 'Twisted Fate', 'Lucian', 'Nautilus']","['Gnar', 'Pantheon', 'Mel', 'Sivir', 'Milio']",[],[],1,leaguepedia_cargo_patch_range,0,scoreboard_players_corrected
Hellenic Legends League/2026 Season/Spring Split_Week 6_5_2,2026-05-07 14:28:00,26.09,HLL 2026 Spring,WLGaming Esports,Team Phantasma,Team Phantasma,"['Azir', 'Nautilus', 'Seraphine', 'Vi', 'Jayce']","['Orianna', 'Karma', 'Jarvan IV', 'Aurora', 'Yorick']","['Kennen', 'Xin Zhao', 'Ryze', 'Yunara', 'Lulu']","['Varus', 'Dr. Mundo', 'Anivia', 'Caitlyn', 'Bard']",[],[],0,leaguepedia_cargo_patch_range,1,scoreboard_players_corrected
TCL/2026 Season/Spring Split_Week 5_5_1,2026-05-07 14:31:00,26.09,TCL 2026 Spring,Misa Esports,Dark Passage,Misa Esports,"['Jarvan IV', 'Nautilus', 'Darius', 'Yunara', 'Varus']","['Ambessa', 'Karma', 'Seraphine', 'Rell', 'Rakan']","['Sion', 'Xin Zhao', 'Orianna', 'Ezreal', 'Bard']","['Garen', 'Pantheon', 'Ahri', 'Jhin', 'Pyke']",[],[],1,leaguepedia_cargo_patch_range,0,scoreboard_players_corrected
Prime League 1st Division/2026 Season/Spring Split_Week 6_5_1,2026-05-07 15:08:00,26.09,PRM 1st Division 2026 Spring,Eintracht Frankfurt,Eintracht Spandau,Eintracht Spandau,"['Nautilus', 'Ryze', 'Bard', 'Pantheon', 'Varus']","['Jarvan IV', 'Xin Zhao', 'Karma', 'Nocturne', 'Vi']","['Jayce', 'Wukong', 'Orianna', ""Kai'Sa"", 'Neeko']","['Sion', 'Aatrox', 'Azir', 'Ezreal', 'Nami']",[],[],0,leaguepedia_cargo_patch_range,1,scoreboard_players_corrected
LES/2026 Season/Spring Split_Week 5_3_1,2026-05-07 15:10:00,26.09,LES 2026 Spring,UB Alma Mater,UCAM Esports,UCAM Esports,"['Pyke', 'Nocturne', 'Orianna', 'Neeko', 'Ryze']","[""K'Sante"", 'Akali', 'Xin Zhao', 'Sivir', 'Smolder']","['Rumble', 'Jarvan IV', 'Aurora', 'Xayah', 'Bard']","['Ambessa', 'Pantheon', 'LeBlanc', 'Ezreal', 'Nautilus']",[],[],0,leaguepedia_cargo_patch_range,1,scoreboard_players_corrected
TCL/2026 Season/Spring Split_Week 5_5_2,2026-05-07 15:20:00,26.09,TCL 2026 Spring,Misa Esports,Dark Passage,Misa Esports,"['Nautilus', 'Jarvan IV', 'Darius', 'Ornn', 'Rell']","['Ambessa', 'Karma', 'Seraphine', 'Ashe', 'Caitlyn']","['Rumble', 'Nocturne', 'Akali', 'Lucian', 'Milio']","['Tahm Kench', 'Dr. Mundo', 'Azir', 'Xayah', 'Soraka']",[],[],1,leaguepedia_cargo_patch_range,0,scoreboard_players_corrected
Rift Legends/2026 Season/Spring Split_Week 5_5_1,2026-05-07 15:22:00,26.09,Rift Legends 2026 Spring,Bomba Team,GLORE,Bomba Team,"['Nautilus', 'Jarvan IV', 'Varus', 'Lucian', 'Corki']","['Pantheon', 'Karma', 'Nunu &amp; Willump', 'Bard', 'Pyke']","['Jayce', 'Xin Zhao', 'Ahri', 'Ezreal', 'Leona']","[""K'Sante"", 'Wukong', 'Aurora', 'Brand', 'Nami']",[],[],1,leaguepedia_cargo_patch_range,0,scoreboard_players_corrected
Hellenic Legends League/2026 Season/Spring Split_Week 6_6_1,2026-05-07 15:30:00,26.09,HLL 2026 Spring,Spartans EU,Gamespace Mediterranean College Esports,Spartans EU,"['Nocturne', 'Yunara', 'Varus', 'Shen', ""K'Sante""]","['Rumble', 'Orianna', 'Akali', 'Fiora', 'Jarvan IV']","['Sion', 'Vi', 'Ryze', 'Caitlyn', 'Nautilus']","['Gwen', 'Xin Zhao', 'Hwei', 'Ezreal', 'Karma']",[],[],1,leaguepedia_cargo_patch_range,0,scoreboard_players_corrected
LES/2026 Season/Spring Split_Week 5_3_2,2026-05-07 15:59:00,26.09,LES 2026 Spring,UB Alma Mater,UCAM Esports,UCAM Esports,"['Pyke', 'Orianna', 'Nocturne', 'Renata Glasc', 'Neeko']","[""K'Sante"", 'Akali', 'Wukong', 'Alistar', 'Rell']","['Sion', 'Aatrox', 'Ryze', 'Ziggs', 'Maokai']","['Jayce', 'Xin Zhao', 'Anivia', 'Kalista', 'Leona']",[],[],0,leaguepedia_cargo_patch_range,1,scoreboard_players_corrected
Prime League 1st Division/2026 Season/Spring Split_Week 6_5_2,2026-05-07 16:06:00,26.09,PRM 1st Division 2026 Spring,Eintracht Spandau,Eintracht Frankfurt,Eintracht Spandau,"['Ryze', 'Nautilus', 'Jarvan IV', 'Aurora', 'Viktor']","['Varus', 'Karma', 'Bard', 'Syndra', 'Hwei']","['Rumble', 'Skarner', 'Anivia', 'Lucian', 'Milio']","['Gnar', 'Pantheon', 'Annie', 'Yunara', 'Lulu']",[],[],1,leaguepedia_cargo_patch_range,0,scoreboard_players_corrected
Esports Balkan League/2026 Season/Spring Playoffs_Round 1_3_1,2026-05-07 16:09:00,26.09,EBL 2026 Spring Playoffs,Washed Gaming,Magaza Esports,Magaza Esports,"['Aatrox', 'LeBlanc', 'Zaahen', 'Aurora', 'Gnar']","['Orianna', 'Karma', 'Akali', 'Syndra', ""K'Sante""]","['Renekton', 'Wukong', 'Azir', 'Ashe', 'Seraphine']","['Ornn', 'Xin Zhao', 'Mel', 'Lucian', 'Milio']",[],[],0,leaguepedia_cargo_patch_range,1,scoreboard_players_corrected
LFL/2026 Season/Spring Playoffs_Round 1_3_1,2026-05-07 16:09:00,26.09,LFL 2026 Spring Playoffs,Galions,Vitality.Bee,Galions,"['Nautilus', 'Sion', 'Ahri', 'Zoe', 'Aurora']","['Orianna', 'Pantheon', 'Xin Zhao', 'Jayce', 'Varus']","['Rumble', 'Jarvan IV', 'Viktor', 'Ashe', 'Seraphine']","['Ambessa', 'Vi', 'Mel', 'Ezreal', 'Bard']",[],[],1,leaguepedia_cargo_patch_range,0,scoreboard_players_corrected
LIT/2026 Season/Spring Playoffs_Semifinals_1_1,2026-05-07 16:09:00,26.09,LIT 2026 Spring Playoffs,HMBLE,Colossal Gaming,HMBLE,"['Akali', 'Orianna', 'Ezreal', 'Syndra', 'Aurora']","['Xin Zhao', 'Pantheon', 'Lulu', 'Aatrox', 'Gnar']","['Gwen', 'Lee Sin', 'Ryze', 'Lucian', 'Milio']","[""K'Sante"", 'Jarvan IV', 'LeBlanc', 'Corki', 'Nami']",[],[],1,leaguepedia_cargo_patch_range,0,scoreboard_players_corrected
Rift Legends/2026 Season/Spring Split_Week 5_5_2,2026-05-07 16:12:00,26.09,Rift Legends 2026 Spring,Bomba Team,GLORE,Bomba Team,"['Nautilus', 'Varus', 'Nidalee', 'Lulu', 'Seraphine']","['Pantheon', 'Nunu &amp; Willump', 'Karma', 'Caitlyn', 'Jhin']","['Ryze', 'Jarvan IV', 'Yasuo', 'Smolder', 'Bard']","['Viktor', 'Graves', 'Hwei', 'Ashe', 'Rakan']",[],[],1,leaguepedia_cargo_patch_range,0,scoreboard_players_corrected
Hellenic Legends League/2026 Season/Spring Split_Week 6_6_2,2026-05-07 16:23:00,26.09,HLL 2026 Spring,Gamespace Mediterranean College Esports,Spartans EU,Spartans EU,"['Fiora', 'Jarvan IV', 'Akali', 'Orianna', 'Aurora']","['Nocturne', 'Varus', 'Yunara', 'Milio', 'Ahri']","['Rumble', 'Dr. Mundo', 'Zed', 'Lucian', 'Yuumi']","['Ornn', 'Pantheon', 'Viktor', 'Corki', 'Nami']",[],[],0,leaguepedia_cargo_patch_range,1,scoreboard_players_corrected
TCL/2026 Season/Spring Split_Week 5_6_1,2026-05-07 16:23:00,26.09,TCL 2026 Spring,Bushido Wildcats,PCIFIC Esports,PCIFIC Esports,"['Ezreal', 'Nami', 'Xin Zhao', 'Sion', 'Galio']","['Orianna', 'Pantheon', 'Ashe', 'Wukong', 'Zaahen']","['Rumble', 'Nocturne', 'Aurora', 'Caitlyn', 'Karma']","['Anivia', 'Jarvan IV', 'Akali', 'Jhin', 'Nautilus']",[],[],0,leaguepedia_cargo_patch_range,1,scoreboard_players_corrected
Esports Balkan League/2026 Season/Spring Playoffs_Round 1_3_2,2026-05-07 16:53:00,26.09,EBL 2026 Spring Playoffs,Magaza Esports,Washed Gaming,Magaza Esports,"['Karma', 'Akali', 'LeBlanc', 'Skarner', 'Dr. Mundo']","['Aatrox', 'Zaahen', 'Orianna', 'Aurora', 'Neeko']","['Ambessa', 'Jarvan IV', 'Ryze', 'Ezreal', 'Shaco']","[""K'Sante"", 'Vi', 'Syndra', 'Yunara', 'Lulu']",[],[],1,leaguepedia_cargo_patch_range,0,scoreboard_players_corrected
LFL/2026 Season/Spring Playoffs_Round 1_3_2,2026-05-07 16:54:00,26.09,LFL 2026 Spring Playoffs,Galions,Vitality.Bee,Galions,"['Nautilus', 'Sion', 'Karma', 'Wukong', 'Varus']","['Orianna', 'Pantheon', 'Xin Zhao', 'Jayce', 'LeBlanc']","['Renekton', 'Nocturne', 'Ryze', 'Yunara', 'Lulu']","['Fiora', 'Naafiri', 'Ahri', 'Caitlyn', 'Anivia']",[],[],1,leaguepedia_cargo_patch_range,0,scoreboard_players_corrected
LES/2026 Season/Spring Split_Week 5_4_1,2026-05-07 16:55:00,26.09,LES 2026 Spring,Team Heretics Academy,Movistar KOI Fénix,Team Heretics Academy,"['Orianna', 'Karma', 'Ryze', 'Gwen', 'Varus']","['Nautilus', 'Rumble', 'Jarvan IV', 'Sion', 'LeBlanc']","['Gnar', 'Nocturne', 'Ahri', 'Caitlyn', 'Bard']","['Ambessa', 'Pantheon', 'Aurora', 'Jhin', 'Neeko']",[],[],1,leaguepedia_cargo_patch_range,0,scoreboard_players_corrected
LIT/2026 Season/Spring Playoffs_Semifinals_1_2,2026-05-07 16:56:00,26.09,LIT 2026 Spring Playoffs,HMBLE,Colossal Gaming,HMBLE,"['Akali', 'Orianna', 'Nautilus', 'Yorick', 'Malphite']","['Rumble', 'Xin Zhao', 'Pantheon', 'Mel', 'Jayce']","['Vayne', 'Nocturne', 'Twisted Fate', 'Ezreal', 'Neeko']","['Gnar', 'Kayn', 'Ahri', 'Smolder', 'Karma']",[],[],1,leaguepedia_cargo_patch_range,0,scoreboard_players_corrected
Prime League 1st Division/2026 Season/Spring Split_Week 6_6_1,2026-05-07 17:09:00,26.09,PRM 1st Division 2026 Spring,Berlin International Gaming,Kaufland Hangry Knights,Berlin International Gaming,"['Vi', 'Nocturne', 'Jayce', 'Ahri', 'LeBlanc']","['Orianna', 'Karma', 'Pantheon', 'Cassiopeia', 'Aurora']","['Rumble', 'Jarvan IV', 'Yone', 'Lucian', 'Milio']","['Ornn', 'Naafiri', 'Azir', 'Ezreal', 'Bard']",[],[],1,leaguepedia_cargo_patch_range,0,scoreboard_players_corrected
Road Of Legends/2026 Season/Spring Split_Week 6_3_1,2026-05-07 17:13:00,26.09,Road Of Legends 2026 Spring,Senshi eSports (Benelux Team),Once Upon A Team,Senshi eSports (Benelux Team),"['Dr. Mundo', 'Nautilus', 'Akali', 'Jhin', 'Draven']","['Orianna', 'Karma', 'Pantheon', 'Nami', 'Lulu']","['Rumble', 'Xin Zhao', 'Viktor', 'Lucian', 'Milio']","[""K'Sante"", 'Jarvan IV', 'Zoe', 'Ashe', 'Seraphine']",[],[],1,leaguepedia_cargo_patch_range,0,scoreboard_players_corrected
TCL/2026 Season/Spring Split_Week 5_6_2,2026-05-07 17:18:00,26.09,TCL 2026 Spring,PCIFIC Esports,Bushido Wildcats,Bushido Wildcats,"['Pantheon', 'LeBlanc', 'Ashe', 'Lucian', 'Tristana']","['Orianna', 'Ezreal', 'Nami', 'Gnar', 'Annie']","[""K'Sante"", 'Aatrox', 'Azir', 'Yunara', 'Lulu']","['Sion', 'Xin Zhao', 'Ahri', ""Kai'Sa"", 'Neeko']",[],[],0,leaguepedia_cargo_patch_range,1,scoreboard_players_corrected
Rift Legends/2026 Season/Spring Split_Week 5_6_1,2026-05-07 17:23:00,26.09,Rift Legends 2026 Spring,LODIS (Polish Team),Anonymo Esports,Anonymo Esports,"['Yasuo', 'Ezreal', 'Akali', 'Ornn', 'Ahri']","['Aatrox', 'Ryze', 'Ashe', ""K'Sante"", 'Nocturne']","['Sion', 'Naafiri', 'Orianna', 'Lucian', 'Milio']","['Gnar', 'Jarvan IV', 'Galio', 'Caitlyn', 'Karma']",[],[],0,leaguepedia_cargo_patch_range,1,scoreboard_players_corrected
LIT/2026 Season/Spring Playoffs_Semifinals_1_3,2026-05-07 17:41:00,26.09,LIT 2026 Spring Playoffs,HMBLE,Colossal Gaming,HMBLE,"['Akali', 'Orianna', 'Hecarim', 'Naafiri', 'Syndra']","['Rumble', 'Pantheon', 'Ashe', 'Taliyah', 'Galio']","['Jayce', 'Poppy', 'Cassiopeia', 'Kalista', 'Renata Glasc']","['Yorick', 'Zaahen', 'Aurora', ""Kai'Sa"", 'Rell']",[],[],1,leaguepedia_cargo_patch_range,0,scoreboard_players_corrected
Esports Balkan League/2026 Season/Spring Playoffs_Round 1_4_1,2026-05-07 17:44:00,26.09,EBL 2026 Spring Playoffs,The Secret Club,Team Spawn Peek,The Secret Club,"['Akali', 'Skarner', 'Jarvan IV', 'Lucian', 'Illaoi']","['Orianna', 'Seraphine', 'Karma', 'Ambessa', 'Ezreal']","['Rumble', 'Pantheon', 'Ryze', 'Jhin', 'Bard']","['Ornn', 'Xin Zhao', 'Syndra', 'Corki', 'Nami']",[],[],1,leaguepedia_cargo_patch_range,0,scoreboard_players_corrected
LES/2026 Season/Spring Split_Week 5_4_2,2026-05-07 17:44:00,26.09,LES 2026 Spring,Movistar KOI Fénix,Team Heretics Academy,Team Heretics Academy,"['Nautilus', 'Rumble', 'Jarvan IV', 'Skarner', 'LeBlanc']","['Orianna', 'Karma', 'Ryze', 'Sion', 'Viktor']","['Yorick', 'Xin Zhao', 'Azir', 'Ashe', 'Seraphine']","['Shen', 'Jayce', 'Mel', 'Ezreal', 'Anivia']",[],[],0,leaguepedia_cargo_patch_range,1,scoreboard_players_corrected
LFL/2026 Season/Spring Playoffs_Round 1_4_1,2026-05-07 17:54:00,26.09,LFL 2026 Spring Playoffs,ZYB Esport,Solary,Solary,"['Jarvan IV', 'Varus', 'Nautilus', 'Jayce', 'Annie']","['Orianna', 'Rumble', 'Caitlyn', 'Syndra', ""K'Sante""]","['Gnar', 'Jax', 'Azir', 'Vayne', 'Karma']","['Anivia', 'Xin Zhao', 'Taliyah', 'Ezreal', 'Nami']",[],[],0,leaguepedia_cargo_patch_range,1,scoreboard_players_corrected
Prime League 1st Division/2026 Season/Spring Split_Week 6_6_2,2026-05-07 17:59:00,26.09,PRM 1st Division 2026 Spring,Berlin International Gaming,Kaufland Hangry Knights,Berlin International Gaming,"['Vi', 'Nocturne', 'Nautilus', 'Aurora', 'Jayce']","['Orianna', 'Karma', 'Pantheon', 'Aatrox', 'Wukong']","['Cassiopeia', 'Qiyana', 'Sion', 'Ashe', 'Seraphine']","['Yorick', 'Xin Zhao', 'Viktor', 'Yunara', 'Lulu']",[],[],1,leaguepedia_cargo_patch_range,0,scoreboard_players_corrected
Road Of Legends/2026 Season/Spring Split_Week 6_4_1,2026-05-07 18:08:00,26.09,Road Of Legends 2026 Spring,Frites Esports Club,Myth Esports,Frites Esports Club,"['Aphelios', 'Naafiri', 'Nautilus', 'LeBlanc', 'Akali']","['Orianna', 'Karma', 'Ezreal', 'Caitlyn', 'Ashe']","['Rumble', 'Jarvan IV', 'Aurora', 'Xayah', 'Rakan']","['Sion', 'Vi', 'Ahri', 'Yunara', 'Lulu']",[],[],1,leaguepedia_cargo_patch_range,0,scoreboard_players_corrected
LPLOL/2026 Season/Spring Split_Week 2_1_1,2026-05-07 18:09:00,26.09,LPLOL 2026 Spring,Dream Esports,Ronaldo Team,Dream Esports,"['Jarvan IV', 'Nautilus', 'Ashe', 'Vayne', 'Aurora']","['Naafiri', 'Graves', 'Riven', 'Gwen', 'Syndra']","['Dr. Mundo', 'Ambessa', 'Ahri', 'Smolder', 'Karma']","['Sion', 'Vi', 'Taliyah', 'Kalista', 'Renata Glasc']",[],[],1,leaguepedia_cargo_patch_range,0,scoreboard_players_corrected
Road Of Legends/2026 Season/Spring Split_Week 6_3_2,2026-05-07 18:10:00,26.09,Road Of Legends 2026 Spring,Once Upon A Team,Senshi eSports (Benelux Team),Senshi eSports (Benelux Team),"['Nautilus', 'Nocturne', 'Akali', 'Lulu', 'Varus']","['Dr. Mundo', 'Karma', 'Pantheon', 'Draven', 'Yasuo']","['Jayce', 'Naafiri', 'Orianna', 'Smolder', 'Alistar']","['Irelia', 'Ambessa', 'LeBlanc', ""Kai'Sa"", 'Bard']",[],[],0,leaguepedia_cargo_patch_range,1,scoreboard_players_corrected
TCL/2026 Season/Spring Split_Week 5_6_3,2026-05-07 18:12:00,26.09,TCL 2026 Spring,Bushido Wildcats,PCIFIC Esports,PCIFIC Esports,"['Ezreal', 'Ambessa', 'Bard', 'Gnar', 'Malphite']","['Orianna', 'Pantheon', 'Ashe', 'Renekton', 'Ornn']","['Kennen', 'Wukong', 'Viktor', 'Corki', 'Nami']","['Ryze', 'Vi', 'Yone', 'Lucian', 'Milio']",[],[],0,leaguepedia_cargo_patch_range,1,scoreboard_players_corrected
Rift Legends/2026 Season/Spring Split_Week 5_6_2,2026-05-07 18:35:00,26.09,Rift Legends 2026 Spring,Anonymo Esports,LODIS (Polish Team),Anonymo Esports,"['Aatrox', 'Jayce', 'Yunara', 'Xin Zhao', 'Illaoi']","['Yasuo', 'Ezreal', 'Bard', 'Ornn', ""K'Sante""]","['Rumble', 'Nocturne', 'Ryze', 'Ashe', 'Neeko']","['Swain', 'Skarner', 'Anivia', 'Senna', 'Seraphine']",[],[],1,leaguepedia_cargo_patch_range,0,scoreboard_players_corrected
Esports Balkan League/2026 Season/Spring Playoffs_Round 1_4_2,2026-05-07 18:38:00,26.09,EBL 2026 Spring Playoffs,The Secret Club,Team Spawn Peek,The Secret Club,"['Akali', 'Skarner', 'Jarvan IV', 'Aurora', 'Illaoi']","['Orianna', 'Nocturne', 'Vi', 'Yone', 'Hwei']","['Sion', 'Jayce', 'Anivia', 'Seraphine', 'Pyke']","['Ambessa', 'Wukong', 'Annie', 'Ashe', 'Karma']",[],[],1,leaguepedia_cargo_patch_range,0,scoreboard_players_corrected
LFL/2026 Season/Spring Playoffs_Round 1_4_2,2026-05-07 18:46:00,26.09,LFL 2026 Spring Playoffs,ZYB Esport,Solary,Solary,"['Jarvan IV', 'Varus', 'Ashe', 'Yunara', 'Alistar']","['Orianna', 'Rumble', 'Caitlyn', 'Nautilus', 'Kalista']","['Sion', 'Pantheon', 'Cassiopeia', 'Jinx', 'Thresh']","['Zaahen', 'Skarner', 'Ryze', 'Aphelios', 'Bard']",[],[],0,leaguepedia_cargo_patch_range,1,scoreboard_players_corrected
Road Of Legends/2026 Season/Spring Split_Week 6_4_2,2026-05-07 18:57:00,26.09,Road Of Legends 2026 Spring,Frites Esports Club,Myth Esports,Frites Esports Club,"['Aphelios', 'Nautilus', 'Dr. Mundo', 'Yasuo', 'Jayce']","['Orianna', 'Karma', 'Ezreal', 'Wukong', 'Gnar']","['Anivia', 'Skarner', 'Akali', 'Lucian', 'Milio']","['Sett', 'Xin Zhao', 'Viktor', ""Kai'Sa"", 'Rell']",[],[],1,leaguepedia_cargo_patch_range,0,scoreboard_players_corrected
LPLOL/2026 Season/Spring Split_Week 2_2_1,2026-05-07 19:13:00,26.09,LPLOL 2026 Spring,Crusaders,GTZ Esports,Crusaders,"['Akali', 'Caitlyn', 'Hwei', 'Corki', ""K'Sante""]","['Pantheon', 'Karma', 'Jayce', 'Gnar', 'Yunara']","['Ambessa', 'Naafiri', 'Orianna', 'Ezreal', 'Nautilus']","['Ornn', 'Jarvan IV', 'Viktor', 'Varus', 'Braum']",[],[],1,leaguepedia_cargo_patch_range,0,scoreboard_players_corrected
North American Challengers League/2026 Season/Spring Season_Week 7_3_1,2026-05-07 20:07:00,26.09,NACL 2026 Spring,Blue Otter,Conviction,Conviction,"['Ryze', 'Jarvan IV', 'Caitlyn', 'Viktor', 'Syndra']","['Orianna', 'Karma', 'Zoe', 'Varus', 'Ziggs']","['Rumble', 'Pantheon', 'Aurora', 'Jhin', 'Nautilus']","[""K'Sante"", 'Xin Zhao', 'Twisted Fate', 'Ashe', 'Seraphine']",[],[],0,leaguepedia_cargo_patch_range,1,scoreboard_players_corrected
LPLOL/2026 Season/Spring Split_Week 2_3_1,2026-05-07 20:14:00,26.09,LPLOL 2026 Spring,Otter Side,Francesinhas,Otter Side,"['Rengar', 'Caitlyn', 'Irelia', 'Nocturne', 'Jarvan IV']","['Xin Zhao', 'Ryze', 'Naafiri', 'Syndra', 'Taliyah']","['Rumble', 'Pantheon', 'Ahri', 'Sivir', 'Karma']","['Sion', 'Lee Sin', 'Orianna', 'Ezreal', 'Nami']",[],[],1,leaguepedia_cargo_patch_range,0,scoreboard_players_corrected
North American Challengers League/2026 Season/Spring Season_Week 7_3_2,2026-05-07 20:57:00,26.09,NACL 2026 Spring,Blue Otter,Conviction,Blue Otter,"['Caitlyn', 'Ryze', 'Ezreal', 'Gwen', 'Ambessa']","['Orianna', 'Karma', 'Nocturne', 'Neeko', 'Lulu']","['Sion', 'Jarvan IV', 'Ahri', 'Xayah', 'Rakan']","['Aatrox', 'Vi', 'Lissandra', 'Lucian', 'Nami']",[],[],1,leaguepedia_cargo_patch_range,0,scoreboard_players_corrected
LPLOL/2026 Season/Spring Split_Week 2_4_1,2026-05-07 21:11:00,26.09,LPLOL 2026 Spring,Bubliki,ZeroZone Gaming,Bubliki,"['Nautilus', 'Syndra', 'Jarvan IV', 'Sivir', 'Varus']","['Orianna', 'Ashe', 'Graves', 'Volibear', 'Ahri']","['Ornn', 'Xin Zhao', 'Hwei', 'Corki', 'Nami']","['Aurora', 'Lee Sin', 'Zed', 'Jhin', 'Karma']",[],[],1,leaguepedia_cargo_patch_range,0,scoreboard_players_corrected
North American Challengers League/2026 Season/Spring Season_Week 7_3_3,2026-05-07 21:53:00,26.09,NACL 2026 Spring,Conviction,Blue Otter,Conviction,"['Neeko', 'Nocturne', 'Dr. Mundo', 'Annie', 'Bard']","['Orianna', 'Ryze', 'Caitlyn', 'Irelia', 'Skarner']","['Jayce', 'Trundle', 'Syndra', 'Smolder', 'Karma']","['Yorick', 'Wukong', 'Zoe', 'Ezreal', 'Leona']",[],[],1,leaguepedia_cargo_patch_range,0,scoreboard_players_corrected
North American Challengers League/2026 Season/Spring Season_Week 7_4_1,2026-05-07 22:52:00,26.09,NACL 2026 Spring,CCG Esports,NRG,CCG Esports,"['Varus', 'Bard', 'Vi', 'Rumble', 'Gwen']","['Orianna', 'Ezreal', 'Nocturne', 'Ornn', 'Nami']","['Sion', 'Xin Zhao', 'Anivia', 'Lucian', 'Karma']","[""Rek'Sai"", 'Jarvan IV', 'Ryze', 'Ashe', 'Seraphine']",[],[],1,leaguepedia_cargo_patch_range,0,scoreboard_players_corrected
North American Challengers League/2026 Season/Spring Season_Week 7_4_2,2026-05-07 23:47:00,26.09,NACL 2026 Spring,CCG Esports,NRG,NRG,"['Varus', 'Bard', 'Vi', 'Senna', 'Nidalee']","['Orianna', 'Nocturne', 'Ornn', ""K'Sante"", 'Yorick']","['Skarner', 'Pantheon', 'Annie', 'Ezreal', 'Neeko']","['Rumble', 'Naafiri', 'Aurora', 'Caitlyn', 'Morgana']",[],[],0,leaguepedia_cargo_patch_range,1,scoreboard_players_corrected
North American Challengers League/2026 Season/Spring Season_Week 7_4_3,2026-05-08 00:41:00,26.09,NACL 2026 Spring,NRG,CCG Esports,NRG,"['Varus', 'Bard', 'Vi', 'Sivir', 'Vayne']","['Orianna', 'Nocturne', 'Nami', 'Ornn', 'Gragas']","['Fiora', 'Wukong', 'Viktor', 'Senna', 'Leona']","[""K'Sante"", 'Nidalee', 'Jayce', 'Yunara', 'Nautilus']",[],[],1,leaguepedia_cargo_patch_range,0,scoreboard_players_corrected
LCK CL/2026 Season/Rounds 1-2_Week 6_9_1,2026-05-08 05:07:00,26.09,LCK CL 2026 Rounds 1-2,KT Rolster Challengers,Dplus Kia Challengers,KT Rolster Challengers,"['Varus', 'Jarvan IV', 'Nocturne', 'Akali', 'Gnar']","['Rumble', 'Karma', 'Azir', 'Pantheon', 'Sion']","['Vayne', 'Vi', 'LeBlanc', 'Ezreal', 'Bard']","[""K'Sante"", 'Xin Zhao', 'Orianna', 'Ashe', 'Seraphine']",[],[],1,leaguepedia_cargo_patch_range,0,scoreboard_players_corrected
LCK CL/2026 Season/Rounds 1-2_Week 6_10_1,2026-05-08 05:09:00,26.09,LCK CL 2026 Rounds 1-2,HANJIN BRION Challengers,DN SOOPers Challengers,HANJIN BRION Challengers,"['Varus', 'Karma', 'Ambessa', 'Vayne', 'Gwen']","['Orianna', 'Jarvan IV', 'Rumble', 'Azir', 'Jayce']","['Gnar', 'Nocturne', 'Syndra', 'Ashe', 'Seraphine']","['Sion', 'Xin Zhao', 'Aurora', 'Yunara', 'Lulu']",[],[],1,leaguepedia_cargo_patch_range,0,scoreboard_players_corrected
LCK CL/2026 Season/Rounds 1-2_Week 6_9_2,2026-05-08 05:58:00,26.09,LCK CL 2026 Rounds 1-2,KT Rolster Challengers,Dplus Kia Challengers,KT Rolster Challengers,"['Azir', 'Karma', 'Varus', 'Lee Sin', 'Pantheon']","['Rumble', 'Nocturne', 'Lulu', 'Anivia', 'Cassiopeia']","['Sion', 'Jarvan IV', 'Akali', 'Yunara', 'Nautilus']","['Zaahen', 'Skarner', 'Ryze', 'Lucian', 'Milio']",[],[],1,leaguepedia_cargo_patch_range,0,scoreboard_players_corrected
LCK CL/2026 Season/Rounds 1-2_Week 6_10_2,2026-05-08 06:00:00,26.09,LCK CL 2026 Rounds 1-2,HANJIN BRION Challengers,DN SOOPers Challengers,DN SOOPers Challengers,"['Varus', 'Karma', 'Lucian', 'Vi', 'Skarner']","['Orianna', 'Jarvan IV', 'Rumble', ""K'Sante"", 'Yorick']","['Irelia', 'Maokai', 'Jayce', 'Jhin', 'Bard']","['Anivia', 'Pantheon', 'Azir', 'Ezreal', 'Rell']",[],[],0,leaguepedia_cargo_patch_range,1,scoreboard_players_corrected
LCK CL/2026 Season/Rounds 1-2_Week 6_10_3,2026-05-08 06:45:00,26.09,LCK CL 2026 Rounds 1-2,HANJIN BRION Challengers,DN SOOPers Challengers,DN SOOPers Challengers,"['Varus', 'Karma', 'Lucian', 'Xayah', 'Corki']","['Orianna', 'Rumble', 'Jarvan IV', 'Renekton', 'Vayne']","['Ambessa', 'Wukong', 'Annie', 'Aphelios', 'Milio']","[""K'Sante"", 'Vi', 'Akali', ""Kai'Sa"", 'Neeko']",[],[],0,leaguepedia_cargo_patch_range,1,scoreboard_players_corrected
LCK/2026 Season/Rounds 1-2_Week 6_5_1,2026-05-08 08:06:00,26.09,LCK 2026 Rounds 1-2,T1,DN SOOPers,T1,"['Jarvan IV', 'Varus', 'Rumble', 'Nautilus', 'Pyke']","['Bard', 'Karma', 'Orianna', 'Annie', 'Aurora']","['Jayce', 'Xin Zhao', 'Ahri', 'Ashe', 'Seraphine']","[""K'Sante"", 'Vi', 'Yone', 'Ziggs', 'Camille']",[],[],1,leaguepedia_cargo_patch_range,0,scoreboard_players_corrected
LCK/2026 Season/Rounds 1-2_Week 6_5_2,2026-05-08 08:52:00,26.09,LCK 2026 Rounds 1-2,T1,DN SOOPers,T1,"['Rumble', 'Varus', 'Ezreal', 'Pantheon', 'Vayne']","['Bard', 'Karma', 'Lee Sin', ""Kai'Sa"", 'Caitlyn']","['Renekton', 'Jarvan IV', 'Orianna', 'Sivir', 'Neeko']","['Gnar', 'Nocturne', 'Akali', 'Jhin', 'Rakan']",[],[],1,leaguepedia_cargo_patch_range,0,scoreboard_players_corrected
LPL/2026 Season/Split 2_Week 6_5_1,2026-05-08 09:19:00,26.09,LPL 2026 Split 2,LNG Esports,Ultra Prime,LNG Esports,"['Varus', 'Bard', 'Seraphine', 'Cassiopeia', 'Gnar']","['Orianna', 'Rumble', 'Pantheon', 'Vi', 'Nocturne']","['Sion', 'Xin Zhao', 'Annie', 'Lucian', 'Milio']","['Yorick', 'Jarvan IV', 'Ryze', 'Ezreal', 'Karma']",[],[],1,leaguepedia_cargo_patch_range,0,scoreboard_players_corrected
LPL/2026 Season/Split 2_Week 6_5_2,2026-05-08 10:15:00,26.09,LPL 2026 Split 2,LNG Esports,Ultra Prime,Ultra Prime,"['Varus', 'Nocturne', 'Gnar', 'Skarner', 'Jayce']","['Orianna', 'Rumble', 'Vi', 'Akali', 'Ambessa']","['Vayne', 'Lee Sin', 'Cassiopeia', 'Jhin', 'Bard']","['Udyr', 'Pantheon', 'Aurora', 'Ashe', 'Seraphine']",[],[],0,leaguepedia_cargo_patch_range,1,scoreboard_players_corrected
LCK/2026 Season/Rounds 1-2_Week 6_6_1,2026-05-08 10:41:00,26.09,LCK 2026 Rounds 1-2,Gen.G,Kiwoom DRX,Gen.G,"['Bard', 'Varus', 'Nocturne', 'Nautilus', 'Gwen']","['Orianna', 'Rumble', 'Xin Zhao', 'Azir', 'Jayce']","['Sion', 'Pantheon', 'Anivia', 'Jhin', 'Karma']","['Gnar', 'Jarvan IV', 'Ryze', 'Ezreal', 'Seraphine']",[],[],1,leaguepedia_cargo_patch_range,0,scoreboard_players_corrected
LPL/2026 Season/Split 2_Week 6_5_3,2026-05-08 11:17:00,26.09,LPL 2026 Split 2,LNG Esports,Ultra Prime,LNG Esports,"['Varus', 'Gnar', 'Skarner', 'Maokai', 'Sejuani']","['Orianna', 'Rumble', 'Vi', 'Akali', 'Twisted Fate']","['Gwen', 'Trundle', 'Yone', 'Yunara', 'Lulu']","[""K'Sante"", 'Nocturne', 'Ahri', 'Zeri', 'Yuumi']",[],[],1,leaguepedia_cargo_patch_range,0,scoreboard_players_corrected
LCK/2026 Season/Rounds 1-2_Week 6_6_2,2026-05-08 11:32:00,26.09,LCK 2026 Rounds 1-2,Gen.G,Kiwoom DRX,Gen.G,"['Varus', 'Bard', 'Nocturne', 'Aurora', 'Jayce']","['Orianna', 'Rumble', 'Caitlyn', 'Trundle', 'Lee Sin']","['Shen', 'Naafiri', 'Annie', ""Kog'Maw"", 'Lulu']","['Renekton', 'Xin Zhao', 'Viktor', 'Lucian', 'Milio']",[],[],1,leaguepedia_cargo_patch_range,0,scoreboard_players_corrected
LPL/2026 Season/Split 2_Week 6_6_1,2026-05-08 12:26:00,26.09,LPL 2026 Split 2,JD Gaming,Bilibili Gaming,Bilibili Gaming,"['Varus', 'Nocturne', 'Ashe', 'Twisted Fate', 'Rumble']","['Orianna', 'Annie', 'Bard', 'Ahri', 'Cassiopeia']","['Ambessa', 'Jarvan IV', 'Ryze', 'Jhin', 'Karma']","['Sion', 'Vi', 'Aurora', 'Ezreal', 'Seraphine']",[],[],0,leaguepedia_cargo_patch_range,1,scoreboard_players_corrected
LPL/2026 Season/Split 2_Week 6_6_2,2026-05-08 13:29:00,26.09,LPL 2026 Split 2,JD Gaming,Bilibili Gaming,Bilibili Gaming,"['Nocturne', 'Twisted Fate', 'Lucian', 'Cassiopeia', 'Azir']","['Orianna', 'Annie', 'Varus', 'Naafiri', 'Trundle']","[""K'Sante"", 'Skarner', 'Hwei', 'Miss Fortune', 'Bard']","['Rumble', 'Pantheon', 'Viktor', 'Caitlyn', 'Elise']",[],[],0,leaguepedia_cargo_patch_range,1,scoreboard_players_corrected
LEC/2026 Season/Spring Season_Week 7_1_1,2026-05-08 14:13:00,26.09,LEC 2026 Spring,G2 Esports,Karmine Corp,G2 Esports,"['Nautilus', 'Jarvan IV', 'Seraphine', 'Xin Zhao', 'Gwen']","['Orianna', 'Bard', 'Rumble', 'Caitlyn', 'Sivir']","['Kled', 'Skarner', 'LeBlanc', 'Ezreal', 'Nami']","['Sion', 'Pantheon', 'Azir', 'Jhin', 'Karma']",[],[],1,leaguepedia_cargo_patch_range,0,scoreboard_players_corrected
LEC/2026 Season/Spring Season_Week 7_1_2,2026-05-08 15:06:00,26.09,LEC 2026 Spring,G2 Esports,Karmine Corp,G2 Esports,"['Nautilus', 'Jarvan IV', 'Anivia', 'Yasuo', 'Vayne']","['Orianna', 'Rumble', 'Varus', 'Jayce', 'Nocturne']","['Gnar', 'Olaf', 'Annie', 'Caitlyn', 'Bard']","['Aurora', 'Xin Zhao', 'Ryze', 'Ashe', 'Seraphine']",[],[],1,leaguepedia_cargo_patch_range,0,scoreboard_players_corrected
Arabian League/2026 Season/Spring Split_Last Chance_1_1,2026-05-08 16:04:00,26.09,Arabian League 2026 Spring,Baam Esports,3BL Esports,3BL Esports,"['Nautilus', 'Rell', 'Caitlyn', 'Sion', 'Anivia']","['Pantheon', 'Nocturne', 'Ezreal', 'Orianna', 'Akali']","['Varus', 'Wukong', 'Galio', 'Jhin', 'Karma']","['Malphite', 'Xin Zhao', 'Viktor', 'Yunara', 'Nami']",[],[],0,leaguepedia_cargo_patch_range,1,scoreboard_players_corrected
LIT/2026 Season/Spring Playoffs_Round 4_1_1,2026-05-08 16:09:00,26.09,LIT 2026 Spring Playoffs,GMBLERS Esports,Zena Esports,Zena Esports,"['Zaahen', 'Karma', 'Jarvan IV', 'Taliyah', 'Ahri']","['Smolder', 'Senna', 'Orianna', 'Jax', 'Darius']","['Renekton', 'Xin Zhao', 'Aurora', 'Ezreal', 'Nautilus']","['Gwen', 'Nocturne', 'Galio', 'Ashe', 'Seraphine']",[],[],0,leaguepedia_cargo_patch_range,1,scoreboard_players_corrected
LEC/2026 Season/Spring Season_Week 7_2_1,2026-05-08 16:15:00,26.09,LEC 2026 Spring,Movistar KOI,GIANTX,Movistar KOI,"['Seraphine', 'Xin Zhao', 'Jarvan IV', 'Ahri', 'Ornn']","['Orianna', 'Pantheon', 'Varus', 'Ryze', 'LeBlanc']","['Rumble', 'Vi', 'Viktor', 'Ezreal', 'Karma']","['Sion', 'Nocturne', 'Akali', 'Caitlyn', 'Nautilus']",[],[],1,leaguepedia_cargo_patch_range,0,scoreboard_players_corrected
LIT/2026 Season/Spring Playoffs_Round 4_1_2,2026-05-08 17:05:00,26.09,LIT 2026 Spring Playoffs,GMBLERS Esports,Zena Esports,GMBLERS Esports,"['Zaahen', 'Sion', 'Varus', 'Taliyah', 'Syndra']","['Senna', 'Orianna', 'Smolder', 'Jax', 'Ahri']","['Rumble', 'Vi', 'Ryze', 'Yunara', 'Lulu']","['Aatrox', 'Pantheon', 'Viktor', 'Lucian', 'Milio']",[],[],1,leaguepedia_cargo_patch_range,0,scoreboard_players_corrected
Arabian League/2026 Season/Spring Split_Last Chance_1_2,2026-05-08 17:10:00,26.09,Arabian League 2026 Spring,3BL Esports,Baam Esports,Baam Esports,"['Pyke', 'Ezreal', 'LeBlanc', 'Nautilus', 'Kled']","['Rell', 'Pantheon', 'Anivia', ""Kai'Sa"", 'Caitlyn']","['Sion', 'Nocturne', 'Aurora', 'Tristana', 'Neeko']","[""K'Sante"", 'Jarvan IV', 'Ahri', 'Corki', 'Bard']",[],[],0,leaguepedia_cargo_patch_range,1,scoreboard_players_corrected
Benelux Ascend Series/2026 Season/Spring Split_Week 6_3_1,2026-05-08 17:23:00,26.09,Benelux Ascend Series 2026 Spring,ZennIT Academy,Mind Blue eSports,Mind Blue eSports,"['Varus', 'Zoe', 'Caitlyn', 'Xin Zhao', 'Jarvan IV']",[],"['Ornn', 'Qiyana', 'Orianna', 'Ezreal', 'Karma']","['Dr. Mundo', 'Pantheon', 'LeBlanc', 'Ashe', 'Seraphine']",[],[],0,leaguepedia_cargo_patch_range,1,scoreboard_players_corrected
LEC/2026 Season/Spring Season_Week 7_2_2,2026-05-08 17:24:00,26.09,LEC 2026 Spring,Movistar KOI,GIANTX,Movistar KOI,"['Seraphine', 'Xin Zhao', 'Nami', 'Vayne', 'Jayce']","['Orianna', 'Pantheon', 'Varus', 'Annie', 'Aurora']","['Shen', 'Jarvan IV', 'Anivia', 'Kalista', 'Renata Glasc']","['Renekton', 'Skarner', 'Azir', 'Lucian', 'Milio']",[],[],1,leaguepedia_cargo_patch_range,0,scoreboard_players_corrected
Arabian League/2026 Season/Spring Split_Last Chance_1_3,2026-05-08 18:06:00,26.09,Arabian League 2026 Spring,Baam Esports,3BL Esports,Baam Esports,"['Rell', 'Anivia', 'Ornn', 'Syndra', 'Akali']","['Ezreal', 'Milio', 'Rumble', 'Kled', 'Yorick']","['Aatrox', 'Pantheon', 'Ryze', 'Ashe', 'Seraphine']","['Gnar', 'Skarner', 'Hwei', 'Caitlyn', 'Nautilus']",[],[],1,leaguepedia_cargo_patch_range,0,scoreboard_players_corrected
Benelux Ascend Series/2026 Season/Spring Split_Week 6_4_1,2026-05-08 18:09:00,26.09,Benelux Ascend Series 2026 Spring,Soul's Heart Esport,RED OUAT,RED OUAT,"['Seraphine', 'Orianna', 'Jhin', 'Aurora', 'Ryze']","['Varus', 'Karma', 'Ambessa', 'Viktor', 'Akali']","['Gnar', 'Jarvan IV', 'Galio', 'Caitlyn', 'Milio']","['Malphite', 'Pantheon', 'Ahri', 'Ashe', 'Neeko']",[],[],0,leaguepedia_cargo_patch_range,1,scoreboard_players_corrected
LIT/2026 Season/Spring Playoffs_Round 4_1_3,2026-05-08 18:09:00,26.09,LIT 2026 Spring Playoffs,Zena Esports,GMBLERS Esports,Zena Esports,"['Orianna', 'Senna', 'Smolder', 'Jax', 'Annie']","['Zaahen', 'Sion', 'Corki', 'Taliyah', 'Ahri']","['Ambessa', 'Wukong', 'Akali', 'Sivir', 'Bard']","[""K'Sante"", 'Jarvan IV', 'Malzahar', 'Varus', 'Rell']",[],[],1,leaguepedia_cargo_patch_range,0,scoreboard_players_corrected
Arabian League 2nd Division/2026 Season/Spring Split_Week 5_2_1,2026-05-08 18:12:00,26.09,Arabian League 2nd Division 2026 Spring,NextGeneration Esports,Lunaris Esports (MENA Team),NextGeneration Esports,"['Zoe', 'Ambessa', 'Orianna', 'Fiora', ""K'Sante""]","['Karma', 'Seraphine', 'Jarvan IV', 'Irelia', 'Sylas']","['Kennen', 'Xin Zhao', 'Syndra', 'Varus', 'Braum']","['Jayce', 'Wukong', 'Twisted Fate', 'Vladimir', 'Nautilus']",[],[],1,leaguepedia_cargo_patch_range,0,scoreboard_players_corrected
Benelux Ascend Series/2026 Season/Spring Split_Week 6_3_2,2026-05-08 18:29:00,26.09,Benelux Ascend Series 2026 Spring,ZennIT Academy,Mind Blue eSports,Mind Blue eSports,"['Varus', 'Zoe', 'Ambessa', 'Mel', 'Aurora']","['Lulu', 'Nami', 'Akali', 'Wukong', 'Ahri']","['Rumble', ""Kha'Zix"", 'Yone', 'Jhin', 'Nautilus']","['Anivia', 'Jarvan IV', 'Cassiopeia', 'Caitlyn', 'Bard']",[],[],0,leaguepedia_cargo_patch_range,1,scoreboard_players_corrected
Arabian League 2nd Division/2026 Season/Spring Split_Week 5_2_2,2026-05-08 18:53:00,26.09,Arabian League 2nd Division 2026 Spring,Lunaris Esports (MENA Team),NextGeneration Esports,NextGeneration Esports,"['Seraphine', 'Bard', 'Orianna', 'Yunara', 'Sivir']","['Zoe', 'Jarvan IV', 'Karma', 'Ezreal', 'Corki']","['Rumble', 'Shen', 'LeBlanc', 'Xayah', 'Rakan']","['Ornn', 'Vi', 'Ahri', ""Kog'Maw"", 'Lulu']",[],[],0,leaguepedia_cargo_patch_range,1,scoreboard_players_corrected
Arabian League/2026 Season/Spring Split_Last Chance_1_4,2026-05-08 19:08:00,26.09,Arabian League 2026 Spring,Baam Esports,3BL Esports,3BL Esports,"['Rell', 'Anivia', 'Lee Sin', 'Akali', 'Ornn']","['Ezreal', 'Pyke', 'Kled', 'Sivir', 'Jinx']","['Rumble', 'Vi', 'Annie', 'Xayah', 'Lulu']","['Ambessa', 'Sejuani', 'Kassadin', 'Aphelios', 'Tahm Kench']",[],[],0,leaguepedia_cargo_patch_range,1,scoreboard_players_corrected
Benelux Ascend Series/2026 Season/Spring Split_Week 6_4_2,2026-05-08 19:08:00,26.09,Benelux Ascend Series 2026 Spring,RED OUAT,Soul's Heart Esport,RED OUAT,"['Varus', 'Viktor', 'Kled', 'Xayah', 'Kassadin']","['Orianna', 'Ryze', 'Sion', 'Aurora', 'Xin Zhao']","['Ambessa', 'Nocturne', 'Taliyah', 'Sivir', 'Nautilus']","['Zaahen', 'Naafiri', 'Seraphine', ""Kai'Sa"", 'Alistar']",[],[],1,leaguepedia_cargo_patch_range,0,scoreboard_players_corrected
LIT/2026 Season/Spring Playoffs_Round 4_1_4,2026-05-08 19:10:00,26.09,LIT 2026 Spring Playoffs,GMBLERS Esports,Zena Esports,GMBLERS Esports,"['Zaahen', 'Sion', 'Taliyah', 'Syndra', 'Hwei']","['Senna', 'Orianna', 'Smolder', 'Jax', 'Annie']","['Yorick', 'Skarner', 'Anivia', 'Corki', 'Nami']","['Gnar', 'Lee Sin', 'Ahri', 'Jhin', 'Karma']",[],[],1,leaguepedia_cargo_patch_range,0,scoreboard_players_corrected
Arabian League/2026 Season/Spring Split_Last Chance_1_5,2026-05-08 20:15:00,26.09,Arabian League 2026 Spring,3BL Esports,Baam Esports,Baam Esports,"['Ezreal', ""Kog'Maw"", 'Milio', 'Rakan', 'Alistar']","['Rell', 'Lee Sin', 'Anivia', 'Lissandra', 'LeBlanc']","['Gragas', 'Viego', 'Cassiopeia', 'Jinx', 'Braum']","['Yorick', 'Naafiri', 'Akali', ""Kai'Sa"", 'Renata Glasc']",[],[],0,leaguepedia_cargo_patch_range,1,scoreboard_players_corrected
LIT/2026 Season/Spring Playoffs_Round 4_1_5,2026-05-08 20:19:00,26.09,LIT 2026 Spring Playoffs,Zena Esports,GMBLERS Esports,GMBLERS Esports,"['Senna', 'Smolder', 'Orianna', 'Caitlyn', 'Jinx']","['Zaahen', 'Vayne', 'Yone', 'Taliyah', 'Hwei']","['Dr. Mundo', 'Graves', 'Neeko', ""Kai'Sa"", 'Leona']","['Sion', 'Trundle', 'Syndra', 'Xayah', 'Alistar']",[],[],0,leaguepedia_cargo_patch_range,1,scoreboard_players_corrected
North American Challengers League/2026 Season/Spring Season_Week 7_5_1,2026-05-08 20:21:00,26.09,NACL 2026 Spring,Maryville University,Winthrop University,Maryville University,"['Seraphine', 'Karma', 'Varus', 'Rumble', 'Akali']","['Nocturne', 'Pantheon', 'Lucian', 'Neeko', 'Corki']","[""K'Sante"", 'Jarvan IV', 'Ryze', 'Ezreal', 'Bard']","['Jayce', 'Xin Zhao', 'Orianna', ""Kai'Sa"", 'Nautilus']",[],[],1,leaguepedia_cargo_patch_range,0,scoreboard_players_corrected
North American Challengers League/2026 Season/Spring Season_Week 7_5_2,2026-05-08 21:06:00,26.09,NACL 2026 Spring,Maryville University,Winthrop University,Maryville University,"['Seraphine', 'Karma', 'Neeko', 'Jax', 'Viktor']","['Gnar', 'Nocturne', 'Lucian', 'Rell', 'Leona']","['Naafiri', 'Pantheon', 'Mel', 'Corki', 'Nami']","['Varus', 'Lee Sin', 'Annie', 'Jhin', 'Rakan']",[],[],1,leaguepedia_cargo_patch_range,0,scoreboard_players_corrected
North American Challengers League/2026 Season/Spring Season_Week 7_6_1,2026-05-08 22:14:00,26.09,NACL 2026 Spring,Citadel Gaming,Apex Mission Impossible,Citadel Gaming,"['Xin Zhao', 'Jarvan IV', 'Caitlyn', 'Jhin', 'Sivir']","['Orianna', 'Karma', 'Neeko', 'Jax', 'Nautilus']","['Rumble', 'Skarner', 'Ahri', 'Ezreal', 'Nami']","['Yorick', 'Pantheon', 'Mel', 'Varus', 'Bard']",[],[],1,leaguepedia_cargo_patch_range,0,scoreboard_players_corrected
North American Challengers League/2026 Season/Spring Season_Week 7_6_2,2026-05-08 23:08:00,26.09,NACL 2026 Spring,Citadel Gaming,Apex Mission Impossible,Citadel Gaming,"['Nocturne', 'Vi', 'Seraphine', 'Akali', 'LeBlanc']","['Jarvan IV', 'Caitlyn', 'Jhin', 'Nautilus', 'Rell']","['Gragas', 'Xin Zhao', 'Azir', 'Smolder', 'Karma']","['Jax', 'Trundle', 'Orianna', 'Senna', 'Rakan']",[],[],1,leaguepedia_cargo_patch_range,0,scoreboard_players_corrected
LCK Academy Series/2026 Season/1st Championship Playoffs_Round 1_1_1,2026-05-09 05:13:00,26.09,LCK AS 2026 1st Championship Playoffs,Dplus Kia Youth,KT Rolster Academy,Dplus Kia Youth,"['Varus', 'Ezreal', 'Jarvan IV', 'Annie', 'Ryze']","['Rumble', 'Karma', 'Orianna', 'Nautilus', 'Pyke']","['Gnar', 'Nocturne', 'Aurora', 'Ziggs', 'Rell']","['Jayce', 'Xin Zhao', 'Ahri', 'Ashe', 'Seraphine']",[],[],1,leaguepedia_cargo_patch_range,0,scoreboard_players_corrected
LCK Academy Series/2026 Season/1st Championship Playoffs_Round 1_1_2,2026-05-09 05:57:00,26.09,LCK AS 2026 1st Championship Playoffs,KT Rolster Academy,Dplus Kia Youth,KT Rolster Academy,"['Nautilus', 'Varus', 'Annie', 'Ryze', 'Vayne']","['Orianna', 'Rumble', 'Karma', 'Anivia', 'Akali']","['Renekton', 'Jarvan IV', 'Taliyah', 'Lucian', 'Nami']","[""K'Sante"", 'Lee Sin', 'Twisted Fate', 'Aphelios', 'Milio']",[],[],1,leaguepedia_cargo_patch_range,0,scoreboard_players_corrected
LCK Academy Series/2026 Season/1st Championship Playoffs_Round 1_1_3,2026-05-09 06:57:00,26.09,LCK AS 2026 1st Championship Playoffs,KT Rolster Academy,Dplus Kia Youth,Dplus Kia Youth,"['Nautilus', 'Pantheon', 'Varus', 'Ryze', 'Galio']","['Rumble', 'Orianna', 'Ezreal', 'Naafiri', 'Wukong']","['Sion', 'Qiyana', 'Annie', 'Jhin', 'Karma']","['Ambessa', 'Vi', ""Vel'Koz"", 'Caitlyn', 'Bard']",[],[],0,leaguepedia_cargo_patch_range,1,scoreboard_players_corrected
LCK Academy Series/2026 Season/1st Championship Playoffs_Round 1_1_4,2026-05-09 07:51:00,26.09,LCK AS 2026 1st Championship Playoffs,KT Rolster Academy,Dplus Kia Youth,Dplus Kia Youth,"['Ryze', 'Ezreal', 'Pantheon', 'Sivir', ""Kai'Sa""]","['Rumble', 'Orianna', 'Lulu', 'Akali', 'LeBlanc']","['Varus', 'Wukong', 'Galio', 'Yunara', 'Rakan']","['Gragas', 'Naafiri', 'Azir', 'Yasuo', 'Neeko']",[],[],0,leaguepedia_cargo_patch_range,1,scoreboard_players_corrected
LCK/2026 Season/Rounds 1-2_Week 6_7_1,2026-05-09 08:06:00,26.09,LCK 2026 Rounds 1-2,KT Rolster,BNK FEARX,BNK FEARX,"['Varus', 'Lucian', 'Bard', 'Ryze', 'Azir']","['Rumble', 'Karma', 'Orianna', 'Gnar', 'Vayne']","['Jayce', 'Xin Zhao', 'Taliyah', 'Ashe', 'Seraphine']","['Olaf', 'Jarvan IV', 'Aurora', 'Mel', 'Skarner']",[],[],0,leaguepedia_cargo_patch_range,1,scoreboard_players_corrected
LCK Academy Series/2026 Season/1st Championship Playoffs_Round 1_2_1,2026-05-09 08:53:00,26.09,LCK AS 2026 1st Championship Playoffs,DN SOOPers Academy,Gen.G Scholars,Gen.G Scholars,"['Varus', 'Pantheon', 'Jarvan IV', ""K'Sante"", 'Aurora']","['Orianna', 'Karma', 'Ezreal', 'Nautilus', 'Caitlyn']","['Rumble', 'Vi', 'Ryze', 'Corki', 'Nami']","['Sion', 'Nocturne', 'Anivia', 'Lucian', 'Milio']",[],[],0,leaguepedia_cargo_patch_range,1,scoreboard_players_corrected
LCK/2026 Season/Rounds 1-2_Week 6_7_2,2026-05-09 09:00:00,26.09,LCK 2026 Rounds 1-2,KT Rolster,BNK FEARX,BNK FEARX,"['Varus', 'Nocturne', 'Lucian', 'Pantheon', 'Annie']","['Rumble', 'Karma', 'Orianna', 'Ryze', 'Gnar']","[""K'Sante"", 'Vi', 'Ahri', 'Yunara', 'Lulu']","['Renekton', 'Wukong', 'Lissandra', 'Caitlyn', 'Bard']",[],[],0,leaguepedia_cargo_patch_range,1,scoreboard_players_corrected
Hitpoint 2nd Division Challengers/2026 Season/Spring Split_Week 3_1_1,2026-05-09 09:13:00,26.09,Hitpoint 2nd Div Challengers 2026 Spring,KIA.eSuba Academy,CITA Kaizen Academy,CITA Kaizen Academy,"['Syndra', 'Ambessa', 'Corki', 'Smolder', 'Varus']","['Jarvan IV', 'Orianna', 'Ezreal', 'Akali', 'Ahri']","[""K'Sante"", 'Pantheon', 'Taliyah', 'Caitlyn', 'Karma']","[""Cho'Gath"", 'Xin Zhao', 'Azir', 'Lucian', 'Nami']",[],[],0,leaguepedia_cargo_patch_range,1,scoreboard_players_corrected
LPL/2026 Season/Split 2_Week 6_7_1,2026-05-09 09:13:00,26.09,LPL 2026 Split 2,Invictus Gaming,Ninjas in Pyjamas.CN,Invictus Gaming,"['Jarvan IV', 'Ezreal', 'Seraphine', 'Ambessa', 'Gnar']","['Rumble', 'Lucian', 'Varus', 'Corki', 'Yunara']","['Gwen', 'Nocturne', 'Akali', 'Sivir', 'Karma']","['Sion', 'Vi', 'Orianna', 'Jhin', 'Bard']",[],[],1,leaguepedia_cargo_patch_range,0,scoreboard_players_corrected
LCP/2026 Season/Split 2_Week 6_1_1,2026-05-09 09:20:00,26.09,LCP 2026 Split 2,Ground Zero Gaming,CTBC Flying Oyster,CTBC Flying Oyster,"['Orianna', 'Pantheon', 'Nautilus', 'Bard', 'Mel']","['Lucian', 'Ezreal', 'Nocturne', ""K'Sante"", 'Sion']","['Rumble', 'Jarvan IV', 'Ryze', 'Varus', 'Rell']","['Ornn', 'Xin Zhao', 'Aurora', 'Ashe', 'Seraphine']",[],[],0,leaguepedia_cargo_patch_range,1,scoreboard_players_corrected
LCK Academy Series/2026 Season/1st Championship Playoffs_Round 1_2_2,2026-05-09 09:42:00,26.09,LCK AS 2026 1st Championship Playoffs,Gen.G Scholars,DN SOOPers Academy,DN SOOPers Academy,"['Karma', 'Varus', 'Bard', 'Vayne', 'Jayce']","['Orianna', 'Pantheon', 'Nautilus', 'Galio', 'Annie']","['Gnar', 'Naafiri', 'Viktor', 'Ezreal', 'Pyke']","['Twisted Fate', 'Xin Zhao', 'Aurora', 'Sivir', 'Seraphine']",[],[],0,leaguepedia_cargo_patch_range,1,scoreboard_players_corrected
Nexus League/2026 Season/Spring Split_Week 5_1_1,2026-05-09 10:07:00,26.09,Nexus League 2026 Spring,Karmine Corp Blue Stars,Project Conquerors,Karmine Corp Blue Stars,"['Varus', 'Karma', 'Ryze', 'Sion', 'Pantheon']","['Jarvan IV', 'Akali', 'Nocturne', 'Jayce', 'Sivir']","['Aurora', 'Xin Zhao', 'Orianna', 'Ezreal', 'Braum']","['Ambessa', 'Kayn', 'Viktor', 'Smolder', 'Nautilus']",[],[],1,leaguepedia_cargo_patch_range,0,scoreboard_players_corrected
Hitpoint 2nd Division Challengers/2026 Season/Spring Split_Week 3_1_2,2026-05-09 10:09:00,26.09,Hitpoint 2nd Div Challengers 2026 Spring,KIA.eSuba Academy,CITA Kaizen Academy,CITA Kaizen Academy,"['Syndra', 'Ambessa', 'Ashe', 'Akali', 'Anivia']","['Jarvan IV', 'Orianna', 'Ezreal', 'Nautilus', 'Bard']","['Sion', 'Nocturne', 'Ryze', 'Yunara', 'Neeko']","['Zac', 'Wukong', 'Aurora', 'Smolder', 'Seraphine']",[],[],0,leaguepedia_cargo_patch_range,1,scoreboard_players_corrected
LCP/2026 Season/Split 2_Week 6_1_2,2026-05-09 10:09:00,26.09,LCP 2026 Split 2,CTBC Flying Oyster,Ground Zero Gaming,CTBC Flying Oyster,"['Ambessa', 'Orianna', 'Naafiri', 'Wukong', 'Yone']","['Lucian', 'Ezreal', 'Pantheon', 'Ahri', 'Taliyah']","['Sion', 'Vi', 'Annie', ""Kai'Sa"", 'Leona']","['Gwen', 'Skarner', 'Jayce', 'Ziggs', 'Shen']",[],[],1,leaguepedia_cargo_patch_range,0,scoreboard_players_corrected
LPL/2026 Season/Split 2_Week 6_7_2,2026-05-09 10:12:00,26.09,LPL 2026 Split 2,Ninjas in Pyjamas.CN,Invictus Gaming,Invictus Gaming,"['Varus', 'Lucian', 'Lee Sin', 'Pantheon', 'Jayce']","['Rumble', 'Jarvan IV', 'Ezreal', 'Viktor', 'Aurora']","['Gnar', 'Shyvana', 'Annie', 'Senna', 'Seraphine']","['Renekton', 'Xin Zhao', 'Ryze', 'Ashe', 'Lulu']",[],[],0,leaguepedia_cargo_patch_range,1,scoreboard_players_corrected
Hellenic Challengers Cup/2026 Season/Spring Playoffs_Semifinals_1_1,2026-05-09 10:14:00,26.09,HCC 2026 Spring Playoffs,Zerolag Esports,The ParadOx Academy,Zerolag Esports,"['Ivern', 'Naafiri', 'Aurora', ""Kai'Sa"", 'Sivir']","['Rumble', 'Gnar', 'Gwen', 'Zaahen', 'Varus']","['Olaf', 'Trundle', 'Orianna', 'Ezreal', 'Karma']","['Sion', 'Jarvan IV', 'Anivia', 'Seraphine', 'Nautilus']",[],[],1,leaguepedia_cargo_patch_range,0,scoreboard_players_corrected
LCK/2026 Season/Rounds 1-2_Week 6_8_1,2026-05-09 10:15:00,26.09,LCK 2026 Rounds 1-2,HANJIN BRION,Nongshim RedForce,HANJIN BRION,"['Varus', 'Ezreal', 'Lee Sin', 'Nocturne', 'Vi']","['Orianna', 'Karma', 'Azir', 'Anivia', 'Cassiopeia']","['Rumble', 'Xin Zhao', 'Ryze', 'Lucian', 'Milio']","['Ambessa', 'Jarvan IV', 'Annie', 'Caitlyn', 'Bard']",[],[],1,leaguepedia_cargo_patch_range,0,scoreboard_players_corrected
Hellenic Challengers Cup/2026 Season/Spring Playoffs_Semifinals_2_1,2026-05-09 10:16:00,26.09,HCC 2026 Spring Playoffs,Paranormal Invaders,EKSI EPTA,EKSI EPTA,"['Aurora', 'Naafiri', 'Orianna', 'Jarvan IV', 'Dr. Mundo']","['Rumble', 'Jayce', 'Pyke', 'Nautilus', 'Syndra']","['Renekton', 'Taliyah', 'Sion', 'Jhin', 'Nami']","[""K'Sante"", 'Pantheon', 'Ryze', 'Caitlyn', 'Bard']",[],[],0,leaguepedia_cargo_patch_range,1,scoreboard_players_corrected
LCK Academy Series/2026 Season/1st Championship Playoffs_Round 1_2_3,2026-05-09 10:31:00,26.09,LCK AS 2026 1st Championship Playoffs,Gen.G Scholars,DN SOOPers Academy,Gen.G Scholars,"['Karma', 'Olaf', 'Nautilus', 'Caitlyn', 'Jhin']","['Orianna', 'Pantheon', 'Varus', 'Annie', 'Lissandra']","['Renekton', 'Jarvan IV', 'Galio', 'Yunara', 'Lulu']","[""K'Sante"", 'Lee Sin', 'Ahri', 'Smolder', 'Bard']",[],[],1,leaguepedia_cargo_patch_range,0,scoreboard_players_corrected
Hellenic Challengers Cup/2026 Season/Spring Playoffs_Semifinals_1_2,2026-05-09 10:57:00,26.09,HCC 2026 Spring Playoffs,Zerolag Esports,The ParadOx Academy,Zerolag Esports,"['Ivern', 'Aurora', 'Naafiri', 'Rakan', 'Braum']","['Rumble', 'Gnar', 'Gwen', 'Alistar', 'Rell']","['Aatrox', 'Pantheon', 'Ryze', ""Kai'Sa"", 'Thresh']","[""K'Sante"", 'Wukong', 'Akali', 'Xayah', 'Lulu']",[],[],1,leaguepedia_cargo_patch_range,0,scoreboard_players_corrected
LCK/2026 Season/Rounds 1-2_Week 6_8_2,2026-05-09 11:13:00,26.09,LCK 2026 Rounds 1-2,HANJIN BRION,Nongshim RedForce,HANJIN BRION,"['Varus', 'Azir', 'Karma', 'Viktor', 'Renekton']","['Orianna', 'Ezreal', 'Nocturne', 'Jayce', 'Vayne']","['Twisted Fate', 'Pantheon', 'Aurora', 'Miss Fortune', 'Nautilus']","['Gnar', 'Skarner', 'Taliyah', 'Ashe', 'Seraphine']",[],[],1,leaguepedia_cargo_patch_range,0,scoreboard_players_corrected
Nexus League/2026 Season/Spring Split_Week 5_2_1,2026-05-09 11:16:00,26.09,Nexus League 2026 Spring,Galions Sharks,Crystal Rose (French Team),Galions Sharks,"['Nocturne', 'Aurelion Sol']","['Seraphine', 'Orianna', 'Karma', 'Bard', 'Yunara']","['Rumble', 'Gwen', 'Sion', ""Kai'Sa"", 'Nautilus']","['Aatrox', 'Xin Zhao', 'Viktor', 'Jhin', 'Alistar']",[],[],1,leaguepedia_cargo_patch_range,0,scoreboard_players_corrected
LPL/2026 Season/Split 2_Week 6_8_1,2026-05-09 11:17:00,26.09,LPL 2026 Split 2,Team WE,Top Esports,Top Esports,"['Ashe', 'Varus', 'Ambessa', 'Sivir', 'Yorick']","['Orianna', 'Rumble', 'Sion', 'Xin Zhao', 'Naafiri']","['Jayce', 'Lee Sin', 'Ryze', 'Ezreal', 'Bard']","[""K'Sante"", 'Jarvan IV', 'Annie', 'Jhin', 'Karma']",[],[],0,leaguepedia_cargo_patch_range,1,scoreboard_players_corrected
Hitpoint 2nd Division Challengers/2026 Season/Spring Split_Week 3_2_1,2026-05-09 11:19:00,26.09,Hitpoint 2nd Div Challengers 2026 Spring,Priority,EXILE esports Academy,EXILE esports Academy,"['Talon', 'Seraphine', 'Ambessa', 'Malphite', 'Yorick']","[""K'Sante"", 'Orianna', 'Aurora', 'Skarner', 'Dr. Mundo']","['Sion', 'Jarvan IV', 'Jayce', 'Ezreal', 'Bard']","[""Cho'Gath"", 'Xin Zhao', 'Viktor', 'Varus', 'Karma']",[],[],0,leaguepedia_cargo_patch_range,1,scoreboard_players_corrected
LCP/2026 Season/Split 2_Week 6_2_1,2026-05-09 11:24:00,26.09,LCP 2026 Split 2,Team Secret Whales,MVK Esports,Team Secret Whales,"['Ashe', 'Nocturne', 'Nautilus', 'Annie', ""K'Sante""]","['Orianna', 'Jarvan IV', 'Ryze', 'Xin Zhao', 'Vi']","['Rumble', 'Pantheon', 'Aurora', 'Jhin', 'Bard']","['Ornn', 'Naafiri', 'Viktor', 'Ezreal', 'Karma']",[],[],1,leaguepedia_cargo_patch_range,0,scoreboard_players_corrected
LCK Academy Series/2026 Season/1st Championship Playoffs_Round 1_2_4,2026-05-09 11:32:00,26.09,LCK AS 2026 1st Championship Playoffs,DN SOOPers Academy,Gen.G Scholars,Gen.G Scholars,"['Azir', 'Neeko', 'Karma', 'Annie', 'Jayce']","['Varus', 'Orianna', 'Caitlyn', 'Olaf', 'Yorick']","['Ambessa', 'Pantheon', 'Akali', ""Kai'Sa"", 'Nautilus']","['Vayne', 'Skarner', 'Brand', 'Jhin', 'Leona']",[],[],0,leaguepedia_cargo_patch_range,1,scoreboard_players_corrected
Hellenic Challengers Cup/2026 Season/Spring Playoffs_Semifinals_2_2,2026-05-09 11:33:00,26.09,HCC 2026 Spring Playoffs,EKSI EPTA,Paranormal Invaders,Paranormal Invaders,"['Jayce', 'Pyke', 'Nautilus', 'Gwen', 'Syndra']","['Naafiri', 'Orianna', 'Ashe', 'Aurora', 'Aurelion Sol']","['Ornn', 'Xin Zhao', 'Anivia', 'Ezreal', 'Karma']","['Aatrox', 'Dr. Mundo', 'Viktor', 'Yunara', 'Lulu']",[],[],0,leaguepedia_cargo_patch_range,1,scoreboard_players_corrected
Hellenic Challengers Cup/2026 Season/Spring Playoffs_Semifinals_1_3,2026-05-09 11:42:00,26.09,HCC 2026 Spring Playoffs,Zerolag Esports,The ParadOx Academy,Zerolag Esports,"['Ivern', 'Aurora', 'Naafiri', 'Milio', 'Jax']","['Rumble', 'Gnar', 'Gwen', 'Leona', 'Rell']","['Yorick', 'Zac', 'Annie', 'Varus', 'Nami']","['Udyr', 'Neeko', 'Zed', 'Aphelios', 'Rakan']",[],[],1,leaguepedia_cargo_patch_range,0,scoreboard_players_corrected
Hitpoint 2nd Division Challengers/2026 Season/Spring Split_Week 3_2_2,2026-05-09 12:11:00,26.09,Hitpoint 2nd Div Challengers 2026 Spring,EXILE esports Academy,Priority,Priority,"[""K'Sante"", 'Aurora', 'Akali', 'Wukong', 'Nocturne']","['Talon', 'Seraphine', 'Orianna', 'Sylas', 'Vi']","['Rumble', 'Dr. Mundo', 'Mel', 'Caitlyn', 'Neeko']","['Malphite', 'Skarner', 'Ahri', 'Jhin', 'Camille']",[],[],0,leaguepedia_cargo_patch_range,1,scoreboard_players_corrected
Nexus League/2026 Season/Spring Split_Week 5_3_1,2026-05-09 12:13:00,26.09,Nexus League 2026 Spring,Lausanne-Sport Esports,Caldya Esport,Caldya Esport,"['Nautilus', 'Sion', 'Anivia', 'Malphite', 'Syndra']","['Zoe', 'Orianna', 'Ezreal', 'Ahri', 'Jarvan IV']","['Gwen', ""Rek'Sai"", 'Jayce', 'Jhin', 'Karma']","['Yorick', 'Nocturne', 'Viktor', 'Caitlyn', 'Bard']",[],[],0,leaguepedia_cargo_patch_range,1,scoreboard_players_corrected
LCP/2026 Season/Split 2_Week 6_2_2,2026-05-09 12:19:00,26.09,LCP 2026 Split 2,Team Secret Whales,MVK Esports,Team Secret Whales,"['Xin Zhao', 'Orianna', 'Ryze', 'Akali', 'Gangplank']","['Ashe', 'Nocturne', 'Jarvan IV', 'Annie', 'Taliyah']","['Malphite', 'Trundle', 'Ahri', 'Varus', 'Nautilus']","['Gnar', 'Vi', 'Cassiopeia', 'Lucian', 'Milio']",[],[],1,leaguepedia_cargo_patch_range,0,scoreboard_players_corrected
LPL/2026 Season/Split 2_Week 6_8_2,2026-05-09 12:22:00,26.09,LPL 2026 Split 2,Team WE,Top Esports,Top Esports,"['Ashe', 'Nocturne', 'Vi', 'Lulu', 'Nautilus']","['Orianna', 'Varus', 'Rumble', 'Twisted Fate', 'Renekton']","['Aatrox', 'Pantheon', 'LeBlanc', 'Lucian', 'Milio']","['Ambessa', 'Xin Zhao', 'Aurora', 'Corki', 'Nami']",[],[],0,leaguepedia_cargo_patch_range,1,scoreboard_players_corrected
Hellenic Challengers Cup/2026 Season/Spring Playoffs_Semifinals_2_3,2026-05-09 12:37:00,26.09,HCC 2026 Spring Playoffs,Paranormal Invaders,EKSI EPTA,EKSI EPTA,"['Naafiri', 'Orianna', 'Aurora', 'Nautilus', 'Rell']","['Pyke', 'Jayce', 'Rumble', 'Syndra', 'Jax']","['Olaf', 'Lee Sin', 'LeBlanc', 'Ashe', 'Seraphine']","['Varus', 'Jarvan IV', 'Aurelion Sol', 'Lucian', 'Milio']",[],[],0,leaguepedia_cargo_patch_range,1,scoreboard_players_corrected
Hitpoint 2nd Division Challengers/2026 Season/Spring Split_Week 3_2_3,2026-05-09 13:02:00,26.09,Hitpoint 2nd Div Challengers 2026 Spring,EXILE esports Academy,Priority,Priority,"[""K'Sante"", 'Aurora', 'Orianna', 'Pyke', 'Nautilus']","['Talon', 'Seraphine', 'Akali', 'Taliyah', 'Lillia']","['Gnar', 'Zyra', 'Yone', 'Yunara', 'Lulu']","['Ornn', 'Wukong', 'Azir', ""Kai'Sa"", 'Pantheon']",[],[],0,leaguepedia_cargo_patch_range,1,scoreboard_players_corrected
Nexus League/2026 Season/Spring Split_Week 5_4_1,2026-05-09 13:10:00,26.09,Nexus League 2026 Spring,Lille Esport,Zephyr Esport,Lille Esport,"['Zoe', 'Rumble', 'Ezreal', 'Gwen', 'Ahri']","['Akali', 'Orianna', 'Pantheon', 'Viktor', 'Sion']","[""K'Sante"", 'Xin Zhao', 'Ryze', 'Ashe', 'Seraphine']","['Gnar', 'Jarvan IV', 'Syndra', 'Corki', 'Nami']",[],[],1,leaguepedia_cargo_patch_range,0,scoreboard_players_corrected
Hellenic Challengers Cup/2026 Season/Spring Playoffs_Semifinals_2_4,2026-05-09 13:31:00,26.09,HCC 2026 Spring Playoffs,EKSI EPTA,Paranormal Invaders,EKSI EPTA,"['Pyke', 'Jayce', 'Akali', 'Rumble', 'Jax']","['Orianna', 'Aurora', 'Naafiri', 'Braum', 'Alistar']","['Gnar', 'Wukong', 'Syndra', 'Smolder', 'Tahm Kench']","['Vayne', 'Nocturne', 'Ahri', ""Kai'Sa"", 'Nautilus']",[],[],1,leaguepedia_cargo_patch_range,0,scoreboard_players_corrected
LEC/2026 Season/Spring Season_Week 7_3_1,2026-05-09 14:14:00,26.09,LEC 2026 Spring,GIANTX,G2 Esports,G2 Esports,"['Jarvan IV', 'Karma', 'Ashe', 'Yunara', 'Annie']","['Orianna', 'Varus', 'Lucian', 'Nautilus', 'Bard']","['Rumble', 'Skarner', 'Yone', 'Ezreal', 'Nami']","['Ornn', 'Pantheon', 'Aurora', 'Sivir', 'Lulu']",[],[],0,leaguepedia_cargo_patch_range,1,scoreboard_players_corrected
LEC/2026 Season/Spring Season_Week 7_3_2,2026-05-09 15:15:00,26.09,LEC 2026 Spring,G2 Esports,GIANTX,G2 Esports,"['Nautilus', 'Milio', 'Varus', 'Vayne', 'Viktor']","['Orianna', 'Caitlyn', 'Ashe', 'Annie', 'Ryze']","['Gnar', 'Wukong', 'Galio', ""Kai'Sa"", 'Neeko']","['Renekton', 'Jarvan IV', 'LeBlanc', 'Xayah', 'Bard']",[],[],1,leaguepedia_cargo_patch_range,0,scoreboard_players_corrected
CBLOL/2026 Season/Split 1 Playoffs_Round 1_1_1,2026-05-09 16:16:00,26.09,CBLOL 2026 Split 1 Playoffs,LOUD,Vivo Keyd Stars,LOUD,"['Bard', 'Jarvan IV', 'Naafiri', 'Jhin', 'Ezreal']","['Varus', 'Nocturne', 'Pantheon', 'Xin Zhao', 'Annie']","[""K'Sante"", 'Aatrox', 'Ryze', 'Caitlyn', 'Karma']","['Rumble', 'Zaahen', 'Orianna', 'Ashe', 'Seraphine']",[],[],1,leaguepedia_cargo_patch_range,0,scoreboard_players_corrected
LEC/2026 Season/Spring Season_Week 7_4_1,2026-05-09 16:32:00,26.09,LEC 2026 Spring,Karmine Corp,Movistar KOI,Karmine Corp,"['Varus', 'Nautilus', 'Karma', 'Vi', 'Sion']","['Orianna', 'Xin Zhao', 'Jarvan IV', 'Akali', 'Rumble']","['Jayce', 'Pantheon', 'Taliyah', 'Ashe', 'Seraphine']","['Shyvana', 'Skarner', 'Azir', 'Caitlyn', 'Bard']",[],[],1,leaguepedia_cargo_patch_range,0,scoreboard_players_corrected
CBLOL/2026 Season/Split 1 Playoffs_Round 1_1_2,2026-05-09 17:12:00,26.09,CBLOL 2026 Split 1 Playoffs,LOUD,Vivo Keyd Stars,LOUD,"['Naafiri', 'Vayne', 'Bard', 'Ezreal', 'Lucian']","['Varus', 'Nocturne', 'Pantheon', 'Lulu', 'Milio']","['Sion', 'Vi', 'Ahri', 'Kalista', 'Renata Glasc']","['Jayce', 'Jarvan IV', 'Galio', 'Xayah', 'Rakan']",[],[],1,leaguepedia_cargo_patch_range,0,scoreboard_players_corrected
LEC/2026 Season/Spring Season_Week 7_4_2,2026-05-09 17:37:00,26.09,LEC 2026 Spring,Karmine Corp,Movistar KOI,Movistar KOI,"['Varus', 'Nautilus', 'Jarvan IV', 'Lulu', 'Rakan']","['Xin Zhao', 'Milio', 'Karma', 'Poppy', 'Galio']","['Renekton', 'Wukong', 'Orianna', 'Corki', 'Nami']","['Rumble', 'Vi', 'Akali', ""Kai'Sa"", 'Neeko']",[],[],0,leaguepedia_cargo_patch_range,1,scoreboard_players_corrected
CBLOL/2026 Season/Split 1 Playoffs_Round 1_1_3,2026-05-09 17:59:00,26.09,CBLOL 2026 Split 1 Playoffs,LOUD,Vivo Keyd Stars,Vivo Keyd Stars,"['Naafiri', 'Vayne', 'Nautilus', 'Annie', 'Aurora']","['Nocturne', 'Varus', 'Pantheon', 'Skarner', 'Twisted Fate']","['Gnar', 'Trundle', 'LeBlanc', 'Draven', 'Milio']","['Yorick', 'Poppy', 'Viktor', 'Lucian', 'Nami']",[],[],0,leaguepedia_cargo_patch_range,1,scoreboard_players_corrected
LEC/2026 Season/Spring Season_Week 7_4_3,2026-05-09 18:26:00,26.09,LEC 2026 Spring,Movistar KOI,Karmine Corp,Karmine Corp,"['Milio', 'Xin Zhao', 'Nautilus', 'Vayne', 'Naafiri']","['Anivia', 'Jarvan IV', 'Varus', 'Nocturne', 'Qiyana']","['Zeri', 'Trundle', 'Ryze', 'Ezreal', 'Karma']","['Gnar', ""Kha'Zix"", 'Annie', 'Sivir', 'Lulu']",[],[],0,leaguepedia_cargo_patch_range,1,scoreboard_players_corrected
Arabian League 2nd Division/2026 Season/Spring Split_Week 5_4_2,2026-05-09 18:43:00,26.09,Arabian League 2nd Division 2026 Spring,Pyramid IV Esports,Pegasus Esports,Pyramid IV Esports,"['Karma', 'Seraphine', 'Poppy', 'Lulu']","['Olaf', 'Vladimir', 'Gwen', 'Ahri', 'Neeko']","['Darius', 'Vayne', 'Orianna', 'Kalista', 'Jarvan IV']","['Sion', 'Zaahen', 'Ryze', 'Yunara', 'Braum']",[],[],1,leaguepedia_cargo_patch_range,0,scoreboard_players_corrected
Arabian League 2nd Division/2026 Season/Spring Split_Week 5_3_1,2026-05-09 18:47:00,26.09,Arabian League 2nd Division 2026 Spring,3BL Galaxy Academy,JSK Academy,JSK Academy,"['Akali', 'Anivia', 'Xin Zhao', 'Sion', 'Zoe']","['Orianna', 'Ryze', 'Ambessa', 'Shen', 'Mel']","['Renekton', 'Jarvan IV', 'Syndra', 'Smolder', 'Nami']","['Gragas', 'Pantheon', 'Ahri', 'Caitlyn', 'Karma']",[],[],0,leaguepedia_cargo_patch_range,1,scoreboard_players_corrected
CBLOL/2026 Season/Split 1 Playoffs_Round 1_1_4,2026-05-09 18:57:00,26.09,CBLOL 2026 Split 1 Playoffs,Vivo Keyd Stars,LOUD,LOUD,"['Pantheon', 'Lulu', 'Varus', 'Twisted Fate', 'Akali']","['Nocturne', 'Annie', 'Renekton', 'Volibear', 'Vayne']","['Ambessa', 'Skarner', 'Syndra', 'Sivir', 'Neeko']","[""Rek'Sai"", 'Naafiri', 'Aurora', 'Jhin', 'Bard']",[],[],0,leaguepedia_cargo_patch_range,1,scoreboard_players_corrected
Arabian League 2nd Division/2026 Season/Spring Split_Week 5_3_2,2026-05-09 19:37:00,26.09,Arabian League 2nd Division 2026 Spring,JSK Academy,3BL Galaxy Academy,JSK Academy,"['Ambessa', 'Mel', 'Braum', 'Milio', 'Seraphine']","['Ryze', 'Aphelios', 'Nautilus', 'Alistar', 'Bard']","['Varus', 'Lillia', 'Irelia', ""Kog'Maw"", 'Lulu']","['Malphite', 'Wukong', 'Akali', 'Ashe', 'Rakan']",[],[],1,leaguepedia_cargo_patch_range,0,scoreboard_players_corrected
Arabian League 2nd Division/2026 Season/Spring Split_Week 5_4_3,2026-05-09 19:42:00,26.09,Arabian League 2nd Division 2026 Spring,Pyramid IV Esports,Pegasus Esports,Pyramid IV Esports,"['Karma', 'Ornn', 'Aatrox', 'Xin Zhao', 'Alistar']","['Gwen', 'Olaf', 'Vladimir', 'Neeko', 'Ambessa']","['Trundle', 'Vi', 'Viktor', ""Kai'Sa"", 'Rell']","[""K'Sante"", 'Naafiri', 'Syndra', 'Aphelios', 'Thresh']",[],[],1,leaguepedia_cargo_patch_range,0,scoreboard_players_corrected
LCS/2026 Season/Spring Season_Week 6_1_1,2026-05-09 20:08:00,26.09,LCS 2026 Spring,Shopify Rebellion,Sentinels,Sentinels,"['Varus', 'Anivia', 'Jarvan IV', 'Pantheon', 'Vi']","['Orianna', 'Karma', 'Nocturne', 'Lee Sin', 'Naafiri']","['Rumble', 'Dr. Mundo', 'Ryze', 'Ezreal', 'Neeko']","[""K'Sante"", 'Skarner', 'Cassiopeia', 'Caitlyn', 'Bard']",[],[],0,leaguepedia_cargo_patch_range,1,scoreboard_players_corrected
LCS/2026 Season/Spring Season_Week 6_1_2,2026-05-09 21:05:00,26.09,LCS 2026 Spring,Shopify Rebellion,Sentinels,Sentinels,"['Anivia', 'Jarvan IV', 'Xin Zhao', 'Sion', 'Annie']","['Orianna', 'Varus', 'Nocturne', 'Akali', 'Sylas']","['Jayce', 'Pantheon', 'Taliyah', 'Corki', 'Nami']","['Ornn', 'Naafiri', 'Viktor', 'Ashe', 'Seraphine']",[],[],0,leaguepedia_cargo_patch_range,1,scoreboard_players_corrected
LCS/2026 Season/Spring Season_Week 6_2_1,2026-05-09 22:00:00,26.09,LCS 2026 Spring,Dignitas,Disguised,Disguised,"['Jarvan IV', 'Bard', 'Varus', 'Anivia', 'Cassiopeia']","['Orianna', 'Nocturne', 'Karma', 'Ezreal', 'Nautilus']","['Ornn', 'Vi', 'Taliyah', 'Ashe', 'Seraphine']","['Rumble', 'Xin Zhao', 'Ryze', 'Smolder', 'Nami']",[],[],0,leaguepedia_cargo_patch_range,1,scoreboard_players_corrected
LCS/2026 Season/Spring Season_Week 6_2_2,2026-05-09 22:43:00,26.09,LCS 2026 Spring,Disguised,Dignitas,Disguised,"['Nocturne', 'Pantheon', 'Bard', 'Neeko', 'Sivir']","['Varus', 'Karma', 'Lucian', 'Gwen', 'Gnar']","['Sion', 'Jarvan IV', 'Akali', 'Yunara', 'Lulu']","['Shen', 'Poppy', 'Orianna', 'Ezreal', 'Nautilus']",[],[],1,leaguepedia_cargo_patch_range,0,scoreboard_players_corrected
LCK Academy Series/2026 Season/1st Championship Playoffs_Round 2_1_1,2026-05-10 05:12:00,26.09,LCK AS 2026 1st Championship Playoffs,T1 Esports Academy Rookies,Gen.G Scholars,T1 Esports Academy Rookies,"['Varus', 'Pantheon', 'Nocturne', 'Viktor', 'Aurora']","['Orianna', 'Karma', 'Ezreal', 'Seraphine', 'Nautilus']","['Rumble', 'Xin Zhao', 'Annie', 'Kalista', 'Renata Glasc']","['Sion', 'Jarvan IV', 'Ryze', 'Lucian', 'Milio']",[],[],1,leaguepedia_cargo_patch_range,0,scoreboard_players_corrected
LCK Academy Series/2026 Season/1st Championship Playoffs_Round 2_1_2,2026-05-10 06:07:00,26.09,LCK AS 2026 1st Championship Playoffs,Gen.G Scholars,T1 Esports Academy Rookies,Gen.G Scholars,"['Varus', 'Karma', 'Vi', 'Caitlyn', 'Pantheon']","['Nocturne', 'Orianna', 'Lulu', 'Nautilus', 'Galio']","['Jayce', 'Lee Sin', 'Twisted Fate', 'Ezreal', 'Neeko']","['Yorick', 'Skarner', 'Aurora', 'Jhin', 'Bard']",[],[],1,leaguepedia_cargo_patch_range,0,scoreboard_players_corrected
LCK Academy Series/2026 Season/1st Championship Playoffs_Round 2_1_3,2026-05-10 06:59:00,26.09,LCK AS 2026 1st Championship Playoffs,T1 Esports Academy Rookies,Gen.G Scholars,Gen.G Scholars,"['Pantheon', 'Lulu', 'Orianna', 'Vi', 'Wukong']","['Karma', 'Ashe', 'Varus', 'Ahri', 'Vayne']","['Renekton', 'Nocturne', 'Azir', 'Miss Fortune', 'Nautilus']","['Gnar', 'Trundle', 'Akali', 'Corki', 'Nami']",[],[],0,leaguepedia_cargo_patch_range,1,scoreboard_players_corrected
LCK Academy Series/2026 Season/1st Championship Playoffs_Round 2_1_4,2026-05-10 07:53:00,26.09,LCK AS 2026 1st Championship Playoffs,Gen.G Scholars,T1 Esports Academy Rookies,T1 Esports Academy Rookies,"['Karma', 'Vi', 'Ashe', 'Caitlyn', 'Thresh']","['Lulu', 'Orianna', 'Varus', 'Galio', 'Sylas']","['Vayne', 'Pantheon', 'Anivia', 'Yunara', 'Alistar']","[""K'Sante"", 'Viego', 'Ahri', 'Sivir', 'Poppy']",[],[],0,leaguepedia_cargo_patch_range,1,scoreboard_players_corrected
LCK/2026 Season/Rounds 1-2_Week 6_9_1,2026-05-10 08:09:00,26.09,LCK 2026 Rounds 1-2,T1,Dplus Kia,T1,"['Nocturne', 'Bard', 'Varus', 'Azir', 'Anivia']","['Orianna', 'Karma', 'Jarvan IV', 'Ezreal', 'Miss Fortune']","['Yorick', 'Xin Zhao', 'Twisted Fate', 'Ashe', 'Lulu']","['Rumble', 'Trundle', 'Sylas', 'Caitlyn', 'Seraphine']",[],[],1,leaguepedia_cargo_patch_range,0,scoreboard_players_corrected
LCK Academy Series/2026 Season/1st Championship Playoffs_Round 2_1_5,2026-05-10 08:51:00,26.09,LCK AS 2026 1st Championship Playoffs,Gen.G Scholars,T1 Esports Academy Rookies,Gen.G Scholars,"['Karma', 'Ashe', 'Vi', 'Jax', 'Pyke']","['Orianna', 'Lulu', 'Varus', ""Kai'Sa"", 'Caitlyn']","['Ambessa', 'Naafiri', 'Brand', 'Xayah', 'Rakan']","['Zaahen', 'Maokai', 'Yone', 'Ziggs', 'Rell']",[],[],1,leaguepedia_cargo_patch_range,0,scoreboard_players_corrected
LCK/2026 Season/Rounds 1-2_Week 6_9_2,2026-05-10 08:58:00,26.09,LCK 2026 Rounds 1-2,T1,Dplus Kia,T1,"['Nocturne', 'Bard', 'Varus', 'Gnar', 'Azir']","['Orianna', 'Karma', 'Lee Sin', 'Akali', 'Jayce']","['Ambessa', 'Vi', 'Anivia', 'Ezreal', 'Neeko']","['Sion', 'Jarvan IV', 'Viktor', 'Lucian', 'Milio']",[],[],1,leaguepedia_cargo_patch_range,0,scoreboard_players_corrected
LPL/2026 Season/Split 2_Week 6_9_1,2026-05-10 09:11:00,26.09,LPL 2026 Split 2,Ninjas in Pyjamas.CN,Weibo Gaming,Weibo Gaming,"['Vi', 'Annie', 'Sion', 'Naafiri', 'Rumble']","['Orianna', 'Nocturne', 'Jarvan IV', 'Cassiopeia', 'Aurora']","['Anivia', 'Qiyana', 'Ryze', 'Lucian', 'Milio']","['Varus', 'Trundle', 'Azir', 'Ezreal', 'Karma']",[],[],0,leaguepedia_cargo_patch_range,1,scoreboard_players_corrected
Hitpoint 2nd Division Challengers/2026 Season/Spring Split_Week 3_3_1,2026-05-10 09:12:00,26.09,Hitpoint 2nd Div Challengers 2026 Spring,Ethereal Enigmas,Diversion Gaming,Ethereal Enigmas,"['Yunara', 'Karma', 'Ambessa', 'Taliyah', 'Sion']","['Aurora', 'Xin Zhao', 'Zaahen', 'Gnar', 'Jayce']","['Anivia', 'Jarvan IV', 'Ahri', 'Lucian', 'Nami']","['Renekton', 'Vi', 'Akali', 'Ezreal', 'Seraphine']",[],[],1,leaguepedia_cargo_patch_range,0,scoreboard_players_corrected
LCP/2026 Season/Split 2_Week 6_3_1,2026-05-10 09:19:00,26.09,LCP 2026 Split 2,DetonatioN FocusMe,Deep Cross Gaming,Deep Cross Gaming,"['Varus', 'Ezreal', 'Nautilus', 'Vayne', 'Ryze']","['Orianna', 'Rumble', 'Nocturne', 'Cassiopeia', 'Anivia']","['Renekton', 'Jarvan IV', 'Mel', 'Lucian', 'Milio']","['Gnar', 'Lee Sin', 'Annie', 'Caitlyn', 'Bard']",[],[],0,leaguepedia_cargo_patch_range,1,scoreboard_players_corrected
LCK Academy Series/2026 Season/1st Championship Playoffs_Round 2_2_1,2026-05-10 09:48:00,26.09,LCK AS 2026 1st Championship Playoffs,Hanwha Life Esports Academy,Dplus Kia Youth,Dplus Kia Youth,"['Varus', 'Xin Zhao', 'Jarvan IV', 'Vayne', 'Gnar']","['Orianna', 'Rumble', 'Ezreal', 'Annie', 'Ryze']","[""K'Sante"", 'Nocturne', 'Ahri', 'Lucian', 'Milio']","[""Rek'Sai"", 'Vi', 'Aurora', 'Caitlyn', 'Bard']",[],[],0,leaguepedia_cargo_patch_range,1,scoreboard_players_corrected
Hitpoint 2nd Division Challengers/2026 Season/Spring Split_Week 3_3_2,2026-05-10 09:56:00,26.09,Hitpoint 2nd Div Challengers 2026 Spring,Ethereal Enigmas,Diversion Gaming,Ethereal Enigmas,"['Yunara', 'Lulu', 'Ambessa', 'Milio', 'Bard']","['Aurora', 'Xin Zhao', 'Karma', 'Neeko', 'Braum']","['Aatrox', 'Ivern', 'Taliyah', 'Caitlyn', 'Leona']","['Darius', 'Wukong', 'Orianna', 'Jinx', 'Nautilus']",[],[],1,leaguepedia_cargo_patch_range,0,scoreboard_players_corrected
LCP/2026 Season/Split 2_Week 6_3_2,2026-05-10 10:07:00,26.09,LCP 2026 Split 2,Deep Cross Gaming,DetonatioN FocusMe,Deep Cross Gaming,"['Ezreal', 'Nautilus', 'Varus', 'Ryze', 'Jayce']","['Orianna', 'Rumble', 'Nocturne', 'Anivia', 'Yorick']","['Vayne', 'Trundle', 'Aurora', 'Jhin', 'Karma']","['Ambessa', 'Xin Zhao', 'Zoe', 'Ashe', 'Seraphine']",[],[],1,leaguepedia_cargo_patch_range,0,scoreboard_players_corrected
Nexus League/2026 Season/Spring Split_Week 5_5_1,2026-05-10 10:08:00,26.09,Nexus League 2026 Spring,Crystal Rose (French Team),Caldya Esport,Caldya Esport,"['Karma', 'Ezreal', 'Yorick', 'Caitlyn', 'Lulu']","['Nocturne', 'Aatrox', 'Orianna', 'Jhin', 'Smolder']","['Gragas', 'Naafiri', 'Aurelion Sol', 'Varus', 'Neeko']","['Sion', 'Vi', 'Anivia', 'Corki', 'Nami']",[],[],0,leaguepedia_cargo_patch_range,1,scoreboard_players_corrected
LPL/2026 Season/Split 2_Week 6_9_2,2026-05-10 10:12:00,26.09,LPL 2026 Split 2,Weibo Gaming,Ninjas in Pyjamas.CN,Weibo Gaming,"['Jarvan IV', 'Rumble', 'Ambessa', 'Nami', 'Caitlyn']","['Orianna', 'Ashe', 'Nocturne', 'Gnar', 'Xin Zhao']","['Sion', 'Vi', 'Viktor', 'Jhin', 'Bard']","['Gwen', 'Naafiri', 'Annie', 'Yunara', 'Lulu']",[],[],1,leaguepedia_cargo_patch_range,0,scoreboard_players_corrected
Hellenic Challengers Cup/2026 Season/Spring Playoffs_Finals_1_1,2026-05-10 10:20:00,26.09,HCC 2026 Spring Playoffs,Zerolag Esports,EKSI EPTA,Zerolag Esports,"['Aurelion Sol', 'Caitlyn', 'Anivia', 'Pantheon', 'Gwen']","['Rumble', 'Orianna', 'Ryze', 'Gnar', 'Annie']","['Sion', 'Jarvan IV', 'Xerath', 'Ezreal', 'Nami']","['Ornn', 'Xin Zhao', 'Viktor', 'Sivir', 'Karma']",[],[],1,leaguepedia_cargo_patch_range,0,scoreboard_players_corrected
LCK Academy Series/2026 Season/1st Championship Playoffs_Round 2_2_2,2026-05-10 10:30:00,26.09,LCK AS 2026 1st Championship Playoffs,Hanwha Life Esports Academy,Dplus Kia Youth,Dplus Kia Youth,"['Varus', 'Xin Zhao', 'Pantheon', 'Nautilus', 'Karma']","['Rumble', 'Orianna', 'Ezreal', 'Ashe', 'Jhin']","['Jayce', 'Jarvan IV', 'Ryze', 'Corki', 'Nami']","['Yorick', 'Lee Sin', 'Annie', 'Yunara', 'Lulu']",[],[],0,leaguepedia_cargo_patch_range,1,scoreboard_players_corrected
LCK/2026 Season/Rounds 1-2_Week 6_10_1,2026-05-10 10:32:00,26.09,LCK 2026 Rounds 1-2,Kiwoom DRX,Hanwha Life Esports,Kiwoom DRX,"['Varus', 'Jayce', 'Vayne', 'Caitlyn', 'Jhin']","['Orianna', 'Rumble', 'Ezreal', 'Yunara', 'Karma']","['Gnar', 'Jarvan IV', 'Ryze', 'Miss Fortune', 'Nautilus']","['Tristana', 'Xin Zhao', 'Cassiopeia', 'Sivir', 'Bard']",[],[],1,leaguepedia_cargo_patch_range,0,scoreboard_players_corrected
Nexus League/2026 Season/Spring Split_Week 5_6_1,2026-05-10 11:09:00,26.09,Nexus League 2026 Spring,Lille Esport,Galions Sharks,Lille Esport,"['Bard', 'Rumble', 'Ambessa', 'Renekton', 'Gnar']","['Orianna', 'Nocturne', 'Ashe', 'Syndra', 'Ryze']","[""K'Sante"", 'Xin Zhao', 'Viktor', 'Varus', 'Nautilus']","['Gwen', 'Zaahen', 'Annie', 'Ezreal', 'Karma']",[],[],1,leaguepedia_cargo_patch_range,0,scoreboard_players_corrected
Hellenic Challengers Cup/2026 Season/Spring Playoffs_Finals_1_2,2026-05-10 11:11:00,26.09,HCC 2026 Spring Playoffs,EKSI EPTA,Zerolag Esports,Zerolag Esports,"['Rumble', 'Pantheon', 'Varus', ""Kai'Sa"", 'Jayce']","['Aurelion Sol', 'Caitlyn', 'Dr. Mundo', 'Corki', 'Xayah']","['Gnar', 'Wukong', 'Ryze', 'Jhin', 'Bard']","['Malphite', 'Nocturne', 'Orianna', 'Lucian', 'Nautilus']",[],[],0,leaguepedia_cargo_patch_range,1,scoreboard_players_corrected
LCP/2026 Season/Split 2_Week 6_4_1,2026-05-10 11:14:00,26.09,LCP 2026 Split 2,Fukuoka SoftBank HAWKS gaming,GAM Esports,GAM Esports,"['Nocturne', 'Nautilus', 'Ezreal', 'Pyke', 'Viktor']","['Orianna', 'Ryze', 'Lee Sin', 'Vi', 'Xin Zhao']","['Rumble', 'Pantheon', 'Aurora', 'Lucian', 'Milio']","['Ambessa', 'Jarvan IV', 'Ahri', 'Varus', 'Bard']",[],[],0,leaguepedia_cargo_patch_range,1,scoreboard_players_corrected
LCK/2026 Season/Rounds 1-2_Week 6_10_2,2026-05-10 11:21:00,26.09,LCK 2026 Rounds 1-2,Kiwoom DRX,Hanwha Life Esports,Hanwha Life Esports,"['Varus', 'Karma', 'Aurora', 'Milio', 'Wukong']","['Orianna', 'Jayce', 'Yone', 'Jhin', 'Caitlyn']","['Anivia', 'Lee Sin', 'Annie', 'Lucian', 'Nami']","['Rumble', 'Vi', 'Ahri', 'Ashe', 'Seraphine']",[],[],0,leaguepedia_cargo_patch_range,1,scoreboard_players_corrected
LCK Academy Series/2026 Season/1st Championship Playoffs_Round 2_2_3,2026-05-10 11:24:00,26.09,LCK AS 2026 1st Championship Playoffs,Hanwha Life Esports Academy,Dplus Kia Youth,Dplus Kia Youth,"['Pantheon', 'Xin Zhao', 'Olaf', ""Kai'Sa"", 'Kalista']","['Orianna', 'Rumble', 'Ezreal', 'Karma', 'Nautilus']","['Gwen', 'Maokai', 'Yone', 'Varus', 'Alistar']","['Sion', 'Naafiri', 'Azir', 'Jhin', 'Neeko']",[],[],0,leaguepedia_cargo_patch_range,1,scoreboard_players_corrected
LPL/2026 Season/Split 2_Week 6_10_1,2026-05-10 11:25:00,26.09,LPL 2026 Split 2,JD Gaming,Anyone's Legend,JD Gaming,"['Nocturne', 'Jarvan IV', 'Ashe', 'Twisted Fate', 'Ryze']","['Orianna', 'Sion', 'Bard', 'Ambessa', 'Yorick']","['Rumble', 'Naafiri', 'Annie', 'Varus', 'Nautilus']","['Aurora', 'Vi', 'Cassiopeia', 'Ezreal', 'Karma']",[],[],1,leaguepedia_cargo_patch_range,0,scoreboard_players_corrected
Hitpoint 2nd Division Challengers/2026 Season/Spring Split_Week 3_4_1,2026-05-10 11:36:00,26.09,Hitpoint 2nd Div Challengers 2026 Spring,CITA Kaizen Academy,Andromeda Gaming,CITA Kaizen Academy,"['Jarvan IV', 'Nautilus', 'Varus', 'Mel', 'Viktor']","['Syndra', 'Ambessa', 'Rumble', 'Ahri', 'Orianna']","['Zac', 'Wukong', 'Aurora', 'Lucian', 'Nami']","['Yone', 'Xin Zhao', 'Ryze', 'Smolder', 'Leona']",[],[],1,leaguepedia_cargo_patch_range,0,scoreboard_players_corrected
LCP/2026 Season/Split 2_Week 6_4_2,2026-05-10 11:59:00,26.09,LCP 2026 Split 2,Fukuoka SoftBank HAWKS gaming,GAM Esports,GAM Esports,"['Orianna', 'Lee Sin', 'Cassiopeia', 'Sion', 'Yorick']","['Nocturne', 'Karma', 'Ryze', 'Trundle', 'Mel']","[""K'Sante"", 'Xin Zhao', 'Annie', 'Ashe', 'Seraphine']","['Jayce', 'Naafiri', 'Hwei', 'Ezreal', 'Nautilus']",[],[],0,leaguepedia_cargo_patch_range,1,scoreboard_players_corrected
Nexus League/2026 Season/Spring Split_Week 5_7_1,2026-05-10 12:00:00,26.09,Nexus League 2026 Spring,Karmine Corp Blue Stars,Zephyr Esport,Karmine Corp Blue Stars,"['Zoe', 'Karma', 'Ryze', 'Ahri', 'Sion']","['Aurora', 'Pantheon', 'Orianna', 'Sylas', 'Akali']","[""K'Sante"", 'Xin Zhao', 'LeBlanc', 'Corki', 'Nami']","['Rumble', 'Jarvan IV', 'Syndra', 'Ezreal', 'Nautilus']",[],[],1,leaguepedia_cargo_patch_range,0,scoreboard_players_corrected
LCK/2026 Season/Rounds 1-2_Week 6_10_3,2026-05-10 12:06:00,26.09,LCK 2026 Rounds 1-2,Hanwha Life Esports,Kiwoom DRX,Hanwha Life Esports,"['Jayce', 'Vayne', 'Twisted Fate', 'Taliyah', 'Azir']","['Orianna', 'Karma', 'Ezreal', 'Caitlyn', 'Renekton']","['Jax', 'Pantheon', 'Sylas', 'Yunara', 'Lulu']","[""K'Sante"", 'Nocturne', 'Aurora', 'Varus', 'Poppy']",[],[],1,leaguepedia_cargo_patch_range,0,scoreboard_players_corrected
Hellenic Challengers Cup/2026 Season/Spring Playoffs_Finals_1_3,2026-05-10 12:07:00,26.09,HCC 2026 Spring Playoffs,Zerolag Esports,EKSI EPTA,EKSI EPTA,"['Aurelion Sol', 'Caitlyn', 'Vladimir', 'Jax', 'Riven']","['Rumble', 'Pantheon', 'Aurora', 'Akali', 'Syndra']","['Olaf', 'Vi', 'Lux', 'Ashe', 'Seraphine']","['Varus', 'Naafiri', 'Mel', 'Yunara', 'Lulu']",[],[],0,leaguepedia_cargo_patch_range,1,scoreboard_players_corrected
LPL/2026 Season/Split 2_Week 6_10_2,2026-05-10 12:30:00,26.09,LPL 2026 Split 2,Anyone's Legend,JD Gaming,Anyone's Legend,"['Sion', 'Pantheon', 'Azir', 'Qiyana', 'Trundle']","['Nocturne', 'Jarvan IV', 'Renekton', 'Skarner', ""Kha'Zix""]","['Vayne', 'Xin Zhao', 'Ryze', 'Ashe', 'Seraphine']","['Ambessa', 'Malphite', 'Orianna', 'Lucian', 'Milio']",[],[],1,leaguepedia_cargo_patch_range,0,scoreboard_players_corrected
Hitpoint 2nd Division Challengers/2026 Season/Spring Split_Week 3_4_2,2026-05-10 12:31:00,26.09,Hitpoint 2nd Div Challengers 2026 Spring,Andromeda Gaming,CITA Kaizen Academy,Andromeda Gaming,"['Ambessa', 'Syndra', 'Zaahen', 'Nautilus', 'Lulu']","['Jarvan IV', 'Karma', 'Varus', 'Ahri', 'Viktor']","['Gragas', 'Vi', 'LeBlanc', 'Xayah', 'Rakan']","['Rumble', 'Pantheon', 'Azir', 'Caitlyn', 'Bard']",[],[],1,leaguepedia_cargo_patch_range,0,scoreboard_players_corrected
Nexus League/2026 Season/Spring Split_Week 5_8_1,2026-05-10 12:57:00,26.09,Nexus League 2026 Spring,Project Conquerors,Lausanne-Sport Esports,Project Conquerors,"['Zoe', 'Jarvan IV', 'Jayce', 'Ahri', 'Aurora']","['Ryze', 'Orianna', 'Karma', 'Sion', 'Akali']","['Renekton', 'Skarner', 'Hwei', 'Ezreal', 'Nautilus']","['Kennen', 'Vi', 'Viktor', ""Kai'Sa"", 'Rell']",[],[],1,leaguepedia_cargo_patch_range,0,scoreboard_players_corrected
LEC/2026 Season/Spring Season_Week 7_5_1,2026-05-10 13:12:00,26.09,LEC 2026 Spring,GIANTX,Karmine Corp,Karmine Corp,"['Bard', 'Ashe', 'Jarvan IV', 'Yunara', 'Sivir']","['Orianna', 'Vi', 'Rumble', 'Nautilus', 'Elise']","['Renekton', 'Nocturne', 'Ryze', 'Varus', 'Neeko']","['Aurora', 'Pantheon', 'Anivia', 'Zeri', 'Lulu']",[],[],0,leaguepedia_cargo_patch_range,1,scoreboard_players_corrected
Hellenic Challengers Cup/2026 Season/Spring Playoffs_Finals_1_4,2026-05-10 13:17:00,26.09,HCC 2026 Spring Playoffs,EKSI EPTA,Zerolag Esports,Zerolag Esports,"['Rumble', 'Annie', 'Sejuani', 'Rakan', 'Gwen']","['Aurelion Sol', 'Caitlyn', 'Vladimir', 'Kennen', 'Braum']","['Renekton', 'Pantheon', 'Aurora', 'Smolder', 'Poppy']","['Jax', 'Skarner', 'Akali', ""Kai'Sa"", 'Rell']",[],[],0,leaguepedia_cargo_patch_range,1,scoreboard_players_corrected
LPL/2026 Season/Split 2_Week 6_10_3,2026-05-10 13:23:00,26.09,LPL 2026 Split 2,JD Gaming,Anyone's Legend,JD Gaming,"['Nocturne', 'Twisted Fate', 'Renekton', 'Ziggs', ""Kai'Sa""]","['Jarvan IV', 'Sion', 'Bard', 'Neeko', 'Nami']","['Jax', 'Maokai', 'Yone', 'Caitlyn', 'Elise']","['Gnar', 'Skarner', 'Azir', 'Jhin', 'Anivia']",[],[],1,leaguepedia_cargo_patch_range,0,scoreboard_players_corrected
Hitpoint 2nd Division Challengers/2026 Season/Spring Split_Week 3_4_3,2026-05-10 13:42:00,26.09,Hitpoint 2nd Div Challengers 2026 Spring,Andromeda Gaming,CITA Kaizen Academy,CITA Kaizen Academy,"['Syndra', 'Ambessa', 'Ahri', 'Sylas', 'Zaahen']","['Jarvan IV', 'Nautilus', 'Mel', 'Rell', 'Neeko']","[""Cho'Gath"", 'Nocturne', 'Orianna', ""Kai'Sa"", 'Thresh']","['Sion', 'Aatrox', 'Akali', 'Ezreal', 'Karma']",[],[],0,leaguepedia_cargo_patch_range,1,scoreboard_players_corrected
LEC/2026 Season/Spring Season_Week 7_5_2,2026-05-10 14:10:00,26.09,LEC 2026 Spring,Karmine Corp,GIANTX,GIANTX,"['Nautilus', 'Xin Zhao', 'Elise', 'Sion', 'Vayne']","['Orianna', 'Rumble', 'Ashe', 'LeBlanc', 'Jayce']","['Cassiopeia', 'Vi', 'Viktor', 'Caitlyn', 'Bard']","['Gnar', 'Skarner', 'Azir', 'Ezreal', 'Karma']",[],[],0,leaguepedia_cargo_patch_range,1,scoreboard_players_corrected
LEC/2026 Season/Spring Season_Week 7_5_3,2026-05-10 15:17:00,26.09,LEC 2026 Spring,Karmine Corp,GIANTX,GIANTX,"['Ashe', 'Jarvan IV', 'Annie', 'Jayce', 'Vayne']","['Orianna', 'Rumble', 'Sion', 'Taliyah', 'Akali']","['Brand', 'Naafiri', 'Sylas', 'Corki', 'Nautilus']","['Jax', 'Xin Zhao', 'Ahri', 'Lucian', 'Nami']",[],[],0,leaguepedia_cargo_patch_range,1,scoreboard_players_corrected
CBLOL/2026 Season/Split 1 Playoffs_Round 1_2_1,2026-05-10 16:13:00,26.09,CBLOL 2026 Split 1 Playoffs,Fluxo W7M,LØS,Fluxo W7M,"['Orianna', 'Varus', 'Nocturne', 'Vayne', 'Ryze']","['Rumble', 'Karma', 'Jarvan IV', 'Cassiopeia', 'Akali']","['Renekton', 'Pantheon', 'Zoe', 'Lucian', 'Milio']","['Kennen', 'Trundle', 'Viktor', 'Caitlyn', 'Bard']",[],[],1,leaguepedia_cargo_patch_range,0,scoreboard_players_corrected
LEC/2026 Season/Spring Season_Week 7_6_1,2026-05-10 16:29:00,26.09,LEC 2026 Spring,G2 Esports,Movistar KOI,Movistar KOI,"['Nautilus', 'Varus', 'Akali', 'Anivia', 'Bard']","['Ashe', 'Lulu', 'Orianna', 'Jarvan IV', 'Xin Zhao']","['Ornn', 'Nocturne', 'Ryze', 'Ezreal', 'Karma']","['Rumble', 'Pantheon', 'Azir', 'Yunara', 'Rakan']",[],[],0,leaguepedia_cargo_patch_range,1,scoreboard_players_corrected
CBLOL/2026 Season/Split 1 Playoffs_Round 1_2_2,2026-05-10 16:56:00,26.09,CBLOL 2026 Split 1 Playoffs,Fluxo W7M,LØS,LØS,"['Vi', 'Karma', 'Seraphine', 'Neeko', 'Annie']","['Orianna', 'Varus', 'Nautilus', 'Sivir', 'Jhin']","[""K'Sante"", 'Jarvan IV', 'Ahri', 'Ezreal', 'Alistar']","['Rumble', 'Nocturne', 'Ryze', 'Corki', 'Nami']",[],[],0,leaguepedia_cargo_patch_range,1,scoreboard_players_corrected
CBLOL/2026 Season/Split 1 Playoffs_Round 1_2_3,2026-05-10 17:41:00,26.09,CBLOL 2026 Split 1 Playoffs,Fluxo W7M,LØS,Fluxo W7M,"['Orianna', 'Varus', 'Jayce', 'Aurora', 'Vayne']","['Vi', 'Karma', 'Seraphine', 'Akali', 'Annie']","['Ambessa', 'Aatrox', 'LeBlanc', 'Xayah', 'Rakan']","['Gnar', 'Xin Zhao', 'Taliyah', 'Yunara', 'Neeko']",[],[],1,leaguepedia_cargo_patch_range,0,scoreboard_players_corrected
LEC/2026 Season/Spring Season_Week 7_6_2,2026-05-10 17:41:00,26.09,LEC 2026 Spring,Movistar KOI,G2 Esports,G2 Esports,"['Xin Zhao', 'Ashe', 'Lucian', 'Viktor', 'Yasuo']","['Orianna', 'Varus', 'Caitlyn', 'Anivia', 'Syndra']","['Gnar', 'Jarvan IV', 'Lissandra', ""Kai'Sa"", 'Nautilus']","['Vayne', 'Skarner', 'Ahri', 'Sivir', 'Lulu']",[],[],0,leaguepedia_cargo_patch_range,1,scoreboard_players_corrected
CBLOL/2026 Season/Split 1 Playoffs_Round 1_2_4,2026-05-10 18:31:00,26.09,CBLOL 2026 Split 1 Playoffs,Fluxo W7M,LØS,LØS,"['Orianna', 'Jayce', 'Seraphine', 'Syndra', 'Aurora']","['Vi', 'Karma', 'Sion', 'Akali', 'Galio']","['Gwen', 'Zaahen', 'Cassiopeia', 'Varus', 'Nautilus']","['Vayne', 'Naafiri', 'Annie', 'Sivir', 'Rell']",[],[],0,leaguepedia_cargo_patch_range,1,scoreboard_players_corrected
LEC/2026 Season/Spring Season_Week 7_6_3,2026-05-10 18:38:00,26.09,LEC 2026 Spring,G2 Esports,Movistar KOI,Movistar KOI,"['Varus', 'Vi', 'Akali', 'Poppy', 'Viktor']","['Nami', 'Caitlyn', 'Orianna', 'Trundle', 'Olaf']","[""K'Sante"", 'Lee Sin', 'LeBlanc', 'Miss Fortune', 'Seraphine']","['Anivia', 'Xin Zhao', 'Galio', 'Ashe', 'Rell']",[],[],0,leaguepedia_cargo_patch_range,1,scoreboard_players_corrected
CBLOL/2026 Season/Split 1 Playoffs_Round 1_2_5,2026-05-10 19:20:00,26.09,CBLOL 2026 Split 1 Playoffs,Fluxo W7M,LØS,Fluxo W7M,"['Orianna', 'Jayce', 'Aurora', 'Syndra', 'Camille']","['Vi', 'Karma', 'Seraphine', 'Wukong', 'Sylas']","['Sion', 'Maokai', 'Yone', 'Jinx', 'Thresh']","['Olaf', 'Skarner', 'Twisted Fate', 'Aphelios', 'Lulu']",[],[],1,leaguepedia_cargo_patch_range,0,scoreboard_players_corrected
LCS/2026 Season/Spring Season_Week 6_3_1,2026-05-10 20:07:00,26.09,LCS 2026 Spring,FlyQuest,Cloud9,FlyQuest,"['Varus', 'Jarvan IV', 'Ambessa', 'Anivia', 'Viktor']","['Orianna', 'Bard', 'Xin Zhao', 'Taliyah', 'Ziggs']","['Rumble', 'Shen', 'Cassiopeia', 'Lucian', 'Milio']","[""K'Sante"", 'Vi', 'Annie', 'Ezreal', 'Karma']",[],[],1,leaguepedia_cargo_patch_range,0,scoreboard_players_corrected
LCS/2026 Season/Spring Season_Week 6_3_2,2026-05-10 21:06:00,26.09,LCS 2026 Spring,FlyQuest,Cloud9,Cloud9,"['Nocturne', 'Ambessa', 'Ryze', 'Jayce', 'Anivia']","['Orianna', 'Bard', 'Varus', 'Ziggs', 'Taliyah']","['Sion', 'Jarvan IV', 'Aurora', 'Ashe', 'Lulu']","['Renekton', 'Xin Zhao', 'Viktor', 'Senna', 'Seraphine']",[],[],0,leaguepedia_cargo_patch_range,1,scoreboard_players_corrected
LCS/2026 Season/Spring Season_Week 6_3_3,2026-05-10 22:02:00,26.09,LCS 2026 Spring,Cloud9,FlyQuest,Cloud9,"['Ziggs', 'Nocturne', 'Taliyah', 'Yorick', 'Jayce']","['Orianna', 'Varus', 'Caitlyn', 'Ambessa', 'Vayne']","['Gnar', 'Sejuani', 'Twisted Fate', 'Corki', 'Nami']","['Anivia', 'Dr. Mundo', 'Hwei', 'Jhin', 'Bard']",[],[],1,leaguepedia_cargo_patch_range,0,scoreboard_players_corrected
LCS/2026 Season/Spring Season_Week 6_4_1,2026-05-10 22:54:00,26.09,LCS 2026 Spring,Team Liquid,LYON (2024 American Team),LYON (2024 American Team),"['Nocturne', 'Pantheon', 'Lee Sin', 'Ryze', 'Sion']","['Orianna', 'Bard', 'Varus', 'Rumble', 'Gwen']","['Gragas', 'Xin Zhao', 'Aurora', 'Ashe', 'Seraphine']","['Jayce', 'Jarvan IV', 'Twisted Fate', 'Ezreal', 'Karma']",[],[],0,leaguepedia_cargo_patch_range,1,scoreboard_players_corrected
LCS/2026 Season/Spring Season_Week 6_4_2,2026-05-10 23:47:00,26.09,LCS 2026 Spring,LYON (2024 American Team),Team Liquid,Team Liquid,"['Bard', 'Varus', 'Akali', 'Ornn', 'Ambessa']","['Pantheon', 'Nocturne', 'Orianna', 'Wukong', 'Annie']","['Ryze', 'Vi', 'Ahri', 'Lucian', 'Milio']","['Rumble', 'Skarner', 'Yone', 'Caitlyn', 'Neeko']",[],[],0,leaguepedia_cargo_patch_range,1,scoreboard_players_corrected
LCS/2026 Season/Spring Season_Week 6_4_3,2026-05-11 00:44:00,26.09,LCS 2026 Spring,Team Liquid,LYON (2024 American Team),LYON (2024 American Team),"['Pantheon', 'Lee Sin', 'Renekton', 'Wukong', 'Naafiri']","['Orianna', 'Varus', 'Lulu', 'Azir', 'Akali']","['Jax', 'Sejuani', 'Viktor', 'Xayah', 'Rakan']","['Anivia', 'Nocturne', 'Sylas', 'Corki', 'Nami']",[],[],0,leaguepedia_cargo_patch_range,1,scoreboard_players_corrected
LCK CL/2026 Season/Rounds 1-2_Week 7_1_1,2026-05-11 05:05:00,26.09,LCK CL 2026 Rounds 1-2,Nongshim Esports Academy,Kiwoom DRX Challengers,Kiwoom DRX Challengers,"['Varus', 'Bard', 'Karma', 'Akali', 'Ahri']","['Rumble', 'Jarvan IV', 'Nocturne', 'Lucian', 'Ashe']","['Sion', 'Vi', 'Ryze', 'Ezreal', 'Neeko']","['Jayce', 'Pantheon', 'Orianna', 'Yunara', 'Lulu']",[],[],0,leaguepedia_cargo_patch_range,1,scoreboard_players_corrected
LCK CL/2026 Season/Rounds 1-2_Week 7_1_2,2026-05-11 05:55:00,26.09,LCK CL 2026 Rounds 1-2,Kiwoom DRX Challengers,Nongshim Esports Academy,Nongshim Esports Academy,"['Bard', 'Vayne', 'Twisted Fate', 'Anivia', 'Akali']","['Rumble', 'Nocturne', 'Jarvan IV', 'Alistar', 'Braum']","['Varus', 'Lee Sin', 'Annie', 'Ashe', 'Seraphine']","['Gnar', 'Xin Zhao', 'Cassiopeia', 'Miss Fortune', 'Nautilus']",[],[],0,leaguepedia_cargo_patch_range,1,scoreboard_players_corrected
LCK CL/2026 Season/Rounds 1-2_Week 7_1_3,2026-05-11 06:49:00,26.09,LCK CL 2026 Rounds 1-2,Nongshim Esports Academy,Kiwoom DRX Challengers,Nongshim Esports Academy,"['Karma', 'Vayne', 'Rumble', 'Mel', 'Dr. Mundo']","['Bard', 'Nocturne', 'Jarvan IV', 'Wukong', 'Naafiri']","['Renekton', 'Maokai', 'Twisted Fate', 'Lucian', 'Milio']","['Jax', 'Trundle', 'Aurora', 'Caitlyn', 'Nami']",[],[],1,leaguepedia_cargo_patch_range,0,scoreboard_players_corrected
LCK CL/2026 Season/Rounds 1-2_Week 7_2_1,2026-05-11 07:55:00,26.09,LCK CL 2026 Rounds 1-2,Gen.G Global Academy,T1 Esports Academy,T1 Esports Academy,"['Varus', 'Bard', 'Karma', 'Vayne', 'Orianna']","['Rumble', 'Jarvan IV', 'Nocturne', 'Jayce', 'Viktor']","['Gnar', 'Pantheon', 'Aurora', 'Mel', 'Nautilus']","['Sion', 'Xin Zhao', 'Annie', 'Ashe', 'Seraphine']",[],[],0,leaguepedia_cargo_patch_range,1,scoreboard_players_corrected
LCK CL/2026 Season/Rounds 1-2_Week 7_2_2,2026-05-11 08:38:00,26.09,LCK CL 2026 Rounds 1-2,T1 Esports Academy,Gen.G Global Academy,T1 Esports Academy,"['Varus', 'Karma', 'Milio', 'Twisted Fate', 'Ryze']","['Orianna', 'Rumble', 'Bard', 'Vayne', 'Ambessa']","['Renekton', 'Nocturne', 'Ahri', 'Ezreal', 'Neeko']","[""K'Sante"", 'Jarvan IV', 'LeBlanc', 'Yunara', 'Lulu']",[],[],1,leaguepedia_cargo_patch_range,0,scoreboard_players_corrected
LCK CL/2026 Season/Rounds 1-2_Week 7_3_1,2026-05-11 09:42:00,26.09,LCK CL 2026 Rounds 1-2,DN SOOPers Challengers,BNK FEARX Youth,DN SOOPers Challengers,"['Varus', 'Neeko', 'Karma', 'Sion', 'Pantheon']","['Rumble', 'Jarvan IV', 'Akali', 'Lucian', 'Nautilus']","[""K'Sante"", 'Xin Zhao', 'Orianna', 'Ezreal', 'Bard']","['Jayce', 'Nocturne', 'Ahri', 'Yunara', 'Lulu']",[],[],1,leaguepedia_cargo_patch_range,0,scoreboard_players_corrected
LCK CL/2026 Season/Rounds 1-2_Week 7_3_2,2026-05-11 10:28:00,26.09,LCK CL 2026 Rounds 1-2,DN SOOPers Challengers,BNK FEARX Youth,DN SOOPers Challengers,"['Varus', 'Karma', 'Vi', 'Vayne', 'Ryze']","['Rumble', 'Jarvan IV', 'Akali', 'LeBlanc', 'Gnar']","['Gwen', 'Skarner', 'Anivia', 'Lucian', 'Milio']","['Sion', 'Pantheon', 'Aurora', 'Miss Fortune', 'Nautilus']",[],[],1,leaguepedia_cargo_patch_range,0,scoreboard_players_corrected
TCL/2026 Season/Spring Split_Week 6_1_1,2026-05-11 14:30:00,26.09,TCL 2026 Spring,SU Esports,Ozarox Esports,Ozarox Esports,"['Kalista', 'Ezreal', 'Nautilus', 'Aurora', 'LeBlanc']","['Orianna', 'Ashe', 'Karma', 'Ahri', 'Syndra']","['Gwen', 'Jarvan IV', 'Ryze', 'Jinx', 'Lulu']","['Sion', 'Xin Zhao', 'Anivia', 'Lucian', 'Nami']",[],[],0,leaguepedia_cargo_patch_range,1,scoreboard_players_corrected
Prime League 1st Division/2026 Season/Spring Split_Week 7_1_1,2026-05-11 15:09:00,26.09,PRM 1st Division 2026 Spring,Eintracht Frankfurt,G2 NORD,G2 NORD,"['Nautilus', 'Bard', 'Vi', 'Ryze', 'Rumble']","['Orianna', 'Jarvan IV', 'Seraphine', 'Anivia', 'Jayce']","['Sion', 'Xin Zhao', 'Ahri', 'Ezreal', 'Nami']","['Gwen', 'Pantheon', 'Aurora', 'Sivir', 'Karma']",[],[],0,leaguepedia_cargo_patch_range,1,scoreboard_players_corrected
Hitpoint 2nd Division Challengers/2026 Season/Spring Split_Week 4_1_1,2026-05-11 15:18:00,26.09,Hitpoint 2nd Div Challengers 2026 Spring,Andromeda Gaming,Ethereal Enigmas,Andromeda Gaming,"['Ivern', 'Lucian', 'Renekton', 'Caitlyn', 'Varus']","['Karma', 'Yunara', 'Vi', 'Rakan', 'Seraphine']","['Ambessa', 'Wukong', 'Ahri', 'Xayah', 'Pyke']","['Camille', 'Jarvan IV', 'Taliyah', 'Brand', 'Nami']",[],[],1,leaguepedia_cargo_patch_range,0,scoreboard_players_corrected
TCL/2026 Season/Spring Split_Week 6_1_2,2026-05-11 15:56:00,26.09,TCL 2026 Spring,Ozarox Esports,SU Esports,Ozarox Esports,"['Nautilus', 'Orianna', 'Nocturne', 'Caitlyn', 'Tristana']","['Ashe', 'Karma', 'Pantheon', 'LeBlanc', 'Aurora']","['Rumble', 'Zaahen', 'Viktor', 'Kalista', 'Renata Glasc']","[""K'Sante"", 'Vi', 'Ahri', 'Aphelios', 'Rell']",[],[],1,leaguepedia_cargo_patch_range,0,scoreboard_players_corrected
Prime League 1st Division/2026 Season/Spring Split_Week 7_1_2,2026-05-11 16:09:00,26.09,PRM 1st Division 2026 Spring,G2 NORD,Eintracht Frankfurt,G2 NORD,"['Nautilus', 'Varus', 'Bard', 'Nocturne', 'Anivia']","['Orianna', 'Jarvan IV', 'Ryze', 'Vi', 'Naafiri']","['Rumble', 'Lee Sin', 'Annie', 'Ashe', 'Seraphine']","[""K'Sante"", 'Jayce', 'Sylas', 'Ziggs', 'Pyke']",[],[],1,leaguepedia_cargo_patch_range,0,scoreboard_players_corrected
Hitpoint 2nd Division Challengers/2026 Season/Spring Split_Week 4_1_2,2026-05-11 16:18:00,26.09,Hitpoint 2nd Div Challengers 2026 Spring,Andromeda Gaming,Ethereal Enigmas,Ethereal Enigmas,"['Orianna', 'Lucian', 'Ashe', 'Draven', 'Corki']","['Yunara', 'Aurora', 'Vi', 'Vayne', 'Anivia']","['Sylas', 'Ivern', 'Yone', ""Kai'Sa"", 'Nautilus']","['Gnar', 'Nunu &amp; Willump', 'Azir', 'Caitlyn', 'Braum']",[],[],0,leaguepedia_cargo_patch_range,1,scoreboard_players_corrected
TCL/2026 Season/Spring Split_Week 6_2_1,2026-05-11 16:58:00,26.09,TCL 2026 Spring,BoostGate Esports,Team Phoenix (Turkish Team),BoostGate Esports,"['Neeko', 'Ezreal', 'Nautilus', 'Lucian', 'Varus']","['Rumble', ""K'Sante"", 'Karma', 'Ashe', 'Caitlyn']","['Gnar', 'Xin Zhao', 'Aurora', 'Yunara', 'Lulu']","['Renekton', 'Naafiri', 'Sylas', 'Xayah', 'Rakan']",[],[],1,leaguepedia_cargo_patch_range,0,scoreboard_players_corrected
Hitpoint 2nd Division Challengers/2026 Season/Spring Split_Week 4_1_3,2026-05-11 17:01:00,26.09,Hitpoint 2nd Div Challengers 2026 Spring,Ethereal Enigmas,Andromeda Gaming,Ethereal Enigmas,"['Yunara', 'Vi', 'Karma', 'Pantheon', 'Nocturne']","['Lucian', 'Zaahen', 'Orianna', 'Twitch', 'Corki']","['Aurora', 'Xin Zhao', 'Akali', 'Jhin', 'Bard']","['Lee Sin', 'Hecarim', 'Viktor', 'Ashe', 'Seraphine']",[],[],1,leaguepedia_cargo_patch_range,0,scoreboard_players_corrected
Prime League 1st Division/2026 Season/Spring Split_Week 7_2_1,2026-05-11 17:05:00,26.09,PRM 1st Division 2026 Spring,Kaufland Hangry Knights,TeamOrangeGaming,Kaufland Hangry Knights,"['Nautilus', 'Pyke', 'Jarvan IV', 'Aurora', 'Jayce']","['Orianna', 'Pantheon', 'Lucian', 'Aatrox', 'Vi']","['Rumble', 'Nocturne', 'Annie', 'Caitlyn', 'Karma']","['Varus', 'Skarner', 'Azir', 'Ezreal', 'Bard']",[],[],1,leaguepedia_cargo_patch_range,0,scoreboard_players_corrected
TCL/2026 Season/Spring Split_Week 6_2_2,2026-05-11 17:47:00,26.09,TCL 2026 Spring,BoostGate Esports,Team Phoenix (Turkish Team),Team Phoenix (Turkish Team),"['Neeko', 'Ezreal', 'Nautilus', 'LeBlanc', 'Akali']","['Rumble', ""K'Sante"", 'Nocturne', 'Vladimir', 'Jayce']","['Gwen', 'Jarvan IV', 'Viktor', 'Caitlyn', 'Senna']","['Sion', 'Aatrox', 'Ahri', 'Varus', 'Bard']",[],[],0,leaguepedia_cargo_patch_range,1,scoreboard_players_corrected
Hitpoint 2nd Division Challengers/2026 Season/Spring Split_Week 4_2_1,2026-05-11 17:54:00,26.09,Hitpoint 2nd Div Challengers 2026 Spring,EXILE esports Academy,Rugby Club Havířov,Rugby Club Havířov,"[""K'Sante"", 'Ahri', 'Smolder', 'Jarvan IV', 'Vi']","['Naafiri', 'Xerath', 'Karma', 'Bard', 'Nautilus']","['Volibear', 'Xin Zhao', 'Syndra', 'Ezreal', 'Nami']","['Sion', 'Pantheon', 'Viktor', 'Ashe', 'Seraphine']",[],[],0,leaguepedia_cargo_patch_range,1,scoreboard_players_corrected
Prime League 1st Division/2026 Season/Spring Split_Week 7_2_2,2026-05-11 18:04:00,26.09,PRM 1st Division 2026 Spring,Kaufland Hangry Knights,TeamOrangeGaming,TeamOrangeGaming,"['Nautilus', 'Pyke', 'Jarvan IV', 'Lulu', 'Malphite']","['Orianna', 'Pantheon', 'Lucian', 'Ashe', 'Nami']","['Gnar', 'Jayce', 'Aurora', ""Kai'Sa"", 'Neeko']","['Shyvana', 'Xin Zhao', 'Ahri', 'Yunara', 'Blitzcrank']",[],[],0,leaguepedia_cargo_patch_range,1,scoreboard_players_corrected
Hitpoint 2nd Division Challengers/2026 Season/Spring Split_Week 4_2_2,2026-05-11 18:48:00,26.09,Hitpoint 2nd Div Challengers 2026 Spring,Rugby Club Havířov,EXILE esports Academy,EXILE esports Academy,"['Naafiri', 'Xerath', 'Karma', 'Lillia', 'Vladimir']","['Ahri', 'Vi', 'Jarvan IV', 'Azir', 'Nocturne']","[""K'Sante"", 'Sylas', 'Anivia', 'Smolder', 'Braum']","['Gnar', 'Zyra', 'Zed', 'Varus', 'Nautilus']",[],[],0,leaguepedia_cargo_patch_range,1,scoreboard_players_corrected
TCL/2026 Season/Spring Split_Week 6_2_3,2026-05-11 18:55:00,26.09,TCL 2026 Spring,Team Phoenix (Turkish Team),BoostGate Esports,BoostGate Esports,"['Rumble', 'Vi', 'Nocturne', 'Jayce', 'Vladimir']","['Ezreal', 'Neeko', 'Pantheon', 'Akali', 'LeBlanc']","['Ornn', 'Qiyana', 'Yone', 'Ashe', 'Anivia']","['Olaf', 'Wukong', 'Mel', 'Jhin', 'Seraphine']",[],[],0,leaguepedia_cargo_patch_range,1,scoreboard_players_corrected
Prime League 1st Division/2026 Season/Spring Split_Week 7_2_3,2026-05-11 19:02:00,26.09,PRM 1st Division 2026 Spring,TeamOrangeGaming,Kaufland Hangry Knights,TeamOrangeGaming,"['Lucian', 'Pantheon', 'Naafiri', 'Lissandra', 'Ryze']","['Orianna', 'Pyke', ""K'Sante"", 'Nautilus', 'Rakan']","['Aatrox', 'Vi', 'LeBlanc', 'Smolder', 'Shen']","['Ambessa', 'Jarvan IV', 'Viktor', 'Corki', 'Nami']",[],[],1,leaguepedia_cargo_patch_range,0,scoreboard_players_corrected
Hitpoint 2nd Division Challengers/2026 Season/Spring Split_Week 4_2_3,2026-05-11 19:50:00,26.09,Hitpoint 2nd Div Challengers 2026 Spring,Rugby Club Havířov,EXILE esports Academy,EXILE esports Academy,"['Naafiri', 'Xerath', 'Karma', 'Lulu', 'Alistar']","['Azir', 'Ahri', 'Wukong', 'Rakan', 'Ornn']","['Gwen', 'Vi', 'LeBlanc', 'Xayah', 'Poppy']","[""Cho'Gath"", 'Jarvan IV', 'Vladimir', 'Yunara', 'Bard']",[],[],0,leaguepedia_cargo_patch_range,1,scoreboard_players_corrected
Circuito Desafiante/2026 Season/Split 1 Playoffs_Round 1_3_1,2026-05-11 20:03:00,26.09,CD 2026 Split 1 Playoffs,Ei Nerd Esports,Estral Esports,Estral Esports,"['Pyke', ""K'Sante"", 'Orianna', 'Vi', 'Xin Zhao']","['Nocturne', 'Pantheon', 'Seraphine', 'Ahri', 'Ryze']","['Ornn', 'Wukong', 'Aurora', 'Lucian', 'Milio']","['Rumble', 'Jarvan IV', 'LeBlanc', 'Caitlyn', 'Karma']",[],[],0,leaguepedia_cargo_patch_range,1,scoreboard_players_corrected
Circuito Desafiante/2026 Season/Split 1 Playoffs_Round 1_3_2,2026-05-11 20:50:00,26.09,CD 2026 Split 1 Playoffs,Estral Esports,Ei Nerd Esports,Estral Esports,"['Pyke', ""K'Sante"", 'Seraphine', 'Varus', 'Lulu']","['Nocturne', 'Pantheon', 'Orianna', 'Nautilus', 'Kalista']","['Twisted Fate', 'Aatrox', 'Annie', ""Kai'Sa"", 'Rakan']","['Olaf', 'Xin Zhao', 'Galio', 'Corki', 'Nami']",[],[],1,leaguepedia_cargo_patch_range,0,scoreboard_players_corrected
Circuito Desafiante/2026 Season/Split 1 Playoffs_Round 1_3_3,2026-05-11 21:30:00,26.09,CD 2026 Split 1 Playoffs,Estral Esports,Ei Nerd Esports,Estral Esports,"['Varus', 'Nautilus', 'Nocturne', 'Gwen', 'Ezreal']","['Pyke', 'Seraphine', 'Lulu', 'Azir', 'Viktor']","['Vayne', 'Pantheon', 'Orianna', 'Jinx', 'Alistar']","[""K'Sante"", 'Skarner', 'Zoe', 'Yunara', 'Neeko']",[],[],1,leaguepedia_cargo_patch_range,0,scoreboard_players_corrected
Liga Regional Norte/2026 Season/Split 1 Playoffs_Round 1_4_1,2026-05-11 23:11:00,26.09,LRN 2026 Split 1 Playoffs,LYON Academy,SDM Tigres,SDM Tigres,"['Nocturne', 'Seraphine', 'Ezreal', 'Orianna', 'Renekton']","['Karma', 'Pantheon', 'Smolder', 'Jayce', 'Anivia']","['Ornn', 'Xin Zhao', 'Aurora', 'Lucian', 'Braum']","['Jax', 'Jarvan IV', 'Ryze', 'Varus', 'Nautilus']",[],[],0,leaguepedia_cargo_patch_range,1,scoreboard_players_corrected
Liga Regional Norte/2026 Season/Split 1 Playoffs_Round 1_4_2,2026-05-12 00:02:00,26.09,LRN 2026 Split 1 Playoffs,SDM Tigres,LYON Academy,SDM Tigres,"['Nocturne', 'Smolder', 'Skarner', 'Jayce', 'Annie']","['Karma', 'Pantheon', 'Seraphine', 'Dr. Mundo', 'Wukong']","['Ambessa', 'Vi', 'Orianna', 'Ezreal', 'Neeko']","['Rumble', 'Trundle', 'Anivia', 'Sivir', 'Lulu']",[],[],1,leaguepedia_cargo_patch_range,0,scoreboard_players_corrected
Liga Regional Norte/2026 Season/Split 1 Playoffs_Round 1_4_3,2026-05-12 01:05:00,26.09,LRN 2026 Split 1 Playoffs,LYON Academy,SDM Tigres,SDM Tigres,"['Jayce', 'Corki', 'Nocturne', 'Leona', 'Rakan']","['Karma', 'Seraphine', 'Caitlyn', 'Milio', 'Sion']","[""K'Sante"", 'Aatrox', 'LeBlanc', 'Smolder', 'Tahm Kench']","['Vayne', 'Pantheon', 'Annie', 'Jinx', 'Thresh']",[],[],0,leaguepedia_cargo_patch_range,1,scoreboard_players_corrected
LCK CL/2026 Season/Rounds 1-2_Week 7_4_1,2026-05-12 08:04:00,26.09,LCK CL 2026 Rounds 1-2,KT Rolster Challengers,Hanwha Life Esports Challengers,KT Rolster Challengers,"['Varus', 'Karma', 'Ashe', 'Vi', 'Akali']","['Lucian', 'Yunara', 'Nocturne', 'Ryze', 'Orianna']","['Rumble', 'Xin Zhao', 'Tristana', 'Ezreal', 'Neeko']","['Ambessa', 'Jarvan IV', 'Aurora', 'Sivir', 'Bard']",[],[],1,leaguepedia_cargo_patch_range,0,scoreboard_players_corrected
Esports World Cup 2026/Online Qualifiers/Korea_Round 2_1_1,2026-05-12 08:07:00,26.09,Esports World Cup 2026 Online Qualifier: Korea,T1,BNK FEARX,T1,"['Bard', 'Nocturne', 'Varus', 'Ryze', 'Twisted Fate']","['Orianna', 'Karma', 'Lulu', 'Nautilus', 'Lucian']","['Galio', 'Xin Zhao', 'Akali', 'Ashe', 'Seraphine']","['Rumble', 'Jarvan IV', 'Aurora', 'Caitlyn', 'Neeko']",[],[],1,leaguepedia_cargo_patch_range,0,scoreboard_players_corrected
Esports World Cup 2026/Online Qualifiers/Korea_Round 2_1_2,2026-05-12 08:54:00,26.09,Esports World Cup 2026 Online Qualifier: Korea,BNK FEARX,T1,T1,"['Annie', 'Vi', 'Varus', 'Cassiopeia', 'Jayce']","['Karma', 'Bard', 'Orianna', 'Lee Sin', 'Pantheon']","['Gnar', 'Nocturne', 'Ryze', 'Yunara', 'Lulu']","['Renekton', 'Wukong', 'Twisted Fate', 'Lucian', 'Milio']",[],[],0,leaguepedia_cargo_patch_range,1,scoreboard_players_corrected
LCK CL/2026 Season/Rounds 1-2_Week 7_4_2,2026-05-12 09:00:00,26.09,LCK CL 2026 Rounds 1-2,KT Rolster Challengers,Hanwha Life Esports Challengers,KT Rolster Challengers,"['Karma', 'Lucian', 'Nocturne', 'Ryze', 'Annie']","['Vi', 'Ashe', 'Varus', 'Jayce', 'Vayne']","['Kennen', 'Skarner', 'Orianna', 'Yunara', 'Nautilus']","['Gnar', 'Pantheon', 'Azir', 'Xayah', 'Lulu']",[],[],1,leaguepedia_cargo_patch_range,0,scoreboard_players_corrected
LPL/2026 Season/Split 2_Week 7_1_1,2026-05-12 09:10:00,26.09,LPL 2026 Split 2,Ninjas in Pyjamas.CN,Top Esports,Ninjas in Pyjamas.CN,"['Karma', 'Jarvan IV', 'Seraphine', 'Vayne', 'Jayce']","['Varus', 'Orianna', 'Rumble', 'Lulu', 'Nautilus']","['Gnar', 'Nocturne', 'Cassiopeia', 'Corki', 'Nami']","['Ambessa', 'Lee Sin', 'Annie', 'Lucian', 'Milio']",[],[],1,leaguepedia_cargo_patch_range,0,scoreboard_players_corrected
Esports World Cup 2026/Online Qualifiers/Asia-Pacific_Round 1_5_1,2026-05-12 09:22:00,26.09,Esports World Cup 2026 Online Qualifier: Asia-Pacific,DetonatioN FocusMe,Deep Cross Gaming,Deep Cross Gaming,"['Ezreal', 'Varus', 'Nautilus', 'Vayne', 'Caitlyn']","['Orianna', 'Rumble', 'Nocturne', 'Cassiopeia', 'Anivia']","['Renekton', 'Jarvan IV', 'Aurora', 'Jhin', 'Karma']","['Gnar', 'Lee Sin', 'Ryze', 'Miss Fortune', 'Bard']",[],[],0,leaguepedia_cargo_patch_range,1,scoreboard_players_corrected
Esports World Cup 2026/Online Qualifiers/Asia-Pacific_Round 1_6_1,2026-05-12 09:26:00,26.09,Esports World Cup 2026 Online Qualifier: Asia-Pacific,Ground Zero Gaming,MVK Esports,MVK Esports,"['Nocturne', 'Ezreal', 'Pyke', 'Annie', 'Hwei']","['Rumble', 'Jarvan IV', 'Orianna', 'Jayce', 'Akali']","['Jax', 'Xin Zhao', 'Anivia', 'Mel', 'Nautilus']","['Renekton', 'Trundle', 'Cassiopeia', 'Ashe', 'Braum']",[],[],0,leaguepedia_cargo_patch_range,1,scoreboard_players_corrected
Esports World Cup 2026/Online Qualifiers/Korea_Round 2_2_1,2026-05-12 10:01:00,26.09,Esports World Cup 2026 Online Qualifier: Korea,Hanwha Life Esports,Dplus Kia,Hanwha Life Esports,"['Varus', 'Karma', 'Lee Sin', 'Viktor', 'Gnar']","['Rumble', 'Jarvan IV', 'Bard', 'Vi', ""Kha'Zix""]","['Sion', 'Naafiri', 'Orianna', 'Lucian', 'Milio']","['Ambessa', 'Nocturne', 'Twisted Fate', 'Ashe', 'Seraphine']",[],[],1,leaguepedia_cargo_patch_range,0,scoreboard_players_corrected
LPL/2026 Season/Split 2_Week 7_1_2,2026-05-12 10:02:00,26.09,LPL 2026 Split 2,Ninjas in Pyjamas.CN,Top Esports,Top Esports,"['Karma', 'Jarvan IV', 'Seraphine', 'Naafiri', 'Jayce']","['Varus', 'Rumble', 'Vi', 'Sion', 'Trundle']","['Renekton', 'Shyvana', 'Azir', 'Yunara', 'Lulu']","['Vayne', 'Xin Zhao', 'Orianna', 'Ezreal', 'Neeko']",[],[],0,leaguepedia_cargo_patch_range,1,scoreboard_players_corrected
LCK CL/2026 Season/Rounds 1-2_Week 7_5_1,2026-05-12 10:11:00,26.09,LCK CL 2026 Rounds 1-2,Dplus Kia Challengers,HANJIN BRION Challengers,Dplus Kia Challengers,"['Varus', 'Karma', 'Azir', 'Vayne', 'Ryze']","['Rumble', 'Orianna', 'Ashe', 'Anivia', 'Twisted Fate']","['Yorick', 'Xin Zhao', 'Annie', 'Caitlyn', 'Bard']","['Jayce', 'Jarvan IV', 'Aurora', 'Lucian', 'Milio']",[],[],1,leaguepedia_cargo_patch_range,0,scoreboard_players_corrected
Esports World Cup 2026/Online Qualifiers/Asia-Pacific_Round 1_5_2,2026-05-12 10:17:00,26.09,Esports World Cup 2026 Online Qualifier: Asia-Pacific,Deep Cross Gaming,DetonatioN FocusMe,Deep Cross Gaming,"['Ashe', 'Lucian', 'Xin Zhao', 'Cassiopeia', 'Poppy']","['Varus', 'Orianna', 'Nocturne', ""Kai'Sa"", 'Kalista']","['Rumble', 'Vi', 'Ahri', 'Corki', 'Rell']","[""K'Sante"", 'Pantheon', 'Akali', 'Ezreal', 'Alistar']",[],[],1,leaguepedia_cargo_patch_range,0,scoreboard_players_corrected
Esports World Cup 2026/Online Qualifiers/Asia-Pacific_Round 1_6_2,2026-05-12 10:27:00,26.09,Esports World Cup 2026 Online Qualifier: Asia-Pacific,Ground Zero Gaming,MVK Esports,MVK Esports,"['Pyke', 'Ezreal', 'Nocturne', 'Lucian', 'Sivir']","['Rumble', 'Jarvan IV', 'Orianna', 'Naafiri', 'Wukong']","['Ambessa', 'Skarner', 'Ryze', 'Varus', 'Bard']","['Gnar', 'Pantheon', 'Annie', 'Jhin', 'Karma']",[],[],0,leaguepedia_cargo_patch_range,1,scoreboard_players_corrected
Esports World Cup 2026/Online Qualifiers/Korea_Round 2_2_2,2026-05-12 10:52:00,26.09,Esports World Cup 2026 Online Qualifier: Korea,Hanwha Life Esports,Dplus Kia,Dplus Kia,"['Varus', 'Karma', 'Annie', 'LeBlanc', 'Gnar']","['Rumble', 'Aurora', 'Jayce', 'Azir', 'Akali']","['Renekton', 'Jarvan IV', 'Sylas', 'Jhin', 'Nautilus']","['Illaoi', 'Xin Zhao', 'Viktor', 'Ezreal', 'Bard']",[],[],0,leaguepedia_cargo_patch_range,1,scoreboard_players_corrected
LPL/2026 Season/Split 2_Week 7_1_3,2026-05-12 10:52:00,26.09,LPL 2026 Split 2,Top Esports,Ninjas in Pyjamas.CN,Ninjas in Pyjamas.CN,"['Karma', 'Jarvan IV', 'Vi', 'Caitlyn', 'Miss Fortune']","['Rumble', 'Varus', 'Seraphine', 'Alistar', 'Leona']","[""K'Sante"", 'Maokai', 'Yone', 'Jhin', 'Rell']","['Jayce', 'Naafiri', 'Ryze', 'Sivir', 'Nautilus']",[],[],0,leaguepedia_cargo_patch_range,1,scoreboard_players_corrected
LCK CL/2026 Season/Rounds 1-2_Week 7_5_2,2026-05-12 10:58:00,26.09,LCK CL 2026 Rounds 1-2,HANJIN BRION Challengers,Dplus Kia Challengers,Dplus Kia Challengers,"['Varus', 'Karma', 'Azir', 'Sion', 'Vayne']","['Rumble', 'Orianna', 'Nocturne', 'Anivia', 'Cassiopeia']","['Renekton', 'Pantheon', 'Taliyah', 'Ashe', 'Lulu']","['Gnar', 'Vi', 'Ryze', 'Ezreal', 'Seraphine']",[],[],0,leaguepedia_cargo_patch_range,1,scoreboard_players_corrected
Esports World Cup 2026/Online Qualifiers/Korea_Round 2_2_3,2026-05-12 11:38:00,26.09,Esports World Cup 2026 Online Qualifier: Korea,Dplus Kia,Hanwha Life Esports,Dplus Kia,"['Varus', 'Anivia', 'Jayce', 'Aurora', 'Wukong']","['Rumble', 'Annie', 'Karma', 'Vayne', 'Tristana']","['Irelia', 'Vi', 'Cassiopeia', 'Caitlyn', 'Lux']","['Gnar', 'Pantheon', 'Ahri', 'Yunara', 'Lulu']",[],[],1,leaguepedia_cargo_patch_range,0,scoreboard_players_corrected
LPL/2026 Season/Split 2_Week 7_2_1,2026-05-12 12:04:00,26.09,LPL 2026 Split 2,Bilibili Gaming,Invictus Gaming,Invictus Gaming,"['Varus', 'Ezreal', 'Bard', 'Vi', 'Nocturne']","['Orianna', 'Rumble', 'Ashe', 'Vayne', 'Annie']","['Gnar', 'Pantheon', 'Twisted Fate', 'Lucian', 'Milio']","['Jax', 'Jarvan IV', 'Ryze', 'Caitlyn', 'Karma']",[],[],0,leaguepedia_cargo_patch_range,1,scoreboard_players_corrected
LPL/2026 Season/Split 2_Week 7_2_2,2026-05-12 13:03:00,26.09,LPL 2026 Split 2,Invictus Gaming,Bilibili Gaming,Bilibili Gaming,"['Nocturne', 'Ashe', 'Akali', 'Nami', 'Annie']","['Varus', 'Rumble', 'Ezreal', 'Lulu', 'Xayah']","['Ambessa', 'Vi', 'Viktor', 'Corki', 'Alistar']","['Sion', 'Xin Zhao', 'Orianna', 'Sivir', 'Bard']",[],[],0,leaguepedia_cargo_patch_range,1,scoreboard_players_corrected
LPL/2026 Season/Split 2_Week 7_2_3,2026-05-12 13:59:00,26.09,LPL 2026 Split 2,Bilibili Gaming,Invictus Gaming,Bilibili Gaming,"['Ezreal', 'Annie', 'Ashe', 'Naafiri', 'Maokai']","['Nocturne', 'Varus', 'Rumble', 'Vayne', ""K'Sante""]","['Jayce', 'Lee Sin', 'Cassiopeia', 'Ziggs', 'Nautilus']","['Yorick', 'Wukong', 'Aurora', 'Yunara', 'Lulu']",[],[],1,leaguepedia_cargo_patch_range,0,scoreboard_players_corrected
TCL/2026 Season/Spring Split_Week 6_3_1,2026-05-12 14:34:00,26.09,TCL 2026 Spring,Misa Esports,Bushido Wildcats,Bushido Wildcats,"['Ambessa', 'Nautilus', 'Gnar', 'Rell', 'Pyke']","['Orianna', 'Karma', 'Ashe', 'Gwen', 'Viktor']","['Kled', 'Xin Zhao', 'Ryze', 'Ezreal', 'Neeko']","['Sion', 'Pantheon', ""Kai'Sa"", 'Lucian', 'Milio']",[],[],0,leaguepedia_cargo_patch_range,1,scoreboard_players_corrected
Prime League 1st Division/2026 Season/Spring Split_Week 7_3_1,2026-05-12 15:08:00,26.09,PRM 1st Division 2026 Spring,VfB eSports,E WIE EINFACH E-SPORTS,VfB eSports,"['Orianna', 'Pyke', 'Ezreal', 'Cassiopeia', 'Nautilus']","['Shen', 'Nocturne', 'Jarvan IV', 'Ambessa', 'Aatrox']","['Gnar', 'Xin Zhao', 'Ryze', 'Ziggs', 'Bard']","['Sion', 'Naafiri', 'Azir', 'Varus', 'Leona']",[],[],1,leaguepedia_cargo_patch_range,0,scoreboard_players_corrected
Hitpoint 2nd Division Challengers/2026 Season/Spring Split_Week 4_3_1,2026-05-12 15:24:00,26.09,Hitpoint 2nd Div Challengers 2026 Spring,Diversion Gaming,Priority,Priority,"[""K'Sante"", 'Aurora', 'Orianna', 'Jax', 'Darius']","['Viktor', 'Karma', 'Akali', 'Rakan', 'Ornn']","['Xin Zhao', 'Vi', 'Taliyah', 'Xayah', 'Thresh']","['Olaf', 'Skarner', 'Azir', ""Kai'Sa"", 'Lulu']",[],[],0,leaguepedia_cargo_patch_range,1,scoreboard_players_corrected
TCL/2026 Season/Spring Split_Week 6_3_2,2026-05-12 15:34:00,26.09,TCL 2026 Spring,Misa Esports,Bushido Wildcats,Misa Esports,"['Ambessa', 'Nautilus', 'Nocturne', 'Wukong', 'Viego']","['Orianna', 'Karma', 'Jarvan IV', 'Naafiri', 'Vi']","[""K'Sante"", 'Lee Sin', 'Aurora', 'Caitlyn', 'Pyke']","['Rumble', 'Qiyana', 'Jayce', 'Mel', 'Bard']",[],[],1,leaguepedia_cargo_patch_range,0,scoreboard_players_corrected
Prime League 1st Division/2026 Season/Spring Split_Week 7_3_2,2026-05-12 16:06:00,26.09,PRM 1st Division 2026 Spring,E WIE EINFACH E-SPORTS,VfB eSports,E WIE EINFACH E-SPORTS,"['Shen', 'Karma', 'Nocturne', 'Sylas', 'Annie']","['Orianna', 'Caitlyn', 'Ezreal', 'Poppy', 'Galio']","['Renekton', 'Jarvan IV', 'LeBlanc', 'Ashe', 'Seraphine']","['Udyr', 'Lee Sin', 'Ahri', 'Lucian', 'Milio']",[],[],1,leaguepedia_cargo_patch_range,0,scoreboard_players_corrected
Arabian League/2026 Season/Spring Playoffs_Round 1_1_1,2026-05-12 16:18:00,26.09,Arabian League 2026 Spring Playoffs,Baam Esports,Dragons Esports,Baam Esports,"['Nautilus', 'Jayce', 'Orianna', 'Aurora', 'Galio']","['Pantheon', 'Akali', 'Ezreal', 'Sion', ""K'Sante""]","['Ornn', 'Xin Zhao', 'Annie', 'Caitlyn', 'Milio']","['Rumble', 'Jarvan IV', 'Mel', 'Lucian', 'Nami']",[],[],1,leaguepedia_cargo_patch_range,0,scoreboard_players_corrected
Hitpoint 2nd Division Challengers/2026 Season/Spring Split_Week 4_3_2,2026-05-12 16:26:00,26.09,Hitpoint 2nd Div Challengers 2026 Spring,Diversion Gaming,Priority,Priority,"[""K'Sante"", 'Orianna', 'Aurora', 'Wukong', 'Pantheon']","['Akali', 'Karma', 'Seraphine', 'Ahri', 'Syndra']","['Mordekaiser', 'Jarvan IV', 'Ryze', 'Ezreal', 'Bard']","['Ornn', 'Naafiri', 'Viktor', 'Lucian', 'Nami']",[],[],0,leaguepedia_cargo_patch_range,1,scoreboard_players_corrected
TCL/2026 Season/Spring Split_Week 6_3_3,2026-05-12 16:37:00,26.09,TCL 2026 Spring,Misa Esports,Bushido Wildcats,Misa Esports,"['Ambessa', 'Nautilus', 'Nocturne', 'Gnar', 'Ziggs']","['Orianna', 'Karma', 'Jarvan IV', 'Viktor', 'Annie']","['Gragas', 'Zaahen', 'LeBlanc', 'Ashe', 'Braum']","['Poppy', 'Viego', 'Ahri', 'Smolder', 'Rell']",[],[],1,leaguepedia_cargo_patch_range,0,scoreboard_players_corrected
Prime League 1st Division/2026 Season/Spring Split_Week 7_3_3,2026-05-12 17:01:00,26.09,PRM 1st Division 2026 Spring,E WIE EINFACH E-SPORTS,VfB eSports,E WIE EINFACH E-SPORTS,"['Shen', 'Vi', 'Karma', 'Rakan', 'Alistar']","['Orianna', 'Caitlyn', 'Ezreal', 'Neeko', 'Lulu']","['Rumble', 'Nocturne', 'Aurora', 'Miss Fortune', 'Rell']","['Illaoi', 'Skarner', 'Kassadin', 'Smolder', 'Braum']",[],[],1,leaguepedia_cargo_patch_range,0,scoreboard_players_corrected
Road Of Legends/2026 Season/Spring Split_Week 7_1_1,2026-05-12 17:13:00,26.09,Road Of Legends 2026 Spring,Frites Esports Club,mCon esports,Frites Esports Club,"['Nautilus', 'Naafiri', 'Vi', 'Fiora', 'Irelia']","['Orianna', 'Karma', 'Ezreal', 'LeBlanc', 'Mel']","['Rumble', 'Jarvan IV', 'Aurora', 'Lucian', 'Milio']","['Yorick', 'Xin Zhao', 'Ahri', 'Ashe', 'Seraphine']",[],[],1,leaguepedia_cargo_patch_range,0,scoreboard_players_corrected
Hitpoint 2nd Division Challengers/2026 Season/Spring Split_Week 4_4_1,2026-05-12 17:39:00,26.09,Hitpoint 2nd Div Challengers 2026 Spring,Rugby Club Havířov,CITA Kaizen Academy,CITA Kaizen Academy,"['Aurora', 'Nami', 'Azir', 'Lulu', 'Seraphine']","['Ashe', 'Ahri', 'Vi', 'Gwen', ""K'Sante""]","['Zaahen', 'Pantheon', 'Katarina', 'Ezreal', 'Karma']","['Sion', 'Xin Zhao', 'Syndra', 'Lucian', 'Yuumi']",[],[],0,leaguepedia_cargo_patch_range,1,scoreboard_players_corrected
TCL/2026 Season/Spring Split_Week 6_4_1,2026-05-12 17:44:00,26.09,TCL 2026 Spring,PCIFIC Esports,Dark Passage,PCIFIC Esports,"['Jarvan IV', 'Nautilus', 'Sion', 'Ornn', 'Malphite']","['Gnar', 'Karma', 'Nidalee', 'Xin Zhao', 'Jayce']","['Varus', 'Wukong', 'Orianna', 'Ashe', 'Seraphine']","['Yasuo', 'Ambessa', 'LeBlanc', 'Jhin', 'Sylas']",[],[],1,leaguepedia_cargo_patch_range,0,scoreboard_players_corrected
Prime League 1st Division/2026 Season/Spring Split_Week 7_4_1,2026-05-12 18:02:00,26.09,PRM 1st Division 2026 Spring,ROSSMANN Centaurs,Unicorns of Love Sexy Edition,Unicorns of Love Sexy Edition,"['Jarvan IV', 'Yunara', 'Karma', 'Gwen', 'Galio']","['Orianna', 'Senna', 'Nautilus', 'Aurora', 'Ryze']","['Ornn', 'Pantheon', 'Viktor', 'Ezreal', 'Camille']","['Gnar', 'Xin Zhao', 'Annie', 'Caitlyn', 'Bard']",[],[],0,leaguepedia_cargo_patch_range,1,scoreboard_players_corrected
Road Of Legends/2026 Season/Spring Split_Week 7_1_2,2026-05-12 18:03:00,26.09,Road Of Legends 2026 Spring,Frites Esports Club,mCon esports,Frites Esports Club,"['Nautilus', 'Varus', 'Fiora', 'LeBlanc', 'Akali']","['Karma', 'Orianna', 'Pantheon', 'Wukong', 'Nocturne']","['Sion', 'Trundle', 'Anivia', 'Caitlyn', 'Bard']","['Gwen', 'Vi', 'Hwei', 'Yunara', 'Lulu']",[],[],1,leaguepedia_cargo_patch_range,0,scoreboard_players_corrected
Road Of Legends/2026 Season/Spring Split_Week 7_2_1,2026-05-12 18:10:00,26.09,Road Of Legends 2026 Spring,Dynasty,Senshi eSports (Benelux Team),Senshi eSports (Benelux Team),"['Seraphine', 'Jarvan IV', 'Nocturne', 'Fiora', 'Irelia']","['Sion', 'Yasuo', 'Orianna', 'Kled', ""K'Sante""]","['Gragas', 'Naafiri', 'Viktor', 'Kalista', 'Renata Glasc']","['Aatrox', 'Xin Zhao', 'Akali', 'Ezreal', 'Karma']",[],[],0,leaguepedia_cargo_patch_range,1,scoreboard_players_corrected
Hitpoint 2nd Division Challengers/2026 Season/Spring Split_Week 4_4_2,2026-05-12 18:24:00,26.09,Hitpoint 2nd Div Challengers 2026 Spring,Rugby Club Havířov,CITA Kaizen Academy,Rugby Club Havířov,"['Aurora', 'Nami', 'Azir', 'Orianna', 'Mel']","['Ahri', 'Seraphine', ""K'Sante"", 'Yone', 'Irelia']","['Ornn', 'Maokai', 'Ryze', 'Smolder', 'Soraka']","['Rumble', 'Wukong', 'Viktor', 'Sivir', 'Alistar']",[],[],1,leaguepedia_cargo_patch_range,0,scoreboard_players_corrected
TCL/2026 Season/Spring Split_Week 6_4_2,2026-05-12 18:33:00,26.09,TCL 2026 Spring,PCIFIC Esports,Dark Passage,PCIFIC Esports,"['Jarvan IV', 'Pantheon', 'Nocturne', 'Nami', 'Braum']","['Gnar', 'Ivern', 'Karma', 'Caitlyn', 'Kalista']","['Anivia', 'Naafiri', 'Ryze', ""Kai'Sa"", 'Nautilus']","['Nidalee', 'Zed', 'Viktor', 'Corki', 'Elise']",[],[],1,leaguepedia_cargo_patch_range,0,scoreboard_players_corrected
Arabian League/2026 Season/Spring Playoffs_Round 1_2_1,2026-05-12 18:45:00,26.09,Arabian League 2026 Spring Playoffs,FN Esports,Anubis Gaming,Anubis Gaming,"['Aurora', 'Varus', 'Pantheon', 'Jayce', 'Zoe']","['Karma', 'Nocturne', 'Orianna', 'Vi', 'Xin Zhao']","['Rumble', 'Wukong', 'Ahri', 'Ezreal', 'Neeko']","['Vayne', 'Jarvan IV', 'Akali', 'Ashe', 'Seraphine']",[],[],0,leaguepedia_cargo_patch_range,1,scoreboard_players_corrected
Prime League 1st Division/2026 Season/Spring Split_Week 7_4_2,2026-05-12 18:56:00,26.09,PRM 1st Division 2026 Spring,ROSSMANN Centaurs,Unicorns of Love Sexy Edition,Unicorns of Love Sexy Edition,"['Lucian', 'Yunara', 'Ambessa', 'Nocturne', 'Ryze']","['Orianna', 'Dr. Mundo', 'Jarvan IV', 'Malphite', 'Vi']","['Sion', 'Lee Sin', 'Aurora', 'Sivir', 'Lulu']","['Varus', 'Skarner', 'Cassiopeia', 'Zeri', 'Nautilus']",[],[],0,leaguepedia_cargo_patch_range,1,scoreboard_players_corrected
Road Of Legends/2026 Season/Spring Split_Week 7_2_2,2026-05-12 19:07:00,26.09,Road Of Legends 2026 Spring,Senshi eSports (Benelux Team),Dynasty,Dynasty,"['Sion', 'Yasuo', 'Nautilus', 'Zed', 'Rell']","['Ashe', 'Pantheon', 'Orianna', ""Kai'Sa"", 'Caitlyn']","['Ornn', 'Jarvan IV', 'Ryze', 'Yunara', 'Bard']","['Rumble', 'Vi', 'Ambessa', 'Smolder', 'Alistar']",[],[],0,leaguepedia_cargo_patch_range,1,scoreboard_players_corrected
Hitpoint 2nd Division Challengers/2026 Season/Spring Split_Week 4_4_3,2026-05-12 19:31:00,26.09,Hitpoint 2nd Div Challengers 2026 Spring,Rugby Club Havířov,CITA Kaizen Academy,CITA Kaizen Academy,"['Aurora', 'Nami', 'Azir', 'Zac', 'Nocturne']","['Seraphine', 'Vi', 'Ahri', 'Nautilus', 'LeBlanc']","[""K'Sante"", 'Jarvan IV', 'Cassiopeia', 'Ashe', 'Poppy']","['Gnar', 'Aatrox', 'Akali', 'Yunara', 'Lulu']",[],[],0,leaguepedia_cargo_patch_range,1,scoreboard_players_corrected
Arabian League/2026 Season/Spring Playoffs_Round 1_2_2,2026-05-12 19:45:00,26.09,Arabian League 2026 Spring Playoffs,Anubis Gaming,FN Esports,Anubis Gaming,"['Nautilus', 'Viktor', ""Kog'Maw"", 'Sion', 'Ornn']","['Karma', 'Orianna', 'Pantheon', 'Bard', 'Jayce']","['Gnar', 'Vi', 'Aurora', 'Jhin', 'Anivia']","[""K'Sante"", 'Xin Zhao', 'Ryze', 'Caitlyn', 'Nami']",[],[],1,leaguepedia_cargo_patch_range,0,scoreboard_players_corrected
Circuito Desafiante/2026 Season/Split 1 Playoffs_Round 1_4_1,2026-05-12 20:02:00,26.09,CD 2026 Split 1 Playoffs,7REX,paiN Gaming Academy,paiN Gaming Academy,"['Akali', 'Bard', 'Varus', ""K'Sante"", 'Jarvan IV']","['Nocturne', 'Seraphine', 'Pantheon', 'Lucian', 'Sivir']","['Ambessa', 'Xin Zhao', 'Galio', 'Ezreal', 'Karma']","['Rumble', 'Naafiri', 'Orianna', 'Caitlyn', 'Nami']",[],[],0,leaguepedia_cargo_patch_range,1,scoreboard_players_corrected
Road Of Legends/2026 Season/Spring Split_Week 7_2_3,2026-05-12 20:05:00,26.09,Road Of Legends 2026 Spring,Dynasty,Senshi eSports (Benelux Team),Dynasty,"['Ashe', 'Lucian', 'Nocturne', 'Fiora', 'Gwen']","['Sion', 'Orianna', 'Yasuo', 'Zed', 'LeBlanc']","[""K'Sante"", 'Pantheon', 'Taliyah', 'Varus', 'Nautilus']","['Gnar', 'Skarner', 'Aurora', 'Corki', 'Nami']",[],[],1,leaguepedia_cargo_patch_range,0,scoreboard_players_corrected
Liga Regional Sur/2026 Season/Split 1 Playoffs_Round 1_4_1,2026-05-12 20:07:00,26.09,LRS 2026 Split 1 Playoffs,The New Kings,Malvinas Gaming,Malvinas Gaming,"['Pantheon', 'Nocturne', 'Lulu', 'Gwen', 'Sylas']","['Varus', 'Karma', 'Jarvan IV', 'Orianna', 'Cassiopeia']","['Aatrox', 'Lee Sin', 'Ryze', 'Ezreal', 'Bard']","['Sion', 'Xin Zhao', 'Ahri', 'Ashe', 'Seraphine']",[],[],0,leaguepedia_cargo_patch_range,1,scoreboard_players_corrected
Circuito Desafiante/2026 Season/Split 1 Playoffs_Round 1_4_2,2026-05-12 20:47:00,26.09,CD 2026 Split 1 Playoffs,7REX,paiN Gaming Academy,paiN Gaming Academy,"['Jarvan IV', 'Seraphine', 'Skarner', 'Wukong', 'Vayne']","['Pantheon', 'Nocturne', 'Bard', 'Annie', 'Akali']","['Sion', 'Vi', 'Ahri', 'Yunara', 'Lulu']","['Gwen', 'Nasus', 'Aurora', 'Lucian', 'Milio']",[],[],0,leaguepedia_cargo_patch_range,1,scoreboard_players_corrected
Liga Regional Sur/2026 Season/Split 1 Playoffs_Round 1_4_2,2026-05-12 21:00:00,26.09,LRS 2026 Split 1 Playoffs,The New Kings,Malvinas Gaming,Malvinas Gaming,"['Pantheon', 'Nocturne', 'Lulu', 'Naafiri', 'Azir']","['Varus', 'Karma', 'Aurora', 'Skarner', 'Wukong']","['Ornn', 'Vi', 'LeBlanc', 'Lucian', 'Milio']","['Rumble', 'Jarvan IV', 'Akali', 'Caitlyn', 'Nami']",[],[],0,leaguepedia_cargo_patch_range,1,scoreboard_players_corrected
Circuito Desafiante/2026 Season/Split 1 Playoffs_Round 1_4_3,2026-05-12 21:35:00,26.09,CD 2026 Split 1 Playoffs,7REX,paiN Gaming Academy,paiN Gaming Academy,"['Bard', 'Neeko', 'Jarvan IV', 'Yorick', 'Yuumi']","['Nocturne', 'Pantheon', 'Seraphine', 'Alistar', 'Kalista']","[""K'Sante"", 'Aatrox', 'Annie', 'Sivir', 'Nautilus']","['Jayce', 'Zaahen', 'Ryze', 'Varus', 'Renata Glasc']",[],[],0,leaguepedia_cargo_patch_range,1,scoreboard_players_corrected
Liga Regional Sur/2026 Season/Split 1 Playoffs_Round 1_4_3,2026-05-12 21:44:00,26.09,LRS 2026 Split 1 Playoffs,The New Kings,Malvinas Gaming,Malvinas Gaming,"['Pantheon', 'Lulu', 'Yorick', ""K'Sante"", 'Sivir']","['Nocturne', 'Karma', 'Varus', 'Jhin', 'Miss Fortune']","['Gragas', 'Naafiri', 'Viktor', 'Corki', 'Neeko']","['Jayce', 'Wukong', 'Orianna', 'Senna', 'Nautilus']",[],[],0,leaguepedia_cargo_patch_range,1,scoreboard_players_corrected
LCK/2026 Season/Rounds 1-2_Week 7_1_1,2026-05-13 08:06:00,26.09,LCK 2026 Rounds 1-2,T1,Nongshim RedForce,T1,"['Varus', 'Lucian', 'Rumble', 'Azir', 'Akali']","['Bard', 'Karma', 'Orianna', 'Gnar', 'Annie']","['Sion', 'Xin Zhao', 'Ryze', 'Ashe', 'Seraphine']","['Ambessa', 'Jarvan IV', 'Twisted Fate', 'Ezreal', 'Neeko']",[],[],1,leaguepedia_cargo_patch_range,0,scoreboard_players_corrected
LCK/2026 Season/Rounds 1-2_Week 7_1_2,2026-05-13 08:53:00,26.09,LCK 2026 Rounds 1-2,Nongshim RedForce,T1,T1,"['Varus', 'Trundle', 'Nocturne', 'Caitlyn', 'Lulu']","['Karma', 'Orianna', 'Vi', 'Skarner', 'Lee Sin']","['Rumble', 'Pantheon', 'Viktor', 'Corki', 'Nami']","[""K'Sante"", 'Wukong', 'Akali', 'Lucian', 'Milio']",[],[],0,leaguepedia_cargo_patch_range,1,scoreboard_players_corrected
Esports World Cup 2026/Online Qualifiers/Asia-Pacific_Round 2_3_1,2026-05-13 09:07:00,26.09,Esports World Cup 2026 Online Qualifier: Asia-Pacific,Deep Cross Gaming,CTBC Flying Oyster,Deep Cross Gaming,"['Nautilus', 'Varus', 'Lee Sin', 'Ryze', 'Yorick']","['Rumble', 'Orianna', 'Lucian', 'Cassiopeia', 'Annie']","['Jayce', 'Xin Zhao', 'Ahri', 'Caitlyn', 'Karma']","['Sion', 'Jarvan IV', 'Aurora', 'Ezreal', 'Bard']",[],[],1,leaguepedia_cargo_patch_range,0,scoreboard_players_corrected
Esports World Cup 2026/Online Qualifiers/Asia-Pacific_Round 2_4_1,2026-05-13 09:07:00,26.09,Esports World Cup 2026 Online Qualifier: Asia-Pacific,MVK Esports,GAM Esports,GAM Esports,"['Seraphine', 'Nocturne', 'Orianna', 'Sion', 'Yorick']","['Rumble', 'Jarvan IV', 'Pantheon', 'Gnar', 'Vayne']","[""K'Sante"", 'Wukong', 'Cassiopeia', 'Corki', 'Braum']","['Varus', 'Lee Sin', 'Ryze', 'Ezreal', 'Nautilus']",[],[],0,leaguepedia_cargo_patch_range,1,scoreboard_players_corrected
LPL/2026 Season/Split 2_Week 7_3_1,2026-05-13 09:10:00,26.09,LPL 2026 Split 2,EDward Gaming,Oh My God,EDward Gaming,"['Varus', 'Nocturne', 'Jarvan IV', 'Jhin', 'Yorick']","['Rumble', 'Orianna', 'Ryze', 'Cassiopeia', 'Sion']","[""K'Sante"", 'Xin Zhao', 'Annie', 'Senna', 'Karma']","['Jayce', 'Pantheon', 'Twisted Fate', 'Ezreal', 'Bard']",[],[],1,leaguepedia_cargo_patch_range,0,scoreboard_players_corrected
Esports World Cup 2026/Online Qualifiers/Asia-Pacific_Round 2_3_2,2026-05-13 09:56:00,26.09,Esports World Cup 2026 Online Qualifier: Asia-Pacific,Deep Cross Gaming,CTBC Flying Oyster,Deep Cross Gaming,"['Nautilus', 'Varus', 'Nocturne', 'Aphelios', ""Kog'Maw""]","['Rumble', 'Orianna', 'Ashe', 'Cassiopeia', 'Akali']","['Shen', 'Vi', 'Taliyah', 'Zeri', 'Milio']","['Renekton', 'Pantheon', 'Ryze', 'Lucian', 'Nami']",[],[],1,leaguepedia_cargo_patch_range,0,scoreboard_players_corrected
Esports World Cup 2026/Online Qualifiers/Asia-Pacific_Round 2_4_2,2026-05-13 09:58:00,26.09,Esports World Cup 2026 Online Qualifier: Asia-Pacific,MVK Esports,GAM Esports,GAM Esports,"['Caitlyn', 'Pantheon', 'Orianna', 'Aurora', 'Akali']","['Seraphine', 'Nocturne', 'Lucian', 'Pyke', 'Anivia']","['Ornn', 'Jarvan IV', 'Annie', 'Kalista', 'Elise']","['Rumble', 'Naafiri', 'Ahri', 'Jhin', 'Bard']",[],[],0,leaguepedia_cargo_patch_range,1,scoreboard_players_corrected
VCS/2026 Season/Summer Season_Week 1_1_1,2026-05-13 10:10:00,26.09,VCS 2026 Summer,ZEN Esports (Vietnamese Team),Saigon Warriors,Saigon Warriors,[],"['Orianna', 'Xin Zhao', 'Karma', ""K'Sante"", 'Aurora']","['Sion', 'Pantheon', 'Azir', 'Ezreal', 'Bard']","['Rumble', 'Jarvan IV', 'Yone', 'Varus', 'Nautilus']",[],[],0,leaguepedia_cargo_patch_range,1,scoreboard_players_corrected
LCK/2026 Season/Rounds 1-2_Week 7_2_1,2026-05-13 10:12:00,26.09,LCK 2026 Rounds 1-2,Dplus Kia,DN SOOPers,Dplus Kia,"['Varus', 'Nocturne', 'Vi', 'Gnar', 'Twisted Fate']","['Orianna', 'Rumble', 'Karma', 'Anivia', 'Akali']","['Sion', 'Jarvan IV', 'Cassiopeia', 'Caitlyn', 'Lux']","['Gwen', 'Xin Zhao', 'Viktor', 'Lucian', 'Milio']",[],[],1,leaguepedia_cargo_patch_range,0,scoreboard_players_corrected
LPL/2026 Season/Split 2_Week 7_3_2,2026-05-13 10:14:00,26.09,LPL 2026 Split 2,EDward Gaming,Oh My God,Oh My God,"['Varus', 'Nocturne', 'Lucian', 'Vayne', 'Sion']","['Rumble', 'Orianna', 'Seraphine', 'Nautilus', 'Nami']","['Renekton', 'Jarvan IV', 'Cassiopeia', 'Yunara', 'Lulu']","['Gnar', 'Vi', 'Ryze', 'Ziggs', 'Pyke']",[],[],0,leaguepedia_cargo_patch_range,1,scoreboard_players_corrected
VCS/2026 Season/Summer Season_Week 1_1_2,2026-05-13 10:55:00,26.09,VCS 2026 Summer,ZEN Esports (Vietnamese Team),Saigon Warriors,Saigon Warriors,"['Ryze', 'Jayce', 'Xin Zhao', 'Ahri', 'Aurora']","['Orianna', 'Karma', 'Seraphine', 'Annie', 'Galio']","[""K'Sante"", 'Nocturne', 'Anivia', 'Lucian', 'Milio']","['Gnar', 'Vi', 'Taliyah', ""Kai'Sa"", 'Neeko']",[],[],0,leaguepedia_cargo_patch_range,1,scoreboard_players_corrected
LCK/2026 Season/Rounds 1-2_Week 7_2_2,2026-05-13 11:00:00,26.09,LCK 2026 Rounds 1-2,Dplus Kia,DN SOOPers,Dplus Kia,"['Varus', 'Nocturne', 'Trundle', 'Jayce', 'Vayne']","['Rumble', 'Orianna', 'Karma', 'Twisted Fate', 'Anivia']","['Gnar', 'Skarner', 'Taliyah', 'Ashe', 'Lulu']","['Sylas', 'Pantheon', 'Ryze', 'Ezreal', 'Seraphine']",[],[],1,leaguepedia_cargo_patch_range,0,scoreboard_players_corrected
LPL/2026 Season/Split 2_Week 7_3_3,2026-05-13 11:13:00,26.09,LPL 2026 Split 2,Oh My God,EDward Gaming,EDward Gaming,"['Varus', 'Akali', 'Caitlyn', 'Aurora', 'Ahri']","['Orianna', 'Nocturne', 'Lucian', 'Azir', 'Viktor']","['Ambessa', 'Wukong', 'Taliyah', 'Ashe', 'Seraphine']","['Rumble', 'Lee Sin', 'Anivia', 'Jhin', 'Nautilus']",[],[],0,leaguepedia_cargo_patch_range,1,scoreboard_players_corrected
VCS/2026 Season/Summer Season_Week 1_2_1,2026-05-13 11:56:00,26.09,VCS 2026 Summer,MVK Esports Academy,Saigon Dino,Saigon Dino,"['Orianna', 'Ezreal', 'Nocturne', 'Annie', 'Ryze']","['Varus', 'Rumble', 'Pantheon', 'Anivia', 'Cassiopeia']","['Renekton', 'Naafiri', 'Zoe', 'Jhin', 'Karma']","['Gnar', 'Jarvan IV', 'Aurora', 'Sivir', 'Bard']",[],[],0,leaguepedia_cargo_patch_range,1,scoreboard_players_corrected
LPL/2026 Season/Split 2_Week 7_4_1,2026-05-13 12:27:00,26.09,LPL 2026 Split 2,Anyone's Legend,Team WE,Team WE,"['Ryze', 'Jarvan IV', 'Karma', 'Lee Sin', 'Nocturne']","['Orianna', 'Ashe', 'Varus', 'Neeko', 'Sion']","['Galio', 'Naafiri', 'Annie', 'Ezreal', 'Seraphine']","['Rumble', 'Trundle', 'Akali', 'Sivir', 'Bard']",[],[],0,leaguepedia_cargo_patch_range,1,scoreboard_players_corrected
VCS/2026 Season/Summer Season_Week 1_2_2,2026-05-13 12:47:00,26.09,VCS 2026 Summer,Saigon Dino,MVK Esports Academy,Saigon Dino,"['Ashe', 'Rumble', 'Pantheon', 'Mel', 'Sylas']","['Orianna', 'Nocturne', 'Varus', 'Nautilus', 'Neeko']","['Sion', 'Vi', 'Ahri', 'Ezreal', 'Seraphine']","['Ambessa', 'Xin Zhao', 'Taliyah', 'Lucian', 'Milio']",[],[],1,leaguepedia_cargo_patch_range,0,scoreboard_players_corrected
Hellenic Legends League/2026 Season/Spring Playoffs_Semifinals_1_1,2026-05-13 13:13:00,26.09,HLL 2026 Spring Playoffs,WLGaming Esports,Team Phantasma,WLGaming Esports,"['Varus', 'Nautilus', 'Anivia', 'Sion', ""K'Sante""]","['Orianna', 'Karma', 'Rumble', 'Aurora', 'Akali']","['Gnar', 'Nocturne', 'Annie', 'Ezreal', 'Nami']","['Jayce', 'Xin Zhao', 'Ryze', 'Ashe', 'Seraphine']",[],[],1,leaguepedia_cargo_patch_range,0,scoreboard_players_corrected
LPL/2026 Season/Split 2_Week 7_4_2,2026-05-13 13:22:00,26.09,LPL 2026 Split 2,Anyone's Legend,Team WE,Anyone's Legend,"['Karma', 'Lee Sin', 'Azir', 'Lulu', 'Caitlyn']","['Orianna', 'Varus', 'Jarvan IV', 'Pantheon', 'Vayne']","['Shen', 'Vi', 'Ryze', 'Lucian', 'Milio']","['Sion', 'Xin Zhao', 'Cassiopeia', 'Miss Fortune', 'Nautilus']",[],[],1,leaguepedia_cargo_patch_range,0,scoreboard_players_corrected
LPL/2026 Season/Split 2_Week 7_4_3,2026-05-13 14:09:00,26.09,LPL 2026 Split 2,Anyone's Legend,Team WE,Anyone's Legend,"['Karma', 'Twisted Fate', 'Nocturne', 'Lee Sin', 'Skarner']","['Orianna', 'Varus', 'Jarvan IV', ""K'Sante"", 'Yorick']","['Vayne', 'Pantheon', 'Viktor', 'Caitlyn', 'Lux']","['Jayce', 'Malphite', 'Aurora', 'Corki', 'Nami']",[],[],1,leaguepedia_cargo_patch_range,0,scoreboard_players_corrected
Hellenic Legends League/2026 Season/Spring Playoffs_Semifinals_1_2,2026-05-13 14:13:00,26.09,HLL 2026 Spring Playoffs,WLGaming Esports,Team Phantasma,Team Phantasma,"['Varus', 'Nautilus', 'Anivia', 'Vayne', 'Aurora']","['Orianna', 'Karma', 'Rumble', 'Akali', 'Ahri']","['Renekton', 'Pantheon', 'Viktor', 'Jhin', 'Neeko']","['Ornn', 'Dr. Mundo', 'Azir', 'Caitlyn', 'Bard']",[],[],0,leaguepedia_cargo_patch_range,1,scoreboard_players_corrected
Hellenic Legends League/2026 Season/Spring Playoffs_Semifinals_1_3,2026-05-13 15:10:00,26.09,HLL 2026 Spring Playoffs,WLGaming Esports,Team Phantasma,WLGaming Esports,"['Varus', 'Nautilus', 'Anivia', 'Akali', 'Ahri']","['Orianna', 'Rumble', 'Ambessa', 'Sion', 'Vi']","['Aurora', 'Wukong', 'Lissandra', 'Lucian', 'Yuumi']","['Yorick', 'Jarvan IV', 'LeBlanc', 'Aphelios', 'Milio']",[],[],1,leaguepedia_cargo_patch_range,0,scoreboard_players_corrected
Hitpoint 2nd Division Challengers/2026 Season/Spring Split_Week 4_5_1,2026-05-13 15:15:00,26.09,Hitpoint 2nd Div Challengers 2026 Spring,KIA.eSuba Academy,Diversion Gaming,KIA.eSuba Academy,"['Ambessa', 'Vi', 'Ezreal', 'Fiora', 'Sion']","['Jarvan IV', 'Orianna', 'Pantheon', ""K'Sante"", 'Dr. Mundo']","['Ornn', 'Xin Zhao', 'Viktor', 'Caitlyn', 'Karma']","[""Cho'Gath"", 'Wukong', 'Ahri', 'Ashe', 'Seraphine']",[],[],1,leaguepedia_cargo_patch_range,0,scoreboard_players_corrected
LES/2026 Season/Spring Split_Week 6_1_1,2026-05-13 15:16:00,26.09,LES 2026 Spring,Falke Esports,Barça eSports,Barça eSports,"['Seraphine', 'Karma', 'Anivia', 'Jayce', 'Cassiopeia']","['Orianna', 'Bard', 'Rumble', 'Lux', 'Annie']","['Kennen', 'Jarvan IV', 'Ryze', 'Ezreal', 'Braum']","['Gnar', 'Pantheon', 'Aurora', ""Kai'Sa"", 'Nautilus']",[],[],0,leaguepedia_cargo_patch_range,1,scoreboard_players_corrected
Hellenic Legends League/2026 Season/Spring Playoffs_Semifinals_1_4,2026-05-13 15:58:00,26.09,HLL 2026 Spring Playoffs,WLGaming Esports,Team Phantasma,Team Phantasma,"['Varus', 'Nautilus', 'Anivia', ""Kai'Sa"", 'Gwen']","['Orianna', 'Rumble', 'Lulu', 'Sivir', 'Sion']","['Ambessa', 'Poppy', 'Mel', 'Smolder', 'Karma']","['Vayne', 'Vi', 'Ahri', 'Yunara', 'Leona']",[],[],0,leaguepedia_cargo_patch_range,1,scoreboard_players_corrected
LES/2026 Season/Spring Split_Week 6_1_2,2026-05-13 15:59:00,26.09,LES 2026 Spring,Falke Esports,Barça eSports,Barça eSports,"['Seraphine', 'Karma', 'Anivia', 'Lucian', 'Smolder']","['Bard', 'Orianna', 'Rumble', 'Kalista', 'Nami']","['Jayce', 'Xin Zhao', 'Viktor', 'Varus', 'Neeko']","['Renekton', 'Lee Sin', 'Annie', 'Zeri', 'Lulu']",[],[],0,leaguepedia_cargo_patch_range,1,scoreboard_players_corrected
Hitpoint 2nd Division Challengers/2026 Season/Spring Split_Week 4_5_2,2026-05-13 16:05:00,26.09,Hitpoint 2nd Div Challengers 2026 Spring,KIA.eSuba Academy,Diversion Gaming,Diversion Gaming,"['Ambessa', 'Vi', 'Ezreal', 'Nautilus', 'Leona']","['Jarvan IV', 'Pantheon', 'Orianna', 'Skarner', 'Zaahen']","['Renekton', 'Volibear', 'Ryze', 'Smolder', 'Nami']","['Garen', 'Viego', 'Taliyah', 'Samira', 'Sylas']",[],[],0,leaguepedia_cargo_patch_range,1,scoreboard_players_corrected
Arabian League/2026 Season/Spring Playoffs_Round 1_3_1,2026-05-13 16:09:00,26.09,Arabian League 2026 Spring Playoffs,Dragons Esports,FN Esports,FN Esports,"['Pantheon', 'Ryze', 'Ashe', 'Xin Zhao', 'Akali']","['Neeko', 'Karma', 'Orianna', 'Jhin', 'Ezreal']","['Sion', 'Jarvan IV', 'Ahri', 'Miss Fortune', 'Bard']","['Rumble', 'Wukong', 'Aurora', 'Caitlyn', 'Nami']",[],[],0,leaguepedia_cargo_patch_range,1,scoreboard_players_corrected
LFL/2026 Season/Spring Playoffs_Round 1_5_1,2026-05-13 16:14:00,26.09,LFL 2026 Spring Playoffs,Ici Japon Corp. Esport,Esprit Shōnen,Esprit Shōnen,"['Ezreal', 'Azir', 'Anivia', 'Neeko', 'Akali']","['Orianna', 'Caitlyn', 'Ryze', 'Nautilus', 'Leona']","['Rumble', 'Pantheon', 'Aurora', 'Jhin', 'Rell']","['Sion', 'Nocturne', 'Ahri', 'Varus', 'Bard']",[],[],0,leaguepedia_cargo_patch_range,1,scoreboard_players_corrected
Esports Balkan League/2026 Season/Spring Playoffs_Round 1_5_1,2026-05-13 16:25:00,26.09,EBL 2026 Spring Playoffs,TQ DURPA KASHLQ,SPIKE Syndicate,TQ DURPA KASHLQ,"['Caitlyn', 'Naafiri', 'Olaf', ""K'Sante"", 'Ryze']","['Orianna', 'Ambessa', 'Vladimir', 'Sion', 'Gwen']","['Gnar', 'Zaahen', 'Aurora', 'Ashe', 'Karma']","['Malphite', 'Xin Zhao', 'Azir', 'Ezreal', 'Seraphine']",[],[],1,leaguepedia_cargo_patch_range,0,scoreboard_players_corrected
LES/2026 Season/Spring Split_Week 6_2_1,2026-05-13 16:54:00,26.09,LES 2026 Spring,Movistar KOI Fénix,GIANTX iTero,Movistar KOI Fénix,"['Shen', 'Nautilus', 'Anivia', 'Xin Zhao', 'Viktor']","['Orianna', 'Caitlyn', 'Jarvan IV', 'Pantheon', 'Nocturne']","['Rumble', 'Vi', 'Azir', 'Ezreal', 'Karma']","['Sion', 'Zaahen', 'Annie', 'Ashe', 'Seraphine']",[],[],1,leaguepedia_cargo_patch_range,0,scoreboard_players_corrected
Hitpoint 2nd Division Challengers/2026 Season/Spring Split_Week 4_5_3,2026-05-13 16:55:00,26.09,Hitpoint 2nd Div Challengers 2026 Spring,KIA.eSuba Academy,Diversion Gaming,KIA.eSuba Academy,"['Ambessa', 'Vi', 'Fiora', 'Braum', 'Bard']","['Jarvan IV', 'Pantheon', 'Orianna', 'Rell', 'Neeko']","['Sion', 'Lillia', 'Yone', ""Kai'Sa"", 'Leona']","['Dr. Mundo', 'Kindred', 'Akali', 'Ezreal', 'Nautilus']",[],[],1,leaguepedia_cargo_patch_range,0,scoreboard_players_corrected
Arabian League/2026 Season/Spring Playoffs_Round 1_3_2,2026-05-13 16:59:00,26.09,Arabian League 2026 Spring Playoffs,FN Esports,Dragons Esports,FN Esports,"['Ambessa', 'Neeko', 'Nautilus', 'Fiora', 'Viktor']","['Ryze', 'Orianna', 'Pantheon', 'Akali', 'LeBlanc']","[""K'Sante"", 'Zaahen', 'Syndra', ""Kog'Maw"", 'Karma']","['Jayce', 'Xin Zhao', 'Mel', 'Ezreal', 'Seraphine']",[],[],1,leaguepedia_cargo_patch_range,0,scoreboard_players_corrected
Hellenic Legends League/2026 Season/Spring Playoffs_Semifinals_1_5,2026-05-13 17:00:00,26.09,HLL 2026 Spring Playoffs,WLGaming Esports,Team Phantasma,WLGaming Esports,"['Nautilus', 'Yone', 'Naafiri', 'Aurelion Sol', 'Akali']","['Orianna', 'Lulu', 'Sion', 'Sivir', ""K'Sante""]","['Anivia', 'Trundle', 'Syndra', 'Zeri', 'Alistar']","['Rumble', 'Skarner', 'Sylas', 'Varus', 'Rakan']",[],[],1,leaguepedia_cargo_patch_range,0,scoreboard_players_corrected
Benelux Ascend Series/2026 Season/Spring Split_Week 7_1_1,2026-05-13 17:07:00,26.09,Benelux Ascend Series 2026 Spring,SNOOZE Esports,Mind Blue eSports,SNOOZE Esports,"['Bard', 'Pantheon', 'Orianna', 'Ahri', 'Viktor']","['Ezreal', 'Karma', 'Rumble', ""K'Sante"", ""Cho'Gath""]","['Jayce', 'Jarvan IV', 'Aurora', 'Yunara', 'Lulu']","['Malphite', 'Xin Zhao', 'Zoe', 'Ashe', 'Seraphine']",[],[],1,leaguepedia_cargo_patch_range,0,scoreboard_players_corrected
LFL/2026 Season/Spring Playoffs_Round 1_5_2,2026-05-13 17:08:00,26.09,LFL 2026 Spring Playoffs,Ici Japon Corp. Esport,Esprit Shōnen,Esprit Shōnen,"['Ezreal', 'Azir', 'Anivia', 'Gnar', 'Akali']","['Orianna', 'Caitlyn', 'Ryze', 'Jayce', 'Renekton']","['Camille', 'Jarvan IV', 'Viktor', 'Senna', 'Nautilus']","['Ambessa', 'Xin Zhao', 'Hwei', 'Ashe', 'Braum']",[],[],0,leaguepedia_cargo_patch_range,1,scoreboard_players_corrected
Esports Balkan League/2026 Season/Spring Playoffs_Round 1_5_2,2026-05-13 17:12:00,26.09,EBL 2026 Spring Playoffs,TQ DURPA KASHLQ,SPIKE Syndicate,SPIKE Syndicate,"['Caitlyn', 'Naafiri', 'Lulu', 'Smolder', 'Yunara']","['Orianna', 'Ambessa', 'Corki', 'Xayah', 'Lucian']","[""K'Sante"", 'Wukong', 'Viktor', 'Sivir', 'Braum']","['Rumble', 'Vi', 'Hwei', 'Varus', 'Alistar']",[],[],0,leaguepedia_cargo_patch_range,1,scoreboard_players_corrected
LES/2026 Season/Spring Split_Week 6_2_2,2026-05-13 17:37:00,26.09,LES 2026 Spring,Movistar KOI Fénix,GIANTX iTero,Movistar KOI Fénix,"['Shen', 'Nautilus', 'Skarner', 'Aurora', 'Anivia']","['Orianna', 'Pantheon', 'Caitlyn', 'Taliyah', 'LeBlanc']","['Gnar', 'Jarvan IV', 'Akali', 'Aphelios', 'Lulu']","['Varus', 'Wukong', 'Viktor', 'Kalista', 'Blitzcrank']",[],[],1,leaguepedia_cargo_patch_range,0,scoreboard_players_corrected
Arabian League/2026 Season/Spring Playoffs_Round 1_3_3,2026-05-13 17:48:00,26.09,Arabian League 2026 Spring Playoffs,FN Esports,Dragons Esports,FN Esports,"['Neeko', 'Ambessa', 'Nautilus', 'Galio', 'Viktor']","['Orianna', 'Ryze', 'Pantheon', 'Ornn', 'Akali']","['Irelia', 'Dr. Mundo', 'Azir', 'Ashe', 'Lulu']","['Gnar', 'Nocturne', 'Taliyah', 'Lucian', 'Milio']",[],[],1,leaguepedia_cargo_patch_range,0,scoreboard_players_corrected
Hitpoint 2nd Division Challengers/2026 Season/Spring Split_Week 4_6_1,2026-05-13 17:48:00,26.09,Hitpoint 2nd Div Challengers 2026 Spring,Ethereal Enigmas,EXILE esports Academy,Ethereal Enigmas,"['Xerath', 'Syndra', 'Karma', 'Rumble', 'Gragas']","['Azir', 'Nami', 'Aurora', 'Rakan', 'Braum']","['Gnar', 'Jarvan IV', 'Orianna', ""Kai'Sa"", 'Rell']","['Sylas', 'Naafiri', 'Zed', 'Ezreal', 'Nautilus']",[],[],1,leaguepedia_cargo_patch_range,0,scoreboard_players_corrected
Esports Balkan League/2026 Season/Spring Playoffs_Round 1_5_3,2026-05-13 17:55:00,26.09,EBL 2026 Spring Playoffs,SPIKE Syndicate,TQ DURPA KASHLQ,TQ DURPA KASHLQ,"['Syndra', 'Corki', 'Renekton', 'Pantheon', 'Sion']","['Naafiri', 'Orianna', 'Ambessa', 'Bard', 'Nautilus']","['Aatrox', 'Jarvan IV', 'Ryze', 'Caitlyn', 'Rell']","['Poppy', 'Volibear', 'Anivia', 'Jinx', 'Lulu']",[],[],0,leaguepedia_cargo_patch_range,1,scoreboard_players_corrected
LFL/2026 Season/Spring Playoffs_Round 1_6_1,2026-05-13 18:17:00,26.09,LFL 2026 Spring Playoffs,ZYB Esport,Vitality.Bee,Vitality.Bee,"['Jarvan IV', 'Nautilus', 'Ashe', 'Corki', 'Lucian']","['Orianna', 'Caitlyn', 'Karma', 'Neeko', 'Bard']","['Rumble', 'Xin Zhao', 'Aurora', 'Ezreal', 'Nami']","['Anivia', 'Pantheon', 'Viktor', 'Varus', 'Pyke']",[],[],0,leaguepedia_cargo_patch_range,1,scoreboard_players_corrected
Benelux Ascend Series/2026 Season/Spring Split_Week 7_2_1,2026-05-13 18:19:00,26.09,Benelux Ascend Series 2026 Spring,ZennIT Academy,Soul's Heart Esport,ZennIT Academy,"['Varus', 'Nautilus', 'Jarvan IV', 'Ambessa', 'Gnar']","['Orianna', 'Azir', 'Qiyana', 'Renekton', 'Sion']","['Ornn', 'Pantheon', 'Viktor', 'Caitlyn', 'Karma']","[""K'Sante"", 'Wukong', 'Anivia', 'Ezreal', 'Seraphine']",[],[],1,leaguepedia_cargo_patch_range,0,scoreboard_players_corrected
Benelux Ascend Series/2026 Season/Spring Split_Week 7_1_2,2026-05-13 18:20:00,26.09,Benelux Ascend Series 2026 Spring,SNOOZE Esports,Mind Blue eSports,SNOOZE Esports,"['Bard', 'Pantheon', 'Orianna', 'Caitlyn', 'Rell']","['Ezreal', 'Karma', 'Rumble', 'Sion', 'Nautilus']","[""K'Sante"", 'Graves', 'Ahri', 'Jhin', 'Rakan']","['Varus', 'Kayn', 'Ryze', 'Jinx', 'Alistar']",[],[],1,leaguepedia_cargo_patch_range,0,scoreboard_players_corrected
Hitpoint 2nd Division Challengers/2026 Season/Spring Split_Week 4_6_2,2026-05-13 18:40:00,26.09,Hitpoint 2nd Div Challengers 2026 Spring,Ethereal Enigmas,EXILE esports Academy,Ethereal Enigmas,"['Xerath', 'Syndra', 'Zyra', 'Vi', 'Wukong']","['Azir', 'Aurora', 'Xin Zhao', 'Pantheon', 'Dr. Mundo']","['Renekton', ""Rek'Sai"", 'Ryze', 'Ashe', 'Seraphine']","['Malphite', 'Qiyana', 'Ahri', 'Varus', 'Karma']",[],[],1,leaguepedia_cargo_patch_range,0,scoreboard_players_corrected
Esports Balkan League/2026 Season/Spring Playoffs_Round 1_6_1,2026-05-13 18:44:00,26.09,EBL 2026 Spring Playoffs,Team Spawn Peek,Washed Gaming,Team Spawn Peek,"['Seraphine', 'LeBlanc', 'Yunara', 'Nami', 'Milio']","['Ryze', 'Karma', 'Pantheon', 'Lulu', 'Ezreal']","['Rumble', 'Wukong', 'Galio', 'Smolder', 'Soraka']","[""K'Sante"", 'Skarner', 'Akali', 'Xayah', 'Nautilus']",[],[],1,leaguepedia_cargo_patch_range,0,scoreboard_players_corrected
LFL/2026 Season/Spring Playoffs_Round 1_6_2,2026-05-13 19:13:00,26.09,LFL 2026 Spring Playoffs,Vitality.Bee,ZYB Esport,ZYB Esport,"['Nautilus', 'Karma', 'Yasuo', 'Nocturne', 'Vi']","['Orianna', 'Jarvan IV', 'Bard', 'Poppy', 'Renekton']","['Sion', 'Aatrox', 'Taliyah', 'Ashe', 'Seraphine']","['Jax', 'Sejuani', 'Azir', 'Samira', 'Rell']",[],[],0,leaguepedia_cargo_patch_range,1,scoreboard_players_corrected
Benelux Ascend Series/2026 Season/Spring Split_Week 7_2_2,2026-05-13 19:16:00,26.09,Benelux Ascend Series 2026 Spring,Soul's Heart Esport,ZennIT Academy,ZennIT Academy,"['Azir', 'Qiyana', 'Sion', 'Nautilus', 'Rakan']","['Orianna', 'Varus', 'Jarvan IV', 'Nami', 'Milio']","['Rumble', 'Dr. Mundo', 'Aurora', ""Kai'Sa"", 'Rell']","['Ambessa', 'Nocturne', 'Ryze', 'Yunara', 'Lulu']",[],[],0,leaguepedia_cargo_patch_range,1,scoreboard_players_corrected
Esports Balkan League/2026 Season/Spring Playoffs_Round 1_6_2,2026-05-13 19:34:00,26.09,EBL 2026 Spring Playoffs,Team Spawn Peek,Washed Gaming,Washed Gaming,"['Seraphine', 'LeBlanc', 'Yunara', 'Nami', 'Alistar']","['Ryze', 'Karma', 'Milio', 'Lulu', 'Illaoi']","['Ornn', 'Xin Zhao', 'Viktor', 'Sivir', 'Rell']","['Olaf', 'Nocturne', 'Orianna', 'Ezreal', 'Rakan']",[],[],0,leaguepedia_cargo_patch_range,1,scoreboard_players_corrected
LFL/2026 Season/Spring Playoffs_Round 1_6_3,2026-05-13 20:16:00,26.09,LFL 2026 Spring Playoffs,ZYB Esport,Vitality.Bee,Vitality.Bee,"['Yunara', 'Fiora', 'Ryze', 'Ahri', 'Renekton']","['Orianna', 'Caitlyn', 'Yasuo', 'Nautilus', 'Mel']","['Ambessa', 'Shen', 'Akali', ""Kai'Sa"", 'Neeko']","['Gwen', 'Vi', 'Syndra', 'Lucian', 'Milio']",[],[],0,leaguepedia_cargo_patch_range,1,scoreboard_players_corrected
Esports Balkan League/2026 Season/Spring Playoffs_Round 1_6_3,2026-05-13 20:29:00,26.09,EBL 2026 Spring Playoffs,Washed Gaming,Team Spawn Peek,Team Spawn Peek,"['Pantheon', 'Milio', 'Syndra', 'Illaoi', 'Mel']","['LeBlanc', 'Yunara', 'Ryze', 'Dr. Mundo', 'Ahri']","['Aatrox', 'Vi', 'Azir', 'Corki', 'Karma']","['Volibear', 'Jarvan IV', 'Aurora', 'Ashe', 'Seraphine']",[],[],0,leaguepedia_cargo_patch_range,1,scoreboard_players_corrected
LCK CL/2026 Season/Rounds 1-2_Week 7_6_1,2026-05-14 05:06:00,26.09,LCK CL 2026 Rounds 1-2,KT Rolster Challengers,HANJIN BRION Challengers,KT Rolster Challengers,"['Varus', 'Karma', 'Vi', 'Jayce', 'Vayne']","['Nocturne', 'Ashe', 'Rumble', 'Jhin', 'Sion']","['Gnar', 'Xin Zhao', 'Akali', 'Ezreal', 'Neeko']","['Renekton', 'Jarvan IV', 'Orianna', 'Caitlyn', 'Bard']",[],[],1,leaguepedia_cargo_patch_range,0,scoreboard_players_corrected
LCK CL/2026 Season/Rounds 1-2_Week 7_7_1,2026-05-14 05:08:00,26.09,LCK CL 2026 Rounds 1-2,Dplus Kia Challengers,BNK FEARX Youth,BNK FEARX Youth,"['Varus', 'Lucian', 'Orianna', 'Sion', 'Aurora']","['Rumble', 'Jarvan IV', 'Karma', 'Ryze', 'Annie']","['Jayce', 'Nocturne', 'Mel', 'Ashe', 'Lulu']","[""K'Sante"", 'Xin Zhao', 'Ahri', 'Ezreal', 'Seraphine']",[],[],0,leaguepedia_cargo_patch_range,1,scoreboard_players_corrected
LCK CL/2026 Season/Rounds 1-2_Week 7_8_1,2026-05-14 05:10:00,26.09,LCK CL 2026 Rounds 1-2,DN SOOPers Challengers,T1 Esports Academy,T1 Esports Academy,"['Varus', 'Karma', 'Bard', 'Sion', ""K'Sante""]","['Rumble', 'Nocturne', 'Jarvan IV', 'Lucian', 'Nautilus']","['Jayce', 'Pantheon', 'Orianna', 'Mel', 'Pyke']","['Skarner', 'Xin Zhao', 'Viktor', 'Ashe', 'Seraphine']",[],[],0,leaguepedia_cargo_patch_range,1,scoreboard_players_corrected
LCK CL/2026 Season/Rounds 1-2_Week 7_6_2,2026-05-14 05:51:00,26.09,LCK CL 2026 Rounds 1-2,HANJIN BRION Challengers,KT Rolster Challengers,HANJIN BRION Challengers,"['Varus', 'Karma', 'Lucian', 'Vayne', 'Viktor']","['Nocturne', 'Ashe', 'Rumble', 'Sion', 'Jayce']","['Aatrox', 'Vi', 'Aurora', 'Aphelios', 'Thresh']","['Ambessa', 'Skarner', 'Taliyah', 'Yunara', 'Lulu']",[],[],1,leaguepedia_cargo_patch_range,0,scoreboard_players_corrected
LCK CL/2026 Season/Rounds 1-2_Week 7_7_2,2026-05-14 06:02:00,26.09,LCK CL 2026 Rounds 1-2,BNK FEARX Youth,Dplus Kia Challengers,Dplus Kia Challengers,"['Varus', 'Karma', 'Vayne', 'Gwen']","['Rumble', 'Orianna', 'Jarvan IV', 'Akali', 'Twisted Fate']","['Sion', 'Wukong', 'Aurora', 'Lucian', 'Milio']","['Gnar', 'Vi', 'Azir', 'Caitlyn', 'Bard']",[],[],0,leaguepedia_cargo_patch_range,1,scoreboard_players_corrected
LCK CL/2026 Season/Rounds 1-2_Week 7_8_2,2026-05-14 06:03:00,26.09,LCK CL 2026 Rounds 1-2,DN SOOPers Challengers,T1 Esports Academy,DN SOOPers Challengers,"['Varus', 'Karma', 'Bard', 'Vayne', 'Annie']","['Rumble', 'Nocturne', 'Jarvan IV', 'Anivia', 'Twisted Fate']","['Ambessa', 'Vi', 'Taliyah', 'Lucian', 'Milio']","['Gnar', 'Wukong', 'Ahri', 'Ezreal', 'Neeko']",[],[],1,leaguepedia_cargo_patch_range,0,scoreboard_players_corrected
LCK CL/2026 Season/Rounds 1-2_Week 7_6_3,2026-05-14 06:44:00,26.09,LCK CL 2026 Rounds 1-2,HANJIN BRION Challengers,KT Rolster Challengers,KT Rolster Challengers,"['Nocturne', 'Ashe', 'Lucian', 'Nautilus', 'Miss Fortune']","['Rumble', 'Varus', 'Karma', 'Vayne', 'Viktor']","[""K'Sante"", 'Wukong', 'Mel', 'Jhin', 'Anivia']","['Gwen', 'Pantheon', 'Azir', 'Corki', 'Nami']",[],[],0,leaguepedia_cargo_patch_range,1,scoreboard_players_corrected
LCK CL/2026 Season/Rounds 1-2_Week 7_8_3,2026-05-14 06:49:00,26.09,LCK CL 2026 Rounds 1-2,DN SOOPers Challengers,T1 Esports Academy,T1 Esports Academy,"['Varus', 'Karma', 'Lee Sin', 'Annie', 'Vayne']","['Rumble', 'Jarvan IV', 'Nocturne', 'Azir', 'Cassiopeia']","['Anivia', 'Naafiri', 'Aurora', 'Yunara', 'Lulu']","['Renekton', 'Trundle', 'Twisted Fate', 'Caitlyn', 'Bard']",[],[],0,leaguepedia_cargo_patch_range,1,scoreboard_players_corrected
LCK CL/2026 Season/Rounds 1-2_Week 7_7_3,2026-05-14 06:54:00,26.09,LCK CL 2026 Rounds 1-2,Dplus Kia Challengers,BNK FEARX Youth,Dplus Kia Challengers,"['Orianna', 'Nautilus', 'Varus', 'Ryze', 'Cassiopeia']","['Rumble', 'Jarvan IV', 'Karma', 'Vayne', 'Lee Sin']","['Skarner', 'Naafiri', 'Annie', 'Corki', 'Nami']","['Renekton', 'Maokai', 'Anivia', 'Sivir', 'Yuumi']",[],[],1,leaguepedia_cargo_patch_range,0,scoreboard_players_corrected
LCK/2026 Season/Rounds 1-2_Week 7_3_1,2026-05-14 08:07:00,26.09,LCK 2026 Rounds 1-2,BNK FEARX,Gen.G,Gen.G,"['Varus', 'Bard', 'Xin Zhao', 'Gnar', 'Ahri']","['Karma', 'Orianna', 'Rumble', 'Twisted Fate', 'Annie']","['Renekton', 'Vi', 'Akali', 'Ashe', 'Seraphine']","['Sion', 'Jarvan IV', 'Cassiopeia', 'Lucian', 'Milio']",[],[],0,leaguepedia_cargo_patch_range,1,scoreboard_players_corrected
LJL/2026 Season/Spring Series_Week 3_1_1,2026-05-14 08:11:00,26.09,LJL 2026 Spring Series,Uwinks,L Guide Gaming,Uwinks,"['Riven', 'Akali', 'Jarvan IV', 'LeBlanc', 'Ornn']","['Naafiri', 'Varus', 'Nocturne', 'Nautilus', 'Neeko']","['Renekton', 'Pantheon', 'Viktor', ""Kai'Sa"", 'Rell']","['Gnar', 'Lee Sin', 'Orianna', 'Ezreal', 'Karma']",[],[],1,leaguepedia_cargo_patch_range,0,scoreboard_players_corrected
LCK/2026 Season/Rounds 1-2_Week 7_3_2,2026-05-14 09:01:00,26.09,LCK 2026 Rounds 1-2,BNK FEARX,Gen.G,Gen.G,"['Varus', 'Bard', 'Ezreal', 'Corki', 'Caitlyn']","['Rumble', 'Karma', 'Orianna', 'Anivia', 'Twisted Fate']","['Gnar', 'Nocturne', 'Annie', 'Yunara', 'Lulu']","['Vayne', 'Wukong', 'Ryze', 'Jhin', 'Neeko']",[],[],0,leaguepedia_cargo_patch_range,1,scoreboard_players_corrected
Esports World Cup 2026/Online Qualifiers/Asia-Pacific_Round 3_1_1,2026-05-14 09:07:00,26.09,Esports World Cup 2026 Online Qualifier: Asia-Pacific,Deep Cross Gaming,GAM Esports,GAM Esports,"['Varus', 'Bard', 'Karma', 'Ashe', 'Poppy']","['Nocturne', 'Orianna', 'Ezreal', 'Lucian', 'Sivir']","['Rumble', 'Lee Sin', 'Ryze', 'Corki', 'Rell']","['Ambessa', 'Jarvan IV', 'Cassiopeia', 'Jhin', 'Nautilus']",[],[],0,leaguepedia_cargo_patch_range,1,scoreboard_players_corrected
Esports World Cup 2026/Online Qualifiers/Asia-Pacific_Round 4_1_1,2026-05-14 09:09:00,26.09,Esports World Cup 2026 Online Qualifier: Asia-Pacific,Fukuoka SoftBank HAWKS gaming,Team Secret (Vietnamese Team),Fukuoka SoftBank HAWKS gaming,"['Varus', 'Nautilus', 'Orianna', 'Vayne', 'Gwen']","['Rumble', 'Ashe', 'Karma', 'Zaahen', ""K'Sante""]","['Shen', 'Jarvan IV', 'Cassiopeia', 'Lucian', 'Milio']","['Sion', 'Lee Sin', 'Viktor', 'Ezreal', 'Seraphine']",[],[],1,leaguepedia_cargo_patch_range,0,scoreboard_players_corrected
LPL/2026 Season/Split 2_Week 7_5_1,2026-05-14 09:10:00,26.09,LPL 2026 Split 2,LNG Esports,LGD Gaming,LNG Esports,"['Akali', 'Varus', 'Nocturne', 'Vayne', 'Jayce']","['Seraphine', 'Rumble', 'Orianna', 'Anivia', 'Cassiopeia']","['Gnar', 'Trundle', 'Annie', 'Ezreal', 'Karma']","['Twisted Fate', 'Skarner', 'Ryze', 'Miss Fortune', 'Nautilus']",[],[],1,leaguepedia_cargo_patch_range,0,scoreboard_players_corrected
LJL/2026 Season/Spring Series_Week 3_1_2,2026-05-14 09:17:00,26.09,LJL 2026 Spring Series,L Guide Gaming,Uwinks,Uwinks,"['Naafiri', 'Nocturne', 'Caitlyn', 'Aurora', 'Olaf']","['Ryze', 'Jarvan IV', 'Lucian', 'Riven', 'Ornn']","['Rumble', 'Xin Zhao', 'Annie', 'Varus', 'Bard']","['Anivia', 'Ambessa', 'Hwei', 'Ashe', 'Seraphine']",[],[],0,leaguepedia_cargo_patch_range,1,scoreboard_players_corrected
Esports World Cup 2026/Online Qualifiers/Asia-Pacific_Round 3_1_2,2026-05-14 09:58:00,26.09,Esports World Cup 2026 Online Qualifier: Asia-Pacific,Deep Cross Gaming,GAM Esports,Deep Cross Gaming,"['Orianna', 'Naafiri', 'Wukong', 'Annie', 'Ahri']","['Nocturne', 'Karma', 'Lucian', 'Pyke', 'Ashe']","['Yorick', 'Xin Zhao', 'Twisted Fate', 'Ezreal', 'Bard']","['Varus', 'Pantheon', 'Aurora', 'Sivir', 'Rakan']",[],[],1,leaguepedia_cargo_patch_range,0,scoreboard_players_corrected
Esports World Cup 2026/Online Qualifiers/Asia-Pacific_Round 4_1_2,2026-05-14 10:04:00,26.09,Esports World Cup 2026 Online Qualifier: Asia-Pacific,Fukuoka SoftBank HAWKS gaming,Team Secret (Vietnamese Team),Team Secret (Vietnamese Team),"[""K'Sante"", 'Lulu', 'Orianna', 'Neeko', 'Miss Fortune']","['Rumble', 'Varus', 'Nocturne', 'Nautilus', 'Jhin']","['Gragas', 'Naafiri', 'Anivia', 'Caitlyn', 'Skarner']","['Renekton', 'Xin Zhao', 'Ryze', 'Ziggs', 'Bard']",[],[],0,leaguepedia_cargo_patch_range,1,scoreboard_players_corrected
VCS/2026 Season/Summer Season_Week 1_3_1,2026-05-14 10:07:00,26.09,VCS 2026 Summer,SN CyberCore Esports,9Gaming,SN CyberCore Esports,"['Nocturne', 'Seraphine', 'Varus', 'Annie', 'Rumble']","['Orianna', 'Karma', 'Pantheon', 'Aurora', 'Taliyah']","['Jax', 'Jarvan IV', 'Akali', 'Corki', 'Nautilus']","[""K'Sante"", 'Xin Zhao', 'Anivia', 'Lucian', 'Milio']",[],[],1,leaguepedia_cargo_patch_range,0,scoreboard_players_corrected
LPL/2026 Season/Split 2_Week 7_5_2,2026-05-14 10:13:00,26.09,LPL 2026 Split 2,LNG Esports,LGD Gaming,LNG Esports,"['Akali', 'Varus', 'Vi', 'Yone', 'Xin Zhao']","['Seraphine', 'Orianna', 'Caitlyn', ""K'Sante"", 'Sion']","['Yorick', 'Nocturne', 'Cassiopeia', 'Yunara', 'Lulu']","['Rumble', 'Wukong', 'Anivia', 'Lucian', 'Milio']",[],[],1,leaguepedia_cargo_patch_range,0,scoreboard_players_corrected
LJL/2026 Season/Spring Series_Week 3_2_1,2026-05-14 10:14:00,26.09,LJL 2026 Spring Series,Arneb,FENNEL,FENNEL,"['Neeko', 'Seraphine', 'Karma', 'Varus', 'Akali']","['Sion', 'Malphite', 'Nocturne', 'Miss Fortune', 'Ryze']","['Rumble', 'Wukong', 'Viktor', 'Ezreal', 'Rell']","['Ambessa', 'Naafiri', 'Annie', ""Kai'Sa"", 'Nautilus']",[],[],0,leaguepedia_cargo_patch_range,1,scoreboard_players_corrected
LCK/2026 Season/Rounds 1-2_Week 7_4_1,2026-05-14 10:16:00,26.09,LCK 2026 Rounds 1-2,Kiwoom DRX,KT Rolster,KT Rolster,"['Varus', 'Lucian', 'Jarvan IV', 'Gnar', 'Ryze']","['Orianna', 'Rumble', 'Trundle', 'Cassiopeia', 'Viktor']","['Renekton', 'Xin Zhao', 'Aurora', 'Ezreal', 'Bard']","['Jayce', 'Pantheon', 'Annie', 'Sivir', 'Karma']",[],[],0,leaguepedia_cargo_patch_range,1,scoreboard_players_corrected
Esports World Cup 2026/Online Qualifiers/Asia-Pacific_Round 3_1_3,2026-05-14 10:47:00,26.09,Esports World Cup 2026 Online Qualifier: Asia-Pacific,Deep Cross Gaming,GAM Esports,GAM Esports,"['Vi', 'Akali', 'Wukong', 'Gwen', 'Gnar']","['Nocturne', 'Orianna', 'Jayce', 'Galio', 'Ahri']","['Shen', 'Olaf', 'Annie', 'Lucian', 'Milio']","['Sion', 'Naafiri', 'Mel', 'Caitlyn', 'Neeko']",[],[],0,leaguepedia_cargo_patch_range,1,scoreboard_players_corrected
Esports World Cup 2026/Online Qualifiers/Asia-Pacific_Round 4_1_3,2026-05-14 10:59:00,26.09,Esports World Cup 2026 Online Qualifier: Asia-Pacific,Team Secret (Vietnamese Team),Fukuoka SoftBank HAWKS gaming,Team Secret (Vietnamese Team),"['Akali', 'Varus', 'Gwen', 'Jhin', 'Vayne']","['Rumble', ""K'Sante"", 'Orianna', 'Ambessa', ""Kai'Sa""]","[""Cho'Gath"", 'Vi', 'Ahri', 'Sivir', 'Karma']","['Yorick', 'Nocturne', 'Aurora', 'Yunara', 'Neeko']",[],[],1,leaguepedia_cargo_patch_range,0,scoreboard_players_corrected
LCK/2026 Season/Rounds 1-2_Week 7_4_2,2026-05-14 11:01:00,26.09,LCK 2026 Rounds 1-2,KT Rolster,Kiwoom DRX,Kiwoom DRX,"['Varus', 'Ashe', 'Vayne', 'Caitlyn', 'Nautilus']","['Rumble', 'Lucian', 'Nocturne', 'Naafiri', 'Lee Sin']","['Gnar', 'Jarvan IV', 'Ryze', 'Corki', 'Nami']","['Kennen', 'Vi', 'Orianna', 'Yunara', 'Lulu']",[],[],0,leaguepedia_cargo_patch_range,1,scoreboard_players_corrected
VCS/2026 Season/Summer Season_Week 1_3_2,2026-05-14 11:09:00,26.09,VCS 2026 Summer,SN CyberCore Esports,9Gaming,SN CyberCore Esports,"['Nocturne', 'Seraphine', 'Varus', 'Naafiri', 'Ambessa']","['Karma', 'Orianna', 'Pantheon', 'Vi', 'Lee Sin']","['Rumble', 'Trundle', 'Twisted Fate', 'Jhin', 'Bard']","['Aurora', 'Zaahen', 'Ryze', 'Yunara', 'Lulu']",[],[],1,leaguepedia_cargo_patch_range,0,scoreboard_players_corrected
LJL/2026 Season/Spring Series_Week 3_2_2,2026-05-14 11:13:00,26.09,LJL 2026 Spring Series,Arneb,FENNEL,Arneb,"['Varus', 'Jarvan IV', 'Akali', 'Gnar', 'Renekton']","['Sion', 'Nocturne', 'Karma', 'Jayce', 'Pantheon']","[""K'Sante"", 'Xin Zhao', 'Orianna', 'Mel', 'Leona']","['Gwen', 'Lee Sin', 'Ryze', 'Ashe', 'Seraphine']",[],[],1,leaguepedia_cargo_patch_range,0,scoreboard_players_corrected
LPL/2026 Season/Split 2_Week 7_6_1,2026-05-14 11:30:00,26.09,LPL 2026 Split 2,JD Gaming,Weibo Gaming,Weibo Gaming,"['Ashe', 'Ezreal', 'Nocturne', 'Nautilus', 'Bard']","['Orianna', 'Varus', 'Jarvan IV', 'Lucian', 'Lulu']","['Rumble', 'Naafiri', 'Yone', 'Jhin', 'Karma']","['Sion', 'Vi', 'Cassiopeia', 'Corki', 'Nami']",[],[],0,leaguepedia_cargo_patch_range,1,scoreboard_players_corrected
LCK/2026 Season/Rounds 1-2_Week 7_4_3,2026-05-14 11:54:00,26.09,LCK 2026 Rounds 1-2,Kiwoom DRX,KT Rolster,KT Rolster,"['Varus', 'Ashe', 'Trundle', 'Vayne', 'Ambessa']","['Rumble', 'Lucian', 'Nocturne', 'Lee Sin', 'Skarner']","[""K'Sante"", 'Poppy', 'Cassiopeia', 'Caitlyn', 'Lux']","['Zaahen', 'Naafiri', 'Hwei', 'Jhin', 'Neeko']",[],[],0,leaguepedia_cargo_patch_range,1,scoreboard_players_corrected
VCS/2026 Season/Summer Season_Week 1_4_1,2026-05-14 12:08:00,26.09,VCS 2026 Summer,Saigon Dino,ZEN Esports (Vietnamese Team),Saigon Dino,"['Ashe', 'Pantheon', 'Jarvan IV', 'Jhin', 'Ezreal']","['Orianna', 'Karma', 'Nocturne', 'Nautilus', 'Caitlyn']","['Rumble', 'Trundle', 'Ryze', 'Varus', 'Anivia']","['Gnar', 'Xin Zhao', 'Cassiopeia', 'Corki', 'Bard']",[],[],1,leaguepedia_cargo_patch_range,0,scoreboard_players_corrected
LJL/2026 Season/Spring Series_Week 3_2_3,2026-05-14 12:13:00,26.09,LJL 2026 Spring Series,FENNEL,Arneb,FENNEL,"['Sion', 'Nocturne', 'Malphite', 'Bard', 'Akali']","['Neeko', 'Varus', 'Gnar', 'Jarvan IV', 'Vi']","['Renekton', 'Trundle', 'Azir', 'Jhin', 'Karma']","['Ornn', 'Pantheon', 'Aurora', 'Caitlyn', 'Milio']",[],[],1,leaguepedia_cargo_patch_range,0,scoreboard_players_corrected
LPL/2026 Season/Split 2_Week 7_6_2,2026-05-14 12:36:00,26.09,LPL 2026 Split 2,Weibo Gaming,JD Gaming,JD Gaming,"['Annie', 'Ryze', 'Nocturne', 'Jax', 'Xin Zhao']","['Orianna', 'Varus', 'Jarvan IV', 'Skarner', 'Trundle']","['Gnar', 'Pantheon', 'Azir', 'Ashe', 'Seraphine']","['Renekton', 'Lee Sin', 'Twisted Fate', 'Lucian', 'Milio']",[],[],0,leaguepedia_cargo_patch_range,1,scoreboard_players_corrected
VCS/2026 Season/Summer Season_Week 1_4_2,2026-05-14 12:58:00,26.09,VCS 2026 Summer,ZEN Esports (Vietnamese Team),Saigon Dino,Saigon Dino,"['Karma', 'Ashe', 'Akali', 'Vayne', 'Jayce']","['Pantheon', 'Nocturne', 'Orianna', 'Hwei', 'Syndra']","['Renekton', 'Jarvan IV', 'Aurora', 'Jhin', 'Neeko']","['Zaahen', 'Naafiri', 'Annie', 'Ezreal', 'Nautilus']",[],[],0,leaguepedia_cargo_patch_range,1,scoreboard_players_corrected
Hellenic Legends League/2026 Season/Spring Playoffs_Semifinals_2_1,2026-05-14 13:18:00,26.09,HLL 2026 Spring Playoffs,GOAL,Team Insidious,Team Insidious,"['Zed', 'Ryze', 'Xin Zhao', 'LeBlanc', 'Syndra']","['Pantheon', 'Nocturne', 'Orianna', 'Gwen', 'Akali']","['Rumble', 'Jarvan IV', 'Aurora', 'Ezreal', 'Karma']","['Anivia', 'Dr. Mundo', 'Ahri', 'Jhin', 'Alistar']",[],[],0,leaguepedia_cargo_patch_range,1,scoreboard_players_corrected
LPL/2026 Season/Split 2_Week 7_6_3,2026-05-14 13:30:00,26.09,LPL 2026 Split 2,JD Gaming,Weibo Gaming,Weibo Gaming,"['Nocturne', 'Annie', 'Anivia', 'Trundle', 'Vayne']","['Jarvan IV', 'Orianna', 'Varus', 'Wukong', 'Ambessa']","['Zaahen', 'Skarner', 'Taliyah', 'Caitlyn', 'Bard']","[""K'Sante"", 'Jayce', 'Ryze', 'Ezreal', 'Neeko']",[],[],0,leaguepedia_cargo_patch_range,1,scoreboard_players_corrected
Arabian League 2nd Division/2026 Season/Spring Playoffs_Round 1_1_1,2026-05-14 14:07:00,26.09,Arabian League 2nd Division 2026 Spring Playoffs,Victorious Demons,Pyramid IV Esports,Pyramid IV Esports,"['Aurora', 'Jarvan IV', 'Bard', 'Nautilus', 'Ornn']","['Varus', 'Pantheon', 'Ryze', 'Aatrox', 'Nocturne']","['Sion', 'Wukong', 'Orianna', 'Ezreal', 'Karma']","[""K'Sante"", 'Xin Zhao', 'Akali', 'Sivir', 'Seraphine']",[],[],0,leaguepedia_cargo_patch_range,1,scoreboard_players_corrected
Hellenic Legends League/2026 Season/Spring Playoffs_Semifinals_2_2,2026-05-14 14:17:00,26.09,HLL 2026 Spring Playoffs,Team Insidious,GOAL,Team Insidious,"['Akali', 'Nocturne', 'Varus', 'Bard', 'Leona']","['Zed', 'Orianna', 'Pantheon', 'Cassiopeia', 'Syndra']","['Jayce', 'Trundle', 'Yone', 'Ziggs', 'Rell']","[""K'Sante"", 'Xin Zhao', 'Ryze', 'Sivir', 'Nautilus']",[],[],1,leaguepedia_cargo_patch_range,0,scoreboard_players_corrected
Arabian League 2nd Division/2026 Season/Spring Playoffs_Round 1_1_2,2026-05-14 15:01:00,26.09,Arabian League 2nd Division 2026 Spring Playoffs,Victorious Demons,Pyramid IV Esports,Victorious Demons,"['Aurora', 'Jarvan IV', 'Bard', 'Zaahen', 'Vi']","['Varus', 'Pantheon', 'Ryze', 'Viego', 'Ambessa']","['Rumble', 'Aatrox', 'Sylas', 'Corki', 'Neeko']","['Ornn', 'Hecarim', 'Cassiopeia', 'Ashe', 'Leona']",[],[],1,leaguepedia_cargo_patch_range,0,scoreboard_players_corrected
Esports World Cup 2026/Online Qualifiers/EMEA_Round 4_1_1,2026-05-14 15:03:00,26.09,Esports World Cup 2026 Online Qualifier: EMEA,Natus Vincere,G2 Esports,G2 Esports,"['Nautilus', 'Jarvan IV', 'Ezreal', 'Gnar', 'Kled']","['Orianna', 'Bard', 'Rumble', 'Anivia', 'Viktor']","['Sion', 'Wukong', 'Cassiopeia', 'Ashe', 'Lulu']","['Vayne', 'Pantheon', 'Annie', 'Smolder', 'Seraphine']",[],[],0,leaguepedia_cargo_patch_range,1,scoreboard_players_corrected
Hellenic Legends League/2026 Season/Spring Playoffs_Semifinals_2_3,2026-05-14 15:07:00,26.09,HLL 2026 Spring Playoffs,Team Insidious,GOAL,GOAL,"['Akali', 'Nocturne', 'Leona', 'Gwen', 'Skarner']","['Zed', 'Orianna', 'Pantheon', ""Bel'Veth"", 'Syndra']","['Irelia', ""Kha'Zix"", 'LeBlanc', 'Caitlyn', 'Bard']","['Varus', 'Wukong', 'Aurelion Sol', 'Lucian', 'Milio']",[],[],0,leaguepedia_cargo_patch_range,1,scoreboard_players_corrected
LES/2026 Season/Spring Split_Week 6_3_1,2026-05-14 15:10:00,26.09,LES 2026 Spring,LUA Gaming,UCAM Esports,UCAM Esports,"['Pyke', 'Nocturne', 'Kalista', 'Gnar', 'Ryze']","['Rumble', 'Orianna', 'Pantheon', 'Anivia', 'Viktor']","['Sion', 'Xin Zhao', 'Syndra', 'Caitlyn', 'Karma']","['Ambessa', 'Jarvan IV', 'Annie', 'Ezreal', 'Nautilus']",[],[],0,leaguepedia_cargo_patch_range,1,scoreboard_players_corrected
Esports World Cup 2026/Online Qualifiers/EMEA_Round 4_2_1,2026-05-14 15:12:00,26.09,Esports World Cup 2026 Online Qualifier: EMEA,Karmine Corp,Movistar KOI,Karmine Corp,"['Nautilus', 'Varus', 'Bard', 'Rakan', 'Kalista']","['Ashe', 'Xin Zhao', 'Pantheon', 'Ezreal', 'Lucian']","['Galio', 'Vi', 'Orianna', 'Yunara', 'Nami']","['Rumble', 'Jarvan IV', 'Ryze', 'Corki', 'Rell']",[],[],1,leaguepedia_cargo_patch_range,0,scoreboard_players_corrected
Hitpoint 2nd Division Challengers/2026 Season/Spring Split_Week 4_7_1,2026-05-14 15:18:00,26.09,Hitpoint 2nd Div Challengers 2026 Spring,KIA.eSuba Academy,Rugby Club Havířov,KIA.eSuba Academy,"['Katarina', ""K'Sante"", 'Ezreal', 'Sivir', 'Smolder']","['Orianna', 'Jarvan IV', 'Karma', 'Pantheon', 'Wukong']","['Sion', 'Vi', 'Ryze', 'Ashe', 'Seraphine']","['Ornn', 'Xin Zhao', 'Ahri', 'Varus', 'Bard']",[],[],1,leaguepedia_cargo_patch_range,0,scoreboard_players_corrected
Esports World Cup 2026/Online Qualifiers/EMEA_Round 4_1_2,2026-05-14 15:59:00,26.09,Esports World Cup 2026 Online Qualifier: EMEA,G2 Esports,Natus Vincere,G2 Esports,"['Bard', 'Varus', 'Caitlyn', 'Viktor', 'Anivia']","['Orianna', 'Ezreal', 'Jarvan IV', 'Vi', 'Nocturne']","['Rumble', 'Trundle', 'Taliyah', 'Senna', 'Nautilus']","['Ornn', 'Naafiri', 'Ryze', 'Lucian', 'Milio']",[],[],1,leaguepedia_cargo_patch_range,0,scoreboard_players_corrected
Esports World Cup 2026/Online Qualifiers/EMEA_Round 4_2_2,2026-05-14 16:01:00,26.09,Esports World Cup 2026 Online Qualifier: EMEA,Karmine Corp,Movistar KOI,Karmine Corp,"['Nautilus', 'Varus', 'Bard', 'Akali', 'Gwen']","['Lulu', 'Pantheon', 'Azir', 'Olaf', 'Jayce']","['Sion', 'Naafiri', 'Anivia', 'Ezreal', 'Seraphine']","['Dr. Mundo', 'Xin Zhao', 'Viktor', 'Ashe', 'Karma']",[],[],1,leaguepedia_cargo_patch_range,0,scoreboard_players_corrected
Arabian League 2nd Division/2026 Season/Spring Playoffs_Round 1_1_3,2026-05-14 16:02:00,26.09,Arabian League 2nd Division 2026 Spring Playoffs,Victorious Demons,Pyramid IV Esports,Pyramid IV Esports,"['Aurora', 'Zaahen', 'Yunara', 'Renekton', 'Caitlyn']","['Varus', 'Ambessa', 'LeBlanc', ""Kai'Sa"", 'Smolder']","['Gnar', 'Jarvan IV', 'Ryze', 'Xayah', 'Pyke']","['Kennen', 'Pantheon', 'Anivia', 'Tristana', 'Bard']",[],[],0,leaguepedia_cargo_patch_range,1,scoreboard_players_corrected
LES/2026 Season/Spring Split_Week 6_3_2,2026-05-14 16:03:00,26.09,LES 2026 Spring,LUA Gaming,UCAM Esports,UCAM Esports,"['Pyke', 'Nocturne', 'Kalista', 'Wukong', 'Poppy']","['Varus', 'Bard', 'Pantheon', 'Akali', 'Aurora']","['Ornn', 'Naafiri', 'Viktor', 'Lucian', 'Milio']","['Rumble', 'Vi', 'Orianna', 'Ashe', 'Seraphine']",[],[],0,leaguepedia_cargo_patch_range,1,scoreboard_players_corrected
Esports Balkan League/2026 Season/Spring Playoffs_Round 2_1_1,2026-05-14 16:06:00,26.09,EBL 2026 Spring Playoffs,Lenovo Legion Honvéd,Partizan Sangal,Partizan Sangal,"['Aurora', 'Naafiri', 'Ambessa', 'Nocturne', 'Wukong']","['Nautilus', 'Rumble', 'Jarvan IV', 'Mel', 'Akali']","['Renekton', 'Skarner', 'Xin Zhao', 'Ezreal', 'Bard']","['Gnar', 'Pantheon', 'Orianna', 'Ashe', 'Seraphine']",[],[],0,leaguepedia_cargo_patch_range,1,scoreboard_players_corrected
LIT/2026 Season/Spring Playoffs_Round 5_1_1,2026-05-14 16:06:00,26.09,LIT 2026 Spring Playoffs,EKO Esports,GMBLERS Esports,GMBLERS Esports,"['Gwen', 'Ambessa', 'LeBlanc', 'Caitlyn', 'Karma']","['Seraphine', 'Lissandra', 'Xin Zhao', 'Jarvan IV', 'Qiyana']","[""K'Sante"", 'Lee Sin', 'Ryze', 'Smolder', 'Nautilus']","['Sion', 'Nocturne', 'Orianna', 'Lucian', 'Milio']",[],[],0,leaguepedia_cargo_patch_range,1,scoreboard_players_corrected
Hitpoint 2nd Division Challengers/2026 Season/Spring Split_Week 4_7_2,2026-05-14 16:17:00,26.09,Hitpoint 2nd Div Challengers 2026 Spring,KIA.eSuba Academy,Rugby Club Havířov,KIA.eSuba Academy,"['Katarina', ""K'Sante"", ""Kai'Sa"", 'Wukong', 'Nocturne']","['Orianna', 'Jarvan IV', 'Karma', 'Syndra', 'Taliyah']","['Rumble', 'Pantheon', 'Hwei', 'Ezreal', 'Alistar']","['Gragas', 'Maokai', 'Akali', 'Yunara', 'Neeko']",[],[],1,leaguepedia_cargo_patch_range,0,scoreboard_players_corrected
Hellenic Legends League/2026 Season/Spring Playoffs_Semifinals_2_4,2026-05-14 16:24:00,26.09,HLL 2026 Spring Playoffs,GOAL,Team Insidious,GOAL,"['Zed', 'Orianna', 'Syndra', 'Sylas', 'Cassiopeia']","['Nocturne', 'Pantheon', 'Gwen', 'Vi', 'Lillia']","['Renekton', 'Olaf', 'Akali', 'Miss Fortune', 'Seraphine']","['Kennen', 'Skarner', 'Yasuo', 'Ashe', 'Rakan']",[],[],1,leaguepedia_cargo_patch_range,0,scoreboard_players_corrected
Arabian League 2nd Division/2026 Season/Spring Playoffs_Round 1_2_2,2026-05-14 16:29:00,26.09,Arabian League 2nd Division 2026 Spring Playoffs,NextGeneration Esports,JSK Academy,JSK Academy,"['Nautilus', 'Akali', 'Caitlyn', 'Darius', ""K'Sante""]","['Jarvan IV', 'Orianna', 'Ryze', 'Gwen', 'Ornn']","['Shen', 'Pantheon', 'Ahri', 'Ezreal', 'Karma']","['Sion', 'Xin Zhao', 'LeBlanc', 'Sivir', 'Lulu']",[],[],0,leaguepedia_cargo_patch_range,1,scoreboard_players_corrected
Esports Balkan League/2026 Season/Spring Playoffs_Round 2_1_2,2026-05-14 16:44:00,26.09,EBL 2026 Spring Playoffs,Partizan Sangal,Lenovo Legion Honvéd,Partizan Sangal,"['Nautilus', 'Rumble', 'Sylas', 'Nami', 'Leona']","['Naafiri', 'Ambessa', 'Nocturne', 'Galio', 'Ahri']","['Jayce', 'Jarvan IV', 'Twisted Fate', 'Yunara', 'Lulu']","['Aurora', 'Wukong', 'Annie', 'Smolder', 'Karma']",[],[],1,leaguepedia_cargo_patch_range,0,scoreboard_players_corrected
Esports World Cup 2026/Online Qualifiers/EMEA_Round 3_1_1,2026-05-14 16:51:00,26.09,Esports World Cup 2026 Online Qualifier: EMEA,Galions,Shifters,Galions,"['Nautilus', 'Ashe', 'Yunara', 'Jarvan IV', 'Vi']","['Orianna', 'Pantheon', 'Rumble', 'Nocturne', 'Xin Zhao']","['Sion', 'Wukong', 'Taliyah', 'Lucian', 'Milio']","['Jayce', 'Naafiri', 'Ryze', 'Ezreal', 'Karma']",[],[],1,leaguepedia_cargo_patch_range,0,scoreboard_players_corrected
LES/2026 Season/Spring Split_Week 6_4_1,2026-05-14 16:52:00,26.09,LES 2026 Spring,UB Alma Mater,Team Heretics Academy,Team Heretics Academy,"['Bard', 'Jayce', 'Jarvan IV', 'LeBlanc', 'Ryze']","['Karma', 'Orianna', ""K'Sante"", 'Nocturne', 'Xin Zhao']","['Sion', 'Naafiri', 'Akali', 'Varus', 'Neeko']","['Shen', 'Pantheon', 'Annie', 'Ezreal', 'Anivia']",[],[],0,leaguepedia_cargo_patch_range,1,scoreboard_players_corrected
LIT/2026 Season/Spring Playoffs_Round 5_1_2,2026-05-14 16:52:00,26.09,LIT 2026 Spring Playoffs,EKO Esports,GMBLERS Esports,GMBLERS Esports,"['Ambessa', 'Pantheon', 'Caitlyn', 'LeBlanc', 'Aurora']","['Seraphine', 'Lissandra', 'Qiyana', 'Jarvan IV', 'Naafiri']","['Swain', 'Trundle', 'Hwei', 'Ezreal', 'Karma']","['Ornn', 'Xin Zhao', 'Mel', ""Kai'Sa"", 'Rell']",[],[],0,leaguepedia_cargo_patch_range,1,scoreboard_players_corrected
Esports World Cup 2026/Online Qualifiers/EMEA_Round 3_2_1,2026-05-14 16:55:00,26.09,Esports World Cup 2026 Online Qualifier: EMEA,Solary,GIANTX,GIANTX,"['Varus', 'Nautilus', 'Ryze', 'Bard', 'Gnar']","['Xin Zhao', 'Karma', 'Vayne', 'Rell', 'Alistar']","[""K'Sante"", 'Vi', 'Orianna', 'Smolder', 'Nami']","['Renekton', 'Jarvan IV', 'Akali', 'Ezreal', 'Rakan']",[],[],0,leaguepedia_cargo_patch_range,1,scoreboard_players_corrected
Hellenic Legends League/2026 Season/Spring Playoffs_Semifinals_2_5,2026-05-14 17:21:00,26.09,HLL 2026 Spring Playoffs,Team Insidious,GOAL,GOAL,"['Gwen', 'Braum', 'Nocturne', 'Vayne', 'Sion']","['Zed', 'Orianna', 'Pantheon', 'Syndra', 'Cassiopeia']","['Gnar', 'Naafiri', 'Azir', ""Kai'Sa"", 'Leona']","['Ambessa', 'Aatrox', 'Taliyah', 'Corki', 'Nami']",[],[],0,leaguepedia_cargo_patch_range,1,scoreboard_players_corrected
Esports Balkan League/2026 Season/Spring Playoffs_Round 2_2_1,2026-05-14 17:27:00,26.09,EBL 2026 Spring Playoffs,The Secret Club,Magaza Esports,Magaza Esports,"['Aatrox', 'Zaahen', 'Lucian', 'Lulu', 'Milio']","['Orianna', 'Karma', 'Seraphine', 'Ryze', 'Akali']","['Rumble', 'Pantheon', 'Annie', 'Ezreal', 'Bard']","[""K'Sante"", 'Xin Zhao', 'Aurora', 'Varus', 'Nautilus']",[],[],0,leaguepedia_cargo_patch_range,1,scoreboard_players_corrected
Arabian League 2nd Division/2026 Season/Spring Playoffs_Round 1_2_3,2026-05-14 17:32:00,26.09,Arabian League 2nd Division 2026 Spring Playoffs,JSK Academy,NextGeneration Esports,NextGeneration Esports,"['Caitlyn', 'Akali', 'Seraphine', 'Syndra', 'Azir']","['Jarvan IV', 'Orianna', 'Bard', ""K'Sante"", 'Ryze']","['Ornn', 'Skarner', 'Taliyah', 'Corki', 'Nami']","['Kennen', 'Vi', 'Katarina', 'Varus', 'Nautilus']",[],[],0,leaguepedia_cargo_patch_range,1,scoreboard_players_corrected
LIT/2026 Season/Spring Playoffs_Round 5_1_3,2026-05-14 17:43:00,26.09,LIT 2026 Spring Playoffs,EKO Esports,GMBLERS Esports,GMBLERS Esports,"['Pantheon', 'Caitlyn', 'Vi', 'LeBlanc', 'Aurora']","['Seraphine', 'Lissandra', 'Qiyana', 'Anivia', 'Galio']","['Yorick', 'Naafiri', 'Syndra', 'Corki', 'Nami']","['Shyvana', 'Jarvan IV', 'Akali', 'Senna', 'Leona']",[],[],0,leaguepedia_cargo_patch_range,1,scoreboard_players_corrected
LES/2026 Season/Spring Split_Week 6_4_2,2026-05-14 17:44:00,26.09,LES 2026 Spring,UB Alma Mater,Team Heretics Academy,Team Heretics Academy,"['Bard', 'Jarvan IV', 'Rumble', 'Nocturne', 'Wukong']","[""K'Sante"", 'Nautilus', 'Pyke', 'Ryze', 'Hwei']","['Ambessa', 'Xin Zhao', 'Ahri', 'Ashe', 'Seraphine']","['Gnar', 'Dr. Mundo', 'Orianna', 'Caitlyn', 'Karma']",[],[],0,leaguepedia_cargo_patch_range,1,scoreboard_players_corrected
Hitpoint 2nd Division Challengers/2026 Season/Spring Split_Week 4_8_1,2026-05-14 17:47:00,26.09,Hitpoint 2nd Div Challengers 2026 Spring,CITA Kaizen Academy,Priority,Priority,"[""K'Sante"", 'Skarner', 'Orianna', 'Vi', 'Jarvan IV']","['Syndra', 'Akali', 'Ambessa', 'Ornn', 'Sion']","[""Cho'Gath"", 'Xin Zhao', 'Viktor', 'Lucian', 'Yuumi']","['Aurora', 'Pantheon', 'Ahri', 'Corki', 'Nami']",[],[],0,leaguepedia_cargo_patch_range,1,scoreboard_players_corrected
Esports World Cup 2026/Online Qualifiers/EMEA_Round 3_2_2,2026-05-14 17:48:00,26.09,Esports World Cup 2026 Online Qualifier: EMEA,Solary,GIANTX,GIANTX,"['Olaf', 'Ryze', 'Lulu', 'Rell', 'Rumble']","['Ashe', 'Varus', 'Neeko', 'Ahri', 'Gnar']","['Anivia', 'Pantheon', 'Galio', 'Caitlyn', 'Bard']","['Jax', 'Xin Zhao', 'Viktor', 'Ziggs', 'Nautilus']",[],[],0,leaguepedia_cargo_patch_range,1,scoreboard_players_corrected
Road Of Legends/2026 Season/Spring Split_Week 7_3_2,2026-05-14 17:48:00,26.09,Road Of Legends 2026 Spring,Myth Esports,The Bandits,The Bandits,"['Aurelion Sol', 'Ashe', 'Ezreal', 'Fiora', 'Vayne']","['Aphelios', 'Orianna', 'Karma', 'Nautilus', 'Pyke']","['Sion', 'Jarvan IV', 'Aurora', 'Jhin', 'Bard']","['Gwen', 'Xin Zhao', 'Ahri', 'Yunara', 'Lulu']",[],[],0,leaguepedia_cargo_patch_range,1,scoreboard_players_corrected
Esports World Cup 2026/Online Qualifiers/EMEA_Round 3_1_2,2026-05-14 17:50:00,26.09,Esports World Cup 2026 Online Qualifier: EMEA,Galions,Shifters,Galions,"['Nautilus', 'Jarvan IV', 'Varus', 'Anivia', 'Vayne']","['Orianna', 'Ashe', 'Yunara', 'LeBlanc', 'Ornn']","[""K'Sante"", 'Pantheon', 'Viktor', ""Kai'Sa"", 'Neeko']","['Rumble', 'Nocturne', 'Ahri', 'Jhin', 'Rakan']",[],[],1,leaguepedia_cargo_patch_range,0,scoreboard_players_corrected
LPLOL/2026 Season/Spring Split_Week 3_1_1,2026-05-14 18:09:00,26.09,LPLOL 2026 Spring,Ronaldo Team,Otter Side,Otter Side,"['Caitlyn', 'Nocturne', 'Renekton', 'Ahri', 'Taliyah']","['Orianna', 'Varus', 'Jarvan IV', 'Kalista', 'Sivir']","['Ambessa', 'Naafiri', 'Viktor', 'Brand', 'Rell']","['Sion', 'Vi', 'Ryze', 'Ezreal', 'Karma']",[],[],0,leaguepedia_cargo_patch_range,1,scoreboard_players_corrected
Road Of Legends/2026 Season/Spring Split_Week 7_4_1,2026-05-14 18:09:00,26.09,Road Of Legends 2026 Spring,ZennIT,Once Upon A Team,Once Upon A Team,"['Zoe', 'Lux', 'Yasuo', 'Draven', 'Tristana']","['Azir', 'Karma', 'Lulu', 'Xin Zhao', 'Wukong']","[""K'Sante"", 'Jarvan IV', 'Ryze', 'Ashe', 'Seraphine']","['Gnar', 'Pantheon', 'Annie', 'Mel', 'Nautilus']",[],[],0,leaguepedia_cargo_patch_range,1,scoreboard_players_corrected
Esports Balkan League/2026 Season/Spring Playoffs_Round 2_2_2,2026-05-14 18:21:00,26.09,EBL 2026 Spring Playoffs,Magaza Esports,The Secret Club,Magaza Esports,"['LeBlanc', 'Seraphine', 'Akali', 'Jax', 'Renekton']","['Orianna', 'Lucian', 'Aatrox', 'Anivia', 'Zoe']","['Zaahen', 'Skarner', 'Viktor', 'Yunara', 'Lulu']","['Ambessa', 'Jarvan IV', 'Ryze', 'Jhin', 'Karma']",[],[],1,leaguepedia_cargo_patch_range,0,scoreboard_players_corrected
Hitpoint 2nd Division Challengers/2026 Season/Spring Split_Week 4_8_2,2026-05-14 18:40:00,26.09,Hitpoint 2nd Div Challengers 2026 Spring,CITA Kaizen Academy,Priority,CITA Kaizen Academy,"[""K'Sante"", 'Orianna', 'LeBlanc', 'Varus', 'Smolder']","['Syndra', 'Akali', 'Ambessa', 'Karma', 'Bard']","['Sion', 'Wukong', 'Azir', 'Xayah', 'Rakan']","['Aatrox', 'Skarner', 'Taliyah', 'Tristana', 'Lulu']",[],[],1,leaguepedia_cargo_patch_range,0,scoreboard_players_corrected
Road Of Legends/2026 Season/Spring Split_Week 7_3_3,2026-05-14 18:43:00,26.09,Road Of Legends 2026 Spring,The Bandits,Myth Esports,The Bandits,"['Jayce', 'Aphelios', 'Karma', 'Nami', 'Malphite']","['Aurelion Sol', 'Ashe', 'Orianna', 'Rakan', 'Leona']","['Tryndamere', 'Wukong', 'Ryze', 'Ezreal', 'Nautilus']","['Darius', 'Naafiri', 'Anivia', 'Corki', 'Alistar']",[],[],1,leaguepedia_cargo_patch_range,0,scoreboard_players_corrected
Arabian League 2nd Division/2026 Season/Spring Playoffs_Round 1_3_1,2026-05-14 18:54:00,26.09,Arabian League 2nd Division 2026 Spring Playoffs,Victorious Demons,JSK Academy,Victorious Demons,"['Brand', 'Akali', 'Karma', 'Yunara', 'Sivir']","['Orianna', 'Jarvan IV', 'Caitlyn', 'Ezreal']","[""K'Sante"", 'Pantheon', 'Ahri', 'Jhin', 'Bard']","['Aatrox', 'Xin Zhao', 'Mel', 'Tristana', 'Lulu']",[],[],1,leaguepedia_cargo_patch_range,0,scoreboard_players_corrected
Road Of Legends/2026 Season/Spring Split_Week 7_4_2,2026-05-14 19:10:00,26.09,Road Of Legends 2026 Spring,Once Upon A Team,ZennIT,ZennIT,"['Azir', 'Viktor', 'Xin Zhao', 'Vi', 'Nocturne']","['Karma', 'Zoe', 'Draven', 'Ahri', 'Orianna']","['Renekton', 'Ambessa', 'Syndra', 'Varus', 'Lulu']","['Ornn', 'Naafiri', 'Aurora', 'Lucian', 'Milio']",[],[],0,leaguepedia_cargo_patch_range,1,scoreboard_players_corrected
LPLOL/2026 Season/Spring Split_Week 3_2_1,2026-05-14 19:13:00,26.09,LPLOL 2026 Spring,Bubliki,Francesinhas,Bubliki,"['Nautilus', 'Jarvan IV', 'Bard', 'Gnar', 'Twisted Fate']","['Xin Zhao', 'Orianna', 'Seraphine', 'Sion', 'Volibear']","['Shen', 'Wukong', 'Ahri', 'Tristana', 'Karma']","['Fiora', 'Naafiri', 'Hwei', 'Ezreal', 'Nami']",[],[],1,leaguepedia_cargo_patch_range,0,scoreboard_players_corrected
Hitpoint 2nd Division Challengers/2026 Season/Spring Split_Week 4_8_3,2026-05-14 19:35:00,26.09,Hitpoint 2nd Div Challengers 2026 Spring,Priority,CITA Kaizen Academy,CITA Kaizen Academy,"['Akali', 'Syndra', 'Orianna', 'Ambessa', 'Naafiri']","[""K'Sante"", 'Jarvan IV', 'Vi', 'Ornn', 'Dr. Mundo']","['Olaf', 'Nocturne', 'Anivia', 'Ashe', 'Seraphine']","['Renekton', 'Sylas', 'Ryze', 'Ezreal', 'Bard']",[],[],0,leaguepedia_cargo_patch_range,1,scoreboard_players_corrected
Arabian League 2nd Division/2026 Season/Spring Playoffs_Round 1_3_2,2026-05-14 19:57:00,26.09,Arabian League 2nd Division 2026 Spring Playoffs,Victorious Demons,JSK Academy,JSK Academy,"['Brand', 'Akali', 'Anivia', 'Sion', 'LeBlanc']","['Neeko', 'Orianna', 'Ryze', 'Gwen', 'Varus']","['Dr. Mundo', 'Wukong', 'Aurora', 'Ezreal', 'Karma']","['Ornn', 'Jarvan IV', 'Azir', ""Kai'Sa"", 'Nautilus']",[],[],0,leaguepedia_cargo_patch_range,1,scoreboard_players_corrected
North American Challengers League/2026 Season/Spring Season_Week 8_1_1,2026-05-14 20:09:00,26.10,NACL 2026 Spring,Maryville University,Supernova,Maryville University,"['Nocturne', 'Varus', 'Caitlyn', 'Ahri', 'Ryze']","['Pantheon', 'Wukong', 'Xin Zhao', 'Jhin', 'Sivir']","['Galio', 'Jarvan IV', 'Azir', 'Ezreal', 'Bard']","['Rumble', 'Vi', 'Orianna', 'Smolder', 'Karma']",[],[],1,leaguepedia_cargo_patch_range,0,scoreboard_players_corrected
LPLOL/2026 Season/Spring Split_Week 3_3_1,2026-05-14 20:14:00,26.09,LPLOL 2026 Spring,Crusaders,Dream Esports,Crusaders,"['Akali', 'Seraphine', 'Bard', 'Vi', 'Pantheon']","['Orianna', 'Naafiri', 'Karma', 'Shyvana', 'Nocturne']","['Rumble', 'Skarner', 'Ryze', 'Yunara', 'Lulu']","[""K'Sante"", 'Xin Zhao', 'Ahri', 'Smolder', 'Nami']",[],[],1,leaguepedia_cargo_patch_range,0,scoreboard_players_corrected
Road Of Legends/2026 Season/Spring Split_Week 7_4_3,2026-05-14 20:19:00,26.09,Road Of Legends 2026 Spring,Once Upon A Team,ZennIT,Once Upon A Team,"['Azir', 'Viktor', 'Sion', 'Gwen', 'Zaahen']","['Karma', 'Zoe', 'Yasuo', 'Alistar', 'Rumble']","['Aatrox', 'Xin Zhao', 'Ahri', 'Ezreal', 'Yuumi']","['Vayne', 'Nocturne', 'Orianna', 'Sivir', 'Neeko']",[],[],1,leaguepedia_cargo_patch_range,0,scoreboard_players_corrected
Arabian League 2nd Division/2026 Season/Spring Playoffs_Round 1_3_3,2026-05-14 20:48:00,26.09,Arabian League 2nd Division 2026 Spring Playoffs,JSK Academy,Victorious Demons,JSK Academy,"['Neeko', 'Akali', 'Seraphine', 'Rumble', 'Kennen']","['Sion', 'Ryze', 'Orianna', 'LeBlanc', 'Zoe']","['Renekton', 'Skarner', 'Galio', 'Lucian', 'Nami']","['Ambessa', 'Viego', 'Hwei', 'Varus', 'Rell']",[],[],1,leaguepedia_cargo_patch_range,0,scoreboard_players_corrected
North American Challengers League/2026 Season/Spring Season_Week 8_1_2,2026-05-14 21:00:00,26.10,NACL 2026 Spring,Maryville University,Supernova,Supernova,"['Anivia', 'Pantheon', 'Caitlyn', 'Miss Fortune', 'Ambessa']","['Nocturne', 'Varus', 'Neeko', 'Cassiopeia', 'Viktor']","['Jax', 'Wukong', 'Akali', 'Lucian', 'Milio']","[""K'Sante"", 'Xin Zhao', 'Ryze', 'Senna', 'Nautilus']",[],[],0,leaguepedia_cargo_patch_range,1,scoreboard_players_corrected
LPLOL/2026 Season/Spring Split_Week 3_4_1,2026-05-14 21:09:00,26.09,LPLOL 2026 Spring,ZeroZone Gaming,GTZ Esports,GTZ Esports,"['Neeko', 'Bard', 'Jarvan IV', 'Ornn', 'Skarner']","['Aurora', 'Ezreal', 'Karma', 'Nocturne', 'Vi']","['Gnar', 'Lee Sin', 'Orianna', 'Yunara', 'Lulu']","['Malphite', 'Pantheon', 'Akali', 'Corki', 'Nami']",[],[],0,leaguepedia_cargo_patch_range,1,scoreboard_players_corrected
North American Challengers League/2026 Season/Spring Season_Week 8_1_3,2026-05-14 21:57:00,26.10,NACL 2026 Spring,Maryville University,Supernova,Supernova,"['Seraphine', 'Jayce', 'Renekton', 'Viktor', 'Mel']","['Varus', 'Nocturne', 'Pantheon', 'Aurora', 'Lee Sin']","['Ambessa', 'Naafiri', 'Annie', 'Jhin', 'Neeko']","['Vayne', 'Skarner', 'Twisted Fate', 'Caitlyn', 'Anivia']",[],[],0,leaguepedia_cargo_patch_range,1,scoreboard_players_corrected
North American Challengers League/2026 Season/Spring Season_Week 8_2_1,2026-05-14 23:05:00,26.10,NACL 2026 Spring,Conviction,Dorado Gaming,Conviction,"['Ryze', 'Seraphine', 'Jarvan IV', 'Akali', 'Irelia']","['Karma', 'Nocturne', 'Pantheon', 'Xin Zhao', 'Wukong']","['Ambessa', 'Vi', 'Ahri', 'Varus', 'Bard']","['Rumble', 'Naafiri', 'Orianna', 'Ezreal', 'Neeko']",[],[],1,leaguepedia_cargo_patch_range,0,scoreboard_players_corrected
North American Challengers League/2026 Season/Spring Season_Week 8_2_2,2026-05-14 23:51:00,26.10,NACL 2026 Spring,Conviction,Dorado Gaming,Conviction,"['Nocturne', 'Pantheon', 'Seraphine', 'Annie', 'Viktor']","['Karma', 'Lucian', 'Ryze', 'Syndra', 'Akali']","['Jayce', 'Jarvan IV', 'Twisted Fate', 'Caitlyn', 'Elise']","['Sion', 'Xin Zhao', 'Aurora', 'Corki', 'Nami']",[],[],1,leaguepedia_cargo_patch_range,0,scoreboard_players_corrected
LCK CL/2026 Season/Rounds 1-2_Week 7_9_1,2026-05-15 05:07:00,26.09,LCK CL 2026 Rounds 1-2,Gen.G Global Academy,Kiwoom DRX Challengers,Kiwoom DRX Challengers,"['Varus', 'Karma', 'Nocturne', 'Annie', 'Aurora']","['Orianna', 'Rumble', 'Jarvan IV', 'Ahri', 'Taliyah']","[""K'Sante"", 'Xin Zhao', 'Cassiopeia', 'Yunara', 'Lulu']","['Jayce', 'Vi', 'Viktor', 'Lucian', 'Milio']",[],[],0,leaguepedia_cargo_patch_range,1,scoreboard_players_corrected
LCK CL/2026 Season/Rounds 1-2_Week 7_10_1,2026-05-15 05:14:00,26.09,LCK CL 2026 Rounds 1-2,Nongshim Esports Academy,Hanwha Life Esports Challengers,Nongshim Esports Academy,"['Varus', 'Karma', 'Nocturne', 'Akali', 'Azir']","['Orianna', 'Rumble', 'Ashe', 'Gwen', 'Ambessa']","['Gnar', 'Jarvan IV', 'Cassiopeia', 'Caitlyn', 'Bard']","['Sion', 'Xin Zhao', 'Aurora', 'Ezreal', 'Neeko']",[],[],1,leaguepedia_cargo_patch_range,0,scoreboard_players_corrected
LCK CL/2026 Season/Rounds 1-2_Week 7_10_2,2026-05-15 06:01:00,26.09,LCK CL 2026 Rounds 1-2,Nongshim Esports Academy,Hanwha Life Esports Challengers,Hanwha Life Esports Challengers,"['Varus', 'Karma', 'Vi', 'Nautilus', 'Ashe']","['Rumble', 'Nocturne', 'Orianna', 'Skarner', ""K'Sante""]","['Jayce', 'Pantheon', 'Ryze', 'Yunara', 'Lulu']","['Yorick', 'Trundle', 'Anivia', 'Lucian', 'Milio']",[],[],0,leaguepedia_cargo_patch_range,1,scoreboard_players_corrected
LCK CL/2026 Season/Rounds 1-2_Week 7_9_2,2026-05-15 06:02:00,26.09,LCK CL 2026 Rounds 1-2,Gen.G Global Academy,Kiwoom DRX Challengers,Kiwoom DRX Challengers,"['Karma', 'Varus', 'Rumble', 'Orianna', 'Vayne']","['Jarvan IV', 'Nocturne', 'Ashe', 'Akali', 'Annie']","['Yorick', 'Pantheon', 'Taliyah', 'Miss Fortune', 'Nautilus']","['Gnar', 'Skarner', 'Ryze', 'Ezreal', 'Bard']",[],[],0,leaguepedia_cargo_patch_range,1,scoreboard_players_corrected
LCK CL/2026 Season/Rounds 1-2_Week 7_10_3,2026-05-15 07:04:00,26.09,LCK CL 2026 Rounds 1-2,Hanwha Life Esports Challengers,Nongshim Esports Academy,Nongshim Esports Academy,"['Varus', 'Ashe', 'Vi', 'Twisted Fate', 'Taliyah']","['Rumble', 'Nocturne', 'Orianna', 'Rakan', 'Karma']","['Renekton', 'Wukong', 'Annie', 'Jhin', 'Nautilus']","['Vayne', 'Skarner', 'Viktor', 'Miss Fortune', 'Alistar']",[],[],0,leaguepedia_cargo_patch_range,1,scoreboard_players_corrected
LCK/2026 Season/Rounds 1-2_Week 7_5_1,2026-05-15 08:07:00,26.09,LCK 2026 Rounds 1-2,Hanwha Life Esports,Dplus Kia,Hanwha Life Esports,"['Varus', 'Ezreal', 'Rumble', 'Gnar', 'Viktor']","['Lucian', 'Bard', 'Nocturne', 'Xin Zhao', 'Naafiri']","['Sion', 'Lee Sin', 'Orianna', 'Caitlyn', 'Karma']","['Irelia', 'Jarvan IV', 'Zyra', 'Ashe', 'Seraphine']",[],[],1,leaguepedia_cargo_patch_range,0,scoreboard_players_corrected
LJL/2026 Season/Spring Series_Week 3_3_1,2026-05-15 08:12:00,26.09,LJL 2026 Spring Series,Rising Gaming,DetonatioN FocusMe Academy,Rising Gaming,"['Rumble', 'Nocturne', 'Lucian', 'Jax', 'Irelia']","['Karma', 'Jarvan IV', 'Varus', 'Orianna', 'Ryze']","['Gnar', 'Xin Zhao', 'Taliyah', 'Ezreal', 'Bard']","['Jayce', 'Vi', 'Ahri', ""Kai'Sa"", 'Nautilus']",[],[],1,leaguepedia_cargo_patch_range,0,scoreboard_players_corrected
LJL/2026 Season/Spring Series_Week 3_3_2,2026-05-15 08:58:00,26.09,LJL 2026 Spring Series,Rising Gaming,DetonatioN FocusMe Academy,Rising Gaming,"['Rumble', 'Nocturne', 'Seraphine', 'Gwen', 'Vayne']","['Karma', 'Jarvan IV', 'Varus', 'Ryze', 'Annie']","[""K'Sante"", 'Ambessa', 'LeBlanc', 'Yunara', 'Lulu']","['Smolder', 'Wukong', 'Akali', 'Lucian', 'Milio']",[],[],1,leaguepedia_cargo_patch_range,0,scoreboard_players_corrected
LCK/2026 Season/Rounds 1-2_Week 7_5_2,2026-05-15 09:08:00,26.09,LCK 2026 Rounds 1-2,Hanwha Life Esports,Dplus Kia,Hanwha Life Esports,"['Varus', 'Nautilus', 'Lucian', 'Azir', 'Annie']","['Bard', 'Rumble', 'Vi', 'Pantheon', 'Skarner']","['Yorick', 'Xin Zhao', 'Cassiopeia', 'Corki', 'Nami']","['Jayce', 'Nocturne', 'Twisted Fate', 'Yunara', 'Lulu']",[],[],1,leaguepedia_cargo_patch_range,0,scoreboard_players_corrected
LPL/2026 Season/Split 2_Week 7_7_1,2026-05-15 09:09:00,26.09,LPL 2026 Split 2,Ultra Prime,Oh My God,Ultra Prime,"['Varus', 'Nocturne', 'Karma', 'Lucian', 'Caitlyn']","['Orianna', 'Seraphine', 'Bard', 'Pyke', 'Nautilus']","[""K'Sante"", 'Jarvan IV', 'Ryze', 'Corki', 'Nami']","['Rumble', 'Vi', 'Taliyah', 'Yunara', 'Lulu']",[],[],1,leaguepedia_cargo_patch_range,0,scoreboard_players_corrected
LPL/2026 Season/Split 2_Week 7_7_2,2026-05-15 10:06:00,26.09,LPL 2026 Split 2,Ultra Prime,Oh My God,Ultra Prime,"['Varus', 'Jayce', 'Seraphine', 'Twisted Fate', 'Aurora']","['Orianna', 'Nocturne', 'Karma', 'Vayne', 'Jax']","['Yorick', 'Pantheon', 'Akali', 'Caitlyn', 'Bard']","['Gnar', 'Xin Zhao', 'LeBlanc', 'Lucian', 'Milio']",[],[],1,leaguepedia_cargo_patch_range,0,scoreboard_players_corrected
LJL/2026 Season/Spring Series_Week 3_4_1,2026-05-15 10:07:00,26.09,LJL 2026 Spring Series,RAYN Clocks,New Meta,New Meta,"['Irelia', 'Nocturne', 'Akali', 'Gnar', 'Gwen']","['Varus', 'Karma', 'Orianna', 'Rumble', 'Annie']","['Renekton', 'Xin Zhao', 'Galio', 'Ezreal', 'Bard']","['Jayce', 'Jarvan IV', 'Viktor', ""Kai'Sa"", 'Neeko']",[],[],0,leaguepedia_cargo_patch_range,1,scoreboard_players_corrected
VCS/2026 Season/Summer Season_Week 1_5_1,2026-05-15 10:07:00,26.09,VCS 2026 Summer,SN CyberCore Esports,Saigon Warriors,SN CyberCore Esports,"['Seraphine', 'Varus', 'Pantheon', 'Naafiri', 'Xin Zhao']","['Orianna', 'Jarvan IV', 'Karma', 'Miss Fortune', 'Jhin']","['Ornn', 'Nocturne', 'Aurora', 'Sivir', 'Nautilus']","['Rumble', 'Trundle', 'Ryze', 'Ezreal', 'Bard']",[],[],1,leaguepedia_cargo_patch_range,0,scoreboard_players_corrected
LCK/2026 Season/Rounds 1-2_Week 7_6_1,2026-05-15 10:22:00,26.09,LCK 2026 Rounds 1-2,HANJIN BRION,DN SOOPers,HANJIN BRION,"['Varus', 'Ezreal', 'Caitlyn', 'Nocturne', 'Jayce']","['Orianna', 'Rumble', 'Lucian', 'Cassiopeia', 'Anivia']","['Sion', 'Lee Sin', 'Ryze', 'Jhin', 'Karma']","['Renekton', 'Jarvan IV', 'Taliyah', 'Ashe', 'Seraphine']",[],[],1,leaguepedia_cargo_patch_range,0,scoreboard_players_corrected
VCS/2026 Season/Summer Season_Week 1_5_2,2026-05-15 11:03:00,26.09,VCS 2026 Summer,Saigon Warriors,SN CyberCore Esports,Saigon Warriors,"['Karma', 'Jarvan IV', 'Akali', 'Ahri', 'Sion']","['Varus', 'Seraphine', 'Orianna', 'Anivia', 'Mel']","['Jayce', 'Pantheon', 'Cassiopeia', 'Lucian', 'Milio']","['Yorick', 'Vi', 'Twisted Fate', 'Corki', 'Nami']",[],[],1,leaguepedia_cargo_patch_range,0,scoreboard_players_corrected
LJL/2026 Season/Spring Series_Week 3_4_2,2026-05-15 11:11:00,26.09,LJL 2026 Spring Series,New Meta,RAYN Clocks,RAYN Clocks,"['Varus', 'Rumble', 'Nocturne', 'Caitlyn', 'Jhin']","['Irelia', 'Ashe', 'Vi', 'Wukong', 'Pantheon']","['Ambessa', 'Skarner', 'Orianna', 'Yunara', 'Lulu']","['Maokai', 'Naafiri', 'Annie', 'Miss Fortune', 'Karma']",[],[],0,leaguepedia_cargo_patch_range,1,scoreboard_players_corrected
LCK/2026 Season/Rounds 1-2_Week 7_6_2,2026-05-15 11:12:00,26.09,LCK 2026 Rounds 1-2,DN SOOPers,HANJIN BRION,HANJIN BRION,"['Varus', 'Caitlyn', 'Rumble', 'Lulu', 'Bard']","['Orianna', 'Nocturne', 'Lucian', 'Jayce', 'Annie']","['Ambessa', 'Vi', 'Cassiopeia', 'Corki', 'Nami']","['Zaahen', 'Xin Zhao', 'Akali', 'Ezreal', 'Neeko']",[],[],0,leaguepedia_cargo_patch_range,1,scoreboard_players_corrected
LPL/2026 Season/Split 2_Week 7_8_1,2026-05-15 11:19:00,26.09,LPL 2026 Split 2,Top Esports,Bilibili Gaming,Bilibili Gaming,"['Karma', 'Seraphine', 'Rumble', 'Lucian', 'Nami']","['Orianna', 'Varus', 'Ezreal', 'Bard', 'Lulu']","[""K'Sante"", 'Vi', 'Cassiopeia', 'Jhin', 'Neeko']","['Jayce', 'Jarvan IV', 'LeBlanc', 'Xayah', 'Rakan']",[],[],0,leaguepedia_cargo_patch_range,1,scoreboard_players_corrected
VCS/2026 Season/Summer Season_Week 1_5_3,2026-05-15 11:49:00,26.09,VCS 2026 Summer,Saigon Warriors,SN CyberCore Esports,Saigon Warriors,"['Akali', 'Karma', 'Caitlyn', 'Renekton', 'Annie']","['Orianna', 'Jarvan IV', 'Varus', 'LeBlanc', 'Anivia']","['Vayne', 'Naafiri', 'Sylas', 'Ashe', 'Lulu']","['Gnar', 'Xin Zhao', 'Viktor', 'Jhin', 'Seraphine']",[],[],1,leaguepedia_cargo_patch_range,0,scoreboard_players_corrected
LPL/2026 Season/Split 2_Week 7_8_2,2026-05-15 12:14:00,26.09,LPL 2026 Split 2,Bilibili Gaming,Top Esports,Bilibili Gaming,"['Varus', 'Ezreal', 'Ashe', 'Annie', 'Twisted Fate']","['Orianna', 'Rumble', 'Nocturne', 'Vayne', 'Xin Zhao']","['Gnar', 'Pantheon', 'Anivia', 'Lucian', 'Milio']","['Ambessa', 'Lee Sin', 'Ryze', 'Yunara', 'Lulu']",[],[],1,leaguepedia_cargo_patch_range,0,scoreboard_players_corrected
VCS/2026 Season/Summer Season_Week 1_6_1,2026-05-15 12:30:00,26.09,VCS 2026 Summer,9Gaming,MVK Esports Academy,MVK Esports Academy,"['Karma', 'Varus', 'Jarvan IV', 'Mel', ""K'Sante""]","['Orianna', 'Nocturne', 'Pantheon', 'Ashe', 'Sivir']","['Rumble', 'Xin Zhao', 'Galio', ""Kai'Sa"", 'Seraphine']","['Sion', 'Naafiri', 'Ryze', 'Ezreal', 'Nautilus']",[],[],0,leaguepedia_cargo_patch_range,1,scoreboard_players_corrected
LJL/2026 Season/Spring Series_Week 3_4_3,2026-05-15 12:31:00,26.09,LJL 2026 Spring Series,New Meta,RAYN Clocks,New Meta,"['Varus', 'Nocturne', 'Rumble', 'Hwei', 'Anivia']","['Irelia', 'Lucian', 'Ashe', 'Akali', 'Aurora']","['Tryndamere', 'Lee Sin', 'Cassiopeia', 'Jhin', 'Seraphine']","['Jax', ""Rek'Sai"", 'Sion', 'Caitlyn', 'Elise']",[],[],1,leaguepedia_cargo_patch_range,0,scoreboard_players_corrected
VCS/2026 Season/Summer Season_Week 1_6_2,2026-05-15 13:22:00,26.09,VCS 2026 Summer,MVK Esports Academy,9Gaming,MVK Esports Academy,"['Ambessa', 'Aurora', 'Jayce', 'Ahri', 'Annie']","['Karma', 'Orianna', 'Varus', 'Taliyah', 'Mel']","['Renekton', 'Pantheon', 'Akali', 'Lucian', 'Milio']","[""K'Sante"", 'Nocturne', 'Cassiopeia', 'Aphelios', 'Lulu']",[],[],1,leaguepedia_cargo_patch_range,0,scoreboard_players_corrected
TCL/2026 Season/Spring Split_Week 6_5_1,2026-05-15 14:31:00,26.09,TCL 2026 Spring,Ozarox Esports,Team Phoenix (Turkish Team),Team Phoenix (Turkish Team),"['Sion', 'Naafiri', 'Neeko', 'Urgot', 'Irelia']","['Rumble', 'Lulu', 'Seraphine', 'Nami', 'Karma']","['Brand', 'Hecarim', 'Ekko', 'Yasuo', 'Senna']","['Anivia', 'Jarvan IV', 'Orianna', 'Ezreal', 'Bard']",[],[],0,leaguepedia_cargo_patch_range,1,scoreboard_players_corrected
Esports World Cup 2026/Online Qualifiers/EMEA_Round 4_3_1,2026-05-15 15:03:00,26.09,Esports World Cup 2026 Online Qualifier: EMEA,Galions,Natus Vincere,Natus Vincere,"['Nautilus', 'Varus', 'Ezreal', 'Gnar', 'Skarner']","['Orianna', 'Pantheon', 'Seraphine', 'Anivia', 'Rumble']","['Vayne', 'Vi', 'Viktor', 'Yunara', 'Milio']","['Sion', 'Wukong', 'Cassiopeia', 'Lucian', 'Nami']",[],[],0,leaguepedia_cargo_patch_range,1,scoreboard_players_corrected
Hitpoint 2nd Division Challengers/2026 Season/Spring Split_Week 4_9_1,2026-05-15 15:13:00,26.09,Hitpoint 2nd Div Challengers 2026 Spring,Andromeda Gaming,EXILE esports Academy,EXILE esports Academy,"['Syndra', 'Xerath', 'Gnar', 'Akali', 'Ahri']","['Garen', 'Jarvan IV', 'Orianna', 'Vayne', 'Aurora']","['Darius', 'Xin Zhao', 'Ryze', 'Ezreal', 'Pyke']","['Gangplank', 'Wukong', 'Cassiopeia', 'Varus', 'Nautilus']",[],[],0,leaguepedia_cargo_patch_range,1,scoreboard_players_corrected
TCL/2026 Season/Spring Split_Week 6_5_2,2026-05-15 15:31:00,26.09,TCL 2026 Spring,Team Phoenix (Turkish Team),Ozarox Esports,Team Phoenix (Turkish Team),"['Rumble', 'Seraphine', 'Lulu', 'Azir', 'Jayce']","['Naafiri', 'Karma', 'LeBlanc', 'Urgot', 'Sion']","['Gwen', 'Xin Zhao', 'Galio', 'Kalista', 'Renata Glasc']","['Varus', 'Shyvana', 'Vayne', 'Mel', 'Fiddlesticks']",[],[],1,leaguepedia_cargo_patch_range,0,scoreboard_players_corrected
Esports World Cup 2026/Online Qualifiers/EMEA_Round 4_3_2,2026-05-15 15:54:00,26.09,Esports World Cup 2026 Online Qualifier: EMEA,Natus Vincere,Galions,Galions,"['Varus', 'Jarvan IV', 'Nautilus', 'Nocturne', 'Ryze']","['Orianna', 'Pantheon', 'Xin Zhao', 'Trundle', 'Skarner']","['Rumble', 'Ambessa', 'Aurora', 'Ashe', 'Seraphine']","['Ornn', 'Naafiri', 'Annie', 'Caitlyn', 'Bard']",[],[],0,leaguepedia_cargo_patch_range,1,scoreboard_players_corrected
Hitpoint 2nd Division Challengers/2026 Season/Spring Split_Week 4_9_2,2026-05-15 15:59:00,26.09,Hitpoint 2nd Div Challengers 2026 Spring,EXILE esports Academy,Andromeda Gaming,EXILE esports Academy,"['Garen', 'Jarvan IV', 'Orianna', 'Xayah', 'Alistar']","['Syndra', 'Xerath', 'Seraphine', 'Malphite', 'Rumble']","['Twisted Fate', 'Talon', 'Ahri', ""Kai'Sa"", 'Blitzcrank']","['Vayne', 'Viego', 'Lissandra', 'Ashe', 'Leona']",[],[],1,leaguepedia_cargo_patch_range,0,scoreboard_players_corrected
LIT/2026 Season/Spring Playoffs_Semifinals_2_1,2026-05-15 16:14:00,26.09,LIT 2026 Spring Playoffs,Colossal Gaming,GMBLERS Esports,Colossal Gaming,"['Rumble', 'Seraphine', 'Jarvan IV', 'Rakan', 'Braum']","['Akali', 'Zaahen', 'Ezreal', 'Nautilus', 'Yorick']","['Malphite', 'Nocturne', 'Orianna', ""Kai'Sa"", 'Rell']","['Gnar', 'Xin Zhao', 'LeBlanc', 'Xayah', 'Alistar']",[],[],1,leaguepedia_cargo_patch_range,0,scoreboard_players_corrected
Arabian League 2nd Division/2026 Season/Spring Playoffs_Round 2_1_1,2026-05-15 16:21:00,26.09,Arabian League 2nd Division 2026 Spring Playoffs,NextGeneration Esports,Pyramid IV Esports,Pyramid IV Esports,"['Hecarim', 'Wukong', 'Pantheon', ""K'Sante"", 'Renekton']","['Karma', 'Xin Zhao', 'Jarvan IV', 'Nocturne', 'Lee Sin']","['Sion', 'Vi', 'Orianna', ""Kai'Sa"", 'Nautilus']","['Gwen', 'Zaahen', 'Ryze', 'Xayah', 'Bard']",[],[],0,leaguepedia_cargo_patch_range,1,scoreboard_players_corrected
TCL/2026 Season/Spring Split_Week 6_6_1,2026-05-15 16:37:00,26.09,TCL 2026 Spring,SU Esports,BoostGate Esports,BoostGate Esports,"['Bard', 'Varus', 'Nautilus', 'Naafiri', 'Xin Zhao']","['Ahri', 'Orianna', 'Ashe', 'Syndra', 'Ryze']","['Sion', 'Jarvan IV', 'Viktor', 'Sivir', 'Karma']","['Rumble', 'Pantheon', 'Aurelion Sol', 'Ezreal', 'Seraphine']",[],[],0,leaguepedia_cargo_patch_range,1,scoreboard_players_corrected
Esports World Cup 2026/Online Qualifiers/EMEA_Round 4_3_3,2026-05-15 16:44:00,26.09,Esports World Cup 2026 Online Qualifier: EMEA,Galions,Natus Vincere,Natus Vincere,"['Nautilus', 'Karma', 'Varus', 'LeBlanc', 'Anivia']","['Orianna', 'Jarvan IV', 'Lulu', 'Ryze', 'Ahri']","['Jayce', 'Pantheon', 'Taliyah', 'Sivir', 'Rell']","['Renekton', 'Aatrox', 'Lissandra', 'Corki', 'Neeko']",[],[],0,leaguepedia_cargo_patch_range,1,scoreboard_players_corrected
LIT/2026 Season/Spring Playoffs_Semifinals_2_2,2026-05-15 17:11:00,26.09,LIT 2026 Spring Playoffs,Colossal Gaming,GMBLERS Esports,GMBLERS Esports,"['Rumble', 'Caitlyn', 'Seraphine', 'Aurora', 'Ahri']","['Akali', 'Zaahen', 'Ezreal', 'Ekko', 'Taliyah']","['Gragas', 'Jarvan IV', 'Viktor', 'Varus', 'Nautilus']","['Shyvana', 'Wukong', 'Syndra', 'Lucian', 'Milio']",[],[],0,leaguepedia_cargo_patch_range,1,scoreboard_players_corrected
Benelux Ascend Series/2026 Season/Spring Split_Week 7_3_1,2026-05-15 17:13:00,26.09,Benelux Ascend Series 2026 Spring,TAKA ASCEND,FUSE,FUSE,"['Jarvan IV', 'Dr. Mundo', 'Zaahen']","['Ashe', 'Caitlyn', 'Karma', 'Xayah', 'Yunara']","[""K'Sante"", 'Xin Zhao', 'Viktor', 'Jinx', 'Seraphine']","['Poppy', 'Naafiri', 'Orianna', 'Aphelios', 'Lulu']",[],[],0,leaguepedia_cargo_patch_range,1,scoreboard_players_corrected
Arabian League 2nd Division/2026 Season/Spring Playoffs_Round 2_1_2,2026-05-15 17:15:00,26.09,Arabian League 2nd Division 2026 Spring Playoffs,NextGeneration Esports,Pyramid IV Esports,Pyramid IV Esports,"['Hecarim', 'Wukong', 'Pantheon', ""K'Sante"", 'Milio']","['Karma', 'Xin Zhao', 'Jarvan IV', 'Ahri', 'Syndra']","['Kennen', 'Lee Sin', 'LeBlanc', 'Ezreal', 'Seraphine']","['Aurora', 'Sejuani', 'Irelia', 'Ashe', 'Rell']",[],[],0,leaguepedia_cargo_patch_range,1,scoreboard_players_corrected
LIT/2026 Season/Summer Promotion_Round 1_3_1,2026-05-15 17:22:00,26.10,LIT 2026 Summer Promotion,DECOY 21,Epitomy Warriors,DECOY 21,"['Ahri', 'Viego', 'Gnar', 'Rumble', 'Gwen']","['Dr. Mundo', 'Nocturne', 'Sylas', 'Jarvan IV', 'Wukong']","['Sion', 'Ambessa', 'Azir', 'Ezreal', 'Seraphine']","['Shen', 'Xin Zhao', 'Syndra', 'Ashe', 'Braum']",[],[],1,leaguepedia_cargo_patch_range,0,scoreboard_players_corrected
TCL/2026 Season/Spring Split_Week 6_6_2,2026-05-15 17:36:00,26.09,TCL 2026 Spring,BoostGate Esports,SU Esports,SU Esports,"['Ahri', 'Orianna', 'Xin Zhao', 'Syndra', 'Annie']","['Bard', 'Ashe', 'Nocturne', 'LeBlanc', ""Kog'Maw""]","['Gnar', 'Vi', 'Hwei', 'Varus', 'Nautilus']","['Jax', 'Naafiri', 'Aurora', 'Yunara', 'Lulu']",[],[],0,leaguepedia_cargo_patch_range,1,scoreboard_players_corrected
LIT/2026 Season/Summer Promotion_Round 1_2_1,2026-05-15 17:37:00,26.10,LIT 2026 Summer Promotion,Obsidian Oath,Epitomy Esports,Epitomy Esports,"['Hwei', 'Sion', 'Ashe', 'Mel', 'Renekton']","['Orianna', 'Nocturne', 'Ambessa', 'LeBlanc', 'Akali']","['Zaahen', 'Vi', 'Ahri', 'Jinx', 'Thresh']","['Fiora', 'Aatrox', 'Viktor', 'Ezreal', 'Bard']",[],[],0,leaguepedia_cargo_patch_range,1,scoreboard_players_corrected
Esports World Cup 2026/Online Qualifiers/EMEA_Round 4_4_1,2026-05-15 17:42:00,26.09,Esports World Cup 2026 Online Qualifier: EMEA,Movistar KOI,GIANTX,Movistar KOI,"['Nautilus', 'Akali', 'Pantheon', 'Karma', 'Ryze']","['Jarvan IV', 'Orianna', 'Seraphine', 'Neeko', 'Rell']","['Anivia', 'Xin Zhao', 'Cassiopeia', 'Ezreal', 'Bard']","['Varus', 'Skarner', 'Viktor', 'Lucian', 'Milio']",[],[],1,leaguepedia_cargo_patch_range,0,scoreboard_players_corrected
LIT/2026 Season/Spring Playoffs_Semifinals_2_3,2026-05-15 17:59:00,26.09,LIT 2026 Spring Playoffs,Colossal Gaming,GMBLERS Esports,GMBLERS Esports,"['Rumble', 'Seraphine', 'Pantheon', 'Ahri', 'Gwen']","['Akali', 'Zaahen', 'Ezreal', 'Yorick', 'Sion']","[""K'Sante"", 'Morgana', 'Naafiri', 'Ashe', 'Nami']","['Jayce', 'Vi', 'Aurora', 'Corki', 'Leona']",[],[],0,leaguepedia_cargo_patch_range,1,scoreboard_players_corrected
Benelux Ascend Series/2026 Season/Spring Split_Week 7_4_1,2026-05-15 18:12:00,26.09,Benelux Ascend Series 2026 Spring,RED OUAT,Frost Tails,RED OUAT,"['Yunara', 'Xin Zhao', 'Karma', 'Ornn', 'Nautilus']","['Ambessa', 'Orianna', 'Seraphine', 'Rell', 'Braum']","['Sion', 'Pantheon', 'Aurora', ""Kai'Sa"", 'Thresh']","['Darius', 'Jarvan IV', 'Annie', 'Ezreal', 'Leona']",[],[],1,leaguepedia_cargo_patch_range,0,scoreboard_players_corrected
LPLOL/2026 Season/Spring Split_Week 3_5_1,2026-05-15 18:19:00,26.09,LPLOL 2026 Spring,Dream Esports,ZeroZone Gaming,Dream Esports,"['Aurora', 'Xin Zhao', 'Orianna', 'Sion', 'Ornn']","['Smolder', 'Ambessa', 'Bard', 'Ahri', 'Annie']","[""K'Sante"", 'Jarvan IV', 'Syndra', 'Jhin', 'Karma']","['Gnar', ""Rek'Sai"", 'Taliyah', 'Ashe', 'Seraphine']",[],[],1,leaguepedia_cargo_patch_range,0,scoreboard_players_corrected
Arabian League 2nd Division/2026 Season/Spring Playoffs_Round 2_2_1,2026-05-15 18:20:00,26.09,Arabian League 2nd Division 2026 Spring Playoffs,JSK Academy,NextGeneration Esports,NextGeneration Esports,"['Irelia', 'Xin Zhao', 'Orianna', 'Nautilus', 'Akali']","['Jarvan IV', 'Skarner', 'Karma', 'Gwen', 'Darius']","['Aatrox', 'Pantheon', 'Viktor', 'Ezreal', 'Bard']","['Sion', 'Vi', 'Syndra', 'Varus', 'Neeko']",[],[],0,leaguepedia_cargo_patch_range,1,scoreboard_players_corrected
Benelux Ascend Series/2026 Season/Spring Split_Week 7_3_2,2026-05-15 18:25:00,26.09,Benelux Ascend Series 2026 Spring,FUSE,TAKA ASCEND,TAKA ASCEND,"['Ashe', 'Caitlyn', 'Wukong', 'Nautilus', ""Cho'Gath""]","['Dr. Mundo', 'Smolder', 'Ambessa', 'Vi', 'Zaahen']","['Sion', 'Jayce', 'Ryze', 'Sivir', 'Karma']","['Aatrox', 'Pantheon', 'Anivia', 'Ezreal', 'Rakan']",[],[],0,leaguepedia_cargo_patch_range,1,scoreboard_players_corrected
LIT/2026 Season/Summer Promotion_Round 1_3_2,2026-05-15 18:25:00,26.10,LIT 2026 Summer Promotion,Epitomy Warriors,DECOY 21,DECOY 21,"['Dr. Mundo', 'Nocturne', 'Sylas', 'Vayne', ""Cho'Gath""]","['Viego', 'Ahri', 'Gnar', 'Orianna', 'Lissandra']","['Renekton', 'Wukong', 'Aurora', 'Aphelios', 'Thresh']","['Ornn', 'Jarvan IV', 'Cassiopeia', 'Caitlyn', 'Nautilus']",[],[],0,leaguepedia_cargo_patch_range,1,scoreboard_players_corrected
TCL/2026 Season/Spring Split_Week 6_6_3,2026-05-15 18:28:00,26.09,TCL 2026 Spring,SU Esports,BoostGate Esports,SU Esports,"['Bard', 'Nocturne', 'Wukong', 'Neeko', 'Leona']","['Ahri', 'Orianna', 'Ashe', 'Irelia', 'Yorick']","[""K'Sante"", 'Xin Zhao', 'Syndra', 'Lucian', 'Milio']","['Vayne', 'Maokai', 'Jayce', 'Jhin', 'Nami']",[],[],1,leaguepedia_cargo_patch_range,0,scoreboard_players_corrected
Esports World Cup 2026/Online Qualifiers/EMEA_Round 4_4_2,2026-05-15 18:32:00,26.09,Esports World Cup 2026 Online Qualifier: EMEA,Movistar KOI,GIANTX,Movistar KOI,"['Akali', 'Nautilus', 'Pantheon', 'Vi', 'Vayne']","['Orianna', 'Jarvan IV', 'Jhin', 'Nocturne', 'Rumble']","['Shyvana', 'Trundle', 'Taliyah', 'Ashe', 'Seraphine']","['Gnar', 'Wukong', 'Ryze', 'Miss Fortune', 'Rell']",[],[],1,leaguepedia_cargo_patch_range,0,scoreboard_players_corrected
LIT/2026 Season/Summer Promotion_Round 1_2_2,2026-05-15 18:39:00,26.10,LIT 2026 Summer Promotion,Epitomy Esports,Obsidian Oath,Obsidian Oath,"['Nocturne', 'Ambessa', 'Orianna', 'Lulu', 'Gnar']","['Sion', 'Hwei', 'Ashe', 'Mel', 'Galio']","['Renekton', 'Xin Zhao', 'Syndra', 'Corki', 'Nami']","['Ornn', ""Rek'Sai"", 'LeBlanc', 'Yunara', 'Rell']",[],[],0,leaguepedia_cargo_patch_range,1,scoreboard_players_corrected
LIT/2026 Season/Spring Playoffs_Semifinals_2_4,2026-05-15 18:54:00,26.09,LIT 2026 Spring Playoffs,Colossal Gaming,GMBLERS Esports,Colossal Gaming,"['Rumble', 'Pantheon', 'Caitlyn', 'Lee Sin', 'Ambessa']","['Akali', 'Zaahen', 'Ezreal', 'Kayn', 'Trundle']","['Dr. Mundo', 'Brand', 'Ahri', 'Yunara', 'Lulu']","['Renekton', 'Skarner', 'Anivia', 'Smolder', 'Bard']",[],[],1,leaguepedia_cargo_patch_range,0,scoreboard_players_corrected
Hitpoint 2nd Division Challengers/2026 Season/Spring Split_Week 4_10_1,2026-05-15 18:58:00,26.09,Hitpoint 2nd Div Challengers 2026 Spring,Priority,KIA.eSuba Academy,Priority,"['Ashe', 'Jarvan IV', 'Akali', 'Ahri', 'Syndra']","[""K'Sante"", 'Aurora', 'Orianna', 'Yunara', 'Tristana']","['Ornn', 'Skarner', 'Viktor', 'Zeri', 'Lulu']","['Renekton', 'Xin Zhao', 'Ryze', 'Ezreal', 'Karma']",[],[],1,leaguepedia_cargo_patch_range,0,scoreboard_players_corrected
Arabian League 2nd Division/2026 Season/Spring Playoffs_Round 2_2_2,2026-05-15 19:11:00,26.09,Arabian League 2nd Division 2026 Spring Playoffs,NextGeneration Esports,JSK Academy,NextGeneration Esports,"['Skarner', 'Karma', 'Naafiri', 'Corki', 'Kalista']","['Caitlyn', 'Jarvan IV', 'Xin Zhao', 'Gwen', 'Kennen']","['Fizz', 'Wukong', 'Akali', 'Xayah', 'Rakan']","[""K'Sante"", 'Nocturne', 'Orianna', 'Lucian', 'Nami']",[],[],1,leaguepedia_cargo_patch_range,0,scoreboard_players_corrected
Benelux Ascend Series/2026 Season/Spring Split_Week 7_4_2,2026-05-15 19:19:00,26.09,Benelux Ascend Series 2026 Spring,RED OUAT,Frost Tails,RED OUAT,"['Xin Zhao', 'Karma', 'Yunara', 'Ornn', ""K'Sante""]","['Ambessa', 'Orianna', 'Seraphine', 'Rell', 'Neeko']","['Gnar', 'Nocturne', 'Taliyah', 'Varus', 'Rakan']","['Nasus', 'Lee Sin', 'Xerath', 'Smolder', 'Braum']",[],[],1,leaguepedia_cargo_patch_range,0,scoreboard_players_corrected
LPLOL/2026 Season/Spring Split_Week 3_6_1,2026-05-15 19:26:00,26.09,LPLOL 2026 Spring,Ronaldo Team,Crusaders,Crusaders,"['Karma', 'Nami', 'Xin Zhao', 'Bard', 'Vayne']","['Caitlyn', 'Orianna', 'Varus', 'Annie', 'Viktor']","['Sion', 'Jarvan IV', 'Cassiopeia', 'Yunara', 'Lulu']","['Gnar', 'Naafiri', 'Ryze', 'Ezreal', 'Nautilus']",[],[],0,leaguepedia_cargo_patch_range,1,scoreboard_players_corrected
LIT/2026 Season/Summer Promotion_Round 1_2_3,2026-05-15 19:33:00,26.10,LIT 2026 Summer Promotion,Obsidian Oath,Epitomy Esports,Epitomy Esports,"['Sion', 'Hwei', 'Ashe', 'Yorick', 'Malphite']","['Orianna', 'Ambessa', 'Nocturne', 'Gnar', 'Jarvan IV']","['Poppy', 'Wukong', 'Ryze', 'Caitlyn', 'Braum']","['Pantheon', 'Olaf', 'Cassiopeia', 'Mel', 'Nautilus']",[],[],0,leaguepedia_cargo_patch_range,1,scoreboard_players_corrected
Benelux Ascend Series/2026 Season/Spring Split_Week 7_3_3,2026-05-15 19:40:00,26.09,Benelux Ascend Series 2026 Spring,TAKA ASCEND,FUSE,FUSE,"['Nautilus', 'Smolder', 'Mel', 'Akali', 'Nocturne']","['Ornn', 'Ahri']","['Renekton', 'Wukong', 'Aurora', 'Caitlyn', 'Nami']","['Malphite', 'Ambessa', 'Syndra', 'Senna', 'Rell']",[],[],0,leaguepedia_cargo_patch_range,1,scoreboard_players_corrected
LIT/2026 Season/Spring Playoffs_Semifinals_2_5,2026-05-15 19:43:00,26.09,LIT 2026 Spring Playoffs,GMBLERS Esports,Colossal Gaming,GMBLERS Esports,"['Zaahen', 'Akali', 'Ezreal', 'Qiyana', 'Taliyah']","['Rumble', 'Pantheon', 'Caitlyn', 'Ornn', 'Olaf']","['Vayne', 'Trundle', 'Ryze', 'Sivir', 'Rakan']","['Darius', 'Lillia', 'Veigar', 'Miss Fortune', 'Karma']",[],[],1,leaguepedia_cargo_patch_range,0,scoreboard_players_corrected
Hitpoint 2nd Division Challengers/2026 Season/Spring Split_Week 4_10_2,2026-05-15 19:47:00,26.09,Hitpoint 2nd Div Challengers 2026 Spring,Priority,KIA.eSuba Academy,Priority,"[""K'Sante"", 'Aurora', 'Akali', 'Bard', 'Nami']","['Ashe', 'Jarvan IV', 'Caitlyn', 'Aatrox', 'Jayce']","['Ambessa', 'Sylas', 'LeBlanc', 'Xayah', 'Rakan']","['Camille', 'Nocturne', 'Orianna', ""Kai'Sa"", 'Neeko']",[],[],1,leaguepedia_cargo_patch_range,0,scoreboard_players_corrected
North American Challengers League/2026 Season/Spring Season_Week 8_3_1,2026-05-15 20:09:00,26.10,NACL 2026 Spring,Citadel Gaming,Winthrop University,Winthrop University,"['Varus', 'Ezreal', 'Karma', 'Rumble', 'Sion']","['Nocturne', 'Lucian', 'Jarvan IV', 'Pantheon', 'Jayce']","[""K'Sante"", 'Nasus', 'Azir', 'Sivir', 'Bard']","['Gnar', 'Wukong', 'Orianna', 'Jhin', 'Nautilus']",[],[],0,leaguepedia_cargo_patch_range,1,scoreboard_players_corrected
LPLOL/2026 Season/Spring Split_Week 3_7_1,2026-05-15 20:35:00,26.09,LPLOL 2026 Spring,Bubliki,Otter Side,Otter Side,"['Nautilus', 'Rumble', 'Pantheon', 'Annie']","['Orianna', 'Xin Zhao', 'Jarvan IV', 'Shen', 'Volibear']","['Renekton', 'Nocturne', 'Mel', 'Ashe', 'Seraphine']","['Gnar', 'Wukong', 'Viktor', 'Caitlyn', 'Bard']",[],[],0,leaguepedia_cargo_patch_range,1,scoreboard_players_corrected
North American Challengers League/2026 Season/Spring Season_Week 8_3_2,2026-05-15 21:22:00,26.10,NACL 2026 Spring,Citadel Gaming,Winthrop University,Winthrop University,"['Ezreal', 'Seraphine', 'Caitlyn', 'Cassiopeia', 'Renekton']","['Nocturne', 'Lucian', 'Varus', 'Jayce', 'Ahri']","['Vayne', 'Pantheon', 'Aurora', 'Smolder', 'Karma']","['Ambessa', 'Jarvan IV', 'Ryze', ""Kai'Sa"", 'Neeko']",[],[],0,leaguepedia_cargo_patch_range,1,scoreboard_players_corrected
LPLOL/2026 Season/Spring Split_Week 3_8_1,2026-05-15 21:37:00,26.09,LPLOL 2026 Spring,Francesinhas,GTZ Esports,Francesinhas,"['Orianna', 'Karma', 'Seraphine', 'Anivia', 'Malphite']","['Yunara', 'Bard', 'Kalista', 'Zoe', 'Ahri']","[""K'Sante"", 'Pantheon', 'Aurora', 'Jhin', 'Neeko']","['Ornn', 'Naafiri', 'Hwei', 'Caitlyn', 'Nautilus']",[],[],1,leaguepedia_cargo_patch_range,0,scoreboard_players_corrected
North American Challengers League/2026 Season/Spring Season_Week 8_4_1,2026-05-15 22:19:00,26.10,NACL 2026 Spring,CCG Esports,Dorado Gaming,CCG Esports,"['Vi', 'Aurora', 'Varus', 'Gwen', 'Gnar']","['Sion', 'Nocturne', 'Ryze', 'Annie', 'Ahri']","['Rumble', 'Sejuani', 'Xin Zhao', 'Lucian', 'Karma']","[""K'Sante"", 'Jarvan IV', 'Orianna', 'Ezreal', 'Neeko']",[],[],1,leaguepedia_cargo_patch_range,0,scoreboard_players_corrected
North American Challengers League/2026 Season/Spring Season_Week 8_4_2,2026-05-15 23:11:00,26.10,NACL 2026 Spring,CCG Esports,Dorado Gaming,CCG Esports,"['Vi', 'Aurora', 'Gwen', 'Gnar', 'Vayne']","['Nocturne', 'Viktor', 'Sion', 'Ryze', 'Annie']","['Ornn', ""Rek'Sai"", 'Cassiopeia', 'Varus', 'Bard']","['Shyvana', 'Pantheon', 'Hwei', 'Ashe', 'Seraphine']",[],[],1,leaguepedia_cargo_patch_range,0,scoreboard_players_corrected
LCK Academy Series/2026 Season/1st Championship Playoffs_Round 3_1_1,2026-05-16 05:10:00,26.09,LCK AS 2026 1st Championship Playoffs,Dplus Kia Youth,Gen.G Scholars,Dplus Kia Youth,"['Varus', 'Nocturne', 'Ezreal', 'Gnar', 'Lee Sin']","['Orianna', 'Rumble', 'Caitlyn', 'Anivia', 'Cassiopeia']","['Sion', 'Jarvan IV', 'Viktor', 'Ashe', 'Seraphine']","['Shen', 'Naafiri', 'Ryze', 'Lucian', 'Milio']",[],[],1,leaguepedia_cargo_patch_range,0,scoreboard_players_corrected
LCK Academy Series/2026 Season/1st Championship Playoffs_Round 3_1_2,2026-05-16 06:01:00,26.09,LCK AS 2026 1st Championship Playoffs,Gen.G Scholars,Dplus Kia Youth,Dplus Kia Youth,"['Nocturne', 'Karma', 'Bard', 'Jhin', 'Ziggs']","['Orianna', 'Rumble', 'Ezreal', 'Nami', ""K'Sante""]","['Gragas', 'Skarner', 'Aurora', 'Varus', 'Lulu']","['Jayce', 'Pantheon', 'Twisted Fate', 'Yunara', 'Nautilus']",[],[],0,leaguepedia_cargo_patch_range,1,scoreboard_players_corrected
LCK Academy Series/2026 Season/1st Championship Playoffs_Round 3_1_3,2026-05-16 06:45:00,26.09,LCK AS 2026 1st Championship Playoffs,Gen.G Scholars,Dplus Kia Youth,Dplus Kia Youth,"['Karma', 'Caitlyn', 'Nocturne', 'Pyke', 'Neeko']","['Orianna', 'Nami', 'Ezreal', 'Akali', 'Anivia']","['Rumble', 'Trundle', 'Brand', 'Jhin', 'Bard']","[""K'Sante"", 'Xin Zhao', 'Annie', 'Samira', 'Rell']",[],[],0,leaguepedia_cargo_patch_range,1,scoreboard_players_corrected
LCK Academy Series/2026 Season/1st Championship Playoffs_Round 2_3_1,2026-05-16 08:05:00,26.09,LCK AS 2026 1st Championship Playoffs,T1 Esports Academy Rookies,Hanwha Life Esports Academy,T1 Esports Academy Rookies,"['Varus', 'Jarvan IV', 'Karma', 'Annie', 'Akali']","['Rumble', 'Orianna', 'Vi', 'Ryze', 'Galio']","['Sion', 'Nocturne', 'Aurora', 'Lucian', 'Milio']","['Gwen', 'Xin Zhao', 'Twisted Fate', 'Ezreal', 'Bard']",[],[],1,leaguepedia_cargo_patch_range,0,scoreboard_players_corrected
LCK/2026 Season/Rounds 1-2_Week 7_7_1,2026-05-16 08:06:00,26.09,LCK 2026 Rounds 1-2,Gen.G,T1,Gen.G,"['Varus', 'Lucian', 'Jarvan IV', 'Trundle', 'Vi']","['Orianna', 'Karma', 'Bard', 'Cassiopeia', 'Ryze']","['Renekton', 'Skarner', 'Rumble', 'Ezreal', 'Seraphine']","['Yorick', 'Xin Zhao', 'Twisted Fate', 'Ashe', 'Lulu']",[],[],1,leaguepedia_cargo_patch_range,0,scoreboard_players_corrected
LCK Academy Series/2026 Season/1st Championship Playoffs_Round 2_3_2,2026-05-16 08:53:00,26.09,LCK AS 2026 1st Championship Playoffs,Hanwha Life Esports Academy,T1 Esports Academy Rookies,T1 Esports Academy Rookies,"['Varus', 'Vi', 'Pantheon', 'Lee Sin', 'Naafiri']","['Rumble', 'Orianna', 'Karma', 'Viktor', 'Akali']","['Jayce', 'Jarvan IV', 'Ryze', 'Mel', 'Pyke']","[""K'Sante"", 'Aatrox', 'Annie', 'Ashe', 'Seraphine']",[],[],0,leaguepedia_cargo_patch_range,1,scoreboard_players_corrected
LCK/2026 Season/Rounds 1-2_Week 7_7_2,2026-05-16 08:57:00,26.09,LCK 2026 Rounds 1-2,T1,Gen.G,T1,"['Varus', 'Bard', 'Lucian', 'Gwen', 'Ryze']","['Orianna', 'Vi', 'Jarvan IV', 'Nocturne', 'Cassiopeia']","['Ornn', 'Lee Sin', 'Anivia', 'Caitlyn', 'Lux']","['Sion', 'Wukong', 'Annie', 'Jhin', 'Karma']",[],[],1,leaguepedia_cargo_patch_range,0,scoreboard_players_corrected
LPL/2026 Season/Split 2_Week 7_9_1,2026-05-16 09:11:00,26.09,LPL 2026 Split 2,ThunderTalk Gaming,EDward Gaming,ThunderTalk Gaming,"['Nocturne', 'Karma', 'Lucian', 'Nautilus', 'Jhin']","['Orianna', 'Pantheon', 'Varus', 'Ryze', 'Ambessa']","[""K'Sante"", 'Xin Zhao', 'Annie', 'Ashe', 'Seraphine']","['Rumble', 'Vi', 'Cassiopeia', 'Senna', 'Alistar']",[],[],1,leaguepedia_cargo_patch_range,0,scoreboard_players_corrected
LCP/2026 Season/Split 2_Week 7_1_1,2026-05-16 09:16:00,26.10,LCP 2026 Split 2,Ground Zero Gaming,Deep Cross Gaming,Ground Zero Gaming,"['Nocturne', 'Nautilus', 'Lee Sin', 'Vayne', 'Caitlyn']","['Rumble', 'Orianna', 'Karma', 'Cassiopeia', 'Anivia']","[""K'Sante"", 'Xin Zhao', 'Aurora', 'Ashe', 'Seraphine']","['Gnar', 'Jarvan IV', 'Ryze', 'Ezreal', 'Bard']",[],[],1,leaguepedia_cargo_patch_range,0,scoreboard_players_corrected
LCK Academy Series/2026 Season/1st Championship Playoffs_Round 2_3_3,2026-05-16 09:41:00,26.09,LCK AS 2026 1st Championship Playoffs,T1 Esports Academy Rookies,Hanwha Life Esports Academy,T1 Esports Academy Rookies,"['Varus', 'Nautilus', 'Vi', 'Caitlyn', 'Neeko']","['Orianna', 'Karma', 'Naafiri', 'Skarner', 'Viktor']","['Rumble', 'Trundle', 'Galio', 'Yunara', 'Lulu']","['Ambessa', 'Pantheon', 'Ahri', 'Corki', 'Nami']",[],[],1,leaguepedia_cargo_patch_range,0,scoreboard_players_corrected
LPL/2026 Season/Split 2_Week 7_9_2,2026-05-16 10:03:00,26.09,LPL 2026 Split 2,ThunderTalk Gaming,EDward Gaming,EDward Gaming,"['Varus', 'Karma', 'Ambessa', 'Nautilus', 'Bard']","['Orianna', 'Nocturne', 'Lucian', 'Jayce', 'Vayne']","['Gnar', 'Jarvan IV', 'Azir', 'Jhin', 'Anivia']","['Twisted Fate', 'Naafiri', 'Ryze', 'Corki', 'Nami']",[],[],0,leaguepedia_cargo_patch_range,1,scoreboard_players_corrected
LCK/2026 Season/Rounds 1-2_Week 7_7_3,2026-05-16 10:10:00,26.09,LCK 2026 Rounds 1-2,T1,Gen.G,T1,"['Jarvan IV', 'Lucian', 'Varus', 'Nami', 'Akali']","['Bard', 'Orianna', 'Nocturne', 'Kalista', 'Ziggs']","['Jayce', 'Vi', 'Cassiopeia', 'Mel', 'Camille']","[""K'Sante"", 'Pantheon', 'Taliyah', 'Corki', 'Neeko']",[],[],1,leaguepedia_cargo_patch_range,0,scoreboard_players_corrected
LCP/2026 Season/Split 2_Week 7_1_2,2026-05-16 10:10:00,26.10,LCP 2026 Split 2,Ground Zero Gaming,Deep Cross Gaming,Deep Cross Gaming,"['Nocturne', 'Annie', 'Lucian', 'Renata Glasc', 'Renekton']","['Rumble', 'Orianna', 'Cassiopeia', 'Sylas', 'Akali']","['Ambessa', 'Lee Sin', 'LeBlanc', 'Jhin', 'Nautilus']","['Jayce', 'Vi', 'Ahri', 'Varus', 'Rell']",[],[],0,leaguepedia_cargo_patch_range,1,scoreboard_players_corrected
Nexus League/2026 Season/Spring Split_Week 6_1_1,2026-05-16 10:16:00,26.09,Nexus League 2026 Spring,Crystal Rose (French Team),Lausanne-Sport Esports,Lausanne-Sport Esports,"['Ezreal', 'Lucian', 'Zoe', 'Nautilus', 'Rell']","['Orianna', 'Aurelion Sol', 'Aatrox', 'Alistar', 'Karma']","['Gragas', 'Lee Sin', 'Galio', 'Varus', 'Leona']","['Olaf', ""Rek'Sai"", 'Viktor', 'Kalista', 'Neeko']",[],[],0,leaguepedia_cargo_patch_range,1,scoreboard_players_corrected
Hitpoint Masters/2026 Season/Spring Split_Week 4_1_1,2026-05-16 10:21:00,26.10,Hitpoint Masters 2026 Spring,CITA Kaizen,Bohemian Guardians,CITA Kaizen,"['Nautilus', 'Naafiri', 'Ambessa', 'Nocturne', 'Jarvan IV']","['Lee Sin', 'Irelia', 'Karma', 'Qiyana', ""Bel'Veth""]","['Rumble', ""Kha'Zix"", 'Orianna', 'Jhin', 'Bard']","['Ornn', 'Pantheon', 'Ryze', 'Ezreal', 'Neeko']",[],[],1,leaguepedia_cargo_patch_range,0,scoreboard_players_corrected
LCP/2026 Season/Split 2_Week 7_1_3,2026-05-16 10:58:00,26.10,LCP 2026 Split 2,Deep Cross Gaming,Ground Zero Gaming,Deep Cross Gaming,"['Caitlyn', 'Akali', 'Rumble', 'Xayah', 'Gwen']","['Nocturne', 'Orianna', 'Lucian', 'Cassiopeia', 'Renekton']","['Sion', 'Pantheon', 'Taliyah', 'Yunara', 'Lulu']","['Riven', 'Wukong', 'Annie', 'Zeri', 'Rakan']",[],[],1,leaguepedia_cargo_patch_range,0,scoreboard_players_corrected
LPL/2026 Season/Split 2_Week 7_9_3,2026-05-16 11:01:00,26.09,LPL 2026 Split 2,EDward Gaming,ThunderTalk Gaming,ThunderTalk Gaming,"['Karma', 'Lucian', 'Lee Sin', 'Sion', 'Bard']","['Orianna', 'Varus', 'Lulu', 'Sivir', 'Nautilus']","['Gragas', 'Wukong', 'Aurora', 'Ezreal', 'Neeko']","['Jayce', 'Nocturne', 'Akali', 'Zeri', 'Yuumi']",[],[],0,leaguepedia_cargo_patch_range,1,scoreboard_players_corrected
Hitpoint Masters/2026 Season/Spring Split_Week 4_1_2,2026-05-16 11:03:00,26.10,Hitpoint Masters 2026 Spring,Bohemian Guardians,CITA Kaizen,CITA Kaizen,"['Lee Sin', 'Irelia', 'Nautilus', 'Ahri', 'Akali']","['Naafiri', 'Ambessa', 'Karma', 'Mel', 'Sion']","['Gnar', 'Jarvan IV', 'Viktor', 'Ashe', 'Seraphine']","['Malphite', 'Qiyana', 'Syndra', 'Yunara', 'Lulu']",[],[],0,leaguepedia_cargo_patch_range,1,scoreboard_players_corrected
Nexus League/2026 Season/Spring Split_Week 6_2_1,2026-05-16 11:10:00,26.09,Nexus League 2026 Spring,Lille Esport,Caldya Esport,Caldya Esport,"['Bard', 'Rumble', 'Skarner', 'Viktor', 'Anivia']","['Seraphine', 'Orianna', 'Nocturne', 'Akali', 'LeBlanc']","[""K'Sante"", 'Pantheon', 'Ahri', 'Varus', 'Nautilus']","['Gnar', 'Jarvan IV', 'Syndra', 'Ezreal', 'Rell']",[],[],0,leaguepedia_cargo_patch_range,1,scoreboard_players_corrected
LCK/2026 Season/Rounds 1-2_Week 7_8_1,2026-05-16 11:30:00,26.09,LCK 2026 Rounds 1-2,BNK FEARX,Nongshim RedForce,BNK FEARX,"['Varus', 'Ashe', 'Vi', 'Cassiopeia', 'Twisted Fate']","['Orianna', 'Rumble', 'Lucian', 'Lee Sin', 'Xin Zhao']","['Sion', 'Jarvan IV', 'Azir', 'Ezreal', 'Nami']","['Jayce', 'Pantheon', 'Ryze', 'Caitlyn', 'Karma']",[],[],1,leaguepedia_cargo_patch_range,0,scoreboard_players_corrected
Hitpoint Masters/2026 Season/Spring Split_Week 4_2_1,2026-05-16 12:05:00,26.10,Hitpoint Masters 2026 Spring,EXILE esports,BRUTE,EXILE esports,"['Yunara', 'Jarvan IV', 'Ashe', 'Sion', ""K'Sante""]","['Ezreal', 'Varus', 'Nocturne', 'Braum', 'Neeko']","['Rumble', 'Pantheon', 'Syndra', 'Smolder', 'Alistar']","['Ornn', 'Xin Zhao', 'Orianna', 'Xayah', 'Nautilus']",[],[],1,leaguepedia_cargo_patch_range,0,scoreboard_players_corrected
LCP/2026 Season/Split 2_Week 7_2_1,2026-05-16 12:06:00,26.10,LCP 2026 Split 2,Fukuoka SoftBank HAWKS gaming,MVK Esports,MVK Esports,"['Nocturne', 'Varus', 'Nautilus', ""K'Sante"", 'Sion']","['Orianna', 'Jarvan IV', 'Xin Zhao', 'Akali', 'Lee Sin']","['Rumble', 'Sejuani', 'Yone', 'Ezreal', 'Pyke']","['Ornn', 'Maokai', 'Cassiopeia', 'Sivir', 'Karma']",[],[],0,leaguepedia_cargo_patch_range,1,scoreboard_players_corrected
Nexus League/2026 Season/Spring Split_Week 6_3_1,2026-05-16 12:09:00,26.09,Nexus League 2026 Spring,Karmine Corp Blue Stars,Galions Sharks,Karmine Corp Blue Stars,"['Nautilus', 'Ryze', 'Jarvan IV', ""Kai'Sa"", 'Ashe']","['Nocturne', 'Xin Zhao', 'Orianna', 'Akali', 'Yasuo']","['Aurora', 'Pantheon', 'Sylas', 'Ezreal', 'Karma']","['Rumble', 'Zaahen', 'Ahri', 'Lucian', 'Milio']",[],[],1,leaguepedia_cargo_patch_range,0,scoreboard_players_corrected
LCK/2026 Season/Rounds 1-2_Week 7_8_2,2026-05-16 12:25:00,26.09,LCK 2026 Rounds 1-2,BNK FEARX,Nongshim RedForce,BNK FEARX,"['Varus', 'Vi', 'Seraphine', 'Xin Zhao', 'Vayne']","['Orianna', 'Rumble', 'Lucian', 'Akali', 'Aphelios']","['Olaf', 'Naafiri', 'Cassiopeia', 'Yunara', 'Milio']","['Gnar', 'Nocturne', 'Galio', ""Kog'Maw"", 'Lulu']",[],[],1,leaguepedia_cargo_patch_range,0,scoreboard_players_corrected
Hitpoint Masters/2026 Season/Spring Split_Week 4_2_2,2026-05-16 12:48:00,26.10,Hitpoint Masters 2026 Spring,EXILE esports,BRUTE,EXILE esports,"['Yunara', 'Jarvan IV', 'Pyke', 'Karma', 'Bard']","['Ezreal', 'Varus', 'Nocturne', 'Ivern', 'Vladimir']","['Sion', 'Darius', 'Ahri', 'Ashe', 'Seraphine']","['Fiora', ""Bel'Veth"", 'Sylas', 'Jhin', 'Skarner']",[],[],1,leaguepedia_cargo_patch_range,0,scoreboard_players_corrected
LPL/2026 Season/Split 2_Week 7_10_1,2026-05-16 12:49:00,26.09,LPL 2026 Split 2,Team WE,Ninjas in Pyjamas.CN,Ninjas in Pyjamas.CN,"['Akali', 'Rumble', 'Jarvan IV', 'Trundle', 'Jayce']","['Ashe', 'Varus', 'Nocturne', 'Alistar', 'Bard']","[""K'Sante"", 'Xin Zhao', 'Orianna', 'Sivir', 'Karma']","['Renekton', 'Vi', 'Azir', 'Ezreal', 'Seraphine']",[],[],0,leaguepedia_cargo_patch_range,1,scoreboard_players_corrected
LCP/2026 Season/Split 2_Week 7_2_2,2026-05-16 13:00:00,26.10,LCP 2026 Split 2,Fukuoka SoftBank HAWKS gaming,MVK Esports,Fukuoka SoftBank HAWKS gaming,"['Nocturne', 'Varus', 'Gwen', 'Neeko', 'Lulu']","['Jarvan IV', 'Ryze', 'Lucian', 'Bard', 'Nautilus']","['Yorick', 'Lee Sin', 'Orianna', 'Jhin', 'Poppy']","['Gnar', 'Wukong', 'Akali', 'Mel', 'Seraphine']",[],[],1,leaguepedia_cargo_patch_range,0,scoreboard_players_corrected
Nexus League/2026 Season/Spring Split_Week 6_4_1,2026-05-16 13:03:00,26.09,Nexus League 2026 Spring,Zephyr Esport,Project Conquerors,Project Conquerors,"['Nautilus', 'Bard', 'Karma', 'Akali', 'Gwen']","['Zoe', 'Jarvan IV', 'Ezreal', 'Pantheon', 'Xin Zhao']","['Sion', 'Naafiri', 'Orianna', 'Corki', 'Nami']","['Varus', 'Nocturne', 'Viktor', 'Miss Fortune', 'Seraphine']",[],[],0,leaguepedia_cargo_patch_range,1,scoreboard_players_corrected
LCP/2026 Season/Split 2_Week 7_2_3,2026-05-16 13:51:00,26.10,LCP 2026 Split 2,Fukuoka SoftBank HAWKS gaming,MVK Esports,MVK Esports,"['Nocturne', 'Varus', 'Nautilus', 'Naafiri', 'Xin Zhao']","['Jarvan IV', 'Ryze', 'Lucian', 'Bard', ""K'Sante""]","['Sion', 'Vi', 'Ahri', 'Caitlyn', 'Camille']","['Ambessa', 'Jayce', 'Aurora', 'Ziggs', 'Alistar']",[],[],0,leaguepedia_cargo_patch_range,1,scoreboard_players_corrected
LPL/2026 Season/Split 2_Week 7_10_2,2026-05-16 13:54:00,26.09,LPL 2026 Split 2,Team WE,Ninjas in Pyjamas.CN,Team WE,"['Akali', 'Rumble', 'Jarvan IV', 'Lee Sin', 'Sion']","['Nocturne', 'Varus', 'Lucian', 'Gnar', 'Naafiri']","['Gragas', 'Trundle', 'Annie', 'Corki', 'Nami']","['Jayce', 'Qiyana', 'Cassiopeia', 'Caitlyn', 'Bard']",[],[],1,leaguepedia_cargo_patch_range,0,scoreboard_players_corrected
Hitpoint Masters/2026 Season/Spring Split_Week 4_3_1,2026-05-16 14:04:00,26.10,Hitpoint Masters 2026 Spring,Onion Team,Meavedron,Onion Team,"['Jarvan IV', 'Ezreal', 'Fiora', 'Wukong', 'Xin Zhao']","['Varus', 'Dr. Mundo', 'Xerath', 'Gnar', ""Kog'Maw""]","['Ambessa', 'Vi', 'Lux', 'Yunara', 'Nautilus']","['Ornn', 'Nocturne', 'Orianna', 'Caitlyn', 'Karma']",[],[],1,leaguepedia_cargo_patch_range,0,scoreboard_players_corrected
LPL/2026 Season/Split 2_Week 7_10_3,2026-05-16 14:41:00,26.09,LPL 2026 Split 2,Team WE,Ninjas in Pyjamas.CN,Ninjas in Pyjamas.CN,"['Akali', 'Rumble', 'Jarvan IV', 'Yorick', 'Gwen']","['Nocturne', 'Varus', 'Gnar', 'Shyvana', 'Skarner']","['Shen', 'Pantheon', 'Twisted Fate', 'Lucian', 'Milio']","['Sion', 'Naafiri', 'Ryze', ""Kog'Maw"", 'Lulu']",[],[],0,leaguepedia_cargo_patch_range,1,scoreboard_players_corrected
Hitpoint Masters/2026 Season/Spring Split_Week 4_3_2,2026-05-16 14:56:00,26.10,Hitpoint Masters 2026 Spring,Onion Team,Meavedron,Meavedron,"['Fiora', 'Jarvan IV', 'Ashe', 'Sion', 'Renekton']","['Varus', 'Dr. Mundo', 'Xerath', 'Braum', 'Alistar']","[""K'Sante"", 'Xin Zhao', 'Seraphine', 'Ezreal', 'Elise']","['Gwen', 'Wukong', 'Viktor', 'Draven', 'Rell']",[],[],0,leaguepedia_cargo_patch_range,1,scoreboard_players_corrected
Esports World Cup 2026/Online Qualifiers/EMEA_Round 6_1_1,2026-05-16 15:02:00,26.09,Esports World Cup 2026 Online Qualifier: EMEA,Karmine Corp,G2 Esports,G2 Esports,"['Nautilus', 'Varus', 'Smolder', 'Karma', 'Ornn']","['Orianna', 'Bard', 'Seraphine', 'Vi', 'Skarner']","['Rumble', 'Pantheon', 'Aurora', 'Corki', 'Nami']","['Anivia', 'Jarvan IV', 'Twisted Fate', 'Ezreal', 'Neeko']",[],[],0,leaguepedia_cargo_patch_range,1,scoreboard_players_corrected
Esports World Cup 2026/Online Qualifiers/EMEA_Round 5_1_1,2026-05-16 15:05:00,26.09,Esports World Cup 2026 Online Qualifier: EMEA,Movistar KOI,Natus Vincere,Movistar KOI,"['Lucian', 'Wukong', 'Seraphine', 'Gwen', 'Galio']","['Orianna', 'Rumble', 'Ezreal', 'Cassiopeia', 'Ahri']","['Sion', 'Pantheon', 'Akali', 'Caitlyn', 'Neeko']","['Gnar', 'Skarner', 'Anivia', 'Jhin', 'Bard']",[],[],1,leaguepedia_cargo_patch_range,0,scoreboard_players_corrected
Hitpoint Masters/2026 Season/Spring Split_Week 4_3_3,2026-05-16 15:50:00,26.10,Hitpoint Masters 2026 Spring,Onion Team,Meavedron,Meavedron,"['Fiora', 'Zaahen', 'Jarvan IV', 'Braum', 'Lulu']","['Varus', 'Dr. Mundo', 'Xerath', 'Bard', 'Alistar']","['Sion', 'Trundle', 'Morgana', 'Miss Fortune', 'Rakan']","['Aatrox', 'Viego', 'Hwei', 'Ashe', 'Leona']",[],[],0,leaguepedia_cargo_patch_range,1,scoreboard_players_corrected
Esports World Cup 2026/Online Qualifiers/EMEA_Round 6_1_2,2026-05-16 15:52:00,26.09,Esports World Cup 2026 Online Qualifier: EMEA,G2 Esports,Karmine Corp,G2 Esports,"['Varus', 'Bard', 'Xin Zhao', 'Vayne', 'Gnar']","['Orianna', 'Seraphine', 'Nautilus', 'Taliyah', 'Ahri']","[""K'Sante"", 'Vi', 'Cassiopeia', 'Caitlyn', 'Karma']","['Sion', 'Naafiri', 'Annie', 'Yunara', 'Lulu']",[],[],1,leaguepedia_cargo_patch_range,0,scoreboard_players_corrected
Esports World Cup 2026/Online Qualifiers/EMEA_Round 5_1_2,2026-05-16 15:59:00,26.09,Esports World Cup 2026 Online Qualifier: EMEA,Movistar KOI,Natus Vincere,Movistar KOI,"['Aatrox', 'Zaahen', 'Lucian', 'Miss Fortune', 'Ornn']","['Orianna', 'Nocturne', 'Ezreal', 'Jarvan IV', 'Vi']","['Rumble', 'Trundle', 'Taliyah', 'Ashe', 'Seraphine']","[""K'Sante"", 'Qiyana', 'Cassiopeia', 'Varus', 'Nautilus']",[],[],1,leaguepedia_cargo_patch_range,0,scoreboard_players_corrected
CBLOL/2026 Season/Split 1 Playoffs_Round 2_1_1,2026-05-16 16:12:00,26.10,CBLOL 2026 Split 1 Playoffs,Fluxo W7M,RED Canids,Fluxo W7M,"['Varus', 'Lucian', 'Nautilus', 'Vayne', 'Jayce']","['Orianna', 'Rumble', 'Karma', 'Anivia', 'Ahri']","['Yorick', 'Jarvan IV', 'Ryze', 'Ezreal', 'Neeko']","['Gnar', 'Vi', 'Zoe', 'Caitlyn', 'Bard']",[],[],1,leaguepedia_cargo_patch_range,0,scoreboard_players_corrected
Arabian League 2nd Division/2026 Season/Spring Playoffs_Finals_1_1,2026-05-16 16:21:00,26.09,Arabian League 2nd Division 2026 Spring Playoffs,Pyramid IV Esports,NextGeneration Esports,NextGeneration Esports,"['Karma', 'Jarvan IV', 'Pantheon', 'Caitlyn', 'Gwen']","['Ryze', 'Xin Zhao', 'Wukong', 'LeBlanc', 'Taliyah']","[""K'Sante"", 'Zaahen', 'Orianna', 'Sivir', 'Bard']","['Gragas', 'Lee Sin', 'Ahri', 'Corki', 'Nautilus']",[],[],0,leaguepedia_cargo_patch_range,1,scoreboard_players_corrected
Hitpoint Masters/2026 Season/Spring Split_Week 4_4_1,2026-05-16 16:46:00,26.10,Hitpoint Masters 2026 Spring,eSuba,Nightbirds,Nightbirds,"['Jarvan IV', 'Lucian', 'Renekton', 'Jayce', 'Bard']","['Orianna', 'Rumble', 'Karma', 'Azir', 'Anivia']","['Ambessa', 'Skarner', 'Cassiopeia', 'Senna', 'Rell']","['Vayne', 'Pantheon', 'Ryze', 'Ezreal', 'Nami']",[],[],0,leaguepedia_cargo_patch_range,1,scoreboard_players_corrected
Esports World Cup 2026/Online Qualifiers/EMEA_Round 6_1_3,2026-05-16 16:50:00,26.09,Esports World Cup 2026 Online Qualifier: EMEA,G2 Esports,Karmine Corp,G2 Esports,"['Bard', 'Milio', 'Varus', 'Kalista', 'Xayah']","['Orianna', 'Seraphine', 'Trundle', 'Yorick', 'Yasuo']","['Malphite', 'Olaf', 'Ryze', 'Smolder', 'Nautilus']","['Skarner', 'Jayce', 'Azir', 'Tristana', 'Rell']",[],[],1,leaguepedia_cargo_patch_range,0,scoreboard_players_corrected
LIT/2026 Season/Summer Promotion_Round 3_1_1,2026-05-16 17:07:00,26.10,LIT 2026 Summer Promotion,P11 Esports,StoneHenge Esports,StoneHenge Esports,"[""Cho'Gath"", 'Nautilus', 'Draven', 'Leona', 'Gangplank']","['Ashe', 'Karma', 'Jarvan IV', 'Akali', 'Sion']","['Jax', 'Wukong', 'Azir', 'Sivir', 'Lulu']","['Gragas', 'Xin Zhao', 'Orianna', 'Varus', 'Bard']",[],[],0,leaguepedia_cargo_patch_range,1,scoreboard_players_corrected
LIT/2026 Season/Summer Promotion_Round 2_1_1,2026-05-16 17:10:00,26.10,LIT 2026 Summer Promotion,DECOY 21,Obsidian Oath,DECOY 21,"['Ambessa', 'LeBlanc', 'Orianna', 'Gnar', 'Aatrox']","['Taric', 'Dr. Mundo', 'Nocturne', 'Azir', 'Mel']","['Sion', 'Xin Zhao', 'Sylas', 'Sivir', 'Karma']","['Camille', 'Jarvan IV', 'Ahri', 'Ezreal', 'Neeko']",[],[],1,leaguepedia_cargo_patch_range,0,scoreboard_players_corrected
LIT/2026 Season/Summer Promotion_Round 3_2_1,2026-05-16 17:13:00,26.10,LIT 2026 Summer Promotion,Epitomy Esports,Huskies Esports,Huskies Esports,"['Gragas', 'Aurora', 'Trundle', 'Akali', 'Rumble']","['Sion', 'Aatrox', 'Mel', 'Hwei', 'Viktor']","['Renekton', 'Xin Zhao', 'Syndra', 'Ezreal', 'Bard']","['Zaahen', 'Jarvan IV', 'Ahri', 'Ashe', 'Seraphine']",[],[],0,leaguepedia_cargo_patch_range,1,scoreboard_players_corrected
Arabian League 2nd Division/2026 Season/Spring Playoffs_Finals_1_2,2026-05-16 17:18:00,26.09,Arabian League 2nd Division 2026 Spring Playoffs,NextGeneration Esports,Pyramid IV Esports,Pyramid IV Esports,"['Ryze', 'Aurora', 'Hecarim', 'Sion', 'Ornn']","['Karma', 'Xin Zhao', 'Jarvan IV', 'Kennen', 'Gwen']","['Poppy', 'Wukong', 'Syndra', 'Lucian', 'Milio']","['Renekton', 'Pantheon', 'Viktor', 'Ashe', 'Seraphine']",[],[],0,leaguepedia_cargo_patch_range,1,scoreboard_players_corrected
CBLOL/2026 Season/Split 1 Playoffs_Round 2_1_2,2026-05-16 17:18:00,26.10,CBLOL 2026 Split 1 Playoffs,Fluxo W7M,RED Canids,RED Canids,"['Varus', 'Aatrox', 'Nautilus', 'Jayce', 'Akali']","['Orianna', 'Rumble', 'Nocturne', 'Vayne', 'LeBlanc']","['Sion', 'Skarner', 'Tristana', 'Ashe', 'Lulu']","['Gwen', 'Pantheon', 'Taliyah', 'Senna', 'Seraphine']",[],[],0,leaguepedia_cargo_patch_range,1,scoreboard_players_corrected
Hitpoint Masters/2026 Season/Spring Split_Week 4_4_2,2026-05-16 17:40:00,26.10,Hitpoint Masters 2026 Spring,eSuba,Nightbirds,Nightbirds,"['Lucian', 'Karma', 'Orianna', 'Yunara', 'Caitlyn']","['Varus', 'Nautilus', 'Ashe', 'Ziggs', 'Smolder']","[""K'Sante"", 'Wukong', 'Aurora', ""Kai'Sa"", 'Leona']","['Rumble', 'Lee Sin', 'Ahri', 'Xayah', 'Bard']",[],[],0,leaguepedia_cargo_patch_range,1,scoreboard_players_corrected
LIT/2026 Season/Summer Promotion_Round 3_1_2,2026-05-16 17:54:00,26.10,LIT 2026 Summer Promotion,StoneHenge Esports,P11 Esports,P11 Esports,"['Karma', 'Jarvan IV', 'Sion', 'Ryze', 'Sylas']","[""Cho'Gath"", 'Draven', 'Ahri', 'Gnar', 'Gangplank']","['Jayce', 'Pantheon', 'Aurora', 'Ashe', 'Nautilus']","[""K'Sante"", 'Zaahen', 'Akali', 'Ezreal', 'Seraphine']",[],[],0,leaguepedia_cargo_patch_range,1,scoreboard_players_corrected
LIT/2026 Season/Summer Promotion_Round 2_1_2,2026-05-16 18:06:00,26.10,LIT 2026 Summer Promotion,DECOY 21,Obsidian Oath,Obsidian Oath,"['LeBlanc', 'Lulu', 'Lillia', 'Nautilus', 'Gnar']","['Taric', 'Dr. Mundo', 'Ashe', 'Rakan', 'Kayle']","['Ambessa', 'Wukong', 'Galio', 'Xayah', 'Bard']","['Renekton', 'Nocturne', 'Orianna', 'Yunara', 'Nami']",[],[],0,leaguepedia_cargo_patch_range,1,scoreboard_players_corrected
CBLOL/2026 Season/Split 1 Playoffs_Round 2_1_3,2026-05-16 18:14:00,26.10,CBLOL 2026 Split 1 Playoffs,RED Canids,Fluxo W7M,RED Canids,"['Nocturne', 'Varus', 'Nautilus', 'Naafiri', 'LeBlanc']","['Rumble', 'Aatrox', 'Lucian', ""K'Sante"", 'Olaf']","['Jayce', ""Rek'Sai"", 'Sylas', 'Jhin', 'Rakan']","['Renekton', 'Xin Zhao', 'Ahri', 'Smolder', 'Karma']",[],[],1,leaguepedia_cargo_patch_range,0,scoreboard_players_corrected
Arabian League 2nd Division/2026 Season/Spring Playoffs_Finals_1_3,2026-05-16 18:24:00,26.09,Arabian League 2nd Division 2026 Spring Playoffs,Pyramid IV Esports,NextGeneration Esports,Pyramid IV Esports,"['Karma', 'Neeko', 'Caitlyn', 'LeBlanc', 'Katarina']","['Ryze', 'Hecarim', 'Aurora', 'Gwen', 'Ambessa']","['Gnar', 'Xin Zhao', 'Akali', 'Ezreal', 'Rakan']","['Fizz', 'Jarvan IV', 'Sion', 'Varus', 'Rell']",[],[],1,leaguepedia_cargo_patch_range,0,scoreboard_players_corrected
LIT/2026 Season/Summer Promotion_Round 3_1_3,2026-05-16 18:45:00,26.10,LIT 2026 Summer Promotion,P11 Esports,StoneHenge Esports,StoneHenge Esports,"['Mel', 'Draven', ""Cho'Gath"", 'Poppy', 'Braum']","['Karma', 'Jarvan IV', 'Xayah', 'Caitlyn', 'Senna']","['Ambessa', 'Naafiri', 'Ahri', ""Kai'Sa"", 'Maokai']","['Gnar', 'Nocturne', 'Taliyah', 'Corki', 'Alistar']",[],[],0,leaguepedia_cargo_patch_range,1,scoreboard_players_corrected
LIT/2026 Season/Summer Promotion_Round 2_1_3,2026-05-16 18:56:00,26.10,LIT 2026 Summer Promotion,Obsidian Oath,DECOY 21,DECOY 21,"['Taric', 'Dr. Mundo', 'Viktor', 'Diana', 'Kayle']","['Lulu', 'Aphelios', 'Akali', 'Varus', ""Kai'Sa""]","['Malphite', ""Rek'Sai"", 'LeBlanc', 'Tristana', 'Blitzcrank']","['Ornn', 'Karthus', 'Yasuo', 'Lucian', 'Milio']",[],[],0,leaguepedia_cargo_patch_range,1,scoreboard_players_corrected
CBLOL/2026 Season/Split 1 Playoffs_Round 2_1_4,2026-05-16 18:58:00,26.10,CBLOL 2026 Split 1 Playoffs,RED Canids,Fluxo W7M,RED Canids,"['Varus', 'Ambessa', 'Aurora', 'Akali', 'LeBlanc']","['Rumble', 'Aatrox', 'Lucian', 'Nautilus', ""K'Sante""]","['Anivia', 'Dr. Mundo', 'Azir', 'Zeri', 'Alistar']","['Vayne', 'Nocturne', 'Orianna', 'Sivir', 'Milio']",[],[],1,leaguepedia_cargo_patch_range,0,scoreboard_players_corrected
Arabian League 2nd Division/2026 Season/Spring Playoffs_Finals_1_4,2026-05-16 19:18:00,26.09,Arabian League 2nd Division 2026 Spring Playoffs,Pyramid IV Esports,NextGeneration Esports,Pyramid IV Esports,"['Karma', 'Kennen', 'Gwen', 'Yunara', 'Aphelios']","['Hecarim', 'Ryze', 'Aurora', 'Tristana', 'Caitlyn']","['Ornn', 'Trundle', 'Hwei', 'Jinx', 'Leona']","['Shen', 'Sejuani', 'LeBlanc', 'Vayne', 'Lulu']",[],[],1,leaguepedia_cargo_patch_range,0,scoreboard_players_corrected
LCS/2026 Season/Spring Season_Week 7_1_1,2026-05-16 20:08:00,26.10,LCS 2026 Spring,Cloud9,Team Liquid,Cloud9,"['Cassiopeia', 'Annie', 'Seraphine', 'Ambessa', 'Bard']","['Karma', 'Orianna', 'Lucian', 'Vi', 'Nocturne']","['Aurora', 'Jarvan IV', 'Twisted Fate', 'Varus', 'Nautilus']","['Rumble', 'Pantheon', 'Yone', 'Ezreal', 'Neeko']",[],[],1,leaguepedia_cargo_patch_range,0,scoreboard_players_corrected
LCS/2026 Season/Spring Season_Week 7_1_2,2026-05-16 21:09:00,26.10,LCS 2026 Spring,Cloud9,Team Liquid,Cloud9,"['Cassiopeia', 'Ziggs', 'Bard', 'Wukong', 'Gnar']","['Orianna', 'Lucian', 'Lee Sin', 'Jayce', 'Naafiri']","['Sion', 'Nocturne', 'Annie', 'Ashe', 'Seraphine']","['Renekton', 'Xin Zhao', 'Ryze', 'Caitlyn', 'Karma']",[],[],1,leaguepedia_cargo_patch_range,0,scoreboard_players_corrected
LCS/2026 Season/Spring Season_Week 7_2_1,2026-05-16 22:00:00,26.10,LCS 2026 Spring,Shopify Rebellion,Disguised,Shopify Rebellion,"['Varus', 'Akali', 'Ryze', 'Ornn', 'Taliyah']","['Karma', 'Jarvan IV', 'Orianna', 'Shen', 'Nocturne']","['Rumble', 'Olaf', 'Annie', 'Lucian', 'Milio']","[""K'Sante"", 'Vi', 'Cassiopeia', 'Ashe', 'Seraphine']",[],[],1,leaguepedia_cargo_patch_range,0,scoreboard_players_corrected
LCS/2026 Season/Spring Season_Week 7_2_2,2026-05-16 22:52:00,26.10,LCS 2026 Spring,Shopify Rebellion,Disguised,Shopify Rebellion,"['Nocturne', 'Jarvan IV', 'Nautilus', 'Yorick', 'Aurora']","['Karma', 'Orianna', 'Varus', 'Taliyah', 'Viktor']","['Sion', 'Wukong', 'Anivia', 'Ezreal', 'Neeko']","['Jayce', 'Pantheon', 'Twisted Fate', 'Caitlyn', 'Bard']",[],[],1,leaguepedia_cargo_patch_range,0,scoreboard_players_corrected
LCK Academy Series/2026 Season/1st Championship Playoffs_Round 3_2_1,2026-05-17 05:15:00,26.09,LCK AS 2026 1st Championship Playoffs,Gen.G Scholars,T1 Esports Academy Rookies,T1 Esports Academy Rookies,"['Varus', 'Caitlyn', 'Nocturne', 'Galio', 'Cassiopeia']","['Rumble', 'Orianna', 'Karma', 'Vayne', 'Viktor']","['Shen', 'Jarvan IV', 'Ryze', 'Ashe', 'Seraphine']","['Sion', 'Xin Zhao', 'Annie', 'Lucian', 'Milio']",[],[],0,leaguepedia_cargo_patch_range,1,scoreboard_players_corrected
LCK Academy Series/2026 Season/1st Championship Playoffs_Round 3_2_2,2026-05-17 06:09:00,26.09,LCK AS 2026 1st Championship Playoffs,Gen.G Scholars,T1 Esports Academy Rookies,T1 Esports Academy Rookies,"['Varus', 'Caitlyn', 'Nocturne', 'Galio', ""K'Sante""]","['Rumble', 'Orianna', 'Karma', 'Twisted Fate', 'Aurora']","['Renekton', 'Pantheon', 'Cassiopeia', 'Ezreal', 'Nami']","['Gnar', 'Naafiri', 'Akali', 'Yunara', 'Lulu']",[],[],0,leaguepedia_cargo_patch_range,1,scoreboard_players_corrected
LCK Academy Series/2026 Season/1st Championship Playoffs_Round 3_2_3,2026-05-17 06:56:00,26.09,LCK AS 2026 1st Championship Playoffs,T1 Esports Academy Rookies,Gen.G Scholars,T1 Esports Academy Rookies,"['Varus', 'Nocturne', 'Orianna', 'Bard', 'Renata Glasc']","['Rumble', 'Karma', 'Caitlyn', 'Ziggs', 'Neeko']","['Jayce', 'Vi', 'Ahri', 'Draven', 'Rell']","['Yorick', 'Lee Sin', 'Aurora', 'Miss Fortune', 'Nautilus']",[],[],1,leaguepedia_cargo_patch_range,0,scoreboard_players_corrected
LCK/2026 Season/Rounds 1-2_Week 7_9_1,2026-05-17 08:06:00,26.09,LCK 2026 Rounds 1-2,KT Rolster,Hanwha Life Esports,KT Rolster,"['Varus', 'Ezreal', 'Annie', 'Xin Zhao', 'Trundle']","['Orianna', 'Rumble', 'Bard', 'Akali', 'Aurora']","['Zaahen', 'Pantheon', 'Cassiopeia', 'Sivir', 'Karma']","['Sion', 'Jarvan IV', 'Azir', 'Miss Fortune', 'Nautilus']",[],[],1,leaguepedia_cargo_patch_range,0,scoreboard_players_corrected
LCK Academy Series/2026 Season/1st Championship Playoffs_Finals_1_1,2026-05-17 08:16:00,26.09,LCK AS 2026 1st Championship Playoffs,Dplus Kia Youth,T1 Esports Academy Rookies,Dplus Kia Youth,"['Varus', 'Jarvan IV', 'Ezreal', 'Yorick', 'Annie']","['Rumble', 'Orianna', 'Jayce', 'Ziggs', 'Cassiopeia']","['Gnar', 'Nocturne', 'Viktor', 'Jhin', 'Nautilus']","['Sion', 'Aatrox', 'Ryze', 'Caitlyn', 'Karma']",[],[],1,leaguepedia_cargo_patch_range,0,scoreboard_players_corrected
LCK/2026 Season/Rounds 1-2_Week 7_9_2,2026-05-17 08:58:00,26.09,LCK 2026 Rounds 1-2,KT Rolster,Hanwha Life Esports,Hanwha Life Esports,"['Varus', 'Annie', 'Ezreal', 'Nocturne', 'Yorick']","['Orianna', 'Rumble', 'Lucian', 'Anivia', 'Twisted Fate']","[""K'Sante"", 'Lee Sin', 'Ryze', 'Ashe', 'Seraphine']","['Jayce', 'Vi', 'Taliyah', 'Ziggs', 'Pyke']",[],[],0,leaguepedia_cargo_patch_range,1,scoreboard_players_corrected
LCK Academy Series/2026 Season/1st Championship Playoffs_Finals_1_2,2026-05-17 09:05:00,26.09,LCK AS 2026 1st Championship Playoffs,Dplus Kia Youth,T1 Esports Academy Rookies,Dplus Kia Youth,"['Varus', 'Ezreal', ""K'Sante"", 'Annie', 'Twisted Fate']","['Rumble', 'Orianna', 'Jarvan IV', 'Jayce', 'Vayne']","['Zaahen', 'Xin Zhao', 'Aurora', 'Ashe', 'Seraphine']","['Renekton', 'Trundle', 'Akali', 'Yunara', 'Lulu']",[],[],1,leaguepedia_cargo_patch_range,0,scoreboard_players_corrected
LPL/2026 Season/Split 2_Week 7_11_1,2026-05-17 09:15:00,26.09,LPL 2026 Split 2,Invictus Gaming,JD Gaming,Invictus Gaming,"['Xin Zhao', 'Ezreal', 'Varus', 'Lee Sin', 'Pantheon']","['Jarvan IV', 'Orianna', 'Nocturne', 'Cassiopeia', 'Ambessa']","['Rumble', 'Naafiri', 'Ryze', 'Ashe', 'Seraphine']","['Sion', 'Vi', 'Taliyah', 'Lucian', 'Milio']",[],[],1,leaguepedia_cargo_patch_range,0,scoreboard_players_corrected
LCP/2026 Season/Split 2_Week 7_3_1,2026-05-17 09:19:00,26.10,LCP 2026 Split 2,DetonatioN FocusMe,Team Secret Whales,Team Secret Whales,"['Ezreal', 'Varus', 'Nautilus', 'Lulu', 'Karma']","['Ashe', 'Nocturne', 'Caitlyn', 'Lee Sin', 'Xin Zhao']","[""K'Sante"", 'Wukong', 'Orianna', 'Lucian', 'Milio']","['Rumble', 'Jarvan IV', 'Akali', 'Senna', 'Seraphine']",[],[],0,leaguepedia_cargo_patch_range,1,scoreboard_players_corrected
LCK/2026 Season/Rounds 1-2_Week 7_9_3,2026-05-17 09:48:00,26.09,LCK 2026 Rounds 1-2,KT Rolster,Hanwha Life Esports,KT Rolster,"['Varus', 'Caitlyn', 'Gnar', 'Shen', 'Xin Zhao']","['Rumble', 'Orianna', 'Annie', 'Zoe', 'Akali']","['Renekton', 'Skarner', 'Viktor', 'Lucian', 'Nami']","['Olaf', 'Nocturne', 'Aurora', 'Draven', 'Milio']",[],[],1,leaguepedia_cargo_patch_range,0,scoreboard_players_corrected
LCK Academy Series/2026 Season/1st Championship Playoffs_Finals_1_3,2026-05-17 10:03:00,26.09,LCK AS 2026 1st Championship Playoffs,Dplus Kia Youth,T1 Esports Academy Rookies,T1 Esports Academy Rookies,"['Varus', 'Ezreal', 'Lucian', 'Draven', 'Nami']","['Rumble', 'Orianna', 'Aphelios', 'Smolder', 'Bard']","['Ambessa', 'Naafiri', 'Annie', 'Xayah', 'Rakan']","['Gwen', 'Jarvan IV', 'Galio', 'Corki', 'Neeko']",[],[],0,leaguepedia_cargo_patch_range,1,scoreboard_players_corrected
Nexus League/2026 Season/Spring Split_Week 6_5_1,2026-05-17 10:05:00,26.09,Nexus League 2026 Spring,Lausanne-Sport Esports,Zephyr Esport,Zephyr Esport,"['Varus', 'Nautilus', 'Zoe', 'Syndra', 'Vayne']","['Bard', 'Pantheon', 'Orianna', 'Xin Zhao', 'Naafiri']","['Gnar', 'Lee Sin', 'Viktor', 'Caitlyn', 'Karma']","['Jayce', 'Jarvan IV', 'LeBlanc', 'Ezreal', 'Nami']",[],[],0,leaguepedia_cargo_patch_range,1,scoreboard_players_corrected
Hitpoint Masters/2026 Season/Spring Split_Week 4_5_1,2026-05-17 10:10:00,26.10,Hitpoint Masters 2026 Spring,Onion Team,CITA Kaizen,CITA Kaizen,"[""Bel'Veth"", 'Irelia', 'Rumble', 'Karthus', 'Lee Sin']","[""Kog'Maw"", 'Anivia', 'Xerath', 'Nautilus', 'Neeko']","['Mordekaiser', 'Wukong', 'Orianna', ""Kai'Sa"", 'Rell']","['Gnar', 'Xin Zhao', 'Akali', 'Yunara', 'Lulu']",[],[],0,leaguepedia_cargo_patch_range,1,scoreboard_players_corrected
LCP/2026 Season/Split 2_Week 7_3_2,2026-05-17 10:19:00,26.10,LCP 2026 Split 2,Team Secret Whales,DetonatioN FocusMe,DetonatioN FocusMe,"['Cassiopeia', 'Nocturne', 'Nautilus', 'Caitlyn', 'Sion']","['Varus', 'Ezreal', 'Pantheon', 'Annie', 'Aurora']","['Renekton', 'Xin Zhao', 'Twisted Fate', 'Jhin', 'Karma']","['Zaahen', 'Lee Sin', 'Ryze', 'Miss Fortune', 'Bard']",[],[],0,leaguepedia_cargo_patch_range,1,scoreboard_players_corrected
LPL/2026 Season/Split 2_Week 7_11_2,2026-05-17 10:19:00,26.09,LPL 2026 Split 2,Invictus Gaming,JD Gaming,JD Gaming,"['Varus', 'Ezreal', 'Xin Zhao', 'Bard', 'Lulu']","['Jarvan IV', 'Nocturne', 'Orianna', 'Jayce', 'Skarner']","['Renekton', 'Pantheon', 'Akali', 'Corki', 'Nami']","[""K'Sante"", 'Trundle', 'Cassiopeia', 'Jhin', 'Karma']",[],[],0,leaguepedia_cargo_patch_range,1,scoreboard_players_corrected
Hitpoint Masters/2026 Season/Spring Split_Week 4_5_2,2026-05-17 10:56:00,26.10,Hitpoint Masters 2026 Spring,Onion Team,CITA Kaizen,CITA Kaizen,"[""Bel'Veth"", 'Irelia', 'Rumble', 'Karma', 'Braum']","[""Kog'Maw"", 'Anivia', 'Xerath', 'Dr. Mundo', 'Sion']","['Renekton', 'Trundle', 'Varus', 'Jinx', 'Nautilus']","['Yorick', 'Lee Sin', 'Ryze', 'Ezreal', 'Leona']",[],[],0,leaguepedia_cargo_patch_range,1,scoreboard_players_corrected
LCK Academy Series/2026 Season/1st Championship Playoffs_Finals_1_4,2026-05-17 10:56:00,26.09,LCK AS 2026 1st Championship Playoffs,T1 Esports Academy Rookies,Dplus Kia Youth,T1 Esports Academy Rookies,"['Pantheon', 'Vi', 'Orianna', 'Pyke', 'Aphelios']","['Rumble', 'Lucian', 'Varus', 'Yone', 'Twisted Fate']","['Jax', 'Nidalee', 'Jayce', 'Ezreal', 'Bard']","['Yorick', 'Skarner', 'Azir', ""Kai'Sa"", 'Rell']",[],[],1,leaguepedia_cargo_patch_range,0,scoreboard_players_corrected
LCK/2026 Season/Rounds 1-2_Week 7_10_1,2026-05-17 11:06:00,26.09,LCK 2026 Rounds 1-2,HANJIN BRION,Kiwoom DRX,HANJIN BRION,"['Varus', 'Jayce', 'Vayne', 'Sion', 'Gnar']","['Orianna', 'Rumble', 'Jarvan IV', 'Caitlyn', 'Sivir']","['Renekton', 'Xin Zhao', 'Cassiopeia', 'Ezreal', 'Bard']","[""K'Sante"", 'Lee Sin', 'Annie', 'Miss Fortune', 'Karma']",[],[],1,leaguepedia_cargo_patch_range,0,scoreboard_players_corrected
LPL/2026 Season/Split 2_Week 7_11_3,2026-05-17 11:15:00,26.09,LPL 2026 Split 2,JD Gaming,Invictus Gaming,JD Gaming,"['Twisted Fate', 'Annie', 'Orianna', 'Vayne', 'Aurora']","['Jarvan IV', 'Varus', 'Nocturne', 'LeBlanc', 'Azir']","['Tristana', 'Skarner', 'Viktor', 'Caitlyn', 'Bard']","['Gnar', 'Xin Zhao', 'Sylas', 'Ezreal', 'Neeko']",[],[],1,leaguepedia_cargo_patch_range,0,scoreboard_players_corrected
Nexus League/2026 Season/Spring Split_Week 6_6_1,2026-05-17 11:16:00,26.09,Nexus League 2026 Spring,Project Conquerors,Galions Sharks,Galions Sharks,"['Jarvan IV', 'Ezreal', 'Varus', 'Karma', 'Seraphine']","['Orianna', 'Nocturne', 'Miss Fortune', 'Corki', ""Kog'Maw""]","['Rumble', 'Skarner', 'Viktor', 'Caitlyn', 'Nautilus']","['Sion', 'Xin Zhao', 'Hwei', 'Jhin', 'Leona']",[],[],0,leaguepedia_cargo_patch_range,1,scoreboard_players_corrected
LCP/2026 Season/Split 2_Week 7_3_3,2026-05-17 11:17:00,26.10,LCP 2026 Split 2,DetonatioN FocusMe,Team Secret Whales,Team Secret Whales,"['Ezreal', 'Varus', 'Ambessa', ""Kai'Sa"", 'Ziggs']","['Nocturne', 'Pantheon', 'Cassiopeia', 'Naafiri', 'Trundle']","['Sion', 'Skarner', 'Annie', 'Yunara', 'Lulu']","['Sett', 'Vi', 'Ahri', 'Zeri', 'Nautilus']",[],[],0,leaguepedia_cargo_patch_range,1,scoreboard_players_corrected
LCK Academy Series/2026 Season/1st Championship Playoffs_Finals_1_5,2026-05-17 11:41:00,26.09,LCK AS 2026 1st Championship Playoffs,Dplus Kia Youth,T1 Esports Academy Rookies,Dplus Kia Youth,"['Lucian', 'Wukong', 'Pantheon', 'Draven', 'Pyke']","['Rumble', 'Orianna', 'Varus', 'Thresh', 'Milio']","['Yone', 'Vi', 'Vladimir', 'Aphelios', 'Alistar']","['Anivia', 'Viego', 'Ahri', 'Jinx', 'Poppy']",[],[],1,leaguepedia_cargo_patch_range,0,scoreboard_players_corrected
Hitpoint Masters/2026 Season/Spring Split_Week 4_6_1,2026-05-17 11:52:00,26.10,Hitpoint Masters 2026 Spring,Nightbirds,Bohemian Guardians,Nightbirds,"['Naafiri', 'Varus', 'Ezreal', 'Ashe', 'Bard']","['Orianna', 'Jayce', 'Rumble', 'Yunara', 'Lulu']","['Tristana', 'Wukong', 'Renekton', 'Syndra', 'Nautilus']","['Gnar', 'Ambessa', 'Akali', 'Lucian', 'Braum']",[],[],1,leaguepedia_cargo_patch_range,0,scoreboard_players_corrected
LCK/2026 Season/Rounds 1-2_Week 7_10_2,2026-05-17 12:10:00,26.09,LCK 2026 Rounds 1-2,HANJIN BRION,Kiwoom DRX,Kiwoom DRX,"['Varus', 'Jayce', 'Ashe', 'Vayne', 'Twisted Fate']","['Orianna', 'Rumble', 'Jarvan IV', 'Lulu', 'Caitlyn']","['Sion', 'Nocturne', 'Anivia', 'Lucian', 'Milio']","['Gnar', 'Vi', 'Ryze', 'Yunara', 'Nautilus']",[],[],0,leaguepedia_cargo_patch_range,1,scoreboard_players_corrected
Nexus League/2026 Season/Spring Split_Week 6_7_1,2026-05-17 12:15:00,26.09,Nexus League 2026 Spring,Caldya Esport,Karmine Corp Blue Stars,Karmine Corp Blue Stars,"['Pantheon', 'Jarvan IV', 'Ezreal', 'Gwen', 'Irelia']","['Orianna', 'Nocturne', 'Corki', 'Nautilus', 'Rakan']","['Sion', 'Vi', 'Ahri', 'Smolder', 'Nami']","['Varus', 'Skarner', 'Ryze', 'Jhin', 'Bard']",[],[],0,leaguepedia_cargo_patch_range,1,scoreboard_players_corrected
LCP/2026 Season/Split 2_Week 7_4_1,2026-05-17 12:17:00,26.10,LCP 2026 Split 2,CTBC Flying Oyster,GAM Esports,CTBC Flying Oyster,"['Varus', 'Ryze', 'Jarvan IV', ""K'Sante"", 'Annie']","['Orianna', 'Xin Zhao', 'Nocturne', 'Vi', 'Wukong']","['Rumble', 'Naafiri', 'Cassiopeia', 'Ezreal', 'Nautilus']","['Ambessa', 'Lee Sin', 'Akali', 'Sivir', 'Karma']",[],[],1,leaguepedia_cargo_patch_range,0,scoreboard_players_corrected
LPL/2026 Season/Split 2_Week 7_12_1,2026-05-17 12:31:00,26.09,LPL 2026 Split 2,Bilibili Gaming,Anyone's Legend,Bilibili Gaming,"['Varus', 'Seraphine', 'Cassiopeia', 'Lucian', 'Bard']","['Orianna', 'Jarvan IV', 'Ezreal', 'Caitlyn', 'Ziggs']","['Ambessa', 'Vi', 'Twisted Fate', 'Jhin', 'Karma']","['Rumble', 'Naafiri', 'Ryze', 'Corki', 'Nautilus']",[],[],1,leaguepedia_cargo_patch_range,0,scoreboard_players_corrected
Hitpoint Masters/2026 Season/Spring Split_Week 4_6_2,2026-05-17 12:45:00,26.10,Hitpoint Masters 2026 Spring,Bohemian Guardians,Nightbirds,Nightbirds,"['Orianna', 'Jayce', 'Dr. Mundo', 'Bard', 'Lulu']","['Karma', 'Ezreal', 'Naafiri', 'Yone', 'Caitlyn']","['Rumble', 'Sejuani', 'Irelia', 'Ashe', 'Neeko']","['Varus', 'Jarvan IV', 'Annie', 'Zeri', 'Yuumi']",[],[],0,leaguepedia_cargo_patch_range,1,scoreboard_players_corrected
LCK/2026 Season/Rounds 1-2_Week 7_10_3,2026-05-17 13:04:00,26.09,LCK 2026 Rounds 1-2,Kiwoom DRX,HANJIN BRION,Kiwoom DRX,"['Varus', 'Ashe', 'Skarner', 'Leona', 'Twisted Fate']","['Rumble', 'Orianna', 'Neeko', 'Pantheon', 'Naafiri']","['Yorick', 'Jarvan IV', 'Taliyah', 'Jhin', 'Alistar']","['Jayce', 'Poppy', 'Viktor', 'Caitlyn', 'Elise']",[],[],1,leaguepedia_cargo_patch_range,0,scoreboard_players_corrected
LCP/2026 Season/Split 2_Week 7_4_2,2026-05-17 13:06:00,26.10,LCP 2026 Split 2,CTBC Flying Oyster,GAM Esports,GAM Esports,"['Xin Zhao', 'Sion', 'Orianna', 'Annie', 'Vi']","['Jarvan IV', 'Varus', 'Ryze', 'Galio', 'Mel']","['Renekton', 'Jayce', 'Aurora', 'Lucian', 'Milio']","['Yorick', 'Nocturne', 'Ahri', 'Yunara', 'Lulu']",[],[],0,leaguepedia_cargo_patch_range,1,scoreboard_players_corrected
Nexus League/2026 Season/Spring Split_Week 6_8_1,2026-05-17 13:08:00,26.09,Nexus League 2026 Spring,Crystal Rose (French Team),Lille Esport,Lille Esport,"['Seraphine', 'Ezreal', 'Xin Zhao', 'Nocturne', ""K'Sante""]","['Karma', 'Orianna', 'Varus', 'Viktor', 'Aurelion Sol']","['Aatrox', 'Lee Sin', 'Annie', 'Senna', 'Nautilus']","['Renekton', 'Wukong', 'Ryze', 'Corki', 'Nami']",[],[],0,leaguepedia_cargo_patch_range,1,scoreboard_players_corrected
Hitpoint Masters/2026 Season/Spring Split_Week 4_7_1,2026-05-17 13:35:00,26.10,Hitpoint Masters 2026 Spring,eSuba,BRUTE,eSuba,"['Jarvan IV', 'Renekton', 'Seraphine', 'Annie', 'Taliyah']","['Rumble', 'Ezreal', 'Orianna', 'Syndra', 'Varus']","['Ambessa', 'Talon', 'LeBlanc', 'Twitch', 'Nautilus']","['Gnar', 'Kindred', 'Ahri', 'Karma', 'Pyke']",[],[],1,leaguepedia_cargo_patch_range,0,scoreboard_players_corrected
LPL/2026 Season/Split 2_Week 7_12_2,2026-05-17 13:35:00,26.09,LPL 2026 Split 2,Anyone's Legend,Bilibili Gaming,Bilibili Gaming,"['Seraphine', 'Nocturne', 'Cassiopeia', 'Vayne', 'Sion']","['Orianna', 'Jarvan IV', 'Varus', 'Jayce', 'Lee Sin']","['Yorick', 'Pantheon', 'Akali', 'Ezreal', 'Bard']","['Gnar', 'Poppy', 'Annie', 'Lucian', 'Milio']",[],[],0,leaguepedia_cargo_patch_range,1,scoreboard_players_corrected
LCP/2026 Season/Split 2_Week 7_4_3,2026-05-17 13:56:00,26.10,LCP 2026 Split 2,CTBC Flying Oyster,GAM Esports,GAM Esports,"['Bard', 'Ryze', 'Varus', 'Gnar', 'Annie']","['Orianna', 'Xin Zhao', 'Vi', 'Vayne', 'Taliyah']","['Sion', 'Jarvan IV', 'Mel', 'Caitlyn', 'Neeko']","['Gwen', 'Pantheon', 'Twisted Fate', 'Jhin', 'Pyke']",[],[],0,leaguepedia_cargo_patch_range,1,scoreboard_players_corrected
Hitpoint Masters/2026 Season/Spring Split_Week 4_7_2,2026-05-17 14:16:00,26.10,Hitpoint Masters 2026 Spring,eSuba,BRUTE,eSuba,"['Jarvan IV', 'Bard', 'Annie', 'Syndra', 'Viktor']","['Rumble', 'Ezreal', 'Orianna', 'Nocturne', 'Qiyana']","['Nasus', 'Zyra', 'Zeri', 'Caitlyn', 'Anivia']","['Vladimir', 'Pantheon', 'Hwei', 'Smolder', 'Rakan']",[],[],1,leaguepedia_cargo_patch_range,0,scoreboard_players_corrected
Esports World Cup 2026/Online Qualifiers/EMEA_Round 6_2_1,2026-05-17 15:05:00,26.09,Esports World Cup 2026 Online Qualifier: EMEA,Movistar KOI,Karmine Corp,Movistar KOI,"['Nautilus', 'Vi', 'Jarvan IV', 'Cassiopeia', 'Jax']","['Orianna', 'Rumble', 'Akali', ""Kai'Sa"", 'Neeko']","['Varus', 'Nocturne', 'Anivia', 'Sivir', 'Rakan']","['Aurora', 'Pantheon', 'Ahri', 'Ezreal', 'Bard']",[],[],1,leaguepedia_cargo_patch_range,0,scoreboard_players_corrected
Hitpoint Masters/2026 Season/Spring Split_Week 4_8_1,2026-05-17 15:10:00,26.10,Hitpoint Masters 2026 Spring,Meavedron,EXILE esports,Meavedron,"['Anivia', 'Smolder', 'Ambessa', 'Akali', 'Syndra']","['Jarvan IV', 'Karma', 'Ezreal', 'Ahri', 'Orianna']","['Fiora', 'Wukong', 'Viktor', 'Varus', 'Nautilus']","['Renekton', 'Xin Zhao', 'Xerath', 'Ashe', 'Seraphine']",[],[],1,leaguepedia_cargo_patch_range,0,scoreboard_players_corrected
Esports World Cup 2026/Online Qualifiers/EMEA_Round 6_2_2,2026-05-17 15:54:00,26.09,Esports World Cup 2026 Online Qualifier: EMEA,Movistar KOI,Karmine Corp,Karmine Corp,"['Nautilus', 'Annie', 'Syndra', 'Lulu', 'Milio']","['Orianna', 'Rumble', 'Jarvan IV', 'Xin Zhao', 'Trundle']","['Sion', 'Olaf', 'Cassiopeia', 'Miss Fortune', 'Seraphine']","['Yone', 'Vi', 'Taliyah', 'Ashe', ""Vel'Koz""]",[],[],0,leaguepedia_cargo_patch_range,1,scoreboard_players_corrected
CBLOL/2026 Season/Split 1 Playoffs_Round 2_2_1,2026-05-17 16:11:00,26.10,CBLOL 2026 Split 1 Playoffs,LOUD,FURIA,FURIA,"['Jarvan IV', 'Karma', 'Pantheon', 'Xin Zhao', 'Zaahen']","['Naafiri', 'Nocturne', 'Lucian', 'Akali', 'Ahri']","['Rumble', 'Vi', 'Aurora', 'Ashe', 'Seraphine']","['Ornn', 'Olaf', 'Orianna', 'Ezreal', 'Bard']",[],[],0,leaguepedia_cargo_patch_range,1,scoreboard_players_corrected
Hitpoint Masters/2026 Season/Spring Split_Week 4_8_2,2026-05-17 16:18:00,26.10,Hitpoint Masters 2026 Spring,EXILE esports,Meavedron,Meavedron,"['Jarvan IV', 'Nocturne', 'Karma', 'Syndra', 'Hwei']","['Anivia', 'Smolder', 'Orianna', 'Pantheon', 'Vi']","['Singed', 'Trundle', 'Ahri', 'Yunara', 'Lulu']","['Ambessa', 'Viego', 'Veigar', 'Draven', 'Leona']",[],[],0,leaguepedia_cargo_patch_range,1,scoreboard_players_corrected
Esports World Cup 2026/Online Qualifiers/EMEA_Round 6_2_3,2026-05-17 16:51:00,26.09,Esports World Cup 2026 Online Qualifier: EMEA,Karmine Corp,Movistar KOI,Karmine Corp,"['Nautilus', 'Akali', 'Kalista', 'Azir', 'Xin Zhao']","['Annie', 'Orianna', 'Milio', 'Nami', 'Neeko']","['Rumble', 'Jarvan IV', 'Ryze', 'Caitlyn', 'Janna']","['Galio', 'Naafiri', 'Twisted Fate', 'Yunara', 'Lulu']",[],[],1,leaguepedia_cargo_patch_range,0,scoreboard_players_corrected
CBLOL/2026 Season/Split 1 Playoffs_Round 2_2_2,2026-05-17 17:02:00,26.10,CBLOL 2026 Split 1 Playoffs,FURIA,LOUD,FURIA,"['Naafiri', 'Nocturne', 'Nautilus', 'Vayne', 'Trundle']","['Pantheon', 'Jarvan IV', 'Varus', 'Zaahen', 'Gnar']","['Ambessa', 'Skarner', 'Ryze', 'Lucian', 'Milio']","[""K'Sante"", 'Lee Sin', 'Annie', 'Caitlyn', 'Karma']",[],[],1,leaguepedia_cargo_patch_range,0,scoreboard_players_corrected
LIT/2026 Season/Summer Promotion_Semifinals_1_1,2026-05-17 17:17:00,26.10,LIT 2026 Summer Promotion,Epitomy Esports,StoneHenge Esports,Epitomy Esports,"['Gragas', ""Cho'Gath"", 'Xin Zhao', 'Nocturne', 'Rumble']","['Sion', 'Jarvan IV', 'Ezreal', 'Vi', 'Zaahen']","['Malphite', 'Olaf', 'Mel', 'Varus', 'Nautilus']","['Sylas', 'Wukong', 'Seraphine', 'Ashe', 'Braum']",[],[],1,leaguepedia_cargo_patch_range,0,scoreboard_players_corrected
Esports World Cup 2026/Online Qualifiers/EMEA_Round 6_2_4,2026-05-17 17:47:00,26.09,Esports World Cup 2026 Online Qualifier: EMEA,Karmine Corp,Movistar KOI,Karmine Corp,"['Annie', 'Milio', 'Nami', 'Vayne', 'Trundle']","['Orianna', 'Akali', 'Kalista', 'Aphelios', 'Jinx']","['Gnar', 'Jax', 'Viktor', 'Smolder', 'Nautilus']","['Shyvana', 'Xin Zhao', 'Azir', 'Tristana', 'Rell']",[],[],1,leaguepedia_cargo_patch_range,0,scoreboard_players_corrected
CBLOL/2026 Season/Split 1 Playoffs_Round 2_2_3,2026-05-17 17:51:00,26.10,CBLOL 2026 Split 1 Playoffs,FURIA,LOUD,FURIA,"['Naafiri', 'Nocturne', 'Nautilus', 'LeBlanc', 'Gwen']","['Pantheon', 'Jarvan IV', 'Varus', 'Xin Zhao', 'Aatrox']","['Sion', ""Rek'Sai"", 'Cassiopeia', 'Yunara', 'Lulu']","['Gnar', 'Qiyana', 'Zoe', 'Corki', 'Nami']",[],[],1,leaguepedia_cargo_patch_range,0,scoreboard_players_corrected
LIT/2026 Season/Summer Promotion_Semifinals_1_2,2026-05-17 18:08:00,26.10,LIT 2026 Summer Promotion,StoneHenge Esports,Epitomy Esports,Epitomy Esports,"['Sion', 'Jarvan IV', 'Ezreal', 'Vi', 'Fiora']","['Gragas', ""Cho'Gath"", 'Xin Zhao', 'Nocturne', 'Gnar']","['Jayce', 'Nidalee', 'Karma', 'Draven', 'Pyke']","['Renekton', 'Aatrox', 'Syndra', 'Hwei', 'Rell']",[],[],0,leaguepedia_cargo_patch_range,1,scoreboard_players_corrected
LCS/2026 Season/Spring Season_Week 7_3_1,2026-05-17 20:07:00,26.10,LCS 2026 Spring,Dignitas,Sentinels,Sentinels,"['Nocturne', 'Varus', 'Nautilus', 'Akali', 'Gwen']","['Orianna', 'Karma', 'Bard', 'Rumble', 'Cassiopeia']","['Shen', 'Xin Zhao', 'Ryze', 'Lucian', 'Milio']","['Sion', 'Jarvan IV', 'Anivia', 'Caitlyn', 'Lux']",[],[],0,leaguepedia_cargo_patch_range,1,scoreboard_players_corrected
LCS/2026 Season/Spring Season_Week 7_3_2,2026-05-17 20:56:00,26.10,LCS 2026 Spring,Sentinels,Dignitas,Sentinels,"['Nocturne', 'Nautilus', 'Pantheon', 'Jayce', 'Olaf']","['Orianna', 'Rumble', 'Karma', 'Cassiopeia', 'Viktor']","['Renekton', 'Skarner', 'Hwei', 'Varus', 'Bard']","['Ornn', 'Naafiri', 'Annie', 'Ashe', 'Seraphine']",[],[],1,leaguepedia_cargo_patch_range,0,scoreboard_players_corrected
LCS/2026 Season/Spring Season_Week 7_4_1,2026-05-17 21:47:00,26.10,LCS 2026 Spring,LYON (2024 American Team),FlyQuest,FlyQuest,"['Varus', 'Xin Zhao', 'Pantheon', 'Akali', 'Twisted Fate']","['Karma', 'Jarvan IV', 'Caitlyn', 'Wukong', 'Rumble']","['Sion', 'Nocturne', 'Sylas', 'Lucian', 'Milio']","['Jayce', 'Ambessa', 'Orianna', 'Senna', 'Nautilus']",[],[],0,leaguepedia_cargo_patch_range,1,scoreboard_players_corrected
LCS/2026 Season/Spring Season_Week 7_4_2,2026-05-17 22:50:00,26.10,LCS 2026 Spring,FlyQuest,LYON (2024 American Team),LYON (2024 American Team),"['Bard', 'Pantheon', 'Cassiopeia', 'Ezreal', 'Gnar']","['Karma', 'Seraphine', 'Varus', 'Akali', 'Ryze']","[""K'Sante"", 'Jarvan IV', 'Viktor', 'Corki', 'Nami']","['Anivia', 'Sejuani', 'Yone', 'Caitlyn', 'Neeko']",[],[],0,leaguepedia_cargo_patch_range,1,scoreboard_players_corrected
LCS/2026 Season/Spring Season_Week 7_4_3,2026-05-17 23:43:00,26.10,LCS 2026 Spring,LYON (2024 American Team),FlyQuest,FlyQuest,"['Pantheon', 'Bard', 'Twisted Fate', 'Ryze', 'Wukong']","['Varus', 'Seraphine', 'Karma', 'Cassiopeia', 'Xin Zhao']","['Yorick', 'Vi', 'Aurora', 'Yunara', 'Rakan']","['Rumble', 'Nasus', 'Annie', 'Aphelios', 'Lulu']",[],[],0,leaguepedia_cargo_patch_range,1,scoreboard_players_corrected
LCK CL/2026 Season/Rounds 1-2_Week 8_1_1,2026-05-18 05:09:00,26.10,LCK CL 2026 Rounds 1-2,Dplus Kia Challengers,T1 Esports Academy,T1 Esports Academy,"['Varus', 'Ezreal', 'Rumble', 'Viktor', 'Gnar']","['Jarvan IV', 'Nocturne', 'Karma', 'Xin Zhao', 'Skarner']","['Sion', 'Lee Sin', 'Orianna', 'Ashe', 'Seraphine']","['Ambessa', 'Vi', 'Annie', 'Caitlyn', 'Bard']",[],[],0,leaguepedia_cargo_patch_range,1,scoreboard_players_corrected
LCK CL/2026 Season/Rounds 1-2_Week 8_1_2,2026-05-18 06:05:00,26.10,LCK CL 2026 Rounds 1-2,T1 Esports Academy,Dplus Kia Challengers,T1 Esports Academy,"['Varus', 'Lucian', 'Jarvan IV', 'Skarner', 'Pantheon']","['Rumble', 'Karma', 'Nocturne', 'Akali', 'Azir']","['Jayce', 'Xin Zhao', 'Anivia', 'Sivir', 'Lulu']","['Yorick', 'Trundle', 'Cassiopeia', 'Ezreal', 'Neeko']",[],[],1,leaguepedia_cargo_patch_range,0,scoreboard_players_corrected
LCK CL/2026 Season/Rounds 1-2_Week 8_2_1,2026-05-18 07:12:00,26.10,LCK CL 2026 Rounds 1-2,DN SOOPers Challengers,Kiwoom DRX Challengers,DN SOOPers Challengers,"['Varus', 'Karma', 'Nocturne', 'Lee Sin', 'Vi']","['Rumble', 'Orianna', 'Bard', 'Akali', 'Anivia']","['Gwen', 'Xin Zhao', 'Cassiopeia', 'Lucian', 'Milio']","['Sion', 'Jarvan IV', 'Syndra', 'Caitlyn', 'Lux']",[],[],1,leaguepedia_cargo_patch_range,0,scoreboard_players_corrected
Esports World Cup 2026/Online Qualifiers/Korea_Round 1_5_1,2026-05-18 08:06:00,26.10,Esports World Cup 2026 Online Qualifier: Korea,KT Rolster,HANJIN BRION,HANJIN BRION,"['Varus', 'Lee Sin', 'Karma', 'Nautilus', 'Bard']","['Orianna', 'Rumble', 'Lucian', 'Annie', 'Yorick']","['Jayce', 'Pantheon', 'Cassiopeia', 'Ezreal', 'Neeko']","['Sion', 'Jarvan IV', 'Aurora', 'Ashe', 'Seraphine']",[],[],0,leaguepedia_cargo_patch_range,1,scoreboard_players_corrected
LCK CL/2026 Season/Rounds 1-2_Week 8_2_2,2026-05-18 08:17:00,26.10,LCK CL 2026 Rounds 1-2,DN SOOPers Challengers,Kiwoom DRX Challengers,Kiwoom DRX Challengers,"['Varus', 'Karma', 'Ryze', 'Azir', 'Vayne']","['Rumble', 'Nocturne', 'Neeko', 'Trundle', 'Lee Sin']","['Olaf', 'Vi', 'Orianna', 'Miss Fortune', 'Nautilus']","['Gnar', 'Skarner', 'Viktor', 'Ashe', 'Seraphine']",[],[],0,leaguepedia_cargo_patch_range,1,scoreboard_players_corrected
Esports World Cup 2026/Online Qualifiers/Korea_Round 1_5_2,2026-05-18 09:04:00,26.10,Esports World Cup 2026 Online Qualifier: Korea,HANJIN BRION,KT Rolster,HANJIN BRION,"['Varus', 'Caitlyn', 'Annie', 'Gnar', 'Xin Zhao']","['Orianna', 'Lucian', 'Rumble', 'Anivia', 'Vi']","['Zaahen', 'Naafiri', 'Ryze', 'Jhin', 'Bard']","['Renekton', 'Skarner', 'Azir', 'Sivir', 'Karma']",[],[],1,leaguepedia_cargo_patch_range,0,scoreboard_players_corrected
LCK CL/2026 Season/Rounds 1-2_Week 8_2_3,2026-05-18 09:35:00,26.10,LCK CL 2026 Rounds 1-2,Kiwoom DRX Challengers,DN SOOPers Challengers,Kiwoom DRX Challengers,"['Varus', 'Karma', 'Lee Sin', 'Vayne', 'Jayce']","['Rumble', 'Nocturne', 'Neeko', 'Annie', 'Twisted Fate']","['Renekton', 'Wukong', 'Ryze', 'Ezreal', 'Bard']","[""K'Sante"", 'Naafiri', 'Galio', 'Yunara', 'Lulu']",[],[],1,leaguepedia_cargo_patch_range,0,scoreboard_players_corrected
Esports World Cup 2026/Online Qualifiers/Korea_Round 1_6_1,2026-05-18 10:10:00,26.10,Esports World Cup 2026 Online Qualifier: Korea,DN SOOPers,Nongshim RedForce,Nongshim RedForce,"['Varus', 'Vi', 'Nautilus', 'Ashe', 'Neeko']","['Orianna', 'Karma', 'Jarvan IV', 'Annie', ""K'Sante""]","['Rumble', 'Wukong', 'Cassiopeia', 'Yunara', 'Lulu']","['Anivia', 'Lee Sin', 'Galio', 'Lucian', 'Milio']",[],[],0,leaguepedia_cargo_patch_range,1,scoreboard_players_corrected
LCK CL/2026 Season/Rounds 1-2_Week 8_3_1,2026-05-18 10:39:00,26.10,LCK CL 2026 Rounds 1-2,Gen.G Global Academy,Hanwha Life Esports Challengers,Hanwha Life Esports Challengers,"['Varus', 'Karma', 'Cassiopeia', 'Gwen', 'Ryze']","['Rumble', 'Orianna', 'Bard', 'Vayne', 'Gnar']","['Sion', 'Nocturne', 'Akali', 'Lucian', 'Milio']","['Ambessa', 'Jarvan IV', 'Annie', 'Ezreal', 'Neeko']",[],[],0,leaguepedia_cargo_patch_range,1,scoreboard_players_corrected
Esports World Cup 2026/Online Qualifiers/Korea_Round 1_6_2,2026-05-18 11:00:00,26.10,Esports World Cup 2026 Online Qualifier: Korea,DN SOOPers,Nongshim RedForce,Nongshim RedForce,"['Varus', 'Jarvan IV', 'Nocturne', 'Gwen', 'Vayne']","['Karma', 'Orianna', 'Xin Zhao', 'Vi', 'Sion']","[""K'Sante"", 'Naafiri', 'Ryze', 'Caitlyn', 'Bard']","['Gnar', 'Pantheon', 'Twisted Fate', 'Ashe', 'Seraphine']",[],[],0,leaguepedia_cargo_patch_range,1,scoreboard_players_corrected
LCK CL/2026 Season/Rounds 1-2_Week 8_3_2,2026-05-18 11:32:00,26.10,LCK CL 2026 Rounds 1-2,Hanwha Life Esports Challengers,Gen.G Global Academy,Hanwha Life Esports Challengers,"['Cassiopeia', 'Varus', 'Karma', 'Jayce', 'Vayne']","['Orianna', 'Rumble', 'Bard', 'Yorick', 'Twisted Fate']","['Anivia', 'Xin Zhao', 'Ryze', 'Ashe', 'Seraphine']","['Gnar', 'Vi', 'Taliyah', 'Mel', 'Nautilus']",[],[],1,leaguepedia_cargo_patch_range,0,scoreboard_players_corrected
Streamers Clash/Season 4_Day 1_1_1,2026-05-18 16:18:00,26.10,Streamers Clash Season 4,VEDICI DEEMONS,FREEZŮV WOLT DŮCHOĎÁK,VEDICI DEEMONS,"['Yuumi', 'Draven', 'Seraphine', 'Zaahen', 'Xin Zhao']","['Aatrox', 'Syndra', 'Tristana', 'Caitlyn']","['Nautilus', 'Naafiri', 'Orianna', ""Kai'Sa"", 'Amumu']","['Mordekaiser', 'Wukong', 'Maokai', 'Smolder', 'Rell']",[],[],1,leaguepedia_cargo_patch_range,0,scoreboard_players_corrected
Streamers Clash/Season 4_Day 1_2_1,2026-05-18 17:13:00,26.10,Streamers Clash Season 4,HERDYNŮV LANGUSTA TÝM,SPAJKOVI UKRADLI SUPERSTRIKE,HERDYNŮV LANGUSTA TÝM,"['Udyr', 'Jarvan IV', 'Vayne', ""Kog'Maw"", 'Zed']","['Viego', 'Yuumi', 'Seraphine', 'Zaahen', 'Viktor']","[""Cho'Gath"", 'Gwen', 'Tristana', 'Mel', 'Nautilus']","['Ornn', 'Karthus', 'Yone', 'Morgana', 'Maokai']",[],[],1,leaguepedia_cargo_patch_range,0,scoreboard_players_corrected
Streamers Clash/Season 4_Day 1_3_1,2026-05-18 18:04:00,26.10,Streamers Clash Season 4,TYBLÁHO MEWING SOCIETY,NATÁLKY IMAGINÁRNÍ KAMARÁDI,NATÁLKY IMAGINÁRNÍ KAMARÁDI,"['Vladimir', 'Syndra', 'Malphite', 'Orianna', 'Kassadin']","['Irelia', 'Olaf', 'Yuumi', 'Zilean', 'Ashe']","['Kayle', 'Skarner', 'Galio', 'Brand', 'Braum']","['Nasus', 'Xin Zhao', 'Ahri', 'Miss Fortune', 'Nautilus']",[],[],0,leaguepedia_cargo_patch_range,1,scoreboard_players_corrected
Streamers Clash/Season 4_Day 1_4_1,2026-05-18 19:04:00,26.10,Streamers Clash Season 4,SILNĚJŠÍ SE XNAPYM,STOPERCENTNÁ KAMILOVA TUTOFKA,STOPERCENTNÁ KAMILOVA TUTOFKA,"['Olaf', 'Vayne', 'Ambessa', 'Seraphine', 'Jarvan IV']","['Yone', 'Malphite', 'Smolder', 'Akali', 'Sylas']","['Nasus', 'Zaahen', 'Swain', 'Ashe', 'Nautilus']","['Gwen', 'Trundle', 'Galio', 'Malzahar', 'Yuumi']",[],[],0,leaguepedia_cargo_patch_range,1,scoreboard_players_corrected
Circuito Desafiante/2026 Season/Split 1 Playoffs_Round 2_3_1,2026-05-18 20:02:00,26.10,CD 2026 Split 1 Playoffs,Estral Esports,RED Academy,Estral Esports,"['Jarvan IV', 'Lucian', 'Varus', 'Ryze', 'Gwen']","['Rumble', 'Orianna', 'Ezreal', 'Annie', 'Twisted Fate']","['Gnar', 'Pantheon', 'Aurora', 'Caitlyn', 'Karma']","['Sion', 'Nocturne', 'Ahri', 'Sivir', 'Yuumi']",[],[],1,leaguepedia_cargo_patch_range,0,scoreboard_players_corrected
Circuito Desafiante/2026 Season/Split 1 Playoffs_Round 2_3_2,2026-05-18 20:53:00,26.10,CD 2026 Split 1 Playoffs,Estral Esports,RED Academy,Estral Esports,"['Rumble', 'Ezreal', 'Jarvan IV', 'Vayne', 'Twisted Fate']","['Orianna', 'Varus', 'Ryze', 'Vi', 'Annie']","['Renekton', 'Qiyana', 'Anivia', 'Lucian', 'Milio']","['Jax', 'Aatrox', 'Syndra', 'Ashe', 'Seraphine']",[],[],1,leaguepedia_cargo_patch_range,0,scoreboard_players_corrected
Circuito Desafiante/2026 Season/Split 1 Playoffs_Round 2_3_3,2026-05-18 21:45:00,26.10,CD 2026 Split 1 Playoffs,Estral Esports,RED Academy,Estral Esports,"['Ezreal', 'Annie', 'Varus', 'Yorick', 'Vayne']","['Orianna', 'Jarvan IV', 'Rumble', 'Nautilus', ""Kai'Sa""]","['Twisted Fate', 'Vi', 'Azir', 'Xayah', 'Rakan']","['Gwen', 'Lee Sin', 'Ryze', 'Jhin', 'Bard']",[],[],1,leaguepedia_cargo_patch_range,0,scoreboard_players_corrected
Liga Regional Norte/2026 Season/Split 1 Playoffs_Round 2_1_1,2026-05-18 23:15:00,26.10,LRN 2026 Split 1 Playoffs,SDM Tigres,Zeu5 Esports,SDM Tigres,"['Vayne', 'Karma', 'Jarvan IV', 'Nautilus', 'Nami']","['Bard', 'Smolder', 'Seraphine', 'Akali', 'Ahri']","[""K'Sante"", 'Nocturne', 'Orianna', 'Ezreal', 'Rell']","['Rumble', 'Xin Zhao', 'Viktor', 'Varus', 'Neeko']",[],[],1,leaguepedia_cargo_patch_range,0,scoreboard_players_corrected
Liga Regional Norte/2026 Season/Split 1 Playoffs_Round 2_1_2,2026-05-19 00:03:00,26.10,LRN 2026 Split 1 Playoffs,Zeu5 Esports,SDM Tigres,SDM Tigres,"['Vayne', 'Ryze', 'Karma', 'Gwen', 'Ahri']","['Bard', 'Smolder', 'Seraphine', 'Lulu', 'Nautilus']","['Sion', 'Jarvan IV', 'Taliyah', 'Aphelios', 'Milio']","['Gnar', 'Pantheon', 'Aurora', 'Lucian', 'Nami']",[],[],0,leaguepedia_cargo_patch_range,1,scoreboard_players_corrected
Liga Regional Norte/2026 Season/Split 1 Playoffs_Round 2_1_3,2026-05-19 00:59:00,26.10,LRN 2026 Split 1 Playoffs,Zeu5 Esports,SDM Tigres,SDM Tigres,"['Bard', 'Seraphine', 'Smolder', 'Renekton', 'Vayne']","['Ryze', 'Karma', 'Sylas', 'Wukong', 'Yone']","['Shyvana', 'Trundle', 'Ahri', 'Jhin', 'Camille']","['Ambessa', 'Vi', 'Twisted Fate', 'Ziggs', 'Rakan']",[],[],0,leaguepedia_cargo_patch_range,1,scoreboard_players_corrected
LCK CL/2026 Season/Rounds 1-2_Week 8_4_1,2026-05-19 08:02:00,26.10,LCK CL 2026 Rounds 1-2,BNK FEARX Youth,HANJIN BRION Challengers,BNK FEARX Youth,"['Varus', 'Karma', 'Jarvan IV', 'Cassiopeia', 'Ryze']","['Rumble', 'Orianna', 'Nocturne', 'Anivia', 'Taliyah']","['Gwen', 'Xin Zhao', 'Annie', 'Lucian', 'Milio']","['Sion', 'Vi', 'Viktor', 'Zeri', 'Lulu']",[],[],1,leaguepedia_cargo_patch_range,0,scoreboard_players_corrected
Esports World Cup 2026/Online Qualifiers/Korea_Round 2_3_1,2026-05-19 08:08:00,26.10,Esports World Cup 2026 Online Qualifier: Korea,HANJIN BRION,Hanwha Life Esports,Hanwha Life Esports,"['Varus', 'Ezreal', 'Jarvan IV', 'Aurora', 'Ambessa']","['Orianna', 'Rumble', 'Vi', 'Trundle', 'Pantheon']","['Gnar', 'Xin Zhao', 'Akali', 'Caitlyn', 'Karma']","['Sion', 'Lee Sin', 'Cassiopeia', 'Jhin', 'Bard']",[],[],0,leaguepedia_cargo_patch_range,1,scoreboard_players_corrected
Esports World Cup 2026/Online Qualifiers/Korea_Round 2_3_2,2026-05-19 08:58:00,26.10,Esports World Cup 2026 Online Qualifier: Korea,Hanwha Life Esports,HANJIN BRION,Hanwha Life Esports,"['Varus', 'Vi', 'Lucian', 'Yorick', 'Annie']","['Orianna', 'Rumble', 'Ezreal', 'Mel', 'Ziggs']","[""K'Sante"", 'Naafiri', 'Aurora', 'Ashe', 'Seraphine']","['Jayce', 'Jarvan IV', 'Ryze', 'Miss Fortune', 'Nautilus']",[],[],1,leaguepedia_cargo_patch_range,0,scoreboard_players_corrected
LCK CL/2026 Season/Rounds 1-2_Week 8_4_2,2026-05-19 08:59:00,26.10,LCK CL 2026 Rounds 1-2,HANJIN BRION Challengers,BNK FEARX Youth,BNK FEARX Youth,"['Varus', 'Karma', 'Jayce', 'Vayne', 'Gnar']","['Rumble', 'Orianna', 'Bard', 'Ryze', 'Cassiopeia']","['Renekton', 'Jarvan IV', 'Twisted Fate', 'Ashe', 'Seraphine']","['Aurora', 'Nocturne', 'Anivia', 'Ezreal', 'Neeko']",[],[],0,leaguepedia_cargo_patch_range,1,scoreboard_players_corrected
Esports World Cup 2026/Online Qualifiers/Asia-Pacific_Round 4_2_1,2026-05-19 09:02:00,26.10,Esports World Cup 2026 Online Qualifier: Asia-Pacific,Fukuoka SoftBank HAWKS gaming,GAM Esports,GAM Esports,"['Varus', 'Nocturne', 'Jarvan IV', 'Ambessa', 'Pantheon']","['Orianna', 'Lee Sin', 'Nautilus', 'Bard', 'Pyke']","['Rumble', 'Jayce', 'Cassiopeia', 'Ezreal', 'Skarner']","['Sion', 'Wukong', 'Akali', 'Jhin', 'Karma']",[],[],0,leaguepedia_cargo_patch_range,1,scoreboard_players_corrected
Esports World Cup 2026/Online Qualifiers/Korea_Round 2_4_1,2026-05-19 10:03:00,26.10,Esports World Cup 2026 Online Qualifier: Korea,BNK FEARX,Nongshim RedForce,BNK FEARX,"['Varus', 'Ashe', 'Jarvan IV', 'Vi', 'Pantheon']","['Orianna', 'Karma', 'Lucian', 'Lulu', 'Nami']","[""K'Sante"", 'Naafiri', 'Cassiopeia', 'Ezreal', 'Bard']","['Rumble', 'Lee Sin', 'Twisted Fate', 'Xayah', 'Nautilus']",[],[],1,leaguepedia_cargo_patch_range,0,scoreboard_players_corrected
Esports World Cup 2026/Online Qualifiers/Asia-Pacific_Round 4_2_2,2026-05-19 10:07:00,26.10,Esports World Cup 2026 Online Qualifier: Asia-Pacific,Fukuoka SoftBank HAWKS gaming,GAM Esports,GAM Esports,"['Lee Sin', 'Orianna', 'Vi', 'Lucian', 'Caitlyn']","['Nocturne', 'Ryze', 'Varus', 'Bard', 'Ziggs']","['Malphite', 'Naafiri', 'Aurora', 'Ashe', 'Seraphine']","['Gnar', 'Jarvan IV', 'Twisted Fate', 'Mel', 'Nautilus']",[],[],0,leaguepedia_cargo_patch_range,1,scoreboard_players_corrected
LCK CL/2026 Season/Rounds 1-2_Week 8_5_1,2026-05-19 10:15:00,26.10,LCK CL 2026 Rounds 1-2,KT Rolster Challengers,Nongshim Esports Academy,Nongshim Esports Academy,"['Varus', 'Karma', 'Cassiopeia', 'Ryze', 'Gnar']","['Rumble', 'Vi', 'Orianna', 'Anivia', 'Viktor']","['Sion', 'Xin Zhao', 'Azir', 'Lucian', 'Milio']","['Shen', 'Jarvan IV', 'Annie', 'Yunara', 'Lulu']",[],[],0,leaguepedia_cargo_patch_range,1,scoreboard_players_corrected
LCK CL/2026 Season/Rounds 1-2_Week 8_5_2,2026-05-19 11:01:00,26.10,LCK CL 2026 Rounds 1-2,Nongshim Esports Academy,KT Rolster Challengers,KT Rolster Challengers,"['Varus', 'Vi', 'Ashe', 'Ryze', 'Orianna']","['Rumble', 'Nocturne', 'Karma', 'Cassiopeia', 'Twisted Fate']","['Jayce', 'Pantheon', 'Aurora', 'Ezreal', 'Nami']","['Vayne', 'Lee Sin', 'Akali', 'Sivir', 'Bard']",[],[],0,leaguepedia_cargo_patch_range,1,scoreboard_players_corrected
Esports World Cup 2026/Online Qualifiers/Korea_Round 2_4_2,2026-05-19 11:12:00,26.10,Esports World Cup 2026 Online Qualifier: Korea,Nongshim RedForce,BNK FEARX,Nongshim RedForce,"['Varus', 'Sion', 'Vi', 'Caitlyn', 'Lulu']","['Orianna', 'Karma', 'Ashe', 'Annie', 'Yorick']","['Jayce', 'Jarvan IV', 'Ryze', 'Corki', 'Nami']","['Xin Zhao', 'Wukong', 'Taliyah', 'Lucian', 'Milio']",[],[],1,leaguepedia_cargo_patch_range,0,scoreboard_players_corrected
LCK CL/2026 Season/Rounds 1-2_Week 8_5_3,2026-05-19 11:54:00,26.10,LCK CL 2026 Rounds 1-2,KT Rolster Challengers,Nongshim Esports Academy,Nongshim Esports Academy,"['Karma', 'Nocturne', 'Cassiopeia', 'Neeko', 'Caitlyn']","['Vi', 'Orianna', 'Varus', 'Ashe', 'Jhin']","['Rumble', 'Trundle', 'Anivia', 'Corki', 'Nautilus']","['Gnar', 'Naafiri', 'Ryze', 'Miss Fortune', 'Rell']",[],[],0,leaguepedia_cargo_patch_range,1,scoreboard_players_corrected
Esports World Cup 2026/Online Qualifiers/Korea_Round 2_4_3,2026-05-19 12:03:00,26.10,Esports World Cup 2026 Online Qualifier: Korea,Nongshim RedForce,BNK FEARX,Nongshim RedForce,"['Varus', 'Vi', 'Poppy', 'Vayne', 'Akali']","['Orianna', 'Karma', 'Nocturne', 'Mel', 'Yunara']","['Renekton', 'Pantheon', 'Azir', 'Ashe', 'Seraphine']","['Gnar', 'Trundle', 'Annie', 'Zeri', 'Yuumi']",[],[],1,leaguepedia_cargo_patch_range,0,scoreboard_players_corrected
Hellenic Legends League/2026 Season/Summer Promotion_Promotion_2_1,2026-05-19 13:10:00,26.09,HLL 2026 Summer Promotion,Gamespace Mediterranean College Esports,EKSI EPTA,Gamespace Mediterranean College Esports,"['Aurelion Sol', 'Caitlyn', 'Naafiri', 'Xin Zhao', 'Pantheon']","['Nocturne', 'Rumble', 'Varus', 'Akali', 'Shen']","['Gnar', 'Jarvan IV', 'Orianna', 'Yunara', 'Nautilus']","['Jax', 'Zaahen', 'Viktor', 'Ezreal', 'Karma']",[],[],1,leaguepedia_cargo_patch_range,0,scoreboard_players_corrected
Hellenic Legends League/2026 Season/Summer Promotion_Promotion_1_1,2026-05-19 13:14:00,26.09,HLL 2026 Summer Promotion,The ParadOx,Zerolag Esports,The ParadOx,"['Nocturne', 'Ezreal', 'Orianna', 'Lulu', 'Alistar']","['Aurora', 'Jarvan IV', 'Neeko', 'Syndra', 'Mel']","['Rumble', 'Shen', 'Zed', ""Kai'Sa"", 'Rell']","['Ornn', 'Pantheon', 'Annie', 'Varus', 'Renata Glasc']",[],[],1,leaguepedia_cargo_patch_range,0,scoreboard_players_corrected
Hellenic Legends League/2026 Season/Summer Promotion_Promotion_3_1,2026-05-19 13:16:00,26.09,HLL 2026 Summer Promotion,Paranormal Invaders,ALMO Players,ALMO Players,"['Nocturne', 'Cassiopeia', 'Orianna', 'Pantheon', 'Dr. Mundo']","['Rumble', 'Jayce', 'Pyke', 'Mel', 'Jax']","['Gnar', 'Xin Zhao', 'Akali', 'Caitlyn', 'Bard']","['Urgot', 'Vi', 'Ahri', 'Ezreal', 'Karma']",[],[],0,leaguepedia_cargo_patch_range,1,scoreboard_players_corrected
Hellenic Legends League/2026 Season/Summer Promotion_Promotion_2_2,2026-05-19 14:03:00,26.09,HLL 2026 Summer Promotion,Gamespace Mediterranean College Esports,EKSI EPTA,Gamespace Mediterranean College Esports,"['Zed', 'Naafiri', 'Akali', 'Kassadin', 'Pantheon']","['Nocturne', 'Rumble', 'Varus', 'Shen', 'Ornn']","['Gwen', 'Xin Zhao', 'Syndra', 'Caitlyn', 'Bard']","[""K'Sante"", 'Wukong', 'Karthus', 'Jhin', 'Neeko']",[],[],1,leaguepedia_cargo_patch_range,0,scoreboard_players_corrected
Hellenic Legends League/2026 Season/Summer Promotion_Promotion_3_2,2026-05-19 14:08:00,26.09,HLL 2026 Summer Promotion,ALMO Players,Paranormal Invaders,ALMO Players,"['Rumble', 'Jayce', 'Pyke', 'Ambessa', 'Varus']","['Nocturne', 'Orianna', 'Dr. Mundo', 'Renekton', 'Sion']","['Aatrox', 'Pantheon', 'Sylas', 'Ashe', 'Seraphine']","['Camille', 'Wukong', 'Syndra', 'Jhin', 'Nautilus']",[],[],1,leaguepedia_cargo_patch_range,0,scoreboard_players_corrected
Hellenic Legends League/2026 Season/Summer Promotion_Promotion_1_2,2026-05-19 14:11:00,26.09,HLL 2026 Summer Promotion,Zerolag Esports,The ParadOx,Zerolag Esports,"['Aurora', 'Neeko', 'Jarvan IV', 'Nautilus', 'Leona']","['Nocturne', 'Orianna', 'Ezreal', 'Seraphine', 'Nami']","['Sion', 'Wukong', 'Ryze', 'Jhin', 'Karma']","['Xin Zhao', 'Brand', 'Viktor', 'Sivir', 'Amumu']",[],[],1,leaguepedia_cargo_patch_range,0,scoreboard_players_corrected
Hellenic Legends League/2026 Season/Summer Promotion_Promotion_3_3,2026-05-19 14:51:00,26.09,HLL 2026 Summer Promotion,ALMO Players,Paranormal Invaders,Paranormal Invaders,"['Rumble', 'Jayce', 'Pyke', 'Jax', 'Renekton']","['Nocturne', 'Orianna', 'Lulu', 'Dr. Mundo', 'Jarvan IV']","['Ambessa', 'Naafiri', 'Aurora', 'Corki', 'Nami']","['Volibear', 'Sejuani', 'Viktor', 'Lucian', 'Milio']",[],[],0,leaguepedia_cargo_patch_range,1,scoreboard_players_corrected
Hellenic Legends League/2026 Season/Summer Promotion_Promotion_2_3,2026-05-19 14:56:00,26.09,HLL 2026 Summer Promotion,Gamespace Mediterranean College Esports,EKSI EPTA,EKSI EPTA,"['Zed', 'Naafiri', 'Akali', 'Lillia', 'Diana']","['Nocturne', 'Rumble', 'Lucian', 'Azir', 'Shen']","['Mordekaiser', 'Aatrox', 'Sylas', 'Jinx', 'Alistar']","['Ornn', 'Lee Sin', 'Yasuo', 'Varus', 'Rell']",[],[],0,leaguepedia_cargo_patch_range,1,scoreboard_players_corrected
TCL/2026 Season/Spring Playoffs_Round 1_1_1,2026-05-19 15:00:00,26.10,TCL 2026 Spring Playoffs,SU Esports,BoostGate Esports,BoostGate Esports,"['Varus', 'Nautilus', 'Seraphine', 'Lulu', 'Rumble']","['Ahri', 'Orianna', 'Karma', 'Syndra', 'Viktor']","['Sion', 'Jarvan IV', 'Annie', 'Lucian', 'Milio']","['Aatrox', 'Wukong', 'Aurora', 'Ashe', 'Neeko']",[],[],0,leaguepedia_cargo_patch_range,1,scoreboard_players_corrected
Rift Legends/2026 Season/Spring Split_Week 6_1_1,2026-05-19 15:14:00,26.10,Rift Legends 2026 Spring,Barcząca Esports,Forsaken (Polish Team),Barcząca Esports,"['Nautilus', 'Varus', 'Aurora', 'Lee Sin', 'Wukong']","['Karma', 'Orianna', 'Ashe', 'Rumble', 'Annie']","['Sion', 'Jarvan IV', 'Twisted Fate', 'Lucian', 'Milio']","['Gwen', 'Xin Zhao', 'LeBlanc', 'Yunara', 'Lulu']",[],[],1,leaguepedia_cargo_patch_range,0,scoreboard_players_corrected
Hellenic Legends League/2026 Season/Summer Promotion_Promotion_1_3,2026-05-19 15:17:00,26.09,HLL 2026 Summer Promotion,The ParadOx,Zerolag Esports,The ParadOx,"['Nocturne', 'Ashe', 'Orianna', 'Milio', 'Skarner']","['Neeko', 'Jarvan IV', 'Ezreal', 'Aphelios', 'Rakan']","[""K'Sante"", 'Vi', 'Aurora', 'Yunara', 'Alistar']","['Garen', 'Sejuani', 'Ahri', 'Lucian', 'Braum']",[],[],1,leaguepedia_cargo_patch_range,0,scoreboard_players_corrected
Hellenic Legends League/2026 Season/Summer Promotion_Promotion_2_4,2026-05-19 15:44:00,26.09,HLL 2026 Summer Promotion,EKSI EPTA,Gamespace Mediterranean College Esports,Gamespace Mediterranean College Esports,"['Rumble', 'Nocturne', 'Lucian', 'Shen', 'Azir']","['Zed', 'Akali', 'Naafiri', 'Pantheon', 'Dr. Mundo']","['Kennen', 'Skarner', 'Cassiopeia', 'Sivir', 'Lulu']","['Malphite', 'Vi', 'Kassadin', 'Corki', 'Nami']",[],[],0,leaguepedia_cargo_patch_range,1,scoreboard_players_corrected
Hellenic Legends League/2026 Season/Summer Promotion_Promotion_3_4,2026-05-19 15:44:00,26.09,HLL 2026 Summer Promotion,Paranormal Invaders,ALMO Players,ALMO Players,"['Nocturne', 'Orianna', 'Cassiopeia', 'Rell', 'Vayne']","['Jayce', 'Rumble', 'LeBlanc', 'Anivia', 'Jax']","['Sion', 'Maokai', 'Tristana', 'Zeri', 'Lulu']","['Gwen', 'Jarvan IV', 'Ryze', 'Yunara', 'Soraka']",[],[],0,leaguepedia_cargo_patch_range,1,scoreboard_players_corrected
Streamers Clash/Season 4_Day 2_1_1,2026-05-19 15:50:00,26.10,Streamers Clash Season 4,FREEZŮV WOLT DŮCHOĎÁK,HERDYNŮV LANGUSTA TÝM,HERDYNŮV LANGUSTA TÝM,"['Viego', 'Mordekaiser', 'Sylas', 'Zaahen', 'Gwen']","['Draven', ""Kog'Maw"", 'Malphite', 'Xin Zhao', 'Jarvan IV']","['Ornn', 'Master Yi', 'Galio', 'Tristana', 'Seraphine']","['Nasus', ""Bel'Veth"", 'Orianna', 'Mel', 'Yuumi']",[],[],0,leaguepedia_cargo_patch_range,1,scoreboard_players_corrected
TCL/2026 Season/Spring Playoffs_Round 1_1_2,2026-05-19 15:53:00,26.10,TCL 2026 Spring Playoffs,SU Esports,BoostGate Esports,SU Esports,"['Varus', 'Nocturne', 'Akali', 'Nautilus', 'Karma']","['Ahri', 'Orianna', 'Syndra', 'Yunara', 'Tristana']","['Ambessa', 'Pantheon', 'Ryze', 'Jhin', 'Bard']","['Rumble', 'Vi', 'Aurelion Sol', 'Caitlyn', 'Seraphine']",[],[],1,leaguepedia_cargo_patch_range,0,scoreboard_players_corrected
Road Of Legends/2026 Season/Spring Playoffs_Round 1_1_1,2026-05-19 16:06:00,26.10,Road Of Legends 2026 Spring Playoffs,Dynasty,Frites Esports Club,Frites Esports Club,"['Bard', 'Naafiri', 'Karma', 'LeBlanc', 'Ambessa']","['Yasuo', 'Sion', 'Orianna', 'Rumble', 'Renekton']","['Ornn', 'Pantheon', 'Taliyah', 'Jhin', 'Rell']","['Vayne', 'Jarvan IV', 'Aurora', ""Kai'Sa"", 'Nautilus']",[],[],0,leaguepedia_cargo_patch_range,1,scoreboard_players_corrected
Arabian League/2026 Season/Spring Playoffs_Round 2_1_1,2026-05-19 16:13:00,26.09,Arabian League 2026 Spring Playoffs,Baam Esports,Anubis Gaming,Anubis Gaming,"['Nautilus', 'Jarvan IV', 'Varus', 'Gnar', 'Vayne']","['Nocturne', 'Sion', 'Galio', 'Akali', 'Ahri']","[""K'Sante"", 'Xin Zhao', 'LeBlanc', 'Sivir', 'Karma']","['Twisted Fate', 'Pantheon', 'Orianna', 'Ezreal', 'Bard']",[],[],0,leaguepedia_cargo_patch_range,1,scoreboard_players_corrected
Hellenic Legends League/2026 Season/Summer Promotion_Promotion_1_4,2026-05-19 16:13:00,26.09,HLL 2026 Summer Promotion,Zerolag Esports,The ParadOx,Zerolag Esports,"['Neeko', 'Aphelios', 'Nautilus', 'Dr. Mundo', 'Poppy']","['Nocturne', 'Ezreal', 'Ashe', 'Smolder', 'Xayah']","['Ambessa', 'Jarvan IV', 'Galio', 'Jinx', 'Rakan']","['Malphite', 'Zaahen', 'Orianna', 'Zeri', 'Leona']",[],[],1,leaguepedia_cargo_patch_range,0,scoreboard_players_corrected
Rift Legends/2026 Season/Spring Split_Week 6_1_2,2026-05-19 16:19:00,26.10,Rift Legends 2026 Spring,Barcząca Esports,Forsaken (Polish Team),Barcząca Esports,"['Nautilus', 'Varus', 'Bard', 'Nami']","['Karma', 'Orianna', 'Ashe', 'Caitlyn', 'Jhin']","['Rumble', 'Nocturne', 'Cassiopeia', ""Kai'Sa"", 'Neeko']","['Ornn', 'Pantheon', 'Aurora', 'Ezreal', 'Yuumi']",[],[],1,leaguepedia_cargo_patch_range,0,scoreboard_players_corrected
Streamers Clash/Season 4_Day 2_2_1,2026-05-19 16:48:00,26.10,Streamers Clash Season 4,STOPERCENTNÁ KAMILOVA TUTOFKA,VEDICI DEEMONS,VEDICI DEEMONS,"['Orianna', 'Amumu', 'Smolder', 'Malphite', 'Seraphine']","['Yuumi', 'Gwen', 'Olaf', 'Yone', 'Vayne']","['Ambessa', 'Jarvan IV', 'Galio', 'Ashe', 'Maokai']","['Skarner', 'Sylas', 'Kayle', 'Corki', 'Nautilus']",[],[],0,leaguepedia_cargo_patch_range,1,scoreboard_players_corrected
TCL/2026 Season/Spring Playoffs_Round 1_1_3,2026-05-19 16:50:00,26.10,TCL 2026 Spring Playoffs,BoostGate Esports,SU Esports,SU Esports,"['Syndra', 'Orianna', 'Lulu', 'Sivir', 'Tristana']","['Nocturne', 'Varus', 'Ezreal', 'Nami', 'Karma']","['Renekton', 'Jax', 'Ahri', ""Kai'Sa"", 'Nautilus']","['Gnar', 'Xin Zhao', 'Viktor', 'Kalista', 'Renata Glasc']",[],[],0,leaguepedia_cargo_patch_range,1,scoreboard_players_corrected
Road Of Legends/2026 Season/Spring Playoffs_Round 1_1_2,2026-05-19 16:54:00,26.10,Road Of Legends 2026 Spring Playoffs,Frites Esports Club,Dynasty,Frites Esports Club,"['Yasuo', 'Sion', 'Naafiri', 'Swain', 'Leona']","['Orianna', 'Ezreal', 'Bard', 'Seraphine', 'Braum']","[""K'Sante"", 'Xin Zhao', 'Anivia', 'Ashe', 'Rakan']","['Rumble', 'Vi', 'Zed', 'Varus', 'Karma']",[],[],1,leaguepedia_cargo_patch_range,0,scoreboard_players_corrected
Hellenic Legends League/2026 Season/Summer Promotion_Promotion_1_5,2026-05-19 17:05:00,26.09,HLL 2026 Summer Promotion,The ParadOx,Zerolag Esports,The ParadOx,"['Nocturne', 'Ashe', 'Xerath', 'Naafiri', 'Smolder']","['Neeko', 'Ezreal', 'Aphelios', 'LeBlanc', 'Kassadin']","['Gragas', 'Dr. Mundo', 'Syndra', 'Tristana', 'Lulu']","['Renekton', 'Olaf', 'Lux', 'Ziggs', 'Nautilus']",[],[],1,leaguepedia_cargo_patch_range,0,scoreboard_players_corrected
Arabian League/2026 Season/Spring Playoffs_Round 2_1_2,2026-05-19 17:07:00,26.09,Arabian League 2026 Spring Playoffs,Anubis Gaming,Baam Esports,Anubis Gaming,"['Nautilus', 'Nocturne', 'Sion', 'Vi', 'Malphite']","['Skarner', 'Caitlyn', 'Neeko', 'Galio', 'Ryze']","['Jayce', 'Jarvan IV', 'Aurora', 'Ashe', 'Seraphine']","['Anivia', 'Wukong', 'Akali', 'Lucian', 'Milio']",[],[],1,leaguepedia_cargo_patch_range,0,scoreboard_players_corrected
Rift Legends/2026 Season/Spring Split_Week 6_2_1,2026-05-19 17:20:00,26.10,Rift Legends 2026 Spring,DOCISK,devils.one inStreamly,DOCISK,"['Olaf', 'Seraphine', 'Pantheon', 'Galio', 'Ryze']","['Naafiri', 'Lucian', 'Karma', 'Nautilus', 'Rakan']","['Kled', 'Wukong', 'Orianna', 'Yunara', 'Lulu']","[""K'Sante"", 'Jarvan IV', 'Ahri', 'Ezreal', 'Nami']",[],[],1,leaguepedia_cargo_patch_range,0,scoreboard_players_corrected
TCL/2026 Season/Spring Playoffs_Round 1_1_4,2026-05-19 17:36:00,26.10,TCL 2026 Spring Playoffs,SU Esports,BoostGate Esports,SU Esports,"['Ezreal', 'Varus', 'Hwei', 'Jayce', 'Akali']","['Syndra', 'Orianna', 'Karma', 'LeBlanc', 'Twisted Fate']","[""K'Sante"", 'Nocturne', 'Azir', 'Zeri', 'Yuumi']","['Gwen', 'Skarner', 'Zed', 'Yunara', 'Lulu']",[],[],1,leaguepedia_cargo_patch_range,0,scoreboard_players_corrected
Streamers Clash/Season 4_Day 2_3_1,2026-05-19 17:47:00,26.10,Streamers Clash Season 4,TYBLÁHO MEWING SOCIETY,SPAJKOVI UKRADLI SUPERSTRIKE,TYBLÁHO MEWING SOCIETY,"['Malphite', 'Udyr', 'Tryndamere', 'Vayne', 'Jax']","['Yuumi', 'Seraphine', 'Brand', 'Ahri', 'Mel']","['Irelia', 'Skarner', 'Veigar', 'Malzahar', 'Braum']","['Rumble', 'Naafiri', 'Galio', 'Miss Fortune', 'Maokai']",[],[],1,leaguepedia_cargo_patch_range,0,scoreboard_players_corrected
Road Of Legends/2026 Season/Spring Playoffs_Round 1_2_1,2026-05-19 17:54:00,26.10,Road Of Legends 2026 Spring Playoffs,Senshi eSports (Benelux Team),The Bandits,The Bandits,"['Dr. Mundo', 'Aurelion Sol', 'Nautilus', 'Varus', 'Vayne']","['Karma', 'Orianna', 'Jarvan IV', 'Aatrox', 'LeBlanc']","['Renekton', 'Pantheon', 'Syndra', 'Lucian', 'Milio']","['Ornn', 'Wukong', 'Cassiopeia', 'Yunara', 'Rakan']",[],[],0,leaguepedia_cargo_patch_range,1,scoreboard_players_corrected
Arabian League/2026 Season/Spring Playoffs_Round 2_1_3,2026-05-19 17:55:00,26.09,Arabian League 2026 Spring Playoffs,Anubis Gaming,Baam Esports,Anubis Gaming,"['Nautilus', 'Nocturne', 'Sion', 'Poppy', 'Malphite']","['Neeko', 'Vi', 'Varus', 'Nami', 'Rell']","['Vayne', 'Naafiri', 'Ryze', 'Caitlyn', 'Alistar']","['Yorick', 'Aatrox', 'Cassiopeia', 'Jhin', 'Rakan']",[],[],1,leaguepedia_cargo_patch_range,0,scoreboard_players_corrected
Rift Legends/2026 Season/Spring Split_Week 6_2_2,2026-05-19 18:25:00,26.10,Rift Legends 2026 Spring,DOCISK,devils.one inStreamly,devils.one inStreamly,"['Olaf', 'Seraphine', 'Pantheon', 'Varus', 'Jhin']","['Naafiri', 'Lucian', 'Karma', 'Nocturne', 'Xin Zhao']","['Sion', ""Kha'Zix"", 'Aurora', 'Caitlyn', 'Bard']","['Shyvana', 'Lee Sin', 'Ryze', 'Miss Fortune', 'Nautilus']",[],[],0,leaguepedia_cargo_patch_range,1,scoreboard_players_corrected
Road Of Legends/2026 Season/Spring Playoffs_Round 1_2_2,2026-05-19 18:43:00,26.10,Road Of Legends 2026 Spring Playoffs,The Bandits,Senshi eSports (Benelux Team),The Bandits,"['Rumble', 'Orianna', 'Nautilus', 'Aatrox', ""K'Sante""]","['Dr. Mundo', 'Aurelion Sol', 'Jax', 'Anivia', 'Zaahen']","['Sion', 'Urgot', 'Viktor', 'Vayne', 'Karma']","['Mordekaiser', 'Xin Zhao', 'Ryze', 'Ezreal', 'Bard']",[],[],1,leaguepedia_cargo_patch_range,0,scoreboard_players_corrected
Rift Legends/2026 Season/Spring Split_Week 6_2_3,2026-05-19 19:19:00,26.10,Rift Legends 2026 Spring,devils.one inStreamly,DOCISK,DOCISK,"['Naafiri', 'Lucian', 'Akali', 'Viktor', 'Sylas']","['Olaf', 'Seraphine', 'Karma', 'Taliyah', 'Rell']","['Renekton', 'Nocturne', 'Annie', 'Varus', 'Soraka']","['Gnar', 'Xin Zhao', 'Zoe', 'Ashe', 'Neeko']",[],[],0,leaguepedia_cargo_patch_range,1,scoreboard_players_corrected
Circuito Desafiante/2026 Season/Split 1 Playoffs_Round 2_4_1,2026-05-19 20:04:00,26.10,CD 2026 Split 1 Playoffs,paiN Gaming Academy,INTZ,paiN Gaming Academy,"['Varus', 'Pantheon', 'Akali', 'Aatrox', 'Jarvan IV']","['Ryze', 'Nocturne', 'Orianna', 'Naafiri', 'Lee Sin']","['Rumble', 'Trundle', 'Annie', 'Caitlyn', 'Karma']","['Ambessa', 'Xin Zhao', 'Viktor', 'Ezreal', 'Bard']",[],[],1,leaguepedia_cargo_patch_range,0,scoreboard_players_corrected
Liga Regional Sur/2026 Season/Split 1 Playoffs_Round 2_1_1,2026-05-19 20:09:00,26.10,LRS 2026 Split 1 Playoffs,Malvinas Gaming,9z Globant,9z Globant,"['Jarvan IV', 'Nocturne', 'Ashe', 'Gwen', 'Yorick']","['Varus', 'Pantheon', 'Caitlyn', 'Vi', 'Sion']","['Jayce', 'Xin Zhao', 'Cassiopeia', 'Sivir', 'Karma']","['Ornn', 'Wukong', 'Ryze', 'Ezreal', 'Bard']",[],[],0,leaguepedia_cargo_patch_range,1,scoreboard_players_corrected
Circuito Desafiante/2026 Season/Split 1 Playoffs_Round 2_4_2,2026-05-19 21:02:00,26.10,CD 2026 Split 1 Playoffs,paiN Gaming Academy,INTZ,paiN Gaming Academy,"['Ryze', 'Nocturne', 'Varus', 'LeBlanc', 'Yorick']","['Pantheon', 'Orianna', 'Lucian', 'Vi', 'Aatrox']","['Sion', 'Jarvan IV', 'Cassiopeia', 'Ashe', 'Seraphine']","['Jayce', 'Naafiri', 'Aurora', 'Jhin', 'Neeko']",[],[],1,leaguepedia_cargo_patch_range,0,scoreboard_players_corrected
Liga Regional Sur/2026 Season/Split 1 Playoffs_Round 2_1_2,2026-05-19 21:13:00,26.10,LRS 2026 Split 1 Playoffs,Malvinas Gaming,9z Globant,9z Globant,"['Pantheon', 'Lulu', 'Jarvan IV', 'Nautilus', 'Gwen']","['Nocturne', 'Ashe', 'Varus', 'Aatrox', 'Skarner']","['Shen', 'Naafiri', 'Akali', 'Caitlyn', 'Neeko']","['Sion', 'Vi', 'Orianna', 'Jhin', 'Alistar']",[],[],0,leaguepedia_cargo_patch_range,1,scoreboard_players_corrected
Circuito Desafiante/2026 Season/Split 1 Playoffs_Round 2_4_3,2026-05-19 21:51:00,26.10,CD 2026 Split 1 Playoffs,paiN Gaming Academy,INTZ,INTZ,"['Ryze', 'Varus', 'Lee Sin', 'Wukong', 'Yorick']","['Pantheon', 'Orianna', 'Lucian', 'LeBlanc', 'Akali']","[""K'Sante"", 'Vi', 'Ahri', 'Yunara', 'Lulu']","['Anivia', 'Nocturne', 'Twisted Fate', 'Corki', 'Nami']",[],[],0,leaguepedia_cargo_patch_range,1,scoreboard_players_corrected
Liga Regional Sur/2026 Season/Split 1 Playoffs_Round 2_1_3,2026-05-19 22:09:00,26.10,LRS 2026 Split 1 Playoffs,Malvinas Gaming,9z Globant,9z Globant,"['Jarvan IV', 'Nocturne', 'Lucian', 'Tristana', 'Ahri']","['Varus', 'Pantheon', 'Seraphine', ""K'Sante"", 'Aatrox']","['Rumble', 'Skarner', 'Viktor', 'Yunara', 'Nautilus']","['Vayne', 'Shyvana', 'Aurora', 'Ashe', 'Lulu']",[],[],0,leaguepedia_cargo_patch_range,1,scoreboard_players_corrected
Circuito Desafiante/2026 Season/Split 1 Playoffs_Round 2_4_4,2026-05-19 22:44:00,26.10,CD 2026 Split 1 Playoffs,INTZ,paiN Gaming Academy,INTZ,"['Pantheon', 'Akali', 'Nautilus', 'Xayah', 'Kalista']","['Varus', 'Lucian', 'Lee Sin', 'Tristana', 'Rell']","['Vayne', 'Aatrox', 'Ryze', 'Sivir', 'Leona']","['Gnar', 'Zaahen', 'Orianna', 'Jinx', 'Yuumi']",[],[],1,leaguepedia_cargo_patch_range,0,scoreboard_players_corrected
Circuito Desafiante/2026 Season/Split 1 Playoffs_Round 2_4_5,2026-05-19 23:32:00,26.10,CD 2026 Split 1 Playoffs,INTZ,paiN Gaming Academy,paiN Gaming Academy,"['Lee Sin', 'LeBlanc', 'Varus', 'Akali', 'Jax']","['Pantheon', 'Lucian', 'Kalista', 'Azir', 'Taliyah']","['Gwen', 'Dr. Mundo', 'Hwei', 'Miss Fortune', 'Nautilus']","['Kennen', 'Nasus', 'Syndra', 'Xayah', 'Rakan']",[],[],0,leaguepedia_cargo_patch_range,1,scoreboard_players_corrected
LCK/2026 Season/Rounds 1-2_Week 8_1_1,2026-05-20 08:05:00,26.10,LCK 2026 Rounds 1-2,T1,Kiwoom DRX,T1,"['Bard', 'Karma', 'Ashe', 'Nocturne', 'Xin Zhao']","['Orianna', 'Cassiopeia', 'Varus', 'Caitlyn', 'Corki']","[""K'Sante"", 'Wukong', 'Anivia', 'Lucian', 'Milio']","['Rumble', 'Vi', 'Ryze', 'Yunara', 'Nautilus']",[],[],1,leaguepedia_cargo_patch_range,0,scoreboard_players_corrected
LCK/2026 Season/Rounds 1-2_Week 8_1_2,2026-05-20 08:54:00,26.10,LCK 2026 Rounds 1-2,T1,Kiwoom DRX,Kiwoom DRX,"['Bard', 'Caitlyn', 'Ashe', 'Galio', 'Neeko']","['Orianna', 'Cassiopeia', 'Jarvan IV', 'Sivir', 'Yorick']","['Varus', 'Skarner', 'Viktor', 'Ezreal', 'Tahm Kench']","['Jax', 'Lee Sin', 'Annie', 'Miss Fortune', 'Karma']",[],[],0,leaguepedia_cargo_patch_range,1,scoreboard_players_corrected
Esports World Cup 2026/Online Qualifiers/Asia-Pacific_Finals_1_1,2026-05-20 09:06:00,26.10,Esports World Cup 2026 Online Qualifier: Asia-Pacific,Team Secret (Vietnamese Team),GAM Esports,Team Secret (Vietnamese Team),"['Orianna', 'Nautilus', 'Ezreal', 'Karma', 'Ashe']","['Varus', 'Rumble', 'Nocturne', 'Bard', 'Caitlyn']","['Sion', 'Jarvan IV', 'Cassiopeia', 'Lucian', 'Milio']","['Jayce', 'Lee Sin', 'Ryze', 'Yunara', 'Lulu']",[],[],1,leaguepedia_cargo_patch_range,0,scoreboard_players_corrected
LCK/2026 Season/Rounds 1-2_Week 8_1_3,2026-05-20 09:47:00,26.10,LCK 2026 Rounds 1-2,Kiwoom DRX,T1,T1,"['Sion', 'Jarvan IV', 'Nocturne', 'Sivir', 'Jhin']","['Bard', 'Ashe', 'Caitlyn', 'Corki', 'Zeri']","['Yorick', 'Xin Zhao', 'Cassiopeia', 'Kalista', 'Leona']","['Jayce', 'Trundle', 'Orianna', 'Ziggs', 'Pyke']",[],[],0,leaguepedia_cargo_patch_range,1,scoreboard_players_corrected
Esports World Cup 2026/Online Qualifiers/Asia-Pacific_Finals_1_2,2026-05-20 10:01:00,26.10,Esports World Cup 2026 Online Qualifier: Asia-Pacific,Team Secret (Vietnamese Team),GAM Esports,Team Secret (Vietnamese Team),"['Nocturne', 'Ambessa', 'Ezreal', 'Twisted Fate', 'Gnar']","['Varus', 'Nautilus', 'Rumble', 'Jax', 'Malphite']","['Shen', 'Xin Zhao', 'Aurora', 'Sivir', 'Karma']","['Renekton', 'Pantheon', 'Orianna', 'Jhin', 'Bard']",[],[],1,leaguepedia_cargo_patch_range,0,scoreboard_players_corrected
VCS/2026 Season/Summer Season_Week 2_1_1,2026-05-20 10:07:00,26.09,VCS 2026 Summer,ZEN Esports (Vietnamese Team),MVK Esports Academy,ZEN Esports (Vietnamese Team),"['Varus', 'Rumble', 'Naafiri', 'Nautilus', 'Neeko']","['Orianna', 'Karma', 'Jarvan IV', 'Jhin', 'Ezreal']","[""K'Sante"", 'Xin Zhao', 'Viktor', 'Corki', 'Bard']","['Jayce', 'Nocturne', 'Cassiopeia', 'Lucian', 'Milio']",[],[],1,leaguepedia_cargo_patch_range,0,scoreboard_players_corrected
Esports World Cup 2026/Online Qualifiers/Asia-Pacific_Finals_1_3,2026-05-20 10:53:00,26.10,Esports World Cup 2026 Online Qualifier: Asia-Pacific,Team Secret (Vietnamese Team),GAM Esports,GAM Esports,"['Nautilus', 'Vi', 'Jax', 'Sylas', 'Ahri']","['Nocturne', 'Varus', 'Rumble', 'Wukong', 'Trundle']","['Maokai', 'Naafiri', 'Twisted Fate', 'Miss Fortune', 'Camille']","['Gnar', 'Viego', 'Annie', 'Ezreal', 'Pyke']",[],[],0,leaguepedia_cargo_patch_range,1,scoreboard_players_corrected
VCS/2026 Season/Summer Season_Week 2_1_2,2026-05-20 10:56:00,26.09,VCS 2026 Summer,MVK Esports Academy,ZEN Esports (Vietnamese Team),ZEN Esports (Vietnamese Team),"['Ezreal', 'Varus', 'Ryze', 'Braum', 'Seraphine']","['Orianna', 'Rumble', 'Karma', 'Pyke', 'Neeko']","['Sion', 'Jarvan IV', 'Aurora', 'Miss Fortune', 'Sett']","['Gwen', 'Lee Sin', 'Annie', 'Yunara', 'Nautilus']",[],[],0,leaguepedia_cargo_patch_range,1,scoreboard_players_corrected
LCK/2026 Season/Rounds 1-2_Week 8_2_1,2026-05-20 11:01:00,26.10,LCK 2026 Rounds 1-2,Nongshim RedForce,KT Rolster,Nongshim RedForce,"['Varus', 'Jarvan IV', 'Karma', 'Vi', 'Gnar']","['Orianna', 'Cassiopeia', 'Rumble', 'Wukong', 'Pantheon']","[""K'Sante"", 'Lee Sin', 'Ryze', 'Ezreal', 'Nami']","['Sion', 'Naafiri', 'Annie', 'Lucian', 'Milio']",[],[],1,leaguepedia_cargo_patch_range,0,scoreboard_players_corrected
LCK/2026 Season/Rounds 1-2_Week 8_2_2,2026-05-20 11:45:00,26.10,LCK 2026 Rounds 1-2,KT Rolster,Nongshim RedForce,KT Rolster,"['Varus', 'Caitlyn', 'Ashe', 'Twisted Fate', 'Azir']","['Orianna', 'Cassiopeia', 'Rumble', 'Jayce', 'Zaahen']","['Gnar', 'Jarvan IV', 'Aurora', 'Miss Fortune', 'Nautilus']","['Renekton', 'Xin Zhao', 'Viktor', 'Yunara', 'Lulu']",[],[],1,leaguepedia_cargo_patch_range,0,scoreboard_players_corrected
Esports World Cup 2026/Online Qualifiers/Asia-Pacific_Finals_1_4,2026-05-20 11:47:00,26.10,Esports World Cup 2026 Online Qualifier: Asia-Pacific,Team Secret (Vietnamese Team),GAM Esports,Team Secret (Vietnamese Team),"['Nocturne', 'Ambessa', 'Wukong', 'Aatrox', ""Kha'Zix""]","['Vi', 'Nautilus', 'Ziggs', 'Renata Glasc', 'Seraphine']","['Ornn', 'Trundle', 'Ahri', 'Varus', 'LeBlanc']","['Rumble', 'Kindred', 'Sylas', ""Kai'Sa"", 'Neeko']",[],[],1,leaguepedia_cargo_patch_range,0,scoreboard_players_corrected
VCS/2026 Season/Summer Season_Week 2_2_1,2026-05-20 12:03:00,26.09,VCS 2026 Summer,Saigon Warriors,9Gaming,Saigon Warriors,"['Varus', 'Nocturne', 'Jarvan IV', 'Xin Zhao', 'Akali']","['Orianna', 'Karma', 'Pantheon', 'Ezreal', 'Ahri']","['Rumble', 'Vi', 'Cassiopeia', 'Jhin', 'Bard']","[""K'Sante"", 'Skarner', 'Annie', 'Ashe', 'Seraphine']",[],[],1,leaguepedia_cargo_patch_range,0,scoreboard_players_corrected
LCK/2026 Season/Rounds 1-2_Week 8_2_3,2026-05-20 12:36:00,26.10,LCK 2026 Rounds 1-2,KT Rolster,Nongshim RedForce,KT Rolster,"['Varus', 'Ashe', 'Nocturne', 'Ahri', 'Jax']","['Orianna', 'Cassiopeia', 'Rumble', 'Wukong', 'Jayce']","['Zaahen', 'Pantheon', 'Taliyah', 'Sivir', 'Karma']","['Yorick', 'Skarner', 'Twisted Fate', 'Caitlyn', 'Bard']",[],[],1,leaguepedia_cargo_patch_range,0,scoreboard_players_corrected
VCS/2026 Season/Summer Season_Week 2_2_2,2026-05-20 12:43:00,26.09,VCS 2026 Summer,Saigon Warriors,9Gaming,Saigon Warriors,"['Varus', 'Nocturne', 'Caitlyn', 'Akali', 'Gwen']","['Orianna', 'Karma', 'Pantheon', 'Ryze', 'Ahri']","['Sion', 'Jarvan IV', 'Azir', 'Lucian', 'Milio']","['Camille', 'Xin Zhao', 'Galio', 'Ezreal', 'Nautilus']",[],[],1,leaguepedia_cargo_patch_range,0,scoreboard_players_corrected
TCL/2026 Season/Spring Playoffs_Round 1_2_1,2026-05-20 15:01:00,26.10,TCL 2026 Spring Playoffs,Bushido Wildcats,PCIFIC Esports,Bushido Wildcats,"['Anivia', 'Ryze', 'Ezreal', 'Aurora', 'Akali']","['Orianna', 'Pantheon', 'Nocturne', 'Braum', 'Sivir']","['Sion', 'Xin Zhao', 'Ahri', ""Kai'Sa"", 'Rell']","['Gwen', 'Jarvan IV', 'Viktor', 'Varus', 'Nautilus']",[],[],1,leaguepedia_cargo_patch_range,0,scoreboard_players_corrected
Prime League 1st Division/2026 Season/Spring Playoffs_Quarterfinals_1_1,2026-05-20 15:10:00,26.10,PRM 1st Division 2026 Spring Playoffs,E WIE EINFACH E-SPORTS,TeamOrangeGaming,E WIE EINFACH E-SPORTS,"['Nautilus', 'Skarner', 'Pyke', 'Karma', 'Bard']","['Orianna', 'Ryze', 'Viego', 'Rumble', 'Kennen']","['Poppy', 'Xin Zhao', 'Viktor', 'Ashe', 'Seraphine']","['Gnar', 'Wukong', 'Ezreal', 'Mel', 'Nami']",[],[],1,leaguepedia_cargo_patch_range,0,scoreboard_players_corrected
Rift Legends/2026 Season/Spring Split_Week 6_3_1,2026-05-20 15:17:00,26.10,Rift Legends 2026 Spring,GLORE,LODIS (Polish Team),LODIS (Polish Team),"['Ezreal', 'Naafiri', 'Viktor', 'Sion', 'Irelia']","['Jarvan IV', 'Smolder', 'Orianna', 'Ornn', 'Wukong']","['Anivia', 'Pantheon', 'Annie', 'Ashe', 'Seraphine']","['Diana', 'Qiyana', 'Mel', 'Lucian', 'Milio']",[],[],0,leaguepedia_cargo_patch_range,1,scoreboard_players_corrected
LES/2026 Season/Spring Split_Week 7_1_1,2026-05-20 15:22:00,26.10,LES 2026 Spring,LUA Gaming,UB Alma Mater,LUA Gaming,"[""K'Sante"", 'Nautilus', 'Hwei']","['Karma', 'Ornn', 'Sion']","['Rumble', 'Pantheon', 'Syndra', 'Lucian', 'Milio']","['Renekton', 'Wukong', 'Ryze', 'Ezreal', 'Rell']",[],[],1,leaguepedia_cargo_patch_range,0,scoreboard_players_corrected
TCL/2026 Season/Spring Playoffs_Round 1_2_2,2026-05-20 16:01:00,26.10,TCL 2026 Spring Playoffs,Bushido Wildcats,PCIFIC Esports,PCIFIC Esports,"['Anivia', 'Ryze', 'Aurora', 'Wukong', 'Gnar']","['Orianna', 'Pantheon', 'Rumble', 'Vex', 'Lissandra']","['Renekton', 'Vi', 'Annie', 'Lucian', 'Milio']","['Jayce', 'Naafiri', 'LeBlanc', 'Ezreal', 'Karma']",[],[],0,leaguepedia_cargo_patch_range,1,scoreboard_players_corrected
Streamers Clash/Season 4_Day 3_1_1,2026-05-20 16:06:00,26.10,Streamers Clash Season 4,SPAJKOVI UKRADLI SUPERSTRIKE,SILNĚJŠÍ SE XNAPYM,SILNĚJŠÍ SE XNAPYM,"['Malphite', 'Skarner', 'Akali', 'Zoe', 'Orianna']","['Seraphine', 'Udyr', 'Yuumi', 'Yone', 'Vayne']","['Mordekaiser', 'Gwen', 'Ezreal', 'Mel', 'Maokai']","['Ornn', ""Bel'Veth"", 'Cassiopeia', 'Miss Fortune', 'Amumu']",[],[],0,leaguepedia_cargo_patch_range,1,scoreboard_players_corrected
Prime League 1st Division/2026 Season/Spring Playoffs_Quarterfinals_1_2,2026-05-20 16:07:00,26.10,PRM 1st Division 2026 Spring Playoffs,E WIE EINFACH E-SPORTS,TeamOrangeGaming,TeamOrangeGaming,"['Skarner', 'Yunara', 'Vi', 'Jayce', 'Rumble']","['Orianna', 'Ryze', 'Viego', 'Sion', 'Aurora']","['Renekton', 'Jarvan IV', 'Ahri', 'Ziggs', 'Nautilus']","['Vayne', 'Nocturne', 'LeBlanc', 'Sivir', 'Pyke']",[],[],0,leaguepedia_cargo_patch_range,1,scoreboard_players_corrected
Esports Balkan League/2026 Season/Spring Playoffs_Round 2_3_1,2026-05-20 16:09:00,26.10,EBL 2026 Spring Playoffs,TQ DURPA KASHLQ,The Secret Club,The Secret Club,"['Rumble', 'Akali', 'Ambessa', 'Jax', ""K'Sante""]","['Orianna', 'Olaf', 'Naafiri', 'Viktor', 'Syndra']","['Varus', 'Zaahen', 'Hwei', 'Ashe', 'Karma']","['Gnar', 'Jayce', 'LeBlanc', 'Seraphine', 'Nautilus']",[],[],0,leaguepedia_cargo_patch_range,1,scoreboard_players_corrected
LES/2026 Season/Spring Split_Week 7_1_2,2026-05-20 16:11:00,26.10,LES 2026 Spring,LUA Gaming,UB Alma Mater,LUA Gaming,"['Pyke', 'Seraphine', ""K'Sante"", 'Braum', 'Lulu']","['Orianna', 'Viktor', 'Karma', 'Caitlyn', 'Annie']","['Varus', 'Xin Zhao', 'Ahri', 'Kalista', 'Nautilus']","['Ambessa', 'Jarvan IV', 'Taliyah', 'Zeri', 'Neeko']",[],[],1,leaguepedia_cargo_patch_range,0,scoreboard_players_corrected
Rift Legends/2026 Season/Spring Split_Week 6_3_2,2026-05-20 16:11:00,26.10,Rift Legends 2026 Spring,LODIS (Polish Team),GLORE,LODIS (Polish Team),"['Jarvan IV', 'Caitlyn', 'Azir', 'Malphite', 'Jax']","['Orianna', 'Smolder', 'Naafiri', 'Nocturne', 'Vi']","['Xin Zhao', ""Kha'Zix"", 'Ryze', 'Yunara', 'Lulu']","['Fiora', 'Jayce', 'Cassiopeia', 'Ezreal', 'Bard']",[],[],1,leaguepedia_cargo_patch_range,0,scoreboard_players_corrected
LFL/2026 Season/Spring Playoffs_Round 2_1_1,2026-05-20 16:13:00,26.10,LFL 2026 Spring Playoffs,Karmine Corp Blue,TLN Pirates,Karmine Corp Blue,"['Ashe', 'Caitlyn', 'Xin Zhao', 'Ahri', 'Aurora']","['Orianna', 'Pantheon', 'Jarvan IV', 'Nocturne', 'Wukong']","['Renekton', ""Rek'Sai"", 'Anivia', 'Ezreal', 'Bard']","['Ornn', 'Vi', 'Ziggs', 'Yunara', 'Karma']",[],[],1,leaguepedia_cargo_patch_range,0,scoreboard_players_corrected
Arabian League/2026 Season/Spring Playoffs_Round 2_2_1,2026-05-20 16:14:00,26.09,Arabian League 2026 Spring Playoffs,Baam Esports,FN Esports,Baam Esports,"[""K'Sante"", 'Jarvan IV', 'Orianna', 'Galio', 'Neeko']","['Pantheon', 'Nocturne', 'Karma', 'Bard', 'Nautilus']","['Rumble', 'Vi', 'Akali', 'Ezreal', 'Pyke']","['Aurora', 'Xin Zhao', 'Ryze', 'Caitlyn', 'Nami']",[],[],1,leaguepedia_cargo_patch_range,0,scoreboard_players_corrected
Esports Balkan League/2026 Season/Spring Playoffs_Round 2_3_2,2026-05-20 16:52:00,26.10,EBL 2026 Spring Playoffs,The Secret Club,TQ DURPA KASHLQ,The Secret Club,"['Olaf', 'Naafiri', 'Wukong', 'Vayne', 'Gwen']","['Rumble', 'Ambessa', 'Orianna', 'Akali', ""K'Sante""]","['Sion', 'Xin Zhao', 'Ahri', 'Lucian', 'Milio']","['Yone', 'Volibear', 'Syndra', 'Ezreal', 'Bard']",[],[],1,leaguepedia_cargo_patch_range,0,scoreboard_players_corrected
TCL/2026 Season/Spring Playoffs_Round 1_2_3,2026-05-20 16:59:00,26.10,TCL 2026 Spring Playoffs,PCIFIC Esports,Bushido Wildcats,PCIFIC Esports,"['Pantheon', 'Mel', 'Nocturne', 'Jhin', 'Caitlyn']","['Orianna', 'Ashe', 'Anivia', 'Ornn', ""K'Sante""]","['Aurora', 'Wukong', 'Tristana', 'Xayah', 'Rakan']","['Rumble', 'Zaahen', 'Ryze', 'Smolder', 'Leona']",[],[],1,leaguepedia_cargo_patch_range,0,scoreboard_players_corrected
Prime League 1st Division/2026 Season/Spring Playoffs_Quarterfinals_1_3,2026-05-20 17:04:00,26.10,PRM 1st Division 2026 Spring Playoffs,E WIE EINFACH E-SPORTS,TeamOrangeGaming,E WIE EINFACH E-SPORTS,"['Skarner', 'Vi', 'Karma', 'Neeko', 'Lux']","['Orianna', 'Ryze', 'Rumble', 'Naafiri', 'Azir']","['Sion', 'Jayce', 'Syndra', 'Varus', 'Bard']","['Gwen', 'Trundle', 'Aurora', 'Caitlyn', 'Elise']",[],[],1,leaguepedia_cargo_patch_range,0,scoreboard_players_corrected
Streamers Clash/Season 4_Day 3_2_1,2026-05-20 17:06:00,26.10,Streamers Clash Season 4,TYBLÁHO MEWING SOCIETY,HERDYNŮV LANGUSTA TÝM,HERDYNŮV LANGUSTA TÝM,"['Viego', 'Malphite', 'Nasus', 'Syndra', 'Mordekaiser']","['Irelia', 'Vayne', 'Yuumi', 'Skarner', 'Olaf']","['Gwen', 'Shyvana', 'Veigar', 'Malzahar', 'Nautilus']","['Renekton', 'Zaahen', 'Viktor', 'Seraphine', 'Braum']",[],[],0,leaguepedia_cargo_patch_range,1,scoreboard_players_corrected
LES/2026 Season/Spring Split_Week 7_2_1,2026-05-20 17:07:00,26.10,LES 2026 Spring,Barça eSports,Team Heretics Academy,Team Heretics Academy,"['Anivia', 'Orianna', 'Karma', 'Shen', 'Akali']","['Nautilus', 'Rumble', 'Jarvan IV', 'Annie', 'Mel']","['Aurora', 'Pantheon', 'Lissandra', 'Ezreal', 'Nami']","['Gnar', 'Nocturne', 'LeBlanc', 'Caitlyn', 'Bard']",[],[],0,leaguepedia_cargo_patch_range,1,scoreboard_players_corrected
Benelux Ascend Series/2026 Season/Spring Playoffs_Round 1_1_1,2026-05-20 17:09:00,26.10,Benelux Ascend Series 2026 Spring Playoffs,SNOOZE Esports,RED OUAT,SNOOZE Esports,"['Ambessa', 'Jayce', 'Orianna', 'Lulu', 'Neeko']","['Graves', 'Karma', 'Aurora', 'Braum', 'Rakan']","['Rumble', 'Wukong', 'Ahri', 'Ezreal', 'Rell']","['Aatrox', 'Pantheon', 'Viktor', 'Yunara', 'Nautilus']",[],[],1,leaguepedia_cargo_patch_range,0,scoreboard_players_corrected
LFL/2026 Season/Spring Playoffs_Round 2_1_2,2026-05-20 17:12:00,26.10,LFL 2026 Spring Playoffs,TLN Pirates,Karmine Corp Blue,TLN Pirates,"['Nautilus', 'Varus', 'Ryze', 'Neeko', 'Rakan']","['Ashe', 'Caitlyn', 'Orianna', 'Sion', 'Mel']","['Yorick', 'Pantheon', 'Taliyah', 'Lucian', 'Milio']","['Ambessa', 'Nocturne', 'Ahri', ""Kai'Sa"", 'Rell']",[],[],1,leaguepedia_cargo_patch_range,0,scoreboard_players_corrected
Arabian League/2026 Season/Spring Playoffs_Round 2_2_2,2026-05-20 17:14:00,26.09,Arabian League 2026 Spring Playoffs,Baam Esports,FN Esports,FN Esports,"['Nautilus', 'Jayce', 'Orianna', 'Gnar', ""K'Sante""]","['Karma', 'Pantheon', 'Jarvan IV', 'LeBlanc', 'Viktor']","['Sion', 'Olaf', 'Galio', 'Lucian', 'Milio']","['Vayne', 'Wukong', 'Ahri', 'Ashe', 'Lulu']",[],[],0,leaguepedia_cargo_patch_range,1,scoreboard_players_corrected
Rift Legends/2026 Season/Spring Split_Week 6_4_1,2026-05-20 17:27:00,26.10,Rift Legends 2026 Spring,Bomba Team,Anonymo Esports,Bomba Team,"['Nautilus', 'Ashe', 'Neeko', 'Brand', 'Zyra']","['Aurora', 'Karma', 'Varus', 'Caitlyn', ""K'Sante""]","['Orianna', 'Pantheon', 'Yone', 'Corki', 'Bard']","['Rumble', 'Wukong', 'Yasuo', 'Ezreal', 'Rell']",[],[],1,leaguepedia_cargo_patch_range,0,scoreboard_players_corrected
LES/2026 Season/Spring Split_Week 7_2_2,2026-05-20 17:54:00,26.10,LES 2026 Spring,Barça eSports,Team Heretics Academy,Team Heretics Academy,"['Anivia', 'Karma', 'Seraphine', 'Braum', 'Kalista']","['Orianna', 'Vi', 'Jarvan IV', 'Lee Sin', 'Poppy']","['Rumble', 'Aatrox', 'Annie', 'Senna', 'Nautilus']","['Varus', 'Wukong', 'Cassiopeia', 'Miss Fortune', 'Rell']",[],[],0,leaguepedia_cargo_patch_range,1,scoreboard_players_corrected
Prime League 1st Division/2026 Season/Spring Playoffs_Quarterfinals_1_4,2026-05-20 17:58:00,26.10,PRM 1st Division 2026 Spring Playoffs,E WIE EINFACH E-SPORTS,TeamOrangeGaming,E WIE EINFACH E-SPORTS,"['Skarner', 'Yunara', 'Vi', 'Lulu', 'Neeko']","['Orianna', 'Ryze', 'Rumble', 'Dr. Mundo', 'Maokai']","['Shen', 'Naafiri', 'Azir', 'Lucian', 'Milio']","['Kennen', 'Sejuani', 'Yone', ""Kog'Maw"", 'Karma']",[],[],1,leaguepedia_cargo_patch_range,0,scoreboard_players_corrected
LFL/2026 Season/Spring Playoffs_Round 2_1_3,2026-05-20 18:03:00,26.10,LFL 2026 Spring Playoffs,TLN Pirates,Karmine Corp Blue,Karmine Corp Blue,"['Varus', 'Jarvan IV', 'Cassiopeia', 'Rakan', 'Nautilus']","['Ashe', 'Caitlyn', 'Lulu', 'Taric', 'Nami']","['Sion', 'Naafiri', 'Orianna', 'Xayah', 'Renata Glasc']","['Aatrox', 'Xin Zhao', 'Akali', 'Jhin', 'Alistar']",[],[],0,leaguepedia_cargo_patch_range,1,scoreboard_players_corrected
TCL/2026 Season/Spring Playoffs_Round 1_2_4,2026-05-20 18:05:00,26.10,TCL 2026 Spring Playoffs,PCIFIC Esports,Bushido Wildcats,Bushido Wildcats,"['Nocturne', 'Mel', 'Pantheon', 'Jhin', 'Sivir']","['Anivia', 'Orianna', 'Ashe', 'Aatrox', 'Dr. Mundo']","['Vayne', 'Skarner', 'Akali', 'Caitlyn', 'Neeko']","['Gnar', 'Lee Sin', 'Vex', 'Miss Fortune', 'Bard']",[],[],0,leaguepedia_cargo_patch_range,1,scoreboard_players_corrected
Arabian League/2026 Season/Spring Playoffs_Round 2_2_3,2026-05-20 18:06:00,26.09,Arabian League 2026 Spring Playoffs,FN Esports,Baam Esports,FN Esports,"['Pantheon', 'Nautilus', 'Nocturne', 'Aatrox', 'Ambessa']","['Orianna', 'Karma', 'Jarvan IV', 'Naafiri', 'Skarner']","['Gangplank', ""Kha'Zix"", 'Viktor', 'Varus', 'Seraphine']","['Yorick', 'Lee Sin', 'Cassiopeia', ""Kai'Sa"", 'Neeko']",[],[],1,leaguepedia_cargo_patch_range,0,scoreboard_players_corrected
Esports Balkan League/2026 Season/Spring Playoffs_Round 2_4_1,2026-05-20 18:06:00,26.10,EBL 2026 Spring Playoffs,Team Spawn Peek,Lenovo Legion Honvéd,Lenovo Legion Honvéd,"['Naafiri', 'Bard', 'Anivia', 'Nautilus', 'Leona']","['Orianna', 'Jayce', 'Seraphine', 'Smolder', 'Sivir']","['Rumble', 'Wukong', 'Annie', 'Yunara', 'Lulu']","['Sion', 'Xin Zhao', 'Galio', 'Ezreal', 'Karma']",[],[],0,leaguepedia_cargo_patch_range,1,scoreboard_players_corrected
Streamers Clash/Season 4_Day 3_3_1,2026-05-20 18:06:00,26.10,Streamers Clash Season 4,FREEZŮV WOLT DŮCHOĎÁK,STOPERCENTNÁ KAMILOVA TUTOFKA,FREEZŮV WOLT DŮCHOĎÁK,"['Yuumi', 'Gwen', 'Nasus', 'Trundle', 'Pantheon']","['Draven', 'Smolder', 'Tristana', 'Jarvan IV', 'Vayne']","['Malphite', 'Aatrox', 'Galio', 'Zeri', 'Amumu']","['Olaf', 'Mordekaiser', 'Sylas', 'Malzahar', 'Maokai']",[],[],1,leaguepedia_cargo_patch_range,0,scoreboard_players_corrected
Benelux Ascend Series/2026 Season/Spring Playoffs_Round 1_2_1,2026-05-20 18:08:00,26.10,Benelux Ascend Series 2026 Spring Playoffs,Mind Blue eSports,ZennIT Academy,Mind Blue eSports,"['Qiyana', 'Lulu', 'Seraphine', 'Sion', 'Azir']","['Orianna', 'Karma', 'Varus', 'Pyke', 'Nautilus']","['Gnar', 'Xin Zhao', 'Viktor', 'Ezreal', 'Elise']","['Malphite', 'Jarvan IV', 'Hwei', 'Caitlyn', 'Bard']",[],[],1,leaguepedia_cargo_patch_range,0,scoreboard_players_corrected
Benelux Ascend Series/2026 Season/Spring Playoffs_Round 1_1_2,2026-05-20 18:11:00,26.10,Benelux Ascend Series 2026 Spring Playoffs,RED OUAT,SNOOZE Esports,SNOOZE Esports,"['Graves', 'Karma', 'Aurora', 'Xayah', 'Sivir']","['Jayce', 'Seraphine', 'Orianna', 'Caitlyn', 'Neeko']","['Ambessa', 'Nocturne', 'Ryze', 'Varus', 'Yuumi']","['Renekton', 'Xin Zhao', 'Annie', 'Smolder', 'Lulu']",[],[],0,leaguepedia_cargo_patch_range,1,scoreboard_players_corrected
Rift Legends/2026 Season/Spring Split_Week 6_4_2,2026-05-20 18:28:00,26.10,Rift Legends 2026 Spring,Bomba Team,Anonymo Esports,Bomba Team,"['Nautilus', 'Ashe', 'Akali', 'Ahri']","['Aurora', 'Karma', 'Varus', 'Lulu', 'Lucian']","['Vayne', 'Jarvan IV', 'Anivia', 'Mel', 'Senna']","['Shyvana', 'Vi', 'Ryze', 'Caitlyn', 'Neeko']",[],[],1,leaguepedia_cargo_patch_range,0,scoreboard_players_corrected
Esports Balkan League/2026 Season/Spring Playoffs_Round 2_4_2,2026-05-20 18:50:00,26.10,EBL 2026 Spring Playoffs,Lenovo Legion Honvéd,Team Spawn Peek,Lenovo Legion Honvéd,"['Poppy', 'Orianna', 'Alistar', 'Vi', 'Skarner']","['Jarvan IV', 'Naafiri', 'Leona', 'Aurora', 'Gnar']","['Vayne', 'Pantheon', 'Zoe', 'Samira', 'Camille']","['Illaoi', 'Shaco', 'Akali', 'Ashe', 'Seraphine']",[],[],1,leaguepedia_cargo_patch_range,0,scoreboard_players_corrected
Benelux Ascend Series/2026 Season/Spring Playoffs_Round 1_2_2,2026-05-20 19:03:00,26.10,Benelux Ascend Series 2026 Spring Playoffs,Mind Blue eSports,ZennIT Academy,Mind Blue eSports,"['Qiyana', 'Smolder', 'Lulu', 'Azir', 'Ahri']","['Orianna', 'Varus', 'LeBlanc', 'Zoe', 'Cassiopeia']","[""K'Sante"", 'Kayn', 'Syndra', 'Yunara', 'Karma']","['Ambessa', 'Pantheon', 'Ryze', 'Ashe', 'Seraphine']",[],[],1,leaguepedia_cargo_patch_range,0,scoreboard_players_corrected
Arabian League/2026 Season/Spring Playoffs_Round 2_2_4,2026-05-20 19:05:00,26.09,Arabian League 2026 Spring Playoffs,FN Esports,Baam Esports,FN Esports,"['Nautilus', 'Pantheon', 'Nocturne', 'Bard', 'Leona']","['Orianna', 'Karma', 'Jarvan IV', 'Annie', 'Mel']","['Jayce', 'Zyra', 'Yone', 'Tristana', 'Rakan']","[""K'Sante"", 'Naafiri', 'LeBlanc', 'Yunara', 'Poppy']",[],[],1,leaguepedia_cargo_patch_range,0,scoreboard_players_corrected
Streamers Clash/Season 4_Day 3_4_1,2026-05-20 19:05:00,26.10,Streamers Clash Season 4,VEDICI DEEMONS,NATÁLKY IMAGINÁRNÍ KAMARÁDI,VEDICI DEEMONS,"['Vladimir', 'Ahri', 'Nasus', 'Brand', 'Miss Fortune']","['Malphite', 'Amumu', 'Maokai', 'Tristana', 'Smolder']","['Skarner', 'Zed', 'Orianna', ""Kai'Sa"", 'Leona']","['Camille', 'Xin Zhao', 'Syndra', 'Veigar', 'Nautilus']",[],[],1,leaguepedia_cargo_patch_range,0,scoreboard_players_corrected
LFL/2026 Season/Spring Playoffs_Round 2_2_1,2026-05-20 19:09:00,26.10,LFL 2026 Spring Playoffs,Galions,Solary,Solary,"['Nautilus', 'Jarvan IV', 'Bard', 'Vayne', 'Gwen']","['Orianna', 'Nocturne', 'Renekton', 'Anivia', 'Gnar']","['Sion', 'Wukong', 'Cassiopeia', 'Ezreal', 'Seraphine']","['Zaahen', 'Xin Zhao', 'Ryze', 'Ashe', 'Milio']",[],[],0,leaguepedia_cargo_patch_range,1,scoreboard_players_corrected
TCL/2026 Season/Spring Playoffs_Round 1_2_5,2026-05-20 19:17:00,26.10,TCL 2026 Spring Playoffs,PCIFIC Esports,Bushido Wildcats,PCIFIC Esports,"['Nocturne', 'Mel', 'Corki', 'Ornn', 'Volibear']","['Orianna', 'Anivia', 'Pantheon', ""K'Sante"", 'Kennen']","['Twisted Fate', 'Aatrox', 'Sylas', 'Ashe', 'Seraphine']","['Shen', 'Talon', 'Syndra', 'Yunara', 'Lulu']",[],[],1,leaguepedia_cargo_patch_range,0,scoreboard_players_corrected
Circuito Desafiante/2026 Season/Split 1 Playoffs_Round 4_1_1,2026-05-20 20:05:00,26.10,CD 2026 Split 1 Playoffs,Vivo Keyd Stars Academy,KaBuM! Ilha das Lendas,KaBuM! Ilha das Lendas,"['Ezreal', 'Karma', 'Pantheon', ""K'Sante"", 'Ornn']","['Nocturne', 'Orianna', 'Annie', 'Nautilus', 'Ahri']","['Rumble', 'Vi', 'Aurora', 'Varus', 'Bard']","['Sion', 'Jarvan IV', 'Ryze', 'Lucian', 'Milio']",[],[],0,leaguepedia_cargo_patch_range,1,scoreboard_players_corrected
LFL/2026 Season/Spring Playoffs_Round 2_2_2,2026-05-20 20:10:00,26.10,LFL 2026 Spring Playoffs,Solary,Galions,Solary,"['Nautilus', 'Varus', 'Nocturne', 'Vayne', 'Ornn']","['Orianna', 'Skarner', 'Caitlyn', 'Anivia', 'Annie']","['Rumble', 'Vi', 'Ahri', 'Lucian', 'Nami']","[""K'Sante"", 'Jarvan IV', 'Viktor', 'Yunara', 'Lulu']",[],[],1,leaguepedia_cargo_patch_range,0,scoreboard_players_corrected
North American Challengers League/2026 Season/Spring Playoffs_Round 1_1_1,2026-05-20 20:11:00,26.10,NACL 2026 Spring Playoffs,Winthrop University,CCG Esports,Winthrop University,"['Neeko', 'Nautilus', 'Bard', 'Gnar', 'Jayce']","['Karma', 'Lucian', 'Varus', 'Akali', 'Sion']","['Gwen', 'Nocturne', 'Orianna', 'Ezreal', 'Rakan']","[""K'Sante"", 'Jarvan IV', 'Galio', 'Corki', 'Nami']",[],[],1,leaguepedia_cargo_patch_range,0,scoreboard_players_corrected
Circuito Desafiante/2026 Season/Split 1 Playoffs_Round 4_1_2,2026-05-20 20:59:00,26.10,CD 2026 Split 1 Playoffs,KaBuM! Ilha das Lendas,Vivo Keyd Stars Academy,Vivo Keyd Stars Academy,"['Ezreal', 'Karma', 'Seraphine', 'Vayne', 'Renekton']","['Nocturne', 'Orianna', 'Annie', 'Jayce', 'Sylas']","['Olaf', 'Xin Zhao', 'Ahri', 'Jhin', 'Neeko']","['Gnar', 'Pantheon', 'Cassiopeia', 'Corki', 'Nami']",[],[],0,leaguepedia_cargo_patch_range,1,scoreboard_players_corrected
North American Challengers League/2026 Season/Spring Playoffs_Round 1_1_2,2026-05-20 21:21:00,26.10,NACL 2026 Spring Playoffs,CCG Esports,Winthrop University,CCG Esports,"['Neeko', 'Nautilus', 'Gnar', 'Jayce', 'Anivia']","['Karma', 'Lucian', 'Bard', 'Wukong', 'Naafiri']","['Sion', 'Ambessa', 'Cassiopeia', 'Varus', 'Leona']","['Zaahen', 'Xin Zhao', ""Kog'Maw"", 'Ashe', 'Seraphine']",[],[],1,leaguepedia_cargo_patch_range,0,scoreboard_players_corrected
Circuito Desafiante/2026 Season/Split 1 Playoffs_Round 4_1_3,2026-05-20 21:53:00,26.10,CD 2026 Split 1 Playoffs,Vivo Keyd Stars Academy,KaBuM! Ilha das Lendas,KaBuM! Ilha das Lendas,"['Annie', 'Nautilus', 'Wukong', 'Vayne', 'Jax']","['Ezreal', 'Karma', 'Orianna', 'Twisted Fate', 'Akali']","['Renekton', 'Trundle', 'Viktor', 'Ashe', 'Seraphine']","[""K'Sante"", 'Nocturne', 'Mel', 'Zeri', 'Yuumi']",[],[],0,leaguepedia_cargo_patch_range,1,scoreboard_players_corrected
North American Challengers League/2026 Season/Spring Playoffs_Round 1_1_3,2026-05-20 22:14:00,26.10,NACL 2026 Spring Playoffs,CCG Esports,Winthrop University,CCG Esports,"['Yorick', 'Malphite', 'Caitlyn', 'Ornn', 'Singed']","['Neeko', 'Bard', 'Lucian', 'Vayne', 'Jayce']","['Gragas', 'Nasus', 'Ryze', ""Kai'Sa"", 'Nautilus']","['Gnar', 'Wukong', 'Anivia', 'Sivir', 'Karma']",[],[],1,leaguepedia_cargo_patch_range,0,scoreboard_players_corrected
Circuito Desafiante/2026 Season/Split 1 Playoffs_Round 4_1_4,2026-05-20 22:44:00,26.10,CD 2026 Split 1 Playoffs,KaBuM! Ilha das Lendas,Vivo Keyd Stars Academy,Vivo Keyd Stars Academy,"['Ezreal', 'Karma', 'Caitlyn', 'Miss Fortune', 'Senna']","['Annie', 'Orianna', 'Skarner', 'Maokai', 'Twisted Fate']","['Yorick', 'Wukong', 'Akali', 'Smolder', 'Nautilus']","['Gwen', 'Jayce', 'Anivia', 'Yunara', 'Lulu']",[],[],0,leaguepedia_cargo_patch_range,1,scoreboard_players_corrected
North American Challengers League/2026 Season/Spring Playoffs_Round 1_2_1,2026-05-20 23:19:00,26.10,NACL 2026 Spring Playoffs,Conviction,Maryville University,Conviction,"['Nocturne', 'Rumble', 'Jarvan IV', 'Ambessa', 'Xin Zhao']","['Orianna', 'Vi', 'Anivia', 'Syndra', 'Viktor']","['Jayce', 'Pantheon', ""Kog'Maw"", 'Varus', 'Nautilus']","['Sion', 'Skarner', 'Cassiopeia', 'Ezreal', 'Karma']",[],[],1,leaguepedia_cargo_patch_range,0,scoreboard_players_corrected
Circuito Desafiante/2026 Season/Split 1 Playoffs_Round 4_1_5,2026-05-20 23:34:00,26.10,CD 2026 Split 1 Playoffs,KaBuM! Ilha das Lendas,Vivo Keyd Stars Academy,Vivo Keyd Stars Academy,"['Naafiri', 'Vayne', 'Lee Sin', ""Kog'Maw"", 'Sivir']","['Ezreal', 'Caitlyn', 'Kalista', 'Karma', 'Miss Fortune']","['Ambessa', ""Rek'Sai"", 'Orianna', 'Jinx', 'Thresh']","['Jax', 'Aatrox', 'Annie', 'Xayah', 'Rakan']",[],[],0,leaguepedia_cargo_patch_range,1,scoreboard_players_corrected
North American Challengers League/2026 Season/Spring Playoffs_Round 1_2_2,2026-05-21 00:34:00,26.10,NACL 2026 Spring Playoffs,Conviction,Maryville University,Maryville University,"['Anivia', 'Seraphine', 'Vi', ""K'Sante"", 'Gnar']","['Nocturne', 'Jarvan IV', 'Ryze', 'Rumble', 'Ambessa']","['Akali', 'Xin Zhao', 'Ahri', 'Lucian', 'Nami']","['Jax', 'Wukong', 'Orianna', 'Caitlyn', 'Neeko']",[],[],0,leaguepedia_cargo_patch_range,1,scoreboard_players_corrected
North American Challengers League/2026 Season/Spring Playoffs_Round 1_2_3,2026-05-21 01:26:00,26.10,NACL 2026 Spring Playoffs,Maryville University,Conviction,Conviction,"['Azir', 'Nocturne', 'Rumble', 'Dr. Mundo', 'Lee Sin']","['Vi', 'Jarvan IV', 'Anivia', 'Vayne', 'Gnar']","[""K'Sante"", 'Ambessa', 'Twisted Fate', 'Ashe', 'Seraphine']","['Renekton', 'Nidalee', 'Ryze', 'Jhin', 'Blitzcrank']",[],[],0,leaguepedia_cargo_patch_range,1,scoreboard_players_corrected
LCK CL/2026 Season/Rounds 1-2_Week 8_8_1,2026-05-21 05:07:00,26.10,LCK CL 2026 Rounds 1-2,Gen.G Global Academy,Nongshim Esports Academy,Nongshim Esports Academy,"['Karma', 'Varus', 'Rumble', 'Vayne', 'Sion']","['Lucian', 'Jarvan IV', 'Orianna', 'Akali', 'Anivia']","['Jayce', 'Nocturne', 'Syndra', 'Ezreal', 'Neeko']","[""K'Sante"", 'Skarner', 'Cassiopeia', 'Yunara', 'Lulu']",[],[],0,leaguepedia_cargo_patch_range,1,scoreboard_players_corrected
LCK CL/2026 Season/Rounds 1-2_Week 8_6_1,2026-05-21 05:08:00,26.10,LCK CL 2026 Rounds 1-2,Dplus Kia Challengers,Kiwoom DRX Challengers,Dplus Kia Challengers,"['Varus', 'Lucian', 'Orianna', 'Bard', 'Yuumi']","['Jarvan IV', 'Nocturne', 'Karma', 'Anivia', 'Cassiopeia']","[""K'Sante"", 'Lee Sin', 'Azir', 'Ashe', 'Seraphine']","['Rumble', 'Xin Zhao', 'Ryze', 'Caitlyn', 'Lux']",[],[],1,leaguepedia_cargo_patch_range,0,scoreboard_players_corrected
LCK CL/2026 Season/Rounds 1-2_Week 8_7_1,2026-05-21 05:08:00,26.10,LCK CL 2026 Rounds 1-2,DN SOOPers Challengers,Hanwha Life Esports Challengers,DN SOOPers Challengers,"['Varus', 'Lucian', 'Ashe', 'Ryze', 'Ambessa']","['Orianna', 'Cassiopeia', 'Neeko', 'Anivia', 'Akali']","[""K'Sante"", 'Jarvan IV', 'Azir', 'Ezreal', 'Bard']","['Rumble', 'Nocturne', 'Yone', 'Caitlyn', 'Karma']",[],[],1,leaguepedia_cargo_patch_range,0,scoreboard_players_corrected
LCK CL/2026 Season/Rounds 1-2_Week 8_7_2,2026-05-21 05:59:00,26.10,LCK CL 2026 Rounds 1-2,DN SOOPers Challengers,Hanwha Life Esports Challengers,DN SOOPers Challengers,"['Lulu', 'Lucian', 'Ashe', 'Nami', 'Rakan']","['Orianna', 'Cassiopeia', 'Varus', 'Renekton', 'Vayne']","['Ambessa', 'Vi', 'Aurora', 'Yunara', 'Milio']","['Gwen', 'Xin Zhao', 'Annie', 'Xayah', 'Neeko']",[],[],1,leaguepedia_cargo_patch_range,0,scoreboard_players_corrected
LCK CL/2026 Season/Rounds 1-2_Week 8_8_2,2026-05-21 06:03:00,26.10,LCK CL 2026 Rounds 1-2,Nongshim Esports Academy,Gen.G Global Academy,Nongshim Esports Academy,"['Karma', 'Varus', 'Ashe', 'Vayne', 'Gnar']","['Lucian', 'Jarvan IV', 'Rumble', 'Miss Fortune', 'Jhin']","['Zaahen', 'Xin Zhao', 'Akali', 'Caitlyn', 'Bard']","['Renekton', 'Vi', 'Orianna', 'Corki', 'Nautilus']",[],[],1,leaguepedia_cargo_patch_range,0,scoreboard_players_corrected
LCK CL/2026 Season/Rounds 1-2_Week 8_6_2,2026-05-21 06:04:00,26.10,LCK CL 2026 Rounds 1-2,Dplus Kia Challengers,Kiwoom DRX Challengers,Dplus Kia Challengers,"['Varus', 'Orianna', 'Bard', 'Cassiopeia', 'Vi']","['Jarvan IV', 'Nocturne', 'Lucian', 'Trundle', 'Wukong']","['Jayce', 'Skarner', 'Twisted Fate', 'Sivir', 'Karma']","['Sion', 'Pantheon', 'Mel', 'Ezreal', 'Anivia']",[],[],1,leaguepedia_cargo_patch_range,0,scoreboard_players_corrected
LCK/2026 Season/Rounds 1-2_Week 8_3_1,2026-05-21 08:07:00,26.10,LCK 2026 Rounds 1-2,BNK FEARX,Hanwha Life Esports,Hanwha Life Esports,"['Varus', 'Ezreal', 'Jarvan IV', ""K'Sante"", 'Sion']","['Orianna', 'Cassiopeia', 'Bard', 'Lee Sin', 'Trundle']","['Galio', 'Xin Zhao', 'Ryze', 'Sivir', 'Karma']","['Rumble', 'Vi', 'Yone', 'Miss Fortune', 'Nautilus']",[],[],0,leaguepedia_cargo_patch_range,1,scoreboard_players_corrected
LJL/2026 Season/Spring Series_Week 4_1_1,2026-05-21 08:12:00,26.10,LJL 2026 Spring Series,FENNEL,Uwinks,FENNEL,"['Galio', 'Ezreal', 'Sion', 'Pantheon', 'Lee Sin']","['Vi', 'Varus', 'Nocturne', 'Nautilus', 'Leona']","['Renekton', 'Naafiri', 'Orianna', 'Mel', 'Skarner']","['Kennen', 'Ambessa', 'Viktor', 'Ashe', 'Seraphine']",[],[],1,leaguepedia_cargo_patch_range,0,scoreboard_players_corrected
LJL/2026 Season/Spring Series_Week 4_1_2,2026-05-21 09:00:00,26.10,LJL 2026 Spring Series,FENNEL,Uwinks,FENNEL,"['Ezreal', 'Sion', 'Nocturne', 'Hwei', 'Gnar']","['Vi', 'Rumble', 'Varus', 'LeBlanc', 'Akali']","[""K'Sante"", 'Lee Sin', 'Annie', 'Miss Fortune', 'Rell']","['Smolder', 'Pantheon', 'Aurora', ""Kai'Sa"", 'Neeko']",[],[],1,leaguepedia_cargo_patch_range,0,scoreboard_players_corrected
LCK/2026 Season/Rounds 1-2_Week 8_3_2,2026-05-21 09:05:00,26.10,LCK 2026 Rounds 1-2,Hanwha Life Esports,BNK FEARX,Hanwha Life Esports,"['Varus', 'Bard', 'Ziggs', 'Naafiri', 'Lee Sin']","['Orianna', 'Cassiopeia', 'Jarvan IV', 'Nocturne', 'Wukong']","['Ambessa', 'Pantheon', 'Mel', 'Ashe', 'Seraphine']","['Sion', 'Trundle', 'Twisted Fate', 'Lucian', 'Milio']",[],[],1,leaguepedia_cargo_patch_range,0,scoreboard_players_corrected
LJL/2026 Season/Spring Series_Week 4_2_1,2026-05-21 10:03:00,26.10,LJL 2026 Spring Series,Rising Gaming,New Meta,New Meta,"['Nocturne', 'Lucian', 'Sion', 'Ornn', 'Orianna']","['Bard', 'Ezreal', 'Akali', 'Nautilus', 'Yunara']","['Rumble', 'Jayce', 'Viktor', 'Senna', 'Tahm Kench']","['Irelia', 'Xin Zhao', 'Sylas', 'Jhin', 'Karma']",[],[],0,leaguepedia_cargo_patch_range,1,scoreboard_players_corrected
VCS/2026 Season/Summer Season_Week 2_3_1,2026-05-21 10:08:00,26.09,VCS 2026 Summer,Saigon Dino,SN CyberCore Esports,Saigon Dino,"['Nautilus', 'Nocturne', 'Lucian', 'Gwen', 'Pyke']","['Orianna', 'Pantheon', 'Rumble', 'Aurora', 'Akali']","['Sion', 'Jarvan IV', 'Viktor', 'Ezreal', 'Bard']","['Ambessa', 'Naafiri', 'Cassiopeia', 'Varus', 'Skarner']",[],[],1,leaguepedia_cargo_patch_range,0,scoreboard_players_corrected
LCK/2026 Season/Rounds 1-2_Week 8_4_1,2026-05-21 10:22:00,26.10,LCK 2026 Rounds 1-2,Dplus Kia,HANJIN BRION,Dplus Kia,"['Varus', 'Karma', 'Lee Sin', 'Cassiopeia', 'LeBlanc']","['Nocturne', 'Lucian', 'Elise', 'Xin Zhao', 'Naafiri']","[""K'Sante"", 'Jarvan IV', 'Viktor', 'Sivir', 'Bard']","['Rumble', 'Pantheon', 'Orianna', 'Ezreal', 'Nautilus']",[],[],1,leaguepedia_cargo_patch_range,0,scoreboard_players_corrected
LJL/2026 Season/Spring Series_Week 4_2_2,2026-05-21 10:53:00,26.10,LJL 2026 Spring Series,New Meta,Rising Gaming,Rising Gaming,"['Bard', 'Akali', 'Ezreal', 'Yunara', 'Caitlyn']","['Nocturne', 'Vi', 'Varus', 'Renekton', 'Gwen']","['Tryndamere', 'Skarner', 'Orianna', 'Ashe', 'Seraphine']","['Ambessa', 'Jarvan IV', 'LeBlanc', 'Lucian', 'Milio']",[],[],0,leaguepedia_cargo_patch_range,1,scoreboard_players_corrected
VCS/2026 Season/Summer Season_Week 2_3_2,2026-05-21 11:04:00,26.09,VCS 2026 Summer,SN CyberCore Esports,Saigon Dino,Saigon Dino,"['Nocturne', 'Pantheon', 'Ashe', 'Xin Zhao', 'Vi']","['Rumble', 'Lucian', 'Renekton', 'Akali', 'Gwen']","['Jayce', 'Trundle', 'Sylas', 'Caitlyn', 'Braum']","[""K'Sante"", 'Lee Sin', 'Orianna', 'Miss Fortune', 'Nautilus']",[],[],0,leaguepedia_cargo_patch_range,1,scoreboard_players_corrected
LCK/2026 Season/Rounds 1-2_Week 8_4_2,2026-05-21 11:23:00,26.10,LCK 2026 Rounds 1-2,HANJIN BRION,Dplus Kia,HANJIN BRION,"['Varus', 'Twisted Fate', 'Lee Sin', 'Sion', 'Yorick']","['Nocturne', 'Karma', 'Trundle', 'Pyke', 'Lucian']","['Jayce', 'Vi', 'Cassiopeia', 'Caitlyn', 'Lux']","['Anivia', 'Xin Zhao', ""Kog'Maw"", 'Ashe', 'Seraphine']",[],[],1,leaguepedia_cargo_patch_range,0,scoreboard_players_corrected
LJL/2026 Season/Spring Series_Week 4_2_3,2026-05-21 11:59:00,26.10,LJL 2026 Spring Series,Rising Gaming,New Meta,Rising Gaming,"['Nocturne', 'Vi', 'Varus', 'Gwen', 'Jax']","['Bard', 'Yunara', 'Ezreal', 'Akali', 'Zoe']","['Gnar', 'Lee Sin', 'Aurora', 'Miss Fortune', 'Nautilus']","['Vayne', 'Trundle', 'Anivia', 'Caitlyn', 'Neeko']",[],[],1,leaguepedia_cargo_patch_range,0,scoreboard_players_corrected
VCS/2026 Season/Summer Season_Week 2_4_1,2026-05-21 12:03:00,26.09,VCS 2026 Summer,ZEN Esports (Vietnamese Team),9Gaming,ZEN Esports (Vietnamese Team),"['Varus', 'Nocturne', 'Lucian', 'Nautilus']","['Orianna', 'Karma', 'Pantheon', 'Caitlyn', 'Braum']","['Gnar', 'Jarvan IV', 'Cassiopeia', 'Jhin', 'Bard']","['Rumble', 'Xin Zhao', 'Syndra', 'Yunara', 'Seraphine']",[],[],1,leaguepedia_cargo_patch_range,0,scoreboard_players_corrected
LCK/2026 Season/Rounds 1-2_Week 8_4_3,2026-05-21 12:22:00,26.10,LCK 2026 Rounds 1-2,HANJIN BRION,Dplus Kia,Dplus Kia,"['Nocturne', 'Varus', 'Elise', 'Gnar', 'Alistar']","['Lee Sin', 'Lucian', 'Ryze', 'Sion', 'Twisted Fate']","['Renekton', 'Naafiri', 'Annie', 'Jhin', 'Neeko']","['Illaoi', 'Wukong', 'Taliyah', 'Yunara', 'Karma']",[],[],0,leaguepedia_cargo_patch_range,1,scoreboard_players_corrected
VCS/2026 Season/Summer Season_Week 2_4_2,2026-05-21 12:59:00,26.09,VCS 2026 Summer,ZEN Esports (Vietnamese Team),9Gaming,ZEN Esports (Vietnamese Team),"['Varus', 'Ryze', 'Nocturne', 'Naafiri', 'Vi']","['Orianna', 'Karma', 'Pantheon', 'Milio', 'Nami']","['Jayce', 'Lee Sin', 'Annie', 'Lucian', 'Pyke']","['Yorick', 'Volibear', 'Galio', 'Caitlyn', 'Lux']",[],[],1,leaguepedia_cargo_patch_range,0,scoreboard_players_corrected
Prime League 1st Division/2026 Season/Spring Playoffs_Quarterfinals_2_1,2026-05-21 15:08:00,26.10,PRM 1st Division 2026 Spring Playoffs,Unicorns of Love Sexy Edition,G2 NORD,G2 NORD,"['Varus', 'Nautilus', 'Jarvan IV', 'Gwen', 'Ambessa']","['Seraphine', 'Ezreal', 'Orianna', 'Renekton', 'Sion']","['Aurora', 'Xin Zhao', 'Ahri', 'Caitlyn', 'Karma']","['Yorick', 'Pantheon', 'Anivia', 'Jhin', 'Bard']",[],[],0,leaguepedia_cargo_patch_range,1,scoreboard_players_corrected
TCL/2026 Season/Spring Playoffs_Round 2_1_1,2026-05-21 15:12:00,26.10,TCL 2026 Spring Playoffs,Misa Esports,Ozarox Esports,Misa Esports,"['Nautilus', 'Ambessa', 'Varus', 'Anivia', 'Aurora']","['Karma', 'Orianna', 'Ashe', 'Xin Zhao', 'Jarvan IV']","['Gwen', 'Wukong', 'Cassiopeia', 'Lucian', 'Milio']","['Sion', 'Pantheon', 'Viktor', 'Kalista', 'Renata Glasc']",[],[],1,leaguepedia_cargo_patch_range,0,scoreboard_players_corrected
LES/2026 Season/Spring Split_Week 7_3_1,2026-05-21 15:13:00,26.10,LES 2026 Spring,Falke Esports,GIANTX iTero,GIANTX iTero,"['Shen', 'Bard', 'Nautilus', 'Karma', 'Nami']","['Pantheon', 'Seraphine', 'Akali', 'Neeko', 'Alistar']","['Gnar', 'Jarvan IV', 'Orianna', 'Jhin', 'Rell']","['Vayne', 'Nocturne', 'Galio', 'Ezreal', 'Rakan']",[],[],0,leaguepedia_cargo_patch_range,1,scoreboard_players_corrected
Rift Legends/2026 Season/Spring Split_Week 6_5_1,2026-05-21 15:16:00,26.10,Rift Legends 2026 Spring,Forsaken (Polish Team),DOCISK,Forsaken (Polish Team),"['Xin Zhao', 'Orianna', 'Ezreal', 'Ryze', 'Yorick']","['Rumble', 'Karma', 'Vi', 'LeBlanc', 'Gnar']","[""K'Sante"", 'Jarvan IV', 'Akali', 'Ashe', 'Seraphine']","['Sion', 'Lee Sin', 'Aurora', 'Lucian', 'Milio']",[],[],1,leaguepedia_cargo_patch_range,0,scoreboard_players_corrected
Streamers Clash/Season 4_Day 4_1_1,2026-05-21 15:41:00,26.10,Streamers Clash Season 4,SPAJKOVI UKRADLI SUPERSTRIKE,VEDICI DEEMONS,VEDICI DEEMONS,"['Nautilus', 'Skarner', 'Malphite', 'Zed', 'Naafiri']","['Udyr', 'Yone', 'Yuumi', 'Nasus', 'Kayle']","['Gwen', 'Jarvan IV', 'Sion', 'Seraphine', 'Braum']","['Maokai', 'Lillia', 'Vayne', 'Jinx', 'Amumu']",[],[],0,leaguepedia_cargo_patch_range,1,scoreboard_players_corrected
Prime League 1st Division/2026 Season/Spring Playoffs_Quarterfinals_2_2,2026-05-21 16:01:00,26.10,PRM 1st Division 2026 Spring Playoffs,G2 NORD,Unicorns of Love Sexy Edition,G2 NORD,"['Nautilus', 'Varus', 'Nocturne', 'Aatrox', 'Jayce']","['Orianna', 'Seraphine', 'Rumble', 'Viktor', 'Akali']","['Renekton', 'Jarvan IV', 'Hwei', 'Lucian', 'Nami']","['Gnar', 'Wukong', 'Cassiopeia', 'Yunara', 'Milio']",[],[],1,leaguepedia_cargo_patch_range,0,scoreboard_players_corrected
Road Of Legends/2026 Season/Spring Playoffs_Round 1_3_1,2026-05-21 16:03:00,26.10,Road Of Legends 2026 Spring Playoffs,Once Upon A Team,Dynasty,Once Upon A Team,"['Sion', 'Zed', 'Yasuo', 'Viktor', 'Syndra']","['Orianna', 'Zoe', 'Ambessa', 'Taliyah', 'Aatrox']","['Gnar', 'Pantheon', 'Ryze', 'Ezreal', 'Nautilus']","['Ornn', 'Xin Zhao', 'Anivia', 'Varus', 'Karma']",[],[],1,leaguepedia_cargo_patch_range,0,scoreboard_players_corrected
Esports Balkan League/2026 Season/Spring Playoffs_Round 4_1_1,2026-05-21 16:04:00,26.10,EBL 2026 Spring Playoffs,Magaza Esports,Partizan Sangal,Partizan Sangal,"['Nautilus', 'Aurora', 'Zaahen', 'Gnar', 'Vayne']","['Orianna', 'Wukong', 'Jarvan IV', 'Syndra', 'Mel']","[""K'Sante"", 'Xin Zhao', 'LeBlanc', 'Lucian', 'Milio']","['Varus', 'Pantheon', 'Ryze', 'Ashe', 'Seraphine']",[],[],0,leaguepedia_cargo_patch_range,1,scoreboard_players_corrected
LFL/2026 Season/Spring Playoffs_Round 2_3_1,2026-05-21 16:08:00,26.10,LFL 2026 Spring Playoffs,Esprit Shōnen,Galions,Galions,"['Nautilus', 'Ashe', 'Pantheon', 'Ryze', 'Ornn']","['Orianna', 'Varus', 'Anivia', 'Sion', 'Syndra']","['Rumble', 'Jarvan IV', 'Akali', 'Ezreal', 'Karma']","[""K'Sante"", 'Xin Zhao', 'Viktor', 'Lucian', 'Milio']",[],[],0,leaguepedia_cargo_patch_range,1,scoreboard_players_corrected
Rift Legends/2026 Season/Spring Split_Week 6_5_2,2026-05-21 16:09:00,26.10,Rift Legends 2026 Spring,Forsaken (Polish Team),DOCISK,Forsaken (Polish Team),"['Wukong', 'Ezreal', 'Karma', 'Zoe', 'Yorick']","['Orianna', 'Rumble', 'Xin Zhao', 'Azir', 'Ryze']","['Jayce', 'Skarner', 'Viktor', 'Caitlyn', 'Bard']","['Ambessa', 'Pantheon', 'Ahri', 'Yunara', 'Neeko']",[],[],1,leaguepedia_cargo_patch_range,0,scoreboard_players_corrected
LES/2026 Season/Spring Split_Week 7_3_2,2026-05-21 16:10:00,26.10,LES 2026 Spring,GIANTX iTero,Falke Esports,GIANTX iTero,"['Pantheon', 'Seraphine', 'Varus', 'Jayce', 'Renekton']","['Shen', 'Bard', 'Nautilus', 'Ornn', 'Rumble']","['Ambessa', 'Vi', 'Xerath', 'Corki', 'Nami']","['Darius', 'Xin Zhao', 'Anivia', 'Caitlyn', 'Karma']",[],[],1,leaguepedia_cargo_patch_range,0,scoreboard_players_corrected
Arabian League/2026 Season/Spring Playoffs_Finals_1_1,2026-05-21 16:12:00,26.09,Arabian League 2026 Spring Playoffs,Anubis Gaming,FN Esports,Anubis Gaming,"['Nautilus', 'Nocturne', 'Ezreal', 'Aurora', 'Ahri']","['Karma', 'Orianna', 'Seraphine', 'Ryze', 'Rumble']","['Gnar', 'Jarvan IV', 'Anivia', 'Jhin', 'Neeko']","['Irelia', 'Xin Zhao', 'Annie', 'Caitlyn', 'Nami']",[],[],1,leaguepedia_cargo_patch_range,0,scoreboard_players_corrected
TCL/2026 Season/Spring Playoffs_Round 2_1_2,2026-05-21 16:16:00,26.10,TCL 2026 Spring Playoffs,Ozarox Esports,Misa Esports,Misa Esports,"['Nautilus', 'Jarvan IV', 'Karma', 'Viego', 'Gnar']","['Orianna', 'Rumble', 'Varus', 'Anivia', 'Ryze']","[""K'Sante"", 'Xin Zhao', 'Akali', 'Ezreal', 'Nami']","['Twisted Fate', 'Nocturne', 'Annie', 'Ashe', 'Seraphine']",[],[],0,leaguepedia_cargo_patch_range,1,scoreboard_players_corrected
Streamers Clash/Season 4_Day 4_2_1,2026-05-21 16:36:00,26.10,Streamers Clash Season 4,SILNĚJŠÍ SE XNAPYM,TYBLÁHO MEWING SOCIETY,TYBLÁHO MEWING SOCIETY,"['Olaf', 'Irelia', 'Yuumi', 'Jarvan IV', 'Shyvana']","[""Bel'Veth"", 'Malphite', 'Gwen', 'Nasus', 'Akali']","['Ornn', 'Skarner', 'Cassiopeia', 'Ashe', 'Amumu']","['Vayne', 'Xin Zhao', 'Galio', 'Seraphine', 'Braum']",[],[],0,leaguepedia_cargo_patch_range,1,scoreboard_players_corrected
Prime League 1st Division/2026 Season/Spring Playoffs_Quarterfinals_2_3,2026-05-21 16:54:00,26.10,PRM 1st Division 2026 Spring Playoffs,G2 NORD,Unicorns of Love Sexy Edition,G2 NORD,"['Varus', 'Annie', 'Nocturne', 'Aatrox', 'Taliyah']","['Orianna', 'Rumble', 'Vi', 'Ezreal', 'Poppy']","['Olaf', 'Lee Sin', 'Ryze', 'Senna', 'Seraphine']","['Ambessa', 'Skarner', 'Azir', 'Ashe', 'Lulu']",[],[],1,leaguepedia_cargo_patch_range,0,scoreboard_players_corrected
Esports Balkan League/2026 Season/Spring Playoffs_Round 4_1_2,2026-05-21 16:56:00,26.10,EBL 2026 Spring Playoffs,Partizan Sangal,Magaza Esports,Partizan Sangal,"['Nautilus', 'Wukong', 'Jarvan IV', 'Zaahen', 'Zeri']","['Orianna', 'Karma', 'Aurora', 'Jayce', 'Vayne']","['Gnar', 'Nocturne', 'Cassiopeia', 'Yunara', 'Nami']","['Aatrox', 'Skarner', 'Viktor', 'Tristana', 'Lulu']",[],[],1,leaguepedia_cargo_patch_range,0,scoreboard_players_corrected
LFL/2026 Season/Spring Playoffs_Round 2_3_2,2026-05-21 16:56:00,26.10,LFL 2026 Spring Playoffs,Galions,Esprit Shōnen,Galions,"['Nautilus', 'Varus', 'Anivia', 'Gnar', 'Kennen']","['Orianna', 'Pantheon', 'Yunara', 'LeBlanc', 'Syndra']","['Renekton', 'Zaahen', 'Annie', 'Ashe', 'Seraphine']","['Ornn', 'Wukong', 'Cassiopeia', 'Senna', 'Nami']",[],[],1,leaguepedia_cargo_patch_range,0,scoreboard_players_corrected
Road Of Legends/2026 Season/Spring Playoffs_Round 1_3_2,2026-05-21 17:00:00,26.10,Road Of Legends 2026 Spring Playoffs,Once Upon A Team,Dynasty,Once Upon A Team,"['Sion', 'Zed', 'Yasuo', 'Viktor', 'Nami']","['Orianna', 'Zoe', 'Ambessa', 'Lux', 'Poppy']","['Galio', 'Jarvan IV', 'Aurora', 'Tristana', 'Rell']","['Rumble', 'Vi', 'Ahri', 'Corki', 'Alistar']",[],[],1,leaguepedia_cargo_patch_range,0,scoreboard_players_corrected
Arabian League/2026 Season/Spring Playoffs_Finals_1_2,2026-05-21 17:04:00,26.09,Arabian League 2026 Spring Playoffs,Anubis Gaming,FN Esports,Anubis Gaming,"['Nautilus', 'Nocturne', 'Viktor', 'Sion', 'Wukong']","['Karma', 'Orianna', 'Pantheon', 'Cassiopeia', 'Vi']","['Jayce', 'Shen', 'Aurora', 'Ashe', 'Seraphine']","[""K'Sante"", 'Lee Sin', 'Ryze', 'Lucian', 'Milio']",[],[],1,leaguepedia_cargo_patch_range,0,scoreboard_players_corrected
LES/2026 Season/Spring Split_Week 7_4_1,2026-05-21 17:11:00,26.10,LES 2026 Spring,UCAM Esports,Movistar KOI Fénix,UCAM Esports,"['Orianna', 'Pantheon', 'Rumble', 'Gwen', 'Ambessa']","['Pyke', 'Nocturne', 'Nautilus', 'LeBlanc', 'Sion']","['Yorick', 'Xin Zhao', 'Viktor', 'Ashe', 'Seraphine']","['Jayce', 'Jarvan IV', 'Sylas', 'Ezreal', 'Karma']",[],[],1,leaguepedia_cargo_patch_range,0,scoreboard_players_corrected
TCL/2026 Season/Spring Playoffs_Round 2_1_3,2026-05-21 17:13:00,26.10,TCL 2026 Spring Playoffs,Ozarox Esports,Misa Esports,Misa Esports,"['Caitlyn', 'Nautilus', 'Jarvan IV', 'Ambessa', 'Naafiri']","['Varus', 'Orianna', 'Lulu', 'Aatrox', 'Vi']","['Rumble', 'Skarner', 'Yasuo', 'Sivir', 'Karma']","['Anivia', 'Jayce', 'Aurora', 'Jhin', 'Alistar']",[],[],0,leaguepedia_cargo_patch_range,1,scoreboard_players_corrected
LIT/2026 Season/Summer Promotion_Round 4_1_1,2026-05-21 17:19:00,26.10,LIT 2026 Summer Promotion,DECOY 21,P11 Esports,P11 Esports,"['Ahri', 'Zaahen', 'Aurora', ""Kai'Sa"", 'Gwen']","['Ambessa', 'Xin Zhao', 'Cassiopeia', 'Orianna', 'Ornn']","['Dr. Mundo', 'Nocturne', 'Azir', 'Ezreal', 'Karma']","['Varus', 'Wukong', 'Ryze', 'Senna', 'Nautilus']",[],[],0,leaguepedia_cargo_patch_range,1,scoreboard_players_corrected
Rift Legends/2026 Season/Spring Split_Week 6_6_1,2026-05-21 17:31:00,26.10,Rift Legends 2026 Spring,Barcząca Esports,devils.one inStreamly,Barcząca Esports,"['Nautilus', 'Olaf', 'Varus', 'Shyvana', ""K'Sante""]","['Karma', 'Bard', 'Orianna', 'Rumble', 'Twisted Fate']","['Jayce', 'Lee Sin', 'Anivia', 'Ashe', 'Seraphine']","['Sion', 'Wukong', 'Ryze', 'Ezreal', 'Nami']",[],[],1,leaguepedia_cargo_patch_range,0,scoreboard_players_corrected
Streamers Clash/Season 4_Day 4_3_1,2026-05-21 17:34:00,26.10,Streamers Clash Season 4,NATÁLKY IMAGINÁRNÍ KAMARÁDI,FREEZŮV WOLT DŮCHOĎÁK,FREEZŮV WOLT DŮCHOĎÁK,"['Yuumi', 'Mordekaiser', 'Tristana', 'Zeri', 'Caitlyn']","['Vladimir', 'Orianna', 'Ahri', 'Nautilus', 'Brand']","['Malphite', 'Xin Zhao', 'Smolder', 'Veigar', 'Rell']","['Ornn', 'Ivern', 'Galio', 'Sivir', 'Amumu']",[],[],0,leaguepedia_cargo_patch_range,1,scoreboard_players_corrected
Arabian League/2026 Season/Spring Playoffs_Finals_1_3,2026-05-21 17:49:00,26.09,Arabian League 2026 Spring Playoffs,FN Esports,Anubis Gaming,Anubis Gaming,"['Varus', 'Pantheon', 'Nautilus', 'Vayne', 'Ambessa']","['Nocturne', 'Orianna', 'Karma', ""Kog'Maw"", 'Sivir']","['Rumble', 'Wukong', 'Akali', 'Xayah', 'Lulu']","['Sion', 'Vi', 'Ahri', 'Ezreal', 'Bard']",[],[],0,leaguepedia_cargo_patch_range,1,scoreboard_players_corrected
LES/2026 Season/Spring Split_Week 7_4_2,2026-05-21 17:57:00,26.10,LES 2026 Spring,Movistar KOI Fénix,UCAM Esports,Movistar KOI Fénix,"['Pyke', 'Nocturne', 'Nautilus', 'Aurora', 'Rumble']","['Orianna', 'Pantheon', 'Caitlyn', 'Anivia', 'Cassiopeia']","['Gnar', 'Vi', 'Taliyah', 'Yunara', 'Lulu']","['Sion', 'Wukong', 'Annie', 'Lucian', 'Milio']",[],[],1,leaguepedia_cargo_patch_range,0,scoreboard_players_corrected
LIT/2026 Season/Summer Promotion_Round 4_1_2,2026-05-21 18:01:00,26.10,LIT 2026 Summer Promotion,DECOY 21,P11 Esports,DECOY 21,"['Ahri', 'Zaahen', 'Aurora', 'Gwen', 'Jax']","['Cassiopeia', 'Vayne', 'Ambessa', 'Yunara', 'Jinx']","['Sion', 'Jarvan IV', 'Sylas', 'Sivir', 'Lulu']","['Gnar', 'Xin Zhao', 'Hwei', 'Ashe', 'Seraphine']",[],[],1,leaguepedia_cargo_patch_range,0,scoreboard_players_corrected
Road Of Legends/2026 Season/Spring Playoffs_Round 1_4_1,2026-05-21 18:03:00,26.10,Road Of Legends 2026 Spring Playoffs,mCon esports,Senshi eSports (Benelux Team),mCon esports,"['Jarvan IV', 'Nautilus', 'Caitlyn', 'LeBlanc', 'Sion']","['Rumble', 'Orianna', 'Karma', 'Fiora', 'Gwen']","['Ambessa', 'Xin Zhao', 'Taliyah', 'Lucian', 'Milio']","[""K'Sante"", 'Wukong', 'Akali', 'Yunara', 'Lulu']",[],[],1,leaguepedia_cargo_patch_range,0,scoreboard_players_corrected
LFL/2026 Season/Spring Playoffs_Round 2_4_1,2026-05-21 18:04:00,26.10,LFL 2026 Spring Playoffs,Vitality.Bee,TLN Pirates,TLN Pirates,"['Nautilus', 'Caitlyn', 'Anivia', 'Sion', 'Ambessa']","['Orianna', 'Ezreal', 'Ryze', 'Vi', 'Skarner']","[""K'Sante"", 'Xin Zhao', 'Viktor', 'Jinx', 'Milio']","['Gwen', 'Pantheon', 'Akali', 'Yunara', 'Lulu']",[],[],0,leaguepedia_cargo_patch_range,1,scoreboard_players_corrected
Esports Balkan League/2026 Season/Spring Playoffs_Round 3_1_1,2026-05-21 18:09:00,26.10,EBL 2026 Spring Playoffs,Lenovo Legion Honvéd,The Secret Club,The Secret Club,"['Seraphine', 'Annie', 'Caitlyn', 'LeBlanc', 'Ahri']","['Orianna', 'Ezreal', 'Ambessa', 'Gwen', 'Gnar']","['Ornn', 'Pantheon', 'Hwei', 'Sivir', 'Karma']","['Sion', 'Jayce', 'Syndra', 'Senna', 'Nautilus']",[],[],0,leaguepedia_cargo_patch_range,1,scoreboard_players_corrected
Rift Legends/2026 Season/Spring Split_Week 6_6_2,2026-05-21 18:11:00,26.10,Rift Legends 2026 Spring,Barcząca Esports,devils.one inStreamly,devils.one inStreamly,"['Nautilus', 'Olaf', 'Shyvana', 'Caitlyn', 'Lucian']","['Bard', 'Karma', 'Orianna', 'Jarvan IV', 'Twisted Fate']","['Varus', 'Trundle', 'Viktor', ""Kog'Maw"", 'Lulu']","[""K'Sante"", 'Pantheon', 'Ahri', 'Aphelios', 'Milio']",[],[],0,leaguepedia_cargo_patch_range,1,scoreboard_players_corrected
LPLOL/2026 Season/Spring Split_Week 4_1_1,2026-05-21 18:13:00,26.09,LPLOL 2026 Spring,Francesinhas,Dream Esports,Dream Esports,"['Orianna', 'Jhin', 'Karma', 'Nami', 'Neeko']","['Rengar', 'Ashe', 'Pantheon', 'Fiora', 'Vayne']","['Rumble', 'Naafiri', 'Viktor', 'Yunara', 'Bard']","[""K'Sante"", 'Hecarim', 'Vladimir', 'Smolder', 'Rakan']",[],[],0,leaguepedia_cargo_patch_range,1,scoreboard_players_corrected
Streamers Clash/Season 4_Day 4_4_1,2026-05-21 18:38:00,26.10,Streamers Clash Season 4,HERDYNŮV LANGUSTA TÝM,STOPERCENTNÁ KAMILOVA TUTOFKA,HERDYNŮV LANGUSTA TÝM,"['Gwen', 'Vayne', 'Ambessa', 'Pantheon', 'Jarvan IV']","['Malphite', 'Viego', 'Yuumi', 'Sylas', 'Nasus']","[""Cho'Gath"", 'Lillia', 'Tristana', 'Seraphine', 'Nautilus']","['Kayle', 'Trundle', 'Lissandra', 'Ashe', 'Maokai']",[],[],1,leaguepedia_cargo_patch_range,0,scoreboard_players_corrected
LES/2026 Season/Spring Split_Week 7_4_3,2026-05-21 18:43:00,26.10,LES 2026 Spring,UCAM Esports,Movistar KOI Fénix,Movistar KOI Fénix,"['Nautilus', 'Bard', 'Azir', 'Sivir', 'Corki']","['Orianna', 'Nocturne', 'Kalista', 'Ahri', 'Hwei']","['Rumble', 'Pantheon', 'LeBlanc', 'Jhin', 'Rell']","['Ambessa', 'Sejuani', 'Anivia', 'Zeri', 'Yuumi']",[],[],0,leaguepedia_cargo_patch_range,1,scoreboard_players_corrected
Esports Balkan League/2026 Season/Spring Playoffs_Round 3_1_2,2026-05-21 18:56:00,26.10,EBL 2026 Spring Playoffs,The Secret Club,Lenovo Legion Honvéd,Lenovo Legion Honvéd,"['Lucian', 'Aurora', 'Ambessa', 'Zoe', 'Gnar']","['Seraphine', 'Orianna', 'Wukong', 'Jarvan IV', 'Nocturne']","[""K'Sante"", 'Naafiri', 'Ryze', 'Ezreal', 'Leona']","['Rumble', 'Xin Zhao', 'Swain', ""Kai'Sa"", 'Rell']",[],[],0,leaguepedia_cargo_patch_range,1,scoreboard_players_corrected
LIT/2026 Season/Summer Promotion_Round 4_1_3,2026-05-21 18:56:00,26.10,LIT 2026 Summer Promotion,DECOY 21,P11 Esports,P11 Esports,"['Ahri', 'Zaahen', 'Tristana', 'Neeko', 'Aurora']","['Ornn', 'Cassiopeia', 'Ambessa', 'Jax', 'Orianna']","['Malphite', 'Trundle', 'Akali', 'Smolder', 'Bard']","['Gwen', 'Pantheon', 'Viktor', 'Aphelios', 'Milio']",[],[],0,leaguepedia_cargo_patch_range,1,scoreboard_players_corrected
Road Of Legends/2026 Season/Spring Playoffs_Round 1_4_2,2026-05-21 18:57:00,26.10,Road Of Legends 2026 Spring Playoffs,mCon esports,Senshi eSports (Benelux Team),Senshi eSports (Benelux Team),"['Jarvan IV', 'Nautilus', 'Orianna', 'LeBlanc', 'Ryze']","['Rumble', 'Ashe', 'Karma', 'Anivia', 'Annie']","['Sion', 'Pantheon', 'Aurora', ""Kai'Sa"", 'Neeko']","['Aatrox', 'Nocturne', 'Ahri', 'Ezreal', 'Bard']",[],[],0,leaguepedia_cargo_patch_range,1,scoreboard_players_corrected
LFL/2026 Season/Spring Playoffs_Round 2_4_2,2026-05-21 19:01:00,26.10,LFL 2026 Spring Playoffs,TLN Pirates,Vitality.Bee,Vitality.Bee,"['Nautilus', 'Pyke', 'Anivia', 'Sion', 'Ahri']","['Orianna', 'Caitlyn', 'Seraphine', 'Annie', 'Mel']","['Rumble', 'Vi', 'LeBlanc', 'Ezreal', 'Bard']","['Aurora', 'Jarvan IV', 'Galio', 'Sivir', 'Karma']",[],[],0,leaguepedia_cargo_patch_range,1,scoreboard_players_corrected
Rift Legends/2026 Season/Spring Split_Week 6_6_3,2026-05-21 19:06:00,26.10,Rift Legends 2026 Spring,devils.one inStreamly,Barcząca Esports,Barcząca Esports,"['Rumble', 'Bard', 'Karma', 'Yunara', 'Neeko']","['Olaf', 'Jarvan IV', 'Shyvana', 'Rell', 'Braum']","['Renekton', 'Naafiri', 'Orianna', 'Xayah', 'Alistar']","['Gnar', 'Nocturne', 'Galio', 'Corki', 'Nautilus']",[],[],0,leaguepedia_cargo_patch_range,1,scoreboard_players_corrected
LPLOL/2026 Season/Spring Split_Week 4_2_1,2026-05-21 19:12:00,26.09,LPLOL 2026 Spring,ZeroZone Gaming,Crusaders,Crusaders,"['Ryze', 'Corki', ""K'Sante"", 'Jax', 'Ornn']","['Orianna', 'Lulu', 'Nautilus', 'Wukong', 'Jarvan IV']","['Rumble', 'Vi', 'Ahri', 'Ezreal', 'Karma']","['Aurora', 'Xin Zhao', 'Viktor', 'Lucian', 'Nami']",[],[],0,leaguepedia_cargo_patch_range,1,scoreboard_players_corrected
Esports Balkan League/2026 Season/Spring Playoffs_Round 3_1_3,2026-05-21 19:46:00,26.10,EBL 2026 Spring Playoffs,Lenovo Legion Honvéd,The Secret Club,The Secret Club,"['Seraphine', 'Nocturne', 'Wukong', 'Yasuo', 'Olaf']","['Orianna', 'Lucian', 'Skarner', 'Zoe', 'Viktor']","['Renekton', 'Jarvan IV', 'Annie', 'Corki', 'Nami']","['Zaahen', 'Sejuani', 'Aurora', 'Yunara', 'Lulu']",[],[],0,leaguepedia_cargo_patch_range,1,scoreboard_players_corrected
Road Of Legends/2026 Season/Spring Playoffs_Round 1_4_3,2026-05-21 19:56:00,26.10,Road Of Legends 2026 Spring Playoffs,mCon esports,Senshi eSports (Benelux Team),mCon esports,"['Jarvan IV', 'Nautilus', 'Orianna', 'Jayce', 'Renekton']","['Rumble', 'Ashe', 'Ryze', 'Anivia', 'Viktor']","['Fiora', 'Zaahen', 'Syndra', 'Varus', 'Karma']","['Jax', 'Vi', 'Mel', 'Jhin', 'Rakan']",[],[],1,leaguepedia_cargo_patch_range,0,scoreboard_players_corrected
LFL/2026 Season/Spring Playoffs_Round 2_4_3,2026-05-21 20:08:00,26.10,LFL 2026 Spring Playoffs,Vitality.Bee,TLN Pirates,TLN Pirates,"['Caitlyn', 'Nami', 'Nocturne', 'Wukong', 'Naafiri']","['Orianna', 'Seraphine', 'Anivia', 'Ambessa', 'Fiora']","['Vayne', 'Lee Sin', 'Cassiopeia', 'Varus', 'Leona']","['Sion', 'Maokai', 'Syndra', 'Jhin', 'Alistar']",[],[],0,leaguepedia_cargo_patch_range,1,scoreboard_players_corrected
North American Challengers League/2026 Season/Spring Playoffs_Round 1_3_1,2026-05-21 20:12:00,26.10,NACL 2026 Spring Playoffs,Winthrop University,Maryville University,Winthrop University,"['Nocturne', 'Lucian', 'Jarvan IV', 'Xin Zhao', ""K'Sante""]","['Karma', 'Varus', 'Orianna', 'Cassiopeia', 'Anivia']","['Galio', 'Wukong', 'Ryze', 'Jhin', 'Bard']","['Rumble', 'Pantheon', 'Akali', 'Ezreal', 'Neeko']",[],[],1,leaguepedia_cargo_patch_range,0,scoreboard_players_corrected
LPLOL/2026 Season/Spring Split_Week 4_3_1,2026-05-21 20:20:00,26.09,LPLOL 2026 Spring,Bubliki,Ronaldo Team,Ronaldo Team,"['Nautilus', 'Jarvan IV', 'Varus', 'Bard', 'Leona']","['Karma', 'Xin Zhao', 'Wukong', 'Vi', 'Naafiri']","['Renekton', ""Rek'Sai"", 'Orianna', 'Ashe', 'Seraphine']","['Vayne', 'Nocturne', 'Ryze', 'Ezreal', 'Nami']",[],[],0,leaguepedia_cargo_patch_range,1,scoreboard_players_corrected
North American Challengers League/2026 Season/Spring Playoffs_Round 1_3_2,2026-05-21 21:14:00,26.10,NACL 2026 Spring Playoffs,Winthrop University,Maryville University,Maryville University,"['Nocturne', 'Lucian', 'Nautilus', 'Annie', 'Rell']","['Karma', 'Orianna', 'Varus', 'Corki', 'Sivir']","['Vayne', 'Lee Sin', 'Cassiopeia', 'Ziggs', 'Pyke']","['Jayce', 'Jarvan IV', 'Viktor', 'Ashe', 'Seraphine']",[],[],0,leaguepedia_cargo_patch_range,1,scoreboard_players_corrected
LPLOL/2026 Season/Spring Split_Week 4_4_1,2026-05-21 21:24:00,26.09,LPLOL 2026 Spring,Otter Side,GTZ Esports,Otter Side,"['Pantheon', 'Nautilus', 'Hwei', 'Ambessa', 'Sion']","['Karma', 'Vi', 'Caitlyn', 'Nami', 'Seraphine']","['Jayce', 'Xin Zhao', 'Orianna', 'Ezreal', 'Leona']","[""K'Sante"", 'Zaahen', 'Aurora', 'Smolder', 'Bard']",[],[],1,leaguepedia_cargo_patch_range,0,scoreboard_players_corrected
North American Challengers League/2026 Season/Spring Playoffs_Round 1_3_3,2026-05-21 22:03:00,26.10,NACL 2026 Spring Playoffs,Maryville University,Winthrop University,Maryville University,"['Jax', 'Karma', 'Nocturne', 'Vi', 'Twisted Fate']","['Lucian', 'Orianna', 'Varus', 'Senna', 'Miss Fortune']","['Zaahen', 'Ambessa', 'Azir', 'Corki', 'Nami']","['Gnar', 'Xin Zhao', 'Ahri', 'Xayah', 'Nautilus']",[],[],1,leaguepedia_cargo_patch_range,0,scoreboard_players_corrected
North American Challengers League/2026 Season/Spring Playoffs_Round 1_3_4,2026-05-21 22:52:00,26.10,NACL 2026 Spring Playoffs,Maryville University,Winthrop University,Winthrop University,"['Naafiri', 'Vi', 'Nocturne', 'Twisted Fate', 'Blitzcrank']","['Orianna', 'Lucian', 'Varus', ""K'Sante"", 'Sion']","['Jax', ""Kha'Zix"", 'Mel', 'Caitlyn', 'Anivia']","['Kennen', 'Skarner', 'Annie', 'Jinx', 'Karma']",[],[],0,leaguepedia_cargo_patch_range,1,scoreboard_players_corrected
North American Challengers League/2026 Season/Spring Playoffs_Round 1_3_5,2026-05-21 23:47:00,26.10,NACL 2026 Spring Playoffs,Winthrop University,Maryville University,Winthrop University,"['Sion', 'Vi', ""K'Sante"", 'Rell', 'Blitzcrank']","['Orianna', 'Varus', 'Lucian', 'Renekton', 'Shen']","['Camille', 'Trundle', 'Twisted Fate', 'Aphelios', 'Milio']","['Aatrox', 'Nocturne', 'Vladimir', 'Yunara', 'Lulu']",[],[],1,leaguepedia_cargo_patch_range,0,scoreboard_players_corrected
LCK CL/2026 Season/Rounds 1-2_Week 8_9_1,2026-05-22 05:06:00,26.10,LCK CL 2026 Rounds 1-2,BNK FEARX Youth,KT Rolster Challengers,KT Rolster Challengers,"['Varus', 'Karma', 'Jarvan IV', 'Vi', 'Yorick']","['Nocturne', 'Lucian', 'Rumble', 'Xin Zhao', 'Skarner']","['Jayce', 'Pantheon', 'Orianna', 'Yunara', 'Lulu']","[""K'Sante"", 'Lee Sin', 'Akali', 'Ezreal', 'Bard']",[],[],0,leaguepedia_cargo_patch_range,1,scoreboard_players_corrected
LCK CL/2026 Season/Rounds 1-2_Week 8_10_1,2026-05-22 05:08:00,26.10,LCK CL 2026 Rounds 1-2,HANJIN BRION Challengers,T1 Esports Academy,T1 Esports Academy,"['Varus', 'Karma', 'Bard', 'Cassiopeia', 'Yorick']","['Rumble', 'Jarvan IV', 'Nocturne', 'Ahri', 'Orianna']","['Jayce', 'Vi', 'Mel', 'Zeri', 'Yuumi']","['Sion', 'Xin Zhao', 'Twisted Fate', 'Ashe', 'Seraphine']",[],[],0,leaguepedia_cargo_patch_range,1,scoreboard_players_corrected
LCK CL/2026 Season/Rounds 1-2_Week 8_10_2,2026-05-22 05:59:00,26.10,LCK CL 2026 Rounds 1-2,HANJIN BRION Challengers,T1 Esports Academy,T1 Esports Academy,"['Varus', 'Lucian', 'Karma', 'Vayne', 'Cassiopeia']","['Orianna', 'Jarvan IV', 'Rumble', 'Aurora', 'Akali']","['Gnar', 'Wukong', 'Anivia', 'Caitlyn', 'Bard']","['Teemo', 'Nocturne', 'Ryze', 'Jhin', 'Neeko']",[],[],0,leaguepedia_cargo_patch_range,1,scoreboard_players_corrected
LCK CL/2026 Season/Rounds 1-2_Week 8_9_2,2026-05-22 06:00:00,26.10,LCK CL 2026 Rounds 1-2,KT Rolster Challengers,BNK FEARX Youth,BNK FEARX Youth,"['Varus', 'Ashe', 'Karma', 'Ryze', 'Vayne']","['Lucian', 'Rumble', 'Cassiopeia', 'Aurora', 'Ahri']","['Gnar', 'Jarvan IV', 'LeBlanc', 'Kalista', 'Neeko']","['Renekton', 'Nocturne', 'Annie', 'Corki', 'Nami']",[],[],0,leaguepedia_cargo_patch_range,1,scoreboard_players_corrected
LCK CL/2026 Season/Rounds 1-2_Week 8_9_3,2026-05-22 06:54:00,26.10,LCK CL 2026 Rounds 1-2,BNK FEARX Youth,KT Rolster Challengers,KT Rolster Challengers,"['Varus', 'Ashe', 'Karma', 'Anivia', 'Taliyah']","['Lucian', 'Rumble', 'Cassiopeia', 'Miss Fortune', 'Sivir']","['Ambessa', 'Vi', 'Aurora', 'Jinx', 'Rell']","['Irelia', 'Xin Zhao', 'Viktor', 'Xayah', 'Nautilus']",[],[],0,leaguepedia_cargo_patch_range,1,scoreboard_players_corrected
LCK/2026 Season/Rounds 1-2_Week 8_5_1,2026-05-22 08:06:00,26.10,LCK 2026 Rounds 1-2,DN SOOPers,Kiwoom DRX,Kiwoom DRX,"['Varus', 'Ezreal', 'Lee Sin', 'Ashe', 'Ziggs']","['Orianna', 'Jarvan IV', 'Vi', 'Nautilus', 'Yunara']","['Rumble', 'Skarner', 'Yone', 'Lucian', 'Milio']","[""K'Sante"", 'Xin Zhao', 'Cassiopeia', 'Miss Fortune', 'Bard']",[],[],0,leaguepedia_cargo_patch_range,1,scoreboard_players_corrected
LJL/2026 Season/Spring Series_Week 4_3_1,2026-05-22 08:08:00,26.10,LJL 2026 Spring Series,DetonatioN FocusMe Academy,RAYN Clocks,RAYN Clocks,"['Anivia', 'Nocturne', 'Jarvan IV', 'Ryze', 'Annie']","['Lucian', 'Varus', 'Ivern', 'Aphelios', 'Ezreal']","['Rumble', 'Xin Zhao', 'Akali', 'Jinx', 'Nautilus']","[""K'Sante"", 'Lee Sin', 'Galio', 'Ashe', 'Seraphine']",[],[],0,leaguepedia_cargo_patch_range,1,scoreboard_players_corrected
LJL/2026 Season/Spring Series_Week 4_3_2,2026-05-22 08:58:00,26.10,LJL 2026 Spring Series,RAYN Clocks,DetonatioN FocusMe Academy,DetonatioN FocusMe Academy,"['Lucian', 'Ivern', 'Lulu', 'Sejuani', 'Gwen']","['Jarvan IV', 'Vi', 'Nocturne', 'Bard', 'Neeko']","['Jax', 'Naafiri', 'Orianna', 'Varus', 'Alistar']","['Renekton', 'Skarner', 'Yone', 'Ezreal', 'Karma']",[],[],0,leaguepedia_cargo_patch_range,1,scoreboard_players_corrected
LCK/2026 Season/Rounds 1-2_Week 8_5_2,2026-05-22 09:04:00,26.10,LCK 2026 Rounds 1-2,Kiwoom DRX,DN SOOPers,Kiwoom DRX,"['Varus', 'Vi', 'Jarvan IV', 'Mel', 'Nocturne']","['Orianna', 'Ryze', 'Annie', 'Sylas', 'Jayce']","['Gnar', 'Pantheon', 'Viktor', 'Ezreal', 'Karma']","['Ambessa', 'Lee Sin', 'Ahri', 'Sivir', 'Nautilus']",[],[],1,leaguepedia_cargo_patch_range,0,scoreboard_players_corrected
LJL/2026 Season/Spring Series_Week 4_3_3,2026-05-22 10:03:00,26.10,LJL 2026 Spring Series,DetonatioN FocusMe Academy,RAYN Clocks,RAYN Clocks,"['Nocturne', 'Annie', 'Vi', 'Sion', 'Mel']","['Lucian', 'Ivern', 'Lulu', 'Aurora', 'Gwen']","['Irelia', 'Jarvan IV', 'Sylas', 'Jhin', 'Bard']","['Maokai', 'Nidalee', 'Pantheon', 'Caitlyn', 'Neeko']",[],[],0,leaguepedia_cargo_patch_range,1,scoreboard_players_corrected
VCS/2026 Season/Summer Season_Week 2_5_1,2026-05-22 10:09:00,26.09,VCS 2026 Summer,Saigon Dino,Saigon Warriors,Saigon Warriors,"['Rumble', 'Nautilus', 'Nocturne', 'Ahri', 'Gwen']","['Orianna', 'Jarvan IV', 'Ezreal', 'Pantheon', 'Naafiri']","['Sion', 'Xin Zhao', 'Cassiopeia', 'Jhin', 'Karma']","['Varus', 'Vi', 'LeBlanc', 'Sivir', 'Bard']",[],[],0,leaguepedia_cargo_patch_range,1,scoreboard_players_corrected
LCK/2026 Season/Rounds 1-2_Week 8_6_1,2026-05-22 10:20:00,26.10,LCK 2026 Rounds 1-2,KT Rolster,Gen.G,Gen.G,"['Varus', 'Jarvan IV', 'Nautilus', 'Taliyah', 'Zaahen']","['Rumble', 'Orianna', 'Cassiopeia', 'Lee Sin', 'Wukong']","['Ambessa', 'Pantheon', 'Anivia', 'Ezreal', 'Nami']","['Sion', 'Naafiri', 'Ryze', 'Jhin', 'Karma']",[],[],0,leaguepedia_cargo_patch_range,1,scoreboard_players_corrected
VCS/2026 Season/Summer Season_Week 2_5_2,2026-05-22 10:56:00,26.09,VCS 2026 Summer,Saigon Dino,Saigon Warriors,Saigon Warriors,"['Nocturne', 'Pantheon', 'Rumble', 'Azir', 'Taliyah']","['Orianna', 'Jarvan IV', 'Annie', 'Miss Fortune', 'Corki']","['Renekton', 'Lee Sin', 'Ryze', 'Senna', 'Nautilus']","['Gnar', 'Skarner', 'Aurora', 'Lucian', 'Milio']",[],[],0,leaguepedia_cargo_patch_range,1,scoreboard_players_corrected
LJL/2026 Season/Spring Series_Week 4_4_1,2026-05-22 11:04:00,26.10,LJL 2026 Spring Series,L Guide Gaming,Arneb,Arneb,"['Nocturne', 'Orianna', 'Lee Sin', 'Jarvan IV', 'Naafiri']","['Neeko', 'Seraphine', 'Varus', 'Aatrox', 'Ambessa']","['Rumble', 'Pantheon', 'Viktor', 'Sivir', 'Nautilus']","['Galio', 'Wukong', 'Akali', 'Ezreal', 'Bard']",[],[],0,leaguepedia_cargo_patch_range,1,scoreboard_players_corrected
LCK/2026 Season/Rounds 1-2_Week 8_6_2,2026-05-22 11:11:00,26.10,LCK 2026 Rounds 1-2,KT Rolster,Gen.G,Gen.G,"['Varus', 'Caitlyn', 'Rumble', 'Xin Zhao', 'Yorick']","['Orianna', 'Jarvan IV', 'Lucian', 'Miss Fortune', 'Ziggs']","['Jayce', 'Trundle', 'Cassiopeia', 'Corki', 'Nautilus']","['Vayne', 'Nocturne', 'Galio', 'Ashe', 'Seraphine']",[],[],0,leaguepedia_cargo_patch_range,1,scoreboard_players_corrected
VCS/2026 Season/Summer Season_Week 2_6_1,2026-05-22 11:53:00,26.09,VCS 2026 Summer,MVK Esports Academy,SN CyberCore Esports,SN CyberCore Esports,"['Nautilus', 'Ezreal', 'Varus', 'Gwen', 'Sivir']","['Rumble', 'Pantheon', 'Lucian', 'Lee Sin', 'Naafiri']","['Sion', 'Xin Zhao', 'Orianna', 'Jhin', 'Karma']","['Zaahen', 'Nocturne', 'Akali', 'Corki', 'Bard']",[],[],0,leaguepedia_cargo_patch_range,1,scoreboard_players_corrected
LJL/2026 Season/Spring Series_Week 4_4_2,2026-05-22 11:56:00,26.10,LJL 2026 Spring Series,L Guide Gaming,Arneb,Arneb,"['Nocturne', 'Orianna', 'Naafiri', 'Yorick', 'Annie']","['Neeko', 'Jarvan IV', 'Varus', 'Milio', 'Nami']","['Gnar', 'Lee Sin', 'Mel', 'Zeri', 'Braum']","['Sion', 'Xin Zhao', 'Ryze', 'Ashe', 'Leona']",[],[],0,leaguepedia_cargo_patch_range,1,scoreboard_players_corrected
VCS/2026 Season/Summer Season_Week 2_6_2,2026-05-22 12:47:00,26.09,VCS 2026 Summer,SN CyberCore Esports,MVK Esports Academy,MVK Esports Academy,"['Varus', 'Jarvan IV', 'Lucian', 'Naafiri', 'Vi']","['Pantheon', 'Ezreal', 'Caitlyn', 'Braum', 'Sivir']","['Rumble', 'Lee Sin', 'Annie', 'Miss Fortune', 'Poppy']","[""K'Sante"", 'Ambessa', 'Cassiopeia', 'Jinx', 'Nautilus']",[],[],0,leaguepedia_cargo_patch_range,1,scoreboard_players_corrected
VCS/2026 Season/Summer Season_Week 2_6_3,2026-05-22 13:43:00,26.09,VCS 2026 Summer,MVK Esports Academy,SN CyberCore Esports,SN CyberCore Esports,"['Ezreal', 'Aurora', 'Anivia', 'Yunara', 'Sivir']","['Pantheon', 'Jarvan IV', 'Jayce', 'Pyke', 'Elise']","['Jax', 'Sejuani', 'Ryze', 'Lucian', 'Milio']","['Shen', 'Naafiri', 'Twisted Fate', 'Ashe', 'Lulu']",[],[],0,leaguepedia_cargo_patch_range,1,scoreboard_players_corrected
TCL/2026 Season/Spring Playoffs_Round 2_2_1,2026-05-22 15:01:00,26.10,TCL 2026 Spring Playoffs,SU Esports,PCIFIC Esports,SU Esports,"['Nautilus', 'Varus', 'Ezreal', 'Gnar', 'Anivia']","['Orianna', 'Karma', 'Pantheon', 'Sion', ""K'Sante""]","['Rumble', 'Xin Zhao', 'Ryze', 'Ashe', 'Seraphine']","['Aurora', 'Jarvan IV', 'Tristana', 'Mel', 'Nami']",[],[],1,leaguepedia_cargo_patch_range,0,scoreboard_players_corrected
TCL/2026 Season/Spring Playoffs_Round 2_2_2,2026-05-22 15:53:00,26.10,TCL 2026 Spring Playoffs,SU Esports,PCIFIC Esports,PCIFIC Esports,"['Nautilus', 'Varus', 'Ezreal', 'Anivia', 'Jax']","['Orianna', 'Karma', 'Pantheon', 'Sion', 'Annie']","['Yorick', 'Nocturne', 'LeBlanc', 'Lucian', 'Yuumi']","['Volibear', 'Wukong', 'Ahri', 'Aphelios', 'Milio']",[],[],0,leaguepedia_cargo_patch_range,1,scoreboard_players_corrected
Streamers Clash/Season 4_Day 5_1_1,2026-05-22 16:06:00,26.10,Streamers Clash Season 4,VEDICI DEEMONS,TYBLÁHO MEWING SOCIETY,VEDICI DEEMONS,"['Irelia', 'Yuumi', 'Kayle', 'Seraphine', 'Brand']","['Zed', 'Syndra', 'Orianna', 'Naafiri', 'Lillia']","['Malphite', 'Trundle', 'Viktor', 'Vayne', 'Nautilus']","['Sylas', 'Skarner', 'Twisted Fate', 'Miss Fortune', 'Braum']",[],[],1,leaguepedia_cargo_patch_range,0,scoreboard_players_corrected
TCL/2026 Season/Spring Playoffs_Round 2_2_3,2026-05-22 16:47:00,26.10,TCL 2026 Spring Playoffs,PCIFIC Esports,SU Esports,PCIFIC Esports,"['Sion', 'Syndra', 'Pantheon', 'Neeko', 'Nautilus']","['Orianna', 'Varus', 'Ezreal', 'Karma', 'Rell']","['Renekton', 'Dr. Mundo', 'Akali', 'Caitlyn', 'Lux']","['Gnar', 'Vi', 'Viktor', 'Jhin', 'Bard']",[],[],1,leaguepedia_cargo_patch_range,0,scoreboard_players_corrected
Streamers Clash/Season 4_Day 5_2_1,2026-05-22 17:03:00,26.10,Streamers Clash Season 4,STOPERCENTNÁ KAMILOVA TUTOFKA,NATÁLKY IMAGINÁRNÍ KAMARÁDI,STOPERCENTNÁ KAMILOVA TUTOFKA,"['Vladimir', 'Malphite', 'Nasus', 'Jarvan IV', 'Graves']","['Yuumi', 'Gwen', 'Ambessa', 'Trundle', 'Pantheon']","['Vayne', 'Amumu', 'Galio', 'Veigar', 'Maokai']","['Shen', 'Wukong', 'Ahri', 'Miss Fortune', 'Nautilus']",[],[],1,leaguepedia_cargo_patch_range,0,scoreboard_players_corrected
Benelux Ascend Series/2026 Season/Spring Playoffs_Round 1_3_1,2026-05-22 17:08:00,26.10,Benelux Ascend Series 2026 Spring Playoffs,RED OUAT,TAKA ASCEND,RED OUAT,"['Karma', 'Xin Zhao', 'Renekton', 'Akali', 'Aurora']","['Pantheon', 'Jarvan IV', 'Ambessa', 'Sion', ""K'Sante""]","['Aatrox', 'Wukong', 'Orianna', 'Mel', 'Nautilus']","['Fiora', 'Nocturne', 'Viktor', 'Ashe', 'Seraphine']",[],[],1,leaguepedia_cargo_patch_range,0,scoreboard_players_corrected
LIT/2026 Season/Summer Promotion_Round 5_1_1,2026-05-22 17:19:00,26.10,LIT 2026 Summer Promotion,P11 Esports,Huskies Esports,P11 Esports,"['Nautilus', 'Jarvan IV', 'Shaco', 'Gragas', 'Yorick']","['Zaahen', 'Varus', 'Sion', 'Orianna', 'Mel']","['Jayce', 'Wukong', 'Ahri', 'Ezreal', 'Karma']","['Malphite', 'Xin Zhao', 'Aurora', 'Ashe', 'Seraphine']",[],[],1,leaguepedia_cargo_patch_range,0,scoreboard_players_corrected
TCL/2026 Season/Spring Playoffs_Round 2_2_4,2026-05-22 17:31:00,26.10,TCL 2026 Spring Playoffs,SU Esports,PCIFIC Esports,PCIFIC Esports,"['Varus', 'Nautilus', 'Ezreal', 'Anivia', 'Diana']","['Orianna', 'Karma', 'Pantheon', 'Sion', ""K'Sante""]","['Ambessa', 'Skarner', 'Syndra', 'Yunara', 'Lulu']","['Vayne', 'Zyra', 'Yasuo', 'Xayah', 'Rakan']",[],[],0,leaguepedia_cargo_patch_range,1,scoreboard_players_corrected
Benelux Ascend Series/2026 Season/Spring Playoffs_Round 1_4_1,2026-05-22 18:07:00,26.10,Benelux Ascend Series 2026 Spring Playoffs,ZennIT Academy,FUSE,FUSE,"['Dr. Mundo', 'Nautilus', 'Seraphine', 'Jarvan IV', 'Pantheon']","['Qiyana', 'Karma', 'Caitlyn', 'Lulu', 'Milio']","['Rumble', 'Xin Zhao', 'Orianna', 'Xayah', 'Rakan']","['Sion', 'Ambessa', 'Akali', 'Smolder', 'Nami']",[],[],0,leaguepedia_cargo_patch_range,1,scoreboard_players_corrected
Streamers Clash/Season 4_Day 5_3_1,2026-05-22 18:13:00,26.10,Streamers Clash Season 4,HERDYNŮV LANGUSTA TÝM,SILNĚJŠÍ SE XNAPYM,HERDYNŮV LANGUSTA TÝM,"['Senna', 'Zoe', 'Zac', 'Cassiopeia', 'Ryze']","['Viego', 'Yuumi', 'Gwen', ""Bel'Veth"", 'Lillia']","['Mordekaiser', 'Vayne', 'Orianna', 'Seraphine', 'Nautilus']","[""Cho'Gath"", 'Zaahen', 'Ahri', 'Brand', 'Rell']",[],[],1,leaguepedia_cargo_patch_range,0,scoreboard_players_corrected
Benelux Ascend Series/2026 Season/Spring Playoffs_Round 1_3_2,2026-05-22 18:14:00,26.10,Benelux Ascend Series 2026 Spring Playoffs,TAKA ASCEND,RED OUAT,RED OUAT,"['Pantheon', 'Jarvan IV', 'Caitlyn', 'Ezreal', 'Neeko']","['Karma', 'Lulu', 'Xin Zhao', 'Nami', 'Morgana']","['Ambessa', 'Sejuani', 'Ryze', 'Smolder', 'Braum']","['Renekton', 'Vi', 'Aurora', 'Varus', 'Rakan']",[],[],0,leaguepedia_cargo_patch_range,1,scoreboard_players_corrected
LPLOL/2026 Season/Spring Split_Week 4_5_1,2026-05-22 18:15:00,26.09,LPLOL 2026 Spring,Bubliki,GTZ Esports,Bubliki,"['Nautilus', 'Jarvan IV', 'Bard', ""K'Sante"", 'Ahri']","['Orianna', 'Karma', 'Ashe', 'Volibear', 'Shen']","['Gragas', 'Xin Zhao', 'Syndra', 'Yunara', 'Lulu']","['Ornn', 'Pantheon', 'Fizz', 'Ezreal', 'Nami']",[],[],1,leaguepedia_cargo_patch_range,0,scoreboard_players_corrected
LIT/2026 Season/Summer Promotion_Round 5_1_2,2026-05-22 18:16:00,26.10,LIT 2026 Summer Promotion,P11 Esports,Huskies Esports,P11 Esports,"['Nautilus', 'Jarvan IV', 'Shaco', 'Gragas', 'Sejuani']","['Zaahen', 'Varus', 'Sion', 'Orianna', 'Hwei']","['Anivia', 'Skarner', 'Xerath', 'Yunara', 'Lulu']","['Ambessa', 'Trundle', 'Cassiopeia', 'Jinx', 'Leona']",[],[],1,leaguepedia_cargo_patch_range,0,scoreboard_players_corrected
Benelux Ascend Series/2026 Season/Spring Playoffs_Round 1_4_2,2026-05-22 18:59:00,26.10,Benelux Ascend Series 2026 Spring Playoffs,ZennIT Academy,FUSE,ZennIT Academy,"['Dr. Mundo', 'Nautilus', 'Ezreal', 'Gnar', ""Cho'Gath""]","['Qiyana', 'Karma', 'Caitlyn', ""Rek'Sai"", 'Jarvan IV']","['Ornn', ""Kha'Zix"", 'Hwei', 'Ashe', 'Seraphine']","[""K'Sante"", 'Jayce', 'Viktor', 'Senna', 'Rell']",[],[],1,leaguepedia_cargo_patch_range,0,scoreboard_players_corrected
Streamers Clash/Season 4_Day 5_4_1,2026-05-22 19:10:00,26.10,Streamers Clash Season 4,SPAJKOVI UKRADLI SUPERSTRIKE,FREEZŮV WOLT DŮCHOĎÁK,FREEZŮV WOLT DŮCHOĎÁK,"['Amumu', 'Galio', 'Malphite', 'Ivern', 'Tristana']","['Udyr', 'Yone', 'Yuumi', 'Olaf', 'Xin Zhao']","['Mordekaiser', 'Wukong', 'Azir', 'Seraphine', 'Maokai']","['Nasus', 'Jarvan IV', 'Veigar', 'Caitlyn', 'Nautilus']",[],[],0,leaguepedia_cargo_patch_range,1,scoreboard_players_corrected
LPLOL/2026 Season/Spring Split_Week 4_6_1,2026-05-22 19:11:00,26.09,LPLOL 2026 Spring,Francesinhas,Crusaders,Francesinhas,"['Ryze', 'Wukong', 'Karma', 'Ahri', 'Gwen']","['Orianna', 'Pantheon', 'Seraphine', 'Akali', 'Twisted Fate']","[""K'Sante"", 'Naafiri', 'Annie', 'Caitlyn', 'Bard']","['Gnar', 'Xin Zhao', 'Taliyah', 'Yunara', 'Lulu']",[],[],1,leaguepedia_cargo_patch_range,0,scoreboard_players_corrected
Benelux Ascend Series/2026 Season/Spring Playoffs_Round 1_4_3,2026-05-22 20:04:00,26.10,Benelux Ascend Series 2026 Spring Playoffs,ZennIT Academy,FUSE,FUSE,"['Dr. Mundo', 'Nautilus', 'Ezreal', 'Gnar', ""Cho'Gath""]","['Qiyana', 'Karma', 'Caitlyn', ""Rek'Sai"", 'Naafiri']","['Renekton', 'Pantheon', 'Anivia', 'Varus', 'Bard']","['Malphite', 'Jarvan IV', 'Syndra', 'Aphelios', 'Lulu']",[],[],0,leaguepedia_cargo_patch_range,1,scoreboard_players_corrected
North American Challengers League/2026 Season/Spring Playoffs_Round 2_1_1,2026-05-22 20:07:00,26.10,NACL 2026 Spring Playoffs,NRG,CCG Esports,CCG Esports,"['Bard', 'Varus', 'Vi', ""Rek'Sai"", 'Gwen']","['Ezreal', 'Nocturne', 'Orianna', 'Cassiopeia', 'Anivia']","['Ambessa', 'Xin Zhao', 'Ryze', 'Ashe', 'Seraphine']","['Sion', 'Nasus', 'Taliyah', 'Lucian', 'Milio']",[],[],0,leaguepedia_cargo_patch_range,1,scoreboard_players_corrected
LPLOL/2026 Season/Spring Split_Week 4_7_1,2026-05-22 20:16:00,26.09,LPLOL 2026 Spring,Otter Side,Dream Esports,Otter Side,"['Smolder', 'Ambessa', 'Nautilus', 'Vladimir', 'Aurora']","['Caitlyn', 'Karma', 'Orianna', 'Ryze', 'Ahri']","['Gnar', 'Nocturne', 'Cassiopeia', 'Ezreal', 'Leona']","[""K'Sante"", 'Wukong', ""Kog'Maw"", 'Jhin', 'Bard']",[],[],1,leaguepedia_cargo_patch_range,0,scoreboard_players_corrected
North American Challengers League/2026 Season/Spring Playoffs_Round 2_1_2,2026-05-22 20:55:00,26.10,NACL 2026 Spring Playoffs,CCG Esports,NRG,CCG Esports,"['Nocturne', 'Cassiopeia', 'Ornn', 'Caitlyn', 'Smolder']","['Bard', 'Varus', 'Ezreal', 'Nautilus', 'Naafiri']","['Yorick', 'Jarvan IV', 'Galio', 'Zeri', 'Karma']","['Rumble', 'Wukong', 'Orianna', 'Senna', 'Alistar']",[],[],1,leaguepedia_cargo_patch_range,0,scoreboard_players_corrected
LPLOL/2026 Season/Spring Split_Week 4_8_1,2026-05-22 21:18:00,26.09,LPLOL 2026 Spring,ZeroZone Gaming,Ronaldo Team,Ronaldo Team,"['Ryze', 'Ahri', 'Vi', 'Taliyah', 'Sylas']","['Aurora', 'Orianna', 'Karma', 'Gnar', 'Syndra']","['Ambessa', 'Jarvan IV', 'Hwei', 'Ashe', 'Lulu']","['Varus', 'Xin Zhao', 'Cassiopeia', 'Draven', 'Nautilus']",[],[],0,leaguepedia_cargo_patch_range,1,scoreboard_players_corrected
North American Challengers League/2026 Season/Spring Playoffs_Round 2_2_1,2026-05-22 21:57:00,26.10,NACL 2026 Spring Playoffs,Conviction,Supernova,Conviction,"['Nocturne', 'Ryze', 'Jarvan IV', 'Rumble', 'Ambessa']","['Karma', 'Orianna', 'Pantheon', 'Nautilus', 'Bard']","['Jayce', 'Vi', 'Cassiopeia', 'Varus', 'Nami']","['Yorick', 'Wukong', 'Akali', 'Lucian', 'Milio']",[],[],1,leaguepedia_cargo_patch_range,0,scoreboard_players_corrected
North American Challengers League/2026 Season/Spring Playoffs_Round 2_2_2,2026-05-22 22:48:00,26.10,NACL 2026 Spring Playoffs,Conviction,Supernova,Supernova,"['Nocturne', 'Rumble', 'Jarvan IV', 'Skarner', 'Xin Zhao']","['Karma', 'Orianna', 'Pantheon', 'Nasus', 'Trundle']","['Renekton', 'Sejuani', 'Ryze', 'Ezreal', 'Nautilus']","[""K'Sante"", 'Lee Sin', 'Anivia', 'Caitlyn', 'Bard']",[],[],0,leaguepedia_cargo_patch_range,1,scoreboard_players_corrected
North American Challengers League/2026 Season/Spring Playoffs_Round 2_2_3,2026-05-22 23:57:00,26.10,NACL 2026 Spring Playoffs,Conviction,Supernova,Conviction,"['Nocturne', 'Ziggs', 'Neeko', 'Rumble', 'Ahri']","['Orianna', 'Pantheon', 'Ashe', 'Gnar', 'Ambessa']","['Riven', 'Jarvan IV', 'Aurora', 'Yunara', 'Lulu']","['Jax', 'Xin Zhao', 'Twisted Fate', 'Smolder', 'Karma']",[],[],1,leaguepedia_cargo_patch_range,0,scoreboard_players_corrected
LPL/2026 Season/Split 2 Playoffs_Play-In_1_1,2026-05-23 06:07:00,26.10,LPL 2026 Split 2 Playoffs,LNG Esports,Team WE,Team WE,"['Nocturne', 'Cassiopeia', 'Varus', 'Lee Sin', 'Xin Zhao']","['Karma', 'Orianna', 'Rumble', 'Nautilus', 'Neeko']","['Gnar', 'Wukong', 'Annie', 'Lucian', 'Milio']","['Sion', 'Vi', 'Akali', 'Ezreal', 'Nami']",[],[],0,leaguepedia_cargo_patch_range,1,scoreboard_players_corrected
LPL/2026 Season/Split 2 Playoffs_Play-In_1_2,2026-05-23 07:00:00,26.10,LPL 2026 Split 2 Playoffs,Team WE,LNG Esports,LNG Esports,"['Pantheon', 'Karma', 'Varus', 'Seraphine', 'Sivir']","['Orianna', 'Cassiopeia', 'Nocturne', 'Caitlyn', 'Miss Fortune']","[""K'Sante"", 'Lee Sin', 'Ryze', 'Jhin', 'Alistar']","['Rumble', 'Trundle', 'Yone', 'Yunara', 'Nautilus']",[],[],0,leaguepedia_cargo_patch_range,1,scoreboard_players_corrected
LPL/2026 Season/Split 2 Playoffs_Play-In_1_3,2026-05-23 07:58:00,26.10,LPL 2026 Split 2 Playoffs,LNG Esports,Team WE,LNG Esports,"['Cassiopeia', 'Nocturne', 'Karma', 'Jayce', 'Jax']","['Pantheon', 'Orianna', 'Skarner', 'Azir', 'Mel']","['Zaahen', 'Xin Zhao', 'Twisted Fate', 'Sivir', 'Bard']","['Renekton', 'Jarvan IV', 'Aurora', 'Varus', 'Neeko']",[],[],1,leaguepedia_cargo_patch_range,0,scoreboard_players_corrected
LCK/2026 Season/Rounds 1-2_Week 8_7_1,2026-05-23 08:06:00,26.10,LCK 2026 Rounds 1-2,Dplus Kia,BNK FEARX,Dplus Kia,"['Varus', 'Bard', 'Cassiopeia', 'Viktor', 'Ambessa']","['Nocturne', 'Ezreal', 'Rumble', 'Lee Sin', 'Xin Zhao']","['Gnar', 'Jarvan IV', 'Ryze', 'Caitlyn', 'Karma']","['Sion', 'Naafiri', 'Orianna', 'Lucian', 'Milio']",[],[],1,leaguepedia_cargo_patch_range,0,scoreboard_players_corrected
LPL/2026 Season/Split 2 Playoffs_Play-In_1_4,2026-05-23 08:54:00,26.10,LPL 2026 Split 2 Playoffs,LNG Esports,Team WE,Team WE,"['Nocturne', 'Cassiopeia', 'Poppy', 'Viktor', 'LeBlanc']","['Pantheon', 'Orianna', 'Skarner', 'Shen', 'Ambessa']","['Yorick', 'Maokai', 'Tristana', 'Miss Fortune', 'Karma']","['Ornn', 'Naafiri', 'Ahri', 'Caitlyn', 'Lux']",[],[],0,leaguepedia_cargo_patch_range,1,scoreboard_players_corrected
LCK/2026 Season/Rounds 1-2_Week 8_7_2,2026-05-23 09:01:00,26.10,LCK 2026 Rounds 1-2,BNK FEARX,Dplus Kia,BNK FEARX,"['Varus', 'Bard', 'Cassiopeia', 'Twisted Fate', 'Viktor']","['Nocturne', 'Trundle', 'Renekton', 'Annie', 'Akali']","['Ambessa', 'Lee Sin', 'Ahri', 'Ashe', 'Lulu']","['Rumble', 'Xin Zhao', 'LeBlanc', 'Ezreal', 'Seraphine']",[],[],1,leaguepedia_cargo_patch_range,0,scoreboard_players_corrected
LCP/2026 Season/Split 2 Playoffs_Round 1_1_1,2026-05-23 09:13:00,26.10,LCP 2026 Split 2 Playoffs,CTBC Flying Oyster,MVK Esports,CTBC Flying Oyster,"['Nocturne', 'Ashe', 'Ezreal', 'Naafiri', 'Wukong']","['Lucian', 'Jarvan IV', 'Varus', 'Lee Sin', 'Vi']","['Rumble', 'Jayce', 'Cassiopeia', 'Miss Fortune', 'Nautilus']","[""K'Sante"", 'Zyra', 'Orianna', 'Jhin', 'Leona']",[],[],1,leaguepedia_cargo_patch_range,0,scoreboard_players_corrected
LPL/2026 Season/Split 2 Playoffs_Play-In_1_5,2026-05-23 09:45:00,26.10,LPL 2026 Split 2 Playoffs,LNG Esports,Team WE,Team WE,"['Pantheon', 'Skarner', 'Malphite', 'Azir', 'Olaf']","['Nocturne', 'Cassiopeia', 'Orianna', 'Mel', 'Ziggs']","['Ambessa', 'Jayce', 'Galio', 'Jinx', 'Lulu']","['Aatrox', 'Poppy', 'Smolder', 'Ashe', 'Seraphine']",[],[],0,leaguepedia_cargo_patch_range,1,scoreboard_players_corrected
LCK/2026 Season/Rounds 1-2_Week 8_7_3,2026-05-23 09:58:00,26.10,LCK 2026 Rounds 1-2,Dplus Kia,BNK FEARX,Dplus Kia,"['Varus', 'Nocturne', 'Akali', 'Nami', 'Nautilus']","['Bard', 'Cassiopeia', 'Wukong', 'Neeko', 'Sivir']","['Jayce', 'Skarner', 'Viktor', 'Jhin', 'Poppy']","['Yorick', 'Pantheon', 'Taliyah', 'Miss Fortune', 'Alistar']",[],[],1,leaguepedia_cargo_patch_range,0,scoreboard_players_corrected
Nexus League/2026 Season/Spring Split_Week 7_1_1,2026-05-23 10:07:00,26.10,Nexus League 2026 Spring,Karmine Corp Blue Stars,Crystal Rose (French Team),Karmine Corp Blue Stars,"['Nautilus', 'Jarvan IV', 'Viktor', 'Yorick', 'Vi']","['Xin Zhao', 'Orianna', 'Nami', 'Aurora', 'Jayce']","['Rumble', 'Pantheon', 'Ryze', 'Ezreal', 'Neeko']","['Sion', 'Aatrox', 'Twisted Fate', 'Jhin', 'Bard']",[],[],1,leaguepedia_cargo_patch_range,0,scoreboard_players_corrected
LCP/2026 Season/Split 2 Playoffs_Round 1_1_2,2026-05-23 10:10:00,26.10,LCP 2026 Split 2 Playoffs,CTBC Flying Oyster,MVK Esports,MVK Esports,"['Ashe', 'Nocturne', 'Varus', 'Gwen', 'Annie']","['Lucian', 'Ryze', 'Ezreal', 'Twisted Fate', 'Sion']","['Renekton', 'Jarvan IV', 'Viktor', 'Senna', 'Karma']","['Gnar', 'Lee Sin', 'Aurora', 'Caitlyn', 'Pyke']",[],[],0,leaguepedia_cargo_patch_range,1,scoreboard_players_corrected
Hellenic Legends League/2026 Season/Spring Playoffs_Finals_1_1,2026-05-23 10:14:00,26.09,HLL 2026 Spring Playoffs,WLGaming Esports,GOAL,WLGaming Esports,"['Varus', 'Nautilus', 'Anivia', 'Leona', 'Gwen']","['Karma', 'Rumble', 'Bard', 'Yunara', 'Zeri']","['Sion', 'Nocturne', 'Orianna', 'Sivir', 'Lulu']","['Gnar', 'Pantheon', 'Akali', 'Ezreal', 'Nami']",[],[],1,leaguepedia_cargo_patch_range,0,scoreboard_players_corrected
Hitpoint Masters/2026 Season/Spring Playoffs_Round 1_1_1,2026-05-23 10:20:00,26.10,Hitpoint Masters 2026 Spring Playoffs,Nightbirds,Meavedron,Nightbirds,"['Nautilus', 'Wukong', 'Varus', 'Galio', 'Akali']","['Jayce', 'Bard', 'Karma', ""Kai'Sa"", 'Lucian']","[""K'Sante"", 'Vi', 'Orianna', 'Zeri', 'Yuumi']","['Ambessa', 'Jarvan IV', 'Veigar', 'Ezreal', 'Rell']",[],[],1,leaguepedia_cargo_patch_range,0,scoreboard_players_corrected
LPL/2026 Season/Split 2 Playoffs_Play-In_2_1,2026-05-23 10:55:00,26.10,LPL 2026 Split 2 Playoffs,ThunderTalk Gaming,Invictus Gaming,ThunderTalk Gaming,"['Seraphine', 'Varus', 'Akali', 'Bard', 'Nautilus']","['Karma', 'Nocturne', 'Lucian', 'Caitlyn', 'Lulu']","['Rumble', 'Lee Sin', 'Ryze', 'Ezreal', 'Nami']","[""K'Sante"", 'Naafiri', 'Orianna', 'Corki', 'Neeko']",[],[],1,leaguepedia_cargo_patch_range,0,scoreboard_players_corrected
LCP/2026 Season/Split 2 Playoffs_Round 1_1_3,2026-05-23 10:59:00,26.10,LCP 2026 Split 2 Playoffs,CTBC Flying Oyster,MVK Esports,CTBC Flying Oyster,"['Nocturne', 'Ashe', 'Vi', 'Skarner', 'Yorick']","['Lucian', 'Ryze', 'Xin Zhao', 'Sion', 'Trundle']","['Ambessa', 'Sejuani', 'Akali', 'Ezreal', 'Neeko']","['Varus', 'Maokai', 'Azir', 'Corki', 'Nami']",[],[],1,leaguepedia_cargo_patch_range,0,scoreboard_players_corrected
Nexus League/2026 Season/Spring Split_Week 7_2_1,2026-05-23 11:04:00,26.10,Nexus League 2026 Spring,Lausanne-Sport Esports,Lille Esport,Lille Esport,"['Ryze', 'Akali', ""K'Sante"", 'Galio', 'Syndra']","['Zoe', 'Orianna', 'Karma', 'Ezreal', 'Neeko']","['Rumble', 'Graves', 'Mel', 'Kalista', 'Rell']","['Ambessa', 'Jarvan IV', 'Cassiopeia', 'Ashe', 'Seraphine']",[],[],0,leaguepedia_cargo_patch_range,1,scoreboard_players_corrected
Hitpoint Masters/2026 Season/Spring Playoffs_Round 1_1_2,2026-05-23 11:07:00,26.10,Hitpoint Masters 2026 Spring Playoffs,Nightbirds,Meavedron,Nightbirds,"['Nautilus', 'Ashe', 'Varus', 'Neeko', 'Ahri']","['Jayce', 'Bard', 'Karma', 'Akali', 'Ryze']","['Aatrox', 'Wukong', 'Cassiopeia', 'Jhin', 'Rumble']","['Ornn', 'Viego', 'Viktor', 'Caitlyn', 'Leona']",[],[],1,leaguepedia_cargo_patch_range,0,scoreboard_players_corrected
LCK/2026 Season/Rounds 1-2_Week 8_8_1,2026-05-23 11:15:00,26.10,LCK 2026 Rounds 1-2,Hanwha Life Esports,Nongshim RedForce,Nongshim RedForce,"['Varus', 'Karma', 'Jarvan IV', 'Ryze', 'Jayce']","['Orianna', 'Cassiopeia', 'Ezreal', 'Lee Sin', 'Pantheon']","['Yorick', 'Xin Zhao', 'Akali', 'Jhin', 'Bard']","['Rumble', 'Wukong', 'Annie', 'Lucian', 'Milio']",[],[],0,leaguepedia_cargo_patch_range,1,scoreboard_players_corrected
Hellenic Legends League/2026 Season/Spring Playoffs_Finals_1_2,2026-05-23 11:21:00,26.09,HLL 2026 Spring Playoffs,WLGaming Esports,GOAL,WLGaming Esports,"['Varus', 'Nautilus', 'Dr. Mundo', 'Aurelion Sol', 'LeBlanc']","['Ryze', 'Karma', 'Bard', 'Yorick', 'Rumble']","['Anivia', 'Wukong', 'Aurora', 'Ashe', 'Seraphine']","['Jayce', 'Xin Zhao', 'Gwen', 'Lucian', 'Milio']",[],[],1,leaguepedia_cargo_patch_range,0,scoreboard_players_corrected
LPL/2026 Season/Split 2 Playoffs_Play-In_2_2,2026-05-23 11:48:00,26.10,LPL 2026 Split 2 Playoffs,ThunderTalk Gaming,Invictus Gaming,ThunderTalk Gaming,"['Seraphine', 'Varus', 'Ambessa', 'Bard', 'Kalista']","['Karma', 'Nocturne', 'Lucian', 'Caitlyn', 'Lulu']","['Jayce', 'Xin Zhao', 'Akali', 'Senna', 'Nautilus']","['Sion', 'Jarvan IV', 'Cassiopeia', 'Ashe', 'Braum']",[],[],1,leaguepedia_cargo_patch_range,0,scoreboard_players_corrected
Hitpoint Masters/2026 Season/Spring Playoffs_Round 1_1_3,2026-05-23 11:55:00,26.10,Hitpoint Masters 2026 Spring Playoffs,Nightbirds,Meavedron,Nightbirds,"['Ashe', 'Fiora', 'Nocturne', 'Ahri', 'Annie']","['Jayce', 'Bard', 'Karma', 'Ryze', 'Aurora']","['Sion', 'Pantheon', 'Taliyah', 'Yunara', 'Lulu']","['Sylas', 'Lee Sin', 'Hwei', 'Lucian', 'Milio']",[],[],1,leaguepedia_cargo_patch_range,0,scoreboard_players_corrected
LCP/2026 Season/Split 2 Playoffs_Round 1_1_4,2026-05-23 12:05:00,26.10,LCP 2026 Split 2 Playoffs,CTBC Flying Oyster,MVK Esports,MVK Esports,"['Nocturne', 'Ashe', 'Naafiri', 'Viego', 'Camille']","['Lucian', 'Ryze', 'Lulu', ""Kai'Sa"", 'Sivir']","['Sion', 'Vi', 'Ahri', 'Zeri', 'Yuumi']","['Vayne', 'Xin Zhao', 'Lissandra', 'Ziggs', 'Poppy']",[],[],0,leaguepedia_cargo_patch_range,1,scoreboard_players_corrected
LCK/2026 Season/Rounds 1-2_Week 8_8_2,2026-05-23 12:08:00,26.10,LCK 2026 Rounds 1-2,Nongshim RedForce,Hanwha Life Esports,Hanwha Life Esports,"['Varus', 'Ezreal', 'Jarvan IV', 'Gnar', 'Azir']","['Cassiopeia', 'Orianna', 'Ryze', 'Jayce', 'Yone']","['Ambessa', 'Pantheon', 'Ahri', 'Ashe', 'Nautilus']","['Sion', 'Vi', 'Aurora', 'Ziggs', 'Pyke']",[],[],0,leaguepedia_cargo_patch_range,1,scoreboard_players_corrected
Hellenic Legends League/2026 Season/Spring Playoffs_Finals_1_3,2026-05-23 12:23:00,26.09,HLL 2026 Spring Playoffs,WLGaming Esports,GOAL,WLGaming Esports,"['Varus', 'Nautilus', 'Aurelion Sol', 'LeBlanc', 'Renekton']","['Ryze', 'Karma', 'Rumble', 'Viktor', 'Kennen']","['Aatrox', 'Jarvan IV', 'Taliyah', 'Jhin', 'Bard']","[""K'Sante"", 'Dr. Mundo', 'Syndra', 'Caitlyn', 'Neeko']",[],[],1,leaguepedia_cargo_patch_range,0,scoreboard_players_corrected
Nexus League/2026 Season/Spring Split_Week 7_3_1,2026-05-23 12:27:00,26.10,Nexus League 2026 Spring,Project Conquerors,Caldya Esport,Caldya Esport,"['Jarvan IV', 'Zyra', 'Varus', 'Smolder', 'Gnar']","['Orianna', 'Seraphine', 'Ezreal', 'Senna', 'Miss Fortune']","['Renekton', 'Shyvana', 'Viktor', ""Kog'Maw"", 'Nautilus']","[""K'Sante"", 'Nocturne', 'Cassiopeia', 'Corki', 'Rell']",[],[],0,leaguepedia_cargo_patch_range,1,scoreboard_players_corrected
LPL/2026 Season/Split 2 Playoffs_Play-In_2_3,2026-05-23 12:38:00,26.10,LPL 2026 Split 2 Playoffs,Invictus Gaming,ThunderTalk Gaming,ThunderTalk Gaming,"['Vi', 'Nidalee', 'Pantheon', 'Bard', 'Draven']","['Karma', 'Nocturne', 'Lucian', 'Renekton', 'Poppy']","['Varus', 'Trundle', 'Taliyah', 'Yunara', 'Lulu']","['Ambessa', 'Wukong', 'Annie', 'Jhin', 'Seraphine']",[],[],0,leaguepedia_cargo_patch_range,1,scoreboard_players_corrected
LCP/2026 Season/Split 2 Playoffs_Round 1_1_5,2026-05-23 12:58:00,26.10,LCP 2026 Split 2 Playoffs,CTBC Flying Oyster,MVK Esports,MVK Esports,"['Nocturne', 'Naafiri', 'Camille', 'Jax', 'Gwen']","['Lucian', 'Ryze', 'Annie', 'LeBlanc', 'Twisted Fate']","['Yorick', 'Wukong', 'Galio', 'Ashe', 'Lulu']","['Zaahen', 'Aatrox', 'Taliyah', 'Mel', 'Seraphine']",[],[],0,leaguepedia_cargo_patch_range,1,scoreboard_players_corrected
LCK/2026 Season/Rounds 1-2_Week 8_8_3,2026-05-23 12:59:00,26.10,LCK 2026 Rounds 1-2,Hanwha Life Esports,Nongshim RedForce,Hanwha Life Esports,"['Varus', 'Caitlyn', 'Jayce', 'Karma', 'Thresh']","['Orianna', 'Ezreal', 'Cassiopeia', 'Vayne', 'Azir']","['Gnar', 'Lee Sin', 'Ryze', 'Corki', 'Nami']","['Renekton', 'Jarvan IV', 'Twisted Fate', 'Yunara', 'Lulu']",[],[],1,leaguepedia_cargo_patch_range,0,scoreboard_players_corrected
Nexus League/2026 Season/Spring Split_Week 7_4_1,2026-05-23 13:28:00,26.10,Nexus League 2026 Spring,Zephyr Esport,Galions Sharks,Zephyr Esport,"['Jarvan IV', 'Nautilus', 'Karma', 'Gwen', 'Varus']","['Zoe', 'Nocturne', 'Orianna', 'Viktor', 'Syndra']","['Vayne', 'Pantheon', 'Annie', 'Ashe', 'Seraphine']","['Sion', 'Xin Zhao', 'Hwei', 'Ezreal', 'Leona']",[],[],1,leaguepedia_cargo_patch_range,0,scoreboard_players_corrected
LEC/2026 Season/Spring Playoffs_Round 1_1_1,2026-05-23 15:11:00,26.10,LEC 2026 Spring Playoffs,G2 Esports,Karmine Corp,Karmine Corp,"['Varus', 'Jarvan IV', 'Azir', 'Akali', 'Vayne']","['Orianna', 'Ezreal', 'Bard', 'Pantheon', 'Nocturne']","['Cassiopeia', 'Xin Zhao', 'Anivia', 'Smolder', 'Nautilus']","['Yone', 'Vi', 'Taliyah', 'Ashe', 'Seraphine']",[],[],0,leaguepedia_cargo_patch_range,1,scoreboard_players_corrected
CBLOL/2026 Season/Split 1 Playoffs_Round 1_3_1,2026-05-23 16:12:00,26.10,CBLOL 2026 Split 1 Playoffs,LØS,Vivo Keyd Stars,LØS,"['Varus', 'Jarvan IV', 'Bard', 'Karma', 'Corki']","['Nocturne', 'Akali', 'Lucian', 'Caitlyn', 'Ashe']","['Rumble', 'Pantheon', 'Cassiopeia', 'Ezreal', 'Rakan']","[""K'Sante"", 'Naafiri', 'Orianna', ""Kai'Sa"", 'Neeko']",[],[],1,leaguepedia_cargo_patch_range,0,scoreboard_players_corrected
LEC/2026 Season/Spring Playoffs_Round 1_1_2,2026-05-23 16:16:00,26.10,LEC 2026 Spring Playoffs,G2 Esports,Karmine Corp,G2 Esports,"['Varus', 'Caitlyn', 'Bard', 'Pantheon', 'Nocturne']","['Orianna', 'Milio', 'Jarvan IV', 'Sivir', 'Yunara']","['Galio', 'Skarner', 'Ryze', 'Ezreal', 'Karma']","['Rumble', 'Wukong', 'Annie', 'Miss Fortune', 'Neeko']",[],[],1,leaguepedia_cargo_patch_range,0,scoreboard_players_corrected
LEC/2026 Season/Spring Playoffs_Round 1_1_3,2026-05-23 17:05:00,26.10,LEC 2026 Spring Playoffs,G2 Esports,Karmine Corp,G2 Esports,"['Varus', 'Lucian', 'Nocturne', 'Vayne', 'Jayce']","['Jarvan IV', 'Orianna', 'Pantheon', 'Poppy', ""Rek'Sai""]","['Gnar', 'Lee Sin', 'LeBlanc', 'Yunara', 'Lulu']","['Twisted Fate', 'Naafiri', 'Azir', 'Corki', 'Nami']",[],[],1,leaguepedia_cargo_patch_range,0,scoreboard_players_corrected
CBLOL/2026 Season/Split 1 Playoffs_Round 1_3_2,2026-05-23 17:09:00,26.10,CBLOL 2026 Split 1 Playoffs,LØS,Vivo Keyd Stars,LØS,"['Varus', 'Bard', 'Trundle', 'Ahri', 'Vayne']","['Nocturne', 'Akali', 'Jarvan IV', 'Skarner', 'Shen']","['Aatrox', 'Vi', 'Taliyah', 'Lucian', 'Milio']","['Sion', 'Xin Zhao', 'Viktor', 'Zeri', 'Lulu']",[],[],1,leaguepedia_cargo_patch_range,0,scoreboard_players_corrected
LIT/2026 Season/Summer Promotion_Semifinals_2_1,2026-05-23 17:12:00,26.10,LIT 2026 Summer Promotion,P11 Esports,StoneHenge Esports,P11 Esports,"[""Cho'Gath"", 'Draven', 'Jarvan IV', 'Gragas', 'Anivia']","['Nautilus', 'Seraphine', 'Sion', 'Akali', ""K'Sante""]","['Varus', 'Zaahen', 'Sylas', 'Xayah', 'Karma']","['Jayce', 'Nocturne', 'Orianna', 'Ezreal', 'Leona']",[],[],1,leaguepedia_cargo_patch_range,0,scoreboard_players_corrected
LEC/2026 Season/Spring Playoffs_Round 1_1_4,2026-05-23 17:59:00,26.10,LEC 2026 Spring Playoffs,G2 Esports,Karmine Corp,G2 Esports,"['Lucian', 'Nocturne', 'Bard', 'Vayne', 'Viktor']","['Jarvan IV', 'Pantheon', 'Orianna', 'Akali', 'Aurora']","['Gragas', 'Aatrox', 'Ahri', 'Varus', 'Alistar']","['Ambessa', 'Trundle', 'Brand', 'Jhin', 'Rakan']",[],[],1,leaguepedia_cargo_patch_range,0,scoreboard_players_corrected
CBLOL/2026 Season/Split 1 Playoffs_Round 1_3_3,2026-05-23 18:04:00,26.10,CBLOL 2026 Split 1 Playoffs,LØS,Vivo Keyd Stars,LØS,"['Varus', 'Bard', 'Vayne', 'Kennen', 'Dr. Mundo']","['Nocturne', 'Akali', 'Jayce', 'Twisted Fate', 'Jax']","['Sylas', ""Rek'Sai"", 'Ryze', 'Caitlyn', 'Anivia']","['Gnar', 'Jarvan IV', 'Syndra', 'Jhin', 'Karma']",[],[],1,leaguepedia_cargo_patch_range,0,scoreboard_players_corrected
LIT/2026 Season/Summer Promotion_Semifinals_2_2,2026-05-23 18:15:00,26.10,LIT 2026 Summer Promotion,P11 Esports,StoneHenge Esports,StoneHenge Esports,"[""Cho'Gath"", 'Draven', 'Pyke', 'Jarvan IV', 'Gnar']","['Nautilus', 'Seraphine', 'Sion', 'Mel', 'Viktor']","[""K'Sante"", 'Xin Zhao', 'Akali', 'Aphelios', 'Milio']","['Gangplank', 'Pantheon', 'Ahri', 'Yunara', 'Lulu']",[],[],0,leaguepedia_cargo_patch_range,1,scoreboard_players_corrected
LIT/2026 Season/Summer Promotion_Semifinals_2_3,2026-05-23 19:13:00,26.10,LIT 2026 Summer Promotion,StoneHenge Esports,P11 Esports,P11 Esports,"['Sion', 'Nautilus', 'Jarvan IV', 'Malphite', 'Neeko']","[""Cho'Gath"", 'Draven', 'Bard', 'Dr. Mundo', 'Mel']","['Gnar', 'Shyvana', 'Syndra', 'Senna', 'Seraphine']","['Vayne', 'Wukong', 'Hwei', 'Ashe', 'Blitzcrank']",[],[],0,leaguepedia_cargo_patch_range,1,scoreboard_players_corrected
LCS/2026 Season/Spring Playoffs_Round 1_1_1,2026-05-23 20:10:00,26.10,LCS 2026 Spring Playoffs,FlyQuest,Cloud9,Cloud9,"['Varus', 'Ambessa', 'Karma', 'Shen', 'Nocturne']","['Orianna', 'Nautilus', 'Jarvan IV', 'Aurora', 'Vi']","['Rumble', 'Xin Zhao', 'Viktor', 'Lucian', 'Milio']","['Sion', 'Lee Sin', 'Cassiopeia', 'Corki', 'Nami']",[],[],0,leaguepedia_cargo_patch_range,1,scoreboard_players_corrected
LCS/2026 Season/Spring Playoffs_Round 1_1_2,2026-05-23 20:52:00,26.10,LCS 2026 Spring Playoffs,Cloud9,FlyQuest,Cloud9,"['Ziggs', 'Varus', 'Anivia', 'Wukong', 'Nocturne']","['Orianna', 'Karma', 'Ambessa', 'Twisted Fate', 'Hwei']","['Yorick', 'Naafiri', 'Annie', 'Ashe', 'Seraphine']","['Jayce', 'Jarvan IV', 'Ryze', 'Caitlyn', 'Bard']",[],[],1,leaguepedia_cargo_patch_range,0,scoreboard_players_corrected
LCS/2026 Season/Spring Playoffs_Round 1_1_3,2026-05-23 21:50:00,26.10,LCS 2026 Spring Playoffs,Cloud9,FlyQuest,FlyQuest,"['Ziggs', 'Nocturne', 'Varus', 'Vayne', 'Renekton']","['Orianna', 'Karma', 'Anivia', 'Nasus', 'Gnar']","['Twisted Fate', 'Ambessa', 'Hwei', 'Senna', 'Nautilus']","[""K'Sante"", 'Shyvana', 'Sylas', 'Sivir', 'Lulu']",[],[],0,leaguepedia_cargo_patch_range,1,scoreboard_players_corrected
LCS/2026 Season/Spring Playoffs_Round 1_1_4,2026-05-23 22:39:00,26.10,LCS 2026 Spring Playoffs,FlyQuest,Cloud9,FlyQuest,"['Anivia', 'Nasus', 'Shen', 'Ahri', 'Gnar']","['Orianna', 'Varus', 'Ziggs', 'Jhin', 'Miss Fortune']","['Quinn', 'Nocturne', 'Taliyah', 'Ezreal', 'Neeko']","['Renekton', 'Wukong', 'Aurora', 'Yunara', 'Karma']",[],[],1,leaguepedia_cargo_patch_range,0,scoreboard_players_corrected
LCS/2026 Season/Spring Playoffs_Round 1_1_5,2026-05-23 23:28:00,26.10,LCS 2026 Spring Playoffs,FlyQuest,Cloud9,Cloud9,"['Nasus', 'Anivia', 'Vayne', 'Syndra', 'Irelia']","['Ziggs', 'Orianna', 'Varus', 'Poppy', 'Trundle']","['Akali', 'Dr. Mundo', 'Azir', 'Kalista', 'Renata Glasc']","['Gnar', 'Sejuani', 'Swain', 'Jhin', 'Alistar']",[],[],0,leaguepedia_cargo_patch_range,1,scoreboard_players_corrected
LPL/2026 Season/Split 2 Playoffs_Play-In_3_1,2026-05-24 06:07:00,26.10,LPL 2026 Split 2 Playoffs,EDward Gaming,Ninjas in Pyjamas.CN,EDward Gaming,"['Karma', 'Rumble', 'Xin Zhao', 'Wukong', 'Vi']","['Varus', 'Nocturne', 'Orianna', 'Jarvan IV', 'Naafiri']","['Sion', 'Lee Sin', 'Annie', 'Ashe', 'Seraphine']","['Jayce', 'Skarner', 'Cassiopeia', 'Lucian', 'Milio']",[],[],1,leaguepedia_cargo_patch_range,0,scoreboard_players_corrected
LPL/2026 Season/Split 2 Playoffs_Play-In_3_2,2026-05-24 06:58:00,26.10,LPL 2026 Split 2 Playoffs,EDward Gaming,Ninjas in Pyjamas.CN,Ninjas in Pyjamas.CN,"['Karma', 'Rumble', 'Xin Zhao', 'Vayne', 'Wukong']","['Varus', 'Nocturne', 'Naafiri', 'Jhin', 'Nautilus']","['Tristana', 'Jarvan IV', 'Orianna', 'Ezreal', 'Bard']","['Gnar', 'Vi', 'Ryze', 'Corki', 'Nami']",[],[],0,leaguepedia_cargo_patch_range,1,scoreboard_players_corrected
Comic Con Baltics 2026_Finals_1_1,2026-05-24 07:35:00,26.10,Comic Con Baltics 2026,Wilderness Gaming,Kenty,Kenty,"['Lucian', 'Caitlyn', 'Ashe', 'Nocturne', 'Naafiri']","['Pantheon', 'Swain', 'Anivia', 'Jarvan IV', 'Aatrox']","['Dr. Mundo', 'Jax', 'Viktor', 'Ezreal', 'Karma']","['Sion', 'Qiyana', 'Orianna', 'Yunara', 'Lulu']",[],[],0,leaguepedia_cargo_patch_range,1,scoreboard_players_corrected
LPL/2026 Season/Split 2 Playoffs_Play-In_3_3,2026-05-24 08:02:00,26.10,LPL 2026 Split 2 Playoffs,Ninjas in Pyjamas.CN,EDward Gaming,EDward Gaming,"['Azir', 'Naafiri', 'Twisted Fate', 'Akali', 'Ahri']","['Nocturne', 'Rumble', 'Xin Zhao', 'Senna', 'Sylas']","['Zaahen', 'Wukong', 'Aurora', 'Jhin', 'Nautilus']","['Renekton', 'Trundle', 'Viktor', 'Varus', 'Karma']",[],[],0,leaguepedia_cargo_patch_range,1,scoreboard_players_corrected
LCK/2026 Season/Rounds 1-2_Week 8_9_1,2026-05-24 08:06:00,26.10,LCK 2026 Rounds 1-2,Gen.G,DN SOOPers,Gen.G,"['Varus', 'Jarvan IV', 'Ezreal', ""K'Sante"", 'Nocturne']","['Orianna', 'Cassiopeia', 'Karma', 'Nautilus', 'Lucian']","['Ambessa', 'Skarner', 'Anivia', 'Caitlyn', 'Bard']","['Rumble', 'Lee Sin', 'Ryze', 'Ashe', 'Seraphine']",[],[],1,leaguepedia_cargo_patch_range,0,scoreboard_players_corrected
LCK/2026 Season/Rounds 1-2_Week 8_9_2,2026-05-24 08:56:00,26.10,LCK 2026 Rounds 1-2,Gen.G,DN SOOPers,Gen.G,"['Varus', 'Xin Zhao', 'Jarvan IV', 'Gwen', 'Trundle']","['Orianna', 'Cassiopeia', 'Karma', 'Nautilus', 'Lulu']","['Vayne', 'Maokai', 'Annie', 'Lucian', 'Milio']","['Sion', 'Wukong', 'Akali', 'Corki', 'Nami']",[],[],1,leaguepedia_cargo_patch_range,0,scoreboard_players_corrected
Comic Con Baltics 2026_Finals_1_2,2026-05-24 08:59:00,26.10,Comic Con Baltics 2026,Wilderness Gaming,Kenty,Kenty,"['Lucian', 'Caitlyn', 'Nami', 'Syndra', 'Poppy']","['Pantheon', 'Swain', 'Anivia', 'LeBlanc', 'Aurora']","['Gragas', 'Naafiri', 'Zed', 'Ashe', 'Rell']","['Ornn', 'Jarvan IV', 'Taliyah', 'Sivir', 'Seraphine']",[],[],0,leaguepedia_cargo_patch_range,1,scoreboard_players_corrected
LPL/2026 Season/Split 2 Playoffs_Play-In_3_4,2026-05-24 09:01:00,26.10,LPL 2026 Split 2 Playoffs,EDward Gaming,Ninjas in Pyjamas.CN,Ninjas in Pyjamas.CN,"['Ambessa', 'Xin Zhao', 'Akali', 'Camille', 'Pyke']","['Twisted Fate', 'Nocturne', 'Yone', ""K'Sante"", 'Ahri']","['Vayne', 'Pantheon', 'Rumble', 'Ziggs', 'Leona']","['Ornn', 'Naafiri', 'Taliyah', 'Caitlyn', 'Lux']",[],[],0,leaguepedia_cargo_patch_range,1,scoreboard_players_corrected
LCP/2026 Season/Split 2 Playoffs_Round 1_2_1,2026-05-24 09:14:00,26.10,LCP 2026 Split 2 Playoffs,Fukuoka SoftBank HAWKS gaming,Deep Cross Gaming,Deep Cross Gaming,"['Nocturne', 'Xin Zhao', 'Varus', 'Caitlyn', 'Ambessa']","['Orianna', 'Cassiopeia', 'Lee Sin', 'Annie', 'Nautilus']","['Rumble', 'Naafiri', 'Twisted Fate', 'Ezreal', 'Skarner']","[""K'Sante"", 'Jarvan IV', 'Ryze', 'Jhin', 'Karma']",[],[],0,leaguepedia_cargo_patch_range,1,scoreboard_players_corrected
Nexus League/2026 Season/Spring Split_Week 7_5_1,2026-05-24 10:04:00,26.10,Nexus League 2026 Spring,Lausanne-Sport Esports,Galions Sharks,Galions Sharks,"['Ryze', 'Jarvan IV', 'Ezreal', 'Sion', 'Wukong']","['Zoe', 'Nocturne', 'Orianna', 'Olaf', ""Rek'Sai""]","['Malphite', 'Vi', 'Viktor', 'Varus', 'Nautilus']","['Rumble', 'Jayce', 'Lux', 'Caitlyn', 'Bard']",[],[],0,leaguepedia_cargo_patch_range,1,scoreboard_players_corrected
LCP/2026 Season/Split 2 Playoffs_Round 1_2_2,2026-05-24 10:07:00,26.10,LCP 2026 Split 2 Playoffs,Fukuoka SoftBank HAWKS gaming,Deep Cross Gaming,Deep Cross Gaming,"['Varus', 'Akali', 'Lee Sin', 'Shen', 'Miss Fortune']","['Nocturne', 'Lucian', 'Xin Zhao', 'Caitlyn', 'Ambessa']","['Zaahen', 'Wukong', 'Orianna', 'Sivir', 'Nautilus']","['Sion', 'Vi', 'Cassiopeia', 'Zeri', 'Bard']",[],[],0,leaguepedia_cargo_patch_range,1,scoreboard_players_corrected
LPL/2026 Season/Split 2 Playoffs_Play-In_3_5,2026-05-24 10:09:00,26.10,LPL 2026 Split 2 Playoffs,Ninjas in Pyjamas.CN,EDward Gaming,EDward Gaming,"['Azir', 'Twisted Fate', 'Yone', 'Sylas', 'Qiyana']","['Nocturne', 'Xin Zhao', 'Lulu', 'Jax', 'LeBlanc']","['Ambessa', 'Shyvana', 'Ahri', 'Aphelios', 'Thresh']","[""K'Sante"", 'Maokai', 'Mel', 'Zeri', 'Yuumi']",[],[],0,leaguepedia_cargo_patch_range,1,scoreboard_players_corrected
LCK/2026 Season/Rounds 1-2_Week 8_10_1,2026-05-24 10:10:00,26.10,LCK 2026 Rounds 1-2,T1,HANJIN BRION,T1,"['Bard', 'Varus', 'Anivia', ""K'Sante"", 'Ambessa']","['Orianna', 'Cassiopeia', 'Karma', 'Nautilus', 'Lucian']","['Sion', 'Naafiri', 'Twisted Fate', 'Caitlyn', 'Lux']","['Rumble', 'Lee Sin', 'Ryze', 'Jhin', 'Pyke']",[],[],1,leaguepedia_cargo_patch_range,0,scoreboard_players_corrected
Comic Con Baltics 2026_Finals_1_3,2026-05-24 10:16:00,26.10,Comic Con Baltics 2026,Wilderness Gaming,Kenty,Wilderness Gaming,"['Lucian', 'Caitlyn', 'Bard', 'Shen', 'Neeko']","['Pantheon', 'Swain', 'Anivia', 'Aatrox', 'Xin Zhao']","['Yorick', 'Skarner', 'Sylas', 'Jinx', 'Milio']","[""Cho'Gath"", 'Nocturne', 'Ahri', ""Kai'Sa"", 'Nautilus']",[],[],1,leaguepedia_cargo_patch_range,0,scoreboard_players_corrected
Hitpoint Masters/2026 Season/Spring Playoffs_Round 1_2_1,2026-05-24 10:36:00,26.10,Hitpoint Masters 2026 Spring Playoffs,CITA Kaizen,eSuba,CITA Kaizen,"['Ambessa', 'Ezreal', 'Nautilus', 'Pyke', 'Leona']","['Orianna', 'Bard', 'Karma', 'Nocturne', 'Vi']","['Rumble', 'Zyra', 'Jayce', 'Jhin', 'Neeko']","['Varus', 'Wukong', 'Syndra', 'Ziggs', 'Rell']",[],[],1,leaguepedia_cargo_patch_range,0,scoreboard_players_corrected
Nexus League/2026 Season/Spring Split_Week 7_6_1,2026-05-24 10:57:00,26.10,Nexus League 2026 Spring,Zephyr Esport,Caldya Esport,Caldya Esport,"['Jarvan IV', 'Nocturne', 'Caitlyn', 'Syndra', 'Viktor']","['Zoe', 'Orianna', 'Ezreal', 'LeBlanc', 'Annie']","['Sion', 'Pantheon', 'Ahri', 'Lucian', 'Milio']","['Gnar', 'Skarner', 'Taliyah', 'Senna', 'Seraphine']",[],[],0,leaguepedia_cargo_patch_range,1,scoreboard_players_corrected
LCP/2026 Season/Split 2 Playoffs_Round 1_2_3,2026-05-24 11:09:00,26.10,LCP 2026 Split 2 Playoffs,Deep Cross Gaming,Fukuoka SoftBank HAWKS gaming,Deep Cross Gaming,"['Nocturne', 'Varus', 'Xin Zhao', 'Pantheon', 'Vayne']","['Lee Sin', 'Lucian', 'Akali', 'Aurora', 'Mel']","['Gnar', 'Jax', 'Annie', 'Caitlyn', 'Seraphine']","['Renekton', 'Trundle', 'Ahri', 'Ashe', 'Lulu']",[],[],1,leaguepedia_cargo_patch_range,0,scoreboard_players_corrected
LCK/2026 Season/Rounds 1-2_Week 8_10_2,2026-05-24 11:10:00,26.10,LCK 2026 Rounds 1-2,T1,HANJIN BRION,T1,"['Bard', 'Varus', 'Lulu', ""K'Sante"", 'Taliyah']","['Orianna', 'Karma', 'Cassiopeia', 'Akali', 'Annie']","['Yorick', 'Xin Zhao', 'Anivia', 'Ashe', 'Seraphine']","['Jayce', 'Jarvan IV', 'Aurora', 'Lucian', 'Milio']",[],[],1,leaguepedia_cargo_patch_range,0,scoreboard_players_corrected
Comic Con Baltics 2026_Finals_1_4,2026-05-24 11:16:00,26.10,Comic Con Baltics 2026,Wilderness Gaming,Kenty,Wilderness Gaming,"['Lucian', 'Nami', 'Bard', 'Shen', 'Malphite']","['Pantheon', 'Swain', 'Anivia', 'Neeko', 'Aatrox']","['Volibear', 'Maokai', 'Jayce', 'Caitlyn', 'Thresh']","['Urgot', 'Wukong', 'Syndra', 'Senna', 'Leona']",[],[],1,leaguepedia_cargo_patch_range,0,scoreboard_players_corrected
LPL/2026 Season/Split 2 Playoffs_Play-In_4_1,2026-05-24 11:16:00,26.10,LPL 2026 Split 2 Playoffs,LGD Gaming,Weibo Gaming,LGD Gaming,"['Nocturne', 'Vi', 'Karma', 'Trundle', 'Rumble']","['Orianna', 'Cassiopeia', 'Varus', 'Lee Sin', 'Sion']","['Gnar', 'Naafiri', 'Akali', 'Ashe', 'Seraphine']","['Renekton', 'Jarvan IV', 'Annie', 'Lucian', 'Milio']",[],[],1,leaguepedia_cargo_patch_range,0,scoreboard_players_corrected
Hitpoint Masters/2026 Season/Spring Playoffs_Round 1_2_2,2026-05-24 11:29:00,26.10,Hitpoint Masters 2026 Spring Playoffs,CITA Kaizen,eSuba,CITA Kaizen,"['Ambessa', 'Nautilus', 'Ezreal', 'Ryze', 'Aurora']","['Orianna', 'Karma', 'Bard', 'Jarvan IV', 'Nocturne']","['Sion', 'Lee Sin', 'Akali', 'Ashe', 'Lulu']","[""Cho'Gath"", 'Xin Zhao', 'Malzahar', 'Aphelios', 'Seraphine']",[],[],1,leaguepedia_cargo_patch_range,0,scoreboard_players_corrected
Nexus League/2026 Season/Spring Split_Week 7_7_1,2026-05-24 11:54:00,26.10,Nexus League 2026 Spring,Lille Esport,Karmine Corp Blue Stars,Lille Esport,"['Jayce', 'Aurora', 'Bard', 'Poppy', 'Braum']","['Orianna', 'Seraphine', 'Karma', 'Cassiopeia', 'Anivia']","['Akali', 'Pantheon', 'Viktor', 'Ezreal', 'Rell']","['Sion', 'Xin Zhao', 'Ryze', 'Varus', 'Alistar']",[],[],1,leaguepedia_cargo_patch_range,0,scoreboard_players_corrected
LPL/2026 Season/Split 2 Playoffs_Play-In_4_2,2026-05-24 12:06:00,26.10,LPL 2026 Split 2 Playoffs,Weibo Gaming,LGD Gaming,LGD Gaming,"['Nocturne', 'Karma', 'Yone', 'Bard', 'Nautilus']","['Orianna', 'Cassiopeia', 'Varus', 'Neeko', 'Yuumi']","['Sion', 'Vi', 'Ahri', 'Yunara', 'Lulu']","['Rumble', 'Trundle', 'Ryze', 'Corki', 'Nami']",[],[],0,leaguepedia_cargo_patch_range,1,scoreboard_players_corrected
Hitpoint Masters/2026 Season/Spring Playoffs_Round 1_2_3,2026-05-24 12:12:00,26.10,Hitpoint Masters 2026 Spring Playoffs,CITA Kaizen,eSuba,CITA Kaizen,"['Ambessa', 'Nautilus', 'Ezreal', ""K'Sante"", 'Aurora']","['Orianna', 'Karma', 'Bard', 'Gnar', 'Taliyah']","['Ornn', 'Naafiri', 'Cassiopeia', 'Lucian', 'Yuumi']","['Renekton', 'Vi', 'Anivia', 'Corki', 'Nami']",[],[],1,leaguepedia_cargo_patch_range,0,scoreboard_players_corrected
Comic Con Baltics 2026_Finals_1_5,2026-05-24 12:22:00,26.10,Comic Con Baltics 2026,Wilderness Gaming,Kenty,Kenty,"['Lucian', 'Nami', 'Bard', 'Zoe', 'Shen']","['Pantheon', 'Swain', 'Anivia', 'LeBlanc', 'Aatrox']","['Rumble', 'Sejuani', 'Yone', 'Xayah', 'Zilean']","['Poppy', 'Graves', 'Veigar', 'Smolder', 'Neeko']",[],[],0,leaguepedia_cargo_patch_range,1,scoreboard_players_corrected
Nexus League/2026 Season/Spring Split_Week 7_8_1,2026-05-24 12:53:00,26.10,Nexus League 2026 Spring,Project Conquerors,Crystal Rose (French Team),Project Conquerors,"['Jarvan IV', 'Aurelion Sol', 'Orianna', 'Renata Glasc', 'Nautilus']","['Seraphine', 'Karma', 'Nocturne', 'Poppy', 'Braum']","['Renekton', 'Naafiri', 'Cassiopeia', 'Ezreal', 'Anivia']","['Olaf', 'Aatrox', 'Galio', 'Kalista', 'Neeko']",[],[],1,leaguepedia_cargo_patch_range,0,scoreboard_players_corrected
LPL/2026 Season/Split 2 Playoffs_Play-In_4_3,2026-05-24 12:54:00,26.10,LPL 2026 Split 2 Playoffs,LGD Gaming,Weibo Gaming,Weibo Gaming,"['Cassiopeia', 'Twisted Fate', 'Varus', 'Lee Sin', 'Pantheon']","['Orianna', 'Nocturne', 'Karma', 'Vayne', 'Maokai']","['Yorick', 'Jayce', 'Galio', 'Miss Fortune', 'Nautilus']","[""K'Sante"", 'Xin Zhao', 'Aurora', 'Ezreal', 'Bard']",[],[],0,leaguepedia_cargo_patch_range,1,scoreboard_players_corrected
LPL/2026 Season/Split 2 Playoffs_Play-In_4_4,2026-05-24 13:58:00,26.10,LPL 2026 Split 2 Playoffs,Weibo Gaming,LGD Gaming,Weibo Gaming,"['Nocturne', 'Yone', 'Karma', 'Mel', 'LeBlanc']","['Orianna', 'Cassiopeia', 'Varus', 'Jhin', ""Kog'Maw""]","['Jax', ""Rek'Sai"", 'Twisted Fate', 'Ziggs', 'Camille']","['Poppy', 'Lee Sin', 'Anivia', 'Caitlyn', 'Elise']",[],[],1,leaguepedia_cargo_patch_range,0,scoreboard_players_corrected
LPL/2026 Season/Split 2 Playoffs_Play-In_4_5,2026-05-24 14:58:00,26.10,LPL 2026 Split 2 Playoffs,Weibo Gaming,LGD Gaming,LGD Gaming,"['Yone', 'Karma', 'Nocturne', 'Pyke', 'Blitzcrank']","['Orianna', 'Cassiopeia', 'Varus', 'Wukong', 'Pantheon']","['Ambessa', 'Sylas', 'Malphite', 'Kalista', 'Renata Glasc']","['Zaahen', 'Maokai', 'Vayne', 'Draven', 'Thresh']",[],[],0,leaguepedia_cargo_patch_range,1,scoreboard_players_corrected
LEC/2026 Season/Spring Playoffs_Round 1_2_1,2026-05-24 15:08:00,26.10,LEC 2026 Spring Playoffs,Movistar KOI,Team Vitality,Movistar KOI,"['Pantheon', 'Bard', 'Jarvan IV', 'Vayne', 'Gnar']","['Orianna', 'Nocturne', 'Xin Zhao', 'Sion', 'Naafiri']","['Rumble', 'Wukong', 'Cassiopeia', 'Ashe', 'Seraphine']","['Anivia', 'Vi', 'Syndra', 'Ezreal', 'Nami']",[],[],1,leaguepedia_cargo_patch_range,0,scoreboard_players_corrected
LEC/2026 Season/Spring Playoffs_Round 1_2_2,2026-05-24 16:05:00,26.10,LEC 2026 Spring Playoffs,Movistar KOI,Team Vitality,Movistar KOI,"['Pantheon', 'Jhin', 'Jarvan IV', 'Vayne', 'Gnar']","['Orianna', 'Varus', 'Nautilus', 'Azir', 'Annie']","['Renekton', 'Nocturne', 'Akali', 'Caitlyn', 'Neeko']","['Gragas', 'Xin Zhao', 'Ryze', 'Miss Fortune', 'Bard']",[],[],1,leaguepedia_cargo_patch_range,0,scoreboard_players_corrected
CBLOL/2026 Season/Split 1 Playoffs_Round 4_1_1,2026-05-24 16:11:00,26.10,CBLOL 2026 Split 1 Playoffs,FURIA,RED Canids,FURIA,"['Nautilus', 'Jarvan IV', 'Karma', 'Rakan', 'Jhin']","['Seraphine', 'Milio', 'Caitlyn', 'Akali', 'Aatrox']","['Ornn', 'Xin Zhao', 'Galio', 'Ezreal', 'Bard']","['Rumble', 'Nocturne', 'Orianna', 'Varus', 'Neeko']",[],[],1,leaguepedia_cargo_patch_range,0,scoreboard_players_corrected
LIT/2026 Season/Summer Promotion_Finals_1_1,2026-05-24 16:11:00,26.10,LIT 2026 Summer Promotion,P11 Esports,Epitomy Esports,P11 Esports,"['Seraphine', 'Fiora', 'Hwei', 'Cassiopeia', 'Smolder']","['Karma', 'Ashe', 'Sylas', 'Akali', 'Aphelios']","['Sion', 'Zaahen', 'Ryze', 'Zeri', 'Braum']","['Mordekaiser', 'Wukong', 'Azir', 'Senna', 'Nautilus']",[],[],1,leaguepedia_cargo_patch_range,0,scoreboard_players_corrected
LEC/2026 Season/Spring Playoffs_Round 1_2_3,2026-05-24 16:55:00,26.10,LEC 2026 Spring Playoffs,Movistar KOI,Team Vitality,Movistar KOI,"['Jarvan IV', 'Pyke', 'Pantheon', 'Yasuo', 'Jax']","['Orianna', 'Naafiri', 'Nautilus', 'Galio', 'Azir']","['Varus', 'Lee Sin', 'Taliyah', 'Xayah', 'Rakan']","['Olaf', 'Jayce', 'Annie', 'Lucian', 'Milio']",[],[],1,leaguepedia_cargo_patch_range,0,scoreboard_players_corrected
CBLOL/2026 Season/Split 1 Playoffs_Round 4_1_2,2026-05-24 17:02:00,26.10,CBLOL 2026 Split 1 Playoffs,FURIA,RED Canids,FURIA,"['Milio', 'Olaf', 'Pantheon', 'Gwen', 'Gnar']","['Nautilus', 'Jarvan IV', 'Karma', 'Sylas', 'Ryze']","['Sion', 'Lee Sin', 'Twisted Fate', 'Ashe', 'Lulu']","['Renekton', 'Aatrox', 'Cassiopeia', 'Senna', 'Seraphine']",[],[],1,leaguepedia_cargo_patch_range,0,scoreboard_players_corrected
LIT/2026 Season/Summer Promotion_Finals_1_2,2026-05-24 17:14:00,26.10,LIT 2026 Summer Promotion,P11 Esports,Epitomy Esports,P11 Esports,"['Fiora', 'Hwei', 'Seraphine', 'Olaf', 'Aatrox']","['Ashe', 'Karma', 'Sylas', 'Akali', 'Ahri']","[""K'Sante"", 'Jarvan IV', 'Aurora', 'Yunara', 'Lulu']","['Yorick', 'Kayn', 'Syndra', 'Varus', 'Nami']",[],[],1,leaguepedia_cargo_patch_range,0,scoreboard_players_corrected
CBLOL/2026 Season/Split 1 Playoffs_Round 4_1_3,2026-05-24 17:55:00,26.10,CBLOL 2026 Split 1 Playoffs,FURIA,RED Canids,FURIA,"['Nautilus', 'Karma', 'Ryze', 'Pantheon', 'LeBlanc']","['Milio', 'Nami', 'Jarvan IV', 'Jayce', 'Vayne']","['Ambessa', 'Trundle', 'Annie', 'Xayah', 'Rakan']","['Gnar', 'Naafiri', 'Akali', 'Sivir', 'Alistar']",[],[],1,leaguepedia_cargo_patch_range,0,scoreboard_players_corrected
LIT/2026 Season/Summer Promotion_Finals_1_3,2026-05-24 18:07:00,26.10,LIT 2026 Summer Promotion,P11 Esports,Epitomy Esports,Epitomy Esports,"['Olaf', 'Hwei', 'Mel', 'Viktor', 'Orianna']","['Ashe', 'Karma', 'Sylas', 'Jayce', 'Ambessa']","['Gnar', 'Dr. Mundo', 'Ahri', 'Ezreal', 'Seraphine']","['Rumble', 'Xin Zhao', 'Galio', 'Lucian', 'Milio']",[],[],0,leaguepedia_cargo_patch_range,1,scoreboard_players_corrected
LIT/2026 Season/Summer Promotion_Finals_1_4,2026-05-24 19:07:00,26.10,LIT 2026 Summer Promotion,Epitomy Esports,P11 Esports,P11 Esports,"['Ashe', 'Sylas', 'Akali', 'Ambessa', 'Aphelios']","['Olaf', 'Hwei', 'Karma', 'Smolder', 'Leona']","['Jayce', 'Aatrox', 'Viktor', 'Tristana', 'Thresh']","['Anivia', 'Trundle', 'Naafiri', 'Caitlyn', 'Bard']",[],[],0,leaguepedia_cargo_patch_range,1,scoreboard_players_corrected
LCS/2026 Season/Spring Playoffs_Round 1_2_1,2026-05-24 20:12:00,26.10,LCS 2026 Spring Playoffs,Team Liquid,LYON (2024 American Team),Team Liquid,"['Jarvan IV', 'Nocturne', 'Yone', 'Bard', 'Ambessa']","['Orianna', 'Cassiopeia', 'Varus', 'Rumble', 'Xin Zhao']","['Shen', 'Lee Sin', 'Ryze', 'Ezreal', 'Rell']","['Sion', 'Wukong', 'Anivia', 'Jhin', 'Karma']",[],[],1,leaguepedia_cargo_patch_range,0,scoreboard_players_corrected
LCS/2026 Season/Spring Playoffs_Round 1_2_2,2026-05-24 21:05:00,26.10,LCS 2026 Spring Playoffs,Team Liquid,LYON (2024 American Team),LYON (2024 American Team),"['Jarvan IV', 'Nocturne', 'Ornn', 'Annie', 'Akali']","['Orianna', 'Cassiopeia', 'Varus', 'Xin Zhao', 'Trundle']","['Ambessa', 'Vi', 'Aurora', 'Lucian', 'Milio']","['Rumble', 'Sejuani', 'Yone', 'Senna', 'Nautilus']",[],[],0,leaguepedia_cargo_patch_range,1,scoreboard_players_corrected
LCS/2026 Season/Spring Playoffs_Round 1_2_3,2026-05-24 22:04:00,26.10,LCS 2026 Spring Playoffs,LYON (2024 American Team),Team Liquid,LYON (2024 American Team),"['Bard', 'Akali', 'Orianna', 'Neeko', 'Lux']","['Varus', 'Seraphine', 'Cassiopeia', 'Ziggs', 'Xayah']","['Malphite', 'Xin Zhao', 'Sylas', 'Caitlyn', 'Braum']","['Jayce', 'Jarvan IV', 'Twisted Fate', 'Mel', 'Pantheon']",[],[],1,leaguepedia_cargo_patch_range,0,scoreboard_players_corrected
LCS/2026 Season/Spring Playoffs_Round 1_2_4,2026-05-24 22:54:00,26.10,LCS 2026 Spring Playoffs,LYON (2024 American Team),Team Liquid,Team Liquid,"['Akali', 'Lulu', 'Skarner', 'Poppy', 'Shyvana']","['Varus', 'Seraphine', 'Nocturne', 'Bard', 'Neeko']","['Gnar', 'Ornn', 'Cassiopeia', 'Smolder', 'Nami']","['Renekton', 'Naafiri', 'Orianna', 'Corki', 'Rakan']",[],[],0,leaguepedia_cargo_patch_range,1,scoreboard_players_corrected
LCS/2026 Season/Spring Playoffs_Round 1_2_5,2026-05-24 23:44:00,26.10,LCS 2026 Spring Playoffs,Team Liquid,LYON (2024 American Team),LYON (2024 American Team),"['Lulu', 'Akali', 'Vayne', ""K'Sante"", 'Garen']","['Varus', 'Seraphine', 'Nocturne', 'Neeko', 'Ziggs']","['Jax', ""Rek'Sai"", 'Annie', 'Aphelios', 'Sona']","['Poppy', 'Trundle', 'Taliyah', 'Jinx', 'Bard']",[],[],0,leaguepedia_cargo_patch_range,1,scoreboard_players_corrected
LCK CL/2026 Season/Rounds 1-2_Week 9_1_1,2026-05-25 05:03:00,26.10,LCK CL 2026 Rounds 1-2,Hanwha Life Esports Challengers,Dplus Kia Challengers,Dplus Kia Challengers,"['Varus', 'Karma', 'Ashe', 'Gnar', 'Ambessa']","['Orianna', 'Cassiopeia', 'Jarvan IV', 'Annie', 'Aurora']","['Sion', 'Nocturne', 'Ahri', 'Ezreal', 'Neeko']","['Gwen', 'Lee Sin', 'Twisted Fate', 'Lucian', 'Milio']",[],[],0,leaguepedia_cargo_patch_range,1,scoreboard_players_corrected
LCK CL/2026 Season/Rounds 1-2_Week 9_1_2,2026-05-25 05:53:00,26.10,LCK CL 2026 Rounds 1-2,Dplus Kia Challengers,Hanwha Life Esports Challengers,Dplus Kia Challengers,"['Varus', 'Ashe', 'Karma', 'Xin Zhao', 'Vayne']","['Orianna', 'Rumble', 'Jayce', 'Azir', 'Akali']","['Gnar', 'Jarvan IV', 'Anivia', 'Jhin', 'Nautilus']","['Tristana', 'Skarner', 'Cassiopeia', 'Caitlyn', 'Bard']",[],[],1,leaguepedia_cargo_patch_range,0,scoreboard_players_corrected
LCK CL/2026 Season/Rounds 1-2_Week 9_2_1,2026-05-25 07:09:00,26.10,LCK CL 2026 Rounds 1-2,T1 Esports Academy,BNK FEARX Youth,BNK FEARX Youth,"['Varus', 'Lucian', 'Nocturne', 'Neeko', 'Akali']","['Ashe', 'Caitlyn', 'Karma', ""K'Sante"", 'Gnar']","['Ambessa', 'Jarvan IV', 'Orianna', 'Jhin', 'Bard']","['Rumble', 'Lee Sin', 'LeBlanc', 'Ezreal', 'Nami']",[],[],0,leaguepedia_cargo_patch_range,1,scoreboard_players_corrected
Esports World Cup 2026/Online Qualifiers/Korea_Round 4_1_1,2026-05-25 07:10:00,26.10,Esports World Cup 2026 Online Qualifier: Korea,Dplus Kia,T1,T1,"['Varus', 'Lucian', 'Jarvan IV', 'Yorick', 'Lee Sin']","['Bard', 'Orianna', 'Anivia', 'Xin Zhao', 'Skarner']","[""K'Sante"", 'Naafiri', 'Cassiopeia', 'Ezreal', 'Nautilus']","['Jayce', 'Trundle', 'Akali', 'Jhin', 'Karma']",[],[],0,leaguepedia_cargo_patch_range,1,scoreboard_players_corrected
LCK CL/2026 Season/Rounds 1-2_Week 9_2_2,2026-05-25 08:01:00,26.10,LCK CL 2026 Rounds 1-2,BNK FEARX Youth,T1 Esports Academy,T1 Esports Academy,"['Varus', 'Ashe', 'Karma', 'Yorick', 'Cassiopeia']","['Nocturne', 'Lulu', 'Milio', 'Pantheon', 'Naafiri']","['Jayce', 'Wukong', 'Annie', 'Sivir', 'Neeko']","['Sion', 'Xin Zhao', 'Anivia', 'Caitlyn', 'Lux']",[],[],0,leaguepedia_cargo_patch_range,1,scoreboard_players_corrected
Esports World Cup 2026/Online Qualifiers/Korea_Round 4_1_2,2026-05-25 08:12:00,26.10,Esports World Cup 2026 Online Qualifier: Korea,T1,Dplus Kia,Dplus Kia,"['Varus', 'Bard', 'Vayne', 'Wukong', 'Nocturne']","['Orianna', 'Lucian', 'Jarvan IV', 'Ambessa', 'Olaf']","['Sion', 'Lee Sin', 'Sylas', 'Ashe', 'Seraphine']","['Gnar', 'Xin Zhao', 'Viktor', 'Ziggs', 'Pyke']",[],[],0,leaguepedia_cargo_patch_range,1,scoreboard_players_corrected
LCK CL/2026 Season/Rounds 1-2_Week 9_2_3,2026-05-25 08:46:00,26.10,LCK CL 2026 Rounds 1-2,T1 Esports Academy,BNK FEARX Youth,T1 Esports Academy,"['Akali', 'Varus', 'Lulu', 'Vayne', 'Cassiopeia']","['Nocturne', 'Ashe', 'Nautilus', 'Azir', 'Gnar']","['Renekton', 'Vi', 'Ahri', 'Yunara', 'Milio']","['Shen', 'Naafiri', 'Taliyah', 'Lucian', 'Yuumi']",[],[],1,leaguepedia_cargo_patch_range,0,scoreboard_players_corrected
PCS/2026 Season/Spring Season_Playoffs Round 2_1_1,2026-05-25 09:03:00,26.10,PCS 2026 Spring,CTBC Flying Oyster Academy,SillySilly Gaming,CTBC Flying Oyster Academy,"['Rengar', 'Varus', 'Cassiopeia', 'Nautilus', 'Bard']","['Nocturne', 'Lucian', 'Ashe', 'Jhin', 'Caitlyn']","['Rumble', 'Jarvan IV', 'Ryze', 'Sivir', 'Karma']","[""K'Sante"", 'Naafiri', 'Orianna', 'Ezreal', 'Pyke']",[],[],1,leaguepedia_cargo_patch_range,0,scoreboard_players_corrected
Esports World Cup 2026/Online Qualifiers/Korea_Round 4_1_3,2026-05-25 09:14:00,26.10,Esports World Cup 2026 Online Qualifier: Korea,Dplus Kia,T1,T1,"['Varus', 'Jarvan IV', 'Anivia', 'Rumble', 'Taliyah']","['Bard', 'Orianna', 'Caitlyn', 'Nocturne', 'Wukong']","['Renekton', 'Vi', 'Ahri', 'Yunara', 'Lulu']","['Ambessa', 'Poppy', 'Ryze', 'Lucian', 'Milio']",[],[],0,leaguepedia_cargo_patch_range,1,scoreboard_players_corrected
LCK CL/2026 Season/Rounds 1-2_Week 9_3_1,2026-05-25 09:49:00,26.10,LCK CL 2026 Rounds 1-2,HANJIN BRION Challengers,Kiwoom DRX Challengers,Kiwoom DRX Challengers,"['Varus', 'Karma', 'Jarvan IV', 'Xin Zhao', 'Sion']","['Nocturne', 'Orianna', 'Rumble', 'Akali', 'Anivia']","['Jayce', 'Vi', 'Galio', 'Zeri', 'Yuumi']","['Yorick', 'Wukong', 'Cassiopeia', 'Ashe', 'Seraphine']",[],[],0,leaguepedia_cargo_patch_range,1,scoreboard_players_corrected
PCS/2026 Season/Spring Season_Playoffs Round 2_1_2,2026-05-25 09:55:00,26.10,PCS 2026 Spring,SillySilly Gaming,CTBC Flying Oyster Academy,CTBC Flying Oyster Academy,"['Lucian', 'Ashe', 'Nocturne', 'Olaf', 'Xin Zhao']","['Rengar', 'Varus', 'Cassiopeia', 'Lee Sin', 'Vi']","['Renekton', 'Kindred', 'Annie', 'Miss Fortune', 'Nautilus']","['Gnar', 'Wukong', 'Viktor', 'Yunara', 'Lulu']",[],[],0,leaguepedia_cargo_patch_range,1,scoreboard_players_corrected
Esports World Cup 2026/Online Qualifiers/Korea_Round 4_1_4,2026-05-25 10:09:00,26.10,Esports World Cup 2026 Online Qualifier: Korea,T1,Dplus Kia,T1,"['Varus', 'Jarvan IV', 'Twisted Fate', 'Yorick', 'Nami']","['Bard', 'Orianna', 'Caitlyn', 'Miss Fortune', 'Kalista']","['Rumble', 'Nocturne', 'Annie', 'Sivir', 'Alistar']","['Aurora', 'Wukong', 'Taliyah', 'Corki', 'Anivia']",[],[],1,leaguepedia_cargo_patch_range,0,scoreboard_players_corrected
PCS/2026 Season/Spring Season_Playoffs Round 2_2_1,2026-05-25 10:47:00,26.10,PCS 2026 Spring,wangting,Frank Esports,Frank Esports,"['Pyke', 'Varus', 'Annie', 'Anivia', 'Jax']","['Rumble', 'Orianna', 'Cassiopeia', 'Naafiri', 'Pantheon']","['Ambessa', 'Xin Zhao', 'Ryze', 'Miss Fortune', 'Nautilus']","['Irelia', 'Jarvan IV', 'Aurora', 'Ezreal', 'Karma']",[],[],0,leaguepedia_cargo_patch_range,1,scoreboard_players_corrected
LCK CL/2026 Season/Rounds 1-2_Week 9_3_2,2026-05-25 10:51:00,26.10,LCK CL 2026 Rounds 1-2,HANJIN BRION Challengers,Kiwoom DRX Challengers,Kiwoom DRX Challengers,"['Varus', 'Nocturne', 'Rumble', 'Anivia', 'Vayne']","['Orianna', 'Jarvan IV', 'Karma', 'Lee Sin', 'Naafiri']","['Renekton', 'Xin Zhao', 'Annie', 'Caitlyn', 'Bard']","['Gnar', 'Skarner', 'Ryze', 'Lucian', 'Milio']",[],[],0,leaguepedia_cargo_patch_range,1,scoreboard_players_corrected
PCS/2026 Season/Spring Season_Playoffs Round 2_2_2,2026-05-25 11:28:00,26.10,PCS 2026 Spring,Frank Esports,wangting,wangting,"['Rumble', 'Varus', 'Pantheon', 'Akali', 'Jax']","['Pyke', 'Annie', 'Nocturne', 'Fiora', ""K'Sante""]","['Camille', 'Wukong', 'Orianna', 'Ziggs', 'Leona']","['Gwen', 'Vi', 'Galio', 'Ashe', 'Seraphine']",[],[],0,leaguepedia_cargo_patch_range,1,scoreboard_players_corrected
Esports World Cup 2026/Online Qualifiers/Korea_Round 3_1_1,2026-05-25 11:50:00,26.10,Esports World Cup 2026 Online Qualifier: Korea,Nongshim RedForce,Hanwha Life Esports,Hanwha Life Esports,"['Varus', 'Karma', 'Jarvan IV', 'Taliyah', 'Jayce']","['Orianna', 'Cassiopeia', 'Ezreal', 'Xin Zhao', 'Rumble']","['Sion', 'Poppy', 'Ryze', 'Lucian', 'Milio']","['Yone', 'Vi', 'Ahri', 'Caitlyn', 'Bard']",[],[],0,leaguepedia_cargo_patch_range,1,scoreboard_players_corrected
PCS/2026 Season/Spring Season_Playoffs Round 2_2_3,2026-05-25 12:19:00,26.10,PCS 2026 Spring,wangting,Frank Esports,Frank Esports,"['Pyke', 'Annie', 'Caitlyn', 'Fiora', 'Jax']","['Rumble', 'Pantheon', 'Lucian', ""K'Sante"", 'Sion']","['Yorick', 'Maokai', 'Cassiopeia', 'Jhin', 'Bard']","['Yone', 'Nocturne', 'Anivia', 'Varus', 'Neeko']",[],[],0,leaguepedia_cargo_patch_range,1,scoreboard_players_corrected
Esports World Cup 2026/Online Qualifiers/Korea_Round 3_1_2,2026-05-25 12:41:00,26.10,Esports World Cup 2026 Online Qualifier: Korea,Nongshim RedForce,Hanwha Life Esports,Hanwha Life Esports,"['Varus', 'Karma', 'Jarvan IV', 'Xin Zhao', 'Taliyah']","['Orianna', 'Cassiopeia', 'Rumble', 'Nautilus', 'Ezreal']","['Jayce', 'Wukong', 'Annie', 'Yunara', 'Lulu']","['Yorick', 'Pantheon', 'Viktor', 'Ashe', 'Seraphine']",[],[],0,leaguepedia_cargo_patch_range,1,scoreboard_players_corrected
LEC/2026 Season/Spring Playoffs_Round 3_1_1,2026-05-25 15:08:00,26.10,LEC 2026 Spring Playoffs,Movistar KOI,G2 Esports,Movistar KOI,"['Xin Zhao', 'Bard', 'LeBlanc', 'Alistar', 'Braum']","['Orianna', 'Ashe', 'Rumble', 'Vi', 'Akali']","['Anivia', 'Nocturne', 'Galio', ""Kai'Sa"", 'Nautilus']","['Yone', 'Jarvan IV', 'Cassiopeia', 'Ezreal', 'Leona']",[],[],1,leaguepedia_cargo_patch_range,0,scoreboard_players_corrected
LEC/2026 Season/Spring Playoffs_Round 3_1_2,2026-05-25 15:59:00,26.10,LEC 2026 Spring Playoffs,Movistar KOI,G2 Esports,Movistar KOI,"['Xin Zhao', 'Bard', 'Jhin', 'Vi', 'Pantheon']","['Orianna', 'Ashe', 'Karma', 'Rumble', 'Olaf']","['Varus', 'Trundle', 'Ryze', 'Caitlyn', 'Nami']","['Yasuo', 'Skarner', 'Taliyah', 'Yunara', 'Lulu']",[],[],1,leaguepedia_cargo_patch_range,0,scoreboard_players_corrected
LEC/2026 Season/Spring Playoffs_Round 3_1_3,2026-05-25 16:51:00,26.10,LEC 2026 Spring Playoffs,Movistar KOI,G2 Esports,G2 Esports,"['Olaf', 'Smolder', 'Shen', 'Vayne', 'LeBlanc']","['Orianna', 'Ashe', 'Milio', 'Akali', 'Rumble']","['Sion', 'Vi', 'Ahri', 'Zeri', 'Neeko']","['Kled', 'Xin Zhao', 'Viktor', 'Xayah', 'Rakan']",[],[],0,leaguepedia_cargo_patch_range,1,scoreboard_players_corrected
NLC/2026 Season/Spring Split_Day 1_4_1,2026-05-25 17:05:00,26.10,NLC 2026 Spring,Deer Gaming,Verdant,Verdant,"['Varus', 'Jarvan IV', 'Xin Zhao', 'Pyke', 'Seraphine']","['Orianna', 'Karma', 'Rumble', 'Anivia', 'Ambessa']","['Zaahen', 'Naafiri', 'Hwei', 'Lucian', 'Milio']","['Sion', 'Vi', 'Cassiopeia', 'Senna', 'Soraka']",[],[],0,leaguepedia_cargo_patch_range,1,scoreboard_players_corrected
NLC/2026 Season/Spring Split_Day 1_1_1,2026-05-25 17:06:00,26.10,NLC 2026 Spring,Lund Esports Organization,DMG Esports,DMG Esports,"['Ambessa', 'Nocturne', 'Aurora', 'Bard', 'Neeko']","['Shen', 'Orianna', 'Karma', 'Cassiopeia', 'Anivia']","['Sion', 'Xin Zhao', 'Veigar', 'Ashe', 'Lulu']","['Olaf', 'Wukong', 'Ryze', 'Ezreal', 'Nami']",[],[],0,leaguepedia_cargo_patch_range,1,scoreboard_players_corrected
NLC/2026 Season/Spring Split_Day 1_3_1,2026-05-25 17:09:00,26.10,NLC 2026 Spring,Bulldog Esports,Arctic Pandas,Arctic Pandas,"['Anivia', 'Varus', 'Jarvan IV', 'Jhin', 'Vayne']","['Jayce', 'Orianna', 'Rumble', 'Lee Sin', 'Pantheon']","['Gnar', 'Nocturne', 'LeBlanc', 'Ezreal', 'Karma']","['Sion', 'Vi', 'Cassiopeia', 'Caitlyn', 'Bard']",[],[],0,leaguepedia_cargo_patch_range,1,scoreboard_players_corrected
NLC/2026 Season/Spring Split_Day 1_2_1,2026-05-25 17:23:00,26.10,NLC 2026 Spring,Ruddy Corporation,Lundqvist Lightside,Ruddy Corporation,"['Ryze', 'Naafiri', 'Jayce', 'Nocturne']","['Ashe', 'Aurora', 'Sion', 'Viktor', 'Syndra']","['Ambessa', 'Xin Zhao', 'Kassadin', 'Jhin', 'Karma']","['Renekton', 'Jarvan IV', 'Orianna', 'Ezreal', 'Nami']",[],[],1,leaguepedia_cargo_patch_range,0,scoreboard_players_corrected
LEC/2026 Season/Spring Playoffs_Round 3_1_4,2026-05-25 17:36:00,26.10,LEC 2026 Spring Playoffs,G2 Esports,Movistar KOI,G2 Esports,"['Smolder', 'Annie', 'Senna', 'Ornn', 'LeBlanc']","['Orianna', 'Pantheon', 'Milio', 'Wukong', 'Poppy']","['Twisted Fate', 'Naafiri', 'Aurora', 'Ashe', 'Bard']","['Rumble', 'Lee Sin', 'Akali', 'Miss Fortune', 'Seraphine']",[],[],1,leaguepedia_cargo_patch_range,0,scoreboard_players_corrected
NLC/2026 Season/Spring Split_Day 1_8_1,2026-05-25 18:07:00,26.10,NLC 2026 Spring,Bulldog Esports,Deer Gaming,Bulldog Esports,"['Anivia', 'Lulu', 'Sion', 'Ryze', 'Taliyah']","['Orianna', 'Karma', 'Cassiopeia', 'Jayce', 'Rumble']","['Akali', 'Naafiri', 'Sylas', 'Lucian', 'Milio']","['Galio', 'Jarvan IV', 'Aurora', 'Ashe', 'Seraphine']",[],[],1,leaguepedia_cargo_patch_range,0,scoreboard_players_corrected
NLC/2026 Season/Spring Split_Day 1_6_1,2026-05-25 18:12:00,26.10,NLC 2026 Spring,Verdant,Lund Esports Organization,Verdant,"['Shen', 'Jarvan IV', 'Jax', 'Xin Zhao', 'Pantheon']","['Jayce', 'Karma', 'Orianna', 'Ahri', 'Azir']","['Varus', 'Nocturne', 'Cassiopeia', 'Yunara', 'Pyke']","['Yorick', 'Wukong', 'Anivia', 'Jhin', 'Bard']",[],[],1,leaguepedia_cargo_patch_range,0,scoreboard_players_corrected
NLC/2026 Season/Spring Split_Day 1_5_1,2026-05-25 18:14:00,26.10,NLC 2026 Spring,Arctic Pandas,Lundqvist Lightside,Arctic Pandas,"['Ezreal', 'Jayce', 'Jarvan IV', ""Kai'Sa"", 'Xayah']","['Anivia', 'Cassiopeia', 'Varus', 'Caitlyn', 'Jhin']","['Gnar', 'Nocturne', 'Orianna', 'Senna', 'Bard']","['Shyvana', 'Xin Zhao', 'Ryze', 'Yunara', 'Nautilus']",[],[],1,leaguepedia_cargo_patch_range,0,scoreboard_players_corrected
NLC/2026 Season/Spring Split_Day 1_7_1,2026-05-25 18:14:00,26.10,NLC 2026 Spring,DMG Esports,Ruddy Corporation,DMG Esports,"['Nautilus', 'Anivia', 'Cassiopeia', 'Ornn', ""K'Sante""]","['Karma', 'Aurora', 'Ambessa', 'Rakan', 'Rell']","['Gragas', 'Nocturne', 'Orianna', ""Kai'Sa"", 'Pyke']","['Sion', 'Wukong', 'Kassadin', 'Ezreal', 'Bard']",[],[],1,leaguepedia_cargo_patch_range,0,scoreboard_players_corrected
LEC/2026 Season/Spring Playoffs_Round 3_1_5,2026-05-25 18:29:00,26.10,LEC 2026 Spring Playoffs,G2 Esports,Movistar KOI,G2 Esports,"['Milio', 'Braum', 'Smolder', 'Vayne', 'Wukong']","['Orianna', 'Annie', 'Karma', 'LeBlanc', 'Hwei']","['Malphite', 'Pantheon', 'Sylas', 'Jinx', 'Soraka']","['Gnar', 'Zaahen', 'Azir', 'Senna', 'Alistar']",[],[],1,leaguepedia_cargo_patch_range,0,scoreboard_players_corrected
NLC/2026 Season/Spring Split_Day 1_11_1,2026-05-25 18:58:00,26.10,NLC 2026 Spring,Bulldog Esports,Verdant,Verdant,"['Sion', 'Varus', 'Anivia', 'Syndra', 'LeBlanc']","['Orianna', 'Karma', 'Akali', 'Naafiri', 'Lee Sin']","['Aurora', 'Wukong', 'Cassiopeia', 'Lucian', 'Milio']","[""K'Sante"", 'Jarvan IV', 'Hwei', 'Ashe', 'Seraphine']",[],[],0,leaguepedia_cargo_patch_range,1,scoreboard_players_corrected
NLC/2026 Season/Spring Split_Day 1_12_1,2026-05-25 19:00:00,26.10,NLC 2026 Spring,Deer Gaming,Lundqvist Lightside,Lundqvist Lightside,"['Nocturne', 'Ezreal', 'Jarvan IV', 'Sivir', 'Jhin']","['Anivia', 'Orianna', 'Bard', 'Pantheon', 'Naafiri']","['Sion', 'Trundle', 'Taliyah', 'Varus', 'Karma']","['Jayce', 'Vi', 'Ryze', ""Kai'Sa"", 'Rell']",[],[],0,leaguepedia_cargo_patch_range,1,scoreboard_players_corrected
NLC/2026 Season/Spring Split_Day 1_9_1,2026-05-25 19:00:00,26.10,NLC 2026 Spring,DMG Esports,Arctic Pandas,Arctic Pandas,"['Jayce', 'Senna', 'Bard', 'Gnar', 'Ornn']","['Talon', 'Orianna', 'Varus', 'Vi', 'Nocturne']","[""K'Sante"", 'Xin Zhao', 'Aurora', 'Caitlyn', 'Nami']","['Twisted Fate', 'Jarvan IV', 'Ryze', 'Ezreal', 'Karma']",[],[],0,leaguepedia_cargo_patch_range,1,scoreboard_players_corrected
NLC/2026 Season/Spring Split_Day 1_10_1,2026-05-25 19:02:00,26.10,NLC 2026 Spring,Ruddy Corporation,Lund Esports Organization,Lund Esports Organization,"['Shen', 'Ryze', 'Bard', 'Akali', 'Anivia']","['Aurora', 'Varus', 'Orianna', 'Ambessa', 'Gwen']","['Zaahen', 'Xin Zhao', 'Viktor', 'Jhin', 'Karma']","['Sion', 'Jarvan IV', 'Veigar', 'Ezreal', 'Nautilus']",[],[],0,leaguepedia_cargo_patch_range,1,scoreboard_players_corrected
NLC/2026 Season/Spring Split_Day 1_13_1,2026-05-25 19:45:00,26.10,NLC 2026 Spring,Verdant,DMG Esports,Verdant,"['Jarvan IV', 'Aurora', 'Nocturne', 'Pantheon', 'Xin Zhao']","['Orianna', 'Karma', 'Taliyah', 'Pyke', 'Nautilus']","['Varus', 'Lee Sin', 'Cassiopeia', 'Senna', 'Leona']","['Olaf', 'Wukong', 'Syndra', 'Ezreal', 'Bard']",[],[],1,leaguepedia_cargo_patch_range,0,scoreboard_players_corrected
NLC/2026 Season/Spring Split_Day 1_15_1,2026-05-25 19:57:00,26.10,NLC 2026 Spring,Lund Esports Organization,Arctic Pandas,Arctic Pandas,"['Anivia', 'Vi', 'Varus', 'Rumble', 'Gnar']","['Shen', 'Jax', 'Nautilus', 'Nocturne', 'Xin Zhao']","[""K'Sante"", 'Pantheon', 'Orianna', 'Caitlyn', 'Karma']","['Kled', 'Jarvan IV', 'Galio', 'Ezreal', 'Bard']",[],[],0,leaguepedia_cargo_patch_range,1,scoreboard_players_corrected
NLC/2026 Season/Spring Split_Day 1_16_1,2026-05-25 19:59:00,26.10,NLC 2026 Spring,Ruddy Corporation,Deer Gaming,Deer Gaming,"[""Kai'Sa"", 'Pyke', 'Pantheon', 'Lulu', 'Thresh']","['Xin Zhao', 'Karma', 'Aurora', 'Rakan', 'Bard']","['Ambessa', 'Nocturne', 'Orianna', 'Ezreal', 'Braum']","['Renekton', 'Jarvan IV', 'Syndra', 'Yunara', 'Alistar']",[],[],0,leaguepedia_cargo_patch_range,1,scoreboard_players_corrected
NLC/2026 Season/Spring Split_Day 1_14_1,2026-05-25 20:00:00,26.10,NLC 2026 Spring,Bulldog Esports,Lundqvist Lightside,Lundqvist Lightside,"['Sion', 'Varus', 'Ryze', ""Kai'Sa"", 'Corki']","['Cassiopeia', 'Akali', 'Nocturne', 'Jarvan IV', 'Vi']","['Rumble', 'Lee Sin', 'Orianna', 'Ezreal', 'Bard']","[""K'Sante"", 'Jayce', 'Azir', 'Sivir', 'Rell']",[],[],0,leaguepedia_cargo_patch_range,1,scoreboard_players_corrected
CBLOL/2026 Season/Split 1 Playoffs_Round 2_3_1,2026-05-25 21:11:00,26.10,CBLOL 2026 Split 1 Playoffs,LØS,LOUD,LØS,"['Naafiri', 'Orianna', 'Jarvan IV', 'Vi', ""K'Sante""]","['Nocturne', 'Pantheon', 'Varus', 'Aatrox', 'Skarner']","['Twisted Fate', 'Trundle', 'Cassiopeia', 'Lucian', 'Milio']","['Sion', 'Qiyana', 'Akali', 'Caitlyn', 'Bard']",[],[],1,leaguepedia_cargo_patch_range,0,scoreboard_players_corrected
CBLOL/2026 Season/Split 1 Playoffs_Round 2_3_2,2026-05-25 22:05:00,26.10,CBLOL 2026 Split 1 Playoffs,LØS,LOUD,LØS,"['Pantheon', 'Syndra', 'Varus', 'Nautilus', 'Nami']","['Naafiri', 'Nocturne', 'Karma', 'Kalista', 'Seraphine']","[""K'Sante"", 'Jarvan IV', 'Ryze', 'Ezreal', 'Anivia']","['Rumble', 'Aatrox', 'Orianna', 'Jhin', 'Neeko']",[],[],1,leaguepedia_cargo_patch_range,0,scoreboard_players_corrected
CBLOL/2026 Season/Split 1 Playoffs_Round 2_3_3,2026-05-25 22:55:00,26.10,CBLOL 2026 Split 1 Playoffs,LØS,LOUD,LOUD,"['Pantheon', 'Nautilus', 'Varus', 'Pyke', 'Leona']","['Naafiri', 'Nocturne', 'Karma', 'Olaf', 'Xin Zhao']","['Jayce', 'Vi', 'Taliyah', 'Mel', 'Camille']","['Yorick', 'Sejuani', 'Viktor', 'Ashe', 'Seraphine']",[],[],0,leaguepedia_cargo_patch_range,1,scoreboard_players_corrected
Liga Regional Norte/2026 Season/Split 1 Playoffs_Round 3_1_1,2026-05-25 23:13:00,26.10,LRN 2026 Split 1 Playoffs,G3V E-sports,Fuego,Fuego,"['Karma', 'Nautilus', 'Bard', 'Orianna', 'Nami']","['Varus', 'Nocturne', 'Lucian', 'Pantheon', 'Cassiopeia']","[""K'Sante"", 'Jarvan IV', 'Ryze', 'Ezreal', 'Rell']","['Rumble', 'Wukong', 'Galio', 'Caitlyn', 'Neeko']",[],[],0,leaguepedia_cargo_patch_range,1,scoreboard_players_corrected
CBLOL/2026 Season/Split 1 Playoffs_Round 2_3_4,2026-05-25 23:42:00,26.10,CBLOL 2026 Split 1 Playoffs,LOUD,LØS,LOUD,"['Naafiri', 'Lee Sin', 'Aurora', ""Rek'Sai"", 'Annie']","['Varus', 'Nocturne', 'Pantheon', 'Vayne', 'Kennen']","['Renekton', 'Sylas', 'Ahri', 'Corki', 'Nami']","['Gnar', 'Xin Zhao', 'Zoe', 'Zeri', 'Lulu']",[],[],1,leaguepedia_cargo_patch_range,0,scoreboard_players_corrected
Liga Regional Norte/2026 Season/Split 1 Playoffs_Round 3_1_2,2026-05-25 23:54:00,26.10,LRN 2026 Split 1 Playoffs,Fuego,G3V E-sports,Fuego,"['Varus', 'Orianna', 'Bard', 'Renekton', 'Vayne']","['Karma', 'Lucian', 'Nautilus', 'Gwen', 'Akali']","['Sion', 'Xin Zhao', 'Viktor', 'Ashe', 'Seraphine']","['Gnar', 'Nocturne', 'Cassiopeia', 'Mel', 'Pantheon']",[],[],1,leaguepedia_cargo_patch_range,0,scoreboard_players_corrected
CBLOL/2026 Season/Split 1 Playoffs_Round 2_3_5,2026-05-26 00:36:00,26.10,CBLOL 2026 Split 1 Playoffs,LOUD,LØS,LØS,"['Lee Sin', 'Aurora', 'Varus', ""Rek'Sai"", 'Vayne']","['Nocturne', 'Pantheon', 'Syndra', 'Rakan', 'Nautilus']","['Skarner', 'Maokai', 'Hwei', 'Kalista', 'Renata Glasc']","['Ambessa', 'Naafiri', 'Annie', 'Ziggs', 'Leona']",[],[],0,leaguepedia_cargo_patch_range,1,scoreboard_players_corrected
Liga Regional Norte/2026 Season/Split 1 Playoffs_Round 3_1_3,2026-05-26 00:38:00,26.10,LRN 2026 Split 1 Playoffs,Fuego,G3V E-sports,G3V E-sports,"['Akali', 'Nautilus', 'Bard', 'Azir', 'Twisted Fate']","['Varus', 'Orianna', 'Lucian', 'Jayce', 'Sylas']","['Anivia', 'Trundle', 'Syndra', 'Yunara', 'Karma']","['Vayne', 'Skarner', 'Aurora', 'Xayah', 'Rakan']",[],[],0,leaguepedia_cargo_patch_range,1,scoreboard_players_corrected
Liga Regional Norte/2026 Season/Split 1 Playoffs_Round 3_1_4,2026-05-26 01:39:00,26.10,LRN 2026 Split 1 Playoffs,G3V E-sports,Fuego,Fuego,"['Orianna', 'Naafiri', 'Bard', 'Sylas', 'Jax']","['Varus', 'Lucian', 'Akali', 'Jayce', 'Ahri']","['Kayle', 'Vi', 'Twisted Fate', 'Miss Fortune', 'Nautilus']","['Renekton', 'Maokai', 'Yone', 'Corki', 'Braum']",[],[],0,leaguepedia_cargo_patch_range,1,scoreboard_players_corrected
Esports World Cup 2026/Online Qualifiers/Korea_Round 4_2_1,2026-05-26 07:08:00,26.10,Esports World Cup 2026 Online Qualifier: Korea,Dplus Kia,Hanwha Life Esports,Hanwha Life Esports,"['Varus', 'Jarvan IV', 'Karma', 'Vi', ""K'Sante""]","['Nocturne', 'Bard', 'Ziggs', 'Naafiri', 'Trundle']","['Ambessa', 'Xin Zhao', 'Viktor', 'Ashe', 'Seraphine']","['Rumble', 'Pantheon', 'Orianna', 'Lucian', 'Milio']",[],[],0,leaguepedia_cargo_patch_range,1,scoreboard_players_corrected
Esports World Cup 2026/Online Qualifiers/Korea_Round 4_2_2,2026-05-26 08:01:00,26.10,Esports World Cup 2026 Online Qualifier: Korea,Dplus Kia,Hanwha Life Esports,Hanwha Life Esports,"['Varus', 'Karma', 'Jarvan IV', 'Ahri', 'Taliyah']","['Cassiopeia', 'Bard', 'Nami', 'Ziggs', 'Nautilus']","['Yorick', 'Vi', 'Anivia', 'Yunara', 'Lulu']","['Jayce', 'Trundle', 'Ryze', 'Senna', 'Alistar']",[],[],0,leaguepedia_cargo_patch_range,1,scoreboard_players_corrected
LCK CL/2026 Season/Rounds 1-2_Week 9_4_1,2026-05-26 08:07:00,26.10,LCK CL 2026 Rounds 1-2,KT Rolster Challengers,Gen.G Global Academy,KT Rolster Challengers,"['Nocturne', 'Varus', 'Ashe', 'Gwen', 'Vayne']","['Rumble', 'Orianna', 'Jarvan IV', 'Xin Zhao', 'Sion']","['Jayce', 'Skarner', 'Cassiopeia', 'Ezreal', 'Karma']","[""K'Sante"", 'Vi', 'Akali', 'Lucian', 'Nami']",[],[],1,leaguepedia_cargo_patch_range,0,scoreboard_players_corrected
LCK CL/2026 Season/Rounds 1-2_Week 9_4_2,2026-05-26 08:58:00,26.10,LCK CL 2026 Rounds 1-2,KT Rolster Challengers,Gen.G Global Academy,KT Rolster Challengers,"['Varus', 'Bard', 'Ashe', 'Trundle', 'Wukong']","['Orianna', 'Jarvan IV', 'Nocturne', 'Sivir', ""Kog'Maw""]","['Ambessa', 'Lee Sin', 'Taliyah', 'Yunara', 'Nautilus']","['Renekton', 'Xin Zhao', 'Rumble', 'Aphelios', 'Lulu']",[],[],1,leaguepedia_cargo_patch_range,0,scoreboard_players_corrected
Esports World Cup 2026/Online Qualifiers/Korea_Round 4_2_3,2026-05-26 09:01:00,26.10,Esports World Cup 2026 Online Qualifier: Korea,Hanwha Life Esports,Dplus Kia,Hanwha Life Esports,"['Karma', 'Jarvan IV', 'Varus', 'Taliyah', 'Gnar']","['Cassiopeia', 'Annie', 'Bard', 'Ahri', 'Mel']","['Sion', 'Lee Sin', 'Fizz', 'Miss Fortune', 'Nautilus']","['Illaoi', 'Skarner', 'Twisted Fate', 'Caitlyn', 'Lux']",[],[],1,leaguepedia_cargo_patch_range,0,scoreboard_players_corrected
PCS/2026 Season/Spring Season_Playoffs Round 1_5_1,2026-05-26 09:07:00,26.10,PCS 2026 Spring,Equinox Core,Shadow Keepers Esports,Shadow Keepers Esports,"['Jarvan IV', 'Varus', 'Neeko', 'Lucian', 'Caitlyn']","['Karma', 'Vi', 'Pantheon', 'Xin Zhao', 'Alistar']","[""K'Sante"", 'Wukong', 'Orianna', 'Ezreal', 'Nami']","['Rumble', 'Nocturne', 'Akali', ""Kai'Sa"", 'Nautilus']",[],[],0,leaguepedia_cargo_patch_range,1,scoreboard_players_corrected
PCS/2026 Season/Spring Season_Playoffs Round 1_5_2,2026-05-26 09:59:00,26.10,PCS 2026 Spring,Equinox Core,Shadow Keepers Esports,Shadow Keepers Esports,"['Pantheon', 'Ryze', 'Jarvan IV', 'Pyke', 'Bard']","['Karma', 'Vi', 'Varus', 'Xin Zhao', 'Skarner']","['Jayce', 'Lee Sin', 'Zoe', 'Caitlyn', 'Lux']","['Yorick', 'Ambessa', 'Aurora', 'Jhin', 'Neeko']",[],[],0,leaguepedia_cargo_patch_range,1,scoreboard_players_corrected
LCK CL/2026 Season/Rounds 1-2_Week 9_5_1,2026-05-26 10:03:00,26.10,LCK CL 2026 Rounds 1-2,DN SOOPers Challengers,Nongshim Esports Academy,DN SOOPers Challengers,"['Varus', 'Karma', 'Ashe', 'Bard', 'Corki']","['Jarvan IV', 'Lucian', 'Orianna', 'Nautilus', 'Ezreal']","['Rumble', 'Wukong', 'Annie', ""Kai'Sa"", 'Neeko']","['Ambessa', 'Vi', 'Akali', 'Yunara', 'Lulu']",[],[],1,leaguepedia_cargo_patch_range,0,scoreboard_players_corrected
LCK CL/2026 Season/Rounds 1-2_Week 9_5_2,2026-05-26 10:48:00,26.10,LCK CL 2026 Rounds 1-2,DN SOOPers Challengers,Nongshim Esports Academy,DN SOOPers Challengers,"['Varus', 'Karma', 'Cassiopeia', 'Vayne', 'Sivir']","['Jarvan IV', 'Lucian', 'Orianna', 'Nautilus', 'Leona']","['Jayce', 'Lee Sin', 'Ryze', 'Ezreal', 'Rell']","['Sion', 'Skarner', 'Anivia', 'Caitlyn', 'Bard']",[],[],1,leaguepedia_cargo_patch_range,0,scoreboard_players_corrected
PCS/2026 Season/Spring Season_Playoffs Round 1_6_1,2026-05-26 10:50:00,26.10,PCS 2026 Spring,Ground Zero Academy,Viper Night Raider,Viper Night Raider,"['Akali', 'Karma', 'Jarvan IV', 'Yunara', 'Jhin']","['Varus', 'Lucian', 'Ashe', 'Nocturne', 'Vi']","['Rumble', 'Lee Sin', 'Orianna', 'Ezreal', 'Nautilus']","[""K'Sante"", 'Xin Zhao', 'Cassiopeia', 'Corki', 'Nami']",[],[],0,leaguepedia_cargo_patch_range,1,scoreboard_players_corrected
PCS/2026 Season/Spring Season_Playoffs Round 1_6_2,2026-05-26 11:43:00,26.10,PCS 2026 Spring,Ground Zero Academy,Viper Night Raider,Viper Night Raider,"['Akali', 'Karma', 'Jarvan IV', 'Seraphine', 'Lulu']","['Lucian', 'Ryze', 'Varus', 'Bard', 'Neeko']","['Ambessa', 'Vi', 'Aurora', 'Miss Fortune', 'Rell']","['Renekton', 'Wukong', 'Annie', 'Ashe', 'Braum']",[],[],0,leaguepedia_cargo_patch_range,1,scoreboard_players_corrected
Hitpoint Masters/2026 Season/Spring Playoffs_Round 1_3_1,2026-05-26 14:14:00,26.10,Hitpoint Masters 2026 Spring Playoffs,Meavedron,EXILE esports,EXILE esports,"['Anivia', 'Smolder', 'Ambessa', 'Xin Zhao', 'Pantheon']","['Jarvan IV', 'Gwen', 'Wukong', 'Nautilus', 'Karma']","['Fiora', 'Vi', 'Akali', 'Ezreal', 'Rakan']","['Sion', 'Naafiri', 'Orianna', 'Ashe', 'Seraphine']",[],[],0,leaguepedia_cargo_patch_range,1,scoreboard_players_corrected
TCL/2026 Season/Spring Playoffs_Semifinals_1_1,2026-05-26 15:01:00,26.10,TCL 2026 Spring Playoffs,PCIFIC Esports,Ozarox Esports,PCIFIC Esports,"['Nautilus', 'Ryze', 'Viktor', 'Xin Zhao', 'Gnar']","['Orianna', 'Karma', 'Ashe', 'Sion', 'Naafiri']","['Renekton', 'Dr. Mundo', 'LeBlanc', 'Caitlyn', 'Neeko']","['Varus', 'Vi', 'Galio', 'Lucian', 'Milio']",[],[],1,leaguepedia_cargo_patch_range,0,scoreboard_players_corrected
Hitpoint Masters/2026 Season/Spring Playoffs_Round 1_3_2,2026-05-26 15:06:00,26.10,Hitpoint Masters 2026 Spring Playoffs,Meavedron,EXILE esports,Meavedron,"['Anivia', 'Ambessa', 'Trundle', 'Karma', 'Syndra']","['Jarvan IV', 'Veigar', 'Smolder', 'Leona', 'Nautilus']","['Ornn', 'Viego', 'Annie', 'Varus', 'Rell']","['Rumble', 'Wukong', 'Vladimir', 'Jhin', 'Bard']",[],[],1,leaguepedia_cargo_patch_range,0,scoreboard_players_corrected
Prime League 1st Division/2026 Season/Spring Playoffs_Semifinals_1_1,2026-05-26 15:08:00,26.10,PRM 1st Division 2026 Spring Playoffs,Eintracht Spandau,E WIE EINFACH E-SPORTS,Eintracht Spandau,"['Pyke', 'Nautilus', 'Ryze', 'LeBlanc', 'Syndra']","['Karma', 'Azir', 'Orianna', 'Aatrox', 'Skarner']","['Shen', 'Naafiri', 'Viktor', 'Lucian', 'Milio']","['Sion', 'Jarvan IV', 'Akali', 'Ezreal', 'Nami']",[],[],1,leaguepedia_cargo_patch_range,0,scoreboard_players_corrected
Rift Legends/2026 Season/Spring Playoffs_Round 1_1_1,2026-05-26 15:14:00,26.10,Rift Legends 2026 Spring Playoffs,Bomba Team,Anonymo Esports,Bomba Team,"['Nautilus', 'Neeko', 'Ashe', 'Yasuo', 'Zyra']","['Aurora', 'Karma', 'Varus', 'Orianna', 'Jarvan IV']","['Anivia', 'Nocturne', 'Ahri', 'Ezreal', 'Rell']","['Rumble', 'Pantheon', 'Akali', 'Caitlyn', 'Bard']",[],[],1,leaguepedia_cargo_patch_range,0,scoreboard_players_corrected
Hitpoint Masters/2026 Season/Spring Playoffs_Round 1_3_3,2026-05-26 15:58:00,26.10,Hitpoint Masters 2026 Spring Playoffs,EXILE esports,Meavedron,Meavedron,"['Jarvan IV', 'Karma', 'Smolder', ""Cho'Gath"", ""K'Sante""]","['Anivia', 'Ambessa', 'LeBlanc', 'Singed', 'Jax']","['Gwen', 'Dr. Mundo', 'Viktor', 'Yunara', 'Lulu']","['Shen', 'Aatrox', 'Syndra', 'Draven', 'Nautilus']",[],[],0,leaguepedia_cargo_patch_range,1,scoreboard_players_corrected
TCL/2026 Season/Spring Playoffs_Semifinals_1_2,2026-05-26 16:02:00,26.10,TCL 2026 Spring Playoffs,Ozarox Esports,PCIFIC Esports,PCIFIC Esports,"['Mel', 'Nautilus', 'Orianna', 'Wukong', 'Naafiri']","['Ashe', 'Karma', 'Sion', 'Ryze', 'Aurora']","['Rumble', 'Jarvan IV', 'Anivia', 'Corki', 'Nami']","[""K'Sante"", 'Xin Zhao', 'Akali', 'Aphelios', 'Lulu']",[],[],0,leaguepedia_cargo_patch_range,1,scoreboard_players_corrected
Rift Legends/2026 Season/Spring Playoffs_Round 1_1_2,2026-05-26 16:05:00,26.10,Rift Legends 2026 Spring Playoffs,Bomba Team,Anonymo Esports,Bomba Team,"['Nautilus', 'Neeko', 'Ashe', 'Yunara', 'Seraphine']","['Aurora', 'Karma', 'Orianna', 'Yone', 'Syndra']","['Sion', 'Jarvan IV', 'Cassiopeia', 'Corki', 'Nami']","['Gnar', 'Wukong', 'Ryze', 'Varus', 'Thresh']",[],[],1,leaguepedia_cargo_patch_range,0,scoreboard_players_corrected
Road Of Legends/2026 Season/Spring Playoffs_Round 3_1_1,2026-05-26 16:08:00,26.10,Road Of Legends 2026 Spring Playoffs,The Bandits,Frites Esports Club,Frites Esports Club,"['Orianna', 'Lucian', 'Karma', 'Akali', 'Cassiopeia']","['Aurelion Sol', 'Nautilus', 'Varus', 'Syndra', 'LeBlanc']","['Ornn', 'Jax', 'Ahri', 'Ashe', 'Rakan']","['Gragas', 'Jarvan IV', 'Anivia', 'Ezreal', 'Bard']",[],[],0,leaguepedia_cargo_patch_range,1,scoreboard_players_corrected
Prime League 1st Division/2026 Season/Spring Playoffs_Semifinals_1_2,2026-05-26 16:28:00,26.10,PRM 1st Division 2026 Spring Playoffs,E WIE EINFACH E-SPORTS,Eintracht Spandau,Eintracht Spandau,"['Nautilus', 'Vi', 'Pantheon', 'Skarner', 'Vayne']","['Ryze', 'Pyke', 'Ziggs', 'Dr. Mundo', 'Nocturne']","['Gnar', 'Maokai', 'Azir', 'Varus', 'Karma']","['Jayce', 'Wukong', ""Kog'Maw"", 'Caitlyn', 'Bard']",[],[],0,leaguepedia_cargo_patch_range,1,scoreboard_players_corrected
Hitpoint Masters/2026 Season/Spring Playoffs_Round 1_3_4,2026-05-26 16:48:00,26.10,Hitpoint Masters 2026 Spring Playoffs,EXILE esports,Meavedron,Meavedron,"['Karma', ""K'Sante"", ""Cho'Gath"", 'Caitlyn', 'Miss Fortune']","['Singed', 'Renekton', 'Anivia', 'Xin Zhao', 'Pantheon']","['Aurora', 'Lee Sin', 'Galio', 'Lucian', 'Milio']","['Ambessa', 'Jarvan IV', 'Ahri', 'Corki', 'Nami']",[],[],0,leaguepedia_cargo_patch_range,1,scoreboard_players_corrected
TCL/2026 Season/Spring Playoffs_Semifinals_1_3,2026-05-26 16:55:00,26.10,TCL 2026 Spring Playoffs,Ozarox Esports,PCIFIC Esports,PCIFIC Esports,"['Wukong', 'Orianna', 'Naafiri', 'Aurora', 'Azir']","['Ashe', 'Kalista', 'Karma', 'Sion', ""Kai'Sa""]","['Gragas', 'Pantheon', 'Cassiopeia', 'Miss Fortune', 'Nautilus']","['Gnar', 'Zaahen', 'Ahri', 'Ezreal', 'Rell']",[],[],0,leaguepedia_cargo_patch_range,1,scoreboard_players_corrected
Rift Legends/2026 Season/Spring Playoffs_Round 1_1_3,2026-05-26 16:59:00,26.10,Rift Legends 2026 Spring Playoffs,Bomba Team,Anonymo Esports,Bomba Team,"['Nautilus', 'Neeko', 'Yasuo', 'Yunara', 'Jhin']","['Aurora', 'Karma', 'Orianna', 'LeBlanc', 'Vayne']","['Renekton', 'Naafiri', 'Sylas', 'Ashe', 'Milio']","[""K'Sante"", 'Zyra', 'Yone', 'Seraphine', 'Rakan']",[],[],1,leaguepedia_cargo_patch_range,0,scoreboard_players_corrected
Road Of Legends/2026 Season/Spring Playoffs_Round 3_1_2,2026-05-26 16:59:00,26.10,Road Of Legends 2026 Spring Playoffs,Frites Esports Club,The Bandits,Frites Esports Club,"['Aurelion Sol', 'Cassiopeia', 'Varus', 'Dr. Mundo', 'Naafiri']","['Rumble', 'Orianna', 'Akali', 'Xin Zhao', 'Vi']","['Aurora', 'Skarner', 'Viktor', 'Caitlyn', 'Karma']","['Tryndamere', 'Wukong', 'Ryze', 'Lucian', 'Nautilus']",[],[],1,leaguepedia_cargo_patch_range,0,scoreboard_players_corrected
Prime League 1st Division/2026 Season/Spring Playoffs_Semifinals_1_3,2026-05-26 17:22:00,26.10,PRM 1st Division 2026 Spring Playoffs,Eintracht Spandau,E WIE EINFACH E-SPORTS,Eintracht Spandau,"['Ryze', 'Ashe', 'Pyke', 'Poppy', 'Ahri']","['Orianna', 'Rumble', 'Sivir', 'Mel', 'LeBlanc']","['Aatrox', 'Nocturne', 'Cassiopeia', 'Yunara', 'Lulu']","[""K'Sante"", 'Viego', 'Aurora', 'Ziggs', 'Leona']",[],[],1,leaguepedia_cargo_patch_range,0,scoreboard_players_corrected
Road Of Legends/2026 Season/Spring Playoffs_Round 3_1_3,2026-05-26 17:50:00,26.10,Road Of Legends 2026 Spring Playoffs,Frites Esports Club,The Bandits,Frites Esports Club,"['Aurelion Sol', 'Syndra', 'LeBlanc', 'Alistar', 'Leona']","['Orianna', 'Rumble', 'Cassiopeia', 'Corki', ""Kai'Sa""]","[""K'Sante"", 'Nocturne', 'Annie', 'Kalista', 'Neeko']","['Gnar', 'Zaahen', 'Hwei', 'Varus', 'Rell']",[],[],1,leaguepedia_cargo_patch_range,0,scoreboard_players_corrected
Circuito Desafiante/2026 Season/Split 1 Playoffs_Round 3_1_1,2026-05-26 20:03:00,26.10,CD 2026 Split 1 Playoffs,paiN Gaming Academy,Estral Esports,paiN Gaming Academy,"['Varus', 'Jarvan IV', 'Orianna', 'Taliyah', 'Vayne']","['Nocturne', 'Lucian', 'Karma', 'Xin Zhao', 'Trundle']","['Gwen', 'Pantheon', 'Aurora', 'Ashe', 'Lulu']","['Sion', 'Vi', 'Cassiopeia', 'Miss Fortune', 'Seraphine']",[],[],1,leaguepedia_cargo_patch_range,0,scoreboard_players_corrected
Liga Regional Sur/2026 Season/Split 1 Playoffs_Round 3_1_1,2026-05-26 20:09:00,26.10,LRS 2026 Split 1 Playoffs,Volticons,Golden Lions,Volticons,"['Orianna', 'Jarvan IV', 'Nautilus', 'Jayce', 'Xin Zhao']","['Azir', 'Nocturne', 'Akali', 'Skarner', 'Wukong']","['Gnar', 'Naafiri', 'Cassiopeia', 'Varus', 'Karma']","['Kennen', 'Olaf', 'Anivia', 'Ashe', 'Seraphine']",[],[],1,leaguepedia_cargo_patch_range,0,scoreboard_players_corrected
Circuito Desafiante/2026 Season/Split 1 Playoffs_Round 3_1_2,2026-05-26 20:54:00,26.10,CD 2026 Split 1 Playoffs,paiN Gaming Academy,Estral Esports,paiN Gaming Academy,"['Akali', 'Nocturne', 'Varus', 'Anivia', 'Twisted Fate']","['Orianna', 'Jarvan IV', 'Ryze', 'Nasus', 'Trundle']","['Rumble', 'Wukong', 'Ahri', 'Lucian', 'Milio']","[""K'Sante"", 'Xin Zhao', 'Annie', 'Caitlyn', 'Karma']",[],[],1,leaguepedia_cargo_patch_range,0,scoreboard_players_corrected
Liga Regional Sur/2026 Season/Split 1 Playoffs_Round 3_1_2,2026-05-26 21:00:00,26.10,LRS 2026 Split 1 Playoffs,Volticons,Golden Lions,Golden Lions,"['Azir', 'Akali', 'Lucian', 'Vi', 'Sion']","['Orianna', 'Pantheon', 'Nocturne', 'Gwen', 'Xin Zhao']","['Ornn', 'Wukong', 'Ahri', 'Ezreal', 'Neeko']","['Rumble', 'Skarner', 'Ryze', 'Caitlyn', 'Nami']",[],[],0,leaguepedia_cargo_patch_range,1,scoreboard_players_corrected
Liga Regional Sur/2026 Season/Split 1 Playoffs_Round 3_1_3,2026-05-26 21:49:00,26.10,LRS 2026 Split 1 Playoffs,Golden Lions,Volticons,Golden Lions,"['Orianna', 'Pantheon', 'Nautilus', 'Sivir', 'Smolder']","['Lucian', 'Nocturne', 'Azir', 'Akali', 'LeBlanc']","['Jayce', 'Jarvan IV', 'Taliyah', ""Kai'Sa"", 'Rakan']","['Aatrox', 'Xin Zhao', 'Aurora', 'Yunara', 'Lulu']",[],[],1,leaguepedia_cargo_patch_range,0,scoreboard_players_corrected
Circuito Desafiante/2026 Season/Split 1 Playoffs_Round 3_1_3,2026-05-26 21:55:00,26.10,CD 2026 Split 1 Playoffs,paiN Gaming Academy,Estral Esports,paiN Gaming Academy,"['Akali', 'Jarvan IV', 'Yorick', 'Lee Sin', 'Naafiri']","['Nocturne', 'Orianna', 'Jayce', 'Alistar', 'Nautilus']","['Jax', 'Skarner', 'Ryze', 'Sivir', 'Bard']","['Varus', 'Trundle', 'Twisted Fate', 'Zeri', 'Rell']",[],[],1,leaguepedia_cargo_patch_range,0,scoreboard_players_corrected
Liga Regional Sur/2026 Season/Split 1 Playoffs_Round 3_1_4,2026-05-26 22:41:00,26.10,LRS 2026 Split 1 Playoffs,Golden Lions,Volticons,Golden Lions,"['Azir', 'Lucian', 'Akali', 'Ziggs', 'Sivir']","['Orianna', 'Pantheon', 'Smolder', 'Renekton', 'Yorick']","['Shen', 'Nocturne', 'Viktor', 'Senna', 'Rell']","['Ambessa', 'Qiyana', ""Kog'Maw"", 'Miss Fortune', 'Nautilus']",[],[],1,leaguepedia_cargo_patch_range,0,scoreboard_players_corrected
LCK/2026 Season/Rounds 1-2_Week 9_1_1,2026-05-27 08:06:00,26.10,LCK 2026 Rounds 1-2,Gen.G,Hanwha Life Esports,Hanwha Life Esports,"['Varus', 'Ezreal', 'Anivia', 'Lee Sin', 'Vayne']","['Orianna', 'Cassiopeia', 'Ryze', 'Jayce', 'Rumble']","['Gnar', 'Naafiri', 'Annie', 'Jhin', 'Karma']","['Sion', 'Jarvan IV', 'Aurora', 'Caitlyn', 'Bard']",[],[],0,leaguepedia_cargo_patch_range,1,scoreboard_players_corrected
LJL/2026 Season/Spring Series_Week 5_1_1,2026-05-27 08:20:00,26.10,LJL 2026 Spring Series,DetonatioN FocusMe Academy,New Meta,DetonatioN FocusMe Academy,"['Nocturne', 'Nautilus', 'Vi', 'Gwen', 'Ryze']","['Ivern', 'Ezreal', 'Jarvan IV', 'Yone', 'Rumble']","['Sion', 'Xin Zhao', 'Akali', 'Lucian', 'Milio']","['Camille', 'Wukong', 'Lux', 'Jhin', 'Karma']",[],[],1,leaguepedia_cargo_patch_range,0,scoreboard_players_corrected
PCS/2026 Season/Spring Season_Playoffs Round 2_3_1,2026-05-27 09:07:00,26.10,PCS 2026 Spring,wangting,Shadow Keepers Esports,Shadow Keepers Esports,"['Aurora', 'Rumble', 'Nautilus', 'Ashe']","['Pantheon', 'Vi', 'Varus', 'Xin Zhao', 'Nocturne']","['Ambessa', 'Wukong', 'Orianna', 'Ezreal', 'Karma']","['Gnar', 'Lee Sin', 'Ryze', 'Lucian', 'Milio']",[],[],0,leaguepedia_cargo_patch_range,1,scoreboard_players_corrected
LCK/2026 Season/Rounds 1-2_Week 9_1_2,2026-05-27 09:12:00,26.10,LCK 2026 Rounds 1-2,Gen.G,Hanwha Life Esports,Gen.G,"['Varus', 'Anivia', 'Orianna', 'Ambessa', 'Taliyah']","['Jayce', 'Nocturne', 'Cassiopeia', 'Ashe', 'Nautilus']","['Yorick', 'Vi', 'Ahri', 'Lucian', 'Milio']","['Rumble', 'Trundle', 'Ryze', 'Senna', 'Alistar']",[],[],1,leaguepedia_cargo_patch_range,0,scoreboard_players_corrected
LJL/2026 Season/Spring Series_Week 5_1_2,2026-05-27 09:18:00,26.10,LJL 2026 Spring Series,New Meta,DetonatioN FocusMe Academy,New Meta,"['Ivern', 'Ezreal', 'Varus', 'Sylas', 'Yone']","['Vi', 'Jarvan IV', 'Ryze', 'Ambessa', 'Gwen']","['Aatrox', 'Nocturne', 'Orianna', 'Ashe', 'Nautilus']","['Renekton', 'Skarner', 'Mel', 'Yunara', 'Lulu']",[],[],1,leaguepedia_cargo_patch_range,0,scoreboard_players_corrected
PCS/2026 Season/Spring Season_Playoffs Round 2_3_2,2026-05-27 10:01:00,26.10,PCS 2026 Spring,wangting,Shadow Keepers Esports,wangting,"['Aurora', 'Rumble', 'Jarvan IV', 'Skarner', 'Nocturne']","['Pantheon', 'Varus', 'Vi', 'Galio', 'Akali']","['Jax', 'Xin Zhao', 'Cassiopeia', 'Ashe', 'Seraphine']","['Gragas', 'Trundle', 'Mel', 'Corki', 'Nami']",[],[],1,leaguepedia_cargo_patch_range,0,scoreboard_players_corrected
LCK/2026 Season/Rounds 1-2_Week 9_1_3,2026-05-27 10:07:00,26.10,LCK 2026 Rounds 1-2,Gen.G,Hanwha Life Esports,Gen.G,"['Varus', 'Ezreal', 'Skarner', 'Lulu', 'Corki']","['Jayce', 'Ashe', 'Cassiopeia', 'Poppy', 'Miss Fortune']","['Vayne', 'Lee Sin', 'Galio', 'Sivir', 'Rakan']","['Renekton', 'Pantheon', 'Orianna', 'Xayah', 'Nautilus']",[],[],1,leaguepedia_cargo_patch_range,0,scoreboard_players_corrected
VCS/2026 Season/Summer Season_Week 3_1_1,2026-05-27 10:07:00,26.09,VCS 2026 Summer,SN CyberCore Esports,ZEN Esports (Vietnamese Team),ZEN Esports (Vietnamese Team),"['Nocturne', 'Lucian', 'Pantheon', 'Bard', 'Vayne']","['Orianna', 'Rumble', 'Karma', 'Nautilus', 'Seraphine']","['Renekton', 'Jarvan IV', 'Akali', 'Varus', 'Anivia']","[""K'Sante"", 'Lee Sin', 'Cassiopeia', 'Ezreal', 'Neeko']",[],[],0,leaguepedia_cargo_patch_range,1,scoreboard_players_corrected
LJL/2026 Season/Spring Series_Week 5_1_3,2026-05-27 10:13:00,26.10,LJL 2026 Spring Series,New Meta,DetonatioN FocusMe Academy,New Meta,"['Ivern', 'Ezreal', 'Aphelios', 'Sylas', 'Rumble']","['Vi', 'Jarvan IV', 'Ambessa', 'Jax', 'Gwen']","['Irelia', 'Malphite', 'Ahri', 'Varus', 'Shen']","[""K'Sante"", 'Sejuani', 'Yone', 'Smolder', 'Leona']",[],[],1,leaguepedia_cargo_patch_range,0,scoreboard_players_corrected
PCS/2026 Season/Spring Season_Playoffs Round 2_3_3,2026-05-27 10:44:00,26.10,PCS 2026 Spring,wangting,Shadow Keepers Esports,Shadow Keepers Esports,"['Aurora', 'Rumble', 'Nocturne', 'Yorick', 'Sion']","['Pantheon', 'Varus', 'Vi', 'Maokai', 'Jarvan IV']","['Jayce', 'Sejuani', 'Galio', 'Jhin', 'Nautilus']","[""K'Sante"", 'Qiyana', 'Annie', 'Tristana', 'Braum']",[],[],0,leaguepedia_cargo_patch_range,1,scoreboard_players_corrected
VCS/2026 Season/Summer Season_Week 3_1_2,2026-05-27 11:03:00,26.09,VCS 2026 Summer,SN CyberCore Esports,ZEN Esports (Vietnamese Team),SN CyberCore Esports,"['Nocturne', 'Pantheon', 'Lucian', 'Sivir', 'Caitlyn']","['Rumble', 'Ryze', 'Naafiri', ""Kai'Sa"", 'Corki']","['Ambessa', 'Xin Zhao', 'Orianna', 'Miss Fortune', 'Pyke']","['Zaahen', 'Trundle', 'Viktor', 'Jhin', 'Bard']",[],[],1,leaguepedia_cargo_patch_range,0,scoreboard_players_corrected
LJL/2026 Season/Spring Series_Week 5_2_1,2026-05-27 11:16:00,26.10,LJL 2026 Spring Series,Arneb,Uwinks,Uwinks,"['Neeko', 'Ezreal', 'Nocturne', 'Tristana', 'Xin Zhao']","['Akali', 'Naafiri', 'Jarvan IV', 'Nautilus', 'Sion']","['Maokai', 'Lee Sin', 'Ryze', 'Varus', 'Leona']","['Yorick', 'Jax', 'Viktor', 'Caitlyn', 'Bard']",[],[],0,leaguepedia_cargo_patch_range,1,scoreboard_players_corrected
LCK/2026 Season/Rounds 1-2_Week 9_2_1,2026-05-27 11:17:00,26.10,LCK 2026 Rounds 1-2,BNK FEARX,Kiwoom DRX,BNK FEARX,"['Ezreal', 'Ashe', 'Varus', 'Lucian', 'Yunara']","['Orianna', 'Cassiopeia', 'Karma', 'Nautilus', 'Bard']","['Rumble', 'Lee Sin', 'Ryze', 'Caitlyn', 'Lux']","[""K'Sante"", 'Jarvan IV', 'Annie', 'Miss Fortune', 'Rell']",[],[],1,leaguepedia_cargo_patch_range,0,scoreboard_players_corrected
PCS/2026 Season/Spring Season_Playoffs Round 2_4_1,2026-05-27 11:29:00,26.10,PCS 2026 Spring,SillySilly Gaming,Viper Night Raider,SillySilly Gaming,"['Karma', 'Ezreal', 'Nocturne', 'Lucian', 'Corki']","['Varus', 'Rengar', 'Rumble', 'Ashe', 'Sivir']","['Renekton', 'Jarvan IV', 'Orianna', 'Aphelios', 'Thresh']","['Gnar', 'Lee Sin', 'Cassiopeia', 'Yunara', 'Lulu']",[],[],1,leaguepedia_cargo_patch_range,0,scoreboard_players_corrected
VCS/2026 Season/Summer Season_Week 3_1_3,2026-05-27 11:52:00,26.09,VCS 2026 Summer,ZEN Esports (Vietnamese Team),SN CyberCore Esports,ZEN Esports (Vietnamese Team),"['Rumble', 'Sylas', 'Naafiri', 'Wukong', 'Viego']","['Pantheon', 'Lucian', 'Nocturne', 'Caitlyn', 'Milio']","['Sion', 'Vi', 'Ryze', 'Sivir', 'Alistar']","['Gnar', 'Jayce', 'Annie', 'Corki', 'Nautilus']",[],[],1,leaguepedia_cargo_patch_range,0,scoreboard_players_corrected
PCS/2026 Season/Spring Season_Playoffs Round 2_4_2,2026-05-27 12:12:00,26.10,PCS 2026 Spring,SillySilly Gaming,Viper Night Raider,SillySilly Gaming,"['Karma', 'Ezreal', 'Nocturne', 'Corki', 'Lucian']","['Rengar', 'Varus', 'Rumble', 'Nautilus', 'Pyke']","['Jax', 'Vi', 'Ryze', 'Jhin', 'Seraphine']","['Sion', 'Xin Zhao', 'Syndra', 'Ashe', 'Bard']",[],[],1,leaguepedia_cargo_patch_range,0,scoreboard_players_corrected
LCK/2026 Season/Rounds 1-2_Week 9_2_2,2026-05-27 12:13:00,26.10,LCK 2026 Rounds 1-2,BNK FEARX,Kiwoom DRX,Kiwoom DRX,"['Ashe', 'Varus', 'Jayce', 'Renekton', 'Ahri']","['Orianna', 'Cassiopeia', 'Xin Zhao', 'Wukong', 'Vi']","['Aurora', 'Naafiri', 'Sylas', 'Jhin', 'Karma']","['Gnar', 'Pantheon', 'Viktor', 'Ezreal', 'Bard']",[],[],0,leaguepedia_cargo_patch_range,1,scoreboard_players_corrected
VCS/2026 Season/Summer Season_Week 3_2_1,2026-05-27 12:34:00,26.09,VCS 2026 Summer,Saigon Dino,9Gaming,9Gaming,"['Gwen', 'Nocturne', 'Varus', 'Vayne', 'Gnar']","['Orianna', 'Karma', 'Bard', 'Ryze', 'Cassiopeia']","['Renekton', 'Jarvan IV', 'Mel', 'Ezreal', 'Nautilus']","['Jax', 'Trundle', 'Ahri', 'Lucian', 'Milio']",[],[],0,leaguepedia_cargo_patch_range,1,scoreboard_players_corrected
LJL/2026 Season/Spring Series_Week 5_2_2,2026-05-27 12:41:00,26.10,LJL 2026 Spring Series,Arneb,Uwinks,Arneb,"['Neeko', 'Ezreal', 'Ambessa', 'Gnar', 'Kennen']","['Akali', 'Orianna', 'Nocturne', 'Ahri', 'Annie']","['Rumble', 'Naafiri', 'Taliyah', 'Jhin', 'Nautilus']","['Sion', 'Xin Zhao', 'Hwei', 'Tristana', 'Braum']",[],[],1,leaguepedia_cargo_patch_range,0,scoreboard_players_corrected
LCK/2026 Season/Rounds 1-2_Week 9_2_3,2026-05-27 13:07:00,26.10,LCK 2026 Rounds 1-2,Kiwoom DRX,BNK FEARX,BNK FEARX,"['Varus', 'Vi', 'Akali', 'Wukong', 'Nocturne']","['Ashe', 'Orianna', 'Cassiopeia', 'Sion', 'Jayce']","['Renekton', 'Jax', 'Mel', 'Yunara', 'Lulu']","['Shen', 'Xin Zhao', 'Ahri', 'Lucian', 'Milio']",[],[],0,leaguepedia_cargo_patch_range,1,scoreboard_players_corrected
VCS/2026 Season/Summer Season_Week 3_2_2,2026-05-27 13:28:00,26.09,VCS 2026 Summer,9Gaming,Saigon Dino,Saigon Dino,"['Nocturne', 'Bard', 'Ryze', 'Cassiopeia']","['Varus', 'Gwen', 'Vayne', ""K'Sante"", 'Aurora']","['Ambessa', 'Xin Zhao', 'Orianna', 'Caitlyn', 'Karma']","['Rumble', 'Naafiri', 'Akali', 'Jhin', 'Skarner']",[],[],0,leaguepedia_cargo_patch_range,1,scoreboard_players_corrected
LJL/2026 Season/Spring Series_Week 5_2_3,2026-05-27 13:34:00,26.10,LJL 2026 Spring Series,Arneb,Uwinks,Arneb,"['Neeko', 'Ezreal', 'Ambessa', 'Gnar', 'Annie']","['Orianna', 'Karma', 'Akali', 'Aurora', 'Ahri']","['Skarner', 'Nocturne', 'Cassiopeia', 'Ashe', 'Alistar']","['Gragas', 'Olaf', 'Mel', ""Kai'Sa"", 'Rell']",[],[],1,leaguepedia_cargo_patch_range,0,scoreboard_players_corrected
VCS/2026 Season/Summer Season_Week 3_2_3,2026-05-27 14:19:00,26.09,VCS 2026 Summer,Saigon Dino,9Gaming,Saigon Dino,"['Ashe', 'Varus', 'Pantheon', 'Gnar', 'Gwen']","['Bard', 'Nocturne', 'Lee Sin', 'Pyke', 'Leona']","['Sion', 'Jayce', 'Ryze', 'Miss Fortune', 'Rakan']","['Vayne', 'Wukong', 'Annie', 'Yunara', 'Lulu']",[],[],1,leaguepedia_cargo_patch_range,0,scoreboard_players_corrected
Prime League 1st Division/2026 Season/Spring Playoffs_Semifinals_2_1,2026-05-27 15:07:00,26.10,PRM 1st Division 2026 Spring Playoffs,G2 NORD,Berlin International Gaming,Berlin International Gaming,"['Bard', 'Jarvan IV', 'Sion', 'Wukong', 'Lee Sin']","['Orianna', 'Nautilus', 'Karma', 'Nocturne', 'Pantheon']","['Anivia', 'Xin Zhao', 'Viktor', 'Lucian', 'Milio']","['Cassiopeia', 'Aatrox', 'Ryze', 'Ashe', 'Seraphine']",[],[],0,leaguepedia_cargo_patch_range,1,scoreboard_players_corrected
Rift Legends/2026 Season/Spring Playoffs_Round 1_2_1,2026-05-27 15:14:00,26.10,Rift Legends 2026 Spring Playoffs,Barcząca Esports,Forsaken (Polish Team),Forsaken (Polish Team),"['Nautilus', 'Varus', 'Aurora', 'Xin Zhao', 'Trundle']","['Jarvan IV', 'Orianna', 'Cassiopeia', 'Vi', 'Pantheon']","['Sion', 'Wukong', 'Viktor', 'Ezreal', 'Karma']","['Rumble', 'Nocturne', 'Ryze', 'Ashe', 'Seraphine']",[],[],0,leaguepedia_cargo_patch_range,1,scoreboard_players_corrected
Hitpoint 2nd Division Challengers/2026 Season/Spring Playoffs_Round 1_1_1,2026-05-27 15:18:00,26.10,Hitpoint 2nd Div Challengers 2026 Spring Playoffs,Priority,EXILE esports Academy,EXILE esports Academy,"['Talon', 'Syndra', 'Karma', 'Cassiopeia', 'Gnar']","[""K'Sante"", 'Aurora', 'Orianna', 'Viktor', 'Ahri']","['Sion', 'Ambessa', 'LeBlanc', 'Yunara', 'Lulu']","['Ornn', 'Naafiri', 'Xerath', 'Ezreal', 'Seraphine']",[],[],0,leaguepedia_cargo_patch_range,1,scoreboard_players_corrected
Prime League 1st Division/2026 Season/Spring Playoffs_Semifinals_2_2,2026-05-27 15:58:00,26.10,PRM 1st Division 2026 Spring Playoffs,Berlin International Gaming,G2 NORD,G2 NORD,"['Aurora', 'Nautilus', 'Nocturne', 'Annie', 'LeBlanc']","['Orianna', 'Bard', 'Jarvan IV', 'Pantheon', 'Wukong']","['Rumble', 'Olaf', 'Yone', 'Ezreal', 'Karma']","['Sion', 'Lee Sin', 'Akali', 'Varus', 'Soraka']",[],[],0,leaguepedia_cargo_patch_range,1,scoreboard_players_corrected
Esports Balkan League/2026 Season/Spring Playoffs_Round 4_2_1,2026-05-27 16:07:00,26.10,EBL 2026 Spring Playoffs,The Secret Club,Magaza Esports,Magaza Esports,"['Lucian', 'Xin Zhao', 'Nautilus', ""K'Sante"", 'Skarner']","['Orianna', 'Karma', 'Seraphine', 'Akali', 'LeBlanc']","['Sion', 'Wukong', 'Viktor', 'Corki', 'Nami']","['Aatrox', 'Zaahen', 'Anivia', 'Yunara', 'Lulu']",[],[],0,leaguepedia_cargo_patch_range,1,scoreboard_players_corrected
LFL/2026 Season/Spring Playoffs_Round 4_1_1,2026-05-27 16:07:00,26.10,LFL 2026 Spring Playoffs,Karmine Corp Blue,Solary,Solary,"['Ashe', 'Xin Zhao', 'Varus', 'Vayne', 'Sion']","['Orianna', 'Anivia', 'Pantheon', 'Akali', 'LeBlanc']","['Rumble', 'Vi', 'Aurora', 'Jhin', 'Bard']","[""K'Sante"", 'Jarvan IV', 'Cassiopeia', 'Lucian', 'Nami']",[],[],0,leaguepedia_cargo_patch_range,1,scoreboard_players_corrected
Rift Legends/2026 Season/Spring Playoffs_Round 1_2_2,2026-05-27 16:11:00,26.10,Rift Legends 2026 Spring Playoffs,Forsaken (Polish Team),Barcząca Esports,Forsaken (Polish Team),"['Varus', 'Caitlyn', 'Nautilus', 'Vi', 'Renekton']","['Jarvan IV', 'Orianna', 'Pantheon', ""K'Sante"", 'Gnar']","['Yorick', 'Xin Zhao', 'Cassiopeia', 'Yunara', 'Lulu']","['Jayce', 'Aatrox', 'Taliyah', 'Lucian', 'Milio']",[],[],1,leaguepedia_cargo_patch_range,0,scoreboard_players_corrected
Hitpoint 2nd Division Challengers/2026 Season/Spring Playoffs_Round 1_1_2,2026-05-27 16:18:00,26.10,Hitpoint 2nd Div Challengers 2026 Spring Playoffs,EXILE esports Academy,Priority,Priority,"[""K'Sante"", 'Aurora', 'Orianna', ""Kai'Sa"", 'Camille']","['Talon', 'Syndra', 'Varus', 'Smolder', 'Corki']","['Zaahen', 'Xin Zhao', 'Vladimir', 'Sivir', 'Karma']","['Malphite', 'Wukong', 'Azir', 'Caitlyn', 'Nautilus']",[],[],0,leaguepedia_cargo_patch_range,1,scoreboard_players_corrected
Esports Balkan League/2026 Season/Spring Playoffs_Round 4_2_2,2026-05-27 16:57:00,26.10,EBL 2026 Spring Playoffs,Magaza Esports,The Secret Club,The Secret Club,"['Nautilus', 'Seraphine', 'Akali', 'Rumble', 'Aurora']","['Orianna', 'Xin Zhao', 'Lucian', 'Galio', 'LeBlanc']","['Ornn', 'Nocturne', 'Sylas', 'Caitlyn', 'Karma']","['Gwen', 'Jarvan IV', 'Ahri', 'Ezreal', 'Bard']",[],[],0,leaguepedia_cargo_patch_range,1,scoreboard_players_corrected
Rift Legends/2026 Season/Spring Playoffs_Round 1_2_3,2026-05-27 17:00:00,26.10,Rift Legends 2026 Spring Playoffs,Barcząca Esports,Forsaken (Polish Team),Barcząca Esports,"['Nautilus', 'Varus', 'Aurora', 'Anivia', 'Renekton']","['Jarvan IV', 'Orianna', 'Caitlyn', 'Vayne', 'Kennen']","['Irelia', 'Skarner', 'Ahri', 'Sivir', 'Rell']","['Gnar', 'Trundle', 'Akali', 'Jhin', 'Bard']",[],[],1,leaguepedia_cargo_patch_range,0,scoreboard_players_corrected
Hitpoint 2nd Division Challengers/2026 Season/Spring Playoffs_Round 1_1_3,2026-05-27 17:02:00,26.10,Hitpoint 2nd Div Challengers 2026 Spring Playoffs,EXILE esports Academy,Priority,EXILE esports Academy,"[""K'Sante"", 'Aurora', 'Orianna', 'Poppy', 'Alistar']","['Talon', 'Syndra', 'Varus', 'Rell', 'Neeko']","['Urgot', 'Vi', 'Ahri', ""Kai'Sa"", 'Rakan']","['Aatrox', 'Jarvan IV', 'Lissandra', 'Xayah', 'Thresh']",[],[],1,leaguepedia_cargo_patch_range,0,scoreboard_players_corrected
NLC/2026 Season/Spring Split_Day 2_3_1,2026-05-27 17:03:00,26.10,NLC 2026 Spring,Verdant,Lundqvist Lightside,Verdant,"['Jayce', 'Rell', 'Shen', 'Galio', 'Ahri']","['Varus', 'Cassiopeia', 'Nocturne', ""K'Sante"", 'Sion']","['Ornn', 'Naafiri', 'Orianna', 'Yunara', 'Karma']","['Rumble', 'Vi', 'Ryze', 'Jhin', 'Nautilus']",[],[],1,leaguepedia_cargo_patch_range,0,scoreboard_players_corrected
Prime League 1st Division/2026 Season/Spring Playoffs_Semifinals_2_3,2026-05-27 17:04:00,26.10,PRM 1st Division 2026 Spring Playoffs,G2 NORD,Berlin International Gaming,G2 NORD,"['Corki', 'Aurora', 'Bard', 'Jayce', 'LeBlanc']","['Orianna', 'Nocturne', 'Yorick', 'Twisted Fate', 'Ahri']","['Vayne', 'Jarvan IV', 'Sylas', 'Senna', 'Nautilus']","['Teemo', 'Pantheon', 'Gnar', 'Caitlyn', 'Alistar']",[],[],1,leaguepedia_cargo_patch_range,0,scoreboard_players_corrected
NLC/2026 Season/Spring Split_Day 2_2_1,2026-05-27 17:05:00,26.10,NLC 2026 Spring,Ruddy Corporation,Arctic Pandas,Ruddy Corporation,"['Anivia', 'Jayce', 'Jarvan IV', 'Xin Zhao', 'Cassiopeia']","['Aurora', 'Karma', 'Orianna', 'Nocturne', 'Trundle']","['Sion', 'Naafiri', 'Mel', 'Ashe', 'Milio']","['Varus', 'Olaf', 'Ryze', 'Senna', 'Seraphine']",[],[],1,leaguepedia_cargo_patch_range,0,scoreboard_players_corrected
NLC/2026 Season/Spring Split_Day 2_1_1,2026-05-27 17:07:00,26.10,NLC 2026 Spring,Bulldog Esports,Lund Esports Organization,Bulldog Esports,"['Sion', 'Shen', 'Jarvan IV', 'Malphite', 'Jax']","['Orianna', 'Karma', 'Varus', 'Gnar', 'Rumble']","['Vayne', 'Xin Zhao', 'Ryze', 'Ashe', 'Seraphine']","[""K'Sante"", 'Wukong', 'Veigar', 'Caitlyn', 'Nautilus']",[],[],1,leaguepedia_cargo_patch_range,0,scoreboard_players_corrected
NLC/2026 Season/Spring Split_Day 2_4_1,2026-05-27 17:07:00,26.10,NLC 2026 Spring,Deer Gaming,DMG Esports,Deer Gaming,"['Jarvan IV', 'Aurora', 'Bard', 'Olaf', 'Camille']","['Karma', 'Orianna', 'Varus', 'LeBlanc', 'Mel']","['Ambessa', 'Nocturne', 'Sylas', 'Ashe', 'Lulu']","['Renekton', 'Aatrox', 'Ahri', 'Ezreal', 'Seraphine']",[],[],1,leaguepedia_cargo_patch_range,0,scoreboard_players_corrected
Benelux Ascend Series/2026 Season/Spring Playoffs_Semifinals_1_1,2026-05-27 17:08:00,26.10,Benelux Ascend Series 2026 Spring Playoffs,SNOOZE Esports,Mind Blue eSports,SNOOZE Esports,"['Bard', 'Pantheon', 'Orianna', 'Zoe', 'Renekton']","['Graves', 'Aurora', 'Jarvan IV', 'Sion', ""K'Sante""]","['Ambessa', 'Wukong', 'Hwei', 'Ashe', 'Seraphine']","['Jayce', 'Xin Zhao', 'Viktor', 'Ezreal', 'Karma']",[],[],1,leaguepedia_cargo_patch_range,0,scoreboard_players_corrected
Streamers Clash/Season 4_Day 6_1_1,2026-05-27 17:08:00,26.10,Streamers Clash Season 4,SPAJKOVI UKRADLI SUPERSTRIKE,STOPERCENTNÁ KAMILOVA TUTOFKA,STOPERCENTNÁ KAMILOVA TUTOFKA,"['Olaf', 'Gwen', 'Vayne', 'Amumu', 'Zac']","['Malphite', 'Yuumi', 'Jarvan IV', 'Nasus', 'Akali']","['Skarner', 'Xin Zhao', 'Azir', 'Seraphine', 'Maokai']","['Kayle', 'Trundle', 'Galio', 'Veigar', 'Nautilus']",[],[],0,leaguepedia_cargo_patch_range,1,scoreboard_players_corrected
LFL/2026 Season/Spring Playoffs_Round 4_1_2,2026-05-27 17:09:00,26.10,LFL 2026 Spring Playoffs,Solary,Karmine Corp Blue,Solary,"['Nautilus', 'Nocturne', 'Varus', 'Gnar', 'Annie']","['Orianna', 'Skarner', 'Anivia', 'Pantheon', ""Rek'Sai""]","['Sion', 'Wukong', 'Ryze', 'Ashe', 'Seraphine']","['Zaahen', 'Xin Zhao', 'Ahri', 'Ezreal', 'Karma']",[],[],1,leaguepedia_cargo_patch_range,0,scoreboard_players_corrected
Hitpoint 2nd Division Challengers/2026 Season/Spring Playoffs_Round 1_1_4,2026-05-27 17:49:00,26.10,Hitpoint 2nd Div Challengers 2026 Spring Playoffs,Priority,EXILE esports Academy,EXILE esports Academy,"['Talon', 'Syndra', 'Varus', 'Zed', 'Camille']","[""K'Sante"", 'Aurora', 'Orianna', 'Olaf', 'Renekton']","['Gwen', 'Skarner', 'Viktor', 'Zeri', 'Yuumi']","['Gangplank', 'Zyra', 'Irelia', 'Ashe', 'Rell']",[],[],0,leaguepedia_cargo_patch_range,1,scoreboard_players_corrected
Esports Balkan League/2026 Season/Spring Playoffs_Round 4_2_3,2026-05-27 17:52:00,26.10,EBL 2026 Spring Playoffs,The Secret Club,Magaza Esports,Magaza Esports,"['Lucian', 'Xin Zhao', 'Nautilus', 'Skarner', 'Naafiri']","['Orianna', 'Seraphine', 'Akali', 'Neeko', 'Poppy']","['Varus', 'Pantheon', 'Taliyah', 'Draven', 'Pyke']","[""K'Sante"", 'Sejuani', 'Aurora', 'Kalista', 'Renata Glasc']",[],[],0,leaguepedia_cargo_patch_range,1,scoreboard_players_corrected
Rift Legends/2026 Season/Spring Playoffs_Round 1_2_4,2026-05-27 17:56:00,26.10,Rift Legends 2026 Spring Playoffs,Forsaken (Polish Team),Barcząca Esports,Barcząca Esports,"['Varus', 'Nautilus', 'Vayne', 'Twisted Fate', 'Aurora']","['Jarvan IV', 'Orianna', 'Anivia', 'Elise', 'LeBlanc']","['Renekton', 'Pantheon', 'Azir', 'Ziggs', 'Alistar']","['Kennen', 'Lee Sin', ""Kog'Maw"", 'Caitlyn', 'Neeko']",[],[],0,leaguepedia_cargo_patch_range,1,scoreboard_players_corrected
Benelux Ascend Series/2026 Season/Spring Playoffs_Semifinals_1_2,2026-05-27 18:02:00,26.10,Benelux Ascend Series 2026 Spring Playoffs,SNOOZE Esports,Mind Blue eSports,SNOOZE Esports,"['Bard', 'Caitlyn', 'Orianna', 'Cassiopeia', 'Zoe']","['Aurora', 'Graves', 'Yunara', 'Sivir', 'Jinx']","['Rumble', 'Vi', 'Ryze', 'Jhin', 'Rakan']","['Anivia', 'Pantheon', 'Azir', 'Smolder', 'Leona']",[],[],1,leaguepedia_cargo_patch_range,0,scoreboard_players_corrected
NLC/2026 Season/Spring Split_Day 2_6_1,2026-05-27 18:06:00,26.10,NLC 2026 Spring,Bulldog Esports,DMG Esports,Bulldog Esports,"['Bard', 'Aurora', 'Varus', 'Olaf', 'Ryze']","['Orianna', 'Karma', 'Jayce', 'Cassiopeia', 'Anivia']","['Aatrox', 'Jarvan IV', 'Taliyah', 'Ashe', 'Seraphine']","['Camille', 'Wukong', 'Mel', 'Yunara', 'Lulu']",[],[],1,leaguepedia_cargo_patch_range,0,scoreboard_players_corrected
Streamers Clash/Season 4_Day 6_2_1,2026-05-27 18:06:00,26.10,Streamers Clash Season 4,NATÁLKY IMAGINÁRNÍ KAMARÁDI,HERDYNŮV LANGUSTA TÝM,HERDYNŮV LANGUSTA TÝM,"['Yuumi', 'Viego', 'Seraphine', 'Mordekaiser', 'Nasus']","['Vladimir', 'Orianna', 'Jarvan IV', 'Xin Zhao', 'Graves']","['Gnar', 'Zaahen', 'Ahri', 'Miss Fortune', 'Nautilus']","[""Cho'Gath"", 'Sylas', 'Tristana', 'Morgana', 'Braum']",[],[],0,leaguepedia_cargo_patch_range,1,scoreboard_players_corrected
LFL/2026 Season/Spring Playoffs_Round 4_1_3,2026-05-27 18:09:00,26.10,LFL 2026 Spring Playoffs,Solary,Karmine Corp Blue,Solary,"['Nautilus', 'Varus', 'Pantheon', 'Jayce', 'Vayne']","['Orianna', 'Anivia', 'Lulu', 'Elise', 'Pyke']","['Gnar', 'Nocturne', 'Annie', 'Caitlyn', 'Lux']","['Yasuo', ""Rek'Sai"", 'Taliyah', 'Aphelios', 'Neeko']",[],[],1,leaguepedia_cargo_patch_range,0,scoreboard_players_corrected
NLC/2026 Season/Spring Split_Day 2_7_1,2026-05-27 18:09:00,26.10,NLC 2026 Spring,Lund Esports Organization,Lundqvist Lightside,Lund Esports Organization,"['Jayce', 'Varus', 'Seraphine', 'Gnar', 'Rumble']","['Cassiopeia', 'Orianna', 'Nocturne', 'Veigar', 'Anivia']","['Renekton', 'Naafiri', 'Aurora', 'Ezreal', 'Alistar']","['Aatrox', 'Vi', 'Ryze', 'Yunara', 'Rell']",[],[],1,leaguepedia_cargo_patch_range,0,scoreboard_players_corrected
NLC/2026 Season/Spring Split_Day 2_8_1,2026-05-27 18:10:00,26.10,NLC 2026 Spring,Deer Gaming,Arctic Pandas,Deer Gaming,"['Jarvan IV', 'Varus', 'Nautilus', 'Ezreal', 'Jhin']","['Rumble', 'Orianna', 'Karma', 'Syndra', 'Hwei']","['Sion', 'Naafiri', 'Viktor', 'Lucian', 'Milio']","[""K'Sante"", 'Vi', 'Cassiopeia', 'Caitlyn', 'Bard']",[],[],1,leaguepedia_cargo_patch_range,0,scoreboard_players_corrected
NLC/2026 Season/Spring Split_Day 2_5_1,2026-05-27 18:14:00,26.10,NLC 2026 Spring,Verdant,Ruddy Corporation,Ruddy Corporation,"['Ambessa', 'Karma', 'Viktor', 'Ashe', 'Yunara']","['Varus', 'Jayce', 'Orianna', 'Pyke', 'Bard']","['Sion', 'Lee Sin', 'Cassiopeia', ""Kai'Sa"", 'Neeko']","['Gwen', 'Jarvan IV', 'Syndra', 'Ezreal', 'Seraphine']",[],[],0,leaguepedia_cargo_patch_range,1,scoreboard_players_corrected
Prime League 1st Division/2026 Season/Spring Playoffs_Semifinals_2_4,2026-05-27 18:16:00,26.10,PRM 1st Division 2026 Spring Playoffs,G2 NORD,Berlin International Gaming,G2 NORD,"['Aurora', 'Renekton', 'Naafiri', 'Jax', 'Jayce']","['Orianna', 'Yunara', 'Nami', 'Ahri', ""K'Sante""]","['Ambessa', 'Wukong', 'Galio', 'Xayah', 'Rakan']","['Volibear', 'Nocturne', 'Twisted Fate', 'Jhin', 'Bard']",[],[],1,leaguepedia_cargo_patch_range,0,scoreboard_players_corrected
Esports Balkan League/2026 Season/Spring Playoffs_Round 4_2_4,2026-05-27 18:42:00,26.10,EBL 2026 Spring Playoffs,Magaza Esports,The Secret Club,Magaza Esports,"['Seraphine', 'Rumble', 'Akali', 'Vex', 'Lissandra']","['Orianna', 'Lucian', 'Xin Zhao', 'Leona', 'Rell']","['Renekton', 'Skarner', 'LeBlanc', 'Smolder', 'Braum']","['Mordekaiser', 'Jayce', 'Galio', 'Senna', 'Nautilus']",[],[],1,leaguepedia_cargo_patch_range,0,scoreboard_players_corrected
Streamers Clash/Season 4_Day 6_3_1,2026-05-27 19:02:00,26.10,Streamers Clash Season 4,FREEZŮV WOLT DŮCHOĎÁK,TYBLÁHO MEWING SOCIETY,FREEZŮV WOLT DŮCHOĎÁK,"['Irelia', 'Skarner', 'Vayne', 'Xin Zhao', 'Olaf']","['Malphite', 'Nasus', 'Yuumi', 'Ivern', 'Draven']","['Mordekaiser', 'Jarvan IV', 'Galio', 'Varus', 'Amumu']","['Smolder', 'Shyvana', 'Viktor', 'Seraphine', 'Braum']",[],[],1,leaguepedia_cargo_patch_range,0,scoreboard_players_corrected
NLC/2026 Season/Spring Split_Day 2_11_1,2026-05-27 19:03:00,26.10,NLC 2026 Spring,Deer Gaming,Lund Esports Organization,Deer Gaming,"['Shen', 'Jarvan IV', 'Nautilus', 'Karma', 'Bard']","['Rumble', 'Orianna', 'Varus', 'Ryze', 'Galio']","[""K'Sante"", 'Nocturne', 'Syndra', 'Lucian', 'Milio']","['Jax', 'Xin Zhao', 'Aurora', 'Ezreal', 'Rell']",[],[],1,leaguepedia_cargo_patch_range,0,scoreboard_players_corrected
Rift Legends/2026 Season/Spring Playoffs_Round 1_2_5,2026-05-27 19:03:00,26.10,Rift Legends 2026 Spring Playoffs,Forsaken (Polish Team),Barcząca Esports,Forsaken (Polish Team),"['Naafiri', 'Varus', 'Braum', 'Vayne', 'Vi']","['Jarvan IV', 'Orianna', 'Anivia', 'Mel', 'Shen']","['Jax', 'Olaf', 'Aurora', 'Miss Fortune', 'Nautilus']","[""K'Sante"", 'Zaahen', 'Twisted Fate', 'Aphelios', 'Thresh']",[],[],1,leaguepedia_cargo_patch_range,0,scoreboard_players_corrected
Benelux Ascend Series/2026 Season/Spring Playoffs_Semifinals_1_3,2026-05-27 19:04:00,26.10,Benelux Ascend Series 2026 Spring Playoffs,Mind Blue eSports,SNOOZE Esports,Mind Blue eSports,"['Graves', 'Aurora', ""Cho'Gath"", 'Skarner', 'Gnar']","['Bard', 'Orianna', 'Caitlyn', 'Zoe', 'LeBlanc']","[""K'Sante"", 'Jarvan IV', 'Vex', 'Yunara', 'Lulu']","['Dr. Mundo', 'Lee Sin', 'Ahri', 'Lucian', 'Milio']",[],[],1,leaguepedia_cargo_patch_range,0,scoreboard_players_corrected
NLC/2026 Season/Spring Split_Day 2_12_1,2026-05-27 19:13:00,26.10,NLC 2026 Spring,Lundqvist Lightside,DMG Esports,DMG Esports,"['Bard', 'Akali', 'Nocturne', 'Olaf', 'Yone']","['Jayce', 'Orianna', 'Karma', 'Sion', 'Gnar']","['Varus', 'Xin Zhao', 'Azir', 'Smolder', 'Rell']","['Ornn', 'Jarvan IV', 'Aurora', 'Ezreal', 'Rakan']",[],[],0,leaguepedia_cargo_patch_range,1,scoreboard_players_corrected
NLC/2026 Season/Spring Split_Day 2_10_1,2026-05-27 19:18:00,26.10,NLC 2026 Spring,Verdant,Arctic Pandas,Verdant,"['Anivia', 'Karma', 'Jarvan IV', 'Jax', 'Renekton']","['Cassiopeia', 'Naafiri', 'Nocturne', 'Xin Zhao', 'Wukong']","['Yorick', 'Skarner', 'Orianna', 'Ashe', 'Seraphine']","['Irelia', 'Lee Sin', 'Galio', 'Varus', 'Nautilus']",[],[],1,leaguepedia_cargo_patch_range,0,scoreboard_players_corrected
NLC/2026 Season/Spring Split_Day 2_9_1,2026-05-27 19:21:00,26.10,NLC 2026 Spring,Ruddy Corporation,Bulldog Esports,Ruddy Corporation,"['Jayce', 'Jarvan IV', 'Aurora', 'Akali', 'Renekton']","['Orianna', 'Sion', 'Seraphine', 'Syndra', 'Cassiopeia']","['Ambessa', 'Xin Zhao', 'Viktor', 'Ezreal', 'Karma']","['Varus', 'Naafiri', 'Ryze', 'Yunara', 'Lulu']",[],[],1,leaguepedia_cargo_patch_range,0,scoreboard_players_corrected
Benelux Ascend Series/2026 Season/Spring Playoffs_Semifinals_1_4,2026-05-27 20:05:00,26.10,Benelux Ascend Series 2026 Spring Playoffs,Mind Blue eSports,SNOOZE Esports,SNOOZE Esports,"['Graves', ""Cho'Gath"", 'Skarner', 'Nocturne', 'Lillia']","['Bard', 'Orianna', 'Caitlyn', 'Kayn', 'Viego']","['Sion', 'Sylas', 'Aurora', 'Sivir', 'Nami']","['Sejuani', 'Master Yi', 'Vladimir', 'Corki', 'Alistar']",[],[],0,leaguepedia_cargo_patch_range,1,scoreboard_players_corrected
Circuito Desafiante/2026 Season/Split 1 Playoffs_Round 4_2_1,2026-05-27 20:05:00,26.10,CD 2026 Split 1 Playoffs,paiN Gaming Academy,KaBuM! Ilha das Lendas,KaBuM! Ilha das Lendas,"['Varus', 'Cassiopeia', 'Caitlyn', 'Ryze', 'Orianna']","['Nocturne', 'Ezreal', 'Karma', 'Vi', 'Akali']","[""K'Sante"", 'Jarvan IV', 'Aurora', 'Ashe', 'Seraphine']","['Rumble', 'Lee Sin', 'Annie', 'Lucian', 'Milio']",[],[],0,leaguepedia_cargo_patch_range,1,scoreboard_players_corrected
North American Challengers League/2026 Season/Spring Playoffs_Round 2_3_1,2026-05-27 20:11:00,26.10,NACL 2026 Spring Playoffs,Winthrop University,Supernova,Supernova,"['Nocturne', 'Cassiopeia', 'Vi', 'Aurora', 'Jayce']","['Karma', 'Varus', 'Lucian', 'Yorick', 'Sion']","['Galio', 'Lee Sin', 'Orianna', 'Ezreal', 'Nautilus']","['Rumble', 'Jarvan IV', 'Ryze', 'Caitlyn', 'Bard']",[],[],0,leaguepedia_cargo_patch_range,1,scoreboard_players_corrected
NLC/2026 Season/Spring Split_Tiebreakers_1_1,2026-05-27 20:13:00,26.10,NLC 2026 Spring,Bulldog Esports,DMG Esports,Bulldog Esports,"['Bard', 'Aurora', 'Varus', 'Mel', 'Malphite']","['Jayce', 'Nocturne', 'Jarvan IV', 'Akali', 'Vayne']","['Gnar', 'Vi', 'Orianna', 'Ashe', 'Seraphine']","['Olaf', 'Naafiri', 'Viktor', 'Caitlyn', 'Karma']",[],[],1,leaguepedia_cargo_patch_range,0,scoreboard_players_corrected
Circuito Desafiante/2026 Season/Split 1 Playoffs_Round 4_2_2,2026-05-27 21:03:00,26.10,CD 2026 Split 1 Playoffs,KaBuM! Ilha das Lendas,paiN Gaming Academy,KaBuM! Ilha das Lendas,"['Ezreal', 'Varus', 'Cassiopeia', 'Miss Fortune', 'Trundle']","['Nocturne', 'Orianna', 'Caitlyn', 'Nautilus', 'Lulu']","['Sion', 'Vi', 'Anivia', 'Corki', 'Bard']","['Jayce', 'Pantheon', 'Ryze', 'Smolder', 'Karma']",[],[],1,leaguepedia_cargo_patch_range,0,scoreboard_players_corrected
North American Challengers League/2026 Season/Spring Playoffs_Round 2_3_2,2026-05-27 21:14:00,26.10,NACL 2026 Spring Playoffs,Supernova,Winthrop University,Winthrop University,"['Naafiri', 'Vi', 'Ashe', 'Skarner', 'Xin Zhao']","['Nocturne', 'Lucian', 'Cassiopeia', 'Sion', 'Malphite']","['Jayce', 'Pantheon', 'Taliyah', 'Varus', 'Neeko']","[""K'Sante"", 'Wukong', 'Annie', 'Jhin', 'Karma']",[],[],0,leaguepedia_cargo_patch_range,1,scoreboard_players_corrected
Circuito Desafiante/2026 Season/Split 1 Playoffs_Round 4_2_3,2026-05-27 21:57:00,26.10,CD 2026 Split 1 Playoffs,KaBuM! Ilha das Lendas,paiN Gaming Academy,paiN Gaming Academy,"['Vayne', 'Jhin', 'Ahri', 'Naafiri', 'Jax']","['Nocturne', 'Varus', 'Cassiopeia', 'Akali', 'Viktor']","['Gnar', 'Wukong', 'Galio', 'Caitlyn', 'Nami']","['Twisted Fate', 'Nasus', 'Orianna', 'Ezreal', 'Neeko']",[],[],0,leaguepedia_cargo_patch_range,1,scoreboard_players_corrected
North American Challengers League/2026 Season/Spring Playoffs_Round 2_3_3,2026-05-27 22:06:00,26.10,NACL 2026 Spring Playoffs,Winthrop University,Supernova,Winthrop University,"['Naafiri', 'Vi', 'Ashe', 'Vayne', 'Renekton']","['Nocturne', 'Lucian', 'Cassiopeia', 'Xayah', 'Ziggs']","['Ambessa', 'Skarner', 'Viktor', 'Jinx', 'Rakan']","['Jax', 'Sejuani', 'Akali', 'Yunara', 'Lulu']",[],[],1,leaguepedia_cargo_patch_range,0,scoreboard_players_corrected
Circuito Desafiante/2026 Season/Split 1 Playoffs_Round 4_2_4,2026-05-27 22:48:00,26.10,CD 2026 Split 1 Playoffs,paiN Gaming Academy,KaBuM! Ilha das Lendas,KaBuM! Ilha das Lendas,"['Vayne', 'Jax', 'Kennen', 'Akali', 'Viktor']","['Nocturne', 'Varus', 'Renekton', 'Volibear', 'Trundle']","['Ambessa', 'Xin Zhao', 'Syndra', 'Yunara', 'Lulu']","['Shen', ""Kha'Zix"", 'Cassiopeia', 'Miss Fortune', 'Nautilus']",[],[],0,leaguepedia_cargo_patch_range,1,scoreboard_players_corrected
North American Challengers League/2026 Season/Spring Playoffs_Round 2_3_4,2026-05-27 23:11:00,26.10,NACL 2026 Spring Playoffs,Winthrop University,Supernova,Supernova,"['Naafiri', 'Vi', 'Smolder', 'Vayne', 'Seraphine']","['Nocturne', 'Lucian', 'Ashe', 'Gnar', 'Trundle']","['Gwen', 'Xin Zhao', 'Cassiopeia', 'Corki', 'Nami']","['Yone', 'Aatrox', 'Aurora', 'Senna', 'Leona']",[],[],0,leaguepedia_cargo_patch_range,1,scoreboard_players_corrected
North American Challengers League/2026 Season/Spring Playoffs_Round 2_3_5,2026-05-28 00:15:00,26.10,NACL 2026 Spring Playoffs,Supernova,Winthrop University,Winthrop University,"['Naafiri', 'Vayne', 'Smolder', 'Vi', 'Malphite']","['Nocturne', 'Lucian', 'Seraphine', 'Camille', 'Trundle']","['Gnar', 'Shyvana', 'Sylas', ""Kai'Sa"", 'Blitzcrank']","['Sion', 'Nasus', 'Twisted Fate', 'Aphelios', 'Milio']",[],[],0,leaguepedia_cargo_patch_range,1,scoreboard_players_corrected
LCK CL/2026 Season/Rounds 1-2_Week 9_7_1,2026-05-28 05:08:00,26.10,LCK CL 2026 Rounds 1-2,BNK FEARX Youth,Kiwoom DRX Challengers,BNK FEARX Youth,"['Varus', 'Karma', 'Nocturne', 'Xin Zhao', 'Vi']","['Orianna', 'Cassiopeia', 'Lucian', 'Bard', 'Nautilus']","['Rumble', 'Jarvan IV', 'Aurora', 'Ezreal', 'Nami']","['Galio', 'Lee Sin', 'Ryze', 'Ashe', 'Seraphine']",[],[],1,leaguepedia_cargo_patch_range,0,scoreboard_players_corrected
LCK CL/2026 Season/Rounds 1-2_Week 9_8_1,2026-05-28 05:08:00,26.10,LCK CL 2026 Rounds 1-2,Hanwha Life Esports Challengers,HANJIN BRION Challengers,HANJIN BRION Challengers,"['Varus', 'Karma', 'Cassiopeia', 'Gwen', 'Ambessa']","['Jarvan IV', 'Rumble', 'Orianna', 'Annie', 'Anivia']","['Sion', 'Nocturne', 'Azir', 'Ashe', 'Seraphine']","['Gnar', 'Xin Zhao', 'Ryze', 'Lucian', 'Milio']",[],[],0,leaguepedia_cargo_patch_range,1,scoreboard_players_corrected
LCK CL/2026 Season/Rounds 1-2_Week 9_6_1,2026-05-28 05:09:00,26.10,LCK CL 2026 Rounds 1-2,KT Rolster Challengers,T1 Esports Academy,KT Rolster Challengers,"['Nocturne', 'Varus', 'Karma', 'Neeko', 'Lulu']","['Jarvan IV', 'Orianna', 'Lucian', 'Cassiopeia', 'Annie']","[""K'Sante"", 'Xin Zhao', 'Akali', 'Ezreal', 'Bard']","['Rumble', 'Vi', 'Ahri', 'Sivir', 'Poppy']",[],[],1,leaguepedia_cargo_patch_range,0,scoreboard_players_corrected
LCK CL/2026 Season/Rounds 1-2_Week 9_8_2,2026-05-28 05:57:00,26.10,LCK CL 2026 Rounds 1-2,HANJIN BRION Challengers,Hanwha Life Esports Challengers,Hanwha Life Esports Challengers,"['Varus', 'Karma', 'Bard', 'Caitlyn', 'Ezreal']","['Orianna', 'Jarvan IV', 'Cassiopeia', 'Annie', 'Twisted Fate']","['Rumble', 'Wukong', 'Galio', 'Yunara', 'Lulu']","['Ambessa', 'Vi', 'Aurora', 'Corki', 'Nami']",[],[],0,leaguepedia_cargo_patch_range,1,scoreboard_players_corrected
LCK CL/2026 Season/Rounds 1-2_Week 9_6_2,2026-05-28 05:58:00,26.10,LCK CL 2026 Rounds 1-2,KT Rolster Challengers,T1 Esports Academy,T1 Esports Academy,"['Varus', 'Karma', 'Lucian', 'Nautilus', 'Pyke']","['Orianna', 'Jarvan IV', 'Nocturne', 'Yorick', 'Sion']","['Jayce', 'Lee Sin', 'Yone', 'Mel', 'Camille']","['Anivia', 'Skarner', 'Viktor', 'Ashe', 'Seraphine']",[],[],0,leaguepedia_cargo_patch_range,1,scoreboard_players_corrected
LCK CL/2026 Season/Rounds 1-2_Week 9_7_2,2026-05-28 06:01:00,26.10,LCK CL 2026 Rounds 1-2,BNK FEARX Youth,Kiwoom DRX Challengers,Kiwoom DRX Challengers,"['Varus', 'Akali', 'LeBlanc', 'Jayce', 'Vayne']","['Nocturne', 'Lucian', 'Karma', 'Skarner', 'Vi']","['Ambessa', 'Xin Zhao', 'Orianna', 'Miss Fortune', 'Nautilus']","['Gnar', 'Wukong', 'Viktor', 'Jhin', 'Bard']",[],[],0,leaguepedia_cargo_patch_range,1,scoreboard_players_corrected
LCK CL/2026 Season/Rounds 1-2_Week 9_6_3,2026-05-28 06:51:00,26.10,LCK CL 2026 Rounds 1-2,T1 Esports Academy,KT Rolster Challengers,T1 Esports Academy,"['Varus', 'Karma', 'Orianna', 'LeBlanc', 'Gwen']","['Jarvan IV', 'Annie', 'Nocturne', 'Wukong', 'Pantheon']","['Sion', 'Maokai', 'Cassiopeia', 'Lucian', 'Nami']","['Ambessa', 'Trundle', 'Taliyah', 'Draven', 'Milio']",[],[],1,leaguepedia_cargo_patch_range,0,scoreboard_players_corrected
LCK CL/2026 Season/Rounds 1-2_Week 9_7_3,2026-05-28 06:54:00,26.10,LCK CL 2026 Rounds 1-2,Kiwoom DRX Challengers,BNK FEARX Youth,Kiwoom DRX Challengers,"['Varus', 'Caitlyn', 'Vi', 'Yorick', 'Anivia']","['Cassiopeia', 'Lucian', 'Nocturne', 'Annie', 'Jayce']","['Gwen', 'Skarner', 'Mel', 'Yunara', 'Karma']","['Sion', 'Pantheon', 'Akali', ""Kog'Maw"", 'Lulu']",[],[],1,leaguepedia_cargo_patch_range,0,scoreboard_players_corrected
LCK CL/2026 Season/Rounds 1-2_Week 9_8_3,2026-05-28 06:54:00,26.10,LCK CL 2026 Rounds 1-2,HANJIN BRION Challengers,Hanwha Life Esports Challengers,Hanwha Life Esports Challengers,"['Varus', 'Cassiopeia', 'Nautilus', 'Skarner', 'Twisted Fate']","['Jarvan IV', 'Orianna', 'Karma', 'Yorick', ""K'Sante""]","['Jayce', 'Pantheon', 'Mel', 'Ezreal', 'Neeko']","['Renekton', 'Lee Sin', 'Annie', 'Caitlyn', 'Bard']",[],[],0,leaguepedia_cargo_patch_range,1,scoreboard_players_corrected
LCK/2026 Season/Rounds 1-2_Week 9_3_1,2026-05-28 08:03:00,26.10,LCK 2026 Rounds 1-2,DN SOOPers,Nongshim RedForce,DN SOOPers,"['Varus', 'Karma', 'Rumble', 'Akali', 'Annie']","['Orianna', 'Jarvan IV', 'Lucian', 'Vi', 'Nocturne']","['Zaahen', 'Lee Sin', 'LeBlanc', 'Caitlyn', 'Bard']","['Sion', 'Pantheon', 'Cassiopeia', 'Ezreal', 'Neeko']",[],[],1,leaguepedia_cargo_patch_range,0,scoreboard_players_corrected
LJL/2026 Season/Spring Series_Week 5_3_1,2026-05-28 08:10:00,26.10,LJL 2026 Spring Series,FENNEL,L Guide Gaming,FENNEL,"['Lucian', 'Bard', 'Ezreal', 'Pantheon', 'Cassiopeia']","['Naafiri', 'Nocturne', 'Orianna', 'Annie', 'Ryze']","['Ambessa', 'Lee Sin', 'Aurora', 'Varus', 'Rell']","['Rumble', 'Olaf', 'Viktor', 'Jhin', 'Nautilus']",[],[],1,leaguepedia_cargo_patch_range,0,scoreboard_players_corrected
LJL/2026 Season/Spring Series_Week 5_3_2,2026-05-28 08:56:00,26.10,LJL 2026 Spring Series,FENNEL,L Guide Gaming,FENNEL,"['Lucian', 'Ezreal', 'Karma', 'Lulu', 'Riven']","['Naafiri', 'Nocturne', 'Orianna', 'Jarvan IV']","['Renekton', ""Kha'Zix"", 'Galio', 'Caitlyn', 'Bard']","['Ornn', 'Zed', 'Cassiopeia', 'Yunara', 'Camille']",[],[],1,leaguepedia_cargo_patch_range,0,scoreboard_players_corrected
LCK/2026 Season/Rounds 1-2_Week 9_3_2,2026-05-28 08:59:00,26.10,LCK 2026 Rounds 1-2,DN SOOPers,Nongshim RedForce,Nongshim RedForce,"['Varus', 'Karma', 'Vi', 'Nautilus', 'Ashe']","['Orianna', 'Jarvan IV', 'Lucian', 'Nocturne', ""K'Sante""]","['Rumble', 'Wukong', 'Annie', 'Zeri', 'Yuumi']","['Galio', 'Xin Zhao', 'Ryze', 'Yunara', 'Lulu']",[],[],0,leaguepedia_cargo_patch_range,1,scoreboard_players_corrected
LCK/2026 Season/Rounds 1-2_Week 9_3_3,2026-05-28 09:44:00,26.10,LCK 2026 Rounds 1-2,DN SOOPers,Nongshim RedForce,Nongshim RedForce,"['Varus', 'Vi', 'Trundle', 'Akali', ""K'Sante""]","['Orianna', 'Jarvan IV', 'Lucian', 'Twisted Fate', 'Viktor']","['Gnar', 'Naafiri', 'Aurora', 'Sivir', 'Karma']","['Renekton', 'Nocturne', 'Taliyah', 'Miss Fortune', 'Nautilus']",[],[],0,leaguepedia_cargo_patch_range,1,scoreboard_players_corrected
LJL/2026 Season/Spring Series_Week 5_4_1,2026-05-28 09:54:00,26.10,LJL 2026 Spring Series,RAYN Clocks,Rising Gaming,RAYN Clocks,"['Bard', 'Lucian', 'Ezreal', 'Caitlyn', 'Akali']","['Nocturne', 'Anivia', 'Xin Zhao', 'Pyke', 'Blitzcrank']","['Rumble', 'Jarvan IV', 'Viktor', 'Varus', 'Neeko']","['Sion', 'Jayce', 'Ryze', 'Jhin', 'Karma']",[],[],1,leaguepedia_cargo_patch_range,0,scoreboard_players_corrected
VCS/2026 Season/Summer Season_Week 3_3_1,2026-05-28 10:08:00,26.09,VCS 2026 Summer,Saigon Warriors,MVK Esports Academy,Saigon Warriors,"['Varus', 'Nautilus', 'Akali', 'Ashe', 'Lucian']","['Ezreal', 'Nocturne', 'LeBlanc', 'Caitlyn', 'Corki']","['Rumble', 'Vi', 'Orianna', 'Sivir', 'Karma']","[""K'Sante"", 'Jarvan IV', 'Cassiopeia', 'Jhin', 'Bard']",[],[],1,leaguepedia_cargo_patch_range,0,scoreboard_players_corrected
LJL/2026 Season/Spring Series_Week 5_4_2,2026-05-28 11:00:00,26.10,LJL 2026 Spring Series,RAYN Clocks,Rising Gaming,Rising Gaming,"['Bard', 'Lucian', 'Poppy', 'Orianna', 'Aurora']","['Nocturne', 'Naafiri', 'Nidalee', 'Sylas', 'Lissandra']","['Aatrox', 'Lee Sin', 'Galio', 'Ziggs', 'Leona']","['Gnar', 'Pantheon', 'LeBlanc', 'Ezreal', 'Alistar']",[],[],0,leaguepedia_cargo_patch_range,1,scoreboard_players_corrected
LCK/2026 Season/Rounds 1-2_Week 9_4_1,2026-05-28 11:03:00,26.10,LCK 2026 Rounds 1-2,T1,KT Rolster,T1,"['Varus', 'Bard', 'Caitlyn', 'Seraphine', 'Neeko']","['Orianna', 'Karma', 'Cassiopeia', 'Trundle', ""K'Sante""]","['Rumble', 'Vi', 'Anivia', 'Xayah', 'Rakan']","['Yorick', 'Wukong', 'Ryze', 'Lucian', 'Milio']",[],[],1,leaguepedia_cargo_patch_range,0,scoreboard_players_corrected
VCS/2026 Season/Summer Season_Week 3_3_2,2026-05-28 11:03:00,26.09,VCS 2026 Summer,Saigon Warriors,MVK Esports Academy,Saigon Warriors,"['Varus', 'Nautilus', 'Annie', 'Naafiri', 'Aurora']","['Ezreal', 'Nocturne', 'Ryze', 'Viktor', 'Ahri']","['Renekton', 'Pantheon', 'Twisted Fate', 'Yunara', 'Milio']","['Jax', 'Jayce', 'Galio', 'Lucian', 'Nami']",[],[],1,leaguepedia_cargo_patch_range,0,scoreboard_players_corrected
LJL/2026 Season/Spring Series_Week 5_4_3,2026-05-28 11:48:00,26.10,LJL 2026 Spring Series,Rising Gaming,RAYN Clocks,Rising Gaming,"['Nocturne', 'Nidalee', 'Naafiri', 'Jax', 'Gwen']","['Bard', 'Lucian', 'Caitlyn', 'Braum', 'Rell']","['Renekton', 'Xin Zhao', 'Orianna', 'Ashe', 'Poppy']","[""K'Sante"", 'Vi', 'Hwei', 'Seraphine', 'Nautilus']",[],[],1,leaguepedia_cargo_patch_range,0,scoreboard_players_corrected
LCK/2026 Season/Rounds 1-2_Week 9_4_2,2026-05-28 11:55:00,26.10,LCK 2026 Rounds 1-2,T1,KT Rolster,T1,"['Varus', 'Bard', 'Caitlyn', 'Galio', 'Sion']","['Orianna', 'Cassiopeia', 'Karma', 'Miss Fortune', 'Ziggs']","['Olaf', 'Xin Zhao', 'Akali', 'Ashe', 'Seraphine']","['Jayce', 'Lee Sin', 'Annie', 'Mel', 'Nautilus']",[],[],1,leaguepedia_cargo_patch_range,0,scoreboard_players_corrected
Prime League 1st Division/2026 Season/Spring Playoffs_Third-Place Match_1_1,2026-05-28 15:09:00,26.10,PRM 1st Division 2026 Spring Playoffs,Berlin International Gaming,E WIE EINFACH E-SPORTS,E WIE EINFACH E-SPORTS,"['Pyke', 'Nautilus', 'Ryze', 'Wukong', 'Poppy']","['Orianna', 'Anivia', 'Cassiopeia', 'Aurora', 'Ahri']","['Gnar', 'Nocturne', 'Azir', 'Ezreal', 'Karma']","['Kennen', 'Darius', 'Sion', 'Caitlyn', 'Bard']",[],[],0,leaguepedia_cargo_patch_range,1,scoreboard_players_corrected
Hitpoint 2nd Division Challengers/2026 Season/Spring Playoffs_Round 1_2_1,2026-05-28 15:15:00,26.10,Hitpoint 2nd Div Challengers 2026 Spring Playoffs,Ethereal Enigmas,CITA Kaizen Academy,Ethereal Enigmas,"['Sylas', 'Syndra', 'Karma', 'Akali', 'Ahri']","['Orianna', 'Jarvan IV', 'Nautilus', 'Gnar', 'Gwen']","['Aatrox', 'Wukong', 'Taliyah', 'Ashe', 'Seraphine']","['Sion', 'Xin Zhao', 'Azir', 'Lucian', 'Milio']",[],[],1,leaguepedia_cargo_patch_range,0,scoreboard_players_corrected
Streamers Clash/Season 4_Day 7_1_1,2026-05-28 15:51:00,26.10,Streamers Clash Season 4,SPAJKOVI UKRADLI SUPERSTRIKE,NATÁLKY IMAGINÁRNÍ KAMARÁDI,SPAJKOVI UKRADLI SUPERSTRIKE,"['Vladimir', 'Ahri', 'Malphite', 'Nasus', 'Seraphine']","['Yuumi', 'Udyr', 'Azir', 'Mel', 'Morgana']","['Sion', 'Karthus', 'Zed', 'Malzahar', 'Nautilus']","['Camille', 'Naafiri', 'Orianna', 'Miss Fortune', 'Leona']",[],[],1,leaguepedia_cargo_patch_range,0,scoreboard_players_corrected
Prime League 1st Division/2026 Season/Spring Playoffs_Third-Place Match_1_2,2026-05-28 16:02:00,26.10,PRM 1st Division 2026 Spring Playoffs,Berlin International Gaming,E WIE EINFACH E-SPORTS,Berlin International Gaming,"['Aurora', 'Yorick', 'Seraphine', 'Ornn', ""K'Sante""]","['Orianna', 'Anivia', 'Cassiopeia', 'Nautilus', 'Lulu']","['Rumble', 'Lee Sin', 'Ryze', 'Xayah', 'Rakan']","['Gwen', 'Skarner', 'Viktor', 'Lucian', 'Milio']",[],[],1,leaguepedia_cargo_patch_range,0,scoreboard_players_corrected
Esports Balkan League/2026 Season/Spring Playoffs_Finals_1_1,2026-05-28 16:05:00,26.10,EBL 2026 Spring Playoffs,Magaza Esports,Partizan Sangal,Partizan Sangal,"['Nautilus', 'Aurora', 'Zaahen', 'Vayne', 'Gnar']","['Orianna', 'Wukong', 'Jarvan IV', 'Mel', 'Viktor']","[""K'Sante"", 'Xin Zhao', 'Galio', 'Lucian', 'Milio']","['Aatrox', 'Trundle', 'LeBlanc', 'Ashe', 'Seraphine']",[],[],0,leaguepedia_cargo_patch_range,1,scoreboard_players_corrected
Hitpoint 2nd Division Challengers/2026 Season/Spring Playoffs_Round 1_2_2,2026-05-28 16:05:00,26.10,Hitpoint 2nd Div Challengers 2026 Spring Playoffs,CITA Kaizen Academy,Ethereal Enigmas,Ethereal Enigmas,"['Orianna', 'Jarvan IV', 'Nautilus', 'Rell', 'Leona']","['Sylas', 'Syndra', 'Karma', 'Jhin', 'Lulu']","['Rumble', 'Pantheon', 'Ahri', 'Caitlyn', 'Bard']","['Anivia', 'Ivern', 'Jayce', 'Ezreal', 'Alistar']",[],[],0,leaguepedia_cargo_patch_range,1,scoreboard_players_corrected
LFL/2026 Season/Spring Playoffs_Round 3_1_1,2026-05-28 16:05:00,26.10,LFL 2026 Spring Playoffs,Galions,TLN Pirates,TLN Pirates,"['Nautilus', 'Sion', 'Varus', 'Anivia', 'Gwen']","['Orianna', 'Pantheon', 'Ezreal', 'LeBlanc', 'Akali']","[""K'Sante"", 'Xin Zhao', 'Viktor', 'Yunara', 'Lulu']","['Yorick', 'Olaf', 'Cassiopeia', 'Lucian', 'Milio']",[],[],0,leaguepedia_cargo_patch_range,1,scoreboard_players_corrected
Road Of Legends/2026 Season/Spring Playoffs_Round 2_1_1,2026-05-28 16:09:00,26.10,Road Of Legends 2026 Spring Playoffs,Once Upon A Team,mCon esports,mCon esports,"['Lucian', 'Nautilus', 'Xin Zhao', 'Irelia', 'Yorick']","['Orianna', 'Karma', 'Pantheon', 'Annie', 'Syndra']","['Jayce', 'Jarvan IV', 'Lux', 'Varus', 'Leona']","['Sion', 'Zaahen', 'Aurora', 'Ashe', 'Seraphine']",[],[],0,leaguepedia_cargo_patch_range,1,scoreboard_players_corrected
Prime League 1st Division/2026 Season/Spring Playoffs_Third-Place Match_1_3,2026-05-28 16:49:00,26.10,PRM 1st Division 2026 Spring Playoffs,E WIE EINFACH E-SPORTS,Berlin International Gaming,E WIE EINFACH E-SPORTS,"['Anivia', 'Cassiopeia', 'Aurora', 'Jayce', 'Vayne']","['Orianna', 'Seraphine', 'Jarvan IV', 'Poppy', 'Syndra']","['Shen', 'Dr. Mundo', 'Hwei', 'Varus', 'Neeko']","['Zaahen', 'Sylas', 'Annie', 'Jhin', 'Pantheon']",[],[],1,leaguepedia_cargo_patch_range,0,scoreboard_players_corrected
Esports Balkan League/2026 Season/Spring Playoffs_Finals_1_2,2026-05-28 16:52:00,26.10,EBL 2026 Spring Playoffs,Partizan Sangal,Magaza Esports,Partizan Sangal,"['Wukong', 'Nautilus', 'Jarvan IV', 'Syndra', 'Viktor']","['Orianna', 'Aurora', 'Nocturne', 'Jayce', 'Vayne']","['Gnar', 'Pantheon', 'Cassiopeia', 'Ezreal', 'Nami']","['Yasuo', 'Zaahen', 'Zoe', 'Varus', 'Karma']",[],[],1,leaguepedia_cargo_patch_range,0,scoreboard_players_corrected
Hitpoint 2nd Division Challengers/2026 Season/Spring Playoffs_Round 1_2_3,2026-05-28 16:55:00,26.10,Hitpoint 2nd Div Challengers 2026 Spring Playoffs,Ethereal Enigmas,CITA Kaizen Academy,Ethereal Enigmas,"['Sylas', 'Syndra', 'Naafiri', 'Braum', 'Leona']","['Orianna', 'Jarvan IV', 'Karma', 'Draven', ""Kai'Sa""]","['Gnar', 'Lee Sin', 'Veigar', 'Cassiopeia', 'Nautilus']","['Varus', 'Shyvana', 'Akali', 'Smolder', 'Taric']",[],[],1,leaguepedia_cargo_patch_range,0,scoreboard_players_corrected
Streamers Clash/Season 4_Day 7_2_1,2026-05-28 16:59:00,26.10,Streamers Clash Season 4,SILNĚJŠÍ SE XNAPYM,FREEZŮV WOLT DŮCHOĎÁK,SILNĚJŠÍ SE XNAPYM,"['Caitlyn', 'Galio', 'Illaoi', 'Sivir', 'Zeri']","['Skarner', 'Gwen', 'Malphite', ""Bel'Veth"", 'Lillia']","['Maokai', 'Shyvana', 'Yone', 'Hwei', 'Nautilus']","['Zac', 'Aatrox', 'Veigar', 'Tristana', 'Amumu']",[],[],1,leaguepedia_cargo_patch_range,0,scoreboard_players_corrected
LFL/2026 Season/Spring Playoffs_Round 3_1_2,2026-05-28 17:06:00,26.10,LFL 2026 Spring Playoffs,TLN Pirates,Galions,Galions,"['Jarvan IV', 'Gwen', 'Nautilus', 'Nocturne', 'Wukong']","['Orianna', 'Karma', 'Sion', 'Anivia', 'Annie']","['Rumble', 'Pantheon', 'Ahri', 'Ashe', 'Seraphine']","['Varus', 'Skarner', 'Ryze', 'Caitlyn', 'Bard']",[],[],0,leaguepedia_cargo_patch_range,1,scoreboard_players_corrected
Road Of Legends/2026 Season/Spring Playoffs_Round 2_1_2,2026-05-28 17:17:00,26.10,Road Of Legends 2026 Spring Playoffs,Once Upon A Team,mCon esports,Once Upon A Team,"['Lucian', 'Renekton', 'Karma', 'Cassiopeia', 'Syndra']","['Orianna', 'Draven', 'Ezreal', 'Nautilus', 'Tristana']","['Ambessa', 'Pantheon', 'Ryze', 'Xayah', 'Rakan']","['Yorick', 'Xin Zhao', 'Anivia', 'Corki', 'Bard']",[],[],1,leaguepedia_cargo_patch_range,0,scoreboard_players_corrected
Esports Balkan League/2026 Season/Spring Playoffs_Finals_1_3,2026-05-28 17:40:00,26.10,EBL 2026 Spring Playoffs,Magaza Esports,Partizan Sangal,Partizan Sangal,"['Lulu', 'Nocturne', 'Ryze', 'Jayce', 'Vayne']","['Orianna', 'Jarvan IV', 'Wukong', 'Sion', 'Aphelios']","['Renekton', 'Naafiri', 'Aurora', 'Jinx', 'Nautilus']","['Rumble', 'Ambessa', 'Annie', 'Xayah', 'Leona']",[],[],0,leaguepedia_cargo_patch_range,1,scoreboard_players_corrected
Prime League 1st Division/2026 Season/Spring Playoffs_Third-Place Match_1_4,2026-05-28 17:53:00,26.10,PRM 1st Division 2026 Spring Playoffs,Berlin International Gaming,E WIE EINFACH E-SPORTS,E WIE EINFACH E-SPORTS,"['Ahri', 'Galio', 'Yorick', 'Ashe', 'Pyke']","['Orianna', 'Anivia', 'Cassiopeia', 'Jayce', 'Aatrox']","['Malzahar', 'Olaf', 'Aurora', 'Yunara', 'Nautilus']","['Poppy', 'Xin Zhao', 'Syndra', 'Seraphine', 'Leona']",[],[],0,leaguepedia_cargo_patch_range,1,scoreboard_players_corrected
LFL/2026 Season/Spring Playoffs_Round 3_1_3,2026-05-28 17:56:00,26.10,LFL 2026 Spring Playoffs,Galions,TLN Pirates,Galions,"['Nautilus', 'Anivia', 'Sion', 'Taric', 'Kalista']","['Orianna', 'Ezreal', 'Jarvan IV', 'Nami', 'Xayah']","['Renekton', 'Wukong', 'Annie', ""Kai'Sa"", 'Neeko']","['Volibear', 'Nocturne', 'Syndra', 'Sivir', 'Alistar']",[],[],1,leaguepedia_cargo_patch_range,0,scoreboard_players_corrected
Streamers Clash/Season 4_Day 7_3_1,2026-05-28 17:59:00,26.10,Streamers Clash Season 4,VEDICI DEEMONS,HERDYNŮV LANGUSTA TÝM,VEDICI DEEMONS,"['Sylas', 'Viego', 'Zaahen', 'Seraphine', 'Morgana']","['Amumu', 'Orianna', 'Malphite', 'Zed', 'Jarvan IV']","['Maokai', ""Cho'Gath"", 'Viktor', 'Tristana', 'Yuumi']","['Nasus', 'Pantheon', 'Syndra', 'Malzahar', 'Nautilus']",[],[],1,leaguepedia_cargo_patch_range,0,scoreboard_players_corrected
Road Of Legends/2026 Season/Spring Playoffs_Round 2_1_3,2026-05-28 18:10:00,26.10,Road Of Legends 2026 Spring Playoffs,Once Upon A Team,mCon esports,Once Upon A Team,"['Lucian', 'Ezreal', 'Lulu', 'Nautilus', 'Alistar']","['Orianna', 'Karma', 'Draven', 'Rell', 'Neeko']","['Galio', 'Lee Sin', 'Annie', 'Tristana', 'Thresh']","['Rumble', 'Wukong', 'Syndra', 'Jhin', 'Braum']",[],[],1,leaguepedia_cargo_patch_range,0,scoreboard_players_corrected
LPLOL/2026 Season/Spring Playoffs_Round 1_1_1,2026-05-28 18:20:00,26.10,LPLOL 2026 Spring Playoffs,Otter Side,Crusaders,Otter Side,"['Xin Zhao', 'Varus', 'Ezreal', 'Galio', 'Syndra']","['Orianna', 'Seraphine', 'Ryze', 'Vi', 'Naafiri']","['Jayce', 'Wukong', 'Viktor', 'Caitlyn', 'Bard']","['Sion', 'Jarvan IV', 'Taliyah', 'Corki', 'Nami']",[],[],1,leaguepedia_cargo_patch_range,0,scoreboard_players_corrected
LFL/2026 Season/Spring Playoffs_Round 3_1_4,2026-05-28 18:41:00,26.10,LFL 2026 Spring Playoffs,Galions,TLN Pirates,Galions,"['Sion', 'Anivia', 'Nautilus', 'Poppy', 'Jax']","['Orianna', 'Ezreal', 'Jarvan IV', 'Aurora', 'Vayne']","['Aatrox', 'Naafiri', 'Akali', 'Corki', 'Rell']","['Ambessa', 'Sejuani', 'Taliyah', 'Jhin', 'Karma']",[],[],1,leaguepedia_cargo_patch_range,0,scoreboard_players_corrected
Streamers Clash/Season 4_Day 7_4_1,2026-05-28 18:59:00,26.10,Streamers Clash Season 4,TYBLÁHO MEWING SOCIETY,STOPERCENTNÁ KAMILOVA TUTOFKA,STOPERCENTNÁ KAMILOVA TUTOFKA,"['Gwen', 'Kayle', 'Olaf', 'Galio', 'Sylas']","['Irelia', 'Vayne', 'Yuumi', 'Smolder', 'Yone']","['Malphite', 'Xin Zhao', 'Camille', 'Brand', 'Braum']","['Zaahen', 'Amumu', 'Lissandra', 'Malzahar', 'Maokai']",[],[],0,leaguepedia_cargo_patch_range,1,scoreboard_players_corrected
Road Of Legends/2026 Season/Spring Playoffs_Round 2_1_4,2026-05-28 19:06:00,26.10,Road Of Legends 2026 Spring Playoffs,Once Upon A Team,mCon esports,mCon esports,"['Lucian', 'Rell', 'Ezreal', 'Kindred', 'Taliyah']","['Orianna', 'Draven', 'Zoe', 'Gnar', 'Vayne']","['Gwen', 'Sejuani', 'Ahri', 'Yasuo', 'Nautilus']","[""K'Sante"", 'Trundle', 'Akali', 'Sivir', 'Karma']",[],[],0,leaguepedia_cargo_patch_range,1,scoreboard_players_corrected
LPLOL/2026 Season/Spring Playoffs_Round 1_1_2,2026-05-28 19:11:00,26.10,LPLOL 2026 Spring Playoffs,Crusaders,Otter Side,Otter Side,"['Seraphine', 'Vi', 'Ezreal', ""Kai'Sa"", 'Sivir']","['Varus', 'Xin Zhao', 'Lee Sin', 'Graves', 'Skarner']","['Yorick', 'Sejuani', 'Ryze', 'Yunara', 'Lulu']","['Renekton', 'Nocturne', 'Orianna', 'Miss Fortune', 'Nautilus']",[],[],0,leaguepedia_cargo_patch_range,1,scoreboard_players_corrected
Streamers Clash/Season 4_Day 7_5_1,2026-05-28 19:54:00,26.10,Streamers Clash Season 4,SILNĚJŠÍ SE XNAPYM,VEDICI DEEMONS,VEDICI DEEMONS,"['Orianna', 'Viktor', 'Syndra', 'Naafiri', 'Aatrox']","['Zoe', 'Yone', 'Skarner', 'Zaahen', 'Xin Zhao']","['Malphite', ""Bel'Veth"", 'Sylas', 'Hwei', 'Senna']","['Sion', 'Kayn', 'Ryze', 'Tristana', 'Yuumi']",[],[],0,leaguepedia_cargo_patch_range,1,scoreboard_players_corrected
LPLOL/2026 Season/Spring Playoffs_Round 1_1_3,2026-05-28 20:08:00,26.10,LPLOL 2026 Spring Playoffs,Otter Side,Crusaders,Otter Side,"['Xin Zhao', 'Varus', 'Lee Sin', 'Syndra', 'Graves']","['Seraphine', 'Ahri', 'Ezreal', 'Cassiopeia', 'Mel']","[""K'Sante"", 'Vi', 'Anivia', 'Lucian', 'Milio']","['Vayne', 'Ivern', 'Aurora', 'Draven', 'Blitzcrank']",[],[],1,leaguepedia_cargo_patch_range,0,scoreboard_players_corrected
Road Of Legends/2026 Season/Spring Playoffs_Round 2_1_5,2026-05-28 20:08:00,26.10,Road Of Legends 2026 Spring Playoffs,mCon esports,Once Upon A Team,mCon esports,"['Orianna', 'Draven', 'Zoe', 'Gnar', 'Vayne']","['Lucian', 'Zyra', 'Lulu', 'Vi', 'Kindred']","['Fiora', 'Jax', 'Taliyah', 'Yunara', 'Milio']","['Malphite', 'Volibear', ""Kog'Maw"", 'Ezreal', 'Neeko']",[],[],1,leaguepedia_cargo_patch_range,0,scoreboard_players_corrected
North American Challengers League/2026 Season/Spring Playoffs_Round 3_1_1,2026-05-28 20:09:00,26.10,NACL 2026 Spring Playoffs,Winthrop University,NRG,NRG,"['Jarvan IV', 'Varus', 'Vi', 'Galio', 'Mel']","['Karma', 'Orianna', 'Lucian', 'Jayce', 'Viktor']","['Vayne', 'Nocturne', 'Cassiopeia', 'Ezreal', 'Bard']","['Gnar', 'Dr. Mundo', 'Aurora', 'Ashe', 'Seraphine']",[],[],0,leaguepedia_cargo_patch_range,1,scoreboard_players_corrected
North American Challengers League/2026 Season/Spring Playoffs_Round 3_1_2,2026-05-28 21:02:00,26.10,NACL 2026 Spring Playoffs,NRG,Winthrop University,Winthrop University,"['Vi', 'Ryze', 'Nautilus', 'Sion', 'Rumble']","['Orianna', 'Karma', 'Lucian', 'Neeko', 'Rakan']","['Yorick', 'Jarvan IV', 'Annie', 'Sivir', 'Alistar']","['Jayce', 'Lee Sin', 'Anivia', 'Varus', 'Braum']",[],[],0,leaguepedia_cargo_patch_range,1,scoreboard_players_corrected
North American Challengers League/2026 Season/Spring Playoffs_Round 3_1_3,2026-05-28 22:00:00,26.10,NACL 2026 Spring Playoffs,Winthrop University,NRG,NRG,"['Vi', 'Ziggs', 'Nasus', 'Wukong', 'Gwen']","['Karma', 'Orianna', 'Ryze', 'Xin Zhao', 'Rumble']","['Ambessa', 'Ivern', 'Viktor', 'Senna', 'Nautilus']","['Renekton', 'Trundle', 'Hwei', 'Lucian', 'Milio']",[],[],0,leaguepedia_cargo_patch_range,1,scoreboard_players_corrected
North American Challengers League/2026 Season/Spring Playoffs_Round 3_1_4,2026-05-28 22:59:00,26.10,NACL 2026 Spring Playoffs,NRG,Winthrop University,Winthrop University,"['Caitlyn', 'Jax', 'Lulu', 'Maokai', 'Vi']","['Ryze', 'Karma', 'Orianna', 'Twisted Fate', 'Ahri']","['Fiora', 'Skarner', 'Azir', 'Jhin', 'Camille']","['Aatrox', 'Wukong', ""Kog'Maw"", 'Corki', 'Neeko']",[],[],0,leaguepedia_cargo_patch_range,1,scoreboard_players_corrected
North American Challengers League/2026 Season/Spring Playoffs_Round 3_1_5,2026-05-28 23:56:00,26.10,NACL 2026 Spring Playoffs,Winthrop University,NRG,Winthrop University,"['Twisted Fate', 'Nasus', 'Lulu', 'Xayah', 'Jinx']","['Caitlyn', 'Karma', 'Naafiri', 'Poppy', 'Smolder']","['Galio', 'Xin Zhao', 'Orianna', 'Aphelios', 'Rakan']","['Rumble', 'Vi', 'Ryze', 'Tristana', 'Nidalee']",[],[],1,leaguepedia_cargo_patch_range,0,scoreboard_players_corrected
LCK CL/2026 Season/Rounds 1-2_Week 9_10_1,2026-05-29 05:07:00,26.10,LCK CL 2026 Rounds 1-2,DN SOOPers Challengers,Gen.G Global Academy,DN SOOPers Challengers,"['Karma', 'Cassiopeia', 'Jarvan IV', 'Vayne', 'Lee Sin']","['Orianna', 'Rumble', 'Varus', 'Ivern', 'Nautilus']","['Yorick', 'Xin Zhao', 'Ryze', 'Lucian', 'Milio']","['Jayce', 'Maokai', 'Yone', 'Jhin', 'Anivia']",[],[],1,leaguepedia_cargo_patch_range,0,scoreboard_players_corrected
LCK CL/2026 Season/Rounds 1-2_Week 9_9_1,2026-05-29 05:08:00,26.10,LCK CL 2026 Rounds 1-2,Nongshim Esports Academy,Dplus Kia Challengers,Dplus Kia Challengers,"['Varus', 'Karma', 'Vi', 'Pantheon', 'Gwen']","['Orianna', 'Cassiopeia', 'Jarvan IV', 'Trundle', 'Jayce']","['Sion', 'Naafiri', 'Ryze', 'Lucian', 'Milio']","['Zaahen', 'Xin Zhao', 'Anivia', 'Caitlyn', 'Bard']",[],[],0,leaguepedia_cargo_patch_range,1,scoreboard_players_corrected
LCK CL/2026 Season/Rounds 1-2_Week 9_10_2,2026-05-29 05:52:00,26.10,LCK CL 2026 Rounds 1-2,DN SOOPers Challengers,Gen.G Global Academy,DN SOOPers Challengers,"['Varus', 'Karma', 'Nocturne', 'Pantheon', 'Annie']","['Orianna', 'Cassiopeia', 'Jarvan IV', 'Bard', ""Kai'Sa""]","['Rumble', 'Vi', 'Aurora', 'Yunara', 'Lulu']","['Ambessa', 'Sylas', 'Ezreal', 'Seraphine', 'Camille']",[],[],1,leaguepedia_cargo_patch_range,0,scoreboard_players_corrected
LCK CL/2026 Season/Rounds 1-2_Week 9_9_2,2026-05-29 06:03:00,26.10,LCK CL 2026 Rounds 1-2,Dplus Kia Challengers,Nongshim Esports Academy,Dplus Kia Challengers,"['Varus', 'Ezreal', 'Orianna', 'Lulu', 'Seraphine']","['Cassiopeia', 'Jarvan IV', 'Pantheon', 'Nautilus', 'Jhin']","['Rumble', 'Wukong', 'Annie', 'Sivir', 'Karma']","[""K'Sante"", 'Vi', 'Akali', 'Corki', 'Nami']",[],[],1,leaguepedia_cargo_patch_range,0,scoreboard_players_corrected
LPL/2026 Season/Split 2 Playoffs_Round 1_1_1,2026-05-29 06:13:00,26.10,LPL 2026 Split 2 Playoffs,JD Gaming,ThunderTalk Gaming,ThunderTalk Gaming,"['Nocturne', 'Karma', 'Cassiopeia', 'Annie', 'Galio']","['Orianna', 'Varus', 'Seraphine', 'Nautilus', 'Ezreal']","['Ambessa', 'Lee Sin', 'Twisted Fate', 'Lucian', 'Milio']","['Rumble', 'Vi', 'Ryze', 'Caitlyn', 'Lux']",[],[],0,leaguepedia_cargo_patch_range,1,scoreboard_players_corrected
LPL/2026 Season/Split 2 Playoffs_Round 1_1_2,2026-05-29 07:02:00,26.10,LPL 2026 Split 2 Playoffs,ThunderTalk Gaming,JD Gaming,JD Gaming,"['Varus', 'Karma', 'Seraphine', 'Akali', 'Annie']","['Nocturne', 'Cassiopeia', 'Jarvan IV', 'Neeko', 'Nautilus']","['Gnar', 'Xin Zhao', 'Ahri', 'Ezreal', 'Bard']","['Renekton', 'Naafiri', 'Orianna', ""Kai'Sa"", 'Pyke']",[],[],0,leaguepedia_cargo_patch_range,1,scoreboard_players_corrected
LPL/2026 Season/Split 2 Playoffs_Round 1_1_3,2026-05-29 08:05:00,26.10,LPL 2026 Split 2 Playoffs,JD Gaming,ThunderTalk Gaming,JD Gaming,"['Cassiopeia', 'Annie', 'Jarvan IV', 'Aurora', 'Gwen']","['Varus', 'Jayce', 'Akali', 'LeBlanc', 'Azir']","['Shen', 'Nocturne', 'Viktor', 'Ashe', 'Lulu']","['Sion', 'Wukong', 'Sylas', 'Senna', 'Seraphine']",[],[],1,leaguepedia_cargo_patch_range,0,scoreboard_players_corrected
LCK/2026 Season/Rounds 1-2_Week 9_5_1,2026-05-29 08:09:00,26.10,LCK 2026 Rounds 1-2,Dplus Kia,Kiwoom DRX,Dplus Kia,"['Bard', 'Karma', 'Jarvan IV', 'Xin Zhao', 'Jayce']","['Nocturne', 'Varus', 'Rumble', 'Senna', 'Sivir']","['Vayne', 'Wukong', 'Viktor', 'Lucian', 'Braum']","['Gnar', 'Vi', 'Orianna', 'Ezreal', 'Nautilus']",[],[],1,leaguepedia_cargo_patch_range,0,scoreboard_players_corrected
LCK/2026 Season/Rounds 1-2_Week 9_5_2,2026-05-29 09:00:00,26.10,LCK 2026 Rounds 1-2,Dplus Kia,Kiwoom DRX,Kiwoom DRX,"['Varus', 'Jhin', 'Caitlyn', 'Ambessa', 'Annie']","['Cassiopeia', 'Bard', 'Jarvan IV', 'Yuumi', 'Pyke']","['Zaahen', 'Xin Zhao', 'Taliyah', 'Ashe', 'Seraphine']","[""K'Sante"", 'Lee Sin', 'Ryze', 'Yunara', 'Lulu']",[],[],0,leaguepedia_cargo_patch_range,1,scoreboard_players_corrected
LPL/2026 Season/Split 2 Playoffs_Round 1_1_4,2026-05-29 09:00:00,26.10,LPL 2026 Split 2 Playoffs,ThunderTalk Gaming,JD Gaming,JD Gaming,"['Akali', 'Vayne', 'Sivir', 'Alistar', 'Leona']","['Cassiopeia', 'Jarvan IV', 'Karma', 'Qiyana', 'Trundle']","['Fiora', 'Jayce', 'Annie', 'Jhin', 'Rell']","[""K'Sante"", 'Maokai', 'Aurora', 'Varus', 'Nautilus']",[],[],0,leaguepedia_cargo_patch_range,1,scoreboard_players_corrected
LCP/2026 Season/Split 2 Playoffs_Round 2_1_1,2026-05-29 09:13:00,26.10,LCP 2026 Split 2 Playoffs,MVK Esports,Team Secret Whales,Team Secret Whales,"['Varus', 'Rumble', 'Jarvan IV', 'Sivir', 'Jhin']","['Nocturne', 'Seraphine', 'Cassiopeia', 'Annie', 'Taliyah']","['Sion', 'Jayce', 'Azir', 'Ezreal', 'Braum']","['Shen', 'Lee Sin', 'Ryze', ""Kai'Sa"", 'Nautilus']",[],[],0,leaguepedia_cargo_patch_range,1,scoreboard_players_corrected
LCK/2026 Season/Rounds 1-2_Week 9_5_3,2026-05-29 09:50:00,26.10,LCK 2026 Rounds 1-2,Kiwoom DRX,Dplus Kia,Dplus Kia,"['Varus', 'Annie', 'Nocturne', 'Naafiri', 'Mel']","['Cassiopeia', 'Caitlyn', 'Yuumi', 'Ambessa', 'Yorick']","['Rumble', 'Pantheon', 'Ahri', 'Jhin', 'Karma']","['Galio', 'Jarvan IV', 'Aurora', 'Miss Fortune', 'Bard']",[],[],0,leaguepedia_cargo_patch_range,1,scoreboard_players_corrected
LCP/2026 Season/Split 2 Playoffs_Round 2_1_2,2026-05-29 10:23:00,26.10,LCP 2026 Split 2 Playoffs,Team Secret Whales,MVK Esports,Team Secret Whales,"['Nocturne', 'Seraphine', 'Varus', 'Vayne', 'Naafiri']","['Lucian', 'Karma', 'Rumble', 'Poppy', 'Skarner']","['Jax', 'Jarvan IV', 'Cassiopeia', 'Miss Fortune', 'Rell']","[""Rek'Sai"", 'Wukong', 'Akali', 'Jhin', 'Camille']",[],[],1,leaguepedia_cargo_patch_range,0,scoreboard_players_corrected
LPL/2026 Season/Split 2 Playoffs_Round 1_2_1,2026-05-29 10:25:00,26.10,LPL 2026 Split 2 Playoffs,Top Esports,LGD Gaming,Top Esports,"['Ashe', 'Varus', 'Akali', 'Lucian', 'Lulu']","['Lee Sin', 'Ezreal', 'Karma', 'Caitlyn', 'Yuumi']","['Rumble', 'Trundle', 'Orianna', 'Miss Fortune', 'Nautilus']","['Ambessa', 'Nocturne', 'Ryze', 'Corki', 'Rell']",[],[],1,leaguepedia_cargo_patch_range,0,scoreboard_players_corrected
LCK/2026 Season/Rounds 1-2_Week 9_6_1,2026-05-29 11:07:00,26.10,LCK 2026 Rounds 1-2,Gen.G,HANJIN BRION,Gen.G,"['Varus', 'Bard', 'Karma', 'Nautilus', 'Lulu']","['Cassiopeia', 'Caitlyn', 'Orianna', ""K'Sante"", 'Galio']","['Rumble', 'Vi', 'Ryze', 'Xayah', 'Rakan']","['Yorick', 'Xin Zhao', 'Taliyah', 'Lucian', 'Milio']",[],[],1,leaguepedia_cargo_patch_range,0,scoreboard_players_corrected
LPL/2026 Season/Split 2 Playoffs_Round 1_2_2,2026-05-29 11:17:00,26.10,LPL 2026 Split 2 Playoffs,Top Esports,LGD Gaming,Top Esports,"['Varus', 'Ashe', 'Akali', 'Viktor', 'Jarvan IV']","['Cassiopeia', 'Karma', 'Vi', 'Lee Sin', 'Olaf']","['Zaahen', 'Wukong', 'Annie', 'Ezreal', 'Neeko']","['Vayne', 'Naafiri', 'Sion', 'Caitlyn', 'Elise']",[],[],1,leaguepedia_cargo_patch_range,0,scoreboard_players_corrected
LCP/2026 Season/Split 2 Playoffs_Round 2_1_3,2026-05-29 11:19:00,26.10,LCP 2026 Split 2 Playoffs,Team Secret Whales,MVK Esports,Team Secret Whales,"['Nocturne', 'Seraphine', 'Naafiri', 'Pyke', 'Ambessa']","['Lucian', 'Karma', 'Orianna', 'Bard', 'Alistar']","['Rumble', 'Vi', 'Ahri', 'Varus', 'Skarner']","[""K'Sante"", 'Zyra', 'Aurora', 'Sivir', 'Pantheon']",[],[],1,leaguepedia_cargo_patch_range,0,scoreboard_players_corrected
LCK/2026 Season/Rounds 1-2_Week 9_6_2,2026-05-29 12:01:00,26.10,LCK 2026 Rounds 1-2,Gen.G,HANJIN BRION,Gen.G,"['Varus', 'Lee Sin', 'Ezreal', 'Vayne', 'Renekton']","['Orianna', 'Cassiopeia', 'Karma', 'Twisted Fate', 'Gnar']","['Ambessa', 'Jarvan IV', 'Mel', 'Ziggs', 'Nautilus']","['Sion', 'Pantheon', 'Aurora', 'Caitlyn', 'Tahm Kench']",[],[],1,leaguepedia_cargo_patch_range,0,scoreboard_players_corrected
LPL/2026 Season/Split 2 Playoffs_Round 1_2_3,2026-05-29 12:15:00,26.10,LPL 2026 Split 2 Playoffs,LGD Gaming,Top Esports,Top Esports,"['Varus', 'Gnar', 'Maokai', 'Camille', 'Pyke']","['Cassiopeia', 'Karma', 'Vi', 'Lee Sin', 'Jarvan IV']","['Yorick', 'Jayce', 'Akali', 'Ziggs', 'Skarner']","['Olaf', 'Xin Zhao', 'Aurora', 'Ashe', 'Seraphine']",[],[],0,leaguepedia_cargo_patch_range,1,scoreboard_players_corrected
Hitpoint Masters/2026 Season/Spring Playoffs_Round 1_4_1,2026-05-29 14:15:00,26.10,Hitpoint Masters 2026 Spring Playoffs,Bohemian Guardians,eSuba,eSuba,"['Anivia', 'Orianna', 'Caitlyn', 'Qiyana', 'Rengar']","['Naafiri', 'Kalista', 'Yunara', 'Lucian', 'Sivir']","['Rumble', 'Jarvan IV', 'Cassiopeia', 'Jhin', 'Karma']","[""K'Sante"", 'Xin Zhao', 'Syndra', 'Ezreal', 'Bard']",[],[],0,leaguepedia_cargo_patch_range,1,scoreboard_players_corrected
Hitpoint Masters/2026 Season/Spring Playoffs_Round 1_4_2,2026-05-29 14:55:00,26.10,Hitpoint Masters 2026 Spring Playoffs,Bohemian Guardians,eSuba,eSuba,"['Rengar', 'Lulu', 'Qiyana', 'Ashe', ""Kai'Sa""]","['Naafiri', 'Kalista', 'Lucian', 'Yorick', 'Malphite']","['Sion', 'Zyra', 'Akali', 'Zeri', 'Yuumi']","['Jayce', 'Nocturne', 'Orianna', 'Corki', 'Poppy']",[],[],0,leaguepedia_cargo_patch_range,1,scoreboard_players_corrected
Hitpoint Masters/2026 Season/Spring Playoffs_Round 1_4_3,2026-05-29 15:33:00,26.10,Hitpoint Masters 2026 Spring Playoffs,eSuba,Bohemian Guardians,eSuba,"['Naafiri', 'Kalista', 'Nautilus', 'Ryze', 'Viktor']","['Yunara', 'Rengar', 'Aurora', 'Anivia', 'Taliyah']","['Renekton', 'Lee Sin', 'Nami', 'Miss Fortune', 'Blitzcrank']","['Gnar', 'Wukong', 'Azir', 'Lucian', 'Milio']",[],[],1,leaguepedia_cargo_patch_range,0,scoreboard_players_corrected
LFL/2026 Season/Spring Playoffs_Round 4_2_1,2026-05-29 16:06:00,26.10,LFL 2026 Spring Playoffs,Karmine Corp Blue,Galions,Galions,"['Nautilus', 'Jarvan IV', 'Yunara', 'Annie', 'Rumble']","['Orianna', 'Bard', 'Anivia', 'Vi', 'Pantheon']","['Renekton', 'Nocturne', 'Ryze', 'Ashe', 'Seraphine']","['Varus', 'Xin Zhao', 'Cassiopeia', 'Lucian', 'Milio']",[],[],0,leaguepedia_cargo_patch_range,1,scoreboard_players_corrected
NLC/2026 Season/Spring Playoffs_Round 1_1_1,2026-05-29 16:06:00,26.10,NLC 2026 Spring Playoffs,Deer Gaming,Ruddy Corporation,Deer Gaming,"['Aurora', 'Xin Zhao', 'Karma', 'Ezreal', 'Kassadin']","['Pantheon', 'Lucian', 'Orianna', 'Ambessa', 'Dr. Mundo']","['Zaahen', 'Nocturne', 'Anivia', 'Ashe', 'Lulu']","['Sion', 'Jarvan IV', 'Ahri', 'Jhin', 'Seraphine']",[],[],1,leaguepedia_cargo_patch_range,0,scoreboard_players_corrected
LIT/2026 Season/Spring Playoffs_Finals_1_1,2026-05-29 16:30:00,26.10,LIT 2026 Spring Playoffs,HMBLE,GMBLERS Esports,HMBLE,"['Orianna', 'Caitlyn', 'Ezreal', 'Nautilus', 'Thresh']","['Varus', 'Karma', 'Seraphine', 'Nami', 'Milio']","['Rumble', 'Jarvan IV', 'Anivia', 'Lucian', 'Lulu']","['Ornn', 'Xin Zhao', 'Cassiopeia', 'Miss Fortune', 'Rakan']",[],[],1,leaguepedia_cargo_patch_range,0,scoreboard_players_corrected
LFL/2026 Season/Spring Playoffs_Round 4_2_2,2026-05-29 16:49:00,26.10,LFL 2026 Spring Playoffs,Galions,Karmine Corp Blue,Galions,"['Anivia', 'Karma', 'Nautilus', 'Neeko', 'Gnar']","['Orianna', 'Yunara', 'Caitlyn', 'Jhin', 'Sivir']","[""K'Sante"", 'Naafiri', 'Annie', 'Smolder', 'Bard']","['Aatrox', 'Jarvan IV', 'Galio', 'Ezreal', 'Rakan']",[],[],1,leaguepedia_cargo_patch_range,0,scoreboard_players_corrected
NLC/2026 Season/Spring Playoffs_Round 1_1_2,2026-05-29 17:06:00,26.10,NLC 2026 Spring Playoffs,Deer Gaming,Ruddy Corporation,Ruddy Corporation,"['Aurora', 'Xin Zhao', 'Nautilus', 'Bard', 'Gwen']","['Pantheon', 'Lucian', ""Kai'Sa"", 'Syndra', 'Akali']","['Rumble', 'Naafiri', 'Galio', 'Yunara', 'Karma']","['Ambessa', 'Wukong', 'Orianna', 'Ezreal', 'Nami']",[],[],0,leaguepedia_cargo_patch_range,1,scoreboard_players_corrected
Benelux Ascend Series/2026 Season/Spring Playoffs_Round 2_1_1,2026-05-29 17:08:00,26.10,Benelux Ascend Series 2026 Spring Playoffs,RED OUAT,FUSE,RED OUAT,"['Karma', 'Smolder', 'Lulu', 'Nautilus', 'Bard']","['Aurora', 'Ahri', 'Ambessa', 'Darius', 'Zaahen']","['Sion', 'Wukong', 'Orianna', 'Ezreal', 'Rell']","['Dr. Mundo', 'Pantheon', 'Akali', 'Sivir', 'Neeko']",[],[],1,leaguepedia_cargo_patch_range,0,scoreboard_players_corrected
LIT/2026 Season/Spring Playoffs_Finals_1_2,2026-05-29 17:16:00,26.10,LIT 2026 Spring Playoffs,HMBLE,GMBLERS Esports,HMBLE,"['Nautilus', 'Orianna', 'Varus', 'Syndra', 'Viktor']","['Karma', 'Seraphine', 'Nocturne', 'Trundle', 'Wukong']","['Sion', 'Aatrox', 'Ryze', 'Caitlyn', 'Bard']","['Zaahen', 'Skarner', 'Ahri', 'Ezreal', 'Rell']",[],[],1,leaguepedia_cargo_patch_range,0,scoreboard_players_corrected
LFL/2026 Season/Spring Playoffs_Round 4_2_3,2026-05-29 17:38:00,26.10,LFL 2026 Spring Playoffs,Galions,Karmine Corp Blue,Galions,"['Vi', 'Anivia', 'Aurora', 'Akali', 'Rell']","['Orianna', 'Yunara', 'Karma', 'Nami', 'Kalista']","['Ornn', 'Wukong', 'Viktor', 'Nilah', 'Renata Glasc']","['Rumble', 'Pantheon', 'Sylas', ""Kai'Sa"", 'Neeko']",[],[],1,leaguepedia_cargo_patch_range,0,scoreboard_players_corrected
NLC/2026 Season/Spring Playoffs_Round 1_1_3,2026-05-29 17:56:00,26.10,NLC 2026 Spring Playoffs,Ruddy Corporation,Deer Gaming,Deer Gaming,"['Pantheon', 'Lucian', ""Kai'Sa"", 'Rakan', 'Pyke']","['Varus', 'Xin Zhao', 'Aurora', 'Bard', 'Soraka']","['Aatrox', 'Taliyah', 'Viktor', 'Senna', 'Nautilus']","['Akali', 'Lee Sin', 'Syndra', 'Xayah', 'Rell']",[],[],0,leaguepedia_cargo_patch_range,1,scoreboard_players_corrected
LIT/2026 Season/Spring Playoffs_Finals_1_3,2026-05-29 18:00:00,26.10,LIT 2026 Spring Playoffs,HMBLE,GMBLERS Esports,HMBLE,"['Orianna', 'Nautilus', 'Varus', 'LeBlanc', 'Aurora']","['Karma', 'Seraphine', 'Nocturne', 'Viktor', 'Akali']","['Renekton', 'Nidalee', 'Jayce', 'Sivir', 'Neeko']","['Gnar', 'Trundle', 'Syndra', 'Corki', 'Nami']",[],[],1,leaguepedia_cargo_patch_range,0,scoreboard_players_corrected
NLC/2026 Season/Spring Playoffs_Round 1_2_1,2026-05-29 18:08:00,26.10,NLC 2026 Spring Playoffs,Bulldog Esports,Arctic Pandas,Bulldog Esports,"['Varus', 'Cassiopeia', 'Jarvan IV', 'Sion', 'Yorick']","['Orianna', 'Ezreal', 'Milio', 'Ahri', 'Taliyah']","['Aatrox', 'Vi', 'Annie', 'Miss Fortune', 'Seraphine']","[""K'Sante"", 'Xin Zhao', 'Ryze', 'Ashe', 'Lulu']",[],[],1,leaguepedia_cargo_patch_range,0,scoreboard_players_corrected
LPLOL/2026 Season/Spring Playoffs_Round 1_2_1,2026-05-29 18:13:00,26.10,LPLOL 2026 Spring Playoffs,Ronaldo Team,Bubliki,Bubliki,"['Nocturne', 'Xin Zhao', 'Karma', 'Wukong', 'Naafiri']","['Varus', 'Jarvan IV', 'Ryze', 'Aurora', 'Cassiopeia']","['Jayce', 'Vi', 'Ahri', 'Ashe', 'Seraphine']","['Malphite', ""Rek'Sai"", 'Orianna', 'Lucian', 'Milio']",[],[],0,leaguepedia_cargo_patch_range,1,scoreboard_players_corrected
Benelux Ascend Series/2026 Season/Spring Playoffs_Round 2_1_2,2026-05-29 18:14:00,26.10,Benelux Ascend Series 2026 Spring Playoffs,FUSE,RED OUAT,FUSE,"['Aurora', 'Ahri', 'Xin Zhao', 'Braum', 'Darius']","['Smolder', 'Karma', 'Ambessa', 'Nautilus', 'Lulu']","['Gnar', 'Naafiri', 'Viktor', 'Varus', 'Bard']","['Malphite', 'Jarvan IV', 'Ryze', 'Lucian', 'Milio']",[],[],1,leaguepedia_cargo_patch_range,0,scoreboard_players_corrected
NLC/2026 Season/Spring Playoffs_Round 1_2_2,2026-05-29 18:55:00,26.10,NLC 2026 Spring Playoffs,Bulldog Esports,Arctic Pandas,Arctic Pandas,"['Varus', 'Jarvan IV', 'Cassiopeia', 'Sion', 'Renekton']","['Orianna', 'Ezreal', 'Lucian', 'LeBlanc', 'Taliyah']","['Ambessa', 'Skarner', 'Azir', 'Jhin', 'Karma']","['Rumble', 'Wukong', 'Aurora', 'Senna', 'Nautilus']",[],[],0,leaguepedia_cargo_patch_range,1,scoreboard_players_corrected
LPLOL/2026 Season/Spring Playoffs_Round 1_2_2,2026-05-29 19:09:00,26.10,LPLOL 2026 Spring Playoffs,Bubliki,Ronaldo Team,Ronaldo Team,"['Varus', 'Cassiopeia', 'Nautilus', 'Vayne', 'Ambessa']","['Wukong', 'Xin Zhao', 'Karma', 'Graves', 'Naafiri']","['Shen', 'Pantheon', 'Ryze', 'Corki', 'Nami']","['Gnar', 'Jarvan IV', 'Viktor', 'Yunara', 'Lulu']",[],[],0,leaguepedia_cargo_patch_range,1,scoreboard_players_corrected
Benelux Ascend Series/2026 Season/Spring Playoffs_Round 2_1_3,2026-05-29 19:14:00,26.10,Benelux Ascend Series 2026 Spring Playoffs,FUSE,RED OUAT,RED OUAT,"['Aurora', 'Ahri', 'Xin Zhao', 'Darius', 'Vi']","['Smolder', 'Karma', 'Ambessa', 'Senna', ""K'Sante""]","['Renekton', 'Jayce', 'Syndra', 'Zeri', 'Leona']","['Zaahen', 'Maokai', 'Yone', 'Ziggs', 'Nautilus']",[],[],0,leaguepedia_cargo_patch_range,1,scoreboard_players_corrected
NLC/2026 Season/Spring Playoffs_Round 1_2_3,2026-05-29 19:48:00,26.10,NLC 2026 Spring Playoffs,Bulldog Esports,Arctic Pandas,Arctic Pandas,"['Bard', 'Varus', 'Cassiopeia', 'Lee Sin', 'Naafiri']","['Caitlyn', 'Lucian', 'Orianna', 'Gnar', 'Vayne']","['Gwen', 'Jarvan IV', 'Taliyah', 'Ezreal', 'Rell']","['Sion', 'Pantheon', 'LeBlanc', 'Corki', 'Nami']",[],[],0,leaguepedia_cargo_patch_range,1,scoreboard_players_corrected
LPLOL/2026 Season/Spring Playoffs_Round 1_2_3,2026-05-29 19:58:00,26.10,LPLOL 2026 Spring Playoffs,Ronaldo Team,Bubliki,Bubliki,"['Xin Zhao', 'Karma', 'Wukong', 'Leona', 'Alistar']","['Varus', 'Rumble', 'Syndra', 'Braum', 'Kassadin']","['Darius', 'Nocturne', 'Zoe', 'Caitlyn', 'Nautilus']","['Volibear', 'Trundle', 'Anivia', 'Sivir', 'Neeko']",[],[],0,leaguepedia_cargo_patch_range,1,scoreboard_players_corrected
North American Challengers League/2026 Season/Spring Playoffs_Round 4_1_1,2026-05-29 20:08:00,26.10,NACL 2026 Spring Playoffs,Conviction,CCG Esports,Conviction,"['Bard', 'Jayce', 'Vi', 'Gwen', 'Skarner']","['Nocturne', 'Orianna', 'Jarvan IV', 'Galio', 'Sion']","['Gnar', 'Sejuani', 'Cassiopeia', 'Caitlyn', 'Karma']","['Gragas', 'Naafiri', 'Anivia', 'Lucian', 'Nami']",[],[],1,leaguepedia_cargo_patch_range,0,scoreboard_players_corrected
Benelux Ascend Series/2026 Season/Spring Playoffs_Round 2_1_4,2026-05-29 20:18:00,26.10,Benelux Ascend Series 2026 Spring Playoffs,FUSE,RED OUAT,FUSE,"['Aurora', 'Ahri', 'Xin Zhao', 'Darius', 'Rumble']","['Smolder', 'Karma', 'Ambessa', 'Ornn', ""K'Sante""]","['Olaf', 'Lee Sin', 'Mel', 'Aphelios', 'Lulu']","['Camille', 'Vi', 'Taliyah', 'Senna', 'Seraphine']",[],[],1,leaguepedia_cargo_patch_range,0,scoreboard_players_corrected
LPLOL/2026 Season/Spring Playoffs_Round 1_2_4,2026-05-29 20:51:00,26.10,LPLOL 2026 Spring Playoffs,Bubliki,Ronaldo Team,Bubliki,"['Cassiopeia', 'Ezreal', 'Vayne', 'Aurora', 'Rakan']","['Karma', 'Xin Zhao', 'Wukong', 'Alistar', 'Braum']","['Ornn', 'Maokai', 'Smolder', 'Varus', 'Janna']","['Dr. Mundo', 'Naafiri', 'Tristana', 'Brand', 'Leona']",[],[],1,leaguepedia_cargo_patch_range,0,scoreboard_players_corrected
North American Challengers League/2026 Season/Spring Playoffs_Round 4_1_2,2026-05-29 21:05:00,26.10,NACL 2026 Spring Playoffs,Conviction,CCG Esports,Conviction,"['Jayce', 'Bard', 'Gwen', 'Vi', 'Trundle']","['Nocturne', 'Orianna', 'Jarvan IV', 'Azir', 'Taliyah']","['Ambessa', 'Olaf', 'Ryze', 'Sivir', 'Neeko']","['Sion', 'Lee Sin', 'Hwei', 'Varus', 'Nautilus']",[],[],1,leaguepedia_cargo_patch_range,0,scoreboard_players_corrected
Benelux Ascend Series/2026 Season/Spring Playoffs_Round 2_1_5,2026-05-29 21:16:00,26.10,Benelux Ascend Series 2026 Spring Playoffs,RED OUAT,FUSE,FUSE,"['Smolder', 'Malzahar', 'Karma', 'Ornn', 'LeBlanc']","['Ahri', 'Aurora', 'Ambessa', 'Darius', 'Azir']","['Aatrox', 'Xin Zhao', 'Twisted Fate', ""Kai'Sa"", 'Rakan']","[""K'Sante"", 'Graves', 'Brand', 'Jinx', 'Poppy']",[],[],0,leaguepedia_cargo_patch_range,1,scoreboard_players_corrected
North American Challengers League/2026 Season/Spring Playoffs_Round 4_1_3,2026-05-29 21:55:00,26.10,NACL 2026 Spring Playoffs,Conviction,CCG Esports,Conviction,"['Nocturne', 'Nasus', 'Jarvan IV', 'Xin Zhao', 'Pantheon']","['Jayce', 'Bard', 'Gwen', 'Vi', 'Vayne']","['Renekton', 'Trundle', 'Orianna', 'Yunara', 'Lulu']","['Skarner', 'Kindred', 'Galio', 'Ashe', 'Seraphine']",[],[],1,leaguepedia_cargo_patch_range,0,scoreboard_players_corrected
LPL/2026 Season/Split 2 Playoffs_Round 1_3_1,2026-05-30 06:17:00,26.10,LPL 2026 Split 2 Playoffs,Anyone's Legend,EDward Gaming,Anyone's Legend,"['Vayne', 'Cassiopeia', 'Jarvan IV', 'Lucian', 'Ezreal']","['Rumble', 'Karma', 'Lee Sin', 'Nautilus', 'Jayce']","['Shen', 'Nocturne', 'Ryze', 'Varus', 'Neeko']","['Renekton', 'Trundle', 'Orianna', 'Jhin', 'Bard']",[],[],1,leaguepedia_cargo_patch_range,0,scoreboard_players_corrected
LPL/2026 Season/Split 2 Playoffs_Round 1_3_2,2026-05-30 07:19:00,26.10,LPL 2026 Split 2 Playoffs,Anyone's Legend,EDward Gaming,Anyone's Legend,"['Vayne', 'Jarvan IV', 'Cassiopeia', 'Naafiri', 'Jayce']","['Rumble', 'Karma', 'Annie', 'Mel', 'Sion']","['Twisted Fate', 'Lee Sin', 'Lissandra', 'Ashe', 'Lulu']","['Ambessa', 'Xin Zhao', 'Fizz', 'Ezreal', 'Seraphine']",[],[],1,leaguepedia_cargo_patch_range,0,scoreboard_players_corrected
LCK/2026 Season/Rounds 1-2_Week 9_7_1,2026-05-30 08:06:00,26.10,LCK 2026 Rounds 1-2,KT Rolster,DN SOOPers,KT Rolster,"['Varus', 'Jarvan IV', 'Karma', 'Vi', 'Zaahen']","['Cassiopeia', 'Orianna', 'Caitlyn', 'Lee Sin', 'Rumble']","['Gnar', 'Xin Zhao', 'Taliyah', 'Lucian', 'Braum']","['Sion', 'Wukong', 'Ryze', 'Miss Fortune', 'Nautilus']",[],[],1,leaguepedia_cargo_patch_range,0,scoreboard_players_corrected
LPL/2026 Season/Split 2 Playoffs_Round 1_3_3,2026-05-30 08:11:00,26.10,LPL 2026 Split 2 Playoffs,Anyone's Legend,EDward Gaming,Anyone's Legend,"['Vayne', 'Caitlyn', 'Vi', 'Annie', 'Sion']","['Rumble', 'Karma', 'Lucian', 'Naafiri', ""K'Sante""]","['Olaf', 'Jarvan IV', 'Galio', 'Corki', 'Nami']","['Jayce', 'Skarner', 'Cassiopeia', 'Miss Fortune', 'Nautilus']",[],[],1,leaguepedia_cargo_patch_range,0,scoreboard_players_corrected
LCK/2026 Season/Rounds 1-2_Week 9_7_2,2026-05-30 08:58:00,26.10,LCK 2026 Rounds 1-2,KT Rolster,DN SOOPers,KT Rolster,"['Varus', 'Jarvan IV', 'Jayce', 'Pantheon', 'Renekton']","['Cassiopeia', 'Orianna', 'Ezreal', 'Akali', ""K'Sante""]","['Rumble', 'Trundle', 'Annie', 'Jhin', 'Karma']","['Ambessa', 'Lee Sin', 'Galio', 'Caitlyn', 'Bard']",[],[],1,leaguepedia_cargo_patch_range,0,scoreboard_players_corrected
LCP/2026 Season/Split 2 Playoffs_Round 2_2_1,2026-05-30 09:29:00,26.10,LCP 2026 Split 2 Playoffs,Deep Cross Gaming,GAM Esports,Deep Cross Gaming,"['Varus', 'Ezreal', 'Akali', 'Bard', 'Ashe']","['Nocturne', 'Orianna', 'Lee Sin', 'Caitlyn', 'Nautilus']","['Cassiopeia', 'Xin Zhao', 'Rumble', 'Xayah', 'Rakan']","['Ambessa', 'Jarvan IV', 'Ryze', 'Lucian', 'Milio']",[],[],1,leaguepedia_cargo_patch_range,0,scoreboard_players_corrected
LPL/2026 Season/Split 2 Playoffs_Round 1_4_1,2026-05-30 09:50:00,26.10,LPL 2026 Split 2 Playoffs,Bilibili Gaming,Team WE,Team WE,"['Nocturne', 'Jarvan IV', 'Cassiopeia', 'Ambessa', 'Aurora']","['Varus', 'Orianna', 'Ryze', 'Annie', 'Trundle']","['Sion', 'Vi', 'LeBlanc', 'Sivir', 'Karma']","['Rumble', 'Naafiri', 'Ahri', 'Ezreal', 'Bard']",[],[],0,leaguepedia_cargo_patch_range,1,scoreboard_players_corrected
Nexus League/2026 Season/Spring Playoffs_Round 1_1_1,2026-05-30 10:04:00,26.10,Nexus League 2026 Spring Playoffs,Karmine Corp Blue Stars,Caldya Esport,Karmine Corp Blue Stars,"['Nautilus', 'Ryze', 'Vi', 'Sion', 'Skarner']","['Jarvan IV', 'Pantheon', 'Nocturne', 'Rakan', 'Bard']","['Aurora', 'Wukong', 'Akali', 'Ezreal', 'Neeko']","['Yorick', 'Xin Zhao', 'Orianna', ""Kai'Sa"", 'Rell']",[],[],1,leaguepedia_cargo_patch_range,0,scoreboard_players_corrected
Hitpoint Masters/2026 Season/Spring Playoffs_Round 3_1_1,2026-05-30 10:12:00,26.10,Hitpoint Masters 2026 Spring Playoffs,CITA Kaizen,Nightbirds,Nightbirds,"['Nautilus', 'Varus', 'Nocturne', 'Pantheon', 'Jarvan IV']","['Orianna', 'Rumble', 'Karma', 'Zyra', 'Wukong']","[""K'Sante"", 'Karthus', 'Jayce', 'Ezreal', 'Bard']","['Vayne', 'Naafiri', 'Cassiopeia', 'Lucian', 'Milio']",[],[],0,leaguepedia_cargo_patch_range,1,scoreboard_players_corrected
LCP/2026 Season/Split 2 Playoffs_Round 2_2_2,2026-05-30 10:15:00,26.10,LCP 2026 Split 2 Playoffs,Deep Cross Gaming,GAM Esports,GAM Esports,"['Orianna', 'Nautilus', 'Lee Sin', 'Sion', 'Yorick']","['Nocturne', 'Varus', 'Naafiri', 'Trundle', 'Annie']","[""K'Sante"", 'Pantheon', 'Aurora', 'Jhin', 'Karma']","['Jayce', 'Vi', 'Ahri', 'Ezreal', 'Bard']",[],[],0,leaguepedia_cargo_patch_range,1,scoreboard_players_corrected
LCK/2026 Season/Rounds 1-2_Week 9_8_1,2026-05-30 10:21:00,26.10,LCK 2026 Rounds 1-2,BNK FEARX,T1,T1,"['Varus', 'Lucian', 'Karma', 'Jarvan IV', 'Lee Sin']","['Orianna', 'Cassiopeia', 'Caitlyn', 'Xin Zhao', 'Pantheon']","[""K'Sante"", 'Wukong', 'Ryze', 'Ezreal', 'Neeko']","['Rumble', 'Nocturne', 'Anivia', 'Jhin', 'Bard']",[],[],0,leaguepedia_cargo_patch_range,1,scoreboard_players_corrected
LPL/2026 Season/Split 2 Playoffs_Round 1_4_2,2026-05-30 10:54:00,26.10,LPL 2026 Split 2 Playoffs,Team WE,Bilibili Gaming,Bilibili Gaming,"['Varus', 'Akali', 'Jarvan IV', 'Lucian', 'Nautilus']","['Orianna', 'Nocturne', 'Cassiopeia', 'Caitlyn', 'Corki']","['Ornn', 'Xin Zhao', 'Ryze', 'Ashe', 'Lulu']","['Jayce', 'Lee Sin', 'Annie', 'Miss Fortune', 'Seraphine']",[],[],0,leaguepedia_cargo_patch_range,1,scoreboard_players_corrected
Nexus League/2026 Season/Spring Playoffs_Round 1_1_2,2026-05-30 10:57:00,26.10,Nexus League 2026 Spring Playoffs,Karmine Corp Blue Stars,Caldya Esport,Caldya Esport,"['Nautilus', 'Cassiopeia', 'Anivia', 'Corki', 'Smolder']","['Pantheon', 'Jarvan IV', 'Jhin', 'Bard', 'Ashe']","[""K'Sante"", 'Vi', 'Ryze', 'Varus', 'Karma']","['Gnar', 'Nocturne', 'Syndra', 'Xayah', 'Seraphine']",[],[],0,leaguepedia_cargo_patch_range,1,scoreboard_players_corrected
LCP/2026 Season/Split 2 Playoffs_Round 2_2_3,2026-05-30 11:01:00,26.10,LCP 2026 Split 2 Playoffs,Deep Cross Gaming,GAM Esports,Deep Cross Gaming,"['Akali', 'Naafiri', 'Vayne', 'Galio', 'Twisted Fate']","['Orianna', 'Nocturne', 'Varus', 'Ziggs', 'Braum']","['Gnar', 'Lee Sin', 'Annie', 'Corki', 'Rell']","['Tristana', 'Wukong', 'Mel', 'Miss Fortune', 'Nautilus']",[],[],1,leaguepedia_cargo_patch_range,0,scoreboard_players_corrected
Prime League 1st Division/2026 Season/Spring Playoffs_Finals_1_1,2026-05-30 11:11:00,26.10,PRM 1st Division 2026 Spring Playoffs,Eintracht Spandau,G2 NORD,Eintracht Spandau,"['Aurora', 'Nautilus', 'Ryze', 'Gwen', 'Gnar']","['Bard', 'Nocturne', 'Jarvan IV', 'Skarner', 'Sion']","['Rumble', 'Pantheon', 'Azir', 'Ezreal', 'Karma']","[""K'Sante"", 'Xin Zhao', 'Orianna', 'Lucian', 'Milio']",[],[],1,leaguepedia_cargo_patch_range,0,scoreboard_players_corrected
Hitpoint Masters/2026 Season/Spring Playoffs_Round 3_1_2,2026-05-30 11:13:00,26.10,Hitpoint Masters 2026 Spring Playoffs,CITA Kaizen,Nightbirds,Nightbirds,"['Karma', 'Nocturne', 'Jarvan IV', 'Jhin', 'Lulu']","['Nautilus', 'Galio', 'Akali', 'Lee Sin', 'Irelia']","['Sion', ""Bel'Veth"", 'Viktor', 'Ashe', 'Seraphine']","['Rumble', 'Wukong', 'Orianna', 'Miss Fortune', 'Rell']",[],[],0,leaguepedia_cargo_patch_range,1,scoreboard_players_corrected
LCK/2026 Season/Rounds 1-2_Week 9_8_2,2026-05-30 11:23:00,26.10,LCK 2026 Rounds 1-2,BNK FEARX,T1,T1,"['Varus', 'Jarvan IV', 'Trundle', 'Annie', 'Olaf']","['Orianna', 'Cassiopeia', 'Xin Zhao', 'Akali', 'Ahri']","['Gwen', 'Pantheon', 'Viktor', 'Caitlyn', 'Karma']","['Sion', 'Vi', 'Azir', 'Mel', 'Nautilus']",[],[],0,leaguepedia_cargo_patch_range,1,scoreboard_players_corrected
LCP/2026 Season/Split 2 Playoffs_Round 2_2_4,2026-05-30 11:49:00,26.10,LCP 2026 Split 2 Playoffs,Deep Cross Gaming,GAM Esports,Deep Cross Gaming,"['Akali', 'Vayne', 'Orianna', 'Ziggs', 'Sivir']","['Nocturne', 'Ashe', 'Caitlyn', 'Yone', 'Sylas']","['Olaf', 'Naafiri', 'Twisted Fate', ""Kai'Sa"", 'Shen']","['Jax', 'Maokai', 'Galio', 'Varus', 'Pyke']",[],[],1,leaguepedia_cargo_patch_range,0,scoreboard_players_corrected
LPL/2026 Season/Split 2 Playoffs_Round 1_4_3,2026-05-30 11:55:00,26.10,LPL 2026 Split 2 Playoffs,Bilibili Gaming,Team WE,Team WE,"['Varus', 'Akali', 'Lucian', 'Trundle', 'Vayne']","['Orianna', 'Nocturne', 'Cassiopeia', 'Gnar', 'Viktor']","[""K'Sante"", 'Jarvan IV', 'Mel', 'Caitlyn', 'Lux']","['Renekton', 'Nidalee', 'Aurora', 'Corki', 'Nami']",[],[],0,leaguepedia_cargo_patch_range,1,scoreboard_players_corrected
Nexus League/2026 Season/Spring Playoffs_Round 1_1_3,2026-05-30 12:05:00,26.10,Nexus League 2026 Spring Playoffs,Caldya Esport,Karmine Corp Blue Stars,Karmine Corp Blue Stars,"['Pantheon', 'Jhin', 'LeBlanc', 'Leona', 'Bard']","['Tristana', 'Corki', 'Jarvan IV', 'Caitlyn', 'Miss Fortune']","['Sion', 'Zyra', 'Ahri', 'Sivir', 'Nautilus']","['Yone', 'Lillia', 'Yasuo', 'Smolder', 'Zac']",[],[],0,leaguepedia_cargo_patch_range,1,scoreboard_players_corrected
Hitpoint Masters/2026 Season/Spring Playoffs_Round 3_1_3,2026-05-30 12:10:00,26.10,Hitpoint Masters 2026 Spring Playoffs,CITA Kaizen,Nightbirds,CITA Kaizen,"['Karma', 'Nocturne', 'Jarvan IV', 'Pantheon', 'Skarner']","['Nautilus', 'Akali', 'Lee Sin', 'Vi', 'Xin Zhao']","['Yorick', 'Qiyana', 'Ahri', 'Yunara', 'Lulu']","['Gnar', 'Malphite', 'Ryze', 'Caitlyn', 'Nami']",[],[],1,leaguepedia_cargo_patch_range,0,scoreboard_players_corrected
Prime League 1st Division/2026 Season/Spring Playoffs_Finals_1_2,2026-05-30 12:11:00,26.10,PRM 1st Division 2026 Spring Playoffs,Eintracht Spandau,G2 NORD,G2 NORD,"['Gwen', 'Nautilus', 'Ryze', 'LeBlanc', 'Gnar']","['Bard', 'Nocturne', 'Jarvan IV', 'Skarner', 'Olaf']","['Sion', 'Naafiri', 'Viktor', 'Corki', 'Nami']","['Ambessa', 'Lee Sin', 'Galio', 'Ashe', 'Seraphine']",[],[],0,leaguepedia_cargo_patch_range,1,scoreboard_players_corrected
Nexus League/2026 Season/Spring Playoffs_Round 1_1_4,2026-05-30 13:01:00,26.10,Nexus League 2026 Spring Playoffs,Karmine Corp Blue Stars,Caldya Esport,Karmine Corp Blue Stars,"['Cassiopeia', 'Jayce', 'Viktor', 'Tristana', 'Hwei']","['Pantheon', 'Jarvan IV', 'Jhin', 'Shyvana', 'Skarner']","['Renekton', 'Dr. Mundo', 'Anivia', 'Corki', 'Nami']","[""Cho'Gath"", 'Maokai', 'Zed', 'Lucian', 'Milio']",[],[],1,leaguepedia_cargo_patch_range,0,scoreboard_players_corrected
LPL/2026 Season/Split 2 Playoffs_Round 1_4_4,2026-05-30 13:04:00,26.10,LPL 2026 Split 2 Playoffs,Bilibili Gaming,Team WE,Team WE,"['Varus', 'Lucian', 'Vayne', 'Yorick', 'Wukong']","['Orianna', 'Nocturne', 'Gnar', 'Kalista', 'Rakan']","['Ambessa', 'Trundle', 'Cassiopeia', 'Ziggs', 'Alistar']","['Shen', 'Olaf', 'Akali', 'Jhin', 'Neeko']",[],[],0,leaguepedia_cargo_patch_range,1,scoreboard_players_corrected
Prime League 1st Division/2026 Season/Spring Playoffs_Finals_1_3,2026-05-30 13:12:00,26.10,PRM 1st Division 2026 Spring Playoffs,G2 NORD,Eintracht Spandau,G2 NORD,"['Caitlyn', 'Nocturne', 'Wukong', 'Vayne', 'Varus']","['Ryze', 'Anivia', 'Jarvan IV', 'Dr. Mundo', 'Yorick']","['Shyvana', 'Trundle', 'Hwei', 'Senna', 'Nautilus']","['Cassiopeia', 'Skarner', 'LeBlanc', 'Yunara', 'Lulu']",[],[],1,leaguepedia_cargo_patch_range,0,scoreboard_players_corrected
Hitpoint Masters/2026 Season/Spring Playoffs_Round 3_1_4,2026-05-30 13:15:00,26.10,Hitpoint Masters 2026 Spring Playoffs,Nightbirds,CITA Kaizen,CITA Kaizen,"['Karma', 'Lee Sin', 'Renekton', 'Galio', 'LeBlanc']","['Nautilus', 'Nocturne', 'Varus', 'Neeko', 'Aatrox']","['Gwen', 'Vi', 'Aurora', 'Jhin', 'Poppy']","['Ambessa', 'Jarvan IV', 'Akali', 'Xayah', 'Rakan']",[],[],0,leaguepedia_cargo_patch_range,1,scoreboard_players_corrected
Prime League 1st Division/2026 Season/Spring Playoffs_Finals_1_4,2026-05-30 14:15:00,26.10,PRM 1st Division 2026 Spring Playoffs,G2 NORD,Eintracht Spandau,Eintracht Spandau,"['Nocturne', 'Caitlyn', 'Jayce', 'Vayne', 'Varus']","['Ryze', 'Sylas', 'Jarvan IV', 'Akali', 'Anivia']","['Gnar', 'Wukong', 'Ahri', 'Xayah', 'Rakan']","['Gangplank', 'Dr. Mundo', 'Syndra', 'Sivir', 'Bard']",[],[],0,leaguepedia_cargo_patch_range,1,scoreboard_players_corrected
Hitpoint Masters/2026 Season/Spring Playoffs_Round 3_1_5,2026-05-30 14:21:00,26.10,Hitpoint Masters 2026 Spring Playoffs,Nightbirds,CITA Kaizen,CITA Kaizen,"['Nautilus', 'LeBlanc', 'Lee Sin', 'Neeko', 'Yuumi']","['Karma', 'Nocturne', 'Varus', 'Leona', 'Braum']","['Renekton', 'Skarner', 'Azir', 'Tristana', 'Gragas']","['Ornn', 'Zyra', 'Yone', 'Jinx', 'Alistar']",[],[],0,leaguepedia_cargo_patch_range,1,scoreboard_players_corrected
Prime League 1st Division/2026 Season/Spring Playoffs_Finals_1_5,2026-05-30 15:06:00,26.10,PRM 1st Division 2026 Spring Playoffs,Eintracht Spandau,G2 NORD,G2 NORD,"['Varus', 'Anivia', 'Akali', 'Gwen', 'Thresh']","['Caitlyn', 'Nocturne', 'Jarvan IV', 'Jayce', 'Vayne']","['Ornn', 'Aatrox', 'Ryze', 'Tristana', 'Leona']","['Renekton', 'Zaahen', 'Annie', 'Jinx', 'Braum']",[],[],0,leaguepedia_cargo_patch_range,1,scoreboard_players_corrected
LEC/2026 Season/Spring Playoffs_Round 1_3_1,2026-05-30 15:15:00,26.10,LEC 2026 Spring Playoffs,Natus Vincere,Karmine Corp,Karmine Corp,"['Varus', 'Bard', 'Cassiopeia', 'Vayne', 'Gnar']","['Orianna', 'Rumble', 'Anivia', 'Sion', 'Akali']","[""K'Sante"", 'Xin Zhao', 'Azir', 'Ashe', 'Lulu']","['Twisted Fate', 'Jarvan IV', 'Ryze', 'Ezreal', 'Seraphine']",[],[],0,leaguepedia_cargo_patch_range,1,scoreboard_players_corrected
Rift Legends/2026 Season/Spring Playoffs_Semifinals_1_1,2026-05-30 15:28:00,26.10,Rift Legends 2026 Spring Playoffs,Barcząca Esports,Bomba Team,Bomba Team,"['Nautilus', 'Varus', 'Jarvan IV', 'Wukong', ""K'Sante""]","['Karma', 'Ashe', 'Cassiopeia', 'Orianna', 'Twisted Fate']","['Sion', 'Nocturne', 'Galio', 'Ezreal', 'Neeko']","['Rumble', 'Pantheon', 'Aurora', 'Corki', 'Bard']",[],[],0,leaguepedia_cargo_patch_range,1,scoreboard_players_corrected
LEC/2026 Season/Spring Playoffs_Round 1_3_2,2026-05-30 16:03:00,26.10,LEC 2026 Spring Playoffs,Karmine Corp,Natus Vincere,Karmine Corp,"['Varus', 'Nautilus', 'Pantheon', 'Vayne', 'Gnar']","['Orianna', 'Rumble', 'Bard', 'Wukong', 'Nocturne']","['Yone', 'Vi', 'Anivia', 'Caitlyn', 'Neeko']","['Sion', 'Trundle', 'Cassiopeia', 'Lucian', 'Milio']",[],[],1,leaguepedia_cargo_patch_range,0,scoreboard_players_corrected
CBLOL/2026 Season/Split 1 Playoffs_Round 3_1_1,2026-05-30 16:11:00,26.11,CBLOL 2026 Split 1 Playoffs,LØS,Fluxo W7M,LØS,"['Orianna', 'Varus', 'Pantheon', 'Vayne', 'Galio']","['Rumble', 'Lucian', 'Nocturne', 'Aatrox', 'Renekton']","['Gnar', 'Jarvan IV', 'Viktor', 'Ezreal', 'Bard']","['Sion', 'Vi', 'Cassiopeia', 'Caitlyn', 'Karma']",[],[],1,leaguepedia_cargo_patch_range,0,scoreboard_players_corrected
Rift Legends/2026 Season/Spring Playoffs_Semifinals_1_2,2026-05-30 16:40:00,26.10,Rift Legends 2026 Spring Playoffs,Barcząca Esports,Bomba Team,Bomba Team,"['Nautilus', 'Varus', 'Anivia', 'Aphelios', 'Vayne']","['Karma', 'Ashe', 'Caitlyn', 'Vi', 'Naafiri']","['Renekton', 'Lee Sin', 'Cassiopeia', 'Yunara', 'Lulu']","['Jayce', 'Jarvan IV', 'Orianna', 'Smolder', 'Soraka']",[],[],0,leaguepedia_cargo_patch_range,1,scoreboard_players_corrected
LEC/2026 Season/Spring Playoffs_Round 1_3_3,2026-05-30 16:54:00,26.10,LEC 2026 Spring Playoffs,Karmine Corp,Natus Vincere,Natus Vincere,"['Skarner', 'Jax', 'Nami', 'Olaf', 'Yorick']","['Orianna', 'Rumble', 'Pantheon', 'Miss Fortune', 'Nocturne']","['Varus', ""Rek'Sai"", 'Aurora', 'Corki', 'Nautilus']","['Naafiri', 'Lee Sin', 'Annie', 'Sivir', 'Bard']",[],[],0,leaguepedia_cargo_patch_range,1,scoreboard_players_corrected
CBLOL/2026 Season/Split 1 Playoffs_Round 3_1_2,2026-05-30 17:07:00,26.11,CBLOL 2026 Split 1 Playoffs,LØS,Fluxo W7M,Fluxo W7M,"['Orianna', 'Varus', 'Anivia', 'Vayne', 'Kennen']","['Lucian', 'Rumble', 'Seraphine', 'Aatrox', 'Trundle']","['Jayce', 'Nocturne', 'Annie', 'Ornn', 'Senna']","['Renekton', 'Xin Zhao', 'Ryze', 'Miss Fortune', 'Nautilus']",[],[],0,leaguepedia_cargo_patch_range,1,scoreboard_players_corrected
LEC/2026 Season/Spring Playoffs_Round 1_3_4,2026-05-30 17:54:00,26.10,LEC 2026 Spring Playoffs,Natus Vincere,Karmine Corp,Karmine Corp,"['Jayce', 'Nocturne', 'Skarner', 'Vayne', 'Gnar']","['Orianna', 'Rumble', 'Karma', 'Aphelios', 'Jhin']","['Kennen', 'Pantheon', 'Taliyah', 'Miss Fortune', 'Alistar']","['Renekton', 'Olaf', 'Ahri', 'Xayah', 'Rakan']",[],[],0,leaguepedia_cargo_patch_range,1,scoreboard_players_corrected
CBLOL/2026 Season/Split 1 Playoffs_Round 3_1_3,2026-05-30 17:55:00,26.11,CBLOL 2026 Split 1 Playoffs,Fluxo W7M,LØS,Fluxo W7M,"['Aatrox', 'Akali', 'Pantheon', 'Trundle', 'Yone']","['Orianna', 'Varus', 'Vayne', 'Twisted Fate', 'LeBlanc']","['Rumble', 'Naafiri', 'Zoe', 'Xayah', 'Rakan']","[""K'Sante"", ""Rek'Sai"", 'Ahri', 'Lucian', 'Milio']",[],[],1,leaguepedia_cargo_patch_range,0,scoreboard_players_corrected
Rift Legends/2026 Season/Spring Playoffs_Semifinals_1_3,2026-05-30 18:15:00,26.10,Rift Legends 2026 Spring Playoffs,Barcząca Esports,Bomba Team,Bomba Team,"['Nautilus', 'Varus', 'Anivia', 'Vayne', 'Wukong']","['Karma', 'Xin Zhao', 'Aatrox', 'Twisted Fate', 'Ahri']","['Ambessa', 'Skarner', 'Viktor', 'Ashe', 'Milio']","['Akali', 'Vi', 'Ryze', 'Caitlyn', 'Seraphine']",[],[],0,leaguepedia_cargo_patch_range,1,scoreboard_players_corrected
CBLOL/2026 Season/Split 1 Playoffs_Round 3_1_4,2026-05-30 18:44:00,26.11,CBLOL 2026 Split 1 Playoffs,Fluxo W7M,LØS,LØS,"['Orianna', 'Varus', 'Trundle', 'Vayne', 'Yorick']","['Aatrox', 'Seraphine', 'LeBlanc', 'Sylas', 'Akali']","['Ambessa', 'Pantheon', 'Taliyah', 'Jhin', 'Rell']","['Kennen', 'Skarner', 'Aurora', 'Tristana', 'Alistar']",[],[],0,leaguepedia_cargo_patch_range,1,scoreboard_players_corrected
CBLOL/2026 Season/Split 1 Playoffs_Round 3_1_5,2026-05-30 19:31:00,26.11,CBLOL 2026 Split 1 Playoffs,LØS,Fluxo W7M,LØS,"['Orianna', 'Varus', 'Vayne', 'Pyke', 'Camille']","['Aatrox', 'Seraphine', 'Trundle', 'Akali', 'LeBlanc']","['Yone', 'Sejuani', 'Galio', 'Corki', 'Neeko']","['Anivia', 'Zaahen', 'Sylas', 'Yunara', 'Lulu']",[],[],1,leaguepedia_cargo_patch_range,0,scoreboard_players_corrected
LCS/2026 Season/Spring Playoffs_Round 1_3_1,2026-05-30 20:10:00,26.11,LCS 2026 Spring Playoffs,FlyQuest,Sentinels,FlyQuest,"['Varus', 'Caitlyn', 'Bard', 'Anivia', ""K'Sante""]","['Orianna', 'Cassiopeia', 'Nocturne', 'Jarvan IV', 'Naafiri']","['Rumble', 'Skarner', 'Twisted Fate', 'Ezreal', 'Karma']","['Ornn', 'Lee Sin', 'Ryze', 'Jhin', 'Nautilus']",[],[],1,leaguepedia_cargo_patch_range,0,scoreboard_players_corrected
LCS/2026 Season/Spring Playoffs_Round 1_3_2,2026-05-30 21:05:00,26.11,LCS 2026 Spring Playoffs,FlyQuest,Sentinels,FlyQuest,"['Nocturne', 'Varus', 'Jarvan IV', 'Shyvana', 'Ambessa']","['Caitlyn', 'Anivia', 'Blitzcrank', 'Vi', 'Xin Zhao']","['Jayce', 'Shen', 'Cassiopeia', 'Lucian', 'Milio']","['Sion', 'Naafiri', 'Orianna', 'Ashe', 'Seraphine']",[],[],1,leaguepedia_cargo_patch_range,0,scoreboard_players_corrected
LCS/2026 Season/Spring Playoffs_Round 1_3_3,2026-05-30 21:55:00,26.11,LCS 2026 Spring Playoffs,FlyQuest,Sentinels,FlyQuest,"['Dr. Mundo', 'Ambessa', 'Nocturne', 'Akali', 'Sylas']","['Caitlyn', 'Anivia', 'Varus', 'Blitzcrank', 'Neeko']","[""K'Sante"", 'Shyvana', 'Aurora', 'Yunara', 'Lulu']","['Renekton', 'Jarvan IV', 'Viktor', 'Miss Fortune', 'Bard']",[],[],1,leaguepedia_cargo_patch_range,0,scoreboard_players_corrected
LCK/2026 Season/Rounds 1-2_Week 9_9_1,2026-05-31 08:06:00,26.10,LCK 2026 Rounds 1-2,Hanwha Life Esports,HANJIN BRION,Hanwha Life Esports,"['Varus', 'Karma', 'Jarvan IV', 'Cassiopeia', 'Sion']","['Ezreal', 'Nocturne', 'Rumble', 'Mel', 'Miss Fortune']","[""K'Sante"", 'Vi', 'Viktor', 'Caitlyn', 'Bard']","['Jayce', 'Lee Sin', 'Orianna', 'Ziggs', 'Nautilus']",[],[],1,leaguepedia_cargo_patch_range,0,scoreboard_players_corrected
LCK/2026 Season/Rounds 1-2_Week 9_9_2,2026-05-31 09:03:00,26.10,LCK 2026 Rounds 1-2,Hanwha Life Esports,HANJIN BRION,Hanwha Life Esports,"['Varus', 'Xin Zhao', 'Lucian', 'Naafiri', 'Vayne']","['Cassiopeia', 'Nocturne', 'Karma', 'Aurora', 'Rumble']","['Gnar', 'Pantheon', 'Ryze', 'Ashe', 'Seraphine']","['Twisted Fate', 'Jarvan IV', 'Taliyah', 'Ezreal', 'Neeko']",[],[],1,leaguepedia_cargo_patch_range,0,scoreboard_players_corrected
LCP/2026 Season/Split 2 Playoffs_Round 3_1_1,2026-05-31 09:13:00,26.10,LCP 2026 Split 2 Playoffs,Deep Cross Gaming,Team Secret Whales,Team Secret Whales,"['Varus', 'Ezreal', 'Akali', 'Lucian', 'Caitlyn']","['Lee Sin', 'Nocturne', 'Cassiopeia', 'Bard', 'Sivir']","['Rumble', 'Jarvan IV', 'Anivia', 'Yunara', 'Karma']","['Ornn', 'Xin Zhao', 'Ryze', 'Jhin', 'Skarner']",[],[],0,leaguepedia_cargo_patch_range,1,scoreboard_players_corrected
LPL/2026 Season/Split 2 Playoffs_Round 2_1_1,2026-05-31 09:26:00,26.10,LPL 2026 Split 2 Playoffs,Top Esports,JD Gaming,JD Gaming,"['Ezreal', 'Varus', 'Trundle', 'Caitlyn', 'Karma']","['Orianna', 'Cassiopeia', 'Ashe', 'Renekton', 'Nautilus']","['Ambessa', 'Lee Sin', 'Ryze', 'Lucian', 'Milio']","['Rumble', 'Vi', 'Ahri', 'Xayah', 'Rakan']",[],[],0,leaguepedia_cargo_patch_range,1,scoreboard_players_corrected
LCP/2026 Season/Split 2 Playoffs_Round 3_1_2,2026-05-31 10:00:00,26.10,LCP 2026 Split 2 Playoffs,Team Secret Whales,Deep Cross Gaming,Deep Cross Gaming,"['Lee Sin', 'Nocturne', 'Bard', 'Shen', 'Ambessa']","['Cassiopeia', 'Lucian', 'Varus', 'Orianna', 'Annie']","['Sion', 'Naafiri', 'Lissandra', 'Ezreal', 'Neeko']","['Zaahen', 'Vi', 'Ahri', ""Kai'Sa"", 'Camille']",[],[],0,leaguepedia_cargo_patch_range,1,scoreboard_players_corrected
Nexus League/2026 Season/Spring Playoffs_Round 1_2_1,2026-05-31 10:04:00,26.10,Nexus League 2026 Spring Playoffs,Project Conquerors,Lille Esport,Project Conquerors,"['Jarvan IV', 'Karma', 'Seraphine', 'Akali', ""K'Sante""]","['Orianna', 'Bard', 'Ezreal', 'Syndra', 'Viktor']","['Renekton', 'Wukong', 'Hwei', 'Varus', 'Nautilus']","['Malphite', 'Pantheon', 'Cassiopeia', 'Jhin', 'Rell']",[],[],1,leaguepedia_cargo_patch_range,0,scoreboard_players_corrected
Hitpoint Masters/2026 Season/Spring Playoffs_Round 2_1_1,2026-05-31 10:10:00,26.10,Hitpoint Masters 2026 Spring Playoffs,eSuba,Meavedron,eSuba,"['Lucian', 'Jarvan IV', 'Fiora', 'Bard', 'Leona']","['Orianna', 'Ambessa', 'Anivia', 'Neeko', 'Alistar']","['Mordekaiser', 'Zyra', 'Yasuo', 'Ezreal', 'Rell']","['Shen', 'Wukong', 'Ahri', 'Caitlyn', 'Nautilus']",[],[],1,leaguepedia_cargo_patch_range,0,scoreboard_players_corrected
LPL/2026 Season/Split 2 Playoffs_Round 2_1_2,2026-05-31 10:14:00,26.10,LPL 2026 Split 2 Playoffs,JD Gaming,Top Esports,Top Esports,"['Varus', 'Ezreal', 'Bard', 'Ziggs', 'Olaf']","['Orianna', 'Cassiopeia', 'Xin Zhao', 'Naafiri', 'Nocturne']","['Zaahen', 'Jarvan IV', 'Annie', 'Mel', 'Nautilus']","['Sion', 'Wukong', 'Akali', 'Ashe', 'Seraphine']",[],[],0,leaguepedia_cargo_patch_range,1,scoreboard_players_corrected
LCK/2026 Season/Rounds 1-2_Week 9_10_1,2026-05-31 10:17:00,26.10,LCK 2026 Rounds 1-2,Nongshim RedForce,Dplus Kia,Dplus Kia,"['Varus', 'Nautilus', 'Nocturne', 'Xin Zhao', 'Lee Sin']","['Cassiopeia', 'Orianna', 'Anivia', 'Twisted Fate', 'Annie']","['Rumble', 'Naafiri', 'Ryze', 'Ezreal', 'Bard']","[""K'Sante"", 'Jarvan IV', 'Viktor', 'Jhin', 'Karma']",[],[],0,leaguepedia_cargo_patch_range,1,scoreboard_players_corrected
LCP/2026 Season/Split 2 Playoffs_Round 3_1_3,2026-05-31 10:54:00,26.10,LCP 2026 Split 2 Playoffs,Team Secret Whales,Deep Cross Gaming,Deep Cross Gaming,"['Nocturne', 'Vayne', 'Varus', 'Corki', 'Xayah']","['Cassiopeia', 'Akali', 'Bard', 'Ziggs', 'Renekton']","['Gnar', 'Lee Sin', 'Annie', 'Senna', 'Nautilus']","['Jayce', ""Rek'Sai"", 'Orianna', 'Miss Fortune', 'Rell']",[],[],0,leaguepedia_cargo_patch_range,1,scoreboard_players_corrected
Hitpoint Masters/2026 Season/Spring Playoffs_Round 2_1_2,2026-05-31 10:58:00,26.10,Hitpoint Masters 2026 Spring Playoffs,eSuba,Meavedron,eSuba,"['Lucian', 'Jarvan IV', 'Varus', 'Fiora', 'Viktor']","['Orianna', 'Ambessa', 'Vi', 'Rumble', 'Akali']","[""K'Sante"", 'Xin Zhao', 'Aurora', 'Jhin', 'Karma']","['Zaahen', 'Skarner', 'Syndra', 'Ashe', 'Seraphine']",[],[],1,leaguepedia_cargo_patch_range,0,scoreboard_players_corrected
Nexus League/2026 Season/Spring Playoffs_Round 1_2_2,2026-05-31 10:58:00,26.10,Nexus League 2026 Spring Playoffs,Project Conquerors,Lille Esport,Project Conquerors,"['Jarvan IV', 'Karma', 'Seraphine', 'Akali', 'Viktor']","['Orianna', 'Bard', 'Ezreal', 'Sion', 'Anivia']","['Gnar', 'Trundle', 'Taliyah', 'Caitlyn', 'Lux']","['Camille', 'Xin Zhao', 'Ryze', 'Ashe', 'Milio']",[],[],1,leaguepedia_cargo_patch_range,0,scoreboard_players_corrected
LCK/2026 Season/Rounds 1-2_Week 9_10_2,2026-05-31 11:10:00,26.10,LCK 2026 Rounds 1-2,Dplus Kia,Nongshim RedForce,Dplus Kia,"['Varus', 'Vi', 'Ashe', 'Xin Zhao', 'Wukong']","['Orianna', 'Nocturne', 'Lee Sin', 'Nautilus', 'Lulu']","['Sion', 'Skarner', 'Anivia', 'Lucian', 'Milio']","['Jayce', 'Pantheon', 'Cassiopeia', 'Corki', 'Nami']",[],[],1,leaguepedia_cargo_patch_range,0,scoreboard_players_corrected
LPL/2026 Season/Split 2 Playoffs_Round 2_1_3,2026-05-31 11:10:00,26.10,LPL 2026 Split 2 Playoffs,Top Esports,JD Gaming,Top Esports,"['Varus', 'Bard', 'Twisted Fate', ""K'Sante"", 'Olaf']","['Orianna', 'Cassiopeia', 'Trundle', 'Maokai', 'Xin Zhao']","['Jayce', 'Skarner', 'Aurora', 'Sivir', 'Karma']","['Tryndamere', 'Nocturne', 'Viktor', 'Ezreal', 'Neeko']",[],[],1,leaguepedia_cargo_patch_range,0,scoreboard_players_corrected
Hitpoint Masters/2026 Season/Spring Playoffs_Round 2_1_3,2026-05-31 11:33:00,26.10,Hitpoint Masters 2026 Spring Playoffs,eSuba,Meavedron,eSuba,"['Lucian', 'Jarvan IV', 'Fiora', 'Viktor', 'Akali']","['Orianna', 'Ambessa', 'Naafiri', 'Jax', 'Sion']","['Varus', 'Rengar', 'Quinn', 'Mel', 'Leona']","['Sylas', 'Viego', 'Hwei', 'Miss Fortune', 'Alistar']",[],[],1,leaguepedia_cargo_patch_range,0,scoreboard_players_corrected
LCP/2026 Season/Split 2 Playoffs_Round 3_1_4,2026-05-31 11:44:00,26.10,LCP 2026 Split 2 Playoffs,Team Secret Whales,Deep Cross Gaming,Team Secret Whales,"['Akali', 'Lucian', 'Pyke', 'Trundle', 'Shen']","['Cassiopeia', 'Nocturne', 'Varus', 'Twisted Fate', 'Zoe']","['Volibear', 'Olaf', 'Aurora', 'Caitlyn', 'Elise']","['Renekton', 'Pantheon', 'Mel', 'Jinx', 'Bard']",[],[],1,leaguepedia_cargo_patch_range,0,scoreboard_players_corrected
Nexus League/2026 Season/Spring Playoffs_Round 1_2_3,2026-05-31 11:51:00,26.10,Nexus League 2026 Spring Playoffs,Lille Esport,Project Conquerors,Project Conquerors,"['Bard', 'Anivia', 'Lulu', 'Miss Fortune', 'Yunara']","['Jarvan IV', 'Ezreal', 'Akali', 'Vi', 'Naafiri']","[""K'Sante"", 'Sylas', 'Orianna', 'Sivir', 'Karma']","['Vayne', 'Nocturne', 'Viktor', 'Seraphine', 'Alistar']",[],[],0,leaguepedia_cargo_patch_range,1,scoreboard_players_corrected
LPL/2026 Season/Split 2 Playoffs_Round 2_1_4,2026-05-31 12:11:00,26.10,LPL 2026 Split 2 Playoffs,JD Gaming,Top Esports,Top Esports,"['Vayne', 'Yone', 'Varus', 'Camille', 'Olaf']","['Orianna', 'Bard', 'Naafiri', 'Elise', 'Lux']","['Renekton', 'Maokai', 'Cassiopeia', 'Caitlyn', 'Morgana']","['Gnar', 'Trundle', 'Hwei', 'Ziggs', 'Alistar']",[],[],0,leaguepedia_cargo_patch_range,1,scoreboard_players_corrected
LCP/2026 Season/Split 2 Playoffs_Round 3_1_5,2026-05-31 12:32:00,26.10,LCP 2026 Split 2 Playoffs,Team Secret Whales,Deep Cross Gaming,Team Secret Whales,"['Lucian', 'Shen', 'Akali', 'Sylas', ""Kha'Zix""]","['Varus', 'Nocturne', 'Cassiopeia', 'Seraphine', 'Zeri']","['Gragas', 'Qiyana', 'Vex', 'Xayah', 'Rakan']","['Jax', 'Trundle', 'Twisted Fate', 'Tristana', 'Lulu']",[],[],1,leaguepedia_cargo_patch_range,0,scoreboard_players_corrected
LEC/2026 Season/Spring Playoffs_Round 1_4_1,2026-05-31 15:07:00,26.10,LEC 2026 Spring Playoffs,Team Vitality,GIANTX,GIANTX,"['Varus', 'Nautilus', 'Ezreal', 'Akali', 'Anivia']","['Orianna', 'Pantheon', 'Jarvan IV', 'Vi', 'Wukong']","['Rumble', 'Aatrox', 'Cassiopeia', 'Caitlyn', 'Bard']","[""K'Sante"", 'Xin Zhao', 'Viktor', 'Ashe', 'Seraphine']",[],[],0,leaguepedia_cargo_patch_range,1,scoreboard_players_corrected
Rift Legends/2026 Season/Spring Playoffs_Finals_1_1,2026-05-31 15:07:00,26.10,Rift Legends 2026 Spring Playoffs,Forsaken (Polish Team),Bomba Team,Forsaken (Polish Team),"['Nautilus', 'Varus', 'Ryze', 'Nami', 'Neeko']","['Karma', 'Orianna', 'Bard', 'Caitlyn', 'Yunara']","['Rumble', 'Wukong', 'Cassiopeia', 'Ashe', 'Seraphine']","['Brand', 'Jarvan IV', 'Aurora', 'Ezreal', 'Rell']",[],[],1,leaguepedia_cargo_patch_range,0,scoreboard_players_corrected
LEC/2026 Season/Spring Playoffs_Round 1_4_2,2026-05-31 16:09:00,26.10,LEC 2026 Spring Playoffs,Team Vitality,GIANTX,GIANTX,"['Pantheon', 'Anivia', 'Lucian', 'Ryze', 'Gnar']","['Orianna', 'Nocturne', ""Kai'Sa"", 'Akali', 'Ahri']","['Renekton', 'Jarvan IV', 'Annie', 'Varus', 'Nautilus']","['Jax', 'Vi', 'Taliyah', 'Ezreal', 'Karma']",[],[],0,leaguepedia_cargo_patch_range,1,scoreboard_players_corrected
Rift Legends/2026 Season/Spring Playoffs_Finals_1_2,2026-05-31 16:09:00,26.10,Rift Legends 2026 Spring Playoffs,Forsaken (Polish Team),Bomba Team,Bomba Team,"['Nautilus', 'Varus', 'Bard', 'Ryze', 'Vayne']","['Karma', 'Orianna', 'Pantheon', 'Azir', 'Sion']","[""K'Sante"", 'Xin Zhao', 'Sylas', 'Yunara', 'Lulu']","['Olaf', 'Nocturne', 'Ahri', 'Caitlyn', 'Neeko']",[],[],0,leaguepedia_cargo_patch_range,1,scoreboard_players_corrected
CBLOL/2026 Season/Split 1 Playoffs_Round 4_2_1,2026-05-31 16:11:00,26.11,CBLOL 2026 Split 1 Playoffs,LØS,RED Canids,LØS,"['Varus', 'Orianna', 'Cassiopeia', 'Vayne', 'Gnar']","['Jarvan IV', 'Rumble', 'Nautilus', 'Anivia', 'Lee Sin']","['Aatrox', 'Nocturne', 'Ryze', 'Sivir', 'Rakan']","['Sion', 'Vi', 'Ahri', 'Ezreal', 'Bard']",[],[],1,leaguepedia_cargo_patch_range,0,scoreboard_players_corrected
CBLOL/2026 Season/Split 1 Playoffs_Round 4_2_2,2026-05-31 17:02:00,26.11,CBLOL 2026 Split 1 Playoffs,LØS,RED Canids,LØS,"['Jarvan IV', 'Varus', 'Caitlyn', 'Nautilus', 'Seraphine']","['Orianna', 'Cassiopeia', 'Jayce', 'Taliyah', 'Galio']","['Rumble', 'Pantheon', 'Aurora', 'Senna', 'Alistar']","['Yorick', 'Lee Sin', 'Annie', 'Lucian', 'Milio']",[],[],1,leaguepedia_cargo_patch_range,0,scoreboard_players_corrected
Rift Legends/2026 Season/Spring Playoffs_Finals_1_3,2026-05-31 17:06:00,26.10,Rift Legends 2026 Spring Playoffs,Bomba Team,Forsaken (Polish Team),Forsaken (Polish Team),"['Nautilus', 'Azir', 'Pantheon', 'Sion', 'Renekton']","['Orianna', 'Karma', 'Bard', 'Vi', 'Jayce']","['Gnar', 'Skarner', 'Ryze', 'Lucian', 'Milio']","['Varus', 'Aatrox', 'Viktor', 'Corki', 'Nami']",[],[],0,leaguepedia_cargo_patch_range,1,scoreboard_players_corrected
LEC/2026 Season/Spring Playoffs_Round 1_4_3,2026-05-31 17:09:00,26.10,LEC 2026 Spring Playoffs,Team Vitality,GIANTX,GIANTX,"['Pantheon', 'Ryze', 'Lulu', 'Vayne', 'Gnar']","['Sion', 'Orianna', 'Nocturne', 'Azir', 'Mel']","['Akali', 'Wukong', 'Twisted Fate', 'Xayah', 'Rakan']","['Olaf', 'Skarner', 'Anivia', 'Lucian', 'Nami']",[],[],0,leaguepedia_cargo_patch_range,1,scoreboard_players_corrected
CBLOL/2026 Season/Split 1 Playoffs_Round 4_2_3,2026-05-31 17:56:00,26.11,CBLOL 2026 Split 1 Playoffs,LØS,RED Canids,LØS,"['Jarvan IV', 'Caitlyn', 'Jayce', 'Jhin', 'Vayne']","['Orianna', 'Cassiopeia', 'Varus', 'Syndra', 'Zoe']","['Renekton', 'Naafiri', 'Viktor', 'Corki', 'Neeko']","['Gnar', 'Trundle', 'Twisted Fate', 'Mel', 'Rell']",[],[],1,leaguepedia_cargo_patch_range,0,scoreboard_players_corrected
Rift Legends/2026 Season/Spring Playoffs_Finals_1_4,2026-05-31 18:25:00,26.10,Rift Legends 2026 Spring Playoffs,Bomba Team,Forsaken (Polish Team),Forsaken (Polish Team),"['Nautilus', 'Azir', 'Sion', 'Leona', 'Karma']","['Orianna', 'Akali', 'Vayne', 'Sivir', 'Ziggs']","['Jayce', 'Pantheon', 'Syndra', 'Smolder', 'Bard']","['Malphite', 'Trundle', 'LeBlanc', 'Jhin', 'Rakan']",[],[],0,leaguepedia_cargo_patch_range,1,scoreboard_players_corrected
LCS/2026 Season/Spring Playoffs_Round 1_4_1,2026-05-31 20:08:00,26.11,LCS 2026 Spring Playoffs,Shopify Rebellion,Team Liquid,Team Liquid,"['Jarvan IV', 'Annie', 'Varus', 'Seraphine', 'Ezreal']","['Lee Sin', 'Ryze', 'Nocturne', 'Nautilus', 'Karma']","['Rumble', 'Wukong', 'Galio', 'Lucian', 'Milio']","['Ornn', 'Naafiri', 'Orianna', 'Xayah', 'Rakan']",[],[],0,leaguepedia_cargo_patch_range,1,scoreboard_players_corrected
LCS/2026 Season/Spring Playoffs_Round 1_4_2,2026-05-31 21:02:00,26.11,LCS 2026 Spring Playoffs,Team Liquid,Shopify Rebellion,Team Liquid,"['Lee Sin', 'Yone', 'Cassiopeia', 'Vi', 'Jayce']","['Varus', 'Jarvan IV', 'Karma', 'Olaf', 'Sion']","['Shen', 'Nocturne', 'Ryze', 'Caitlyn', 'Bard']","['Renekton', ""Kha'Zix"", 'Anivia', 'Ezreal', 'Neeko']",[],[],1,leaguepedia_cargo_patch_range,0,scoreboard_players_corrected
LCS/2026 Season/Spring Playoffs_Round 1_4_3,2026-05-31 21:55:00,26.11,LCS 2026 Spring Playoffs,Team Liquid,Shopify Rebellion,Team Liquid,"['Lee Sin', 'Yone', 'Cassiopeia', 'Annie', 'Yorick']","['Varus', 'Jarvan IV', 'Olaf', 'Jayce', 'Twisted Fate']","['Zaahen', 'Pantheon', 'Akali', 'Ashe', 'Seraphine']","['Sion', 'Sejuani', 'Xin Zhao', 'Mel', 'Pyke']",[],[],1,leaguepedia_cargo_patch_range,0,scoreboard_players_corrected
PCS/2026 Season/Spring Season_Playoffs Round 4_1_1,2026-06-01 09:05:00,26.10,PCS 2026 Spring,CTBC Flying Oyster Academy,Frank Esports,Frank Esports,"['Irelia', 'Varus', 'Nocturne', 'Ezreal', 'Lucian']","['Rumble', 'Orianna', 'Karma', 'Ashe', 'Caitlyn']","['Ambessa', 'Vi', 'Cassiopeia', 'Smolder', 'Alistar']","[""K'Sante"", 'Jarvan IV', 'Anivia', 'Senna', 'Poppy']",[],[],0,leaguepedia_cargo_patch_range,1,scoreboard_players_corrected
LPL/2026 Season/Split 2 Playoffs_Round 2_2_1,2026-06-01 09:15:00,26.10,LPL 2026 Split 2 Playoffs,Anyone's Legend,Team WE,Team WE,"['Nocturne', 'Varus', 'Jarvan IV', 'Akali', 'Yorick']","['Rumble', 'Ezreal', 'Sion', 'Naafiri', 'Olaf']","['Vayne', 'Vi', 'Ryze', 'Ashe', 'Seraphine']","['Jayce', 'Wukong', 'Orianna', 'Lucian', 'Milio']",[],[],0,leaguepedia_cargo_patch_range,1,scoreboard_players_corrected
PCS/2026 Season/Spring Season_Playoffs Round 4_1_2,2026-06-01 09:53:00,26.10,PCS 2026 Spring,CTBC Flying Oyster Academy,Frank Esports,CTBC Flying Oyster Academy,"['Irelia', 'Varus', 'Nautilus', 'Nocturne', 'Pantheon']","['Rumble', 'Renekton', 'Orianna', 'Sivir', 'Jhin']","['Jayce', 'Maokai', 'Azir', 'Yunara', 'Karma']","['Sion', 'Lee Sin', 'Ryze', 'Ezreal', 'Bard']",[],[],1,leaguepedia_cargo_patch_range,0,scoreboard_players_corrected
LPL/2026 Season/Split 2 Playoffs_Round 2_2_2,2026-06-01 10:11:00,26.10,LPL 2026 Split 2 Playoffs,Team WE,Anyone's Legend,Team WE,"['Nocturne', 'Varus', 'Jarvan IV', 'Shen', 'Ambessa']","['Rumble', 'Karma', 'Akali', 'Annie', 'Bard']","['Sion', 'Naafiri', 'Ahri', 'Ezreal', 'Neeko']","[""Rek'Sai"", 'Trundle', 'Cassiopeia', 'Corki', 'Nami']",[],[],1,leaguepedia_cargo_patch_range,0,scoreboard_players_corrected
PCS/2026 Season/Spring Season_Playoffs Round 4_1_3,2026-06-01 10:40:00,26.10,PCS 2026 Spring,CTBC Flying Oyster Academy,Frank Esports,CTBC Flying Oyster Academy,"['Irelia', 'Varus', 'Nautilus', 'Nocturne', 'Annie']","['Rumble', 'Renekton', 'Orianna', 'Xin Zhao', 'Viktor']","['Gnar', 'Sejuani', 'Hwei', 'Lucian', 'Nami']","['Camille', 'Wukong', 'Galio', 'Xayah', 'Rakan']",[],[],1,leaguepedia_cargo_patch_range,0,scoreboard_players_corrected
LPL/2026 Season/Split 2 Playoffs_Round 2_2_3,2026-06-01 11:08:00,26.10,LPL 2026 Split 2 Playoffs,Anyone's Legend,Team WE,Team WE,"['Karma', 'Olaf', 'Akali', 'Caitlyn', 'Jhin']","['Nocturne', 'Varus', 'Jarvan IV', 'Alistar', 'Miss Fortune']","['Twisted Fate', 'Lee Sin', 'Galio', ""Kai'Sa"", 'Rumble']","[""K'Sante"", 'Xin Zhao', 'Annie', 'Sivir', 'Bard']",[],[],0,leaguepedia_cargo_patch_range,1,scoreboard_players_corrected
PCS/2026 Season/Spring Season_Playoffs Round 3_1_1,2026-06-01 11:29:00,26.10,PCS 2026 Spring,SillySilly Gaming,Shadow Keepers Esports,SillySilly Gaming,"['Aurora', 'Karma', 'Nocturne', 'Jarvan IV', 'Wukong']","['Rengar', 'Annie', 'Varus', 'Caitlyn', 'Lulu']","['Rumble', 'Vi', 'Cassiopeia', 'Miss Fortune', 'Nautilus']","['Ornn', 'Kindred', 'Viktor', 'Lucian', 'Milio']",[],[],1,leaguepedia_cargo_patch_range,0,scoreboard_players_corrected
PCS/2026 Season/Spring Season_Playoffs Round 3_1_2,2026-06-01 12:08:00,26.10,PCS 2026 Spring,SillySilly Gaming,Shadow Keepers Esports,Shadow Keepers Esports,"['Aurora', 'Karma', 'Nocturne', 'Ezreal', 'Tristana']","['Rengar', 'Annie', 'Varus', 'Sivir', 'Draven']","['Renekton', 'Jarvan IV', 'Orianna', 'Ashe', 'Seraphine']","['Gnar', 'Lee Sin', 'Ryze', 'Corki', 'Nami']",[],[],0,leaguepedia_cargo_patch_range,1,scoreboard_players_corrected
PCS/2026 Season/Spring Season_Playoffs Round 3_1_3,2026-06-01 12:59:00,26.10,PCS 2026 Spring,SillySilly Gaming,Shadow Keepers Esports,SillySilly Gaming,"['Karma', 'Aurora', 'Ambessa', 'Lulu', 'Poppy']","['Rengar', 'Annie', 'Varus', 'Jax', 'Rakan']","['Olaf', 'Wukong', 'Ahri', 'Ezreal', 'Alistar']","['Camille', 'Naafiri', 'Twisted Fate', 'Tristana', 'Leona']",[],[],1,leaguepedia_cargo_patch_range,0,scoreboard_players_corrected
LEC/2026 Season/Spring Playoffs_Round 2_1_1,2026-06-01 15:08:00,26.10,LEC 2026 Spring Playoffs,Karmine Corp,GIANTX,Karmine Corp,"['Cassiopeia', 'Bard', 'Varus', 'Vayne', 'Jayce']","['Orianna', 'Anivia', 'Nautilus', 'Taliyah', 'Annie']","['Gnar', 'Vi', 'Ryze', 'Ashe', 'Seraphine']","['Olaf', 'Jarvan IV', 'Azir', 'Mel', 'Shen']",[],[],1,leaguepedia_cargo_patch_range,0,scoreboard_players_corrected
LEC/2026 Season/Spring Playoffs_Round 2_1_2,2026-06-01 16:06:00,26.10,LEC 2026 Spring Playoffs,Karmine Corp,GIANTX,Karmine Corp,"['Nautilus', 'Varus', 'Cassiopeia', 'Ornn', 'Viktor']","['Orianna', 'Bard', 'Anivia', 'Naafiri', 'Trundle']","['Rumble', 'Pantheon', 'Taliyah', 'Sivir', 'Lulu']","[""K'Sante"", 'Xin Zhao', 'Ahri', 'Ezreal', 'Karma']",[],[],1,leaguepedia_cargo_patch_range,0,scoreboard_players_corrected
NLC/2026 Season/Spring Playoffs_Round 2_1_1,2026-06-01 16:06:00,26.11,NLC 2026 Spring Playoffs,Arctic Pandas,Ruddy Corporation,Ruddy Corporation,"['Aurora', 'Sion', 'Karma', 'Vex', 'Mel']","['Anivia', 'Orianna', 'Jayce', ""Kai'Sa"", 'Ryze']","['Rumble', 'Wukong', 'Yone', 'Senna', 'Nautilus']","['Ornn', 'Jarvan IV', 'Syndra', 'Ezreal', 'Seraphine']",[],[],0,leaguepedia_cargo_patch_range,1,scoreboard_players_corrected
LEC/2026 Season/Spring Playoffs_Round 2_1_3,2026-06-01 16:56:00,26.10,LEC 2026 Spring Playoffs,Karmine Corp,GIANTX,Karmine Corp,"['Nautilus', 'Varus', 'Nocturne', 'Akali', 'Skarner']","['Caitlyn', 'Orianna', 'Bard', 'Naafiri', 'Trundle']","['Sion', 'Lee Sin', 'Anivia', 'Lucian', 'Nami']","['Kled', 'Sejuani', 'Cassiopeia', 'Aphelios', 'Milio']",[],[],1,leaguepedia_cargo_patch_range,0,scoreboard_players_corrected
NLC/2026 Season/Spring Playoffs_Round 2_1_2,2026-06-01 16:59:00,26.11,NLC 2026 Spring Playoffs,Ruddy Corporation,Arctic Pandas,Ruddy Corporation,"['Anivia', 'Bard', 'Jayce', 'Skarner', 'Nocturne']","['Aurora', 'Sion', 'Orianna', 'Viktor', 'Kassadin']","['Gragas', 'Xin Zhao', 'Ahri', 'Ashe', 'Karma']","['Gnar', 'Vi', 'Cassiopeia', 'Lucian', 'Milio']",[],[],1,leaguepedia_cargo_patch_range,0,scoreboard_players_corrected
NLC/2026 Season/Spring Playoffs_Round 2_2_1,2026-06-01 18:06:00,26.11,NLC 2026 Spring Playoffs,Deer Gaming,Verdant,Verdant,"['Varus', 'Cassiopeia', 'Xin Zhao', 'Aurora']","['Orianna', 'Karma', 'Nocturne', 'Syndra', 'Mel']","['Sion', 'Jarvan IV', 'Sylas', 'Lucian', 'Milio']","['Zaahen', 'Naafiri', 'Ahri', 'Ashe', 'Seraphine']",[],[],0,leaguepedia_cargo_patch_range,1,scoreboard_players_corrected
NLC/2026 Season/Spring Playoffs_Round 2_2_2,2026-06-01 18:58:00,26.11,NLC 2026 Spring Playoffs,Verdant,Deer Gaming,Verdant,"['Nocturne', 'Syndra', 'Ambessa', ""Kai'Sa"", 'Yunara']","['Cassiopeia', 'Varus', 'Orianna', 'Viktor', 'Hwei']","['Gangplank', 'Skarner', 'Akali', 'Ezreal', 'Karma']","['Aatrox', 'Pantheon', 'Anivia', 'Zeri', 'Nautilus']",[],[],1,leaguepedia_cargo_patch_range,0,scoreboard_players_corrected
Circuito Desafiante/2026 Season/Split 1 Playoffs_Finals_1_1,2026-06-01 20:21:00,26.11,CD 2026 Split 1 Playoffs,KaBuM! Ilha das Lendas,Vivo Keyd Stars Academy,KaBuM! Ilha das Lendas,"['Varus', 'Bard', 'Vi', 'Wukong', 'Jarvan IV']","['Ezreal', 'Karma', 'Orianna', 'Akali', 'Aurora']","['Sion', 'Nocturne', 'Anivia', 'Lucian', 'Yuumi']","['Aatrox', 'Pantheon', 'Cassiopeia', 'Tristana', 'Milio']",[],[],1,leaguepedia_cargo_patch_range,0,scoreboard_players_corrected
Circuito Desafiante/2026 Season/Split 1 Playoffs_Finals_1_2,2026-06-01 21:17:00,26.11,CD 2026 Split 1 Playoffs,KaBuM! Ilha das Lendas,Vivo Keyd Stars Academy,Vivo Keyd Stars Academy,"['Varus', 'Jayce', 'Nautilus', 'Orianna', 'Annie']","['Ezreal', 'Karma', 'Caitlyn', ""K'Sante"", 'Jarvan IV']","['Galio', 'Wukong', 'Ryze', 'Jhin', 'Bard']","['Rumble', 'Xin Zhao', 'Ahri', 'Ashe', 'Seraphine']",[],[],0,leaguepedia_cargo_patch_range,1,scoreboard_players_corrected
Circuito Desafiante/2026 Season/Split 1 Playoffs_Finals_1_3,2026-06-01 22:07:00,26.11,CD 2026 Split 1 Playoffs,KaBuM! Ilha das Lendas,Vivo Keyd Stars Academy,KaBuM! Ilha das Lendas,"['Ezreal', 'Caitlyn', 'Varus', 'Vayne', 'Annie']","['Jayce', 'Orianna', 'Karma', 'Nautilus', 'Rell']","['Jax', 'Jarvan IV', 'Viktor', 'Yunara', 'Lulu']","['Gnar', 'Lee Sin', 'Aurora', 'Corki', 'Leona']",[],[],1,leaguepedia_cargo_patch_range,0,scoreboard_players_corrected
Circuito Desafiante/2026 Season/Split 1 Playoffs_Finals_1_4,2026-06-01 23:02:00,26.11,CD 2026 Split 1 Playoffs,KaBuM! Ilha das Lendas,Vivo Keyd Stars Academy,Vivo Keyd Stars Academy,"['Jayce', 'Akali', 'Varus', 'Vayne', 'Sivir']","['Ezreal', 'Caitlyn', 'Karma', 'Olaf', 'Malphite']","['Renekton', 'Vi', 'Orianna', 'Xayah', 'Rakan']","[""K'Sante"", 'Naafiri', 'Annie', 'Ziggs', 'Nautilus']",[],[],0,leaguepedia_cargo_patch_range,1,scoreboard_players_corrected
Liga Regional Norte/2026 Season/Split 1 Playoffs_Round 3_2_1,2026-06-01 23:12:00,26.11,LRN 2026 Split 1 Playoffs,G3V E-sports,SDM Tigres,G3V E-sports,"['Akali', 'Ezreal', 'Trundle', 'Jarvan IV', 'Miss Fortune']","['Varus', 'Nocturne', 'Orianna', 'Bard', 'Karma']","['Rumble', 'Nasus', 'Viktor', 'Xayah', 'Nautilus']","[""K'Sante"", 'Vi', 'Cassiopeia', ""Kai'Sa"", 'Alistar']",[],[],1,leaguepedia_cargo_patch_range,0,scoreboard_players_corrected
Circuito Desafiante/2026 Season/Split 1 Playoffs_Finals_1_5,2026-06-01 23:58:00,26.11,CD 2026 Split 1 Playoffs,KaBuM! Ilha das Lendas,Vivo Keyd Stars Academy,Vivo Keyd Stars Academy,"['Ezreal', 'Caitlyn', 'Karma', 'Poppy', 'Olaf']","['Jayce', 'Maokai', 'Mel', 'LeBlanc', 'Azir']","['Yorick', 'Trundle', 'Twisted Fate', 'Sivir', 'Zilean']","['Varus', 'Qiyana', 'Taliyah', 'Jinx', 'Alistar']",[],[],0,leaguepedia_cargo_patch_range,1,scoreboard_players_corrected
Liga Regional Norte/2026 Season/Split 1 Playoffs_Round 3_2_2,2026-06-02 00:14:00,26.11,LRN 2026 Split 1 Playoffs,G3V E-sports,SDM Tigres,G3V E-sports,"['Akali', 'Ezreal', 'Caitlyn', 'Aurora']","['Varus', 'Orianna', 'Nocturne', 'Gnar', 'Vayne']","['Renekton', 'Pantheon', 'Azir', 'Jhin', 'Karma']","['Jayce', 'Jarvan IV', 'Ryze', 'Lucian', 'Milio']",[],[],1,leaguepedia_cargo_patch_range,0,scoreboard_players_corrected
Liga Regional Norte/2026 Season/Split 1 Playoffs_Round 3_2_3,2026-06-02 01:11:00,26.11,LRN 2026 Split 1 Playoffs,G3V E-sports,SDM Tigres,SDM Tigres,"['Varus', 'Aatrox', 'Orianna', 'Vayne', 'Aurora']","['Neeko', 'Nocturne', 'Akali', 'Sion', 'LeBlanc']","['Ambessa', 'Xin Zhao', 'Ahri', 'Ezreal', 'Bard']","['Gnar', 'Wukong', 'Annie', 'Sivir', 'Rakan']",[],[],0,leaguepedia_cargo_patch_range,1,scoreboard_players_corrected
Liga Regional Norte/2026 Season/Split 1 Playoffs_Round 3_2_4,2026-06-02 02:01:00,26.11,LRN 2026 Split 1 Playoffs,SDM Tigres,G3V E-sports,SDM Tigres,"['Akali', 'LeBlanc', 'Neeko', 'Mel', 'Twisted Fate']","['Orianna', 'Aurora', 'Nocturne', 'Seraphine', 'Thresh']","['Varus', 'Lee Sin', 'Anivia', 'Aphelios', 'Braum']","['Yasuo', 'Trundle', 'Taliyah', 'Caitlyn', 'Rell']",[],[],1,leaguepedia_cargo_patch_range,0,scoreboard_players_corrected
Liga Regional Norte/2026 Season/Split 1 Playoffs_Round 3_2_5,2026-06-02 03:05:00,26.11,LRN 2026 Split 1 Playoffs,SDM Tigres,G3V E-sports,G3V E-sports,"['Akali', 'Kayle', 'Vayne', 'Skarner', 'Malphite']","['Orianna', 'Nocturne', 'Aurora', 'Twisted Fate', 'Naafiri']","['Yorick', 'Sejuani', 'Mel', 'Jinx', 'Thresh']","['Smolder', 'Maokai', 'LeBlanc', 'Yunara', 'Neeko']",[],[],0,leaguepedia_cargo_patch_range,1,scoreboard_players_corrected
PCS/2026 Season/Spring Season_Playoffs Round 4_2_1,2026-06-02 09:06:00,26.10,PCS 2026 Spring,SillySilly Gaming,Frank Esports,Frank Esports,"['Karma', 'Nocturne', 'Cassiopeia', 'Trundle', 'Wukong']","['Rengar', 'Vi', 'Jarvan IV', 'Lucian', 'Ezreal']","[""K'Sante"", 'Lee Sin', 'Ryze', 'Ashe', 'Seraphine']","['Fiora', 'Skarner', 'Anivia', 'Varus', 'Bard']",[],[],0,leaguepedia_cargo_patch_range,1,scoreboard_players_corrected
LPL/2026 Season/Split 2 Playoffs_Round 1_5_1,2026-06-02 09:15:00,26.10,LPL 2026 Split 2 Playoffs,ThunderTalk Gaming,LGD Gaming,LGD Gaming,"['Nocturne', 'Karma', 'Naafiri', 'Lucian', 'Nautilus']","['Orianna', 'Seraphine', 'Varus', 'Caitlyn', 'Ezreal']","['Rumble', 'Trundle', 'Ryze', 'Xayah', 'Rakan']","['Sion', 'Vi', 'Anivia', 'Corki', 'Nami']",[],[],0,leaguepedia_cargo_patch_range,1,scoreboard_players_corrected
PCS/2026 Season/Spring Season_Playoffs Round 4_2_2,2026-06-02 09:57:00,26.10,PCS 2026 Spring,Frank Esports,SillySilly Gaming,Frank Esports,"['Rengar', 'Rumble', 'Naafiri', 'Neeko', 'Orianna']","['Karma', 'Cassiopeia', 'Nocturne', 'Galio', 'Kennen']","['Vladimir', 'Jarvan IV', 'Aurora', 'Lucian', 'Milio']","['Jax', 'Vi', 'Akali', 'Ezreal', 'Nautilus']",[],[],1,leaguepedia_cargo_patch_range,0,scoreboard_players_corrected
LPL/2026 Season/Split 2 Playoffs_Round 1_5_2,2026-06-02 10:04:00,26.10,LPL 2026 Split 2 Playoffs,ThunderTalk Gaming,LGD Gaming,LGD Gaming,"['Nocturne', 'Karma', 'Naafiri', 'Nautilus', 'Akali']","['Orianna', 'Seraphine', 'Jarvan IV', 'Sivir', 'Lucian']","['Jayce', 'Wukong', 'Cassiopeia', 'Ziggs', 'Alistar']","['Yorick', 'Skarner', 'LeBlanc', 'Varus', 'Neeko']",[],[],0,leaguepedia_cargo_patch_range,1,scoreboard_players_corrected
PCS/2026 Season/Spring Season_Playoffs Round 4_2_3,2026-06-02 10:42:00,26.10,PCS 2026 Spring,SillySilly Gaming,Frank Esports,SillySilly Gaming,"['Karma', 'Irelia', 'Camille', 'Sion', 'Wukong']","['Rengar', 'Rumble', 'Annie', 'Lulu', 'Corki']","['Gnar', 'Nocturne', 'Cassiopeia', 'Miss Fortune', 'Leona']","['Ambessa', 'Xin Zhao', 'Orianna', 'Jhin', 'Neeko']",[],[],1,leaguepedia_cargo_patch_range,0,scoreboard_players_corrected
LPL/2026 Season/Split 2 Playoffs_Round 1_5_3,2026-06-02 11:01:00,26.10,LPL 2026 Split 2 Playoffs,ThunderTalk Gaming,LGD Gaming,ThunderTalk Gaming,"['Nocturne', 'Karma', 'Renekton', 'Vayne', 'Twisted Fate']","['Orianna', 'Seraphine', 'Ambessa', 'Draven', 'Caitlyn']","['Gnar', 'Lee Sin', 'Annie', 'Senna', 'Nautilus']","['Olaf', 'Xin Zhao', 'Viktor', 'Lucian', 'Milio']",[],[],1,leaguepedia_cargo_patch_range,0,scoreboard_players_corrected
PCS/2026 Season/Spring Season_Playoffs Round 4_2_4,2026-06-02 11:23:00,26.10,PCS 2026 Spring,Frank Esports,SillySilly Gaming,Frank Esports,"['Rengar', 'Rumble', 'Naafiri', 'Renekton', 'Olaf']","['Karma', 'Galio', 'Wukong', 'Pyke', 'Camille']","['Irelia', 'Trundle', 'Annie', 'Ziggs', 'Amumu']","['Shen', 'Pantheon', 'Ahri', 'Caitlyn', 'Lux']",[],[],1,leaguepedia_cargo_patch_range,0,scoreboard_players_corrected
LPL/2026 Season/Split 2 Playoffs_Round 1_5_4,2026-06-02 11:55:00,26.10,LPL 2026 Split 2 Playoffs,ThunderTalk Gaming,LGD Gaming,ThunderTalk Gaming,"['Seraphine', 'Ambessa', 'Karma', 'Aurora', 'Jarvan IV']","['Orianna', 'Caitlyn', 'Nocturne', 'Yone', 'Nidalee']","['Jax', 'Naafiri', 'Galio', 'Ezreal', 'Bard']","['Akali', 'Maokai', 'Renekton', 'Yunara', 'Lulu']",[],[],1,leaguepedia_cargo_patch_range,0,scoreboard_players_corrected
LPL/2026 Season/Split 2 Playoffs_Round 1_5_5,2026-06-02 13:00:00,26.10,LPL 2026 Split 2 Playoffs,ThunderTalk Gaming,LGD Gaming,LGD Gaming,"['Draven', 'Nocturne', 'Vayne', 'Pyke', 'Malphite']","['Orianna', 'Seraphine', 'Karma', 'Sylas', 'Twisted Fate']","[""K'Sante"", 'Jarvan IV', 'Aurora', 'Caitlyn', 'Lux']","['Ambessa', 'Poppy', 'Ahri', 'Jhin', 'Blitzcrank']",[],[],0,leaguepedia_cargo_patch_range,1,scoreboard_players_corrected
Hitpoint Masters/2026 Season/Spring Playoffs_Round 3_2_1,2026-06-02 14:10:00,26.11,Hitpoint Masters 2026 Spring Playoffs,Nightbirds,eSuba,Nightbirds,"['Nautilus', 'Varus', 'Anivia', 'Nocturne', 'Naafiri']","['Orianna', 'Lucian', 'Rumble', 'Sion', 'Wukong']","[""K'Sante"", 'Vi', 'Cassiopeia', 'Jhin', 'Bard']","['Gnar', 'Jarvan IV', 'LeBlanc', 'Ezreal', 'Karma']",[],[],1,leaguepedia_cargo_patch_range,0,scoreboard_players_corrected
Hitpoint Masters/2026 Season/Spring Playoffs_Round 3_2_2,2026-06-02 15:04:00,26.11,Hitpoint Masters 2026 Spring Playoffs,eSuba,Nightbirds,Nightbirds,"['Lucian', 'Naafiri', 'Ryze', 'Rell', 'Ambessa']","['Orianna', 'Rumble', 'Varus', 'Sion', 'Renekton']","['Yorick', 'Zyra', 'Jayce', 'Ashe', 'Leona']","['Yone', 'Wukong', 'Akali', 'Miss Fortune', 'Alistar']",[],[],0,leaguepedia_cargo_patch_range,1,scoreboard_players_corrected
Hitpoint Masters/2026 Season/Spring Playoffs_Round 3_2_3,2026-06-02 15:50:00,26.11,Hitpoint Masters 2026 Spring Playoffs,eSuba,Nightbirds,Nightbirds,"['Lucian', 'Pantheon', 'Anivia', ""Kai'Sa"", 'Caitlyn']","['Orianna', 'Rumble', 'Ryze', 'Nautilus', 'Rell']","['Varus', 'Skarner', 'Azir', 'Twitch', 'Lulu']","['Yasuo', 'Nocturne', 'Aurora', 'Sivir', 'Neeko']",[],[],0,leaguepedia_cargo_patch_range,1,scoreboard_players_corrected
Arabian League/2026 Season/Summer Promotion_Round 1_1_1,2026-06-02 16:08:00,26.11,Arabian League 2026 Summer Promotion,NextGeneration Esports,JSK Esports,JSK Esports,"['Cassiopeia', 'LeBlanc', 'Nocturne', 'Jayce', 'Sion']","['Orianna', 'Jarvan IV', 'Bard', 'Mel', 'Syndra']","['Kennen', 'Xin Zhao', 'Ahri', 'Varus', 'Nautilus']","['Aatrox', 'Skarner', 'Seraphine', 'Ashe', 'Braum']",[],[],0,leaguepedia_cargo_patch_range,1,scoreboard_players_corrected
Road Of Legends/2026 Season/Spring Playoffs_Round 3_2_1,2026-06-02 16:08:00,26.11,Road Of Legends 2026 Spring Playoffs,mCon esports,The Bandits,The Bandits,"['Nautilus', 'Cassiopeia', 'Orianna', 'Vayne', 'Fiora']","['Lucian', 'Karma', 'Rumble', 'Ryze', 'Hwei']","[""K'Sante"", 'Jax', 'Syndra', 'Ezreal', 'Bard']","['Kayle', 'Xin Zhao', 'Annie', 'Yunara', 'Rakan']",[],[],0,leaguepedia_cargo_patch_range,1,scoreboard_players_corrected
Road Of Legends/2026 Season/Spring Playoffs_Round 3_2_2,2026-06-02 17:03:00,26.11,Road Of Legends 2026 Spring Playoffs,The Bandits,mCon esports,The Bandits,"['Nautilus', 'Zaahen', 'Karma', 'Fiora', 'Vi']","['Orianna', 'Sion', 'Cassiopeia', 'Ryze', 'Viktor']","['Ornn', 'Wukong', 'Ahri', 'Lucian', 'Nami']","['Yorick', 'Lee Sin', 'Aurora', 'Ashe', 'Milio']",[],[],1,leaguepedia_cargo_patch_range,0,scoreboard_players_corrected
Arabian League/2026 Season/Summer Promotion_Round 1_1_2,2026-06-02 17:07:00,26.11,Arabian League 2026 Summer Promotion,JSK Esports,NextGeneration Esports,JSK Esports,"['Jarvan IV', 'Bard', 'Orianna', 'Syndra', 'Aurora']","['Cassiopeia', 'LeBlanc', 'Karma', 'Taliyah', 'Viktor']","['Sion', 'Pantheon', 'Akali', 'Brand', 'Nami']","['Gwen', 'Vi', 'Xerath', 'Corki', 'Rell']",[],[],1,leaguepedia_cargo_patch_range,0,scoreboard_players_corrected
Road Of Legends/2026 Season/Spring Playoffs_Round 3_2_3,2026-06-02 17:57:00,26.11,Road Of Legends 2026 Spring Playoffs,The Bandits,mCon esports,mCon esports,"['Rumble', 'Karma', 'Pantheon', 'Yone', 'Sylas']","['Orianna', 'Sion', 'Cassiopeia', 'Lulu', 'Braum']","['Fiora', 'Viego', 'Twisted Fate', 'Sivir', 'Nautilus']","['Malphite', 'Ivern', 'Ryze', 'Varus', 'Alistar']",[],[],0,leaguepedia_cargo_patch_range,1,scoreboard_players_corrected
LPLOL/2026 Season/Spring Playoffs_Semifinals_1_1,2026-06-02 18:14:00,26.10,LPLOL 2026 Spring Playoffs,Crusaders,Bubliki,Bubliki,"['Seraphine', 'Ahri', 'Karma', 'Shen', 'Volibear']","['Varus', 'Jarvan IV', 'Xin Zhao', ""K'Sante"", 'Skarner']","['Gnar', 'Wukong', 'Orianna', 'Yunara', 'Lulu']","['Malphite', 'Nocturne', 'Viktor', 'Ezreal', 'Nautilus']",[],[],0,leaguepedia_cargo_patch_range,1,scoreboard_players_corrected
Arabian League/2026 Season/Summer Promotion_Round 1_2_1,2026-06-02 18:30:00,26.11,Arabian League 2026 Summer Promotion,GnG Amazigh,Pyramid IV Esports,Pyramid IV Esports,"['Mel', 'Jarvan IV', 'Hecarim', 'Zaahen', 'Pantheon']","['Naafiri', 'Orianna', 'Nocturne', 'Lulu', 'Karma']","[""K'Sante"", 'Xin Zhao', 'Ryze', 'Yunara', 'Neeko']","['Poppy', 'Wukong', 'Zoe', 'Ezreal', 'Bard']",[],[],0,leaguepedia_cargo_patch_range,1,scoreboard_players_corrected
Road Of Legends/2026 Season/Spring Playoffs_Round 3_2_4,2026-06-02 18:54:00,26.11,Road Of Legends 2026 Spring Playoffs,mCon esports,The Bandits,mCon esports,"['Orianna', 'Cassiopeia', 'Sion', 'Vladimir', 'Tryndamere']","['Rumble', 'Jayce', 'Karma', 'Aphelios', 'Corki']","['Ambessa', 'Pantheon', 'Taliyah', ""Kai'Sa"", 'Neeko']","['Garen', 'Aatrox', 'Viktor', 'Tristana', 'Rell']",[],[],1,leaguepedia_cargo_patch_range,0,scoreboard_players_corrected
Arabian League/2026 Season/Summer Promotion_Round 1_2_2,2026-06-02 19:17:00,26.11,Arabian League 2026 Summer Promotion,GnG Amazigh,Pyramid IV Esports,Pyramid IV Esports,"['Mel', 'LeBlanc', 'Nautilus', 'Hecarim', 'Akali']","['Nocturne', 'Orianna', 'Karma', 'Rengar', 'Qiyana']","['Zaahen', 'Naafiri', 'Ahri', 'Lucian', 'Milio']","['Renekton', 'Jarvan IV', 'Aurora', 'Corki', 'Blitzcrank']",[],[],0,leaguepedia_cargo_patch_range,1,scoreboard_players_corrected
LPLOL/2026 Season/Spring Playoffs_Semifinals_1_2,2026-06-02 19:17:00,26.10,LPLOL 2026 Spring Playoffs,Crusaders,Bubliki,Bubliki,"['Ahri', 'Caitlyn', 'Seraphine', 'Shen', 'Volibear']","['Varus', 'Jarvan IV', 'Karma', ""K'Sante"", 'Blitzcrank']","['Jayce', 'Xin Zhao', 'Ryze', 'Corki', 'Rell']","['Ornn', 'Pantheon', 'Anivia', 'Lucian', 'Nami']",[],[],0,leaguepedia_cargo_patch_range,1,scoreboard_players_corrected
Road Of Legends/2026 Season/Spring Playoffs_Round 3_2_5,2026-06-02 19:47:00,26.11,Road Of Legends 2026 Spring Playoffs,mCon esports,The Bandits,mCon esports,"['Cassiopeia', 'Gwen', 'Orianna', 'Aurelion Sol', 'Anivia']","['Rumble', 'Jayce', 'Karma', 'Zaahen', 'Jarvan IV']","['Sion', 'Vi', 'Akali', ""Kog'Maw"", 'Lulu']","['Dr. Mundo', 'Shen', 'Hwei', 'Aphelios', 'Leona']",[],[],1,leaguepedia_cargo_patch_range,0,scoreboard_players_corrected
Circuito Desafiante/2026 Season/Split 2 Promotion_Round 1_1_1,2026-06-02 20:04:00,26.11,CD 2026 Split 2 Promotion,Team Solid (Brazilian Team),Kuma eSports B,Team Solid (Brazilian Team),"['Pantheon', 'Varus', 'Lucian', 'Rumble', 'Aurora']","['Orianna', 'Ryze', 'Nocturne', 'Annie', 'Ahri']","['Gnar', 'Jarvan IV', 'Cassiopeia', 'Ezreal', 'Seraphine']","[""K'Sante"", 'Lee Sin', 'Syndra', 'Ashe', 'Nautilus']",[],[],1,leaguepedia_cargo_patch_range,0,scoreboard_players_corrected
Liga Regional Sur/2026 Season/Split 1 Playoffs_Round 3_2_1,2026-06-02 20:10:00,26.11,LRS 2026 Split 1 Playoffs,Volticons,9z Globant,9z Globant,"['Nocturne', 'Jarvan IV', 'Ashe', 'Gwen', 'Lee Sin']","['Orianna', 'Varus', 'Jayce', 'Wukong', 'Vi']","['Sion', 'Naafiri', 'Anivia', 'Caitlyn', 'Neeko']","[""Cho'Gath"", 'Pantheon', 'Cassiopeia', 'Ezreal', 'Karma']",[],[],0,leaguepedia_cargo_patch_range,1,scoreboard_players_corrected
LPLOL/2026 Season/Spring Playoffs_Semifinals_1_3,2026-06-02 20:27:00,26.10,LPLOL 2026 Spring Playoffs,Bubliki,Crusaders,Crusaders,"['Taliyah', 'Karma', 'Jarvan IV', 'Neeko', 'Yuumi']","['Ahri', 'Caitlyn', 'Seraphine', 'Draven', 'Shen']","['Renekton', 'Vi', 'Twisted Fate', 'Varus', 'Lissandra']","['Aurora', 'Lee Sin', 'Cassiopeia', 'Sivir', 'Rakan']",[],[],0,leaguepedia_cargo_patch_range,1,scoreboard_players_corrected
Circuito Desafiante/2026 Season/Split 2 Promotion_Round 1_1_2,2026-06-02 20:54:00,26.11,CD 2026 Split 2 Promotion,Team Solid (Brazilian Team),Kuma eSports B,Team Solid (Brazilian Team),"['Varus', 'Orianna', 'Ryze', 'Annie', 'Vi']","['Nocturne', 'Pantheon', 'Caitlyn', 'Xin Zhao', 'Wukong']","['Rumble', 'Nasus', 'Viktor', 'Lucian', 'Milio']","['Ambessa', 'Aatrox', 'Ahri', 'Jhin', 'Karma']",[],[],1,leaguepedia_cargo_patch_range,0,scoreboard_players_corrected
Liga Regional Sur/2026 Season/Split 1 Playoffs_Round 3_2_2,2026-06-02 21:03:00,26.11,LRS 2026 Split 1 Playoffs,Volticons,9z Globant,Volticons,"['Orianna', 'Jayce', 'Jarvan IV', 'Ornn', 'Wukong']","['Nocturne', 'Varus', 'Ashe', 'Nautilus', 'Rakan']","['Rumble', 'Vi', 'Ryze', 'Yunara', 'Lulu']","['Yorick', 'Skarner', 'Viktor', 'Lucian', 'Milio']",[],[],1,leaguepedia_cargo_patch_range,0,scoreboard_players_corrected
LPLOL/2026 Season/Spring Playoffs_Semifinals_1_4,2026-06-02 21:19:00,26.10,LPLOL 2026 Spring Playoffs,Crusaders,Bubliki,Bubliki,"['Ahri', 'Caitlyn', 'Seraphine', ""Rek'Sai"", 'Naafiri']","['Jarvan IV', 'Karma', 'Taliyah', 'Syndra', 'Mel']","['Rumble', 'Viego', 'Annie', 'Aphelios', 'Milio']","['Galio', 'Graves', 'Ziggs', 'Ashe', 'Bard']",[],[],0,leaguepedia_cargo_patch_range,1,scoreboard_players_corrected
Circuito Desafiante/2026 Season/Split 2 Promotion_Round 1_2_1,2026-06-02 21:47:00,26.11,CD 2026 Split 2 Promotion,Barulhinhos,Marere Invokers,Barulhinhos,"['Varus', 'Jarvan IV', 'Anivia', 'Vayne', 'LeBlanc']","['Orianna', 'Seraphine', 'Ryze', 'Sion', 'Olaf']","[""K'Sante"", 'Xin Zhao', 'Aurora', 'Lucian', 'Milio']","['Gnar', 'Nocturne', 'Viktor', 'Ezreal', 'Nautilus']",[],[],1,leaguepedia_cargo_patch_range,0,scoreboard_players_corrected
Liga Regional Sur/2026 Season/Split 1 Playoffs_Round 3_2_3,2026-06-02 21:58:00,26.11,LRS 2026 Split 1 Playoffs,Volticons,9z Globant,Volticons,"['Jarvan IV', 'Nocturne', 'Nautilus', 'Gwen', 'Gnar']","['Orianna', 'Varus', 'Jayce', 'Lee Sin', 'Sejuani']","[""K'Sante"", 'Wukong', 'Akali', 'Miss Fortune', 'Seraphine']","['Ornn', 'Aatrox', 'Aurora', 'Ashe', 'Bard']",[],[],1,leaguepedia_cargo_patch_range,0,scoreboard_players_corrected
Circuito Desafiante/2026 Season/Split 2 Promotion_Round 1_2_2,2026-06-02 22:39:00,26.11,CD 2026 Split 2 Promotion,Barulhinhos,Marere Invokers,Marere Invokers,"['Varus', 'Jarvan IV', 'Anivia', 'Ashe', 'Renekton']","['Orianna', 'Caitlyn', 'Ryze', 'Sion', 'Olaf']","['Ambessa', 'Naafiri', 'Annie', 'Sivir', 'Rakan']","['Vayne', 'Lee Sin', 'LeBlanc', 'Seraphine', 'Rell']",[],[],0,leaguepedia_cargo_patch_range,1,scoreboard_players_corrected
Liga Regional Sur/2026 Season/Split 1 Playoffs_Round 3_2_4,2026-06-02 22:52:00,26.11,LRS 2026 Split 1 Playoffs,Volticons,9z Globant,Volticons,"['Nocturne', 'Azir', 'Lee Sin', 'Nautilus', 'Rakan']","['Orianna', 'Varus', 'Jayce', 'Xayah', ""Kai'Sa""]","['Renekton', 'Sejuani', 'Sylas', 'Zeri', 'Rell']","['Gangplank', 'Jarvan IV', 'Ahri', 'Sivir', 'Braum']",[],[],1,leaguepedia_cargo_patch_range,0,scoreboard_players_corrected
Circuito Desafiante/2026 Season/Split 2 Promotion_Round 1_2_3,2026-06-02 23:28:00,26.11,CD 2026 Split 2 Promotion,Barulhinhos,Marere Invokers,Barulhinhos,"['Varus', 'Jarvan IV', 'Anivia', 'Samira']","['Orianna', 'Sion', 'Ryze', 'Olaf', 'Rumble']","['Renekton', 'Wukong', 'Mel', 'Jhin', 'Bard']","['Twisted Fate', 'Aatrox', 'Ahri', 'Ziggs', 'Pyke']",[],[],1,leaguepedia_cargo_patch_range,0,scoreboard_players_corrected
LJL/2026 Season/Spring Series_Week 6_1_1,2026-06-03 08:08:00,26.10,LJL 2026 Spring Series,Arneb,DetonatioN FocusMe Academy,Arneb,"['Ivern', 'Nautilus', 'Lucian', 'Lulu', 'Camille']","['Lee Sin', 'Jarvan IV', 'Orianna', 'Wukong', 'Vi']","['Sion', 'Jayce', 'Cassiopeia', 'Ezreal', 'Bard']","['Yone', 'Xin Zhao', 'Ryze', 'Aphelios', 'Milio']",[],[],1,leaguepedia_cargo_patch_range,0,scoreboard_players_corrected
PCS/2026 Season/Spring Season_Finals_1_1,2026-06-03 09:03:00,26.10,PCS 2026 Spring,CTBC Flying Oyster Academy,Frank Esports,Frank Esports,"['Irelia', 'Varus', 'Nautilus', ""K'Sante"", 'Sion']","['Rumble', 'Karma', 'Orianna', 'Caitlyn', 'Seraphine']","['Jayce', 'Jarvan IV', 'Anivia', 'Ezreal', 'Nami']","['Camille', 'Xin Zhao', 'Cassiopeia', 'Lucian', 'Milio']",[],[],0,leaguepedia_cargo_patch_range,1,scoreboard_players_corrected
LJL/2026 Season/Spring Series_Week 6_1_2,2026-06-03 09:16:00,26.10,LJL 2026 Spring Series,DetonatioN FocusMe Academy,Arneb,Arneb,"['Nocturne', 'Orianna', 'Lee Sin', 'Aurora', 'Taliyah']","['Ivern', 'Lucian', 'Neeko', 'Camille', 'Akali']","['Ambessa', 'Jarvan IV', 'Sylas', 'Xayah', 'Rakan']","[""K'Sante"", 'Naafiri', 'Viktor', 'Jhin', 'Nautilus']",[],[],0,leaguepedia_cargo_patch_range,1,scoreboard_players_corrected
LPL/2026 Season/Split 2 Playoffs_Round 1_6_1,2026-06-03 09:17:00,26.10,LPL 2026 Split 2 Playoffs,Bilibili Gaming,EDward Gaming,Bilibili Gaming,"['Nocturne', 'Varus', 'Karma', 'Ryze', 'Annie']","['Jarvan IV', 'Orianna', 'Cassiopeia', 'Naafiri', 'Vi']","['Rumble', 'Poppy', 'Viktor', 'Ezreal', 'Bard']","['Ambessa', 'Lee Sin', 'Aurora', 'Ashe', 'Seraphine']",[],[],1,leaguepedia_cargo_patch_range,0,scoreboard_players_corrected
PCS/2026 Season/Spring Season_Finals_1_2,2026-06-03 09:51:00,26.10,PCS 2026 Spring,CTBC Flying Oyster Academy,Frank Esports,CTBC Flying Oyster Academy,"['Irelia', 'Varus', 'Nautilus', 'Pyke', 'Bard']","['Rumble', 'Karma', 'Orianna', 'Gnar', 'Ambessa']","['Twisted Fate', 'Dr. Mundo', 'Ryze', 'Ashe', 'Seraphine']","[""K'Sante"", 'Lee Sin', 'Annie', 'Mel', 'Rell']",[],[],1,leaguepedia_cargo_patch_range,0,scoreboard_players_corrected
LPL/2026 Season/Split 2 Playoffs_Round 1_6_2,2026-06-03 10:10:00,26.10,LPL 2026 Split 2 Playoffs,Bilibili Gaming,EDward Gaming,Bilibili Gaming,"['Nocturne', 'Varus', 'Annie', 'Ryze', 'Sion']","['Jarvan IV', 'Vi', 'Caitlyn', 'Wukong', 'Naafiri']","['Yorick', 'Pantheon', 'Orianna', 'Xayah', 'Rakan']","['Jayce', 'Trundle', 'Zyra', 'Lucian', 'Milio']",[],[],1,leaguepedia_cargo_patch_range,0,scoreboard_players_corrected
LJL/2026 Season/Spring Series_Week 6_2_1,2026-06-03 10:17:00,26.10,LJL 2026 Spring Series,New Meta,Uwinks,New Meta,"['Nocturne', 'Jax', 'Ezreal', 'Jarvan IV', 'Naafiri']","['Irelia', 'Lee Sin', 'Ashe', 'Karma', 'Nautilus']","['Ambessa', ""Rek'Sai"", 'Cassiopeia', 'Varus', 'Neeko']","['Renekton', 'Vi', 'Viktor', 'Caitlyn', 'Bard']",[],[],1,leaguepedia_cargo_patch_range,0,scoreboard_players_corrected
PCS/2026 Season/Spring Season_Finals_1_3,2026-06-03 10:40:00,26.10,PCS 2026 Spring,Frank Esports,CTBC Flying Oyster Academy,Frank Esports,"['Rumble', 'Varus', 'Karma', 'Renekton', 'Gnar']","['Irelia', 'Orianna', 'Nocturne', 'Naafiri', 'Vi']","['Jax', 'Skarner', 'Aurora', 'Senna', 'Nautilus']","['Sion', 'Wukong', 'Viktor', 'Yunara', 'Lulu']",[],[],1,leaguepedia_cargo_patch_range,0,scoreboard_players_corrected
LPL/2026 Season/Split 2 Playoffs_Round 1_6_3,2026-06-03 11:02:00,26.10,LPL 2026 Split 2 Playoffs,Bilibili Gaming,EDward Gaming,Bilibili Gaming,"['Jarvan IV', 'Gnar', 'Ryze', 'Corki', 'Karma']","['Nocturne', 'Varus', 'Naafiri', 'Nautilus', 'Zeri']","['Sion', 'Wukong', 'Akali', 'Caitlyn', 'Neeko']","['Renekton', 'Xin Zhao', 'Annie', 'Yunara', 'Lulu']",[],[],1,leaguepedia_cargo_patch_range,0,scoreboard_players_corrected
LJL/2026 Season/Spring Series_Week 6_2_2,2026-06-03 11:14:00,26.10,LJL 2026 Spring Series,New Meta,Uwinks,Uwinks,"['Lee Sin', 'Nautilus', 'Lucian', 'Rell', 'Sion']","['Irelia', 'Jarvan IV', 'Karma', 'Braum', 'Shen']","['Zaahen', 'Xin Zhao', 'Akali', 'Ezreal', 'Tahm Kench']","['Gnar', 'Nocturne', 'Orianna', ""Kai'Sa"", 'Leona']",[],[],0,leaguepedia_cargo_patch_range,1,scoreboard_players_corrected
PCS/2026 Season/Spring Season_Finals_1_4,2026-06-03 11:28:00,26.10,PCS 2026 Spring,CTBC Flying Oyster Academy,Frank Esports,CTBC Flying Oyster Academy,"['Irelia', 'Nocturne', 'Ziggs', 'Gwen', 'Fiora']","['Rumble', 'Gnar', 'Renekton', 'Vi', 'Maokai']","['Yorick', 'Pantheon', 'Orianna', 'Varus', 'Karma']","['Ambessa', 'Shen', 'Akali', 'Caitlyn', 'Bard']",[],[],1,leaguepedia_cargo_patch_range,0,scoreboard_players_corrected
LJL/2026 Season/Spring Series_Week 6_2_3,2026-06-03 12:13:00,26.10,LJL 2026 Spring Series,Uwinks,New Meta,Uwinks,"['Irelia', 'Wukong', 'Jarvan IV', 'Jax', 'Syndra']","['Lee Sin', 'Nautilus', 'Rell', 'Sion', 'Hwei']","['Gragas', 'Pantheon', 'Xerath', 'Yunara', 'Braum']","['Yone', 'Hecarim', 'Anivia', 'Senna', 'Shen']",[],[],1,leaguepedia_cargo_patch_range,0,scoreboard_players_corrected
PCS/2026 Season/Spring Season_Finals_1_5,2026-06-03 12:13:00,26.10,PCS 2026 Spring,CTBC Flying Oyster Academy,Frank Esports,CTBC Flying Oyster Academy,"['Irelia', 'Fiora', 'Gwen', 'Rakan', 'Yuumi']","['Rumble', 'Vi', 'Renekton', 'Sylas', 'Maokai']","['Vayne', 'Aatrox', 'Lissandra', ""Kai'Sa"", 'Neeko']","['Kennen', 'Nocturne', 'Ahri', 'Jhin', 'Pyke']",[],[],1,leaguepedia_cargo_patch_range,0,scoreboard_players_corrected
Hitpoint 2nd Division Challengers/2026 Season/Spring Playoffs_Round 1_3_1,2026-06-03 15:10:00,26.10,Hitpoint 2nd Div Challengers 2026 Spring Playoffs,Andromeda Gaming,CITA Kaizen Academy,Andromeda Gaming,"['Rumble', 'Akali', 'Cassiopeia', 'Ezreal', 'Sivir']","['Garen', 'Jarvan IV', 'Nautilus', 'Pyke', 'Lucian']","['Sion', 'Vi', 'Ryze', 'Kalista', 'Renata Glasc']","[""Cho'Gath"", 'Xin Zhao', 'Syndra', 'Caitlyn', 'Karma']",[],[],1,leaguepedia_cargo_patch_range,0,scoreboard_players_corrected
LES/2026 Season/Spring Playoffs_Semifinals_1_1,2026-06-03 15:11:00,26.10,LES 2026 Spring Playoffs,Team Heretics Academy,Barça eSports,Team Heretics Academy,"['Nautilus', 'Rumble', 'Jarvan IV', 'Lee Sin', 'Xin Zhao']","['Orianna', 'Cassiopeia', 'Wukong', 'Ryze', 'Olaf']","['Anivia', 'Naafiri', 'Ahri', 'Caitlyn', 'Bard']","['Varus', 'Nocturne', 'Lissandra', 'Lucian', 'Milio']",[],[],1,leaguepedia_cargo_patch_range,0,scoreboard_players_corrected
LES/2026 Season/Spring Playoffs_Semifinals_1_2,2026-06-03 15:57:00,26.10,LES 2026 Spring Playoffs,Barça eSports,Team Heretics Academy,Team Heretics Academy,"['Seraphine', 'Karma', 'Wukong', 'Leona', 'Braum']","['Orianna', 'Cassiopeia', 'Rumble', 'Kalista', ""Kai'Sa""]","['Gnar', 'Lee Sin', 'Annie', 'Senna', 'Nautilus']","['Vayne', 'Jarvan IV', 'Viktor', 'Ezreal', 'Alistar']",[],[],0,leaguepedia_cargo_patch_range,1,scoreboard_players_corrected
Arabian League/2026 Season/Summer Promotion_Round 1_3_1,2026-06-03 16:06:00,26.11,Arabian League 2026 Summer Promotion,GnG Amazigh,NextGeneration Esports,NextGeneration Esports,"['Nautilus', 'Varus', 'Xin Zhao', 'Bard', 'Irelia']","['Orianna', 'Naafiri', 'Karma', ""K'Sante"", 'Sion']","['Ambessa', 'Nocturne', 'Sylas', ""Kai'Sa"", 'Neeko']","['Kennen', 'Jarvan IV', 'Ryze', 'Ezreal', 'Alistar']",[],[],0,leaguepedia_cargo_patch_range,1,scoreboard_players_corrected
Hitpoint 2nd Division Challengers/2026 Season/Spring Playoffs_Round 1_3_2,2026-06-03 16:07:00,26.10,Hitpoint 2nd Div Challengers 2026 Spring Playoffs,Andromeda Gaming,CITA Kaizen Academy,CITA Kaizen Academy,"['Akali', 'Rumble', 'Wukong', 'Mel', 'Ezreal']","['Garen', 'Orianna', 'Jarvan IV', 'Nocturne', 'Skarner']","['Jax', 'Naafiri', 'Aurora', 'Ashe', 'Seraphine']","['Pantheon', 'Sylas', 'Ahri', 'Jhin', 'Nautilus']",[],[],0,leaguepedia_cargo_patch_range,1,scoreboard_players_corrected
LFL/2026 Season/Spring Playoffs_Finals_1_1,2026-06-03 16:08:00,26.10,LFL 2026 Spring Playoffs,Galions,Solary,Solary,"['Xin Zhao', 'Sion', 'Anivia', 'Zaahen', 'Jax']","['Orianna', 'Jarvan IV', 'Cassiopeia', 'Nocturne', 'Vi']","['Varus', 'Skarner', 'Ryze', 'Yunara', 'Nautilus']","['Naafiri', 'Wukong', 'Annie', 'Lucian', 'Braum']",[],[],0,leaguepedia_cargo_patch_range,1,scoreboard_players_corrected
NLC/2026 Season/Spring Playoffs_Round 3_1_1,2026-06-03 16:19:00,26.11,NLC 2026 Spring Playoffs,Ruddy Corporation,Deer Gaming,Deer Gaming,"['Lucian', 'Naafiri', 'Jarvan IV', 'Nocturne', 'Vi']","['Ezreal', 'Orianna', 'Xin Zhao', 'Kassadin', 'Viktor']","['Sion', 'Wukong', 'Syndra', 'Sivir', 'Karma']","['Zaahen', 'Lee Sin', 'Aurora', ""Kai'Sa"", 'Nautilus']",[],[],0,leaguepedia_cargo_patch_range,1,scoreboard_players_corrected
LES/2026 Season/Spring Playoffs_Semifinals_1_3,2026-06-03 16:50:00,26.10,LES 2026 Spring Playoffs,Barça eSports,Team Heretics Academy,Barça eSports,"['Seraphine', 'Karma', 'Orianna', 'Rell', 'Jhin']","['Cassiopeia', 'Ryze', 'Lux', 'Sion', 'Syndra']","[""K'Sante"", 'Xin Zhao', 'Hwei', 'Yunara', 'Lulu']","['Rumble', 'Pantheon', 'Azir', 'Corki', 'Nami']",[],[],1,leaguepedia_cargo_patch_range,0,scoreboard_players_corrected
LFL/2026 Season/Spring Playoffs_Finals_1_2,2026-06-03 16:56:00,26.10,LFL 2026 Spring Playoffs,Solary,Galions,Solary,"['Nocturne', 'Jarvan IV', 'Cassiopeia', 'Vayne', 'Gnar']","['Orianna', 'Rumble', 'Anivia', 'Ahri', 'Viktor']","[""K'Sante"", 'Vi', 'Taliyah', 'Ashe', 'Milio']","['Ambessa', 'Xin Zhao', 'Aurora', 'Ezreal', 'Seraphine']",[],[],1,leaguepedia_cargo_patch_range,0,scoreboard_players_corrected
Hitpoint 2nd Division Challengers/2026 Season/Spring Playoffs_Round 1_3_3,2026-06-03 16:57:00,26.10,Hitpoint 2nd Div Challengers 2026 Spring Playoffs,Andromeda Gaming,CITA Kaizen Academy,Andromeda Gaming,"['Akali', 'Orianna', 'Rumble', 'Neeko', 'Bard']","['Garen', 'LeBlanc', 'Nocturne', 'Rakan', 'Pyke']","['Darius', 'Wukong', 'Taliyah', 'Ezreal', 'Nami']","['Ornn', 'Jarvan IV', 'Azir', 'Varus', 'Soraka']",[],[],1,leaguepedia_cargo_patch_range,0,scoreboard_players_corrected
Arabian League/2026 Season/Summer Promotion_Round 1_3_2,2026-06-03 17:06:00,26.11,Arabian League 2026 Summer Promotion,NextGeneration Esports,GnG Amazigh,GnG Amazigh,"[""K'Sante"", 'Naafiri', 'Akali', 'Ahri', 'Aurora']","['Karma', 'Nautilus', 'Orianna', 'Rumble', 'Syndra']","['Ornn', 'Wukong', 'Xerath', 'Caitlyn', 'Bard']","['Kled', 'Xin Zhao', 'Hwei', 'Yunara', 'Lulu']",[],[],0,leaguepedia_cargo_patch_range,1,scoreboard_players_corrected
Benelux Ascend Series/2026 Season/Spring Playoffs_Semifinals_2_1,2026-06-03 17:12:00,26.11,Benelux Ascend Series 2026 Spring Playoffs,Mind Blue eSports,FUSE,Mind Blue eSports,"['Lulu', 'Ambessa', 'Smolder', 'Viktor', ""K'Sante""]","['Yunara', 'Orianna', 'Xin Zhao', 'Ahri', 'Zoe']","['Rumble', 'Jarvan IV', 'Azir', 'Ezreal', 'Karma']","['Sion', 'Dr. Mundo', 'Mel', 'Aphelios', 'Nautilus']",[],[],1,leaguepedia_cargo_patch_range,0,scoreboard_players_corrected
NLC/2026 Season/Spring Playoffs_Round 3_1_2,2026-06-03 17:12:00,26.11,NLC 2026 Spring Playoffs,Ruddy Corporation,Deer Gaming,Ruddy Corporation,"['Lucian', 'Naafiri', 'Jarvan IV', 'Vi', 'Nocturne']","['Ezreal', 'Orianna', 'Xin Zhao', 'Kassadin', 'Mel']","['Kennen', 'Aatrox', 'Viktor', 'Ashe', 'Milio']","['Ambessa', 'Pantheon', 'Galio', 'Varus', 'Seraphine']",[],[],1,leaguepedia_cargo_patch_range,0,scoreboard_players_corrected
Hitpoint 2nd Division Challengers/2026 Season/Spring Playoffs_Round 1_3_4,2026-06-03 17:43:00,26.10,Hitpoint 2nd Div Challengers 2026 Spring Playoffs,Andromeda Gaming,CITA Kaizen Academy,CITA Kaizen Academy,"['Akali', 'Rumble', 'Viktor', 'Zac', 'Shen']","['Garen', 'Orianna', 'Pyke', 'LeBlanc', 'Aphelios']","['Malphite', 'Viego', 'Mel', 'Veigar', 'Thresh']","['Mordekaiser', 'Amumu', 'Cassiopeia', 'Yunara', 'Lulu']",[],[],0,leaguepedia_cargo_patch_range,1,scoreboard_players_corrected
LES/2026 Season/Spring Playoffs_Semifinals_1_4,2026-06-03 17:44:00,26.10,LES 2026 Spring Playoffs,Team Heretics Academy,Barça eSports,Team Heretics Academy,"['Vi', 'Aatrox', 'Aurora', 'Sion', 'Kalista']","['Karma', 'Cassiopeia', 'Seraphine', 'Rell', 'Neeko']","['Renekton', 'Olaf', 'Orianna', 'Jhin', 'Rakan']","['Jayce', 'Skarner', 'Lux', ""Kai'Sa"", 'Leona']",[],[],1,leaguepedia_cargo_patch_range,0,scoreboard_players_corrected
LFL/2026 Season/Spring Playoffs_Finals_1_3,2026-06-03 17:54:00,26.10,LFL 2026 Spring Playoffs,Solary,Galions,Galions,"['Nocturne', 'Pantheon', 'Cassiopeia', 'Neeko', 'Rell']","['Orianna', 'Rumble', 'Sion', 'Poppy', 'Zaahen']","['Anivia', ""Rek'Sai"", 'Twisted Fate', 'Jhin', 'Bard']","['Irelia', 'Jarvan IV', 'Akali', 'Caitlyn', 'Pyke']",[],[],0,leaguepedia_cargo_patch_range,1,scoreboard_players_corrected
Benelux Ascend Series/2026 Season/Spring Playoffs_Semifinals_2_2,2026-06-03 18:00:00,26.11,Benelux Ascend Series 2026 Spring Playoffs,FUSE,Mind Blue eSports,FUSE,"['Yunara', 'Wukong', 'Xin Zhao', 'Vi', ""Kha'Zix""]","['Ambessa', 'Smolder', 'Orianna', 'Akali', 'Ahri']","[""K'Sante"", 'Pantheon', 'Syndra', 'Jhin', 'Bard']","['Fiora', ""Rek'Sai"", 'Viktor', 'Caitlyn', 'Pyke']",[],[],1,leaguepedia_cargo_patch_range,0,scoreboard_players_corrected
Arabian League/2026 Season/Summer Promotion_Round 1_3_3,2026-06-03 18:04:00,26.11,Arabian League 2026 Summer Promotion,GnG Amazigh,NextGeneration Esports,GnG Amazigh,"['Lee Sin', 'Syndra', 'Braum', 'Pantheon', 'Akali']","['Orianna', 'Naafiri', ""K'Sante"", 'Zaahen', 'Dr. Mundo']","['Illaoi', 'Vi', 'Yone', 'Ziggs', 'Nautilus']","['Sion', 'Skarner', 'Ahri', 'Senna', 'Leona']",[],[],1,leaguepedia_cargo_patch_range,0,scoreboard_players_corrected
NLC/2026 Season/Spring Playoffs_Round 3_1_3,2026-06-03 18:09:00,26.11,NLC 2026 Spring Playoffs,Ruddy Corporation,Deer Gaming,Deer Gaming,"['Naafiri', 'Lucian', 'Jarvan IV', 'Camille', 'Rakan']","['Ezreal', 'Xin Zhao', 'Orianna', 'Kassadin', 'Ahri']","['Ornn', 'Dr. Mundo', 'Qiyana', 'Jinx', 'Lulu']","[""K'Sante"", 'Nocturne', 'Anivia', 'Yunara', 'Soraka']",[],[],0,leaguepedia_cargo_patch_range,1,scoreboard_players_corrected
LPLOL/2026 Season/Spring Playoffs_Finals_1_1,2026-06-03 18:13:00,26.10,LPLOL 2026 Spring Playoffs,Otter Side,Bubliki,Otter Side,"['Nautilus', 'Xin Zhao', 'Lucian', 'Nami', 'Shen']","['Vi', 'Orianna', 'Gnar', 'Wukong', ""K'Sante""]","['Sion', 'Nocturne', 'Ryze', 'Caitlyn', 'Karma']","['Gwen', 'Jarvan IV', 'Anivia', 'Ezreal', 'Bard']",[],[],1,leaguepedia_cargo_patch_range,0,scoreboard_players_corrected
Hitpoint 2nd Division Challengers/2026 Season/Spring Playoffs_Round 1_3_5,2026-06-03 18:35:00,26.10,Hitpoint 2nd Div Challengers 2026 Spring Playoffs,Andromeda Gaming,CITA Kaizen Academy,Andromeda Gaming,"['Akali', 'Rumble', 'Aatrox', 'Xayah', 'Aphelios']","['Garen', 'Vayne', 'Orianna', 'LeBlanc', 'Galio']","['Riven', 'Hecarim', 'Anivia', 'Lucian', 'Milio']","['Zac', 'Lee Sin', 'Viktor', 'Miss Fortune', 'Bard']",[],[],1,leaguepedia_cargo_patch_range,0,scoreboard_players_corrected
LFL/2026 Season/Spring Playoffs_Finals_1_4,2026-06-03 18:43:00,26.10,LFL 2026 Spring Playoffs,Galions,Solary,Solary,"['Vayne', 'Ahri', 'Rumble', 'Leona', 'Alistar']","['Orianna', 'Cassiopeia', 'Nocturne', 'Neeko', 'Rakan']","['Gnar', 'Pantheon', ""Kog'Maw"", 'Miss Fortune', 'Rell']","['Jax', 'Zaahen', 'Viktor', 'Aphelios', 'Lulu']",[],[],0,leaguepedia_cargo_patch_range,1,scoreboard_players_corrected
Benelux Ascend Series/2026 Season/Spring Playoffs_Semifinals_2_3,2026-06-03 18:57:00,26.11,Benelux Ascend Series 2026 Spring Playoffs,Mind Blue eSports,FUSE,Mind Blue eSports,"['Ambessa', 'Smolder', 'Senna', 'Lulu', 'Olaf']","['Yunara', 'Orianna', 'Xin Zhao', 'Neeko', 'Rell']","['Varus', 'Nocturne', 'Ryze', 'Sivir', 'Rakan']","['Jax', 'Diana', 'Malzahar', 'Jinx', 'Tahm Kench']",[],[],1,leaguepedia_cargo_patch_range,0,scoreboard_players_corrected
Arabian League/2026 Season/Summer Promotion_Round 1_3_4,2026-06-03 19:02:00,26.11,Arabian League 2026 Summer Promotion,GnG Amazigh,NextGeneration Esports,GnG Amazigh,"['Lee Sin', 'Pantheon', 'Syndra', 'Sejuani', 'Trundle']","['Naafiri', 'Orianna', 'Milio', 'Qiyana', ""Kha'Zix""]","[""K'Sante"", 'Rengar', 'Aurora', 'Miss Fortune', 'Blitzcrank']","['Poppy', 'Viego', 'Irelia', 'Ashe', 'Seraphine']",[],[],1,leaguepedia_cargo_patch_range,0,scoreboard_players_corrected
NLC/2026 Season/Spring Playoffs_Round 3_1_4,2026-06-03 19:05:00,26.11,NLC 2026 Spring Playoffs,Deer Gaming,Ruddy Corporation,Ruddy Corporation,"['Ezreal', 'Xin Zhao', 'Kassadin', 'Gwen', 'Skarner']","['Naafiri', 'Jarvan IV', 'Orianna', 'Ahri', 'Mel']","['Rumble', 'Vi', 'Lux', 'Zeri', 'Pyke']","['Gragas', ""Rek'Sai"", 'Vex', 'Senna', 'Tahm Kench']",[],[],0,leaguepedia_cargo_patch_range,1,scoreboard_players_corrected
LPLOL/2026 Season/Spring Playoffs_Finals_1_2,2026-06-03 19:13:00,26.10,LPLOL 2026 Spring Playoffs,Bubliki,Otter Side,Otter Side,"['Milio', 'Orianna', 'Wukong', ""K'Sante"", 'Gnar']","['Xin Zhao', 'Viktor', 'Varus', 'Shen', 'Trundle']","['Ornn', 'Pantheon', 'Malzahar', 'Yunara', 'Lulu']","['Ambessa', 'Skarner', 'Cassiopeia', 'Ashe', 'Nautilus']",[],[],0,leaguepedia_cargo_patch_range,1,scoreboard_players_corrected
Benelux Ascend Series/2026 Season/Spring Playoffs_Semifinals_2_4,2026-06-03 19:53:00,26.11,Benelux Ascend Series 2026 Spring Playoffs,Mind Blue eSports,FUSE,Mind Blue eSports,"['Ambessa', 'Naafiri', 'Smolder', 'Poppy', 'Neeko']","['Yunara', 'Xin Zhao', 'Orianna', 'Ahri', 'Vex']","['Aatrox', 'Wukong', 'Zoe', ""Kai'Sa"", 'Rell']","['Gnar', 'Lee Sin', 'Aurora', 'Xayah', 'Braum']",[],[],1,leaguepedia_cargo_patch_range,0,scoreboard_players_corrected
NLC/2026 Season/Spring Playoffs_Round 3_1_5,2026-06-03 19:58:00,26.11,NLC 2026 Spring Playoffs,Ruddy Corporation,Deer Gaming,Ruddy Corporation,"['Naafiri', 'Sylas', 'Jarvan IV', 'Malphite', 'Gnar']","['Ezreal', 'Xin Zhao', 'Orianna', 'Gwen', 'Jayce']","['Renekton', 'Trundle', 'Mel', 'Jhin', 'Bard']","[""Cho'Gath"", 'Skarner', 'Xerath', 'Xayah', 'Rakan']",[],[],1,leaguepedia_cargo_patch_range,0,scoreboard_players_corrected
LPLOL/2026 Season/Spring Playoffs_Finals_1_3,2026-06-03 20:02:00,26.10,LPLOL 2026 Spring Playoffs,Bubliki,Otter Side,Otter Side,"['Vi', 'Gnar', 'Milio', 'Jax', 'Jayce']","['Xin Zhao', 'Nami', 'Shen', 'Janna', 'Seraphine']","['Varus', 'Wukong', 'Hwei', 'Tristana', 'Alistar']","['Twisted Fate', 'Maokai', 'Viktor', 'Jhin', 'Neeko']",[],[],0,leaguepedia_cargo_patch_range,1,scoreboard_players_corrected
Circuito Desafiante/2026 Season/Split 2 Promotion_Round 2_1_1,2026-06-03 20:04:00,26.11,CD 2026 Split 2 Promotion,Barulhinhos,Team Solid (Brazilian Team),Team Solid (Brazilian Team),"['Jarvan IV', 'Karma', 'Rumble', 'Gnar', 'Pantheon']","['Orianna', 'Nocturne', 'Varus', 'Xin Zhao', 'Vi']","['Sion', 'Lee Sin', 'Annie', 'Ashe', 'Seraphine']","['Gwen', 'Wukong', 'Akali', 'Lucian', 'Milio']",[],[],0,leaguepedia_cargo_patch_range,1,scoreboard_players_corrected
Circuito Desafiante/2026 Season/Split 2 Promotion_Round 2_1_2,2026-06-03 20:56:00,26.11,CD 2026 Split 2 Promotion,Team Solid (Brazilian Team),Barulhinhos,Team Solid (Brazilian Team),"['Xin Zhao', 'Nautilus', 'Varus', 'Aurora', 'Ahri']","['Nocturne', 'Karma', 'Orianna', 'Rumble', 'Viktor']","[""K'Sante"", 'Jarvan IV', 'Cassiopeia', 'Sivir', 'Bard']","['Garen', 'Vi', 'Azir', 'Ezreal', 'Alistar']",[],[],1,leaguepedia_cargo_patch_range,0,scoreboard_players_corrected
Circuito Desafiante/2026 Season/Split 2 Promotion_Round 2_1_3,2026-06-03 21:49:00,26.11,CD 2026 Split 2 Promotion,Team Solid (Brazilian Team),Barulhinhos,Barulhinhos,"['Anivia', 'Varus', 'Rumble', 'Caitlyn', 'Jhin']","['Aurora', 'Orianna', 'Nocturne', 'Renekton', 'Kalista']","['Gnar', 'Xin Zhao', 'Viktor', 'Corki', 'Karma']","['Olaf', 'Trundle', 'Ryze', 'Miss Fortune', 'Nautilus']",[],[],0,leaguepedia_cargo_patch_range,1,scoreboard_players_corrected
Circuito Desafiante/2026 Season/Split 2 Promotion_Round 2_1_4,2026-06-03 22:39:00,26.11,CD 2026 Split 2 Promotion,Team Solid (Brazilian Team),Barulhinhos,Team Solid (Brazilian Team),"['Pantheon', 'Aurora', 'Varus', 'Naafiri', 'Vayne']","['Orianna', 'Rumble', 'Nocturne', ""Kha'Zix"", 'Nasus']","['Renekton', 'Skarner', 'Ahri', 'Caitlyn', 'Lux']","['Jax', 'Sejuani', 'Mel', 'Jhin', 'Neeko']",[],[],1,leaguepedia_cargo_patch_range,0,scoreboard_players_corrected
LJL/2026 Season/Spring Series_Week 6_3_1,2026-06-04 08:19:00,26.10,LJL 2026 Spring Series,RAYN Clocks,L Guide Gaming,RAYN Clocks,"['Lucian', 'Olaf', 'Ezreal', 'Bard', 'Neeko']","['Nocturne', 'Galio', 'Rumble', 'Alistar', 'Nautilus']","['Renekton', 'Jarvan IV', 'Viktor', 'Miss Fortune', 'Braum']","['Gnar', 'Lee Sin', 'Ryze', 'Varus', 'Rell']",[],[],1,leaguepedia_cargo_patch_range,0,scoreboard_players_corrected
LJL/2026 Season/Spring Series_Week 6_3_2,2026-06-04 09:14:00,26.10,LJL 2026 Spring Series,RAYN Clocks,L Guide Gaming,RAYN Clocks,"['Lucian', 'Olaf', 'Bard', 'Pantheon', 'Jayce']","['Orianna', 'Galio', 'Caitlyn', 'Aurora', 'Sion']","['Gwen', 'Nocturne', ""K'Sante"", 'Ezreal', 'Neeko']","['Rumble', 'Wukong', 'Annie', ""Kai'Sa"", 'Nautilus']",[],[],1,leaguepedia_cargo_patch_range,0,scoreboard_players_corrected
LJL/2026 Season/Spring Series_Week 6_4_1,2026-06-04 10:12:00,26.10,LJL 2026 Spring Series,FENNEL,Rising Gaming,Rising Gaming,"['Lucian', 'Ezreal', 'Bard', 'Sivir', 'Neeko']","['Nocturne', 'Ziggs', 'Mel', 'Sion', 'Ornn']","[""K'Sante"", 'Lee Sin', 'Orianna', 'Varus', 'Nautilus']","['Rumble', 'Pantheon', 'Akali', 'Jhin', 'Leona']",[],[],0,leaguepedia_cargo_patch_range,1,scoreboard_players_corrected
LJL/2026 Season/Spring Series_Week 6_4_2,2026-06-04 11:04:00,26.10,LJL 2026 Spring Series,FENNEL,Rising Gaming,Rising Gaming,"['Lucian', 'Bard', 'Jarvan IV', 'Viktor', 'LeBlanc']","['Ziggs', 'Ryze', 'Azir', 'Sylas', 'Ambessa']","['Sion', 'Naafiri', 'Taliyah', 'Sivir', 'Karma']","['Gnar', 'Nocturne', 'Zoe', 'Ezreal', 'Alistar']",[],[],0,leaguepedia_cargo_patch_range,1,scoreboard_players_corrected
LES/2026 Season/Spring Playoffs_Semifinals_2_1,2026-06-04 15:12:00,26.10,LES 2026 Spring Playoffs,Movistar KOI Fénix,UCAM Esports,Movistar KOI Fénix,"['Akali', 'Seraphine', 'Ezreal', 'Jarvan IV', ""K'Sante""]","['Nocturne', 'Pyke', 'Nautilus', 'Xin Zhao', 'Vi']","['Sion', 'Wukong', 'Viktor', 'Lucian', 'Milio']","['Rumble', 'Pantheon', 'Orianna', 'Kalista', 'Renata Glasc']",[],[],1,leaguepedia_cargo_patch_range,0,scoreboard_players_corrected
Hitpoint 2nd Division Challengers/2026 Season/Spring Playoffs_Round 1_4_1,2026-06-04 15:15:00,26.10,Hitpoint 2nd Div Challengers 2026 Spring Playoffs,Diversion Gaming,Priority,Priority,"[""K'Sante"", 'Aurora', 'Viego', 'Olaf', 'Zaahen']","['Ashe', 'Ambessa', 'Orianna', 'Taliyah', 'Cassiopeia']","['Sion', 'Vi', 'Viktor', 'Ezreal', 'Karma']","['Dr. Mundo', 'Xin Zhao', 'Ahri', 'Yunara', 'Lulu']",[],[],0,leaguepedia_cargo_patch_range,1,scoreboard_players_corrected
LES/2026 Season/Spring Playoffs_Semifinals_2_2,2026-06-04 16:07:00,26.10,LES 2026 Spring Playoffs,UCAM Esports,Movistar KOI Fénix,UCAM Esports,"['Nocturne', 'Nautilus', 'Pyke', 'Varus', 'Cassiopeia']","['Bard', 'Karma', 'Jarvan IV', 'Anivia', 'Syndra']","['Vayne', 'Xin Zhao', 'Hwei', 'Jhin', 'Leona']","['Gnar', 'Skarner', 'Akali', 'Ashe', 'Seraphine']",[],[],1,leaguepedia_cargo_patch_range,0,scoreboard_players_corrected
Hitpoint 2nd Division Challengers/2026 Season/Spring Playoffs_Round 1_4_2,2026-06-04 16:13:00,26.10,Hitpoint 2nd Div Challengers 2026 Spring Playoffs,Diversion Gaming,Priority,Priority,"[""K'Sante"", 'Aurora', 'Orianna', 'Wukong', 'Viego']","['Caitlyn', 'Akali', 'Ambessa', 'Tristana', 'Fiora']","[""Cho'Gath"", 'Jarvan IV', 'Taliyah', 'Samira', 'Nautilus']","['Ornn', 'Nocturne', 'Azir', 'Ashe', 'Seraphine']",[],[],0,leaguepedia_cargo_patch_range,1,scoreboard_players_corrected
Hitpoint 2nd Division Challengers/2026 Season/Spring Playoffs_Round 1_4_3,2026-06-04 17:02:00,26.10,Hitpoint 2nd Div Challengers 2026 Spring Playoffs,Diversion Gaming,Priority,Priority,"['Aurora', ""K'Sante"", 'Orianna', 'Jinx', 'Sivir']","['Caitlyn', 'Akali', 'Ambessa', 'Rell', 'Fiora']","['Darius', 'Amumu', 'Syndra', 'Varus', 'Neeko']","['Zac', 'Wukong', 'Cassiopeia', 'Smolder', 'Milio']",[],[],0,leaguepedia_cargo_patch_range,1,scoreboard_players_corrected
LES/2026 Season/Spring Playoffs_Semifinals_2_3,2026-06-04 17:13:00,26.10,LES 2026 Spring Playoffs,Movistar KOI Fénix,UCAM Esports,UCAM Esports,"['Caitlyn', 'Lee Sin', 'Ezreal', 'Yunara', 'Jayce']","['Nocturne', 'Nautilus', 'Jarvan IV', 'Varus', 'Trundle']","['Aurora', 'Vi', 'Taliyah', 'Jinx', 'Lulu']","['Renekton', 'Sejuani', 'Anivia', 'Xayah', 'Rakan']",[],[],0,leaguepedia_cargo_patch_range,1,scoreboard_players_corrected
Arabian League/2026 Season/Summer Promotion_Round 2_1_1,2026-06-04 17:23:00,26.11,Arabian League 2026 Summer Promotion,Pyramid IV Esports,JSK Esports,JSK Esports,"['Karma', 'Skarner', 'Seraphine', 'Leona', 'Gwen']","['Zoe', 'Bard', 'LeBlanc', 'Braum', 'Rell']","['Shen', 'Jarvan IV', 'Orianna', 'Ezreal', 'Nautilus']","['Sion', 'Nocturne', 'Akali', ""Kai'Sa"", 'Alistar']",[],[],0,leaguepedia_cargo_patch_range,1,scoreboard_players_corrected
LES/2026 Season/Spring Playoffs_Semifinals_2_4,2026-06-04 18:07:00,26.10,LES 2026 Spring Playoffs,Movistar KOI Fénix,UCAM Esports,Movistar KOI Fénix,"['Caitlyn', 'Lee Sin', 'Ezreal', 'Alistar', 'Jax']","['Nocturne', 'Syndra', 'Varus', 'Galio', 'Ambessa']","['Zaahen', 'Poppy', 'Cassiopeia', 'Smolder', 'Rell']","['Olaf', 'Jarvan IV', 'LeBlanc', 'Senna', 'Nautilus']",[],[],1,leaguepedia_cargo_patch_range,0,scoreboard_players_corrected
Arabian League/2026 Season/Summer Promotion_Round 2_1_2,2026-06-04 18:35:00,26.11,Arabian League 2026 Summer Promotion,JSK Esports,Pyramid IV Esports,Pyramid IV Esports,"['Zoe', 'Mel', 'Bard', 'Smolder', 'Tristana']","['Pantheon', 'Seraphine', 'Karma', 'Ashe', ""K'Sante""]","['Gnar', 'Xin Zhao', 'LeBlanc', ""Kog'Maw"", 'Braum']","['Renekton', 'Sejuani', 'Ahri', 'Aphelios', 'Rell']",[],[],0,leaguepedia_cargo_patch_range,1,scoreboard_players_corrected
LES/2026 Season/Spring Playoffs_Semifinals_2_5,2026-06-04 19:00:00,26.10,LES 2026 Spring Playoffs,UCAM Esports,Movistar KOI Fénix,UCAM Esports,"['Varus', 'Syndra', 'Nocturne', 'Brand', 'Nidalee']","['Caitlyn', 'Lee Sin', 'Karma', 'Gwen', 'Naafiri']","[""K'Sante"", 'Trundle', 'Tristana', ""Kai'Sa"", 'Neeko']","['Ambessa', 'Kindred', 'Ryze', 'Sivir', 'Alistar']",[],[],1,leaguepedia_cargo_patch_range,0,scoreboard_players_corrected
Arabian League/2026 Season/Summer Promotion_Round 2_1_3,2026-06-04 19:33:00,26.11,Arabian League 2026 Summer Promotion,Pyramid IV Esports,JSK Esports,JSK Esports,"['Pantheon', 'Karma', 'Seraphine', 'Skarner', ""K'Sante""]","['Zoe', 'Bard', 'Mel', 'Vi', 'Ornn']","['Kennen', 'Zaahen', 'Aurora', 'Corki', 'Leona']","['Jayce', 'Wukong', 'Viktor', 'Lucian', 'Nami']",[],[],0,leaguepedia_cargo_patch_range,1,scoreboard_players_corrected
Circuito Desafiante/2026 Season/Split 2 Promotion_Round 1_3_1,2026-06-04 20:05:00,26.11,CD 2026 Split 2 Promotion,Marere Invokers,Kuma eSports B,Marere Invokers,"['Pantheon', 'Karma', 'Jarvan IV', 'Pyke', 'Gnar']","['Zoe', 'Rumble', 'Orianna', 'Braum', 'Milio']","['Ambessa', 'Wukong', 'Anivia', 'Varus', 'Nautilus']","['Sion', 'Nocturne', 'Ryze', 'Lucian', 'Rell']",[],[],1,leaguepedia_cargo_patch_range,0,scoreboard_players_corrected
North American Challengers League/2026 Season/Spring Playoffs_Round 4_2_1,2026-06-04 20:21:00,26.10,NACL 2026 Spring Playoffs,Winthrop University,CCG Esports,CCG Esports,"['Karma', 'Varus', 'Ezreal', 'Caitlyn', 'Nami']","['Jarvan IV', 'Gwen', 'Lucian', 'Ashe', 'Lulu']","['Sion', 'Wukong', 'Orianna', 'Jhin', 'Neeko']","['Swain', 'Nocturne', 'Azir', 'Xayah', 'Leona']",[],[],0,leaguepedia_cargo_patch_range,1,scoreboard_players_corrected
Arabian League/2026 Season/Summer Promotion_Round 2_1_4,2026-06-04 20:47:00,26.11,Arabian League 2026 Summer Promotion,Pyramid IV Esports,JSK Esports,JSK Esports,"['Karma', 'Ryze', 'Pantheon', 'Galio', 'Gwen']","['Zoe', 'Mel', 'Bard', 'Syndra', 'Hwei']","[""K'Sante"", 'Trundle', 'Taliyah', 'Jinx', 'Seraphine']","['Aatrox', 'Naafiri', 'Cassiopeia', 'Sivir', 'Milio']",[],[],0,leaguepedia_cargo_patch_range,1,scoreboard_players_corrected
Circuito Desafiante/2026 Season/Split 2 Promotion_Round 1_3_2,2026-06-04 20:52:00,26.11,CD 2026 Split 2 Promotion,Kuma eSports B,Marere Invokers,Marere Invokers,"['Zoe', 'Seraphine', 'Orianna', 'Rakan', 'Braum']","['Pantheon', 'Caitlyn', 'Karma', 'Pyke', 'Viktor']","['Rumble', 'Vi', 'Annie', ""Kai'Sa"", 'Bard']","[""K'Sante"", 'Lee Sin', 'Aurora', 'Ezreal', 'Leona']",[],[],0,leaguepedia_cargo_patch_range,1,scoreboard_players_corrected
North American Challengers League/2026 Season/Spring Playoffs_Round 4_2_2,2026-06-04 21:16:00,26.10,NACL 2026 Spring Playoffs,Winthrop University,CCG Esports,CCG Esports,"['Karma', 'Varus', 'Nautilus', 'Nasus', 'Singed']","['Gwen', 'Jarvan IV', 'Lucian', 'Jayce', 'Gnar']","['Ambessa', 'Trundle', 'Anivia', 'Ezreal', 'Nami']","['Ornn', 'Naafiri', 'Cassiopeia', 'Caitlyn', 'Bard']",[],[],0,leaguepedia_cargo_patch_range,1,scoreboard_players_corrected
Circuito Desafiante/2026 Season/Split 2 Promotion_Round 1_3_3,2026-06-04 21:38:00,26.11,CD 2026 Split 2 Promotion,Kuma eSports B,Marere Invokers,Marere Invokers,"['Zoe', 'Seraphine', 'Orianna', 'Lulu', 'Milio']","['Caitlyn', 'Pantheon', 'Karma', 'Alistar', 'Pyke']","['Gnar', 'Xin Zhao', 'Viktor', 'Ashe', 'Neeko']","['Renekton', 'Aatrox', 'Syndra', 'Kalista', 'Blitzcrank']",[],[],0,leaguepedia_cargo_patch_range,1,scoreboard_players_corrected
North American Challengers League/2026 Season/Spring Playoffs_Round 4_2_3,2026-06-04 22:29:00,26.10,NACL 2026 Spring Playoffs,Winthrop University,CCG Esports,Winthrop University,"['Nasus', 'Varus', 'Nautilus', 'Ashe', 'Vi']","['Gwen', 'Lucian', 'Jarvan IV', 'Taliyah', 'Twisted Fate']","['Gnar', 'Xin Zhao', 'Malzahar', 'Yunara', 'Karma']","['Yorick', ""Rek'Sai"", 'Ryze', 'Sivir', 'Lulu']",[],[],1,leaguepedia_cargo_patch_range,0,scoreboard_players_corrected
North American Challengers League/2026 Season/Spring Playoffs_Round 4_2_4,2026-06-04 23:19:00,26.10,NACL 2026 Spring Playoffs,Winthrop University,CCG Esports,Winthrop University,"['Nasus', 'Malphite', 'Varus', 'Rakan', 'Braum']","['Gwen', 'Jarvan IV', 'Lucian', 'Aphelios', 'Senna']","['Jayce', 'Skarner', 'Viktor', 'Corki', 'Alistar']","[""K'Sante"", 'Sejuani', 'Yone', ""Kai'Sa"", 'Nautilus']",[],[],1,leaguepedia_cargo_patch_range,0,scoreboard_players_corrected
North American Challengers League/2026 Season/Spring Playoffs_Round 4_2_5,2026-06-05 00:17:00,26.10,NACL 2026 Spring Playoffs,Winthrop University,CCG Esports,CCG Esports,"['Gwen', 'Camille', 'Aphelios', 'Jinx', 'Ziggs']","['Varus', 'Nasus', 'Lucian', 'Ashe', 'Braum']","['Aatrox', 'Lee Sin', 'Annie', 'Miss Fortune', 'Poppy']","['Gragas', 'Jarvan IV', 'Galio', 'Tristana', 'Rakan']",[],[],0,leaguepedia_cargo_patch_range,1,scoreboard_players_corrected
2026 Asia Masters/APAC Qualifier_Qualifier_1_1,2026-06-05 04:13:00,26.11,Asia Masters 2026: APAC Qualifier,SillySilly Gaming,Arneb,SillySilly Gaming,"['Rengar', 'Rumble', 'Varus', 'Ambessa', 'Olaf']","['Karma', 'Nocturne', 'Cassiopeia', 'Miss Fortune', 'Sion']","['Gnar', 'Wukong', 'Ryze', 'Ezreal', 'Alistar']","[""K'Sante"", 'Naafiri', 'Orianna', 'Senna', 'Nautilus']",[],[],1,leaguepedia_cargo_patch_range,0,scoreboard_players_corrected
2026 Asia Masters/APAC Qualifier_Qualifier_1_2,2026-06-05 04:52:00,26.11,Asia Masters 2026: APAC Qualifier,SillySilly Gaming,Arneb,SillySilly Gaming,"['Rengar', 'Rumble', 'Varus', 'Lulu', 'Ambessa']","['Karma', 'Nocturne', 'Seraphine', 'LeBlanc', 'Akali']","['Sion', 'Trundle', 'Cassiopeia', 'Yunara', 'Leona']","['Maokai', 'Pantheon', 'Ahri', 'Jhin', 'Bard']",[],[],1,leaguepedia_cargo_patch_range,0,scoreboard_players_corrected
2026 Asia Masters/APAC Qualifier_Qualifier_2_1,2026-06-05 05:54:00,26.11,Asia Masters 2026: APAC Qualifier,Saigon Dino,Arneb,Arneb,"['Rumble', 'Jarvan IV', 'Varus', 'Lulu', 'Bard']","['Nocturne', 'Naafiri', 'Cassiopeia', 'Lucian', 'Nautilus']","['Ambessa', 'Xin Zhao', 'Ryze', 'Jhin', 'Seraphine']","['Sion', 'Lee Sin', 'Orianna', 'Mel', 'Leona']",[],[],0,leaguepedia_cargo_patch_range,1,scoreboard_players_corrected
2026 Asia Masters/APAC Qualifier_Qualifier_2_2,2026-06-05 06:56:00,26.11,Asia Masters 2026: APAC Qualifier,Arneb,Saigon Dino,Saigon Dino,"['Pantheon', 'Vi', 'Cassiopeia', 'Annie', 'Ahri']","['Rumble', 'Varus', 'Nocturne', 'Lucian', 'Bard']","['Skarner', 'Naafiri', 'Taliyah', ""Kai'Sa"", 'Nautilus']","[""K'Sante"", 'Jarvan IV', 'Aurora', 'Ezreal', 'Rakan']",[],[],0,leaguepedia_cargo_patch_range,1,scoreboard_players_corrected
2026 Asia Masters/APAC Qualifier_Qualifier_2_3,2026-06-05 07:42:00,26.11,Asia Masters 2026: APAC Qualifier,Saigon Dino,Arneb,Saigon Dino,"['Varus', 'Bard', 'Gnar', 'Lucian', 'Lulu']","['Vi', 'Nocturne', 'Cassiopeia', 'Alistar', 'Caitlyn']","['Yorick', 'Trundle', 'Annie', 'Miss Fortune', 'Camille']","['Rumble', 'Pantheon', 'Viktor', 'Ashe', 'Neeko']",[],[],1,leaguepedia_cargo_patch_range,0,scoreboard_players_corrected
2026 Asia Masters/APAC Qualifier_Qualifier_3_1,2026-06-05 08:38:00,26.11,Asia Masters 2026: APAC Qualifier,Saigon Dino,SillySilly Gaming,Saigon Dino,"['Karma', 'Varus', 'Ezreal', 'Sivir', 'Orianna']","['Rengar', 'Cassiopeia', 'Nocturne', 'Lee Sin', 'Xin Zhao']","['Galio', 'Jarvan IV', 'Taliyah', 'Caitlyn', 'Bard']","['Rumble', 'Naafiri', 'Ryze', 'Miss Fortune', 'Nautilus']",[],[],1,leaguepedia_cargo_patch_range,0,scoreboard_players_corrected
LPL/2026 Season/Split 2 Playoffs_Round 2_3_1,2026-06-05 09:14:00,26.10,LPL 2026 Split 2 Playoffs,LGD Gaming,Anyone's Legend,Anyone's Legend,"['Nocturne', 'Karma', 'Vi', 'Corki', 'Sivir']","['Orianna', 'Seraphine', 'Caitlyn', 'Jarvan IV', 'Neeko']","['Rumble', 'Trundle', 'Anivia', 'Jhin', 'Nautilus']","['Sion', 'Naafiri', 'Ryze', 'Varus', 'Bard']",[],[],0,leaguepedia_cargo_patch_range,1,scoreboard_players_corrected
LCP/2026 Season/Split 2 Playoffs_Round 2_3_1,2026-06-05 09:16:00,26.10,LCP 2026 Split 2 Playoffs,GAM Esports,MVK Esports,GAM Esports,"['Seraphine', 'Nocturne', 'Akali', 'Naafiri', 'Xin Zhao']","['Nautilus', 'Ezreal', 'Rumble', 'Sivir', 'Jayce']","['Sion', 'Jarvan IV', 'Cassiopeia', 'Jhin', 'Bard']","['Zaahen', 'Lee Sin', 'Orianna', 'Varus', 'Pyke']",[],[],1,leaguepedia_cargo_patch_range,0,scoreboard_players_corrected
2026 Asia Masters/APAC Qualifier_Qualifier_3_2,2026-06-05 09:25:00,26.11,Asia Masters 2026: APAC Qualifier,Saigon Dino,SillySilly Gaming,Saigon Dino,"['Karma', 'Varus', 'Seraphine', 'Xayah', 'Ezreal']","['Rengar', 'Cassiopeia', 'Nocturne', 'Gwen', 'Ahri']","['Sion', 'Lee Sin', 'Annie', 'Yunara', 'Lulu']","['Gnar', 'Vi', 'Orianna', 'Lucian', 'Milio']",[],[],1,leaguepedia_cargo_patch_range,0,scoreboard_players_corrected
LCP/2026 Season/Split 2 Playoffs_Round 2_3_2,2026-06-05 10:05:00,26.10,LCP 2026 Split 2 Playoffs,MVK Esports,GAM Esports,GAM Esports,"['Seraphine', 'Nocturne', 'Lucian', 'Aurora', 'Vayne']","['Ezreal', 'Rumble', 'Ryze', 'Ziggs', 'Mel']","['Tristana', 'Naafiri', 'Lissandra', 'Caitlyn', 'Karma']","['Gnar', 'Vi', 'Ahri', 'Miss Fortune', 'Nautilus']",[],[],0,leaguepedia_cargo_patch_range,1,scoreboard_players_corrected
LPL/2026 Season/Split 2 Playoffs_Round 2_3_2,2026-06-05 10:12:00,26.10,LPL 2026 Split 2 Playoffs,LGD Gaming,Anyone's Legend,Anyone's Legend,"['Nocturne', 'Akali', 'Seraphine', 'Vayne', 'Gnar']","['Orianna', 'Vi', 'Karma', 'Lee Sin', 'Wukong']","['Gangplank', 'Skarner', 'Cassiopeia', 'Caitlyn', 'Pyke']","['Shen', 'Pantheon', 'Annie', 'Ezreal', 'Neeko']",[],[],0,leaguepedia_cargo_patch_range,1,scoreboard_players_corrected
LCP/2026 Season/Split 2 Playoffs_Round 2_3_3,2026-06-05 10:56:00,26.10,LCP 2026 Split 2 Playoffs,MVK Esports,GAM Esports,GAM Esports,"['Rumble', 'Twisted Fate', 'Jayce', 'Olaf', 'Vayne']","['Nocturne', 'Seraphine', 'Ryze', 'Aatrox', 'Wukong']","[""K'Sante"", 'Kindred', 'Annie', 'Ezreal', 'Nami']","['Gwen', 'Xin Zhao', 'Akali', 'Lucian', 'Milio']",[],[],0,leaguepedia_cargo_patch_range,1,scoreboard_players_corrected
LPL/2026 Season/Split 2 Playoffs_Round 2_3_3,2026-06-05 11:09:00,26.10,LPL 2026 Split 2 Playoffs,LGD Gaming,Anyone's Legend,Anyone's Legend,"['Nocturne', 'Vi', 'Draven', 'Vayne', 'Gnar']","['Orianna', 'Seraphine', 'Jarvan IV', 'Akali', 'LeBlanc']","['Renekton', 'Wukong', 'Ahri', 'Miss Fortune', 'Lulu']","[""K'Sante"", 'Lee Sin', 'Twisted Fate', 'Lucian', 'Milio']",[],[],0,leaguepedia_cargo_patch_range,1,scoreboard_players_corrected
LES/2026 Season/Spring Playoffs_Third-Place Match_1_1,2026-06-05 13:11:00,26.10,LES 2026 Spring Playoffs,Movistar KOI Fénix,Barça eSports,Barça eSports,"['Nautilus', 'Lux', 'Anivia', 'Annie', 'Jarvan IV']","['Orianna', 'Wukong', 'Cassiopeia', 'Xin Zhao', 'Lee Sin']","['Yorick', 'Nocturne', 'Ryze', 'Ashe', 'Seraphine']","['Varus', 'Skarner', 'Mel', 'Lucian', 'Milio']",[],[],0,leaguepedia_cargo_patch_range,1,scoreboard_players_corrected
LES/2026 Season/Spring Playoffs_Third-Place Match_1_2,2026-06-05 14:08:00,26.10,LES 2026 Spring Playoffs,Movistar KOI Fénix,Barça eSports,Movistar KOI Fénix,"['Nautilus', 'Lux', 'Lee Sin', 'Vi', 'Aurora']","['Cassiopeia', 'Karma', 'Ambessa', 'Akali']","[""K'Sante"", 'Jarvan IV', 'Viktor', 'Ezreal', 'Neeko']","['Rumble', 'Naafiri', 'Annie', 'Caitlyn', 'Bard']",[],[],1,leaguepedia_cargo_patch_range,0,scoreboard_players_corrected
Hitpoint Masters/2026 Season/Spring Playoffs_Finals_1_1,2026-06-05 14:17:00,26.11,Hitpoint Masters 2026 Spring Playoffs,CITA Kaizen,Nightbirds,CITA Kaizen,"['Karma', 'Nocturne', 'Lucian', 'Lulu', 'Varus']","['Nautilus', 'Akali', 'Bard', 'Neeko', 'Leona']","['Sion', 'Naafiri', 'Ahri', 'Ezreal', 'Senna']","[""K'Sante"", 'Wukong', 'Orianna', 'Yunara', 'Rakan']",[],[],1,leaguepedia_cargo_patch_range,0,scoreboard_players_corrected
TCL/2026 Season/Spring Playoffs_Finals_1_1,2026-06-05 14:52:00,26.11,TCL 2026 Spring Playoffs,Misa Esports,PCIFIC Esports,Misa Esports,"['Nautilus', 'Varus', 'Caitlyn', 'Vayne', 'Gnar']","['Orianna', 'Karma', 'Lucian', 'Jarvan IV', 'Nocturne']","[""K'Sante"", 'Naafiri', 'Anivia', 'Ezreal', 'Bard']","['Aurora', 'Xin Zhao', 'Akali', 'Ashe', 'Seraphine']",[],[],1,leaguepedia_cargo_patch_range,0,scoreboard_players_corrected
Hitpoint Masters/2026 Season/Spring Playoffs_Finals_1_2,2026-06-05 15:06:00,26.11,Hitpoint Masters 2026 Spring Playoffs,CITA Kaizen,Nightbirds,CITA Kaizen,"['Nautilus', 'Nocturne', 'Lucian', 'Poppy', 'Sivir']","['Karma', 'Bard', 'Ashe', 'Caitlyn', 'Zeri']","['Rumble', 'Lee Sin', 'Irelia', 'Cassiopeia', 'Pyke']","['Varus', 'Jarvan IV', 'Viktor', 'Jhin', 'Rell']",[],[],1,leaguepedia_cargo_patch_range,0,scoreboard_players_corrected
LES/2026 Season/Spring Playoffs_Third-Place Match_1_3,2026-06-05 15:06:00,26.10,LES 2026 Spring Playoffs,Barça eSports,Movistar KOI Fénix,Movistar KOI Fénix,"['Cassiopeia', 'Wukong', 'Karma', ""Kai'Sa"", 'Senna']","['Orianna', 'Lux', 'Lulu', 'Pantheon', 'Syndra']","['Jayce', 'Xin Zhao', 'Lissandra', 'Xayah', 'Rakan']","['Malphite', 'Vi', 'Aurora', 'Jinx', 'Nautilus']",[],[],0,leaguepedia_cargo_patch_range,1,scoreboard_players_corrected
TCL/2026 Season/Spring Playoffs_Finals_1_2,2026-06-05 15:48:00,26.11,TCL 2026 Spring Playoffs,PCIFIC Esports,Misa Esports,Misa Esports,"['Nautilus', 'Jarvan IV', 'Cassiopeia', 'Karma', 'Pyke']","['Orianna', 'Caitlyn', 'Varus', 'Gnar', 'Pantheon']","['Yorick', 'Trundle', 'LeBlanc', 'Lucian', 'Milio']","['Gragas', 'Lee Sin', 'Ryze', 'Xayah', 'Rakan']",[],[],0,leaguepedia_cargo_patch_range,1,scoreboard_players_corrected
LES/2026 Season/Spring Playoffs_Finals_1_1,2026-06-05 15:54:00,26.10,LES 2026 Spring Playoffs,Team Heretics Academy,UCAM Esports,Team Heretics Academy,"['Orianna', 'Nautilus', 'Pyke', ""K'Sante"", 'Vayne']","['Anivia', 'Varus', 'Cassiopeia', 'Ryze', 'Akali']","['Rumble', 'Lee Sin', 'Yone', 'Caitlyn', 'Elise']","['Ambessa', 'Jarvan IV', 'Viktor', 'Jhin', 'Bard']",[],[],1,leaguepedia_cargo_patch_range,0,scoreboard_players_corrected
Arabian League/2026 Season/Summer Promotion_Round 2_2_1,2026-06-05 16:06:00,26.11,Arabian League 2026 Summer Promotion,GnG Amazigh,Pyramid IV Esports,Pyramid IV Esports,"['Zoe', 'Jarvan IV', 'Bard', 'Ambessa', 'Rell']","['Nocturne', 'Karma', 'Xin Zhao', 'Neeko', 'Alistar']","['Zaahen', 'Dr. Mundo', 'Orianna', 'Ezreal', 'Braum']","[""K'Sante"", 'Wukong', 'Akali', ""Kai'Sa"", 'Nautilus']",[],[],0,leaguepedia_cargo_patch_range,1,scoreboard_players_corrected
NLC/2026 Season/Spring Playoffs_Finals_1_1,2026-06-05 16:08:00,26.11,NLC 2026 Spring Playoffs,Verdant,Ruddy Corporation,Verdant,"['Ezreal', 'Xin Zhao', 'Viktor', 'Ambessa', 'Mel']","['Varus', 'Jayce', 'Orianna', 'Ryze', 'Akali']","['Sion', 'Jarvan IV', 'Cassiopeia', 'Ashe', 'Seraphine']","['Gwen', 'Wukong', 'Ahri', 'Jhin', 'Karma']",[],[],1,leaguepedia_cargo_patch_range,0,scoreboard_players_corrected
Hitpoint Masters/2026 Season/Spring Playoffs_Finals_1_3,2026-06-05 16:09:00,26.11,Hitpoint Masters 2026 Spring Playoffs,CITA Kaizen,Nightbirds,CITA Kaizen,"['Nocturne', 'Lucian', 'Vayne', 'Sivir', 'Aatrox']","['Bard', 'Karma', 'Ryze', 'Braum', 'Xayah']","['Ornn', 'Zyra', 'Jayce', 'Kalista', 'Renata Glasc']","['Ambessa', 'Vi', 'Aurora', 'Ashe', 'Nautilus']",[],[],1,leaguepedia_cargo_patch_range,0,scoreboard_players_corrected
TCL/2026 Season/Spring Playoffs_Finals_1_3,2026-06-05 16:46:00,26.11,TCL 2026 Spring Playoffs,Misa Esports,PCIFIC Esports,Misa Esports,"['Nautilus', 'Varus', 'Jarvan IV', 'Vayne', 'Gnar']","['Orianna', 'Karma', 'Nocturne', 'Wukong', 'Jayce']","['Rumble', 'Qiyana', 'Cassiopeia', 'Caitlyn', 'Neeko']","['Galio', 'Pantheon', 'Taliyah', 'Jhin', 'Alistar']",[],[],1,leaguepedia_cargo_patch_range,0,scoreboard_players_corrected
LES/2026 Season/Spring Playoffs_Finals_1_2,2026-06-05 16:49:00,26.10,LES 2026 Spring Playoffs,UCAM Esports,Team Heretics Academy,Team Heretics Academy,"['Orianna', 'Anivia', 'Varus', ""Kai'Sa"", 'Sivir']","['Nautilus', 'Pyke', 'Olaf', 'LeBlanc', 'Vayne']","['Renekton', 'Xin Zhao', 'Hwei', 'Ezreal', 'Seraphine']","['Gnar', 'Nocturne', 'Cassiopeia', 'Miss Fortune', 'Neeko']",[],[],0,leaguepedia_cargo_patch_range,1,scoreboard_players_corrected
NLC/2026 Season/Spring Playoffs_Finals_1_2,2026-06-05 17:00:00,26.11,NLC 2026 Spring Playoffs,Verdant,Ruddy Corporation,Verdant,"['Ezreal', 'Viktor', 'Syndra', 'Lulu', 'Braum']","['Varus', 'Jayce', 'Orianna', 'Ryze', 'Akali']","['Gangplank', 'Xin Zhao', 'Taliyah', 'Senna', 'Nautilus']","['Aurora', 'Nocturne', 'Kassadin', 'Sivir', 'Rakan']",[],[],1,leaguepedia_cargo_patch_range,0,scoreboard_players_corrected
Benelux Ascend Series/2026 Season/Spring Playoffs_Finals_1_1,2026-06-05 17:08:00,26.11,Benelux Ascend Series 2026 Spring Playoffs,SNOOZE Esports,Mind Blue eSports,Mind Blue eSports,"['Bard', 'Volibear', 'LeBlanc', 'Xin Zhao', 'Vi']","['Graves', 'Ambessa', 'Ashe', 'Sion', ""K'Sante""]","['Gnar', 'Wukong', 'Orianna', 'Sivir', 'Rakan']","['Varus', 'Skarner', 'Viktor', 'Ezreal', 'Karma']",[],[],0,leaguepedia_cargo_patch_range,1,scoreboard_players_corrected
Arabian League/2026 Season/Summer Promotion_Round 2_2_2,2026-06-05 17:09:00,26.11,Arabian League 2026 Summer Promotion,Pyramid IV Esports,GnG Amazigh,GnG Amazigh,"['Nocturne', 'Naafiri', 'Karma', 'Sion', 'Kled']","['Zoe', 'Bard', 'LeBlanc', 'Mel', 'Ryze']","['Renekton', 'Xin Zhao', 'Aurora', 'Yunara', 'Lulu']","['Rumble', 'Jarvan IV', 'Ahri', 'Corki', 'Neeko']",[],[],0,leaguepedia_cargo_patch_range,1,scoreboard_players_corrected
NLC/2026 Season/Spring Playoffs_Finals_1_3,2026-06-05 17:51:00,26.11,NLC 2026 Spring Playoffs,Verdant,Ruddy Corporation,Verdant,"['Viktor', 'Syndra', 'Vex', 'Mel', 'Ambessa']","['Varus', 'Orianna', 'Jayce', 'Ryze', 'Akali']","['Rumble', 'Naafiri', 'Ezreal', 'Xayah', 'Bard']","['Quinn', 'Vi', 'Aurelion Sol', ""Kai'Sa"", 'Leona']",[],[],1,leaguepedia_cargo_patch_range,0,scoreboard_players_corrected
LES/2026 Season/Spring Playoffs_Finals_1_3,2026-06-05 17:53:00,26.10,LES 2026 Spring Playoffs,UCAM Esports,Team Heretics Academy,UCAM Esports,"['Orianna', 'Anivia', 'Varus', 'LeBlanc', 'Akali']","['Pyke', 'Kalista', 'Olaf', 'Vayne', 'Gwen']","['Fiora', 'Wukong', 'Ryze', 'Senna', 'Nautilus']","[""K'Sante"", 'Aatrox', 'Taliyah', 'Lucian', 'Milio']",[],[],1,leaguepedia_cargo_patch_range,0,scoreboard_players_corrected
Benelux Ascend Series/2026 Season/Spring Playoffs_Finals_1_2,2026-06-05 17:59:00,26.11,Benelux Ascend Series 2026 Spring Playoffs,SNOOZE Esports,Mind Blue eSports,SNOOZE Esports,"['Bard', 'Volibear', 'Caitlyn', 'Xin Zhao', 'Fiora']","['Graves', 'Ambessa', 'Ashe', 'Jarvan IV', 'Pantheon']","['Camille', 'Nocturne', 'Aurora', 'Yunara', 'Braum']","[""K'Sante"", 'Kindred', 'Ryze', 'Jinx', 'Rell']",[],[],1,leaguepedia_cargo_patch_range,0,scoreboard_players_corrected
Arabian League/2026 Season/Summer Promotion_Round 2_2_3,2026-06-05 18:11:00,26.11,Arabian League 2026 Summer Promotion,GnG Amazigh,Pyramid IV Esports,GnG Amazigh,"['Zoe', 'Mel', 'Bard', 'Ashe', 'Sivir']","['Nocturne', 'Naafiri', 'Karma', 'Kled', 'Aatrox']","['Mordekaiser', 'Vi', 'Ryze', 'Jhin', 'Rakan']","['Sion', 'Pantheon', 'Taliyah', 'Xayah', 'Leona']",[],[],1,leaguepedia_cargo_patch_range,0,scoreboard_players_corrected
LES/2026 Season/Spring Playoffs_Finals_1_4,2026-06-05 18:44:00,26.10,LES 2026 Spring Playoffs,Team Heretics Academy,UCAM Esports,Team Heretics Academy,"['Orianna', 'Pyke', 'Varus', 'Annie', 'LeBlanc']","['Akali', 'Anivia', 'Olaf', 'Jayce', 'Aurora']","['Shen', 'Pantheon', 'Ahri', 'Ashe', 'Soraka']","['Jax', 'Vi', 'Sylas', 'Kalista', 'Renata Glasc']",[],[],1,leaguepedia_cargo_patch_range,0,scoreboard_players_corrected
Benelux Ascend Series/2026 Season/Spring Playoffs_Finals_1_3,2026-06-05 18:50:00,26.11,Benelux Ascend Series 2026 Spring Playoffs,Mind Blue eSports,SNOOZE Esports,SNOOZE Esports,"['Ambessa', 'Graves', 'Ashe', 'Jhin', 'Jayce']","['Bard', 'Volibear', 'Caitlyn', 'Akali', 'Xin Zhao']","['Rumble', 'Naafiri', 'Galio', ""Kai'Sa"", 'Nautilus']","['Yone', 'Vi', 'Ahri', 'Heimerdinger', 'Alistar']",[],[],0,leaguepedia_cargo_patch_range,1,scoreboard_players_corrected
Arabian League/2026 Season/Summer Promotion_Round 2_2_4,2026-06-05 19:10:00,26.11,Arabian League 2026 Summer Promotion,GnG Amazigh,Pyramid IV Esports,GnG Amazigh,"['Zoe', 'Mel', 'LeBlanc', 'Hwei', 'Syndra']","['Nocturne', 'Naafiri', 'Karma', 'Qiyana', 'Rengar']","['Aatrox', ""Kha'Zix"", 'Sylas', 'Ziggs', 'Bard']","['Ambessa', 'Trundle', 'Viktor', 'Ashe', 'Seraphine']",[],[],1,leaguepedia_cargo_patch_range,0,scoreboard_players_corrected
Benelux Ascend Series/2026 Season/Spring Playoffs_Finals_1_4,2026-06-05 19:46:00,26.11,Benelux Ascend Series 2026 Spring Playoffs,SNOOZE Esports,Mind Blue eSports,SNOOZE Esports,"['Bard', 'Volibear', 'Caitlyn', 'Xin Zhao', 'Sion']","['Ambessa', 'Graves', 'Ashe', 'Jayce', 'Master Yi']","['Jax', 'Lee Sin', 'Annie', 'Jhin', 'Leona']","['Malphite', 'Jarvan IV', 'Syndra', 'Corki', 'Taric']",[],[],1,leaguepedia_cargo_patch_range,0,scoreboard_players_corrected
North American Challengers League/2026 Season/Spring Playoffs_Finals_1_1,2026-06-05 20:09:00,26.10,NACL 2026 Spring Playoffs,Conviction,CCG Esports,Conviction,"['Nocturne', 'Cassiopeia', 'Jarvan IV', 'Naafiri', 'Wukong']","['Varus', 'Lucian', 'Caitlyn', 'Gwen', 'Trundle']","['Ambessa', 'Vi', ""Kog'Maw"", 'Ezreal', 'Karma']","['Sion', 'Shyvana', 'Orianna', ""Kai'Sa"", 'Nautilus']",[],[],1,leaguepedia_cargo_patch_range,0,scoreboard_players_corrected
Circuito Desafiante/2026 Season/Split 2 Promotion_Round 2_2_1,2026-06-05 20:10:00,26.11,CD 2026 Split 2 Promotion,Barulhinhos,Marere Invokers,Marere Invokers,"['Varus', 'Jarvan IV', 'Anivia', 'Vayne', 'Aurora']","['Seraphine', 'Milio', 'Ryze', 'Olaf', 'Lulu']","['Sion', 'Xin Zhao', 'Orianna', 'Sivir', 'Karma']","['Ambessa', 'Nocturne', 'Viktor', 'Ezreal', 'Alistar']",[],[],0,leaguepedia_cargo_patch_range,1,scoreboard_players_corrected
Circuito Desafiante/2026 Season/Split 2 Promotion_Round 2_2_2,2026-06-05 21:00:00,26.11,CD 2026 Split 2 Promotion,Barulhinhos,Marere Invokers,Marere Invokers,"['Jarvan IV', 'Anivia', 'LeBlanc', 'Ahri', 'Syndra']","['Seraphine', 'Ryze', 'Aurora', 'Olaf', 'Lee Sin']","['Varus', 'Skarner', 'Annie', 'Ashe', 'Milio']","['Yasuo', 'Wukong', 'Hwei', 'Lucian', 'Nautilus']",[],[],0,leaguepedia_cargo_patch_range,1,scoreboard_players_corrected
North American Challengers League/2026 Season/Spring Playoffs_Finals_1_2,2026-06-05 21:09:00,26.10,NACL 2026 Spring Playoffs,Conviction,CCG Esports,Conviction,"['Gwen', 'Varus', 'Jayce', 'Trundle', 'Xin Zhao']","['Nocturne', 'Jarvan IV', 'Ryze', 'Naafiri', 'Nasus']","['Vayne', 'Sejuani', 'Cassiopeia', 'Caitlyn', 'Bard']","['Ornn', 'Wukong', 'Anivia', 'Lucian', 'Milio']",[],[],1,leaguepedia_cargo_patch_range,0,scoreboard_players_corrected
Circuito Desafiante/2026 Season/Split 2 Promotion_Round 2_2_3,2026-06-05 21:57:00,26.11,CD 2026 Split 2 Promotion,Barulhinhos,Marere Invokers,Marere Invokers,"['Garen', 'Syndra', 'Ryze', 'Ziggs', 'Mel']","['Jarvan IV', 'Bard', 'Aurora', 'Caitlyn', 'Samira']","['Vayne', 'Pantheon', 'Akshan', 'Brand', 'Maokai']","[""K'Sante"", 'Lee Sin', 'LeBlanc', 'Jinx', 'Leona']",[],[],0,leaguepedia_cargo_patch_range,1,scoreboard_players_corrected
North American Challengers League/2026 Season/Spring Playoffs_Finals_1_3,2026-06-05 21:57:00,26.10,NACL 2026 Spring Playoffs,Conviction,CCG Esports,Conviction,"['Nocturne', 'Nasus', 'Jarvan IV', 'Sivir', 'Swain']","['Jayce', 'Varus', 'Gnar', 'Naafiri', 'Riven']","['Renekton', 'Lee Sin', 'Ryze', 'Corki', 'Neeko']","['Gragas', 'Trundle', 'Hwei', 'Xayah', 'Nami']",[],[],1,leaguepedia_cargo_patch_range,0,scoreboard_players_corrected
LCK/2026 Season/Road to MSI_Round 1_1_1,2026-06-06 08:12:00,26.11,LCK 2026 Road to MSI,Dplus Kia,HANJIN BRION,Dplus Kia,"['Varus', 'Bard', 'Karma', 'Ashe', 'Braum']","['Nocturne', 'Xin Zhao', 'Ezreal', 'Caitlyn', 'Nautilus']","[""K'Sante"", 'Jarvan IV', 'Viktor', 'Yunara', 'Milio']","['Rumble', 'Naafiri', 'Orianna', 'Xayah', 'Rakan']",[],[],1,leaguepedia_cargo_patch_range,0,scoreboard_players_corrected
LCK/2026 Season/Road to MSI_Round 1_1_2,2026-06-06 09:12:00,26.11,LCK 2026 Road to MSI,Dplus Kia,HANJIN BRION,Dplus Kia,"['Varus', 'Nocturne', 'Yorick', 'Vayne', 'Xin Zhao']","['Cassiopeia', 'Karma', 'Jayce', 'Nautilus', 'Pyke']","['Tristana', 'Lee Sin', 'Ryze', 'Ziggs', 'Camille']","['Gnar', 'Pantheon', 'Anivia', 'Caitlyn', 'Bard']",[],[],1,leaguepedia_cargo_patch_range,0,scoreboard_players_corrected
LCP/2026 Season/Split 2 Playoffs_Round 3_2_1,2026-06-06 09:13:00,26.10,LCP 2026 Split 2 Playoffs,GAM Esports,Deep Cross Gaming,Deep Cross Gaming,"['Varus', 'Jarvan IV', 'Cassiopeia', 'Bard', 'Caitlyn']","['Nocturne', 'Lee Sin', 'Ezreal', 'Nautilus', 'Jhin']","[""K'Sante"", 'Xin Zhao', 'Ryze', 'Miss Fortune', 'Seraphine']","['Rumble', 'Vi', 'Taliyah', 'Ashe', 'Lulu']",[],[],0,leaguepedia_cargo_patch_range,1,scoreboard_players_corrected
LPL/2026 Season/Split 2 Playoffs_Round 2_4_1,2026-06-06 09:16:00,26.10,LPL 2026 Split 2 Playoffs,JD Gaming,Bilibili Gaming,Bilibili Gaming,"['Varus', 'Nocturne', 'Twisted Fate', 'Ryze', 'Cassiopeia']","['Orianna', 'Rumble', 'Karma', 'Poppy', 'Akali']","['Shen', 'Naafiri', 'Annie', 'Ezreal', 'Nautilus']","['Sion', 'Jarvan IV', 'Viktor', 'Caitlyn', 'Bard']",[],[],0,leaguepedia_cargo_patch_range,1,scoreboard_players_corrected
LCK/2026 Season/Road to MSI_Round 1_1_3,2026-06-06 09:57:00,26.11,LCK 2026 Road to MSI,Dplus Kia,HANJIN BRION,Dplus Kia,"['Varus', 'Nautilus', 'Ashe', 'Yuumi', 'Lulu']","['Nocturne', 'Karma', 'Cassiopeia', 'Trundle', 'Akali']","['Sion', 'Wukong', 'Annie', 'Mel', 'Shen']","['Jayce', 'Xin Zhao', 'Taliyah', 'Ezreal', 'Neeko']",[],[],1,leaguepedia_cargo_patch_range,0,scoreboard_players_corrected
Nexus League/2026 Season/Spring Playoffs_Round 2_1_1,2026-06-06 10:05:00,26.10,Nexus League 2026 Spring Playoffs,Project Conquerors,Caldya Esport,Project Conquerors,"['Jarvan IV', 'Seraphine', 'Ezreal', 'Gnar', 'Aurora']","['Orianna', 'Varus', 'Viktor', 'Sion', 'Ornn']","['Renekton', 'Zyra', 'Irelia', 'Miss Fortune', 'Nautilus']","['Jayce', 'Nocturne', 'Syndra', 'Jhin', 'Leona']",[],[],1,leaguepedia_cargo_patch_range,0,scoreboard_players_corrected
LCP/2026 Season/Split 2 Playoffs_Round 3_2_2,2026-06-06 10:06:00,26.10,LCP 2026 Split 2 Playoffs,Deep Cross Gaming,GAM Esports,Deep Cross Gaming,"['Varus', 'Jarvan IV', 'Bard', 'Nautilus', 'Caitlyn']","['Nocturne', 'Lee Sin', 'Cassiopeia', 'Gwen', 'Shen']","['Gnar', 'Wukong', 'Akali', 'Ezreal', 'Karma']","['Sion', 'Naafiri', 'Orianna', 'Lucian', 'Milio']",[],[],1,leaguepedia_cargo_patch_range,0,scoreboard_players_corrected
LPL/2026 Season/Split 2 Playoffs_Round 2_4_2,2026-06-06 10:19:00,26.10,LPL 2026 Split 2 Playoffs,JD Gaming,Bilibili Gaming,JD Gaming,"['Nocturne', 'Seraphine', 'Twisted Fate', 'Vayne', 'Olaf']","['Orianna', 'Rumble', 'Varus', 'Wukong', 'Gnar']","[""K'Sante"", 'Vi', 'Ahri', 'Sivir', 'Karma']","['Renekton', 'Xin Zhao', 'Cassiopeia', 'Miss Fortune', 'Rakan']",[],[],1,leaguepedia_cargo_patch_range,0,scoreboard_players_corrected
Hitpoint 2nd Division Challengers/2026 Season/Spring Playoffs_Round 3_1_1,2026-06-06 10:25:00,26.10,Hitpoint 2nd Div Challengers 2026 Spring Playoffs,Ethereal Enigmas,EXILE esports Academy,Ethereal Enigmas,"['Karma', 'Seraphine', 'Varus', 'Taliyah', 'Galio']","['Orianna', 'Aurora', 'Ivern', 'Jayce', 'Azir']","['Cassiopeia', 'Wukong', 'Irelia', 'Vladimir', 'Rakan']","['Sett', 'Jarvan IV', 'Syndra', 'Ezreal', 'Nautilus']",[],[],1,leaguepedia_cargo_patch_range,0,scoreboard_players_corrected
LCP/2026 Season/Split 2 Playoffs_Round 3_2_3,2026-06-06 10:54:00,26.10,LCP 2026 Split 2 Playoffs,Deep Cross Gaming,GAM Esports,GAM Esports,"['Bard', 'Varus', 'Jarvan IV', 'Twisted Fate', 'Poppy']","['Cassiopeia', 'Lee Sin', 'Nocturne', 'Corki', 'Nautilus']","['Jayce', 'Pantheon', 'Annie', ""Kai'Sa"", 'Rell']","['Yorick', 'Trundle', 'Ahri', 'Jhin', 'Alistar']",[],[],0,leaguepedia_cargo_patch_range,1,scoreboard_players_corrected
Nexus League/2026 Season/Spring Playoffs_Round 2_1_2,2026-06-06 11:00:00,26.10,Nexus League 2026 Spring Playoffs,Project Conquerors,Caldya Esport,Project Conquerors,"['Jarvan IV', 'Seraphine', 'Gnar', 'Alistar', 'Gwen']","['Orianna', 'Varus', 'Viktor', 'Naafiri', 'Skarner']","['Sion', 'Wukong', 'Anivia', 'Ezreal', 'Rell']","['Aatrox', 'Vi', 'Ryze', ""Kai'Sa"", 'Neeko']",[],[],1,leaguepedia_cargo_patch_range,0,scoreboard_players_corrected
Hitpoint 2nd Division Challengers/2026 Season/Spring Playoffs_Round 3_1_2,2026-06-06 11:05:00,26.10,Hitpoint 2nd Div Challengers 2026 Spring Playoffs,Ethereal Enigmas,EXILE esports Academy,Ethereal Enigmas,"['Varus', 'Xerath', 'Zyra', 'Sivir', 'Jhin']","['Jayce', 'Orianna', 'Xin Zhao', 'Akali', 'Viktor']","['Sion', ""Rek'Sai"", 'Veigar', 'Ashe', 'Seraphine']","['Gwen', 'Vi', 'Ahri', 'Jinx', 'Karma']",[],[],1,leaguepedia_cargo_patch_range,0,scoreboard_players_corrected
LPL/2026 Season/Split 2 Playoffs_Round 2_4_3,2026-06-06 11:14:00,26.10,LPL 2026 Split 2 Playoffs,JD Gaming,Bilibili Gaming,Bilibili Gaming,"['Nocturne', 'Seraphine', 'Olaf', 'Trundle', 'Poppy']","['Orianna', 'Rumble', 'Varus', 'Jayce', 'Gnar']","['Jax', 'Ambessa', 'Anivia', 'Lucian', 'Milio']","['Vayne', 'Lee Sin', 'Ryze', ""Kog'Maw"", 'Lulu']",[],[],0,leaguepedia_cargo_patch_range,1,scoreboard_players_corrected
LCP/2026 Season/Split 2 Playoffs_Round 3_2_4,2026-06-06 11:41:00,26.10,LCP 2026 Split 2 Playoffs,Deep Cross Gaming,GAM Esports,GAM Esports,"['Bard', 'Caitlyn', 'Varus', 'Renekton', 'Braum']","['Cassiopeia', 'Lee Sin', 'Olaf', 'Twisted Fate', 'Vayne']","['Ambessa', 'Nocturne', 'Sylas', 'Corki', 'Nautilus']","['Gwen', 'Jarvan IV', 'Aurora', 'Sivir', 'Rakan']",[],[],0,leaguepedia_cargo_patch_range,1,scoreboard_players_corrected
Hitpoint 2nd Division Challengers/2026 Season/Spring Playoffs_Round 3_1_3,2026-06-06 11:55:00,26.10,Hitpoint 2nd Div Challengers 2026 Spring Playoffs,EXILE esports Academy,Ethereal Enigmas,EXILE esports Academy,"['Xin Zhao', 'Aurora', 'Akali', 'Ivern', 'Ornn']","['Zyra', 'Xerath', 'Varus', 'Neeko', 'Bard']","['Camille', 'Nocturne', 'Orianna', 'Caitlyn', 'Pantheon']","['Anivia', 'Jayce', ""K'Sante"", 'Lucian', 'Nami']",[],[],1,leaguepedia_cargo_patch_range,0,scoreboard_players_corrected
Nexus League/2026 Season/Spring Playoffs_Round 2_1_3,2026-06-06 11:58:00,26.10,Nexus League 2026 Spring Playoffs,Caldya Esport,Project Conquerors,Project Conquerors,"['Varus', 'Viktor', 'Seraphine', 'Naafiri', 'Shyvana']","['Jarvan IV', 'Orianna', 'Caitlyn', 'Gnar', 'Smolder']","['Gragas', 'Xin Zhao', 'Ahri', 'Corki', 'Karma']","['Yorick', 'Zaahen', 'Hwei', 'Senna', 'Alistar']",[],[],0,leaguepedia_cargo_patch_range,1,scoreboard_players_corrected
LPL/2026 Season/Split 2 Playoffs_Round 2_4_4,2026-06-06 12:14:00,26.10,LPL 2026 Split 2 Playoffs,Bilibili Gaming,JD Gaming,Bilibili Gaming,"['Gnar', 'Aurora', 'Orianna', 'LeBlanc', 'Akali']","['Varus', 'Rumble', 'Nocturne', 'Twisted Fate', 'Maokai']","['Zaahen', 'Nidalee', 'Jayce', 'Ashe', 'Skarner']","['Olaf', 'Sejuani', 'Yone', 'Jhin', 'Seraphine']",[],[],1,leaguepedia_cargo_patch_range,0,scoreboard_players_corrected
LCP/2026 Season/Split 2 Playoffs_Round 3_2_5,2026-06-06 12:33:00,26.10,LCP 2026 Split 2 Playoffs,Deep Cross Gaming,GAM Esports,Deep Cross Gaming,"['Caitlyn', 'Bard', 'LeBlanc', 'Pyke', 'Renekton']","['Cassiopeia', 'Lee Sin', 'Olaf', 'Twisted Fate', 'Yone']","['Jax', 'Sejuani', 'Azir', 'Varus', 'Braum']","['Aatrox', 'Maokai', 'Tristana', 'Ziggs', 'Shen']",[],[],1,leaguepedia_cargo_patch_range,0,scoreboard_players_corrected
Hitpoint 2nd Division Challengers/2026 Season/Spring Playoffs_Round 3_1_4,2026-06-06 12:50:00,26.10,Hitpoint 2nd Div Challengers 2026 Spring Playoffs,Ethereal Enigmas,EXILE esports Academy,Ethereal Enigmas,"['Zyra', 'Xerath', 'Varus', 'Lulu', 'Alistar']","['Xin Zhao', 'Viktor', 'Aurora', 'Sylas']","['Aatrox', 'Taliyah', 'Naafiri', 'Smolder', 'Rell']","['Gangplank', 'Malphite', 'Zed', 'Yunara', 'Braum']",[],[],1,leaguepedia_cargo_patch_range,0,scoreboard_players_corrected
LEC/2026 Season/Spring Playoffs_Round 3_2_1,2026-06-06 15:13:00,26.10,LEC 2026 Spring Playoffs,Karmine Corp,Movistar KOI,Karmine Corp,"['Varus', 'Nautilus', 'Vi', 'Bard', 'Galio']","['Jarvan IV', 'Nocturne', 'Ashe', 'Seraphine', 'Poppy']","['Rumble', 'Skarner', 'Orianna', 'Ezreal', 'Neeko']","['Ornn', 'Pantheon', 'Akali', 'Caitlyn', 'Karma']",[],[],1,leaguepedia_cargo_patch_range,0,scoreboard_players_corrected
Road Of Legends/2026 Season/Spring Playoffs_Finals_1_1,2026-06-06 16:08:00,26.11,Road Of Legends 2026 Spring Playoffs,mCon esports,Frites Esports Club,Frites Esports Club,"['Orianna', 'Anivia', 'Jarvan IV', 'Karma', 'Braum']","['Bard', 'Ezreal', 'Ashe', 'Sivir', 'Nautilus']","[""K'Sante"", 'Lee Sin', 'Annie', 'Jhin', 'Rell']","['Twisted Fate', 'Wukong', 'Cassiopeia', 'Varus', 'Rakan']",[],[],0,leaguepedia_cargo_patch_range,1,scoreboard_players_corrected
LEC/2026 Season/Spring Playoffs_Round 3_2_2,2026-06-06 16:15:00,26.10,LEC 2026 Spring Playoffs,Karmine Corp,Movistar KOI,Karmine Corp,"['Varus', 'Nautilus', 'Nocturne', 'Xin Zhao', 'Vayne']","['Jarvan IV', 'Bard', 'Lulu', 'Ryze', 'Yone']","['Jayce', 'Vi', 'Cassiopeia', 'Lucian', 'Milio']","['Sion', 'Trundle', 'Anivia', 'Ashe', 'Seraphine']",[],[],1,leaguepedia_cargo_patch_range,0,scoreboard_players_corrected
CBLOL/2026 Season/Split 1 Playoffs_Finals_1_1,2026-06-06 16:16:00,26.11,CBLOL 2026 Split 1 Playoffs,LØS,FURIA,FURIA,"['Nautilus', 'Nocturne', 'Naafiri', 'Twisted Fate', 'Gnar']","['Seraphine', 'Milio', 'Caitlyn', 'Anivia', 'Cassiopeia']","['Yone', 'Jarvan IV', 'Ryze', 'Ezreal', 'Alistar']","['Sion', 'Pantheon', 'Ahri', 'Sivir', 'Bard']",[],[],0,leaguepedia_cargo_patch_range,1,scoreboard_players_corrected
Road Of Legends/2026 Season/Spring Playoffs_Finals_1_2,2026-06-06 16:57:00,26.11,Road Of Legends 2026 Spring Playoffs,Frites Esports Club,mCon esports,Frites Esports Club,"['Nautilus', 'Ashe', 'Taliyah', 'Fiora', 'Aurora']","['Orianna', 'Anivia', 'Caitlyn', 'Xin Zhao', 'Nocturne']","['Rumble', 'Jarvan IV', 'Ryze', 'Ezreal', 'Karma']","['Ornn', 'Pantheon', 'Hwei', 'Lucian', 'Milio']",[],[],1,leaguepedia_cargo_patch_range,0,scoreboard_players_corrected
CBLOL/2026 Season/Split 1 Playoffs_Finals_1_2,2026-06-06 17:01:00,26.11,CBLOL 2026 Split 1 Playoffs,FURIA,LØS,LØS,"['Akali', 'Vi', 'Xin Zhao', 'Orianna', 'Olaf']","['Nautilus', 'Nocturne', 'Naafiri', 'Aatrox', 'Rumble']","[""K'Sante"", 'Trundle', 'Galio', 'Caitlyn', 'Karma']","['Jayce', ""Rek'Sai"", 'Cassiopeia', 'Lucian', 'Milio']",[],[],0,leaguepedia_cargo_patch_range,1,scoreboard_players_corrected
LEC/2026 Season/Spring Playoffs_Round 3_2_3,2026-06-06 17:10:00,26.10,LEC 2026 Spring Playoffs,Karmine Corp,Movistar KOI,Karmine Corp,"['Varus', 'Nautilus', 'Nocturne', 'Lee Sin', 'Vayne']","['Ryze', 'Sivir', 'Jarvan IV', 'Renekton', 'Poppy']","['Kennen', 'Xin Zhao', 'Twisted Fate', 'Yunara', 'Lulu']","['Annie', 'Wukong', 'Yasuo', 'Corki', 'Nami']",[],[],1,leaguepedia_cargo_patch_range,0,scoreboard_players_corrected
Road Of Legends/2026 Season/Spring Playoffs_Finals_1_3,2026-06-06 17:49:00,26.11,Road Of Legends 2026 Spring Playoffs,Frites Esports Club,mCon esports,Frites Esports Club,"['Nautilus', 'Ashe', 'Lulu', 'Fiora', 'LeBlanc']","['Orianna', 'Anivia', 'Caitlyn', 'Kalista', ""Kai'Sa""]","['Jax', 'Nocturne', 'Aurora', 'Yunara', 'Neeko']","['Sion', 'Ivern', 'Irelia', 'Sivir', 'Leona']",[],[],1,leaguepedia_cargo_patch_range,0,scoreboard_players_corrected
CBLOL/2026 Season/Split 1 Playoffs_Finals_1_3,2026-06-06 17:58:00,26.11,CBLOL 2026 Split 1 Playoffs,LØS,FURIA,FURIA,"['Akali', 'Lulu', 'Seraphine', 'Vi', 'Viktor']","['Nautilus', 'Nocturne', 'Naafiri', 'Neeko', 'Renata Glasc']","['Rumble', 'Skarner', 'Orianna', 'Varus', 'Rell']","['Ornn', 'Olaf', 'Annie', 'Xayah', 'Rakan']",[],[],0,leaguepedia_cargo_patch_range,1,scoreboard_players_corrected
CBLOL/2026 Season/Split 1 Playoffs_Finals_1_4,2026-06-06 18:50:00,26.11,CBLOL 2026 Split 1 Playoffs,FURIA,LØS,FURIA,"['Nocturne', 'Naafiri', 'Neeko', 'Gnar', 'Vayne']","['Seraphine', 'Lulu', 'Miss Fortune', 'Aatrox', 'Lee Sin']","['Renekton', 'Nasus', 'Twisted Fate', 'Ashe', 'Renata Glasc']","['Kennen', 'Xin Zhao', 'Mel', 'Senna', 'Nautilus']",[],[],1,leaguepedia_cargo_patch_range,0,scoreboard_players_corrected
LCS/2026 Season/Spring Playoffs_Round 2_1_1,2026-06-06 20:09:00,26.11,LCS 2026 Spring Playoffs,FlyQuest,Team Liquid,Team Liquid,"['Ambessa', 'Karma', 'Rumble', 'Caitlyn', 'Senna']","['Ornn', 'Varus', 'Seraphine', 'Yorick', 'Wukong']","['Jayce', 'Nocturne', 'Cassiopeia', 'Ezreal', 'Neeko']","['Sion', 'Jarvan IV', 'Orianna', 'Xayah', 'Rakan']",[],[],0,leaguepedia_cargo_patch_range,1,scoreboard_players_corrected
LCS/2026 Season/Spring Playoffs_Round 2_1_2,2026-06-06 21:09:00,26.11,LCS 2026 Spring Playoffs,Team Liquid,FlyQuest,FlyQuest,"['Lee Sin', 'Yone', 'Ornn', 'Bard', 'Vayne']","['Varus', 'Ambessa', 'Rumble', 'Shen', 'Nasus']","['Sylas', 'Vi', 'Ahri', 'Jhin', 'Rell']","['Gnar', 'Shyvana', 'Ryze', 'Senna', 'Nautilus']",[],[],0,leaguepedia_cargo_patch_range,1,scoreboard_players_corrected
LCS/2026 Season/Spring Playoffs_Round 2_1_3,2026-06-06 21:56:00,26.11,LCS 2026 Spring Playoffs,FlyQuest,Team Liquid,Team Liquid,"['Nasus', 'Ambessa', 'Twisted Fate', 'Shen', 'Galio']","['Lee Sin', 'Varus', 'Ornn', 'Yorick', 'Pantheon']","['Vayne', 'Rumble', 'Annie', 'Sivir', 'Karma']","[""K'Sante"", 'Wukong', 'Akali', 'Caitlyn', 'Bard']",[],[],0,leaguepedia_cargo_patch_range,1,scoreboard_players_corrected
LCS/2026 Season/Spring Playoffs_Round 2_1_4,2026-06-06 22:42:00,26.11,LCS 2026 Spring Playoffs,Team Liquid,FlyQuest,Team Liquid,"['Lee Sin', 'Yone', 'Seraphine', 'Anivia', 'Aurora']","['Ambessa', 'Nasus', 'Varus', 'Shen', 'Dr. Mundo']","['Ornn', 'Naafiri', 'Viktor', 'Lucian', 'Milio']","['Renekton', 'Xin Zhao', 'Twisted Fate', ""Kog'Maw"", 'Lulu']",[],[],1,leaguepedia_cargo_patch_range,0,scoreboard_players_corrected
LCK/2026 Season/Road to MSI_Round 2_1_1,2026-06-07 08:09:00,26.11,LCK 2026 Road to MSI,KT Rolster,Dplus Kia,Dplus Kia,"['Varus', 'Nocturne', 'Naafiri', 'Miss Fortune', 'Trundle']","['Bard', 'Karma', 'Jarvan IV', ""K'Sante"", 'Sion']","['Rumble', 'Xin Zhao', 'Viktor', 'Jhin', 'Nautilus']","['Ornn', 'Wukong', 'Orianna', 'Ashe', 'Seraphine']",[],[],0,leaguepedia_cargo_patch_range,1,scoreboard_players_corrected
LCK/2026 Season/Road to MSI_Round 2_1_2,2026-06-07 08:58:00,26.11,LCK 2026 Road to MSI,KT Rolster,Dplus Kia,Dplus Kia,"['Varus', 'Nocturne', 'Yorick', 'Lulu', 'Lucian']","['Cassiopeia', 'Bard', 'Karma', 'Ziggs', 'Xayah']","[""K'Sante"", 'Vi', 'Taliyah', 'Caitlyn', 'Alistar']","['Jayce', 'Jarvan IV', 'Ryze', 'Mel', 'Shen']",[],[],0,leaguepedia_cargo_patch_range,1,scoreboard_players_corrected
LCP/2026 Season/Split 2 Playoffs_Finals_1_1,2026-06-07 09:13:00,26.10,LCP 2026 Split 2 Playoffs,Team Secret Whales,Deep Cross Gaming,Team Secret Whales,"['Varus', 'Karma', 'Cassiopeia', 'Nautilus', 'Shen']","['Nocturne', 'Lee Sin', 'Jarvan IV', 'Xin Zhao', 'Naafiri']","['Gwen', 'Vi', 'Ahri', 'Ezreal', 'Skarner']","['Sion', 'Trundle', 'Ryze', 'Caitlyn', 'Bard']",[],[],1,leaguepedia_cargo_patch_range,0,scoreboard_players_corrected
LPL/2026 Season/Split 2 Playoffs_Round 4_1_1,2026-06-07 09:15:00,26.10,LPL 2026 Split 2 Playoffs,Top Esports,Team WE,Top Esports,"['Nocturne', 'Ashe', 'Jarvan IV', 'Yone', 'Vi']","['Orianna', 'Naafiri', 'Bard', 'Sion', 'Ornn']","['Rumble', 'Lee Sin', 'Cassiopeia', 'Ezreal', 'Nautilus']","['Galio', 'Trundle', 'Ryze', 'Varus', 'Karma']",[],[],1,leaguepedia_cargo_patch_range,0,scoreboard_players_corrected
LCK/2026 Season/Road to MSI_Round 2_1_3,2026-06-07 09:56:00,26.11,LCK 2026 Road to MSI,Dplus Kia,KT Rolster,KT Rolster,"['Varus', 'Bard', 'Lee Sin', 'Ahri', 'Illaoi']","['Cassiopeia', 'Annie', 'Karma', 'Aurora', 'Vayne']","['Gnar', 'Skarner', 'LeBlanc', 'Lucian', 'Milio']","['Renekton', 'Nocturne', 'Zoe', 'Yunara', 'Lulu']",[],[],0,leaguepedia_cargo_patch_range,1,scoreboard_players_corrected
Nexus League/2026 Season/Spring Playoffs_Finals_1_1,2026-06-07 10:04:00,26.10,Nexus League 2026 Spring Playoffs,Karmine Corp Blue Stars,Project Conquerors,Project Conquerors,"['Varus', 'Akali', 'Nautilus', 'Viktor', 'Vi']","['Jarvan IV', 'Orianna', 'Ezreal', 'Xin Zhao', 'Pantheon']","['Aurora', 'Zaahen', 'Anivia', 'Ashe', 'Seraphine']","['Irelia', 'Zyra', 'Hwei', 'Jhin', 'Bard']",[],[],0,leaguepedia_cargo_patch_range,1,scoreboard_players_corrected
LCP/2026 Season/Split 2 Playoffs_Finals_1_2,2026-06-07 10:10:00,26.10,LCP 2026 Split 2 Playoffs,Team Secret Whales,Deep Cross Gaming,Deep Cross Gaming,"['Varus', 'Akali', 'Lucian', 'Jhin', 'Poppy']","['Nocturne', 'Annie', 'Karma', 'Ashe', 'Miss Fortune']","['Rumble', 'Jarvan IV', 'Anivia', 'Yunara', 'Braum']","[""K'Sante"", 'Lee Sin', 'Cassiopeia', 'Corki', 'Nautilus']",[],[],0,leaguepedia_cargo_patch_range,1,scoreboard_players_corrected
LPL/2026 Season/Split 2 Playoffs_Round 4_1_2,2026-06-07 10:11:00,26.10,LPL 2026 Split 2 Playoffs,Top Esports,Team WE,Top Esports,"['Naafiri', 'Bard', 'Akali', 'Wukong', 'Shen']","['Nocturne', 'Ashe', 'Orianna', 'Aurora', 'Ahri']","['Sion', 'Vi', 'Viktor', 'Yunara', 'Lulu']","['Aatrox', 'Olaf', 'Annie', 'Corki', 'Nami']",[],[],1,leaguepedia_cargo_patch_range,0,scoreboard_players_corrected
Hitpoint 2nd Division Challengers/2026 Season/Spring Playoffs_Round 2_1_1,2026-06-07 10:19:00,26.10,Hitpoint 2nd Div Challengers 2026 Spring Playoffs,Priority,Andromeda Gaming,Priority,"['Garen', 'Jarvan IV', 'Ryze', 'Vayne', 'Jax']","['Aurora', ""K'Sante"", 'Orianna', 'Braum', 'Dr. Mundo']","['Ambessa', 'Wukong', 'Azir', 'Ashe', 'Lulu']","['Sion', 'Vi', 'Corki', 'Mel', 'Nautilus']",[],[],1,leaguepedia_cargo_patch_range,0,scoreboard_players_corrected
LCP/2026 Season/Split 2 Playoffs_Finals_1_3,2026-06-07 10:57:00,26.10,LCP 2026 Split 2 Playoffs,Deep Cross Gaming,Team Secret Whales,Team Secret Whales,"['Akali', 'Lucian', 'Naafiri', 'Ashe', ""Kai'Sa""]","['Nocturne', 'Olaf', 'Varus', 'Camille', 'Xayah']","['Gnar', 'Wukong', 'Viktor', 'Zeri', 'Rakan']","['Malphite', 'Xin Zhao', 'Orianna', 'Jhin', 'Karma']",[],[],0,leaguepedia_cargo_patch_range,1,scoreboard_players_corrected
LCK/2026 Season/Road to MSI_Round 2_1_4,2026-06-07 10:58:00,26.11,LCK 2026 Road to MSI,KT Rolster,Dplus Kia,KT Rolster,"['Varus', 'Vayne', 'Annie', 'Yuumi', 'Rakan']","['Cassiopeia', 'Lee Sin', 'Ezreal', 'Ambessa', 'Twisted Fate']","['Sion', 'Naafiri', 'Ahri', 'Sivir', 'Karma']","['Jax', 'Pantheon', 'Aurora', 'Miss Fortune', 'Bard']",[],[],1,leaguepedia_cargo_patch_range,0,scoreboard_players_corrected
Nexus League/2026 Season/Spring Playoffs_Finals_1_2,2026-06-07 10:58:00,26.10,Nexus League 2026 Spring Playoffs,Project Conquerors,Karmine Corp Blue Stars,Project Conquerors,"['Jarvan IV', 'Akali', 'Varus', 'Smolder', 'Jayce']","['Orianna', 'Viktor', 'Ezreal', 'Syndra', 'Cassiopeia']","['Renekton', 'Shyvana', 'Taliyah', 'Senna', 'Nautilus']","['Vayne', 'Pantheon', 'Ryze', 'Jinx', 'Braum']",[],[],1,leaguepedia_cargo_patch_range,0,scoreboard_players_corrected
LPL/2026 Season/Split 2 Playoffs_Round 4_1_3,2026-06-07 11:05:00,26.10,LPL 2026 Split 2 Playoffs,Top Esports,Team WE,Top Esports,"['Naafiri', 'Akali', 'Ornn', ""K'Sante"", 'Gragas']","['Nocturne', 'Orianna', 'Jarvan IV', 'Ahri', 'LeBlanc']","['Jayce', 'Wukong', 'Twisted Fate', 'Ashe', 'Seraphine']","['Yorick', 'Xin Zhao', 'Aurora', 'Lucian', 'Milio']",[],[],1,leaguepedia_cargo_patch_range,0,scoreboard_players_corrected
Hitpoint 2nd Division Challengers/2026 Season/Spring Playoffs_Round 2_1_2,2026-06-07 11:06:00,26.10,Hitpoint 2nd Div Challengers 2026 Spring Playoffs,Andromeda Gaming,Priority,Priority,"[""K'Sante"", 'Poppy', 'Anivia', 'Renata Glasc', 'Braum']","['Garen', 'Orianna', 'Ryze', 'Karma', 'Darius']","['Vayne', 'Jarvan IV', 'Aurora', 'Ezreal', 'Alistar']","['Ornn', 'Sylas', 'Cassiopeia', 'Kalista', 'Skarner']",[],[],0,leaguepedia_cargo_patch_range,1,scoreboard_players_corrected
LCP/2026 Season/Split 2 Playoffs_Finals_1_4,2026-06-07 11:47:00,26.10,LCP 2026 Split 2 Playoffs,Team Secret Whales,Deep Cross Gaming,Team Secret Whales,"['Lucian', 'Akali', 'Yorick', 'Galio', 'Aurora']","['Nocturne', 'Varus', 'Naafiri', 'Vayne', 'Pantheon']","['Olaf', 'Sejuani', 'Sylas', 'Senna', 'Seraphine']","['Jax', ""Kha'Zix"", 'Annie', 'Ashe', 'Lulu']",[],[],1,leaguepedia_cargo_patch_range,0,scoreboard_players_corrected
Nexus League/2026 Season/Spring Playoffs_Finals_1_3,2026-06-07 11:58:00,26.10,Nexus League 2026 Spring Playoffs,Project Conquerors,Karmine Corp Blue Stars,Karmine Corp Blue Stars,"['Jarvan IV', 'Akali', 'Zac', 'Sejuani', 'Skarner']","['Orianna', 'Viktor', 'Karma', 'Jayce', 'Nocturne']","['Jax', 'Kindred', 'Cassiopeia', 'Ezreal', 'Rell']","['Rumble', 'Lillia', 'Yone', 'Varus', 'Alistar']",[],[],0,leaguepedia_cargo_patch_range,1,scoreboard_players_corrected
Hitpoint 2nd Division Challengers/2026 Season/Spring Playoffs_Round 2_1_3,2026-06-07 12:00:00,26.10,Hitpoint 2nd Div Challengers 2026 Spring Playoffs,Andromeda Gaming,Priority,Andromeda Gaming,"[""K'Sante"", 'Karma', 'Ryze', 'Braum', 'Tahm Kench']","['Garen', 'Orianna', 'Jax', 'Neeko', 'Darius']","['Riven', 'Nocturne', 'Ahri', 'Varus', 'Nami']","['Shen', 'Pantheon', 'Taliyah', 'Senna', 'Bard']",[],[],1,leaguepedia_cargo_patch_range,0,scoreboard_players_corrected
LCK/2026 Season/Road to MSI_Round 2_1_5,2026-06-07 12:08:00,26.11,LCK 2026 Road to MSI,KT Rolster,Dplus Kia,KT Rolster,"['Varus', 'Vayne', 'Trundle', 'Neeko', 'Ziggs']","['Cassiopeia', 'Lee Sin', 'Annie', ""Kai'Sa"", 'Ezreal']","['Zaahen', 'Poppy', 'Azir', 'Corki', 'Blitzcrank']","['Ambessa', 'Maokai', 'Yone', 'Xayah', 'Rakan']",[],[],1,leaguepedia_cargo_patch_range,0,scoreboard_players_corrected
Hitpoint 2nd Division Challengers/2026 Season/Spring Playoffs_Round 2_1_4,2026-06-07 12:44:00,26.10,Hitpoint 2nd Div Challengers 2026 Spring Playoffs,Andromeda Gaming,Priority,Andromeda Gaming,"[""K'Sante"", 'Viego', 'Naafiri', 'Caitlyn', 'Yunara']","['Garen', 'Orianna', 'Ryze', 'Galio', 'Seraphine']","['Darius', 'Xin Zhao', 'Anivia', 'Smolder', 'Braum']","['Malphite', 'Trundle', 'Syndra', 'Zeri', 'Karma']",[],[],1,leaguepedia_cargo_patch_range,0,scoreboard_players_corrected
Nexus League/2026 Season/Spring Playoffs_Finals_1_4,2026-06-07 12:54:00,26.10,Nexus League 2026 Spring Playoffs,Karmine Corp Blue Stars,Project Conquerors,Karmine Corp Blue Stars,"['Yorick', 'Sion', 'Nocturne', 'Karma', 'Poppy']","['Jarvan IV', 'Jayce', 'Akali', 'Zac', 'Rakan']","['Ambessa', 'Vi', 'Orianna', 'Mel', 'Leona']","['Gnar', 'Wukong', 'Viktor', 'Caitlyn', 'Tahm Kench']",[],[],1,leaguepedia_cargo_patch_range,0,scoreboard_players_corrected
Hitpoint 2nd Division Challengers/2026 Season/Spring Playoffs_Round 2_1_5,2026-06-07 13:30:00,26.10,Hitpoint 2nd Div Challengers 2026 Spring Playoffs,Priority,Andromeda Gaming,Priority,"['Garen', 'Ryze', 'Caitlyn', 'Jax', 'Poppy']","[""K'Sante"", 'Viego', 'Orianna', 'Dr. Mundo', 'Gnar']","['Zaahen', 'Udyr', 'Viktor', 'Samira', 'Maokai']","['Mordekaiser', 'Hecarim', 'Galio', 'Lucian', 'Milio']",[],[],1,leaguepedia_cargo_patch_range,0,scoreboard_players_corrected
Nexus League/2026 Season/Spring Playoffs_Finals_1_5,2026-06-07 13:45:00,26.10,Nexus League 2026 Spring Playoffs,Karmine Corp Blue Stars,Project Conquerors,Karmine Corp Blue Stars,"['Nocturne', 'Jayce', 'Trundle', 'Yorick', 'Ahri']","['Jarvan IV', 'Akali', 'Gwen', 'Sylas', 'LeBlanc']","[""K'Sante"", 'Skarner', 'Ekko', 'Corki', 'Nami']","[""Cho'Gath"", 'Maokai', 'Azir', 'Lucian', 'Milio']",[],[],1,leaguepedia_cargo_patch_range,0,scoreboard_players_corrected
LEC/2026 Season/Spring Playoffs_Finals_1_1,2026-06-07 15:35:00,26.10,LEC 2026 Spring Playoffs,G2 Esports,Karmine Corp,Karmine Corp,"['Varus', 'Nautilus', 'Jarvan IV', 'Wukong', 'Pantheon']","['Orianna', 'Anivia', 'Ezreal', 'Xin Zhao', 'Skarner']","['Galio', 'Naafiri', 'Ryze', 'Caitlyn', 'Bard']","['Rumble', 'Trundle', 'Cassiopeia', 'Ashe', 'Seraphine']",[],[],0,leaguepedia_cargo_patch_range,1,scoreboard_players_corrected
Esports World Cup 2026/Online Qualifiers/South America_Round 1_1_1,2026-06-07 16:07:00,26.11,Esports World Cup 2026 Online Qualifier: South America,Vivo Keyd Stars,LOUD,Vivo Keyd Stars,"['Karma', 'Orianna', 'Bard', 'Naafiri', 'Xin Zhao']","['Jarvan IV', 'Akali', 'Nocturne', 'Ahri', 'Taliyah']","['Gnar', 'Vi', 'Viktor', 'Lucian', 'Milio']","['Sion', ""Rek'Sai"", 'Cassiopeia', 'Xayah', 'Rakan']",[],[],1,leaguepedia_cargo_patch_range,0,scoreboard_players_corrected
LEC/2026 Season/Spring Playoffs_Finals_1_2,2026-06-07 16:26:00,26.10,LEC 2026 Spring Playoffs,Karmine Corp,G2 Esports,G2 Esports,"['Varus', 'Nautilus', 'Karma', 'Vi', 'Vayne']","['Orianna', 'Anivia', 'Lucian', 'Jayce', 'Viktor']","['Renekton', 'Jarvan IV', 'Taliyah', 'Corki', 'Nami']","['Gnar', 'Xin Zhao', 'Ahri', 'Yunara', 'Lulu']",[],[],0,leaguepedia_cargo_patch_range,1,scoreboard_players_corrected
Esports World Cup 2026/Online Qualifiers/South America_Round 1_1_2,2026-06-07 17:07:00,26.11,Esports World Cup 2026 Online Qualifier: South America,Vivo Keyd Stars,LOUD,LOUD,"['Orianna', 'Karma', 'Bard', ""K'Sante"", 'Ornn']","['Jarvan IV', 'Nocturne', 'Nautilus', 'Olaf', 'Trundle']","['Rumble', 'Wukong', 'Annie', 'Ashe', 'Seraphine']","['Ambessa', 'Lee Sin', 'Ryze', 'Mel', 'Pyke']",[],[],0,leaguepedia_cargo_patch_range,1,scoreboard_players_corrected
LEC/2026 Season/Spring Playoffs_Finals_1_3,2026-06-07 17:10:00,26.10,LEC 2026 Spring Playoffs,G2 Esports,Karmine Corp,Karmine Corp,"['Varus', 'Milio', 'Ezreal', 'Vayne', 'Twisted Fate']","['Orianna', 'Anivia', 'Karma', 'Wukong', 'Pantheon']","[""K'Sante"", 'Nocturne', 'Aurora', 'Xayah', 'Neeko']","['Zaahen', 'Vi', 'Viktor', 'Zeri', 'Rakan']",[],[],0,leaguepedia_cargo_patch_range,1,scoreboard_players_corrected
Esports World Cup 2026/Online Qualifiers/South America_Round 1_1_3,2026-06-07 18:06:00,26.11,Esports World Cup 2026 Online Qualifier: South America,LOUD,Vivo Keyd Stars,Vivo Keyd Stars,"['Twisted Fate', 'Nocturne', 'Jarvan IV', 'Akali', 'Ahri']","['Orianna', 'Karma', 'Bard', 'Ezreal', 'Sivir']","['Jayce', 'Naafiri', 'Aurora', 'Caitlyn', 'Neeko']","['Yorick', 'Trundle', 'LeBlanc', 'Varus', 'Nautilus']",[],[],0,leaguepedia_cargo_patch_range,1,scoreboard_players_corrected
LEC/2026 Season/Spring Playoffs_Finals_1_4,2026-06-07 18:07:00,26.10,LEC 2026 Spring Playoffs,Karmine Corp,G2 Esports,G2 Esports,"['Lucian', 'LeBlanc', 'Ezreal', 'Olaf', 'Yorick']","['Orianna', 'Anivia', 'Varus', 'Miss Fortune', ""Kai'Sa""]","['Jayce', 'Skarner', 'Azir', 'Jhin', 'Nautilus']","['Sion', 'Pantheon', 'Annie', 'Sivir', 'Rell']",[],[],0,leaguepedia_cargo_patch_range,1,scoreboard_players_corrected
LEC/2026 Season/Spring Playoffs_Finals_1_5,2026-06-07 18:59:00,26.10,LEC 2026 Spring Playoffs,G2 Esports,Karmine Corp,G2 Esports,"['Ezreal', 'Twisted Fate', 'Wukong', 'Yasuo', 'Olaf']","['Orianna', 'Milio', 'Kalista', 'Miss Fortune', 'Jinx']","['Kled', 'Nasus', 'Anivia', 'Senna', 'Alistar']","['Nidalee', 'Aatrox', 'Akali', 'Varus', 'Poppy']",[],[],1,leaguepedia_cargo_patch_range,0,scoreboard_players_corrected
Esports World Cup 2026/Online Qualifiers/South America_Round 1_2_1,2026-06-07 19:18:00,26.11,Esports World Cup 2026 Online Qualifier: South America,RED Canids,Leviatan,RED Canids,"['Varus', 'Nocturne', 'Pantheon', 'Karma', 'Wukong']","['Jarvan IV', 'Caitlyn', 'Bard', 'Lucian', 'Ashe']","['Gwen', 'Vi', 'Orianna', 'Xayah', 'Rakan']","['Sion', 'Zaahen', 'Akali', 'Ezreal', 'Leona']",[],[],1,leaguepedia_cargo_patch_range,0,scoreboard_players_corrected
LCS/2026 Season/Spring Playoffs_Round 2_2_1,2026-06-07 20:11:00,26.11,LCS 2026 Spring Playoffs,LYON (2024 American Team),Cloud9,LYON (2024 American Team),"['Akali', 'Varus', 'Karma', 'Sylas', 'Gnar']","['Lee Sin', 'Orianna', 'Cassiopeia', 'Annie', 'Viktor']","['Renekton', 'Wukong', 'Ryze', 'Lucian', 'Milio']","['Sion', 'Nocturne', 'Ziggs', 'Senna', 'Nautilus']",[],[],1,leaguepedia_cargo_patch_range,0,scoreboard_players_corrected
Esports World Cup 2026/Online Qualifiers/South America_Round 1_2_2,2026-06-07 20:13:00,26.11,Esports World Cup 2026 Online Qualifier: South America,RED Canids,Leviatan,RED Canids,"['Nocturne', 'Rumble', 'Jarvan IV', 'Nautilus', 'Neeko']","['Caitlyn', 'Bard', 'Varus', 'Lucian', 'Ashe']","['Yorick', 'Naafiri', 'Cassiopeia', 'Jhin', 'Karma']","['Jayce', 'Pantheon', 'Anivia', 'Miss Fortune', 'Rell']",[],[],1,leaguepedia_cargo_patch_range,0,scoreboard_players_corrected
LCS/2026 Season/Spring Playoffs_Round 2_2_2,2026-06-07 21:13:00,26.11,LCS 2026 Spring Playoffs,LYON (2024 American Team),Cloud9,LYON (2024 American Team),"['Akali', 'Neeko', 'Orianna', 'Xin Zhao', ""K'Sante""]","['Lee Sin', 'Cassiopeia', 'Seraphine', 'Twisted Fate', 'Galio']","['Rumble', 'Naafiri', 'Viktor', 'Varus', 'Bard']","['Aurora', 'Jarvan IV', 'Annie', 'Jhin', 'Karma']",[],[],1,leaguepedia_cargo_patch_range,0,scoreboard_players_corrected
Esports World Cup 2026/Online Qualifiers/South America_Round 1_3_1,2026-06-07 21:33:00,26.11,Esports World Cup 2026 Online Qualifier: South America,paiN Gaming,Fluxo W7M,Fluxo W7M,"['Bard', 'Karma', 'Jarvan IV', 'Naafiri', 'Nocturne']","['Varus', 'Orianna', 'Cassiopeia', 'Pantheon', 'Xin Zhao']","[""K'Sante"", 'Vi', 'Anivia', 'Caitlyn', 'Neeko']","['Rumble', 'Aatrox', 'Ryze', 'Jhin', 'Rakan']",[],[],0,leaguepedia_cargo_patch_range,1,scoreboard_players_corrected
LCS/2026 Season/Spring Playoffs_Round 2_2_3,2026-06-07 22:08:00,26.11,LCS 2026 Spring Playoffs,LYON (2024 American Team),Cloud9,LYON (2024 American Team),"['Lee Sin', 'Seraphine', 'Alistar', 'Pantheon', 'Yorick']","['Caitlyn', 'Lulu', 'Neeko', 'Trundle', 'Olaf']","['Sejuani', 'Jayce', 'Orianna', 'Miss Fortune', 'Rell']","['Malphite', 'Xin Zhao', 'Cassiopeia', 'Ezreal', 'Rakan']",[],[],1,leaguepedia_cargo_patch_range,0,scoreboard_players_corrected
Esports World Cup 2026/Online Qualifiers/South America_Round 1_3_2,2026-06-07 22:43:00,26.11,Esports World Cup 2026 Online Qualifier: South America,Fluxo W7M,paiN Gaming,paiN Gaming,"['Orianna', 'Bard', 'Cassiopeia', 'Akali']","['Varus', 'Karma', 'Renekton', 'Sion', 'Yorick']","['Malphite', 'Xin Zhao', 'Aurora', 'Lucian', 'Milio']","['Jayce', 'Jarvan IV', 'Taliyah', 'Miss Fortune', 'Nautilus']",[],[],0,leaguepedia_cargo_patch_range,1,scoreboard_players_corrected
Esports World Cup 2026/Online Qualifiers/South America_Round 1_3_3,2026-06-07 23:38:00,26.11,Esports World Cup 2026 Online Qualifier: South America,Fluxo W7M,paiN Gaming,Fluxo W7M,"['Orianna', 'Varus', 'Nocturne', 'Annie', 'Ambessa']","['Bard', 'Karma', 'Cassiopeia', 'Renekton', 'Vayne']","['Yorick', 'Pantheon', 'LeBlanc', 'Mel', 'Pyke']","['Gnar', 'Olaf', 'Ahri', 'Ashe', 'Seraphine']",[],[],1,leaguepedia_cargo_patch_range,0,scoreboard_players_corrected
2026 Asia Masters_Day 1_1_1,2026-06-08 06:11:00,26.11,Asia Masters 2026,Dplus Kia Challengers,EDward Gaming Youth Team,Dplus Kia Challengers,"['Bard', 'Varus', 'Nocturne', 'Xin Zhao', 'Jarvan IV']","['Orianna', 'Cassiopeia', 'Caitlyn', 'Lee Sin', 'Naafiri']","[""K'Sante"", 'Wukong', 'Anivia', 'Ezreal', 'Karma']","['Rumble', 'Viego', 'Ryze', 'Miss Fortune', 'Nautilus']",[],[],1,leaguepedia_cargo_patch_range,0,scoreboard_players_corrected
2026 Asia Masters_Day 1_2_1,2026-06-08 07:04:00,26.11,Asia Masters 2026,FENNEL,Bilibili Gaming Junior,Bilibili Gaming Junior,"['Ezreal', 'Nocturne', 'Bard', 'Jarvan IV', 'Pantheon']","['Lee Sin', 'Naafiri', 'Caitlyn', 'Akali', 'Ambessa']","['Rumble', 'Vi', 'Taliyah', 'Varus', 'Nautilus']","['Sion', 'Xin Zhao', 'Orianna', 'Lucian', 'Milio']",[],[],0,leaguepedia_cargo_patch_range,1,scoreboard_players_corrected
2026 Asia Masters_Day 1_3_1,2026-06-08 07:55:00,26.11,Asia Masters 2026,Saigon Warriors,Nongshim Esports Academy,Nongshim Esports Academy,"['Varus', 'Cassiopeia', 'Karma', 'Annie', 'Xin Zhao']","['Orianna', 'Jarvan IV', 'Nocturne', 'Vi', 'Trundle']","['Rumble', 'Pantheon', 'Ryze', 'Ezreal', 'Nautilus']","[""K'Sante"", 'Skarner', 'Taliyah', 'Lucian', 'Milio']",[],[],0,leaguepedia_cargo_patch_range,1,scoreboard_players_corrected
2026 Asia Masters_Day 1_4_1,2026-06-08 08:49:00,26.11,Asia Masters 2026,Saigon Dino,Weibo Gaming Youth Team,Weibo Gaming Youth Team,"['Ezreal', 'Sion', 'Taliyah', 'Lulu', 'Nautilus']","['Varus', 'Cassiopeia', 'Nocturne', ""K'Sante"", 'Xin Zhao']","['Rumble', 'Jarvan IV', 'Akali', 'Caitlyn', 'Bard']","['Ornn', 'Lee Sin', 'Orianna', 'Lucian', 'Milio']",[],[],0,leaguepedia_cargo_patch_range,1,scoreboard_players_corrected
LPL/2026 Season/Split 2 Playoffs_Round 3_1_1,2026-06-08 09:25:00,26.10,LPL 2026 Split 2 Playoffs,Anyone's Legend,Bilibili Gaming,Bilibili Gaming,"['Varus', 'Naafiri', 'Jarvan IV', 'Vi', 'Trundle']","['Orianna', 'Rumble', 'Ezreal', 'Annie', 'LeBlanc']","['Shen', 'Pantheon', 'Cassiopeia', 'Ashe', 'Lulu']","['Sion', 'Wukong', 'Ahri', 'Caitlyn', 'Seraphine']",[],[],0,leaguepedia_cargo_patch_range,1,scoreboard_players_corrected
2026 Asia Masters_Day 1_5_1,2026-06-08 09:53:00,26.11,Asia Masters 2026,KT Rolster Challengers,T1 Esports Academy,T1 Esports Academy,"['Varus', 'Nocturne', 'Karma', 'Ashe', 'Yunara']","['Jarvan IV', 'Orianna', ""K'Sante"", 'Akali', 'Galio']","['Sion', 'Xin Zhao', 'Ahri', 'Lucian', 'Milio']","['Rumble', 'Vi', 'Cassiopeia', 'Senna', 'Alistar']",[],[],0,leaguepedia_cargo_patch_range,1,scoreboard_players_corrected
LPL/2026 Season/Split 2 Playoffs_Round 3_1_2,2026-06-08 10:30:00,26.10,LPL 2026 Split 2 Playoffs,Bilibili Gaming,Anyone's Legend,Bilibili Gaming,"['Vi', 'Ezreal', 'Gnar', 'Nautilus', 'Rakan']","['Varus', 'Rumble', 'Orianna', 'Annie', 'Twisted Fate']","['Jayce', 'Lee Sin', 'Ryze', 'Senna', 'Alistar']","[""K'Sante"", 'Naafiri', 'Aurora', 'Lucian', 'Milio']",[],[],1,leaguepedia_cargo_patch_range,0,scoreboard_players_corrected
2026 Asia Masters_Day 1_6_1,2026-06-08 10:50:00,26.11,Asia Masters 2026,Top Esports Challenger,CTBC Flying Oyster Academy,Top Esports Challenger,"['Nocturne', 'Cassiopeia', 'Nautilus', 'Vi', 'Naafiri']","['Varus', 'Jarvan IV', 'Bard', 'Jhin', 'Caitlyn']","['Udyr', 'Lee Sin', 'Galio', 'Ezreal', 'Seraphine']","['Rumble', 'Skarner', 'Orianna', 'Sivir', 'Karma']",[],[],1,leaguepedia_cargo_patch_range,0,scoreboard_players_corrected
LPL/2026 Season/Split 2 Playoffs_Round 3_1_3,2026-06-08 11:29:00,26.10,LPL 2026 Split 2 Playoffs,Bilibili Gaming,Anyone's Legend,Bilibili Gaming,"['Vi', 'Annie', 'Gnar', 'Vayne', 'Viktor']","['Varus', 'Rumble', 'Orianna', 'Xin Zhao', 'Akali']","['Renekton', 'Jarvan IV', 'Mel', 'Sivir', 'Karma']","[""Rek'Sai"", 'Nidalee', 'Twisted Fate', 'Ezreal', 'Bard']",[],[],1,leaguepedia_cargo_patch_range,0,scoreboard_players_corrected
EMEA Masters/2026 Season/Spring Play-In_Round 1_8_1,2026-06-08 15:04:00,26.11,EM 2026 Spring Play-In,Frites Esports Club,Ruddy Corporation,Ruddy Corporation,"['Jarvan IV', 'Bard', 'Nocturne', 'Ambessa', 'Trundle']","['Orianna', 'Ashe', 'Ezreal', 'Viktor', 'Syndra']","[""Cho'Gath"", 'Wukong', 'Cassiopeia', 'Lucian', 'Milio']","['Sion', 'Xin Zhao', 'Vex', 'Jhin', 'Karma']",[],[],0,leaguepedia_cargo_patch_range,1,scoreboard_players_corrected
EMEA Masters/2026 Season/Spring Play-In_Round 1_2_1,2026-06-08 15:05:00,26.11,EM 2026 Spring Play-In,Otter Side,E WIE EINFACH E-SPORTS,E WIE EINFACH E-SPORTS,"['Vi', 'Nocturne', 'Karma', 'Wukong', 'Pantheon']","['Pyke', 'Orianna', 'Ryze', 'Yorick', 'Jarvan IV']","['Jayce', 'Xin Zhao', 'Viktor', 'Ezreal', 'Braum']","['Rumble', 'Dr. Mundo', 'Cassiopeia', 'Varus', 'Nautilus']",[],[],0,leaguepedia_cargo_patch_range,1,scoreboard_players_corrected
EMEA Masters/2026 Season/Spring Play-In_Round 1_4_1,2026-06-08 15:05:00,26.11,EM 2026 Spring Play-In,GMBLERS Esports,Nightbirds,Nightbirds,"['Varus', 'Jarvan IV', 'Nautilus', 'Akali', 'Aurora']","['Karma', 'Nocturne', 'Seraphine', 'Sion']","['Ornn', 'Xin Zhao', 'LeBlanc', 'Caitlyn', 'Neeko']","[""K'Sante"", 'Naafiri', 'Orianna', 'Ezreal', 'Bard']",[],[],0,leaguepedia_cargo_patch_range,1,scoreboard_players_corrected
EMEA Masters/2026 Season/Spring Play-In_Round 1_5_1,2026-06-08 15:06:00,26.11,EM 2026 Spring Play-In,mCon esports,GOAL,GOAL,"['Jayce', 'Bard', 'Karma', 'Orianna', 'Akali']","['Taliyah', 'Ashe', 'Pantheon', 'Irelia', 'Yone']","[""K'Sante"", 'Ivern', 'Hwei', 'Varus', 'Nautilus']","['Vayne', 'Nocturne', 'Ryze', 'Ezreal', 'Rell']",[],[],0,leaguepedia_cargo_patch_range,1,scoreboard_players_corrected
EMEA Masters/2026 Season/Spring Play-In_Round 1_6_1,2026-06-08 15:07:00,26.11,EM 2026 Spring Play-In,Bomba Team,Magaza Esports,Bomba Team,"['Nautilus', 'Varus', 'Caitlyn', 'Gnar', 'Vayne']","['Karma', 'Orianna', 'Ashe', 'Xin Zhao', 'Skarner']","['Twisted Fate', 'Udyr', 'Aurora', 'Corki', 'Bard']","[""K'Sante"", 'Wukong', 'Cassiopeia', 'Ezreal', 'Rell']",[],[],1,leaguepedia_cargo_patch_range,0,scoreboard_players_corrected
EMEA Masters/2026 Season/Spring Play-In_Round 1_7_1,2026-06-08 15:07:00,26.11,EM 2026 Spring Play-In,CITA Kaizen,Bubliki,CITA Kaizen,"['Cassiopeia', 'Jayce', 'Orianna', ""K'Sante"", 'Sion']","['Nocturne', 'Varus', 'Xin Zhao', 'Pantheon', ""Rek'Sai""]","['Gnar', 'Lee Sin', 'Akali', 'Ezreal', 'Nautilus']","['Volibear', 'Wukong', 'Ryze', 'Caitlyn', 'Karma']",[],[],1,leaguepedia_cargo_patch_range,0,scoreboard_players_corrected
EMEA Masters/2026 Season/Spring Play-In_Round 1_1_1,2026-06-08 15:12:00,26.11,EM 2026 Spring Play-In,Karmine Corp Blue,Partizan Sangal,Karmine Corp Blue,"['Seraphine', 'Xin Zhao', 'Varus', 'Jayce', 'Gnar']","['Orianna', 'Bard', 'Anivia', 'Skarner', 'Jarvan IV']","['Rumble', 'Pantheon', 'Cassiopeia', 'Jhin', 'Nautilus']","[""K'Sante"", 'Nocturne', 'Viktor', 'Ezreal', 'Leona']",[],[],1,leaguepedia_cargo_patch_range,0,scoreboard_players_corrected
Esports World Cup 2026/Online Qualifiers/South America_Round 1_4_1,2026-06-08 16:08:00,26.11,Esports World Cup 2026 Online Qualifier: South America,Leviatan,paiN Gaming,paiN Gaming,"['Varus', 'Nocturne', 'Jarvan IV', 'Neeko', 'Xayah']","['Caitlyn', 'Orianna', 'Bard', 'Jhin', 'Nautilus']","[""K'Sante"", 'Pantheon', 'Anivia', 'Ezreal', 'Seraphine']","['Rumble', 'Vi', 'Cassiopeia', 'Ashe', 'Rell']",[],[],0,leaguepedia_cargo_patch_range,1,scoreboard_players_corrected
EMEA Masters/2026 Season/Spring Play-In_Round 2_7_1,2026-06-08 16:30:00,26.11,EM 2026 Spring Play-In,Frites Esports Club,Magaza Esports,Frites Esports Club,"['Nautilus', 'Varus', 'Aurora', 'Vi', 'Wukong']","['Ashe', 'Karma', 'Orianna', 'LeBlanc', 'Akali']","['Gwen', 'Trundle', 'Ahri', 'Caitlyn', 'Bard']","['Aatrox', 'Xin Zhao', 'Taliyah', 'Yunara', 'Lulu']",[],[],1,leaguepedia_cargo_patch_range,0,scoreboard_players_corrected
EMEA Masters/2026 Season/Spring Play-In_Round 2_6_1,2026-06-08 16:32:00,26.11,EM 2026 Spring Play-In,Otter Side,GMBLERS Esports,Otter Side,"['Lucian', 'Varus', 'Bard', 'Mel', 'Galio']","['Karma', 'Nocturne', 'Orianna', 'Aurora', 'Ahri']","[""K'Sante"", 'Wukong', 'Cassiopeia', 'Senna', 'Nautilus']","['Rumble', 'Jarvan IV', 'Anivia', 'Caitlyn', 'Rell']",[],[],1,leaguepedia_cargo_patch_range,0,scoreboard_players_corrected
EMEA Masters/2026 Season/Spring Play-In_Round 2_8_1,2026-06-08 16:32:00,26.11,EM 2026 Spring Play-In,Partizan Sangal,Bubliki,Partizan Sangal,"['Jarvan IV', 'Ryze', 'Cassiopeia', 'Viktor', 'Gnar']","['Shen', 'Xin Zhao', 'Orianna', 'Nautilus', 'Lulu']","['Aatrox', 'Nocturne', 'Syndra', 'Ashe', 'Milio']","['Ornn', ""Rek'Sai"", 'Varus', 'Mel', 'Rell']",[],[],1,leaguepedia_cargo_patch_range,0,scoreboard_players_corrected
EMEA Masters/2026 Season/Spring Play-In_Round 2_5_1,2026-06-08 16:33:00,26.11,EM 2026 Spring Play-In,mCon esports,FN Esports,FN Esports,"['Orianna', 'Caitlyn', 'Jarvan IV', 'Sion', 'Irelia']","['Pantheon', 'Varus', 'Karma', 'Viktor', 'Hwei']","['Jayce', 'Naafiri', 'Akali', 'Ezreal', 'Bard']","[""K'Sante"", 'Vi', 'Cassiopeia', 'Ashe', 'Seraphine']",[],[],0,leaguepedia_cargo_patch_range,1,scoreboard_players_corrected
EMEA Masters/2026 Season/Spring Play-In_Round 2_1_1,2026-06-08 16:35:00,26.11,EM 2026 Spring Play-In,CITA Kaizen,Karmine Corp Blue,Karmine Corp Blue,"['Sion', 'Bard', 'Akali', 'Lulu', 'Xayah']","['Nocturne', 'Ezreal', 'Cassiopeia', 'Poppy', 'Jhin']","['Rumble', 'Lee Sin', 'Irelia', 'Senna', 'Tahm Kench']","[""K'Sante"", 'Vi', 'Orianna', 'Varus', 'Alistar']",[],[],0,leaguepedia_cargo_patch_range,1,scoreboard_players_corrected
EMEA Masters/2026 Season/Spring Play-In_Round 2_4_1,2026-06-08 16:35:00,26.11,EM 2026 Spring Play-In,Bomba Team,Ruddy Corporation,Ruddy Corporation,"['Jarvan IV', 'Bard', 'Akali', 'Olaf', 'Nautilus']","['Karma', 'Ashe', 'Vex', 'Braum', 'Seraphine']","['Varus', 'Nocturne', 'Aurora', 'Caitlyn', 'Neeko']","['Sion', 'Wukong', 'Orianna', 'Ezreal', 'Rakan']",[],[],0,leaguepedia_cargo_patch_range,1,scoreboard_players_corrected
EMEA Masters/2026 Season/Spring Play-In_Round 2_2_1,2026-06-08 16:36:00,26.11,EM 2026 Spring Play-In,E WIE EINFACH E-SPORTS,Nightbirds,E WIE EINFACH E-SPORTS,"['Nocturne', 'Karma', 'Nautilus', 'Ambessa', 'Aatrox']","['Rumble', 'Orianna', 'Bard', 'Caitlyn', 'Lucian']","['Sion', 'Naafiri', 'Cassiopeia', 'Varus', 'Leona']","['Gnar', 'Jarvan IV', 'Viktor', 'Ezreal', 'Alistar']",[],[],1,leaguepedia_cargo_patch_range,0,scoreboard_players_corrected
EMEA Masters/2026 Season/Spring Play-In_Round 2_3_1,2026-06-08 16:36:00,26.11,EM 2026 Spring Play-In,GOAL,Verdant,Verdant,"['Akali', 'Nocturne', 'Karma', 'Olaf', 'Ryze']","['Orianna', 'Cassiopeia', 'Ashe', 'Anivia', 'Ahri']","['Jayce', 'Pantheon', 'Aurora', 'Senna', 'Nautilus']","['Varus', 'Skarner', 'LeBlanc', 'Ezreal', 'Bard']",[],[],0,leaguepedia_cargo_patch_range,1,scoreboard_players_corrected
Esports World Cup 2026/Online Qualifiers/South America_Round 1_4_2,2026-06-08 16:59:00,26.11,Esports World Cup 2026 Online Qualifier: South America,Leviatan,paiN Gaming,paiN Gaming,"['Varus', 'Nocturne', 'Bard', 'Nautilus', 'Milio']","['Caitlyn', 'Orianna', 'Karma', 'Yorick', 'Lee Sin']","['Jayce', 'Jarvan IV', 'Ahri', 'Zeri', 'Lulu']","['Sion', 'Naafiri', 'Ryze', 'Xayah', 'Rakan']",[],[],0,leaguepedia_cargo_patch_range,1,scoreboard_players_corrected
EMEA Masters/2026 Season/Spring Play-In_Round 3_1_1,2026-06-08 18:03:00,26.11,EM 2026 Spring Play-In,Karmine Corp Blue,Verdant,Karmine Corp Blue,"['Seraphine', 'Varus', 'Cassiopeia', 'Sion', 'Gangplank']","['Rumble', 'Orianna', 'Nocturne', 'Naafiri', 'Vi']","['Renekton', 'Xin Zhao', 'Anivia', 'Jhin', 'Nautilus']","['Jax', 'Jarvan IV', 'Aurora', 'Ezreal', 'Karma']",[],[],1,leaguepedia_cargo_patch_range,0,scoreboard_players_corrected
EMEA Masters/2026 Season/Spring Play-In_Round 3_5_1,2026-06-08 18:03:00,26.11,EM 2026 Spring Play-In,CITA Kaizen,Nightbirds,CITA Kaizen,"['Akali', 'Irelia', 'Bard', 'Nautilus', 'Ahri']","['Nocturne', 'Lucian', 'Varus', 'Sivir', 'Jhin']","['Rumble', ""Bel'Veth"", 'Ryze', 'Ezreal', 'Camille']","['Sion', 'Naafiri', 'Orianna', 'Caitlyn', 'Karma']",[],[],1,leaguepedia_cargo_patch_range,0,scoreboard_players_corrected
EMEA Masters/2026 Season/Spring Play-In_Round 3_7_1,2026-06-08 18:03:00,26.11,EM 2026 Spring Play-In,Magaza Esports,GMBLERS Esports,GMBLERS Esports,"['Nautilus', 'Bard', 'Aurora', 'Ahri', 'Syndra']","['Karma', 'Orianna', 'Seraphine', 'Aatrox', 'Wukong']","[""K'Sante"", 'Jarvan IV', 'Anivia', 'Yunara', 'Lulu']","['Gwen', 'Vi', 'Cassiopeia', 'Lucian', 'Milio']",[],[],0,leaguepedia_cargo_patch_range,1,scoreboard_players_corrected
EMEA Masters/2026 Season/Spring Play-In_Round 3_2_1,2026-06-08 18:04:00,26.11,EM 2026 Spring Play-In,E WIE EINFACH E-SPORTS,Ruddy Corporation,E WIE EINFACH E-SPORTS,"['Jarvan IV', 'Caitlyn', 'Bard', 'Akali', 'Naafiri']","['Orianna', 'Karma', 'Seraphine', 'Xin Zhao', 'Wukong']","['Rumble', 'Viego', 'Sion', 'Ezreal', 'Pyke']","['Aatrox', 'Dr. Mundo', 'Viktor', 'Ashe', 'Lulu']",[],[],1,leaguepedia_cargo_patch_range,0,scoreboard_players_corrected
EMEA Masters/2026 Season/Spring Play-In_Round 3_3_1,2026-06-08 18:04:00,26.11,EM 2026 Spring Play-In,Bomba Team,Otter Side,Bomba Team,"['Varus', 'Aurora', 'Ezreal', 'Leona', 'Olaf']","['Karma', 'Orianna', 'Cassiopeia', 'Sion', 'Caitlyn']","['Rumble', 'Wukong', 'Anivia', 'Corki', 'Rell']","[""K'Sante"", 'Nocturne', 'Ryze', 'Jhin', 'Nautilus']",[],[],1,leaguepedia_cargo_patch_range,0,scoreboard_players_corrected
EMEA Masters/2026 Season/Spring Play-In_Round 3_4_1,2026-06-08 18:04:00,26.11,EM 2026 Spring Play-In,Partizan Sangal,GOAL,Partizan Sangal,"['Gwen', 'Varus', 'Bard', 'Nautilus', 'Rakan']","['Ashe', 'Cassiopeia', 'Ezreal', 'Lucian', 'Neeko']","['Rumble', 'Nocturne', 'Orianna', 'Sivir', 'Alistar']","[""K'Sante"", 'Wukong', 'Akali', 'Senna', 'Rell']",[],[],1,leaguepedia_cargo_patch_range,0,scoreboard_players_corrected
EMEA Masters/2026 Season/Spring Play-In_Round 3_6_1,2026-06-08 18:05:00,26.11,EM 2026 Spring Play-In,Frites Esports Club,FN Esports,Frites Esports Club,"['Cassiopeia', 'Ashe', 'Aurora', 'Jayce', 'Yorick']","['Orianna', 'Karma', 'Jarvan IV', 'Xin Zhao', 'Pantheon']","['Twisted Fate', 'Skarner', 'Anivia', 'Ezreal', 'Bard']","['Irelia', 'Nocturne', 'Akali', 'Caitlyn', 'Nautilus']",[],[],1,leaguepedia_cargo_patch_range,0,scoreboard_players_corrected
EMEA Masters/2026 Season/Spring Play-In_Round 3_8_1,2026-06-08 18:05:00,26.11,EM 2026 Spring Play-In,Bubliki,mCon esports,mCon esports,"['Bard', 'Milio', 'Karma', 'Fiora', 'Jax']","['Xin Zhao', 'Orianna', 'Jarvan IV', 'Anivia', 'Shen']","['Pantheon', 'Jayce', 'Taliyah', 'Ashe', 'Seraphine']","['Yorick', 'Ivern', 'Ryze', 'Varus', 'Nautilus']",[],[],0,leaguepedia_cargo_patch_range,1,scoreboard_players_corrected
EMEA Masters/2026 Season/Spring Play-In_Round 4_2_1,2026-06-08 19:22:00,26.11,EM 2026 Spring Play-In,CITA Kaizen,Verdant,CITA Kaizen,"['Akali', 'Bard', 'Rumble', 'Ahri', 'Karma']","['Nocturne', 'Varus', 'Cassiopeia', 'Gangplank', 'Wukong']","['Malphite', 'Lee Sin', 'Ryze', 'Ezreal', ""K'Sante""]","['Gnar', 'Xin Zhao', 'Orianna', 'Senna', 'Nautilus']",[],[],1,leaguepedia_cargo_patch_range,0,scoreboard_players_corrected
EMEA Masters/2026 Season/Spring Play-In_Round 4_5_1,2026-06-08 19:22:00,26.11,EM 2026 Spring Play-In,GOAL,GMBLERS Esports,GOAL,"['Varus', 'Senna', 'Orianna', 'Sion', 'Ornn']","['Karma', 'Nocturne', 'Bard', 'Aurelion Sol', 'Akali']","['Rumble', 'Pantheon', 'Gwen', 'Jinx', 'Nautilus']","['Galio', 'Wukong', 'Syndra', 'Lucian', 'Braum']",[],[],1,leaguepedia_cargo_patch_range,0,scoreboard_players_corrected
Esports World Cup 2026/Online Qualifiers/South America_Round 2_1_1,2026-06-08 19:22:00,26.11,Esports World Cup 2026 Online Qualifier: South America,LØS,Vivo Keyd Stars,Vivo Keyd Stars,"['Jarvan IV', 'Bard', 'Karma', 'Naafiri', 'Xin Zhao']","['Milio', 'Nocturne', 'Akali', 'Sivir', 'Rakan']","[""K'Sante"", 'Shen', 'Orianna', 'Varus', 'Neeko']","['Rumble', 'Vi', 'Cassiopeia', 'Ezreal', 'Alistar']",[],[],0,leaguepedia_cargo_patch_range,1,scoreboard_players_corrected
EMEA Masters/2026 Season/Spring Play-In_Round 4_1_1,2026-06-08 19:24:00,26.11,EM 2026 Spring Play-In,Bomba Team,Frites Esports Club,Frites Esports Club,"['Jarvan IV', 'Varus', 'Caitlyn', 'Olaf', 'Irelia']","['Cassiopeia', 'Orianna', 'Bard', 'Sion', 'Skarner']","['Jayce', 'Xin Zhao', 'Aurora', 'Ezreal', 'Karma']","['Anivia', 'Trundle', 'Twisted Fate', 'Jhin', 'Nautilus']",[],[],0,leaguepedia_cargo_patch_range,1,scoreboard_players_corrected
EMEA Masters/2026 Season/Spring Play-In_Round 4_6_1,2026-06-08 19:24:00,26.11,EM 2026 Spring Play-In,mCon esports,Otter Side,mCon esports,"['Karma', 'Orianna', 'Caitlyn', 'Jayce', 'Gnar']","['Ivern', 'Varus', 'Ryze', 'Mel', 'Annie']","[""K'Sante"", 'Zaahen', 'Taliyah', 'Ezreal', 'Rell']","['Rumble', 'Wukong', 'Ahri', 'Senna', 'Nautilus']",[],[],1,leaguepedia_cargo_patch_range,0,scoreboard_players_corrected
EMEA Masters/2026 Season/Spring Play-In_Round 4_3_1,2026-06-08 19:25:00,26.11,EM 2026 Spring Play-In,Partizan Sangal,Ruddy Corporation,Partizan Sangal,"['Jarvan IV', 'Jayce', 'Bard', 'Akali', 'Aurora']","['Orianna', 'Xin Zhao', 'Ezreal', 'Kassadin', 'Sion']","['Aatrox', 'Nocturne', 'Cassiopeia', 'Ashe', 'Seraphine']","['Ornn', 'Wukong', 'Viktor', 'Jhin', 'Karma']",[],[],1,leaguepedia_cargo_patch_range,0,scoreboard_players_corrected
EMEA Masters/2026 Season/Spring Play-In_Round 4_4_1,2026-06-08 19:27:00,26.11,EM 2026 Spring Play-In,FN Esports,Nightbirds,Nightbirds,"['Aurora', 'Caitlyn', 'Jarvan IV', 'Anivia', 'Vi']","['Orianna', 'Karma', 'Bard', 'Jayce', 'Varus']","['Rumble', 'Trundle', 'Hwei', 'Ashe', 'Braum']","[""K'Sante"", 'Wukong', 'Cassiopeia', 'Ezreal', 'Nautilus']",[],[],0,leaguepedia_cargo_patch_range,1,scoreboard_players_corrected
Esports World Cup 2026/Online Qualifiers/South America_Round 2_1_2,2026-06-08 20:13:00,26.11,Esports World Cup 2026 Online Qualifier: South America,Vivo Keyd Stars,LØS,LØS,"['Karma', 'Bard', 'Jarvan IV', 'Caitlyn', 'Xayah']","['Milio', 'Twisted Fate', 'Nocturne', 'Seraphine', 'Nautilus']","['Sion', 'Wukong', 'Viktor', 'Sivir', 'Lulu']","['Gnar', 'Pantheon', 'Ryze', 'Vayne', 'Rakan']",[],[],0,leaguepedia_cargo_patch_range,1,scoreboard_players_corrected
EMEA Masters/2026 Season/Spring Play-In_Round 5_1_1,2026-06-08 20:33:00,26.11,EM 2026 Spring Play-In,Verdant,Ruddy Corporation,Verdant,"['Ezreal', 'Viktor', 'Syndra', 'Sivir', 'Sion']","['Jarvan IV', 'Orianna', 'Cassiopeia', 'Ryze', 'Anivia']","['Gangplank', 'Xin Zhao', 'Mel', 'Jhin', 'Bard']","['Aurora', 'Trundle', 'Vex', 'Ashe', 'Karma']",[],[],1,leaguepedia_cargo_patch_range,0,scoreboard_players_corrected
EMEA Masters/2026 Season/Spring Play-In_Round 5_2_1,2026-06-08 20:33:00,26.11,EM 2026 Spring Play-In,GOAL,Nightbirds,GOAL,"['Varus', 'Cassiopeia', 'Orianna', ""K'Sante"", 'Sion']","['Akali', 'Ezreal', 'Karma', 'Anivia', 'Aurora']","['Rumble', 'Nocturne', 'Yone', 'Sivir', 'Bard']","['Ambessa', 'Jarvan IV', 'Ryze', 'Xayah', 'Nautilus']",[],[],1,leaguepedia_cargo_patch_range,0,scoreboard_players_corrected
EMEA Masters/2026 Season/Spring Play-In_Round 5_3_1,2026-06-08 20:34:00,26.11,EM 2026 Spring Play-In,mCon esports,Bomba Team,Bomba Team,"['Varus', 'Anivia', 'Orianna', 'Jayce', 'Skarner']","['Ashe', 'Karma', 'Taliyah', 'Sion', 'Nocturne']","['Rumble', 'Trundle', 'Akali', 'Ezreal', 'Bard']","['Cassiopeia', 'Pantheon', 'LeBlanc', 'Caitlyn', 'Nautilus']",[],[],0,leaguepedia_cargo_patch_range,1,scoreboard_players_corrected
Esports World Cup 2026/Online Qualifiers/South America_Round 2_1_3,2026-06-08 21:06:00,26.11,Esports World Cup 2026 Online Qualifier: South America,Vivo Keyd Stars,LØS,Vivo Keyd Stars,"['Akali', 'Nautilus', 'Twisted Fate', 'Ahri', 'Olaf']","['Karma', 'Bard', 'Lucian', 'LeBlanc', 'Syndra']","['Yorick', 'Jarvan IV', 'Aurora', 'Ashe', 'Leona']","['Jayce', 'Nocturne', 'Galio', 'Mel', 'Pyke']",[],[],1,leaguepedia_cargo_patch_range,0,scoreboard_players_corrected
Esports World Cup 2026/Online Qualifiers/South America_Round 2_2_1,2026-06-08 21:50:00,26.11,Esports World Cup 2026 Online Qualifier: South America,Fluxo W7M,RED Canids,RED Canids,"['Varus', 'Cassiopeia', 'Pantheon', 'Ezreal', 'Caitlyn']","['Bard', 'Nocturne', 'Jarvan IV', 'Seraphine', 'Lucian']","['Rumble', 'Vi', 'Ahri', 'Jhin', 'Alistar']","[""K'Sante"", 'Xin Zhao', 'Ryze', 'Xayah', 'Rakan']",[],[],0,leaguepedia_cargo_patch_range,1,scoreboard_players_corrected
Esports World Cup 2026/Online Qualifiers/South America_Round 2_2_2,2026-06-08 22:42:00,26.11,Esports World Cup 2026 Online Qualifier: South America,RED Canids,Fluxo W7M,RED Canids,"['Varus', 'Orianna', 'Nocturne', 'Naafiri', 'Akali']","['Cassiopeia', 'Jarvan IV', 'Pantheon', 'Aatrox', 'Zoe']","['Gwen', 'Wukong', 'Galio', 'Ezreal', 'Karma']","['Sion', 'Ambessa', 'Annie', 'Caitlyn', 'Bard']",[],[],1,leaguepedia_cargo_patch_range,0,scoreboard_players_corrected
Liga Regional Norte/2026 Season/Split 1 Playoffs_Finals_1_1,2026-06-08 23:12:00,26.11,LRN 2026 Split 1 Playoffs,G3V E-sports,Fuego,Fuego,"['Ezreal', 'Nautilus', 'Nasus', 'Vi', 'Xin Zhao']","['Varus', 'Nocturne', 'Bard', 'Jarvan IV', 'Wukong']","[""K'Sante"", 'Naafiri', 'Akali', 'Caitlyn', 'Karma']","['Rumble', 'Pantheon', 'Orianna', 'Lucian', 'Milio']",[],[],0,leaguepedia_cargo_patch_range,1,scoreboard_players_corrected
Liga Regional Norte/2026 Season/Split 1 Playoffs_Finals_1_2,2026-06-09 00:06:00,26.11,LRN 2026 Split 1 Playoffs,G3V E-sports,Fuego,Fuego,"['Nasus', 'Nautilus', 'Seraphine', 'Cassiopeia', 'Taliyah']","['Varus', 'Nocturne', 'Neeko', 'Sion', 'Galio']","['Renekton', 'Wukong', 'Ryze', 'Ezreal', 'Bard']","['Jayce', 'Jarvan IV', 'Twisted Fate', ""Kai'Sa"", 'Rakan']",[],[],0,leaguepedia_cargo_patch_range,1,scoreboard_players_corrected
Liga Regional Norte/2026 Season/Split 1 Playoffs_Finals_1_3,2026-06-09 00:58:00,26.11,LRN 2026 Split 1 Playoffs,G3V E-sports,Fuego,Fuego,"['Nasus', 'Seraphine', 'Vayne', 'Smolder']","['Nocturne', 'Varus', 'Neeko', 'Sylas', 'Cassiopeia']","['Dr. Mundo', 'Aatrox', 'Azir', 'Jhin', 'Alistar']","['Jax', 'Xin Zhao', 'Taliyah', 'Ashe', 'Nautilus']",[],[],0,leaguepedia_cargo_patch_range,1,scoreboard_players_corrected
2026 Asia Masters_Day 2_1_1,2026-06-09 06:09:00,26.11,Asia Masters 2026,Dplus Kia Challengers,Top Esports Challenger,Dplus Kia Challengers,"['Nocturne', 'Jarvan IV', 'Anivia', 'Annie', 'Ahri']","['Orianna', 'Cassiopeia', 'Varus', 'Lee Sin', 'Miss Fortune']","[""K'Sante"", 'Naafiri', 'Twisted Fate', 'Ezreal', 'Karma']","['Rumble', 'Trundle', 'Ryze', 'Jhin', 'Nautilus']",[],[],1,leaguepedia_cargo_patch_range,0,scoreboard_players_corrected
2026 Asia Masters_Day 2_1_2,2026-06-09 07:01:00,26.11,Asia Masters 2026,Dplus Kia Challengers,Top Esports Challenger,Dplus Kia Challengers,"['Orianna', 'Varus', 'Xin Zhao', 'Akali', 'Gnar']","['Bard', 'Nocturne', 'Jarvan IV', 'Olaf', 'Wukong']","['Sion', 'Pantheon', 'Cassiopeia', 'Lucian', 'Milio']","['Shen', 'Vi', 'Ahri', 'Ashe', 'Seraphine']",[],[],1,leaguepedia_cargo_patch_range,0,scoreboard_players_corrected
2026 Asia Masters_Day 2_2_1,2026-06-09 07:54:00,26.11,Asia Masters 2026,Bilibili Gaming Junior,T1 Esports Academy,T1 Esports Academy,"['Caitlyn', 'Nocturne', 'Galio', 'Ahri', 'Vi']","['Jarvan IV', 'Orianna', 'Pantheon', ""K'Sante"", 'Xin Zhao']","['Sion', 'Ambessa', 'Cassiopeia', 'Ezreal', 'Karma']","['Rumble', 'Lee Sin', 'Akali', 'Varus', 'Bard']",[],[],0,leaguepedia_cargo_patch_range,1,scoreboard_players_corrected
2026 Asia Masters_Day 2_2_2,2026-06-09 08:41:00,26.11,Asia Masters 2026,T1 Esports Academy,Bilibili Gaming Junior,T1 Esports Academy,"['Jarvan IV', ""K'Sante"", 'Anivia', 'Milio', 'Lulu']","['Orianna', 'Caitlyn', 'Ryze', 'Ashe', 'Nautilus']","['Yorick', 'Vi', 'Ahri', 'Yunara', 'Alistar']","['Jayce', 'Nocturne', 'Sylas', 'Sivir', 'Tahm Kench']",[],[],1,leaguepedia_cargo_patch_range,0,scoreboard_players_corrected
2026 Asia Masters_Day 2_3_1,2026-06-09 09:38:00,26.11,Asia Masters 2026,Nongshim Esports Academy,Weibo Gaming Youth Team,Nongshim Esports Academy,"['Bard', 'Karma', 'Ryze', 'Twisted Fate', 'Akali']","['Orianna', 'Cassiopeia', 'Jarvan IV', 'Ahri', 'Jayce']","['Gnar', 'Xin Zhao', 'Aurora', 'Yunara', 'Lulu']","['Jax', 'Vi', 'Viktor', 'Lucian', 'Milio']",[],[],1,leaguepedia_cargo_patch_range,0,scoreboard_players_corrected
2026 Asia Masters_Day 2_3_2,2026-06-09 10:26:00,26.11,Asia Masters 2026,Nongshim Esports Academy,Weibo Gaming Youth Team,Nongshim Esports Academy,"['Bard', 'Karma', 'Twisted Fate', 'Taliyah', 'Anivia']","['Orianna', 'Cassiopeia', 'Jarvan IV', 'Lee Sin', 'Skarner']","['Vayne', 'Naafiri', 'Mel', 'Varus', 'Nautilus']","[""K'Sante"", 'Trundle', 'Ryze', 'Ashe', 'Seraphine']",[],[],1,leaguepedia_cargo_patch_range,0,scoreboard_players_corrected
EMEA Masters/2026 Season/Spring Play-In_Qualification Round_2_1,2026-06-09 15:03:00,26.11,EM 2026 Spring Play-In,Partizan Sangal,CITA Kaizen,Partizan Sangal,"['Lee Sin', 'Akali', 'Nautilus', 'Sion', 'Ornn']","['Nocturne', 'Jarvan IV', 'Karma', 'Pantheon', 'Xin Zhao']","[""K'Sante"", 'Wukong', 'Cassiopeia', 'Ashe', 'Seraphine']","['Rumble', ""Bel'Veth"", 'Orianna', 'Ezreal', 'Bard']",[],[],1,leaguepedia_cargo_patch_range,0,scoreboard_players_corrected
EMEA Masters/2026 Season/Spring Play-In_Qualification Round_1_1,2026-06-09 15:05:00,26.11,EM 2026 Spring Play-In,GOAL,E WIE EINFACH E-SPORTS,E WIE EINFACH E-SPORTS,"['Akali', 'Nocturne', 'Nautilus', 'Jhin', 'Caitlyn']","['Pyke', 'Cassiopeia', 'Varus', 'Dr. Mundo', 'Naafiri']","['Rumble', 'Lee Sin', 'Ryze', 'Sivir', 'Bard']","['Sion', 'Viego', 'Orianna', 'Ezreal', 'Neeko']",[],[],0,leaguepedia_cargo_patch_range,1,scoreboard_players_corrected
EMEA Masters/2026 Season/Spring Play-In_Qualification Round_2_2,2026-06-09 15:54:00,26.11,EM 2026 Spring Play-In,Partizan Sangal,CITA Kaizen,Partizan Sangal,"['Lee Sin', 'Akali', 'Zyra', 'Sion', 'Malphite']","['Nocturne', 'Jarvan IV', 'Xin Zhao', 'Pantheon', 'Vi']","['Gnar', 'Skarner', 'Ryze', 'Lucian', 'Milio']","['Yorick', 'Naafiri', 'Viktor', 'Zeri', 'Karma']",[],[],1,leaguepedia_cargo_patch_range,0,scoreboard_players_corrected
EMEA Masters/2026 Season/Spring Play-In_Qualification Round_1_2,2026-06-09 15:58:00,26.11,EM 2026 Spring Play-In,E WIE EINFACH E-SPORTS,GOAL,E WIE EINFACH E-SPORTS,"['Cassiopeia', 'Pyke', 'Caitlyn', 'Azir', 'Syndra']","['Akali', 'Nocturne', 'Jayce', 'Ahri', 'Gwen']","['Poppy', 'Darius', 'Aurora', 'Ashe', 'Seraphine']","['Gnar', 'Wukong', 'Aurelion Sol', 'Varus', 'Rell']",[],[],1,leaguepedia_cargo_patch_range,0,scoreboard_players_corrected
Streamers Clash/Season 4_Round 1_1_1,2026-06-09 16:07:00,26.11,Streamers Clash Season 4,VEDICI DEEMONS,FREEZŮV WOLT DŮCHOĎÁK,VEDICI DEEMONS,"['Ivern', 'Galio', 'Yuumi', 'Jarvan IV', 'Morgana']","['Skarner', 'Orianna', 'Sylas', 'Viktor', 'Syndra']","['Ornn', 'Aatrox', 'Ryze', 'Sivir', 'Amumu']","['Mordekaiser', 'Viego', 'Malphite', 'Varus', 'Nautilus']",[],[],1,leaguepedia_cargo_patch_range,0,scoreboard_players_corrected
EMEA Masters/2026 Season/Spring Play-In_Qualification Round_4_1,2026-06-09 16:52:00,26.11,EM 2026 Spring Play-In,Bomba Team,Frites Esports Club,Bomba Team,"['Varus', 'Bard', 'Akali', 'Sion', 'Karma']","['Cassiopeia', 'Anivia', 'Orianna', 'Trundle', 'Jarvan IV']","['Rumble', 'Aatrox', 'Taliyah', 'Corki', 'Nautilus']","['Vayne', 'Skarner', 'Ryze', 'Ezreal', 'Leona']",[],[],1,leaguepedia_cargo_patch_range,0,scoreboard_players_corrected
EMEA Masters/2026 Season/Spring Play-In_Qualification Round_3_1,2026-06-09 16:55:00,26.11,EM 2026 Spring Play-In,Karmine Corp Blue,Verdant,Karmine Corp Blue,"['Seraphine', 'Varus', 'Cassiopeia', 'Gangplank', 'Sion']","['Orianna', 'Anivia', 'Rumble', 'Annie', 'Ahri']","['Renekton', 'Nocturne', 'Aurora', 'Ezreal', 'Rell']","['Zaahen', 'Lee Sin', 'Ryze', 'Senna', 'Nautilus']",[],[],1,leaguepedia_cargo_patch_range,0,scoreboard_players_corrected
Streamers Clash/Season 4_Round 1_1_2,2026-06-09 17:11:00,26.11,Streamers Clash Season 4,FREEZŮV WOLT DŮCHOĎÁK,VEDICI DEEMONS,VEDICI DEEMONS,"['Orianna', 'Skarner', 'Tristana', 'Naafiri', 'Ashe']","['Ivern', 'Galio', 'Yuumi', 'Leona', 'Milio']","[""Cho'Gath"", 'Shen', 'Maokai', 'Caitlyn', 'Rell']","['Sejuani', 'Wukong', 'Azir', 'Senna', 'Seraphine']",[],[],0,leaguepedia_cargo_patch_range,1,scoreboard_players_corrected
EMEA Masters/2026 Season/Spring Play-In_Qualification Round_3_2,2026-06-09 17:42:00,26.11,EM 2026 Spring Play-In,Karmine Corp Blue,Verdant,Karmine Corp Blue,"['Anivia', 'Rumble', 'Orianna', 'Ahri', 'Akali']","['Seraphine', 'Naafiri', 'Cassiopeia', 'LeBlanc', 'Galio']","['Aatrox', 'Vi', 'Sylas', 'Varus', 'Rakan']","['Sion', 'Jarvan IV', 'Annie', 'Yunara', 'Pyke']",[],[],1,leaguepedia_cargo_patch_range,0,scoreboard_players_corrected
EMEA Masters/2026 Season/Spring Play-In_Qualification Round_4_2,2026-06-09 17:47:00,26.11,EM 2026 Spring Play-In,Bomba Team,Frites Esports Club,Bomba Team,"['Varus', 'Bard', 'Karma', 'Jarvan IV', 'Wukong']","['Orianna', 'Anivia', 'Cassiopeia', 'Sion', 'LeBlanc']","['Jayce', 'Nocturne', 'Galio', 'Caitlyn', 'Neeko']","['Akali', 'Vi', 'Aurora', 'Lucian', 'Milio']",[],[],1,leaguepedia_cargo_patch_range,0,scoreboard_players_corrected
Streamers Clash/Season 4_Round 1_2_1,2026-06-09 18:12:00,26.11,Streamers Clash Season 4,STOPERCENTNÁ KAMILOVA TUTOFKA,HERDYNŮV LANGUSTA TÝM,HERDYNŮV LANGUSTA TÝM,"['Sylas', 'Viego', 'Malphite', 'Kassadin', 'Orianna']","['Yuumi', 'Vayne', 'Amumu', 'Pantheon', 'Trundle']","['Gwen', 'Wukong', 'Galio', 'Milio', 'Maokai']","['Nasus', 'Zaahen', 'Viktor', 'Morgana', 'Nautilus']",[],[],0,leaguepedia_cargo_patch_range,1,scoreboard_players_corrected
Streamers Clash/Season 4_Round 1_2_2,2026-06-09 19:05:00,26.11,Streamers Clash Season 4,HERDYNŮV LANGUSTA TÝM,STOPERCENTNÁ KAMILOVA TUTOFKA,HERDYNŮV LANGUSTA TÝM,"['Vayne', 'Varus', 'Pantheon', 'Olaf', 'Irelia']","['Viego', 'Malphite', ""Bel'Veth"", 'Shen', 'Tristana']","['Renekton', 'Lillia', 'Zed', 'Seraphine', 'Amumu']","['Tryndamere', 'Sylas', 'Lissandra', 'Ashe', 'Yuumi']",[],[],1,leaguepedia_cargo_patch_range,0,scoreboard_players_corrected
Circuito Desafiante/2026 Season/Split 2 Promotion_Round 3_1_1,2026-06-09 20:07:00,26.11,CD 2026 Split 2 Promotion,Team Solid (Brazilian Team),Marere Invokers,Team Solid (Brazilian Team),"['Zoe', 'Seraphine', 'Milio', 'Rumble', 'Jayce']","['Orianna', 'Nocturne', 'Varus', 'Annie', 'Ahri']","[""K'Sante"", 'Jarvan IV', 'Cassiopeia', 'Sivir', 'Bard']","['Renekton', 'Wukong', 'Viktor', 'Ezreal', 'Nautilus']",[],[],1,leaguepedia_cargo_patch_range,0,scoreboard_players_corrected
Liga Regional Sur/2026 Season/Split 1 Playoffs_Finals_1_1,2026-06-09 20:07:00,26.11,LRS 2026 Split 1 Playoffs,Volticons,Golden Lions,Volticons,"['Orianna', 'Jarvan IV', 'Nautilus', 'Pantheon', 'Vi']","['Azir', 'Akali', 'Cassiopeia', 'Wukong', 'Naafiri']","['Sion', 'Aatrox', 'Ryze', 'Sivir', 'Karma']","['Shen', 'Nocturne', 'Anivia', 'Varus', 'Leona']",[],[],1,leaguepedia_cargo_patch_range,0,scoreboard_players_corrected
Circuito Desafiante/2026 Season/Split 2 Promotion_Round 3_1_2,2026-06-09 20:53:00,26.11,CD 2026 Split 2 Promotion,Team Solid (Brazilian Team),Marere Invokers,Marere Invokers,"['Varus', 'Lee Sin', 'Anivia', 'Ashe', 'Alistar']","['Milio', 'Caitlyn', 'Nocturne', 'Lucian', 'Mel']","['Ambessa', 'Pantheon', 'Orianna', 'Jhin', 'Leona']","['Gnar', 'Xin Zhao', 'Syndra', 'Seraphine', 'Braum']",[],[],0,leaguepedia_cargo_patch_range,1,scoreboard_players_corrected
Liga Regional Sur/2026 Season/Split 1 Playoffs_Finals_1_2,2026-06-09 20:59:00,26.11,LRS 2026 Split 1 Playoffs,Volticons,Golden Lions,Volticons,"['Orianna', 'Jarvan IV', 'Pantheon', 'Vi', 'Lee Sin']","['Azir', 'Akali', 'Lucian', 'Rakan', 'Rell']","['Rumble', 'Wukong', 'Cassiopeia', 'Miss Fortune', 'Alistar']","[""K'Sante"", 'Nasus', 'Xerath', 'Senna', 'Nautilus']",[],[],1,leaguepedia_cargo_patch_range,0,scoreboard_players_corrected
Circuito Desafiante/2026 Season/Split 2 Promotion_Round 3_1_3,2026-06-09 22:01:00,26.11,CD 2026 Split 2 Promotion,Team Solid (Brazilian Team),Marere Invokers,Team Solid (Brazilian Team),"['Varus', 'Lee Sin', 'Anivia', 'Vayne', 'Skarner']","['Nocturne', 'Milio', 'Ryze', 'Nasus', 'Gwen']","['Aatrox', 'Vi', 'Ahri', 'Caitlyn', 'Neeko']","['Sion', 'Naafiri', 'Aurora', 'Mel', 'Karma']",[],[],1,leaguepedia_cargo_patch_range,0,scoreboard_players_corrected
Liga Regional Sur/2026 Season/Split 1 Playoffs_Finals_1_3,2026-06-09 22:08:00,26.11,LRS 2026 Split 1 Playoffs,Volticons,Golden Lions,Volticons,"['Akali', 'Lucian', 'Azir', 'Naafiri', 'Xin Zhao']","['Orianna', 'Pantheon', 'Jarvan IV', 'Olaf', 'Skarner']","['Gnar', 'Vi', 'Galio', 'Ashe', 'Seraphine']","['Renekton', 'Hecarim', 'Viktor', 'Yasuo', 'Rakan']",[],[],1,leaguepedia_cargo_patch_range,0,scoreboard_players_corrected
Circuito Desafiante/2026 Season/Split 2 Promotion_Round 3_1_4,2026-06-09 22:58:00,26.11,CD 2026 Split 2 Promotion,Team Solid (Brazilian Team),Marere Invokers,Team Solid (Brazilian Team),"['Lee Sin', 'Anivia', 'Varus', 'Rumble', 'Yorick']","['Nocturne', 'Ryze', 'Milio', 'Zoe', 'Akali']","['Jayce', 'Nasus', 'LeBlanc', 'Xayah', 'Rakan']","['Vayne', 'Zyra', 'Hwei', 'Miss Fortune', 'Renata Glasc']",[],[],1,leaguepedia_cargo_patch_range,0,scoreboard_players_corrected
2026 Asia Masters_Day 3_2_1,2026-06-10 07:47:00,26.11,Asia Masters 2026,FENNEL,KT Rolster Challengers,KT Rolster Challengers,"['Ezreal', 'Jarvan IV', 'Nocturne', 'Lucian', 'Ashe']","['Varus', 'Vi', 'Naafiri', 'Rakan', 'Nautilus']","['Rumble', 'Wukong', 'Cassiopeia', 'Jhin', 'Leona']","[""K'Sante"", 'Lee Sin', 'Orianna', 'Sivir', 'Bard']",[],[],0,leaguepedia_cargo_patch_range,1,scoreboard_players_corrected
2026 Asia Masters_Day 3_2_2,2026-06-10 08:36:00,26.11,Asia Masters 2026,KT Rolster Challengers,FENNEL,KT Rolster Challengers,"['Naafiri', 'Nocturne', 'Vi', 'Jax', 'Ryze']","['Ezreal', 'Varus', 'Jarvan IV', 'Skarner', 'Pantheon']","['Vayne', 'Sejuani', 'Sylas', 'Lucian', 'Milio']","['Jayce', ""Kha'Zix"", 'Ahri', 'Senna', 'Alistar']",[],[],1,leaguepedia_cargo_patch_range,0,scoreboard_players_corrected
2026 Asia Masters_Day 3_3_1,2026-06-10 09:31:00,26.11,Asia Masters 2026,EDward Gaming Youth Team,CTBC Flying Oyster Academy,CTBC Flying Oyster Academy,"['Viego', 'Nocturne', 'Varus', ""Kha'Zix"", 'Bard']","['Orianna', 'Cassiopeia', 'Jarvan IV', 'Jhin', 'Trundle']","[""K'Sante"", 'Xin Zhao', 'Ryze', 'Ezreal', 'Seraphine']","['Rumble', 'Skarner', 'Anivia', 'Sivir', 'Karma']",[],[],0,leaguepedia_cargo_patch_range,1,scoreboard_players_corrected
2026 Asia Masters_Day 3_3_2,2026-06-10 10:21:00,26.11,Asia Masters 2026,EDward Gaming Youth Team,CTBC Flying Oyster Academy,CTBC Flying Oyster Academy,"['Viego', 'Nocturne', 'Varus', 'Ambessa', 'Ahri']","['Orianna', 'Cassiopeia', 'Nautilus', 'Gnar', 'Viktor']","['Sion', 'Vi', 'Aurora', 'Lucian', 'Milio']","['Jayce', 'Jarvan IV', 'Hwei', 'Yunara', 'Lulu']",[],[],0,leaguepedia_cargo_patch_range,1,scoreboard_players_corrected
EMEA Masters/2026 Season/Spring Main Event_Groups Day 1_3_1,2026-06-10 15:04:00,26.11,EM 2026 Spring Main Event,Partizan Sangal,G2 NORD,G2 NORD,"['Anivia', 'Nautilus', 'Jarvan IV', 'Vi', 'Sion']","['Orianna', 'Cassiopeia', 'Nocturne', 'Pantheon', 'Olaf']","['Aatrox', 'Jayce', 'Ryze', 'Lucian', 'Milio']","['Yorick', 'Trundle', 'Taliyah', 'Ashe', 'Seraphine']",[],[],0,leaguepedia_cargo_patch_range,1,scoreboard_players_corrected
EMEA Masters/2026 Season/Spring Main Event_Groups Day 1_4_1,2026-06-10 15:04:00,26.11,EM 2026 Spring Main Event,Bomba Team,Solary,Solary,"['Sion', 'Xin Zhao', 'Varus', 'Vi', 'Pantheon']","['Orianna', 'Jarvan IV', 'Ezreal', 'Nocturne', 'Skarner']","['Rumble', 'Aatrox', 'Cassiopeia', 'Caitlyn', 'Karma']","[""K'Sante"", 'Wukong', 'Anivia', 'Lucian', 'Nautilus']",[],[],0,leaguepedia_cargo_patch_range,1,scoreboard_players_corrected
EMEA Masters/2026 Season/Spring Main Event_Groups Day 1_2_1,2026-06-10 15:05:00,26.11,EM 2026 Spring Main Event,HMBLE,UCAM Esports,HMBLE,"['Pyke', 'Nautilus', 'Orianna', 'Sion', 'Ornn']","['Cassiopeia', 'Ezreal', 'Bard', 'Alistar', 'Karma']","['Rumble', 'Nocturne', 'Ahri', 'Caitlyn', 'Lux']","[""K'Sante"", 'Wukong', 'LeBlanc', 'Jhin', 'Neeko']",[],[],1,leaguepedia_cargo_patch_range,0,scoreboard_players_corrected
EMEA Masters/2026 Season/Spring Main Event_Groups Day 1_1_1,2026-06-10 15:07:00,26.11,EM 2026 Spring Main Event,E WIE EINFACH E-SPORTS,Misa Esports,Misa Esports,"['Pyke', 'Nautilus', 'Varus', 'Viktor', 'Jarvan IV']","['Orianna', 'Karma', 'Cassiopeia', 'Xin Zhao', 'Nocturne']","['Rumble', 'Naafiri', 'Sion', 'Caitlyn', 'Bard']","[""K'Sante"", 'Trundle', 'Anivia', 'Ezreal', 'Seraphine']",[],[],0,leaguepedia_cargo_patch_range,1,scoreboard_players_corrected
Streamers Clash/Season 4_Round 1_3_1,2026-06-10 15:10:00,26.11,Streamers Clash Season 4,SILNĚJŠÍ SE XNAPYM,FREEZŮV WOLT DŮCHOĎÁK,FREEZŮV WOLT DŮCHOĎÁK,"['Yuumi', 'Illaoi', 'Caitlyn', 'Ivern', 'Mordekaiser']","['Yone', 'Hwei', 'Skarner', 'Olaf', ""Bel'Veth""]","['Galio', 'Xin Zhao', 'Sylas', ""Kog'Maw"", 'Maokai']","['Malphite', 'Trundle', 'Heimerdinger', 'Sivir', 'Amumu']",[],[],0,leaguepedia_cargo_patch_range,1,scoreboard_players_corrected
EMEA Masters/2026 Season/Spring Main Event_Groups Day 1_3_2,2026-06-10 15:51:00,26.11,EM 2026 Spring Main Event,Partizan Sangal,G2 NORD,G2 NORD,"['Varus', 'Nocturne', 'Jarvan IV', 'Lulu', 'Braum']","['Anivia', 'Karma', 'Rumble', 'Pantheon', 'Skarner']","['Akali', 'Xin Zhao', 'Orianna', 'Sivir', 'Leona']","['Cassiopeia', 'Lee Sin', 'Viktor', 'Senna', 'Nautilus']",[],[],0,leaguepedia_cargo_patch_range,1,scoreboard_players_corrected
EMEA Masters/2026 Season/Spring Main Event_Groups Day 1_1_2,2026-06-10 15:53:00,26.11,EM 2026 Spring Main Event,Misa Esports,E WIE EINFACH E-SPORTS,Misa Esports,"['Karma', 'Jarvan IV', 'Lucian', 'Xin Zhao', 'Pantheon']","['Orianna', 'Pyke', 'Nautilus', 'Poppy', 'Nocturne']","['Jayce', 'Skarner', 'Viktor', 'Ashe', 'Lulu']","['Gnar', 'Dr. Mundo', 'Cassiopeia', 'Varus', 'Neeko']",[],[],1,leaguepedia_cargo_patch_range,0,scoreboard_players_corrected
EMEA Masters/2026 Season/Spring Main Event_Groups Day 1_4_2,2026-06-10 15:57:00,26.11,EM 2026 Spring Main Event,Solary,Bomba Team,Solary,"['Sion', 'Xin Zhao', 'Ashe', 'Skarner', 'Nocturne']","['Orianna', 'Jarvan IV', 'Bard', 'Alistar', 'Neeko']","['Jax', 'Zaahen', 'Ryze', 'Yunara', 'Rell']","['Varus', 'Pantheon', 'Aurora', 'Tristana', 'Leona']",[],[],1,leaguepedia_cargo_patch_range,0,scoreboard_players_corrected
EMEA Masters/2026 Season/Spring Main Event_Groups Day 1_2_2,2026-06-10 16:02:00,26.11,EM 2026 Spring Main Event,HMBLE,UCAM Esports,UCAM Esports,"['Cassiopeia', 'Jarvan IV', 'Ezreal', 'Anivia', 'Vayne']","['Orianna', 'Varus', 'Pyke', 'Gnar', 'Ziggs']","['Renekton', 'Poppy', 'Akali', 'Senna', 'Nautilus']","['Olaf', 'Pantheon', 'Viktor', 'Tristana', 'Rell']",[],[],0,leaguepedia_cargo_patch_range,1,scoreboard_players_corrected
Streamers Clash/Season 4_Round 1_3_2,2026-06-10 16:17:00,26.11,Streamers Clash Season 4,FREEZŮV WOLT DŮCHOĎÁK,SILNĚJŠÍ SE XNAPYM,SILNĚJŠÍ SE XNAPYM,"['Yone', 'Hwei', 'Skarner', 'Zoe', 'Aurelion Sol']","['Yuumi', 'Illaoi', 'Caitlyn', 'Zeri', 'Jarvan IV']","['Mordekaiser', 'Zyra', 'Veigar', 'Miss Fortune', 'Nautilus']","['Ornn', 'Nasus', 'Ahri', 'Brand', 'Senna']",[],[],0,leaguepedia_cargo_patch_range,1,scoreboard_players_corrected
EMEA Masters/2026 Season/Spring Main Event_Groups Day 1_5_1,2026-06-10 16:46:00,26.11,EM 2026 Spring Main Event,Team Heretics Academy,Karmine Corp Blue,Team Heretics Academy,"['Varus', 'Nautilus', 'Anivia', 'Lee Sin', 'Naafiri']","['Orianna', 'Bard', 'Cassiopeia', 'Aurora', 'Annie']","['Rumble', 'Jarvan IV', 'Ahri', 'Sivir', 'Karma']","[""K'Sante"", 'Pantheon', 'Ryze', 'Ezreal', 'Alistar']",[],[],1,leaguepedia_cargo_patch_range,0,scoreboard_players_corrected
EMEA Masters/2026 Season/Spring Main Event_Groups Day 1_8_1,2026-06-10 16:47:00,26.11,EM 2026 Spring Main Event,Eintracht Spandau,Anubis Gaming,Eintracht Spandau,"['Jarvan IV', 'Nautilus', 'Ryze', 'Taliyah', 'Akali']","['Orianna', 'Karma', 'Nocturne', 'Skarner', 'Sion']","['Rumble', 'Lee Sin', 'Azir', 'Lucian', 'Milio']","['Varus', 'Pantheon', 'Cassiopeia', 'Ezreal', 'Bard']",[],[],1,leaguepedia_cargo_patch_range,0,scoreboard_players_corrected
EMEA Masters/2026 Season/Spring Main Event_Groups Day 1_2_3,2026-06-10 16:51:00,26.11,EM 2026 Spring Main Event,HMBLE,UCAM Esports,UCAM Esports,"['Anivia', 'Orianna', 'Pyke', 'Fiora', 'Gwen']","['Cassiopeia', 'Bard', 'Skarner', 'Aurora', 'Syndra']","['Sion', 'Jarvan IV', 'Hwei', 'Lucian', 'Milio']","['Gnar', 'Xin Zhao', 'Ryze', 'Ezreal', 'Seraphine']",[],[],0,leaguepedia_cargo_patch_range,1,scoreboard_players_corrected
EMEA Masters/2026 Season/Spring Main Event_Groups Day 1_6_1,2026-06-10 16:57:00,26.11,EM 2026 Spring Main Event,PCIFIC Esports,Forsaken (Polish Team),PCIFIC Esports,"['Varus', 'Anivia', 'Rumble', 'Pantheon', 'Xin Zhao']","['Orianna', 'Jarvan IV', 'Lucian', 'Vi', 'Trundle']","['Sion', 'Dr. Mundo', 'Cassiopeia', 'Ashe', 'Seraphine']","['Gnar', 'Lee Sin', 'LeBlanc', 'Senna', 'Nautilus']",[],[],1,leaguepedia_cargo_patch_range,0,scoreboard_players_corrected
Streamers Clash/Season 4_Round 1_3_3,2026-06-10 17:15:00,26.11,Streamers Clash Season 4,SILNĚJŠÍ SE XNAPYM,FREEZŮV WOLT DŮCHOĎÁK,FREEZŮV WOLT DŮCHOĎÁK,"['Yuumi', 'Illaoi', 'Caitlyn', 'Varus', 'Aphelios']","['Yone', 'Hwei', 'Skarner', 'Mel', 'Irelia']","['Sion', 'Gwen', 'Ezreal', 'Swain', 'Rell']","['Shen', 'Jarvan IV', 'Morgana', 'Tristana', 'Seraphine']",[],[],0,leaguepedia_cargo_patch_range,1,scoreboard_players_corrected
EMEA Masters/2026 Season/Spring Main Event_Groups Day 1_7_1,2026-06-10 17:39:00,26.11,EM 2026 Spring Main Event,WLGaming Esports,Galions,Galions,"['Varus', 'Nautilus', 'Anivia', 'Irelia', 'Vayne']","['Orianna', 'Sion', 'Cassiopeia', 'Ahri', 'Aurora']","['Jayce', 'Xin Zhao', 'Annie', 'Ezreal', 'Karma']","[""K'Sante"", 'Jarvan IV', 'Ryze', 'Ashe', 'Seraphine']",[],[],0,leaguepedia_cargo_patch_range,1,scoreboard_players_corrected
EMEA Masters/2026 Season/Spring Main Event_Groups Day 1_5_2,2026-06-10 17:42:00,26.11,EM 2026 Spring Main Event,Team Heretics Academy,Karmine Corp Blue,Team Heretics Academy,"['Bard', 'Seraphine', 'LeBlanc', 'Vayne', 'Shen']","['Orianna', 'Varus', 'Cassiopeia', 'Jhin', ""Kai'Sa""]","['Sion', 'Xin Zhao', 'Akali', 'Lucian', 'Milio']","['Renekton', 'Vi', 'Anivia', 'Corki', 'Nautilus']",[],[],1,leaguepedia_cargo_patch_range,0,scoreboard_players_corrected
EMEA Masters/2026 Season/Spring Main Event_Groups Day 1_8_2,2026-06-10 17:54:00,26.11,EM 2026 Spring Main Event,Eintracht Spandau,Anubis Gaming,Eintracht Spandau,"['Jarvan IV', 'Nautilus', 'Ashe', 'Vayne', 'Gnar']","['Orianna', 'Karma', 'Nocturne', 'Sion', 'Syndra']","[""K'Sante"", 'Skarner', 'Viktor', 'Caitlyn', 'Neeko']","['Jayce', 'Xin Zhao', 'Anivia', 'Jhin', 'Alistar']",[],[],1,leaguepedia_cargo_patch_range,0,scoreboard_players_corrected
EMEA Masters/2026 Season/Spring Main Event_Groups Day 1_6_2,2026-06-10 17:56:00,26.11,EM 2026 Spring Main Event,PCIFIC Esports,Forsaken (Polish Team),Forsaken (Polish Team),"['Varus', 'Akali', 'Ezreal', 'Yorick', 'Xin Zhao']","['Orianna', 'Karma', 'Rumble', 'Ryze', 'Viktor']","['Malphite', 'Wukong', 'Aurora', 'Aphelios', 'Milio']","['Jayce', 'Jarvan IV', 'Twisted Fate', 'Lucian', 'Nami']",[],[],0,leaguepedia_cargo_patch_range,1,scoreboard_players_corrected
Esports World Cup 2026/Online Qualifiers/South America_Round 2_3_1,2026-06-10 18:07:00,26.11,Esports World Cup 2026 Online Qualifier: South America,LOUD,Fluxo W7M,LOUD,"['Orianna', 'Caitlyn', 'Naafiri', ""K'Sante"", 'Pantheon']","['Nocturne', 'Aatrox', 'Cassiopeia', 'Nautilus', 'Lucian']","['Ornn', 'Lee Sin', 'Ryze', 'Ezreal', 'Karma']","['Rumble', 'Jarvan IV', 'Yone', 'Jhin', 'Rakan']",[],[],1,leaguepedia_cargo_patch_range,0,scoreboard_players_corrected
Streamers Clash/Season 4_Round 1_4_1,2026-06-10 18:11:00,26.11,Streamers Clash Season 4,TYBLÁHO MEWING SOCIETY,STOPERCENTNÁ KAMILOVA TUTOFKA,STOPERCENTNÁ KAMILOVA TUTOFKA,"['Kayle', 'Amumu', 'Lissandra', 'Zaahen', 'Malphite']","['Irelia', 'Vayne', 'Yuumi', 'Trundle', 'Sylas']","['Yone', 'Skarner', 'Galio', 'Brand', 'Braum']","['Darius', 'Nasus', 'Veigar', 'Ashe', 'Maokai']",[],[],0,leaguepedia_cargo_patch_range,1,scoreboard_players_corrected
EMEA Masters/2026 Season/Spring Main Event_Groups Day 1_7_2,2026-06-10 18:22:00,26.11,EM 2026 Spring Main Event,Galions,WLGaming Esports,Galions,"['Nautilus', 'Nocturne', 'Pantheon', 'Gwen', 'Varus']","['Orianna', 'Cassiopeia', 'Vi', 'Neeko', 'Sion']","['Rumble', 'Wukong', 'Anivia', 'Caitlyn', 'Pyke']","['Gnar', 'Skarner', 'Aurora', 'Jhin', 'Bard']",[],[],1,leaguepedia_cargo_patch_range,0,scoreboard_players_corrected
EMEA Masters/2026 Season/Spring Main Event_Groups Day 1_6_3,2026-06-10 18:58:00,26.11,EM 2026 Spring Main Event,PCIFIC Esports,Forsaken (Polish Team),Forsaken (Polish Team),"['Pantheon', 'Anivia', 'Varus', 'Xin Zhao', 'Skarner']","['Karma', 'Orianna', 'Ryze', 'Akali', 'Trundle']","['Rumble', 'Vi', 'Ahri', ""Kai'Sa"", 'Neeko']","['Yorick', 'Nocturne', 'Sylas', 'Ezreal', 'Rakan']",[],[],0,leaguepedia_cargo_patch_range,1,scoreboard_players_corrected
Esports World Cup 2026/Online Qualifiers/South America_Round 2_3_2,2026-06-10 19:10:00,26.11,Esports World Cup 2026 Online Qualifier: South America,LOUD,Fluxo W7M,LOUD,"['Orianna', 'Caitlyn', 'Naafiri', 'Annie', 'Aurora']","['Cassiopeia', 'Nocturne', 'Aatrox', 'Gwen', 'LeBlanc']","['Sion', 'Trundle', 'Twisted Fate', 'Lucian', 'Milio']","['Gnar', 'Pantheon', 'Zoe', 'Senna', 'Nautilus']",[],[],1,leaguepedia_cargo_patch_range,0,scoreboard_players_corrected
Streamers Clash/Season 4_Round 1_4_2,2026-06-10 19:15:00,26.11,Streamers Clash Season 4,STOPERCENTNÁ KAMILOVA TUTOFKA,TYBLÁHO MEWING SOCIETY,STOPERCENTNÁ KAMILOVA TUTOFKA,['Aatrox'],[],"['Vladimir', 'Pantheon', 'Zilean', 'Malzahar', 'Nautilus']","['Olaf', 'Wukong', 'Swain', 'Seraphine', 'Leona']",[],[],1,leaguepedia_cargo_patch_range,0,scoreboard_players_corrected
Streamers Clash/Season 4_Round 3_1_1,2026-06-10 20:12:00,26.11,Streamers Clash Season 4,VEDICI DEEMONS,HERDYNŮV LANGUSTA TÝM,VEDICI DEEMONS,"['Viego', 'Lillia', 'Zaahen', 'Viktor', 'Tristana']","['Yuumi', 'Amumu', ""Cho'Gath"", 'Poppy', 'Zed']","['Skarner', 'Nasus', 'Orianna', 'Caitlyn', 'Morgana']","['Mordekaiser', ""Bel'Veth"", 'Kassadin', 'Seraphine', 'Nautilus']",[],[],1,leaguepedia_cargo_patch_range,0,scoreboard_players_corrected
Streamers Clash/Season 4_Round 3_1_2,2026-06-10 21:03:00,26.11,Streamers Clash Season 4,HERDYNŮV LANGUSTA TÝM,VEDICI DEEMONS,VEDICI DEEMONS,"['Amumu', 'Zed', ""Cho'Gath"", 'Malphite', 'Jax']","['Zaahen', 'Lillia', 'Yuumi', 'Illaoi', 'Kayle']","['Kled', 'Viego', 'Syndra', 'Veigar', 'Maokai']","['Ornn', 'Poppy', 'Viktor', 'Tristana', 'Leona']",[],[],0,leaguepedia_cargo_patch_range,1,scoreboard_players_corrected
Esports World Cup 2026/Online Qualifiers/South America_Round 2_4_1,2026-06-10 21:23:00,26.11,Esports World Cup 2026 Online Qualifier: South America,LØS,paiN Gaming,LØS,"['Varus', 'Bard', 'Karma', 'Jayce', 'Vayne']","['Nautilus', 'Cassiopeia', 'Rumble', 'Sion', 'Akali']","['Sylas', 'Jarvan IV', 'Orianna', 'Lucian', 'Milio']","['Gnar', 'Nocturne', 'Viktor', 'Xayah', 'Rakan']",[],[],1,leaguepedia_cargo_patch_range,0,scoreboard_players_corrected
Esports World Cup 2026/Online Qualifiers/South America_Round 2_4_2,2026-06-10 22:21:00,26.11,Esports World Cup 2026 Online Qualifier: South America,LØS,paiN Gaming,LØS,"['Varus', 'Bard', 'Vi', 'Zoe', 'Taliyah']","['Nautilus', 'Cassiopeia', 'Rumble', 'Lee Sin', 'Naafiri']","['Vayne', 'Pantheon', 'Anivia', 'Caitlyn', 'Karma']","['Jayce', 'Trundle', 'Ryze', 'Miss Fortune', 'Rell']",[],[],1,leaguepedia_cargo_patch_range,0,scoreboard_players_corrected
2026 Asia Masters_Day 4_1_1,2026-06-11 06:08:00,26.11,Asia Masters 2026,Saigon Warriors,Weibo Gaming Youth Team,Saigon Warriors,"['Ezreal', 'Rumble', 'Vi', 'Nautilus', 'Gnar']","['Orianna', 'Jarvan IV', 'Lucian', 'Bard', 'Pyke']","['Shen', 'Nocturne', 'Cassiopeia', 'Varus', 'Karma']","['Sion', 'Pantheon', 'Ryze', 'Jhin', 'Seraphine']",[],[],1,leaguepedia_cargo_patch_range,0,scoreboard_players_corrected
2026 Asia Masters_Day 4_1_2,2026-06-11 07:27:00,26.11,Asia Masters 2026,Saigon Warriors,Weibo Gaming Youth Team,Saigon Warriors,"['Ezreal', 'Rumble', 'Nautilus', 'Azir', 'Taliyah']","['Orianna', 'Jarvan IV', 'Milio', 'Annie', 'Galio']","['Jayce', 'Vi', 'Aurora', 'Caitlyn', 'Bard']","['Gnar', 'Xin Zhao', 'Mel', 'Yunara', 'Lulu']",[],[],1,leaguepedia_cargo_patch_range,0,scoreboard_players_corrected
2026 Asia Masters_Day 4_2_1,2026-06-11 08:26:00,26.11,Asia Masters 2026,KT Rolster Challengers,Bilibili Gaming Junior,KT Rolster Challengers,"['Ezreal', 'Lucian', 'Akali', 'Nautilus', 'Lulu']","['Nocturne', 'Varus', 'Karma', 'Vi', 'Naafiri']","[""K'Sante"", 'Jarvan IV', 'Viktor', 'Ashe', 'Seraphine']","['Rumble', 'Xin Zhao', 'Orianna', 'Jhin', 'Bard']",[],[],1,leaguepedia_cargo_patch_range,0,scoreboard_players_corrected
2026 Asia Masters_Day 4_2_2,2026-06-11 09:22:00,26.11,Asia Masters 2026,KT Rolster Challengers,Bilibili Gaming Junior,KT Rolster Challengers,"['Nocturne', 'Varus', 'Karma', 'Naafiri', 'Gwen']","['Ezreal', 'Lucian', 'Lee Sin', ""Kai'Sa"", 'Ambessa']","['Sion', 'Vi', 'Cassiopeia', 'Miss Fortune', 'Nautilus']","['Gnar', 'Zaahen', 'Galio', 'Yunara', 'Lulu']",[],[],1,leaguepedia_cargo_patch_range,0,scoreboard_players_corrected
2026 Asia Masters_Day 4_3_1,2026-06-11 10:02:00,26.11,Asia Masters 2026,Top Esports Challenger,CTBC Flying Oyster Academy,Top Esports Challenger,"['Lee Sin', 'Naafiri', 'Galio', 'Vi', 'Xin Zhao']","['Nocturne', 'Karma', 'Nautilus', 'Bard', 'Lucian']","[""K'Sante"", 'Wukong', 'Akali', 'Ashe', 'Seraphine']","['Rumble', 'Jarvan IV', 'Orianna', 'Zeri', 'Yuumi']",[],[],1,leaguepedia_cargo_patch_range,0,scoreboard_players_corrected
VCS/2026 Season/Summer Playoffs_Round 1_1_1,2026-06-11 10:40:00,26.11,VCS 2026 Summer Playoffs,Saigon Warriors,SN CyberCore Esports,Saigon Warriors,"['Cassiopeia', 'Akali', 'Varus', 'Lucian', 'Sivir']","['Nocturne', 'Karma', 'Orianna', 'Aurora', 'Annie']","[""K'Sante"", 'Jarvan IV', 'Azir', 'Ezreal', 'Bard']","['Rumble', 'Lee Sin', 'Ryze', ""Kai'Sa"", 'Nautilus']",[],[],1,leaguepedia_cargo_patch_range,0,scoreboard_players_corrected
2026 Asia Masters_Day 4_3_2,2026-06-11 10:52:00,26.11,Asia Masters 2026,Top Esports Challenger,CTBC Flying Oyster Academy,Top Esports Challenger,"['Lee Sin', 'Naafiri', 'Galio', ""Kha'Zix"", 'Pantheon']","['Karma', 'Nautilus', 'Nocturne', 'Skarner', 'Trundle']","['Malphite', 'Xin Zhao', 'Aurora', 'Lucian', 'Milio']","['Jayce', 'Vi', 'Anivia', 'Yunara', 'Lulu']",[],[],1,leaguepedia_cargo_patch_range,0,scoreboard_players_corrected
VCS/2026 Season/Summer Playoffs_Round 1_1_2,2026-06-11 11:31:00,26.11,VCS 2026 Summer Playoffs,Saigon Warriors,SN CyberCore Esports,Saigon Warriors,"['Akali', 'Varus', 'Cassiopeia', 'Twisted Fate', 'Jayce']","['Nocturne', 'Lucian', 'Orianna', 'Annie', 'Sion']","['Renekton', 'Xin Zhao', 'LeBlanc', 'Caitlyn', 'Karma']","['Gnar', 'Pantheon', 'Aurora', 'Jhin', 'Pyke']",[],[],1,leaguepedia_cargo_patch_range,0,scoreboard_players_corrected
VCS/2026 Season/Summer Playoffs_Round 1_1_3,2026-06-11 12:18:00,26.11,VCS 2026 Summer Playoffs,Saigon Warriors,SN CyberCore Esports,Saigon Warriors,"['Varus', 'Akali', 'Seraphine', 'Skarner', 'Leona']","['Nocturne', 'Naafiri', 'Cassiopeia', 'Lucian', 'Rakan']","['Yorick', 'Vi', 'Orianna', 'Yunara', 'Lulu']","['Jayce', 'Zyra', 'Sion', 'Corki', 'Blitzcrank']",[],[],1,leaguepedia_cargo_patch_range,0,scoreboard_players_corrected
EMEA Masters/2026 Season/Spring Main Event_Groups Day 2_1_1,2026-06-11 15:02:00,26.11,EM 2026 Spring Main Event,Misa Esports,UCAM Esports,UCAM Esports,"['Pyke', 'Nautilus', 'Varus', 'Trundle', 'Xin Zhao']","['Orianna', 'Bard', 'Ezreal', 'Naafiri', 'Jarvan IV']","['Sion', 'Lee Sin', 'Cassiopeia', 'Caitlyn', 'Karma']","['Gwen', 'Wukong', 'Anivia', 'Ashe', 'Seraphine']",[],[],0,leaguepedia_cargo_patch_range,1,scoreboard_players_corrected
EMEA Masters/2026 Season/Spring Main Event_Groups Day 2_2_1,2026-06-11 15:02:00,26.11,EM 2026 Spring Main Event,Galions,G2 NORD,G2 NORD,"['Nautilus', 'Anivia', 'Jarvan IV', 'Gwen', 'Vi']","['Orianna', 'Caitlyn', 'Cassiopeia', 'Nocturne', 'Sion']","[""K'Sante"", 'Pantheon', 'Ryze', 'Yunara', 'Karma']","['Vayne', 'Lee Sin', 'Taliyah', 'Ashe', 'Seraphine']",[],[],0,leaguepedia_cargo_patch_range,1,scoreboard_players_corrected
EMEA Masters/2026 Season/Spring Main Event_Groups Day 2_3_1,2026-06-11 15:03:00,26.11,EM 2026 Spring Main Event,Bomba Team,Anubis Gaming,Anubis Gaming,"['Varus', 'Jarvan IV', 'Ashe', 'Sion', 'Jayce']","['Orianna', 'Nocturne', 'Caitlyn', 'Vi', 'Pantheon']","['Rumble', 'Wukong', 'Cassiopeia', 'Ezreal', 'Nautilus']","[""K'Sante"", 'Skarner', 'Anivia', 'Lucian', 'Milio']",[],[],0,leaguepedia_cargo_patch_range,1,scoreboard_players_corrected
EMEA Masters/2026 Season/Spring Main Event_Groups Day 2_4_1,2026-06-11 15:13:00,26.11,EM 2026 Spring Main Event,Eintracht Spandau,Solary,Solary,"['Ryze', 'Xin Zhao', 'Anivia', 'Taliyah', 'Vayne']","['Orianna', 'Nocturne', 'Cassiopeia', 'Pantheon', 'Rumble']","['Sion', 'Zaahen', 'Azir', 'Lucian', 'Milio']","['Gwen', 'Vi', 'Ahri', 'Caitlyn', 'Nautilus']",[],[],0,leaguepedia_cargo_patch_range,1,scoreboard_players_corrected
EMEA Masters/2026 Season/Spring Main Event_Groups Day 2_3_2,2026-06-11 15:51:00,26.11,EM 2026 Spring Main Event,Anubis Gaming,Bomba Team,Anubis Gaming,"['Varus', 'Nocturne', 'Caitlyn', 'Xin Zhao', 'Vi']","['Orianna', 'Pantheon', 'Ashe', 'Sion', 'Ahri']","['Jayce', 'Jarvan IV', 'Ryze', ""Kai'Sa"", 'Rell']","['Yorick', 'Aatrox', 'Aurora', 'Corki', 'Bard']",[],[],1,leaguepedia_cargo_patch_range,0,scoreboard_players_corrected
EMEA Masters/2026 Season/Spring Main Event_Groups Day 2_2_2,2026-06-11 15:56:00,26.11,EM 2026 Spring Main Event,Galions,G2 NORD,Galions,"['Varus', 'Caitlyn', 'Anivia', 'Jayce', 'Aurora']","['Orianna', 'Senna', 'Cassiopeia', 'Rumble', 'Galio']","['Gnar', 'Xin Zhao', 'Annie', 'Lucian', 'Milio']","['Renekton', 'Jarvan IV', 'Viktor', 'Xayah', 'Rakan']",[],[],1,leaguepedia_cargo_patch_range,0,scoreboard_players_corrected
EMEA Masters/2026 Season/Spring Main Event_Groups Day 2_1_2,2026-06-11 16:01:00,26.11,EM 2026 Spring Main Event,Misa Esports,UCAM Esports,UCAM Esports,"['Pyke', 'Nautilus', 'Varus', 'Gnar', 'Jarvan IV']","['Orianna', 'Bard', 'Ezreal', 'Naafiri', 'Qiyana']","['Rumble', 'Pantheon', 'Ryze', 'Lucian', 'Milio']","[""K'Sante"", 'Xin Zhao', 'Viktor', 'Kalista', 'Renata Glasc']",[],[],0,leaguepedia_cargo_patch_range,1,scoreboard_players_corrected
EMEA Masters/2026 Season/Spring Main Event_Groups Day 2_4_2,2026-06-11 16:08:00,26.11,EM 2026 Spring Main Event,Solary,Eintracht Spandau,Solary,"['Varus', 'Nocturne', 'Ezreal', ""K'Sante"", 'Cassiopeia']","['Orianna', 'Xin Zhao', 'Seraphine', 'Wukong', 'LeBlanc']","['Anivia', ""Rek'Sai"", 'Ryze', 'Jhin', 'Bard']","['Rumble', 'Jarvan IV', 'Syndra', 'Yunara', 'Lulu']",[],[],1,leaguepedia_cargo_patch_range,0,scoreboard_players_corrected
Road Of Legends/2026 Season/Summer Promotion_Round 1_1_1,2026-06-11 16:08:00,26.11,Road Of Legends 2026 Summer Promotion,SNOOZE Esports,ZennIT,ZennIT,"['Bard', 'Azir', 'Caitlyn', 'Anivia', 'Viktor']","['Orianna', 'Ezreal', 'Jarvan IV', 'Braum', 'Alistar']","['Wukong', 'Graves', 'Ryze', 'Senna', 'Rell']","['Jax', 'Karthus', 'Xin Zhao', 'Tristana', 'Nautilus']",[],[],0,leaguepedia_cargo_patch_range,1,scoreboard_players_corrected
Streamers Clash/Season 4_Round 2_1_1,2026-06-11 16:34:00,26.11,Streamers Clash Season 4,STOPERCENTNÁ KAMILOVA TUTOFKA,FREEZŮV WOLT DŮCHOĎÁK,STOPERCENTNÁ KAMILOVA TUTOFKA,[],"['Nasus', 'Yuumi', 'Maokai']","['Shen', 'Amumu', 'Vayne', 'Ashe', 'Sejuani']","['Illaoi', 'Sylas', 'Seraphine', 'Caitlyn', 'Nautilus']",[],[],1,leaguepedia_cargo_patch_range,0,scoreboard_players_corrected
EMEA Masters/2026 Season/Spring Main Event_Groups Day 2_2_3,2026-06-11 16:43:00,26.11,EM 2026 Spring Main Event,Galions,G2 NORD,Galions,"['Senna', 'Anivia', 'Cassiopeia', 'Sion', 'Shyvana']","['Orianna', 'Caitlyn', 'Bard', ""Kai'Sa"", 'Braum']","['Rumble', 'Wukong', 'Ahri', 'Varus', 'Renata Glasc']","['Ambessa', 'Nocturne', 'Akali', 'Ezreal', 'Alistar']",[],[],1,leaguepedia_cargo_patch_range,0,scoreboard_players_corrected
EMEA Masters/2026 Season/Spring Main Event_Groups Day 2_8_1,2026-06-11 16:45:00,26.11,EM 2026 Spring Main Event,Partizan Sangal,WLGaming Esports,WLGaming Esports,"['Varus', 'Nautilus', 'Jarvan IV', ""K'Sante"", 'Xin Zhao']","['Orianna', 'Caitlyn', 'Nocturne', 'Bard', 'Neeko']","['Sion', 'Pantheon', 'LeBlanc', 'Ashe', 'Seraphine']","['Rumble', 'Vi', 'Cassiopeia', 'Ezreal', 'Karma']",[],[],0,leaguepedia_cargo_patch_range,1,scoreboard_players_corrected
Road Of Legends/2026 Season/Summer Promotion_Round 1_1_2,2026-06-11 17:01:00,26.11,Road Of Legends 2026 Summer Promotion,SNOOZE Esports,ZennIT,ZennIT,"['Bard', 'Caitlyn', 'Viktor', 'Ahri', 'Ambessa']","['Orianna', 'Ezreal', 'Jarvan IV', 'Nocturne', 'Master Yi']","['Rumble', 'Volibear', 'Aurora', 'Jhin', 'Karma']","['Ornn', 'Vi', 'Azir', 'Lucian', 'Milio']",[],[],0,leaguepedia_cargo_patch_range,1,scoreboard_players_corrected
EMEA Masters/2026 Season/Spring Main Event_Groups Day 2_7_1,2026-06-11 17:06:00,26.11,EM 2026 Spring Main Event,Team Heretics Academy,Forsaken (Polish Team),Team Heretics Academy,"['Varus', 'Lucian', 'Anivia', 'Olaf', 'Trundle']","['Orianna', 'Cassiopeia', 'Jarvan IV', 'Annie', 'Ahri']","['Sion', 'Xin Zhao', 'Akali', 'Ezreal', 'Karma']","[""K'Sante"", 'Wukong', 'Ryze', 'Ashe', 'Seraphine']",[],[],1,leaguepedia_cargo_patch_range,0,scoreboard_players_corrected
EMEA Masters/2026 Season/Spring Main Event_Groups Day 2_6_1,2026-06-11 17:23:00,26.11,EM 2026 Spring Main Event,PCIFIC Esports,Karmine Corp Blue,Karmine Corp Blue,"['Nautilus', 'Jarvan IV', 'Anivia', 'Jax', 'Ahri']","['Orianna', 'Karma', 'Cassiopeia', 'Milio', 'Seraphine']","['Varus', 'Lee Sin', 'Ryze', ""Kai'Sa"", 'Neeko']","['Sion', 'Nocturne', 'Aurora', 'Ezreal', 'Bard']",[],[],0,leaguepedia_cargo_patch_range,1,scoreboard_players_corrected
Streamers Clash/Season 4_Round 2_1_2,2026-06-11 17:30:00,26.11,Streamers Clash Season 4,FREEZŮV WOLT DŮCHOĎÁK,STOPERCENTNÁ KAMILOVA TUTOFKA,FREEZŮV WOLT DŮCHOĎÁK,"['Maokai', 'Yone', 'Yuumi', 'Wukong', 'Trundle']","['Mordekaiser', 'Malphite', 'Nasus', 'Jarvan IV', 'Ivern']","['Ornn', 'Diana', 'Galio', 'Tristana', 'Braum']","['Zilean', 'Poppy', 'Kayle', 'Veigar', 'Leona']",[],[],1,leaguepedia_cargo_patch_range,0,scoreboard_players_corrected
EMEA Masters/2026 Season/Spring Main Event_Groups Day 2_5_1,2026-06-11 17:37:00,26.11,EM 2026 Spring Main Event,E WIE EINFACH E-SPORTS,HMBLE,E WIE EINFACH E-SPORTS,"['Nautilus', 'Orianna', 'Pyke', 'Ezreal', 'Kennen']","['Rumble', 'Nocturne', 'Jarvan IV', 'Pantheon', 'Lee Sin']","['Poppy', 'Xin Zhao', 'Viktor', 'Ashe', 'Seraphine']","['Gnar', 'Wukong', 'Cassiopeia', 'Jhin', 'Bard']",[],[],1,leaguepedia_cargo_patch_range,0,scoreboard_players_corrected
EMEA Masters/2026 Season/Spring Main Event_Groups Day 2_7_2,2026-06-11 17:51:00,26.11,EM 2026 Spring Main Event,Team Heretics Academy,Forsaken (Polish Team),Team Heretics Academy,"['Varus', 'Anivia', 'Aurora', 'Vayne', 'Ahri']","['Orianna', 'Cassiopeia', 'Rumble', 'Viktor', 'Yorick']","['Gnar', 'Skarner', 'Annie', 'Lucian', 'Milio']","['Jayce', 'Jarvan IV', 'LeBlanc', 'Jhin', 'Nautilus']",[],[],1,leaguepedia_cargo_patch_range,0,scoreboard_players_corrected
Road Of Legends/2026 Season/Summer Promotion_Round 1_1_3,2026-06-11 17:51:00,26.11,Road Of Legends 2026 Summer Promotion,ZennIT,SNOOZE Esports,SNOOZE Esports,"['Ezreal', 'Jarvan IV', 'Varus', 'Heimerdinger', ""Kai'Sa""]","['Bard', 'Caitlyn', 'Viktor', 'Renekton', 'Camille']","[""K'Sante"", 'Naafiri', 'Orianna', 'Zeri', 'Lulu']","['Ambessa', 'Nocturne', 'Ahri', 'Xayah', 'Neeko']",[],[],0,leaguepedia_cargo_patch_range,1,scoreboard_players_corrected
Esports World Cup 2026/Online Qualifiers/South America_Round 4_1_1,2026-06-11 18:08:00,26.11,Esports World Cup 2026 Online Qualifier: South America,Vivo Keyd Stars,RED Canids,RED Canids,"['Nocturne', 'Varus', 'Cassiopeia', 'Annie', 'Wukong']","['Bard', 'Karma', 'Pantheon', 'Nautilus', 'Rakan']","[""K'Sante"", 'Lee Sin', 'Akali', 'Lucian', 'Milio']","['Rumble', 'Jarvan IV', 'Ryze', 'Ashe', 'Seraphine']",[],[],0,leaguepedia_cargo_patch_range,1,scoreboard_players_corrected
EMEA Masters/2026 Season/Spring Main Event_Groups Day 2_6_2,2026-06-11 18:13:00,26.11,EM 2026 Spring Main Event,PCIFIC Esports,Karmine Corp Blue,Karmine Corp Blue,"['Karma', 'Milio', 'Seraphine', 'Caitlyn', 'Rakan']","['Orianna', 'Pantheon', 'Cassiopeia', 'Kalista', 'Poppy']","['Galio', 'Jarvan IV', 'Akali', 'Sivir', 'Lulu']","['Rumble', 'Vi', 'Anivia', 'Jhin', 'Alistar']",[],[],0,leaguepedia_cargo_patch_range,1,scoreboard_players_corrected
Streamers Clash/Season 4_Round 2_1_3,2026-06-11 18:24:00,26.11,Streamers Clash Season 4,STOPERCENTNÁ KAMILOVA TUTOFKA,FREEZŮV WOLT DŮCHOĎÁK,STOPERCENTNÁ KAMILOVA TUTOFKA,"['Mordekaiser', 'Malphite', 'Sivir', 'Varus', 'Smolder']","['Yuumi', 'Nasus', 'Maokai', 'Gwen', 'Yone']","['Irelia', 'Pantheon', 'Viktor', 'Malzahar', 'Nami']","[""Cho'Gath"", 'Jarvan IV', 'Morgana', 'Draven', 'Rakan']",[],[],1,leaguepedia_cargo_patch_range,0,scoreboard_players_corrected
EMEA Masters/2026 Season/Spring Main Event_Groups Day 2_5_2,2026-06-11 18:31:00,26.11,EM 2026 Spring Main Event,E WIE EINFACH E-SPORTS,HMBLE,E WIE EINFACH E-SPORTS,"['Nautilus', 'Orianna', 'Pyke', 'Leona', 'Rell']","['Rumble', 'Nocturne', 'Ryze', 'Azir', 'Anivia']","['Sion', 'Naafiri', 'Sylas', 'Ziggs', 'Amumu']","['Renekton', 'Jarvan IV', 'Ahri', 'Ezreal', 'Karma']",[],[],1,leaguepedia_cargo_patch_range,0,scoreboard_players_corrected
EMEA Masters/2026 Season/Spring Main Event_Groups Day 2_8_2,2026-06-11 18:31:00,26.11,EM 2026 Spring Main Event,WLGaming Esports,Partizan Sangal,WLGaming Esports,"['Varus', 'Nautilus', 'Ryze', 'Akali', 'Gnar']","['Orianna', 'Caitlyn', 'Anivia', 'Aurora', 'Lissandra']","[""K'Sante"", 'Jarvan IV', 'Annie', 'Lucian', 'Yuumi']","['Vayne', 'Nocturne', 'Ahri', 'Aphelios', 'Milio']",[],[],1,leaguepedia_cargo_patch_range,0,scoreboard_players_corrected
Road Of Legends/2026 Season/Summer Promotion_Round 1_1_4,2026-06-11 18:52:00,26.11,Road Of Legends 2026 Summer Promotion,SNOOZE Esports,ZennIT,ZennIT,"['Bard', 'Caitlyn', 'Viktor', 'Camille', 'Renekton']","['Jarvan IV', 'Ashe', 'Annie', 'Braum', 'Rakan']","['Gnar', 'Skarner', 'Hwei', 'Ezreal', 'Alistar']","['Vayne', 'Pantheon', 'Akali', 'Varus', 'Leona']",[],[],0,leaguepedia_cargo_patch_range,1,scoreboard_players_corrected
Esports World Cup 2026/Online Qualifiers/South America_Round 4_1_2,2026-06-11 18:56:00,26.11,Esports World Cup 2026 Online Qualifier: South America,RED Canids,Vivo Keyd Stars,RED Canids,"['Bard', 'Karma', 'Yorick', 'Orianna', 'Rakan']","['Nocturne', 'Cassiopeia', 'Annie', 'Gwen', 'Viktor']","['Sion', 'Naafiri', 'LeBlanc', 'Varus', 'Neeko']","['Jayce', 'Pantheon', 'Sylas', 'Ezreal', 'Alistar']",[],[],1,leaguepedia_cargo_patch_range,0,scoreboard_players_corrected
Streamers Clash/Season 4_Round 3_2_1,2026-06-11 19:36:00,26.11,Streamers Clash Season 4,STOPERCENTNÁ KAMILOVA TUTOFKA,HERDYNŮV LANGUSTA TÝM,HERDYNŮV LANGUSTA TÝM,"['Zaahen', 'Lillia', 'Malphite', 'Sylas', 'Viego']","['Vayne', 'Amumu', 'Nasus', 'Zilean', 'Lissandra']","['Mordekaiser', 'Pantheon', 'Viktor', 'Vladimir', 'Yuumi']","[""Cho'Gath"", 'Wukong', 'Tristana', 'Seraphine', 'Nautilus']",[],[],0,leaguepedia_cargo_patch_range,1,scoreboard_players_corrected
Streamers Clash/Season 4_Round 3_2_2,2026-06-11 20:26:00,26.11,Streamers Clash Season 4,STOPERCENTNÁ KAMILOVA TUTOFKA,HERDYNŮV LANGUSTA TÝM,HERDYNŮV LANGUSTA TÝM,[],[],"['Master Yi', 'Jarvan IV', 'Vex', 'Veigar', 'Maokai']","['Ornn', 'Viego', 'Ahri', 'Morgana', 'Galio']",[],[],0,leaguepedia_cargo_patch_range,1,scoreboard_players_corrected
Esports World Cup 2026/Online Qualifiers/South America_Round 3_1_1,2026-06-11 21:21:00,26.11,Esports World Cup 2026 Online Qualifier: South America,LØS,LOUD,LOUD,"['Naafiri', 'Jarvan IV', 'Ryze', 'Sion', ""K'Sante""]","['Nocturne', 'Cassiopeia', 'Pantheon', 'Wukong', 'Jayce']","['Rumble', 'Xin Zhao', 'Orianna', 'Ezreal', 'Bard']","['Ornn', 'Vi', 'Akali', 'Caitlyn', 'Karma']",[],[],0,leaguepedia_cargo_patch_range,1,scoreboard_players_corrected
Esports World Cup 2026/Online Qualifiers/South America_Round 3_1_2,2026-06-11 22:14:00,26.11,Esports World Cup 2026 Online Qualifier: South America,LOUD,LØS,LØS,"['Varus', 'Lucian', 'Jarvan IV', 'Galio', 'Aurora']","['Naafiri', 'Cassiopeia', 'Ryze', 'Lulu', 'Ziggs']","['Sion', 'Nocturne', 'Annie', 'Kalista', 'Renata Glasc']","['Gwen', 'Pantheon', 'Viktor', 'Senna', 'Nautilus']",[],[],0,leaguepedia_cargo_patch_range,1,scoreboard_players_corrected
Esports World Cup 2026/Online Qualifiers/South America_Round 3_1_3,2026-06-11 23:04:00,26.11,Esports World Cup 2026 Online Qualifier: South America,LØS,LOUD,LØS,"['Varus', 'Vayne', 'Jarvan IV', 'Gnar', 'Kennen']","['Naafiri', 'Cassiopeia', 'Jayce', 'Lee Sin', ""K'Sante""]","['Renekton', 'Wukong', 'Ryze', 'Xayah', 'Rakan']","['Jax', 'Sejuani', 'Twisted Fate', 'Lucian', 'Milio']",[],[],1,leaguepedia_cargo_patch_range,0,scoreboard_players_corrected
2026 Asian Games/Qualifier_Day 1_2_1,2026-06-12 05:09:00,26.11,Asian Games 2026 Qualifier,Vietnam (National Team),Laos (National Team),Vietnam (National Team),"['Sylas', 'Varus', 'Mel', 'Orianna', 'Rumble']","['Nocturne', 'Karma', 'Caitlyn', 'Lee Sin', 'Xin Zhao']","['Vayne', 'Jarvan IV', 'Twisted Fate', 'Ashe', 'Seraphine']","['Jayce', 'Wukong', 'Lux', 'Ezreal', 'Milio']",[],[],1,leaguepedia_cargo_patch_range,0,scoreboard_players_corrected
2026 Asian Games/Qualifier_Day 1_1_1,2026-06-12 05:10:00,26.11,Asian Games 2026 Qualifier,Hong Kong (National Team),Malaysia (National Team),Hong Kong (National Team),"['Ezreal', 'Aurora', 'Vi', 'Lucian', 'Lulu']","['Jarvan IV', 'Orianna', 'Rumble', 'Malphite', 'Nautilus']","['Jayce', 'Trundle', 'Cassiopeia', 'Jhin', 'Bard']","['Olaf', 'Nocturne', 'Akali', 'Varus', 'Rakan']",[],[],1,leaguepedia_cargo_patch_range,0,scoreboard_players_corrected
2026 Asian Games/Qualifier_Day 1_4_1,2026-06-12 06:31:00,26.11,Asian Games 2026 Qualifier,United Arab Emirates (National Team),Oman (National Team),Oman (National Team),"['Sylas', 'Renekton', 'Orianna', 'Illaoi', 'Xin Zhao']","['Ezreal', 'Zoe', 'LeBlanc', 'Galio', 'Akali']","[""K'Sante"", 'Jarvan IV', 'Mel', 'Miss Fortune', 'Karma']","['Sion', 'Fiddlesticks', 'Jayce', 'Ashe', 'Seraphine']",[],[],0,leaguepedia_cargo_patch_range,1,scoreboard_players_corrected
2026 Asian Games/Qualifier_Day 1_3_1,2026-06-12 06:43:00,26.11,Asian Games 2026 Qualifier,Saudi Arabia (National Team),Pakistan (National Team),Saudi Arabia (National Team),"['Nautilus', 'Akali', 'Jarvan IV', 'Gnar', 'Lulu']","['Nocturne', 'Ashe', 'Orianna', 'Cassiopeia', 'Sylas']","[""K'Sante"", 'Pantheon', 'Taliyah', 'Caitlyn', 'Karma']","['Olaf', 'Wukong', 'Galio', 'Sivir', 'Zilean']",[],[],1,leaguepedia_cargo_patch_range,0,scoreboard_players_corrected
2026 Asian Games/Qualifier_Day 1_6_1,2026-06-12 07:59:00,26.11,Asian Games 2026 Qualifier,Kazakhstan (National Team),Jordan (National Team),Jordan (National Team),"['Cassiopeia', 'Wukong', 'Braum', 'Gwen', 'Orianna']","['Rumble', 'Volibear', 'Shyvana', 'Alistar', 'Poppy']","['Sion', 'Naafiri', 'Lissandra', 'Jhin', 'Bard']","['Dr. Mundo', 'Lee Sin', 'Hwei', ""Kai'Sa"", 'Rell']",[],[],0,leaguepedia_cargo_patch_range,1,scoreboard_players_corrected
2026 Asian Games/Qualifier_Day 1_5_1,2026-06-12 08:16:00,26.11,Asian Games 2026 Qualifier,India (National Team),Sri Lanka (National Team),India (National Team),"['Hwei', 'Blitzcrank', 'Sylas', 'Gwen', 'Braum']","['Naafiri', 'Akali', 'Ekko', 'Thresh', 'Karma']","['Ambessa', 'Jarvan IV', 'Aurora', 'Varus', 'Rell']","['Malphite', 'Zyra', 'Viktor', 'Ezreal', 'Seraphine']",[],[],1,leaguepedia_cargo_patch_range,0,scoreboard_players_corrected
LCK/2026 Season/Road to MSI_Round 3_1_1,2026-06-12 08:25:00,26.11,LCK 2026 Road to MSI,Hanwha Life Esports,T1,Hanwha Life Esports,"['Varus', 'Nautilus', 'Yone', 'Vi', 'Naafiri']","['Orianna', 'Bard', 'Cassiopeia', 'Nocturne', 'Lee Sin']","['Jayce', 'Trundle', 'Ryze', 'Ziggs', 'Camille']","['Sion', 'Jarvan IV', 'Anivia', 'Ezreal', 'Karma']",[],[],1,leaguepedia_cargo_patch_range,0,scoreboard_players_corrected
2026 Asian Games/Qualifier_Day 1_8_1,2026-06-12 09:26:00,26.11,Asian Games 2026 Qualifier,Laos (National Team),Mongolia (National Team),Mongolia (National Team),"['Nocturne', 'Vayne', 'Sylas', 'Mel', 'Jarvan IV']","['Orianna', 'Varus', 'Karma', 'Malphite', 'Sion']","['Maokai', 'Xin Zhao', 'Zoe', 'Caitlyn', 'Seraphine']","['Jayce', 'Naafiri', 'Twisted Fate', 'Ziggs', 'Nautilus']",[],[],0,leaguepedia_cargo_patch_range,1,scoreboard_players_corrected
LCK/2026 Season/Road to MSI_Round 3_1_2,2026-06-12 09:28:00,26.11,LCK 2026 Road to MSI,T1,Hanwha Life Esports,T1,"['Varus', 'Bard', 'Vayne', 'Caitlyn', 'Poppy']","['Orianna', 'Rumble', 'Gnar', 'Ashe', 'Lulu']","['Ambessa', 'Nocturne', 'Lissandra', 'Sivir', 'Rakan']","[""Rek'Sai"", 'Vi', 'Ahri', 'Xayah', 'Renata Glasc']",[],[],1,leaguepedia_cargo_patch_range,0,scoreboard_players_corrected
2026 Asian Games/Qualifier_Day 1_7_1,2026-06-12 09:43:00,26.11,Asian Games 2026 Qualifier,Kyrgyzstan (National Team),Hong Kong (National Team),Hong Kong (National Team),"['Akali', 'Ambessa', 'Lee Sin', 'Mordekaiser', 'LeBlanc']","['Karma', 'Orianna', 'Jarvan IV', 'Ashe', 'Nautilus']","['Ornn', ""Bel'Veth"", 'Yone', 'Seraphine', 'Rell']","['Fiora', 'Nocturne', 'Aurora', 'Lucian', 'Milio']",[],[],0,leaguepedia_cargo_patch_range,1,scoreboard_players_corrected
VCS/2026 Season/Summer Playoffs_Round 1_2_1,2026-06-12 10:18:00,26.11,VCS 2026 Summer Playoffs,Saigon Dino,ZEN Esports (Vietnamese Team),Saigon Dino,"['Lucian', 'Varus', 'Cassiopeia', 'Nautilus', 'Gwen']","['Nocturne', 'Karma', 'Orianna', 'Caitlyn', 'Rumble']","['Sion', 'Lee Sin', 'Ryze', ""Kai'Sa"", 'Bard']","['Ambessa', 'Jarvan IV', 'Anivia', 'Ezreal', 'Skarner']",[],[],1,leaguepedia_cargo_patch_range,0,scoreboard_players_corrected
LCK/2026 Season/Road to MSI_Round 3_1_3,2026-06-12 10:26:00,26.11,LCK 2026 Road to MSI,T1,Hanwha Life Esports,Hanwha Life Esports,"['Varus', 'Bard', 'Vayne', 'Mel', 'Caitlyn']","['Rumble', 'Orianna', 'Gnar', 'Senna', 'Nautilus']","['Renekton', 'Naafiri', 'Galio', 'Lucian', 'Milio']","['Shen', 'Lee Sin', 'Cassiopeia', ""Kog'Maw"", 'Lulu']",[],[],0,leaguepedia_cargo_patch_range,1,scoreboard_players_corrected
2026 Asian Games/Qualifier_Day 1_9_1,2026-06-12 10:55:00,26.11,Asian Games 2026 Qualifier,Saudi Arabia (National Team),Oman (National Team),Saudi Arabia (National Team),"['Anivia', 'Ezreal', ""K'Sante"", 'Caitlyn', 'Milio']","['Fiddlesticks', 'Jayce', 'Sion', 'Renekton', 'Xin Zhao']","['Ambessa', 'Jarvan IV', 'Orianna', 'Ziggs', 'Pyke']","['Ornn', 'Poppy', 'Sylas', 'Ashe', 'Seraphine']",[],[],1,leaguepedia_cargo_patch_range,0,scoreboard_players_corrected
VCS/2026 Season/Summer Playoffs_Round 1_2_2,2026-06-12 11:11:00,26.11,VCS 2026 Summer Playoffs,ZEN Esports (Vietnamese Team),Saigon Dino,Saigon Dino,"['Varus', 'Akali', 'Orianna', 'Nautilus', 'Lulu']","['Lucian', 'Cassiopeia', 'Nocturne', 'Ashe', 'Rakan']","['Rumble', 'Vi', 'Ahri', 'Kalista', 'Camille']","[""K'Sante"", 'Naafiri', 'Annie', 'Senna', 'Poppy']",[],[],0,leaguepedia_cargo_patch_range,1,scoreboard_players_corrected
LCK/2026 Season/Road to MSI_Round 3_1_4,2026-06-12 11:22:00,26.11,LCK 2026 Road to MSI,Hanwha Life Esports,T1,Hanwha Life Esports,"['Varus', 'Akali', 'Aurora', 'Ashe', 'Mel']","['Bard', 'Orianna', 'Annie', 'Caitlyn', 'Xin Zhao']","[""K'Sante"", 'Maokai', 'Yone', 'Senna', 'Blitzcrank']","['Rumble', 'Poppy', 'Azir', 'Aphelios', 'Thresh']",[],[],1,leaguepedia_cargo_patch_range,0,scoreboard_players_corrected
VCS/2026 Season/Summer Playoffs_Round 1_2_3,2026-06-12 12:11:00,26.11,VCS 2026 Summer Playoffs,ZEN Esports (Vietnamese Team),Saigon Dino,ZEN Esports (Vietnamese Team),"['Varus', 'Akali', 'Seraphine', 'Caitlyn', 'Shen']","['Lucian', 'Cassiopeia', 'Orianna', 'Nautilus', 'Neeko']","['Jayce', 'Nocturne', 'LeBlanc', 'Jhin', 'Rakan']","['Yorick', 'Pantheon', 'Aurora', 'Xayah', 'Leona']",[],[],1,leaguepedia_cargo_patch_range,0,scoreboard_players_corrected
VCS/2026 Season/Summer Playoffs_Round 1_2_4,2026-06-12 12:57:00,26.11,VCS 2026 Summer Playoffs,ZEN Esports (Vietnamese Team),Saigon Dino,ZEN Esports (Vietnamese Team),"['Akali', 'Varus', 'Nautilus', 'Gnar', 'Vayne']","['Lucian', 'Cassiopeia', 'Orianna', 'Syndra', 'Azir']","['Olaf', 'Wukong', 'Zoe', 'Ashe', 'Seraphine']","['Zaahen', 'Trundle', 'Twisted Fate', 'Mel', 'Pyke']",[],[],1,leaguepedia_cargo_patch_range,0,scoreboard_players_corrected
VCS/2026 Season/Summer Playoffs_Round 1_2_5,2026-06-12 13:47:00,26.11,VCS 2026 Summer Playoffs,Saigon Dino,ZEN Esports (Vietnamese Team),ZEN Esports (Vietnamese Team),"['Lucian', 'Cassiopeia', 'Gnar', 'Gwen', 'Jax']","['Varus', 'Xin Zhao', 'Renekton', 'Sejuani', 'Shen']","['Ornn', ""Kha'Zix"", 'Orianna', 'Sivir', 'Alistar']","['Aatrox', 'Viego', 'Akali', 'Miss Fortune', 'Rell']",[],[],0,leaguepedia_cargo_patch_range,1,scoreboard_players_corrected
EMEA Masters/2026 Season/Spring Main Event_Groups Day 3_2_1,2026-06-12 15:01:00,26.11,EM 2026 Spring Main Event,WLGaming Esports,G2 NORD,G2 NORD,"['Nocturne', 'Jarvan IV', 'Aurora', 'Pantheon', 'Wukong']","['Orianna', 'Cassiopeia', 'Anivia', 'Lee Sin', 'Vi']","['Gnar', 'Xin Zhao', 'Taliyah', 'Ashe', 'Seraphine']","[""K'Sante"", 'Olaf', 'Ryze', 'Senna', 'Nautilus']",[],[],0,leaguepedia_cargo_patch_range,1,scoreboard_players_corrected
EMEA Masters/2026 Season/Spring Main Event_Groups Day 3_1_1,2026-06-12 15:04:00,26.11,EM 2026 Spring Main Event,E WIE EINFACH E-SPORTS,Misa Esports,Misa Esports,"['Pyke', 'Nautilus', 'Varus', 'Ashe', 'Poppy']","['Orianna', 'Karma', 'Bard', 'Jarvan IV', 'Pantheon']","['Gnar', 'Xin Zhao', 'Viktor', 'Seraphine', 'Rell']","['Sion', 'Naafiri', 'Anivia', 'Ezreal', 'Neeko']",[],[],0,leaguepedia_cargo_patch_range,1,scoreboard_players_corrected
EMEA Masters/2026 Season/Spring Main Event_Groups Day 3_1_2,2026-06-12 16:00:00,26.11,EM 2026 Spring Main Event,Misa Esports,E WIE EINFACH E-SPORTS,Misa Esports,"['Karma', 'Lucian', 'Bard', 'Milio', 'Braum']","['Orianna', 'Pyke', 'Nautilus', 'Rumble', 'Poppy']","['Vayne', 'Jarvan IV', 'Cassiopeia', 'Ashe', 'Alistar']","['Shen', 'Viego', 'Ryze', 'Varus', 'Leona']",[],[],1,leaguepedia_cargo_patch_range,0,scoreboard_players_corrected
EMEA Masters/2026 Season/Spring Main Event_Groups Day 3_2_2,2026-06-12 16:26:00,26.11,EM 2026 Spring Main Event,WLGaming Esports,G2 NORD,WLGaming Esports,"['Nocturne', 'Jarvan IV', 'Karma', 'Annie', 'Aurora']","['Orianna', 'Cassiopeia', 'Anivia', 'Viktor', 'Akali']","['Sion', 'Wukong', 'Ahri', 'Caitlyn', 'Bard']","['Rumble', 'Trundle', 'Mel', 'Lucian', 'Milio']",[],[],1,leaguepedia_cargo_patch_range,0,scoreboard_players_corrected
EMEA Masters/2026 Season/Spring Main Event_Groups Day 3_4_1,2026-06-12 16:53:00,26.11,EM 2026 Spring Main Event,Eintracht Spandau,Anubis Gaming,Eintracht Spandau,"['Azir', 'Milio', 'Syndra', 'Sion', 'Viktor']","['Orianna', 'Jarvan IV', 'Nautilus', 'Ryze', 'Akali']","['Malphite', 'Trundle', 'Anivia', 'Ezreal', 'Bard']","['Aurora', 'Skarner', 'Twisted Fate', 'Sivir', 'Karma']",[],[],1,leaguepedia_cargo_patch_range,0,scoreboard_players_corrected
EMEA Masters/2026 Season/Spring Main Event_Groups Day 3_2_3,2026-06-12 17:20:00,26.11,EM 2026 Spring Main Event,WLGaming Esports,G2 NORD,G2 NORD,"['Varus', 'Ezreal', 'Anivia', 'Skarner', 'Yorick']","['Orianna', 'Nocturne', 'Cassiopeia', 'Sivir', 'Annie']","['Aurora', 'Jarvan IV', 'Akali', 'Tristana', 'Rell']","['Ambessa', 'Lee Sin', 'Viktor', 'Yunara', 'Lulu']",[],[],0,leaguepedia_cargo_patch_range,1,scoreboard_players_corrected
EMEA Masters/2026 Season/Spring Main Event_Groups Day 3_4_2,2026-06-12 17:46:00,26.11,EM 2026 Spring Main Event,Eintracht Spandau,Anubis Gaming,Anubis Gaming,"['Jarvan IV', 'Nautilus', 'Ashe', 'Varus', 'Vayne']","['Orianna', 'Azir', 'Milio', 'Ahri', 'Viktor']","['Sion', 'Vi', 'Cassiopeia', 'Caitlyn', 'Seraphine']","['Gwen', 'Xin Zhao', 'Galio', 'Jhin', 'Neeko']",[],[],0,leaguepedia_cargo_patch_range,1,scoreboard_players_corrected
EMEA Masters/2026 Season/Spring Main Event_Groups Day 3_3_1,2026-06-12 18:13:00,26.11,EM 2026 Spring Main Event,Forsaken (Polish Team),Karmine Corp Blue,Karmine Corp Blue,"['Varus', 'Nautilus', 'Anivia', ""K'Sante"", 'Aatrox']","['Orianna', 'Cassiopeia', 'Karma', 'Neeko', 'Viktor']","['Rumble', 'Jarvan IV', 'Aurora', ""Kai'Sa"", 'Alistar']","['Galio', 'Nocturne', 'Ryze', 'Ezreal', 'Rakan']",[],[],0,leaguepedia_cargo_patch_range,1,scoreboard_players_corrected
EMEA Masters/2026 Season/Spring Main Event_Groups Day 3_4_3,2026-06-12 18:55:00,26.11,EM 2026 Spring Main Event,Anubis Gaming,Eintracht Spandau,Eintracht Spandau,"['Azir', 'Milio', 'Nocturne', 'Syndra', 'Viktor']","['Orianna', 'Jarvan IV', 'Ryze', 'Akali', 'LeBlanc']","['Vayne', 'Pantheon', 'Taliyah', 'Xayah', 'Nautilus']","['Jayce', 'Dr. Mundo', 'Ahri', 'Yunara', 'Lulu']",[],[],0,leaguepedia_cargo_patch_range,1,scoreboard_players_corrected
EMEA Masters/2026 Season/Spring Main Event_Groups Day 3_3_2,2026-06-12 19:14:00,26.11,EM 2026 Spring Main Event,Forsaken (Polish Team),Karmine Corp Blue,Karmine Corp Blue,"['Karma', 'LeBlanc', 'Lucian', 'Yorick', 'Rell']","['Orianna', 'Cassiopeia', 'Vi', 'Skarner', 'Renekton']","['Volibear', 'Pantheon', 'Ahri', 'Jhin', 'Leona']","['Ambessa', 'Trundle', 'Anivia', 'Varus', 'Nautilus']",[],[],0,leaguepedia_cargo_patch_range,1,scoreboard_players_corrected
2026 Asian Games/Qualifier_Day 2_2_1,2026-06-13 05:09:00,26.11,Asian Games 2026 Qualifier,Sri Lanka (National Team),Kazakhstan (National Team),Sri Lanka (National Team),"['Anivia', 'Ezreal', 'Wukong', 'Varus', 'Karma']","['Graves', 'Olaf', 'Jarvan IV', 'Pyke', ""Kai'Sa""]","['Renekton', 'Elise', 'Naafiri', 'Sivir', 'Thresh']","['Rumble', 'Vi', 'Ahri', 'Caitlyn', 'Bard']",[],[],1,leaguepedia_cargo_patch_range,0,scoreboard_players_corrected
2026 Asian Games/Qualifier_Day 2_1_1,2026-06-13 05:10:00,26.11,Asian Games 2026 Qualifier,Pakistan (National Team),United Arab Emirates (National Team),United Arab Emirates (National Team),"['Wukong', 'Seraphine', 'Jarvan IV', 'Galio', 'Shen']","['Ashe', 'Aurora', 'LeBlanc', 'Gwen', 'Gnar']","[""K'Sante"", 'Nocturne', 'Ahri', 'Varus', 'Karma']","['Rumble', 'Lee Sin', 'Jayce', 'Ezreal', 'Zoe']",[],[],0,leaguepedia_cargo_patch_range,1,scoreboard_players_corrected
LCK/2026 Season/Road to MSI_Round 3_2_1,2026-06-13 06:22:00,26.11,LCK 2026 Road to MSI,Gen.G,KT Rolster,Gen.G,"['Varus', 'Bard', 'Anivia', 'Vi', 'Ahri']","['Cassiopeia', 'Orianna', 'Jarvan IV', 'Trundle', 'Nautilus']","['Sion', 'Xin Zhao', 'Mel', 'Ezreal', 'Karma']","['Jayce', 'Lee Sin', 'Ryze', 'Ziggs', 'Camille']",[],[],1,leaguepedia_cargo_patch_range,0,scoreboard_players_corrected
2026 Asian Games/Qualifier_Day 2_3_1,2026-06-13 06:28:00,26.11,Asian Games 2026 Qualifier,India (National Team),Jordan (National Team),India (National Team),"['Katarina', 'Rumble', 'Jarvan IV', 'Milio', 'Karma']","['Jayce', 'Lee Sin', 'Orianna', 'Gnar', 'Nautilus']","['Gragas', 'Xin Zhao', 'Hwei', 'Varus', 'Rell']","['Renekton', 'Lillia', 'Ryze', 'Tristana', 'Alistar']",[],[],1,leaguepedia_cargo_patch_range,0,scoreboard_players_corrected
2026 Asian Games/Qualifier_Day 2_4_1,2026-06-13 06:38:00,26.11,Asian Games 2026 Qualifier,Vietnam (National Team),Mongolia (National Team),Vietnam (National Team),"['Varus', 'Nocturne', 'Karma', 'Vi', 'Sion']","['Orianna', 'Cassiopeia', 'Bard', 'Leona', 'Braum']","['Jayce', 'Lee Sin', 'Ryze', 'Ezreal', 'Rell']","['Yorick', 'Xin Zhao', 'Hwei', 'Senna', 'Nautilus']",[],[],1,leaguepedia_cargo_patch_range,0,scoreboard_players_corrected
LCK/2026 Season/Road to MSI_Round 3_2_2,2026-06-13 07:26:00,26.11,LCK 2026 Road to MSI,KT Rolster,Gen.G,Gen.G,"['Varus', 'Nocturne', 'Jarvan IV', 'Lulu', 'Poppy']","['Cassiopeia', 'Orianna', 'Bard', 'Ashe', 'Xayah']","['Rumble', 'Vi', 'Taliyah', 'Jhin', 'Rell']","['Ambessa', 'Wukong', 'Annie', 'Senna', 'Nautilus']",[],[],0,leaguepedia_cargo_patch_range,1,scoreboard_players_corrected
2026 Asian Games/Qualifier_Day 2_5_1,2026-06-13 08:02:00,26.11,Asian Games 2026 Qualifier,Kyrgyzstan (National Team),Malaysia (National Team),Malaysia (National Team),"['Karma', 'Rumble', 'Orianna', 'Nautilus', 'Sion']","['Olaf', 'Nocturne', 'Sylas', 'Braum', 'Bard']","['Darius', 'Trundle', 'Galio', 'Mel', 'Thresh']","['Gnar', 'Jarvan IV', 'Cassiopeia', 'Ashe', 'Seraphine']",[],[],0,leaguepedia_cargo_patch_range,1,scoreboard_players_corrected
2026 Asian Games/Qualifier_Day 2_6_1,2026-06-13 08:05:00,26.11,Asian Games 2026 Qualifier,Pakistan (National Team),Oman (National Team),Oman (National Team),"['Ashe', 'Cassiopeia', 'Orianna', 'Rumble', 'Gwen']","['Ezreal', 'LeBlanc', 'Braum', 'Galio', 'Sion']","[""K'Sante"", 'Jarvan IV', 'Lux', 'Varus', 'Karma']","['Illaoi', 'Naafiri', 'Viktor', 'Corki', 'Nautilus']",[],[],0,leaguepedia_cargo_patch_range,1,scoreboard_players_corrected
LJL/2026 Season/Spring Series_Semifinals_1_1,2026-06-13 08:17:00,26.11,LJL 2026 Spring Series,Arneb,Rising Gaming,Rising Gaming,"['Bard', 'Ezreal', 'Akali', 'Caitlyn', 'Rakan']","['Seraphine', 'Nocturne', 'Naafiri', 'Varus', 'Senna']","['Malphite', 'Jarvan IV', 'Orianna', 'Jhin', 'Nautilus']","['Gnar', 'Lee Sin', 'LeBlanc', 'Xayah', 'Rell']",[],[],0,leaguepedia_cargo_patch_range,1,scoreboard_players_corrected
LCK/2026 Season/Road to MSI_Round 3_2_3,2026-06-13 08:25:00,26.11,LCK 2026 Road to MSI,Gen.G,KT Rolster,Gen.G,"['Varus', 'Vayne', 'Bard', 'Caitlyn', 'Lucian']","['Orianna', 'Cassiopeia', 'Ashe', 'Aurora', 'Zoe']","['Gnar', 'Naafiri', 'Lissandra', 'Xayah', 'Rakan']","['Renekton', 'Jarvan IV', 'Viktor', 'Yunara', 'Lulu']",[],[],1,leaguepedia_cargo_patch_range,0,scoreboard_players_corrected
LPL/2026 Season/Split 2 Playoffs_Round 4_2_1,2026-06-13 08:30:00,26.10,LPL 2026 Split 2 Playoffs,Team WE,Bilibili Gaming,Bilibili Gaming,"['Varus', 'Naafiri', 'Rumble', 'Bard', 'Nautilus']","['Nocturne', 'Orianna', 'Ezreal', 'Vi', 'Cassiopeia']","['Shen', 'Jarvan IV', 'Ryze', 'Jhin', 'Karma']","['Sion', 'Lee Sin', 'Ahri', 'Ashe', 'Seraphine']",[],[],0,leaguepedia_cargo_patch_range,1,scoreboard_players_corrected
LJL/2026 Season/Spring Series_Semifinals_1_2,2026-06-13 09:09:00,26.11,LJL 2026 Spring Series,Rising Gaming,Arneb,Rising Gaming,"['Seraphine', 'Cassiopeia', 'Aurora', 'Varus', 'Miss Fortune']","['Bard', 'Ezreal', 'Poppy', 'Milio', 'Lulu']","[""K'Sante"", 'Pantheon', 'Ryze', 'Yunara', 'Alistar']","['Ambessa', 'Nocturne', 'Viktor', 'Brand', 'Leona']",[],[],1,leaguepedia_cargo_patch_range,0,scoreboard_players_corrected
LPL/2026 Season/Split 2 Playoffs_Round 4_2_2,2026-06-13 09:24:00,26.10,LPL 2026 Split 2 Playoffs,Bilibili Gaming,Team WE,Team WE,"['Nocturne', 'Vi', 'Gnar', 'Akali', 'Cassiopeia']","['Varus', 'Naafiri', 'Rumble', 'Wukong', 'Trundle']","['Jayce', 'Xin Zhao', 'Annie', 'Sivir', 'Bard']","[""K'Sante"", 'Pantheon', 'Orianna', 'Ezreal', 'Neeko']",[],[],0,leaguepedia_cargo_patch_range,1,scoreboard_players_corrected
2026 Asian Games/Qualifier_Day 2_8_1,2026-06-13 09:30:00,26.11,Asian Games 2026 Qualifier,Sri Lanka (National Team),Jordan (National Team),Jordan (National Team),"['Jayce', 'Orianna', 'Ryze', 'Alistar', 'Nautilus']","['Elise', 'Jarvan IV', 'Rumble', 'Akali', 'Syndra']","['Renekton', 'Wukong', 'Ekko', 'Tristana', 'Rell']","['Gnar', 'Lee Sin', 'Hwei', ""Kai'Sa"", 'Poppy']",[],[],0,leaguepedia_cargo_patch_range,1,scoreboard_players_corrected
2026 Asian Games/Qualifier_Day 2_7_1,2026-06-13 09:40:00,26.11,Asian Games 2026 Qualifier,United Arab Emirates (National Team),Saudi Arabia (National Team),United Arab Emirates (National Team),"[""K'Sante"", 'Jarvan IV', 'Orianna', 'Vi', 'Wukong']","['Akali', 'Ezreal', 'Yunara', 'Ashe', 'Miss Fortune']","['Sion', 'Xin Zhao', 'Aurora', 'Jhin', 'Seraphine']","['Kled', 'Sylas', 'Ahri', 'Caitlyn', 'Karma']",[],[],1,leaguepedia_cargo_patch_range,0,scoreboard_players_corrected
VCS/2026 Season/Summer Playoffs_Round 2_1_1,2026-06-13 10:07:00,26.11,VCS 2026 Summer Playoffs,ZEN Esports (Vietnamese Team),Saigon Warriors,Saigon Warriors,"['Rumble', 'Varus', 'Ezreal', 'Seraphine', 'Nautilus']","['Jarvan IV', 'Bard', 'Orianna', 'Karma', 'Neeko']","['Sion', 'Nocturne', 'Cassiopeia', 'Caitlyn', 'Lux']","['Jayce', 'Pantheon', 'Akali', 'Ziggs', 'Rakan']",[],[],0,leaguepedia_cargo_patch_range,1,scoreboard_players_corrected
LJL/2026 Season/Spring Series_Semifinals_2_1,2026-06-13 10:20:00,26.11,LJL 2026 Spring Series,Uwinks,FENNEL,FENNEL,"['Varus', 'Vi', 'Orianna', 'Gwen', 'Rumble']","['Ezreal', ""Kai'Sa"", 'Lee Sin', 'Sion', 'Anivia']","['Ornn', 'Jarvan IV', 'Annie', 'Lucian', 'Milio']","['Gnar', 'Naafiri', 'Diana', 'Jhin', 'Nautilus']",[],[],0,leaguepedia_cargo_patch_range,1,scoreboard_players_corrected
LPL/2026 Season/Split 2 Playoffs_Round 4_2_3,2026-06-13 10:21:00,26.10,LPL 2026 Split 2 Playoffs,Bilibili Gaming,Team WE,Team WE,"['Vayne', 'Cassiopeia', 'Naafiri', 'Lucian', 'Nami']","['Nocturne', 'Vi', 'Varus', 'Caitlyn', 'Nautilus']","['Rumble', 'Wukong', 'Aurora', 'Yunara', 'Rakan']","['Ornn', 'Trundle', 'Viktor', 'Jinx', 'Lulu']",[],[],0,leaguepedia_cargo_patch_range,1,scoreboard_players_corrected
Hitpoint 2nd Division Challengers/2026 Season/Spring Playoffs_Round 3_2_1,2026-06-13 10:30:00,26.11,Hitpoint 2nd Div Challengers 2026 Spring Playoffs,Priority,EXILE esports Academy,Priority,"['Syndra', 'Varus', 'Xin Zhao', 'Karma', 'Nautilus']","[""K'Sante"", 'Aurora', 'Orianna', 'Wukong', 'Jarvan IV']","['Sion', 'Nocturne', 'Cassiopeia', 'Caitlyn', 'Neeko']","['Shen', 'Lee Sin', 'Xerath', 'Ezreal', 'Seraphine']",[],[],1,leaguepedia_cargo_patch_range,0,scoreboard_players_corrected
2026 Asian Games/Qualifier_Day 2_9_1,2026-06-13 11:04:00,26.11,Asian Games 2026 Qualifier,Kazakhstan (National Team),India (National Team),India (National Team),"['Cassiopeia', 'Karma', 'Orianna', 'Pyke', 'Malphite']","['Bard', 'Naafiri', 'Vi', 'Aurora', 'Olaf']","['Zed', 'Xin Zhao', 'Ryze', 'Ashe', 'Seraphine']","['Jax', 'Wukong', 'Sylas', 'Ezreal', 'Lux']",[],[],0,leaguepedia_cargo_patch_range,1,scoreboard_players_corrected
LJL/2026 Season/Spring Series_Semifinals_2_2,2026-06-13 11:10:00,26.11,LJL 2026 Spring Series,FENNEL,Uwinks,FENNEL,"['Ezreal', ""Kai'Sa"", 'Bard', 'Pantheon', 'Lee Sin']","['Varus', 'Vi', 'Nocturne', 'Xin Zhao', 'Wukong']","['Jayce', 'Maokai', 'Ambessa', 'Cassiopeia', 'Rell']","['Jax', 'Viego', 'Malzahar', 'Tristana', 'Poppy']",[],[],1,leaguepedia_cargo_patch_range,0,scoreboard_players_corrected
VCS/2026 Season/Summer Playoffs_Round 2_1_2,2026-06-13 11:19:00,26.11,VCS 2026 Summer Playoffs,ZEN Esports (Vietnamese Team),Saigon Warriors,Saigon Warriors,"['Rumble', 'Varus', 'Karma', ""Kai'Sa"", 'Miss Fortune']","['Orianna', 'Jarvan IV', 'Bard', 'Vayne', 'Renekton']","['Yorick', 'Lee Sin', 'Ryze', 'Ezreal', 'Nautilus']","['Gnar', 'Wukong', 'Annie', 'Sivir', 'Seraphine']",[],[],0,leaguepedia_cargo_patch_range,1,scoreboard_players_corrected
LPL/2026 Season/Split 2 Playoffs_Round 4_2_4,2026-06-13 11:20:00,26.10,LPL 2026 Split 2 Playoffs,Bilibili Gaming,Team WE,Bilibili Gaming,"['Olaf', 'Cassiopeia', 'Akali', 'Lucian', 'Nami']","['Nocturne', 'Varus', 'Yone', 'Jax', 'Gnar']","['Zaahen', 'Naafiri', 'Mel', 'Caitlyn', 'Elise']","['Renekton', 'Poppy', 'Twisted Fate', 'Aphelios', 'Nautilus']",[],[],1,leaguepedia_cargo_patch_range,0,scoreboard_players_corrected
Hitpoint 2nd Division Challengers/2026 Season/Spring Playoffs_Round 3_2_2,2026-06-13 11:28:00,26.11,Hitpoint 2nd Div Challengers 2026 Spring Playoffs,Priority,EXILE esports Academy,Priority,"['Syndra', 'Varus', 'Xin Zhao', 'Vi', ""Kha'Zix""]","[""K'Sante"", 'Aurora', 'Orianna', 'Ornn', 'Zaahen']","['Renekton', 'Jarvan IV', 'Azir', 'Senna', 'Braum']","['Darius', 'Wukong', 'Vladimir', 'Ashe', 'Nautilus']",[],[],1,leaguepedia_cargo_patch_range,0,scoreboard_players_corrected
VCS/2026 Season/Summer Playoffs_Round 2_1_3,2026-06-13 12:12:00,26.11,VCS 2026 Summer Playoffs,Saigon Warriors,ZEN Esports (Vietnamese Team),ZEN Esports (Vietnamese Team),"['Bard', 'Vi', ""K'Sante"", 'Pyke', 'Camille']","['Orianna', 'Varus', 'Rumble', 'LeBlanc', 'Mel']","['Zaahen', 'Jarvan IV', 'Viktor', 'Yunara', 'Lulu']","['Renekton', 'Naafiri', 'Aurora', 'Miss Fortune', 'Neeko']",[],[],0,leaguepedia_cargo_patch_range,1,scoreboard_players_corrected
Hitpoint 2nd Division Challengers/2026 Season/Spring Playoffs_Round 3_2_3,2026-06-13 12:19:00,26.11,Hitpoint 2nd Div Challengers 2026 Spring Playoffs,Priority,EXILE esports Academy,Priority,"['Syndra', 'Varus', ""Kha'Zix"", 'Vayne', 'Smolder']","[""K'Sante"", 'Aurora', 'Orianna', 'Karma', 'Lulu']","['Ornn', 'Xin Zhao', 'Lissandra', 'Xayah', 'Bard']","['Nasus', 'Vi', 'Ahri', ""Kai'Sa"", 'Rell']",[],[],1,leaguepedia_cargo_patch_range,0,scoreboard_players_corrected
LPL/2026 Season/Split 2 Playoffs_Round 4_2_5,2026-06-13 12:26:00,26.10,LPL 2026 Split 2 Playoffs,Bilibili Gaming,Team WE,Bilibili Gaming,"['Nocturne', 'Gnar', 'Yone', 'Malphite', 'Skarner']","['Varus', 'Lucian', 'Cassiopeia', 'Galio', 'Taliyah']","['Jax', 'Maokai', 'Akali', 'Corki', 'Nami']","['Udyr', 'Vi', 'Ambessa', 'Zeri', 'Yuumi']",[],[],1,leaguepedia_cargo_patch_range,0,scoreboard_players_corrected
VCS/2026 Season/Summer Playoffs_Round 2_1_4,2026-06-13 12:53:00,26.11,VCS 2026 Summer Playoffs,Saigon Warriors,ZEN Esports (Vietnamese Team),Saigon Warriors,"['Bard', 'Lucian', 'Xin Zhao', 'Anivia', 'LeBlanc']","['Orianna', 'Varus', 'Vi', 'Yone', 'Sylas']","['Rumble', 'Olaf', 'Ahri', 'Jhin', 'Karma']","['Ambessa', ""Kha'Zix"", 'Lissandra', 'Senna', 'Alistar']",[],[],1,leaguepedia_cargo_patch_range,0,scoreboard_players_corrected
EMEA Masters/2026 Season/Spring Main Event_Quarterfinals_1_1,2026-06-13 15:02:00,26.11,EM 2026 Spring Main Event,Karmine Corp Blue,UCAM Esports,UCAM Esports,"['Pyke', 'Xin Zhao', 'Cassiopeia', 'Ryze', 'LeBlanc']","['Orianna', 'Anivia', 'Aurora', 'Renekton', 'Sylas']","['Rumble', 'Jarvan IV', 'Taliyah', 'Ezreal', 'Rell']","['Ambessa', 'Nocturne', 'Ahri', ""Kai'Sa"", 'Nautilus']",[],[],0,leaguepedia_cargo_patch_range,1,scoreboard_players_corrected
EMEA Masters/2026 Season/Spring Main Event_Quarterfinals_2_1,2026-06-13 15:02:00,26.11,EM 2026 Spring Main Event,Solary,G2 NORD,Solary,"['Xin Zhao', 'Jarvan IV', 'Vi', 'Vayne', 'Gwen']","['Orianna', 'Ryze', 'Ashe', 'Lee Sin', 'Nocturne']","['Zaahen', 'Skarner', 'Cassiopeia', 'Lucian', 'Rell']","['Sion', 'Pantheon', 'Anivia', 'Senna', 'Nautilus']",[],[],1,leaguepedia_cargo_patch_range,0,scoreboard_players_corrected
EMEA Masters/2026 Season/Spring Main Event_Quarterfinals_3_1,2026-06-13 15:02:00,26.11,EM 2026 Spring Main Event,Eintracht Spandau,Team Heretics Academy,Eintracht Spandau,"['Varus', 'Nautilus', 'Ryze', 'Pantheon', 'Ambessa']","['Rumble', 'Orianna', 'Bard', 'Skarner', 'Wukong']","['Sion', ""Rek'Sai"", 'Azir', 'Lucian', 'Milio']","['Shen', 'Lee Sin', 'Akali', 'Ezreal', 'Karma']",[],[],1,leaguepedia_cargo_patch_range,0,scoreboard_players_corrected
EMEA Masters/2026 Season/Spring Main Event_Quarterfinals_4_1,2026-06-13 15:02:00,26.11,EM 2026 Spring Main Event,Galions,Misa Esports,Galions,"['Varus', 'Nautilus', 'Jarvan IV', ""K'Sante"", 'Gnar']","['Orianna', 'Sion', 'Rumble', 'Wukong', 'Lee Sin']","['Ornn', 'Nocturne', 'Anivia', 'Ashe', 'Seraphine']","['Gragas', 'Naafiri', 'Cassiopeia', 'Ezreal', 'Karma']",[],[],1,leaguepedia_cargo_patch_range,0,scoreboard_players_corrected
EMEA Masters/2026 Season/Spring Main Event_Quarterfinals_2_2,2026-06-13 15:47:00,26.11,EM 2026 Spring Main Event,Solary,G2 NORD,Solary,"['Varus', 'Lee Sin', 'Ashe', 'Vayne', 'Ambessa']","['Orianna', 'Xin Zhao', 'Ryze', 'Annie', 'Galio']","['Gnar', 'Vi', 'Ahri', 'Jhin', 'Bard']","[""K'Sante"", 'Trundle', 'Sylas', 'Ezreal', 'Karma']",[],[],1,leaguepedia_cargo_patch_range,0,scoreboard_players_corrected
EMEA Masters/2026 Season/Spring Main Event_Quarterfinals_4_2,2026-06-13 15:48:00,26.11,EM 2026 Spring Main Event,Galions,Misa Esports,Galions,"['Sion', 'Nautilus', 'Varus', 'Rumble', 'Vayne']","['Orianna', 'Ryze', 'Lucian', ""K'Sante"", 'LeBlanc']","['Renekton', 'Jarvan IV', 'Annie', 'Caitlyn', 'Bard']","['Aurora', 'Pantheon', 'Akali', 'Jhin', 'Pyke']",[],[],1,leaguepedia_cargo_patch_range,0,scoreboard_players_corrected
EMEA Masters/2026 Season/Spring Main Event_Quarterfinals_3_2,2026-06-13 15:56:00,26.11,EM 2026 Spring Main Event,Eintracht Spandau,Team Heretics Academy,Eintracht Spandau,"['Nautilus', 'Viktor', 'Varus', 'Vi', 'Pantheon']","['Orianna', 'Jarvan IV', 'Ryze', 'Xin Zhao', 'Wukong']","['Ornn', 'Nocturne', 'Anivia', 'Caitlyn', 'Bard']","['Rumble', 'Naafiri', 'Cassiopeia', 'Ashe', 'Seraphine']",[],[],1,leaguepedia_cargo_patch_range,0,scoreboard_players_corrected
EMEA Masters/2026 Season/Spring Main Event_Quarterfinals_1_2,2026-06-13 15:58:00,26.11,EM 2026 Spring Main Event,Karmine Corp Blue,UCAM Esports,Karmine Corp Blue,"['Pyke', 'Kalista', 'LeBlanc', 'Leona', 'Olaf']","['Orianna', 'Anivia', 'Bard', 'Xin Zhao', 'Wukong']","['Jayce', 'Trundle', 'Cassiopeia', 'Ashe', 'Seraphine']","['Varus', 'Pantheon', 'Viktor', 'Lucian', 'Milio']",[],[],1,leaguepedia_cargo_patch_range,0,scoreboard_players_corrected
Esports World Cup 2026/Online Qualifiers/South America_Round 4_2_1,2026-06-13 16:08:00,26.11,Esports World Cup 2026 Online Qualifier: South America,Vivo Keyd Stars,LØS,Vivo Keyd Stars,"['Akali', 'Nocturne', 'Jarvan IV', 'Varus', 'Senna']","['Karma', 'Cassiopeia', 'Bard', 'Ambessa', ""K'Sante""]","['Rumble', 'Pantheon', 'Galio', 'Ezreal', 'Nautilus']","['Aurora', 'Vi', 'Orianna', 'Lucian', 'Milio']",[],[],1,leaguepedia_cargo_patch_range,0,scoreboard_players_corrected
EMEA Masters/2026 Season/Spring Main Event_Quarterfinals_4_3,2026-06-13 16:33:00,26.11,EM 2026 Spring Main Event,Galions,Misa Esports,Galions,"['Sion', 'Vi', ""K'Sante"", 'LeBlanc', 'Taliyah']","['Orianna', 'Ryze', 'Xin Zhao', 'Nautilus', 'Lulu']","['Varus', 'Wukong', 'Ahri', 'Xayah', 'Rakan']","['Yorick', 'Lee Sin', 'Lissandra', 'Lucian', 'Milio']",[],[],1,leaguepedia_cargo_patch_range,0,scoreboard_players_corrected
EMEA Masters/2026 Season/Spring Main Event_Quarterfinals_2_3,2026-06-13 16:35:00,26.11,EM 2026 Spring Main Event,Solary,G2 NORD,G2 NORD,"['Lee Sin', 'Ashe', 'Varus', 'Ambessa', 'Ornn']","['Orianna', 'Caitlyn', 'Xin Zhao', 'Wukong', ""Rek'Sai""]","['Yorick', 'Nocturne', 'Ryze', 'Aphelios', 'Lulu']","['Rumble', 'Jarvan IV', 'Taliyah', 'Yunara', 'Blitzcrank']",[],[],0,leaguepedia_cargo_patch_range,1,scoreboard_players_corrected
EMEA Masters/2026 Season/Spring Main Event_Quarterfinals_1_3,2026-06-13 16:47:00,26.11,EM 2026 Spring Main Event,UCAM Esports,Karmine Corp Blue,UCAM Esports,"['Pyke', 'Kalista', 'LeBlanc', 'Vayne', 'Annie']","['Orianna', 'Anivia', 'Bard', 'Lee Sin', 'Xin Zhao']","['Sion', 'Wukong', 'Aurora', 'Xayah', 'Rakan']","['Renekton', 'Aatrox', 'Ryze', 'Zeri', 'Lulu']",[],[],1,leaguepedia_cargo_patch_range,0,scoreboard_players_corrected
EMEA Masters/2026 Season/Spring Main Event_Quarterfinals_3_3,2026-06-13 17:03:00,26.11,EM 2026 Spring Main Event,Eintracht Spandau,Team Heretics Academy,Team Heretics Academy,"['Viktor', 'Jarvan IV', 'Nautilus', 'Mel', 'Syndra']","['Orianna', 'Ryze', 'Wukong', 'LeBlanc', 'Neeko']","[""K'Sante"", 'Skarner', 'Ahri', 'Yunara', 'Lulu']","['Varus', 'Pantheon', 'Sylas', 'Miss Fortune', 'Pyke']",[],[],0,leaguepedia_cargo_patch_range,1,scoreboard_players_corrected
Esports World Cup 2026/Online Qualifiers/South America_Round 4_2_2,2026-06-13 17:03:00,26.11,Esports World Cup 2026 Online Qualifier: South America,Vivo Keyd Stars,LØS,LØS,"['Karma', 'Ryze', 'Varus', 'Viktor', 'Vayne']","['Cassiopeia', 'Jarvan IV', 'Bard', 'Twisted Fate', 'LeBlanc']","['Sion', 'Nocturne', 'Sylas', 'Ashe', 'Seraphine']","['Gwen', 'Wukong', 'Ahri', 'Xayah', 'Rakan']",[],[],0,leaguepedia_cargo_patch_range,1,scoreboard_players_corrected
EMEA Masters/2026 Season/Spring Main Event_Quarterfinals_2_4,2026-06-13 17:32:00,26.11,EM 2026 Spring Main Event,Solary,G2 NORD,Solary,"['Xin Zhao', 'Pyke', 'Wukong', 'Vayne', 'Elise']","['Orianna', 'Seraphine', 'Lee Sin', 'Rakan', 'Neeko']","['Ambessa', 'Olaf', 'Annie', 'Caitlyn', 'Alistar']","['Shyvana', 'Ornn', 'Viktor', 'Varus', 'Taric']",[],[],1,leaguepedia_cargo_patch_range,0,scoreboard_players_corrected
EMEA Masters/2026 Season/Spring Main Event_Quarterfinals_1_4,2026-06-13 17:33:00,26.11,EM 2026 Spring Main Event,Karmine Corp Blue,UCAM Esports,UCAM Esports,"['Pyke', 'Kalista', 'LeBlanc', 'Olaf', 'Vayne']","['Orianna', 'Anivia', 'Bard', 'Naafiri', 'Lee Sin']","[""K'Sante"", 'Qiyana', 'Annie', 'Mel', 'Camille']","['Fiora', 'Xin Zhao', 'Galio', 'Jhin', 'Neeko']",[],[],0,leaguepedia_cargo_patch_range,1,scoreboard_players_corrected
EMEA Masters/2026 Season/Spring Main Event_Quarterfinals_3_4,2026-06-13 17:53:00,26.11,EM 2026 Spring Main Event,Eintracht Spandau,Team Heretics Academy,Team Heretics Academy,"['Viktor', 'Kalista', 'Nautilus', 'Poppy', 'Alistar']","['Orianna', 'Vi', 'LeBlanc', 'Yorick', 'Camille']","['Jayce', 'Wukong', 'Syndra', 'Sivir', 'Rakan']","['Olaf', 'Jarvan IV', 'Irelia', 'Ziggs', 'Leona']",[],[],0,leaguepedia_cargo_patch_range,1,scoreboard_players_corrected
Esports World Cup 2026/Online Qualifiers/South America_Round 4_2_3,2026-06-13 18:00:00,26.11,Esports World Cup 2026 Online Qualifier: South America,LØS,Vivo Keyd Stars,LØS,"['Karma', 'Jarvan IV', 'Viktor', 'Naafiri', 'Vayne']","['Cassiopeia', 'Varus', 'Jayce', 'Lee Sin', 'Renekton']","['Twisted Fate', 'Trundle', 'Ryze', 'Caitlyn', 'Anivia']","['Gnar', 'Aatrox', 'Syndra', 'Jhin', 'Bard']",[],[],1,leaguepedia_cargo_patch_range,0,scoreboard_players_corrected
EMEA Masters/2026 Season/Spring Main Event_Quarterfinals_3_5,2026-06-13 18:39:00,26.11,EM 2026 Spring Main Event,Eintracht Spandau,Team Heretics Academy,Eintracht Spandau,"['Annie', 'LeBlanc', 'Nautilus', 'Vi', 'Maokai']","['Orianna', 'Ryze', 'Kalista', 'Dr. Mundo', 'Aatrox']","['Gragas', 'Qiyana', 'Viktor', 'Corki', 'Nami']","['Gnar', 'Trundle', 'Yone', 'Jhin', 'Neeko']",[],[],1,leaguepedia_cargo_patch_range,0,scoreboard_players_corrected
LCS/2026 Season/Spring Playoffs_Round 3_1_1,2026-06-13 20:15:00,26.11,LCS 2026 Spring Playoffs,Team Liquid,Cloud9,Team Liquid,"['Varus', 'Karma', 'Akali', 'Jarvan IV', 'Gnar']","['Orianna', 'Bard', 'Cassiopeia', 'Annie', 'Ziggs']","['Zaahen', 'Lee Sin', 'Ryze', 'Xayah', 'Rakan']","['Sion', 'Nocturne', 'Anivia', 'Ashe', 'Seraphine']",[],[],1,leaguepedia_cargo_patch_range,0,scoreboard_players_corrected
LCS/2026 Season/Spring Playoffs_Round 3_1_2,2026-06-13 21:09:00,26.11,LCS 2026 Spring Playoffs,Team Liquid,Cloud9,Team Liquid,"['Akali', 'Karma', 'Lucian', 'LeBlanc', ""K'Sante""]","['Orianna', 'Cassiopeia', 'Varus', 'Annie', 'Senna']","['Ornn', 'Trundle', 'Yone', 'Caitlyn', 'Bard']","['Rumble', 'Jarvan IV', 'Ziggs', 'Jhin', 'Nautilus']",[],[],1,leaguepedia_cargo_patch_range,0,scoreboard_players_corrected
LCS/2026 Season/Spring Playoffs_Round 3_1_3,2026-06-13 21:59:00,26.11,LCS 2026 Spring Playoffs,Team Liquid,Cloud9,Team Liquid,"['Lucian', 'Karma', 'Akali', 'Renekton', 'Jax']","['Orianna', 'Varus', 'Cassiopeia', 'Gnar', 'Jayce']","['Shen', 'Naafiri', 'Viktor', 'Ezreal', 'Neeko']","['Ambessa', 'Sejuani', 'Twisted Fate', 'Yunara', 'Lulu']",[],[],1,leaguepedia_cargo_patch_range,0,scoreboard_players_corrected
2026 Asian Games/Qualifier_Day 3_1_1,2026-06-14 05:06:00,26.11,Asian Games 2026 Qualifier,Saudi Arabia (National Team),Vietnam (National Team),Vietnam (National Team),"['Akali', 'Jayce', 'Aurora', 'Vayne', 'Rumble']","['Nocturne', 'Varus', 'Caitlyn', 'Cassiopeia', 'Annie']","['Udyr', ""Kha'Zix"", 'Ziggs', ""Kai'Sa"", 'Rell']","['Olaf', 'Lee Sin', 'Ryze', 'Ezreal', 'Nautilus']",[],[],0,leaguepedia_cargo_patch_range,1,scoreboard_players_corrected
2026 Asian Games/Qualifier_Day 3_2_1,2026-06-14 05:09:00,26.11,Asian Games 2026 Qualifier,India (National Team),Hong Kong (National Team),Hong Kong (National Team),"['Orianna', 'Lee Sin', 'Anivia', 'Seraphine', 'Braum']","['Karma', 'Varus', 'Jarvan IV', 'Rakan', 'Lucian']","['Jayce', 'Wukong', 'Cassiopeia', ""Kai'Sa"", 'Rell']","['Irelia', 'Nocturne', 'Akali', 'Ezreal', 'Alistar']",[],[],0,leaguepedia_cargo_patch_range,1,scoreboard_players_corrected
LCK/2026 Season/Road to MSI_Round 4_1_1,2026-06-14 06:27:00,26.11,LCK 2026 Road to MSI,T1,Gen.G,Gen.G,"['Varus', 'Bard', 'Vi', 'Poppy', 'Lucian']","['Orianna', 'Karma', 'Jayce', 'Rakan', 'Ashe']","['Vayne', 'Trundle', 'Cassiopeia', 'Ziggs', 'Shen']","['Ambessa', 'Lee Sin', 'Galio', 'Jhin', 'Camille']",[],[],0,leaguepedia_cargo_patch_range,1,scoreboard_players_corrected
LCK/2026 Season/Road to MSI_Round 4_1_2,2026-06-14 07:24:00,26.11,LCK 2026 Road to MSI,T1,Gen.G,T1,"['Bard', 'Varus', 'Karma', 'Caitlyn', 'Ashe']","['Orianna', 'Ryze', 'Sion', 'Wukong', 'Naafiri']","['Rumble', 'Vi', 'Akali', 'Kalista', 'Renata Glasc']","['Yorick', 'Maokai', 'Anivia', 'Xayah', 'Rakan']",[],[],1,leaguepedia_cargo_patch_range,0,scoreboard_players_corrected
2026 Asian Games/Qualifier_Day 3_6_1,2026-06-14 08:07:00,26.11,Asian Games 2026 Qualifier,Vietnam (National Team),India (National Team),Vietnam (National Team),"['Nocturne', 'Ezreal', 'Jarvan IV', 'Nautilus', 'Rakan']","['Ryze', 'Lee Sin', 'Jayce', 'Akali', 'Cassiopeia']","['Varus', 'Xin Zhao', 'Lissandra', 'Caitlyn', 'Bard']","['Vayne', 'Sejuani', 'Katarina', 'Twitch', 'Shaco']",[],[],1,leaguepedia_cargo_patch_range,0,scoreboard_players_corrected
LJL/2026 Season/Spring Series_Finals_1_1,2026-06-14 08:07:00,26.11,LJL 2026 Spring Series,FENNEL,Rising Gaming,Rising Gaming,"['Lucian', 'Caitlyn', 'Nautilus', 'Gnar', 'LeBlanc']","['Ziggs', 'Mel', 'Nocturne', 'Pantheon', 'Naafiri']","['Sion', 'Wukong', 'Ryze', 'Ezreal', 'Karma']","['Ambessa', 'Lee Sin', 'Taliyah', 'Sivir', 'Bard']",[],[],0,leaguepedia_cargo_patch_range,1,scoreboard_players_corrected
2026 Asian Games/Qualifier_Day 3_5_1,2026-06-14 08:13:00,26.11,Asian Games 2026 Qualifier,Hong Kong (National Team),Saudi Arabia (National Team),Hong Kong (National Team),"['Varus', 'Caitlyn', ""Kha'Zix"", 'Ryze', 'Annie']","['Nocturne', 'Akali', 'Jayce', 'Rumble', 'Galio']","['Camille', 'Jarvan IV', 'Cassiopeia', 'Ezreal', 'Karma']","[""K'Sante"", 'Lee Sin', 'Orianna', 'Lucian', 'Milio']",[],[],1,leaguepedia_cargo_patch_range,0,scoreboard_players_corrected
LPL/2026 Season/Split 2 Playoffs_Finals_1_1,2026-06-14 08:19:00,26.10,LPL 2026 Split 2 Playoffs,Top Esports,Bilibili Gaming,Bilibili Gaming,"['Seraphine', 'Bard', 'Trundle', 'Ambessa', 'Sion']","['Orianna', 'Ezreal', 'Lee Sin', 'Lucian', 'Yunara']","['Rumble', 'Vi', 'Ryze', 'Sivir', 'Alistar']","['Yorick', 'Jarvan IV', 'Cassiopeia', 'Varus', 'Camille']",[],[],0,leaguepedia_cargo_patch_range,1,scoreboard_players_corrected
LCK/2026 Season/Road to MSI_Round 4_1_3,2026-06-14 08:27:00,26.11,LCK 2026 Road to MSI,T1,Gen.G,T1,"['Bard', 'Nocturne', 'Karma', 'Viktor', 'Lissandra']","['Orianna', 'Ryze', 'Varus', 'Pyke', 'Nautilus']","['Olaf', 'Wukong', 'Sion', 'Senna', 'Alistar']","['Zaahen', 'Jayce', 'Annie', 'Mel', 'Poppy']",[],[],1,leaguepedia_cargo_patch_range,0,scoreboard_players_corrected
LJL/2026 Season/Spring Series_Finals_1_2,2026-06-14 09:05:00,26.11,LJL 2026 Spring Series,Rising Gaming,FENNEL,FENNEL,"['Ziggs', 'Mel', 'Naafiri', 'Akali', 'Galio']","['Rumble', 'Nocturne', 'Vi', 'Yorick', 'Malphite']","['Aurora', 'Jarvan IV', 'LeBlanc', 'Miss Fortune', 'Nautilus']","['Jayce', 'Trundle', 'Twisted Fate', 'Jhin', 'Rell']",[],[],0,leaguepedia_cargo_patch_range,1,scoreboard_players_corrected
LPL/2026 Season/Split 2 Playoffs_Finals_1_2,2026-06-14 09:14:00,26.10,LPL 2026 Split 2 Playoffs,Bilibili Gaming,Top Esports,Bilibili Gaming,"['Bard', 'Seraphine', 'Sion', 'Rakan', 'Caitlyn']","['Orianna', 'Ezreal', 'Lucian', 'Karma', 'Nami']","[""K'Sante"", 'Lee Sin', 'Annie', 'Ziggs', 'Shen']","['Jayce', 'Trundle', 'Aurora', 'Jhin', 'Nautilus']",[],[],1,leaguepedia_cargo_patch_range,0,scoreboard_players_corrected
2026 Asian Games/Qualifier_Day 3_7_1,2026-06-14 09:23:00,26.11,Asian Games 2026 Qualifier,United Arab Emirates (National Team),Malaysia (National Team),United Arab Emirates (National Team),"['Jarvan IV', 'Orianna', 'Gnar', 'Milio', 'Rakan']","['Karma', 'Ezreal', 'Nocturne', 'LeBlanc', 'Aurora']","['Sion', 'Lee Sin', 'Akali', 'Ashe', 'Seraphine']","['Olaf', 'Xin Zhao', 'Cassiopeia', 'Senna', 'Nautilus']",[],[],1,leaguepedia_cargo_patch_range,0,scoreboard_players_corrected
LCK/2026 Season/Road to MSI_Round 4_1_4,2026-06-14 09:36:00,26.11,LCK 2026 Road to MSI,T1,Gen.G,Gen.G,"['Bard', 'Caitlyn', 'Jarvan IV', 'Sivir', 'Neeko']","['Orianna', 'Varus', 'Ryze', 'Sylas', 'Twisted Fate']","['Gnar', 'Nocturne', 'Lissandra', 'Yunara', 'Lulu']","['Gangplank', 'Xin Zhao', 'Ahri', 'Ezreal', 'Karma']",[],[],0,leaguepedia_cargo_patch_range,1,scoreboard_players_corrected
LJL/2026 Season/Spring Series_Finals_1_3,2026-06-14 09:56:00,26.11,LJL 2026 Spring Series,FENNEL,Rising Gaming,FENNEL,"['Caitlyn', 'Rumble', 'Varus', 'Milio', 'Lulu']","['Nocturne', 'Ziggs', 'Mel', 'Akali', 'Cassiopeia']","['Gnar', 'Naafiri', 'Fizz', 'Senna', 'Alistar']","['Kennen', 'Pantheon', 'Orianna', 'Jinx', 'Poppy']",[],[],1,leaguepedia_cargo_patch_range,0,scoreboard_players_corrected
VCS/2026 Season/Summer Playoffs_Round 1_3_1,2026-06-14 10:13:00,26.11,VCS 2026 Summer Playoffs,Saigon Dino,SN CyberCore Esports,SN CyberCore Esports,"['Lucian', 'Akali', 'Cassiopeia', 'Camille', 'Sion']","['Rumble', 'Bard', 'Ezreal', 'Neeko', 'Karma']","['Renekton', 'Nocturne', 'Ryze', 'Varus', 'Rell']","['Jax', 'Jarvan IV', 'Orianna', 'Jhin', 'Nautilus']",[],[],0,leaguepedia_cargo_patch_range,1,scoreboard_players_corrected
Hitpoint 2nd Division Challengers/2026 Season/Spring Playoffs_Finals_1_1,2026-06-14 10:14:00,26.11,Hitpoint 2nd Div Challengers 2026 Spring Playoffs,Priority,Ethereal Enigmas,Priority,"['Ivern', 'Seraphine', 'Aurora', 'Ezreal', 'Cassiopeia']","['Varus', 'Karma', 'Jarvan IV', 'Yunara', 'Sivir']","[""K'Sante"", 'Xin Zhao', 'Orianna', 'Caitlyn', 'Bard']","['Twisted Fate', 'Wukong', 'Annie', 'Vladimir', 'Rakan']",[],[],1,leaguepedia_cargo_patch_range,0,scoreboard_players_corrected
LPL/2026 Season/Split 2 Playoffs_Finals_1_3,2026-06-14 10:20:00,26.10,LPL 2026 Split 2 Playoffs,Bilibili Gaming,Top Esports,Bilibili Gaming,"['Bard', 'Ambessa', 'Caitlyn', 'Naafiri', 'Xin Zhao']","['Orianna', 'Ezreal', 'Nocturne', 'Gnar', 'Akali']","['Sion', 'Pantheon', 'Viktor', 'Senna', 'Seraphine']","['Olaf', 'Wukong', 'Hwei', 'Ashe', 'Lulu']",[],[],1,leaguepedia_cargo_patch_range,0,scoreboard_players_corrected
LCK/2026 Season/Road to MSI_Round 4_1_5,2026-06-14 10:35:00,26.11,LCK 2026 Road to MSI,Gen.G,T1,T1,"['Yone', 'Lucian', 'Varus', 'Blitzcrank', 'Nautilus']","['Bard', 'Caitlyn', 'Orianna', 'Ashe', 'Thresh']","['Renekton', 'Nidalee', 'Twisted Fate', 'Miss Fortune', 'Rell']","['Gragas', 'Naafiri', 'Ryze', 'Sivir', 'Neeko']",[],[],0,leaguepedia_cargo_patch_range,1,scoreboard_players_corrected
2026 Asian Games/Qualifier_Day 3_9_1,2026-06-14 10:48:00,26.11,Asian Games 2026 Qualifier,India (National Team),Saudi Arabia (National Team),Saudi Arabia (National Team),"['Sion', ""K'Sante"", 'Jarvan IV', 'Karma', 'Pyke']","['Varus', 'Ezreal', 'Katarina', 'Blitzcrank', 'Nautilus']","['Renekton', 'Xin Zhao', 'Orianna', ""Kai'Sa"", 'Lux']","['Illaoi', 'Nocturne', 'Ziggs', 'Caitlyn', 'Rell']",[],[],0,leaguepedia_cargo_patch_range,1,scoreboard_players_corrected
LJL/2026 Season/Spring Series_Finals_1_4,2026-06-14 10:56:00,26.11,LJL 2026 Spring Series,Rising Gaming,FENNEL,Rising Gaming,"['Ziggs', 'Zaahen', 'Nocturne', 'Yone', ""Kha'Zix""]","['Caitlyn', 'Lucian', 'Zoe', ""K'Sante"", 'Yorick']","['Ornn', 'Vi', ""Vel'Koz"", 'Yunara', 'Lulu']","['Rumble', 'Nasus', 'Cassiopeia', 'Varus', 'Shen']",[],[],1,leaguepedia_cargo_patch_range,0,scoreboard_players_corrected
Hitpoint 2nd Division Challengers/2026 Season/Spring Playoffs_Finals_1_2,2026-06-14 11:04:00,26.11,Hitpoint 2nd Div Challengers 2026 Spring Playoffs,Priority,Ethereal Enigmas,Priority,"['Ivern', 'Seraphine', 'Aurora', 'Ezreal', 'Xayah']","['Jarvan IV', 'Karma', 'Varus', 'Lulu', 'Neeko']","['Sion', 'Vi', 'Cassiopeia', 'Senna', 'Alistar']","['Aatrox', 'Jayce', 'Syndra', 'Brand', 'Rell']",[],[],1,leaguepedia_cargo_patch_range,0,scoreboard_players_corrected
VCS/2026 Season/Summer Playoffs_Round 1_3_2,2026-06-14 11:10:00,26.11,VCS 2026 Summer Playoffs,Saigon Dino,SN CyberCore Esports,Saigon Dino,"['Lucian', 'Akali', 'Caitlyn', 'Seraphine', 'Lulu']","['Rumble', 'Bard', 'Ezreal', 'Xin Zhao', 'Vi']","['Gwen', 'Skarner', 'Cassiopeia', 'Miss Fortune', 'Poppy']","['Sion', 'Lee Sin', 'LeBlanc', 'Ashe', 'Milio']",[],[],1,leaguepedia_cargo_patch_range,0,scoreboard_players_corrected
2026 Asian Games/Qualifier_Day 3_10_1,2026-06-14 11:18:00,26.11,Asian Games 2026 Qualifier,Hong Kong (National Team),Vietnam (National Team),Vietnam (National Team),"['Lee Sin', 'Cassiopeia', 'Vi', 'Alistar', 'Rumble']","['Nocturne', 'Varus', 'Jarvan IV', 'Trundle', 'Naafiri']","[""K'Sante"", 'Wukong', 'Ryze', 'Sivir', 'Yuumi']","['Gnar', 'Xin Zhao', 'Anivia', 'Ezreal', 'Karma']",[],[],0,leaguepedia_cargo_patch_range,1,scoreboard_players_corrected
LJL/2026 Season/Spring Series_Finals_1_5,2026-06-14 11:51:00,26.11,LJL 2026 Spring Series,FENNEL,Rising Gaming,FENNEL,"['Caitlyn', 'Lucian', 'Akali', ""Kai'Sa"", 'Zeri']","[""Kha'Zix"", 'Ziggs', 'Seraphine', 'Sylas', 'Viktor']","['Olaf', 'Nocturne', 'Hwei', 'Mel', 'Leona']","['Renekton', 'Xin Zhao', 'Lissandra', 'Kalista', 'Renata Glasc']",[],[],1,leaguepedia_cargo_patch_range,0,scoreboard_players_corrected
VCS/2026 Season/Summer Playoffs_Round 1_3_3,2026-06-14 11:53:00,26.11,VCS 2026 Summer Playoffs,SN CyberCore Esports,Saigon Dino,SN CyberCore Esports,"['Bard', 'Pantheon', 'Rumble', 'Senna', 'Sivir']","['Caitlyn', 'Trundle', 'Akali', 'Camille', 'Karma']","['Aatrox', 'Jayce', 'Galio', 'Ezreal', 'Rakan']","['Ambessa', 'Vi', 'Annie', ""Kai'Sa"", 'Neeko']",[],[],1,leaguepedia_cargo_patch_range,0,scoreboard_players_corrected
2026 Asian Games/Qualifier_Day 3_11_1,2026-06-14 12:08:00,26.11,Asian Games 2026 Qualifier,United Arab Emirates (National Team),Jordan (National Team),United Arab Emirates (National Team),"['Rell', 'Jarvan IV', 'Orianna', 'Rakan', 'Nautilus']","['Zoe', 'Janna', 'Karma', 'Seraphine', 'Alistar']","['Zaahen', 'Lee Sin', 'Galio', 'Ezreal', 'Poppy']","['Dr. Mundo', ""Rek'Sai"", 'LeBlanc', 'Xayah', 'Pyke']",[],[],1,leaguepedia_cargo_patch_range,0,scoreboard_players_corrected
Hitpoint 2nd Division Challengers/2026 Season/Spring Playoffs_Finals_1_3,2026-06-14 12:12:00,26.11,Hitpoint 2nd Div Challengers 2026 Spring Playoffs,Ethereal Enigmas,Priority,Ethereal Enigmas,"['Varus', 'Karma', 'Lulu', 'Nautilus', 'Gnar']","['Ivern', 'Azir', 'Aurora', 'Mel', 'Viktor']","['Renekton', 'Jarvan IV', 'Taliyah', 'Lucian', 'Milio']","['Ornn', 'Skarner', 'Ahri', 'Ezreal', 'Braum']",[],[],1,leaguepedia_cargo_patch_range,0,scoreboard_players_corrected
2026 Asian Games/Qualifier_Day 3_12_1,2026-06-14 12:32:00,26.11,Asian Games 2026 Qualifier,Malaysia (National Team),Mongolia (National Team),Malaysia (National Team),"['Jayce', 'Twisted Fate', 'Nocturne', 'Seraphine', 'Lulu']","['Lucian', 'Cassiopeia', 'Varus', 'Olaf', 'Gnar']","['Ornn', 'Jarvan IV', 'Viktor', 'Jhin', 'Nautilus']","['Ambessa', 'Xin Zhao', 'Orianna', 'Ashe', 'Karma']",[],[],1,leaguepedia_cargo_patch_range,0,scoreboard_players_corrected
VCS/2026 Season/Summer Playoffs_Round 1_3_4,2026-06-14 12:50:00,26.11,VCS 2026 Summer Playoffs,Saigon Dino,SN CyberCore Esports,Saigon Dino,"['Caitlyn', 'Akali', 'Olaf', 'Lulu', 'Zeri']","['Bard', 'Rumble', 'Trundle', 'Sivir', 'Xayah']","['Gnar', 'Wukong', 'Aurora', 'Senna', 'Shen']","['Malphite', 'Naafiri', 'Twisted Fate', 'Corki', 'Karma']",[],[],1,leaguepedia_cargo_patch_range,0,scoreboard_players_corrected
Hitpoint 2nd Division Challengers/2026 Season/Spring Playoffs_Finals_1_4,2026-06-14 12:59:00,26.11,Hitpoint 2nd Div Challengers 2026 Spring Playoffs,Priority,Ethereal Enigmas,Ethereal Enigmas,"['Ivern', 'Seraphine', 'Karma', 'Pantheon', 'Lee Sin']","['Varus', 'Azir', 'Lulu', 'Malphite', 'Ashe']","['Ambessa', 'Nocturne', 'Aurora', 'Sivir', 'Neeko']","['Gnar', 'Shyvana', 'Ryze', 'Kalista', 'Nautilus']",[],[],0,leaguepedia_cargo_patch_range,1,scoreboard_players_corrected
VCS/2026 Season/Summer Playoffs_Round 1_3_5,2026-06-14 13:51:00,26.11,VCS 2026 Summer Playoffs,Saigon Dino,SN CyberCore Esports,Saigon Dino,"['Caitlyn', 'Trundle', 'Olaf', 'Sejuani', 'Camille']","['Bard', 'Rumble', 'Pantheon', 'Lulu', 'Xayah']","[""K'Sante"", 'Xin Zhao', 'Ahri', 'Lucian', 'Braum']","['Zaahen', 'Zyra', 'Akali', 'Sivir', 'Alistar']",[],[],1,leaguepedia_cargo_patch_range,0,scoreboard_players_corrected
Hitpoint 2nd Division Challengers/2026 Season/Spring Playoffs_Finals_1_5,2026-06-14 13:55:00,26.11,Hitpoint 2nd Div Challengers 2026 Spring Playoffs,Priority,Ethereal Enigmas,Ethereal Enigmas,"['Ivern', 'Seraphine', 'Gwen', 'Poppy', 'Malphite']","['Karma', 'Lulu', 'Azir', 'Sylas', 'Udyr']","['Zac', 'Sejuani', 'Viktor', 'Samira', 'Pyke']","['Garen', 'Trundle', 'Akali', 'Varus', 'Leona']",[],[],0,leaguepedia_cargo_patch_range,1,scoreboard_players_corrected
EMEA Masters/2026 Season/Spring Main Event_Semifinals_2_1,2026-06-14 15:00:00,26.11,EM 2026 Spring Main Event,Galions,Eintracht Spandau,Galions,"['Cassiopeia', 'Nautilus', 'Ryze', 'Ambessa', 'Varus']","['Orianna', 'Sion', 'Anivia', 'Wukong', 'Skarner']","[""K'Sante"", 'Nocturne', 'Akali', 'Caitlyn', 'Bard']","['Rumble', 'Lee Sin', 'Azir', 'Lucian', 'Milio']",[],[],1,leaguepedia_cargo_patch_range,0,scoreboard_players_corrected
EMEA Masters/2026 Season/Spring Main Event_Semifinals_1_1,2026-06-14 15:01:00,26.11,EM 2026 Spring Main Event,Solary,UCAM Esports,Solary,"['Varus', 'Pyke', 'Nautilus', ""K'Sante"", 'Aurora']","['Orianna', 'Cassiopeia', 'Bard', 'Ryze', 'Xin Zhao']","['Anivia', 'Wukong', 'Annie', 'Lucian', 'Milio']","['Jayce', 'Nocturne', 'Ahri', 'Ezreal', 'Neeko']",[],[],1,leaguepedia_cargo_patch_range,0,scoreboard_players_corrected
EMEA Masters/2026 Season/Spring Main Event_Semifinals_1_2,2026-06-14 15:44:00,26.11,EM 2026 Spring Main Event,Solary,UCAM Esports,Solary,"['Varus', 'Bard', 'Cassiopeia', 'Taliyah', ""K'Sante""]","['Orianna', 'Jarvan IV', 'Ryze', 'LeBlanc', 'Akali']","['Sion', 'Vi', 'Viktor', 'Caitlyn', 'Rell']","['Rumble', 'Xin Zhao', 'Yone', 'Senna', 'Nautilus']",[],[],1,leaguepedia_cargo_patch_range,0,scoreboard_players_corrected
EMEA Masters/2026 Season/Spring Main Event_Semifinals_2_2,2026-06-14 15:48:00,26.11,EM 2026 Spring Main Event,Galions,Eintracht Spandau,Galions,"['Nautilus', 'Sion', 'Jarvan IV', 'Vayne', 'Jayce']","['Orianna', 'Varus', 'Xin Zhao', 'Ambessa', 'Vi']","['Renekton', 'Naafiri', 'Anivia', 'Ashe', 'Seraphine']","['Ornn', 'Pantheon', ""Kog'Maw"", 'Ezreal', 'Karma']",[],[],1,leaguepedia_cargo_patch_range,0,scoreboard_players_corrected
Esports World Cup 2026/Online Qualifiers/South America_Finals_1_1,2026-06-14 16:08:00,26.11,Esports World Cup 2026 Online Qualifier: South America,LØS,RED Canids,LØS,"['Nocturne', 'Naafiri', 'Cassiopeia', 'Trundle', 'Twisted Fate']","['Nautilus', 'Jarvan IV', 'Varus', 'Rumble', 'Ahri']","['Sion', 'Xin Zhao', 'Ryze', 'Caitlyn', 'Karma']","['Jayce', 'Pantheon', 'Taliyah', 'Jhin', 'Bard']",[],[],1,leaguepedia_cargo_patch_range,0,scoreboard_players_corrected
EMEA Masters/2026 Season/Spring Main Event_Semifinals_1_3,2026-06-14 16:24:00,26.11,EM 2026 Spring Main Event,Solary,UCAM Esports,Solary,"['Varus', 'Pyke', 'Ryze', 'Aurora', 'Vayne']","['Orianna', 'Bard', 'Cassiopeia', 'Sylas', 'LeBlanc']","['Gnar', 'Jarvan IV', 'Twisted Fate', 'Yunara', 'Lulu']","['Jax', 'Skarner', 'Taliyah', 'Ashe', 'Seraphine']",[],[],1,leaguepedia_cargo_patch_range,0,scoreboard_players_corrected
EMEA Masters/2026 Season/Spring Main Event_Semifinals_2_3,2026-06-14 16:36:00,26.11,EM 2026 Spring Main Event,Galions,Eintracht Spandau,Galions,"['Sion', 'Syndra', 'Viktor', 'Galio', 'Olaf']","['Orianna', 'Cassiopeia', 'Ryze', 'Nautilus', 'Pyke']","['Varus', 'Xin Zhao', 'Annie', 'Ziggs', 'Blitzcrank']","['Yasuo', 'Vi', 'Lux', 'Yunara', 'Lulu']",[],[],1,leaguepedia_cargo_patch_range,0,scoreboard_players_corrected
Esports World Cup 2026/Online Qualifiers/South America_Finals_1_2,2026-06-14 17:08:00,26.11,Esports World Cup 2026 Online Qualifier: South America,LØS,RED Canids,LØS,"['Nocturne', 'Cassiopeia', 'Wukong', 'Ambessa', 'Trundle']","['Nautilus', 'Jarvan IV', 'Naafiri', 'Ashe', 'Miss Fortune']","['Varus', ""Rek'Sai"", 'Galio', 'Xayah', 'Rakan']","['Rumble', 'Vi', 'Ahri', 'Senna', 'Alistar']",[],[],1,leaguepedia_cargo_patch_range,0,scoreboard_players_corrected
Esports World Cup 2026/Online Qualifiers/South America_Finals_1_3,2026-06-14 18:09:00,26.11,Esports World Cup 2026 Online Qualifier: South America,LØS,RED Canids,LØS,"['Nautilus', 'Jarvan IV', 'LeBlanc', 'Neeko', 'Vayne']","['Nocturne', 'Orianna', 'Lucian', 'Naafiri', 'Skarner']","['Renekton', 'Sejuani', 'Cassiopeia', 'Sivir', 'Lulu']","[""K'Sante"", 'Wukong', 'Akali', 'Ezreal', 'Seraphine']",[],[],1,leaguepedia_cargo_patch_range,0,scoreboard_players_corrected
LCS/2026 Season/Spring Playoffs_Finals_1_1,2026-06-14 20:16:00,26.11,LCS 2026 Spring Playoffs,Team Liquid,LYON (2024 American Team),LYON (2024 American Team),"['Bard', 'Jarvan IV', 'Nocturne', 'Karma', 'Gnar']","['Lee Sin', 'Rakan', 'Naafiri', 'Nautilus', 'Poppy']","['Sion', 'Trundle', 'Orianna', 'Varus', 'Neeko']","['Shen', 'Xin Zhao', 'Akali', 'Ezreal', 'Alistar']",[],[],0,leaguepedia_cargo_patch_range,1,scoreboard_players_corrected
LCS/2026 Season/Spring Playoffs_Finals_1_2,2026-06-14 21:23:00,26.11,LCS 2026 Spring Playoffs,LYON (2024 American Team),Team Liquid,LYON (2024 American Team),"['Bard', 'Karma', 'Nocturne', 'Naafiri', 'Rumble']","['Lee Sin', 'Rakan', 'Seraphine', 'Ziggs', 'Miss Fortune']","[""K'Sante"", 'Wukong', 'LeBlanc', 'Senna', 'Nautilus']","['Gragas', 'Jarvan IV', 'Cassiopeia', 'Corki', 'Rell']",[],[],1,leaguepedia_cargo_patch_range,0,scoreboard_players_corrected
LCS/2026 Season/Spring Playoffs_Finals_1_3,2026-06-14 22:24:00,26.11,LCS 2026 Spring Playoffs,LYON (2024 American Team),Team Liquid,LYON (2024 American Team),"['Lee Sin', 'Naafiri', 'Yone', 'Ornn', 'Ambessa']","['Vi', 'Jayce', 'Ryze', 'Sylas', 'Ahri']","['Rumble', 'Nocturne', 'Galio', 'Yunara', 'Lulu']","['Yorick', 'Shyvana', 'Viktor', 'Xayah', 'Rakan']",[],[],1,leaguepedia_cargo_patch_range,0,scoreboard_players_corrected
2026 Asia Masters_Last Chance Qualifier_1_1,2026-06-15 06:08:00,26.11,Asia Masters 2026,Saigon Warriors,KT Rolster Challengers,KT Rolster Challengers,"['Ezreal', 'Akali', 'Bard', 'Caitlyn', 'Nautilus']","['Varus', 'Vi', 'Nocturne', 'Lee Sin', 'Naafiri']","['Jayce', 'Trundle', 'Orianna', 'Lucian', 'Milio']","['Sion', 'Jarvan IV', 'LeBlanc', 'Yunara', 'Lulu']",[],[],0,leaguepedia_cargo_patch_range,1,scoreboard_players_corrected
2026 Asia Masters_Last Chance Qualifier_1_2,2026-06-15 06:57:00,26.11,Asia Masters 2026,Saigon Warriors,KT Rolster Challengers,KT Rolster Challengers,"['Ezreal', 'Akali', 'Vi', 'Karma', 'Neeko']","['Varus', 'Nocturne', 'Bard', 'Ashe', 'Caitlyn']","['Rumble', 'Naafiri', 'Cassiopeia', 'Sivir', 'Rakan']","[""K'Sante"", 'Lee Sin', 'Anivia', 'Xayah', 'Alistar']",[],[],0,leaguepedia_cargo_patch_range,1,scoreboard_players_corrected
2026 Asia Masters_Last Chance Qualifier_2_1,2026-06-15 08:07:00,26.11,Asia Masters 2026,KT Rolster Challengers,Top Esports Challenger,KT Rolster Challengers,"['Varus', 'Jarvan IV', 'Bard', 'Xin Zhao', 'Vi']","['Karma', 'Nocturne', 'Nautilus', 'Lulu', 'Lucian']","['Sion', 'Naafiri', 'Orianna', 'Mel', 'Camille']","['Gnar', 'Kindred', 'Galio', 'Ashe', 'Seraphine']",[],[],1,leaguepedia_cargo_patch_range,0,scoreboard_players_corrected
2026 Asia Masters_Last Chance Qualifier_2_2,2026-06-15 08:51:00,26.11,Asia Masters 2026,KT Rolster Challengers,Top Esports Challenger,KT Rolster Challengers,"['Varus', 'Lee Sin', 'Cassiopeia', 'Bard', 'Annie']","['Karma', 'Nocturne', 'Ryze', 'Lucian', 'Senna']","['Jayce', 'Vi', 'Ahri', ""Kai'Sa"", 'Neeko']","['Yorick', 'Xin Zhao', 'Aurora', 'Ezreal', 'Nautilus']",[],[],1,leaguepedia_cargo_patch_range,0,scoreboard_players_corrected
2026 Asia Masters_Last Chance Qualifier_3_1,2026-06-15 09:41:00,26.11,Asia Masters 2026,Saigon Warriors,Top Esports Challenger,Top Esports Challenger,"['Akali', 'Galio', 'Jarvan IV', 'Bard', 'Nautilus']","['Karma', 'Nocturne', 'Orianna', 'Ashe', 'Lulu']","['Jayce', 'Vi', 'Cassiopeia', 'Varus', 'Rakan']","['Sion', 'Naafiri', 'Ahri', 'Senna', 'Alistar']",[],[],0,leaguepedia_cargo_patch_range,1,scoreboard_players_corrected
2026 Asia Masters_Last Chance Qualifier_3_2,2026-06-15 10:38:00,26.11,Asia Masters 2026,Saigon Warriors,Top Esports Challenger,Saigon Warriors,"['Galio', 'Akali', 'Jarvan IV', 'Bard', ""K'Sante""]","['Karma', 'Nocturne', 'Orianna', 'Xin Zhao', 'Wukong']","['Rumble', ""Rek'Sai"", 'Ryze', 'Lucian', 'Milio']","['Udyr', 'Lee Sin', 'Annie', 'Caitlyn', 'Lux']",[],[],1,leaguepedia_cargo_patch_range,0,scoreboard_players_corrected
2026 Asia Masters_Last Chance Qualifier_3_3,2026-06-15 11:33:00,26.11,Asia Masters 2026,Saigon Warriors,Top Esports Challenger,Top Esports Challenger,"['Akali', 'Galio', 'Vayne', 'LeBlanc', 'Jax']","['Nocturne', 'Karma', 'Nautilus', 'Mel', 'Lulu']","['Gnar', 'Wukong', 'Orianna', 'Ezreal', 'Bard']","['Ambessa', 'Jarvan IV', 'Viktor', 'Ashe', 'Seraphine']",[],[],0,leaguepedia_cargo_patch_range,1,scoreboard_players_corrected
EMEA Masters/2026 Season/Spring Main Event_Finals_1_1,2026-06-15 15:01:00,26.11,EM 2026 Spring Main Event,Solary,Galions,Galions,"['Varus', 'Nautilus', 'Cassiopeia', 'Jarvan IV', 'Ornn']","['Orianna', 'Sion', 'Anivia', 'Wukong', 'Skarner']","['Rumble', 'Xin Zhao', 'Ryze', 'Jhin', 'Elise']","[""K'Sante"", 'Nocturne', 'Annie', 'Caitlyn', 'Bard']",[],[],0,leaguepedia_cargo_patch_range,1,scoreboard_players_corrected
EMEA Masters/2026 Season/Spring Main Event_Finals_1_2,2026-06-15 15:46:00,26.11,EM 2026 Spring Main Event,Galions,Solary,Galions,"['Nautilus', 'Varus', 'Pyke', 'Vayne', 'Gwen']","['Orianna', 'Jarvan IV', 'Renekton', 'Wukong', 'Naafiri']","['Sion', 'Lee Sin', 'Cassiopeia', 'Ashe', 'Milio']","['Zaahen', 'Vi', 'Anivia', 'Lucian', 'Sona']",[],[],1,leaguepedia_cargo_patch_range,0,scoreboard_players_corrected
EMEA Masters/2026 Season/Spring Main Event_Finals_1_3,2026-06-15 16:40:00,26.11,EM 2026 Spring Main Event,Galions,Solary,Galions,"['Lulu', 'Jarvan IV', 'Nautilus', 'Vayne', 'Jax']","['Orianna', 'Varus', 'Ezreal', 'LeBlanc', 'Taliyah']","['Renekton', 'Pantheon', 'Viktor', 'Yunara', 'Karma']","['Gnar', 'Wukong', 'Ahri', 'Sivir', 'Rell']",[],[],1,leaguepedia_cargo_patch_range,0,scoreboard_players_corrected
