source,target,games_together,wins_together,pair_win_rate,pair_win_rate_smoothed,synergy_score,weight
Ashe,Seraphine,240,138,0.575,0.573469387755102,0.07346938775510203,17.632653061224488
Bard,Caitlyn,99,62,0.6262626262626263,0.6201923076923077,0.12019230769230771,11.899038461538463
Rakan,Xayah,50,34,0.68,0.6636363636363637,0.1636363636363637,8.181818181818185
Pantheon,Seraphine,30,23,0.7666666666666667,0.7285714285714285,0.22857142857142854,6.857142857142856
Bard,K'Sante,40,27,0.675,0.6555555555555556,0.15555555555555556,6.222222222222222
Ashe,Pantheon,30,22,0.7333333333333333,0.7,0.19999999999999996,5.999999999999998
Lucian,Nami,39,26,0.6666666666666666,0.6477272727272727,0.1477272727272727,5.761363636363636
Bard,Gnar,37,25,0.6756756756756757,0.6547619047619048,0.15476190476190477,5.726190476190476
Caitlyn,Gnar,34,23,0.6764705882352942,0.6538461538461539,0.15384615384615385,5.230769230769231
Anivia,Ezreal,32,22,0.6875,0.6621621621621622,0.16216216216216217,5.1891891891891895
Anivia,Sion,26,19,0.7307692307692307,0.6935483870967742,0.19354838709677424,5.03225806451613
Cassiopeia,Lucian,24,18,0.75,0.7068965517241379,0.2068965517241379,4.96551724137931
Jarvan IV,Seraphine,41,26,0.6341463414634146,0.6195652173913043,0.11956521739130432,4.902173913043478
Aatrox,Ashe,20,16,0.8,0.74,0.24,4.8
Corki,Nocturne,18,15,0.8333333333333334,0.7608695652173914,0.26086956521739135,4.695652173913045
Ashe,Xin Zhao,76,43,0.5657894736842105,0.5617283950617284,0.06172839506172845,4.691358024691362
Anivia,Lucian,29,20,0.6896551724137931,0.6617647058823529,0.16176470588235292,4.691176470588235
Gnar,Ryze,36,23,0.6388888888888888,0.6219512195121951,0.12195121951219512,4.390243902439025
Seraphine,Viktor,34,22,0.6470588235294118,0.6282051282051282,0.1282051282051282,4.358974358974359
Akali,Jarvan IV,19,15,0.7894736842105263,0.7291666666666666,0.22916666666666663,4.354166666666666
Bard,Viktor,32,21,0.65625,0.6351351351351351,0.1351351351351351,4.324324324324323
Jarvan IV,Yunara,30,20,0.6666666666666666,0.6428571428571429,0.1428571428571429,4.285714285714287
Gnar,Nocturne,30,20,0.6666666666666666,0.6428571428571429,0.1428571428571429,4.285714285714287
Ryze,Vi,30,20,0.6666666666666666,0.6428571428571429,0.1428571428571429,4.285714285714287
Annie,Seraphine,28,19,0.6785714285714286,0.6515151515151515,0.1515151515151515,4.242424242424242
Akali,Seraphine,22,16,0.7272727272727273,0.6851851851851852,0.18518518518518523,4.074074074074075
Ashe,Ryze,47,28,0.5957446808510638,0.5865384615384616,0.08653846153846156,4.067307692307693
Ryze,Seraphine,47,28,0.5957446808510638,0.5865384615384616,0.08653846153846156,4.067307692307693
Bard,Sivir,20,15,0.75,0.7,0.19999999999999996,3.999999999999999
Caitlyn,Jarvan IV,35,22,0.6285714285714286,0.6125,0.11250000000000004,3.9375000000000018
Caitlyn,Lux,29,19,0.6551724137931034,0.6323529411764706,0.13235294117647056,3.8382352941176463
Ashe,Viktor,29,19,0.6551724137931034,0.6323529411764706,0.13235294117647056,3.8382352941176463
Anivia,Nocturne,16,13,0.8125,0.7380952380952381,0.23809523809523814,3.80952380952381
Aurora,Gnar,23,16,0.6956521739130435,0.6607142857142857,0.1607142857142857,3.696428571428571
Bard,Naafiri,21,15,0.7142857142857143,0.6730769230769231,0.17307692307692313,3.634615384615386
Ezreal,Gnar,46,27,0.5869565217391305,0.5784313725490197,0.07843137254901966,3.6078431372549042
Bard,Ryze,46,27,0.5869565217391305,0.5784313725490197,0.07843137254901966,3.6078431372549042
Seraphine,Vayne,12,11,0.9166666666666666,0.7941176470588235,0.2941176470588235,3.529411764705882
Gnar,Nautilus,36,22,0.6111111111111112,0.5975609756097561,0.09756097560975607,3.5121951219512186
Karma,Skarner,17,13,0.7647058823529411,0.7045454545454546,0.20454545454545459,3.477272727272728
Lucian,Rumble,32,20,0.625,0.6081081081081081,0.10810810810810811,3.4594594594594597
Jarvan IV,Lulu,30,19,0.6333333333333333,0.6142857142857143,0.11428571428571432,3.4285714285714297
Cassiopeia,Jarvan IV,26,17,0.6538461538461539,0.6290322580645161,0.12903225806451613,3.354838709677419
Ahri,Bard,26,17,0.6538461538461539,0.6290322580645161,0.12903225806451613,3.354838709677419
Pantheon,Viktor,26,17,0.6538461538461539,0.6290322580645161,0.12903225806451613,3.354838709677419
Akali,Sion,26,17,0.6538461538461539,0.6290322580645161,0.12903225806451613,3.354838709677419
Gnar,Viktor,24,16,0.6666666666666666,0.6379310344827587,0.13793103448275867,3.310344827586208
Cassiopeia,Gnar,22,15,0.6818181818181818,0.6481481481481481,0.14814814814814814,3.259259259259259
Ashe,Nocturne,22,15,0.6818181818181818,0.6481481481481481,0.14814814814814814,3.259259259259259
Bard,Xin Zhao,57,32,0.5614035087719298,0.5564516129032258,0.056451612903225756,3.2177419354838683
Ashe,Naafiri,20,14,0.7,0.66,0.16000000000000003,3.2000000000000006
Rumble,Ryze,45,26,0.5777777777777777,0.57,0.06999999999999995,3.1499999999999977
Nami,Nocturne,18,13,0.7222222222222222,0.6739130434782609,0.17391304347826086,3.1304347826086953
Aatrox,Seraphine,18,13,0.7222222222222222,0.6739130434782609,0.17391304347826086,3.1304347826086953
Karma,Trundle,18,13,0.7222222222222222,0.6739130434782609,0.17391304347826086,3.1304347826086953
Ryze,Vayne,11,10,0.9090909090909091,0.78125,0.28125,3.09375
Caitlyn,Ryze,37,22,0.5945945945945946,0.5833333333333334,0.08333333333333337,3.083333333333335
Cassiopeia,Varus,16,12,0.75,0.6904761904761905,0.19047619047619047,3.0476190476190474
Milio,Rumble,27,17,0.6296296296296297,0.609375,0.109375,2.953125
Akali,Xin Zhao,27,17,0.6296296296296297,0.609375,0.109375,2.953125
Annie,Gnar,27,17,0.6296296296296297,0.609375,0.109375,2.953125
Anivia,Jarvan IV,25,16,0.64,0.6166666666666667,0.1166666666666667,2.9166666666666674
Cassiopeia,Milio,25,16,0.64,0.6166666666666667,0.1166666666666667,2.9166666666666674
Annie,Ashe,23,15,0.6521739130434783,0.625,0.125,2.875
Bard,Ezreal,98,52,0.5306122448979592,0.529126213592233,0.029126213592232997,2.8543689320388337
Ashe,Cassiopeia,21,14,0.6666666666666666,0.6346153846153846,0.13461538461538458,2.826923076923076
Ahri,Varus,21,14,0.6666666666666666,0.6346153846153846,0.13461538461538458,2.826923076923076
Naafiri,Nautilus,21,14,0.6666666666666666,0.6346153846153846,0.13461538461538458,2.826923076923076
Vi,Yone,12,10,0.8333333333333334,0.7352941176470589,0.23529411764705888,2.8235294117647065
Ashe,Vayne,12,10,0.8333333333333334,0.7352941176470589,0.23529411764705888,2.8235294117647065
Annie,Caitlyn,19,13,0.6842105263157895,0.6458333333333334,0.14583333333333337,2.770833333333334
Milio,Twisted Fate,19,13,0.6842105263157895,0.6458333333333334,0.14583333333333337,2.770833333333334
Lucian,Xin Zhao,56,31,0.5535714285714286,0.5491803278688525,0.049180327868852514,2.7540983606557408
Lucian,Sion,50,28,0.56,0.5545454545454546,0.054545454545454564,2.7272727272727284
Bard,Nocturne,17,12,0.7058823529411765,0.6590909090909091,0.15909090909090906,2.704545454545454
Cassiopeia,Rumble,17,12,0.7058823529411765,0.6590909090909091,0.15909090909090906,2.704545454545454
Annie,Bard,17,12,0.7058823529411765,0.6590909090909091,0.15909090909090906,2.704545454545454
Ashe,Twisted Fate,17,12,0.7058823529411765,0.6590909090909091,0.15909090909090906,2.704545454545454
Ryze,Skarner,17,12,0.7058823529411765,0.6590909090909091,0.15909090909090906,2.704545454545454
Caitlyn,Lee Sin,17,12,0.7058823529411765,0.6590909090909091,0.15909090909090906,2.704545454545454
Seraphine,Sion,42,24,0.5714285714285714,0.5638297872340425,0.06382978723404253,2.6808510638297864
Ezreal,Vayne,10,9,0.9,0.7666666666666667,0.2666666666666667,2.666666666666667
Ashe,Sion,40,23,0.575,0.5666666666666667,0.06666666666666665,2.666666666666666
Nami,Sion,38,22,0.5789473684210527,0.5697674418604651,0.06976744186046513,2.6511627906976747
Gnar,Jarvan IV,36,21,0.5833333333333334,0.573170731707317,0.07317073170731703,2.634146341463413
Cassiopeia,Nocturne,15,11,0.7333333333333333,0.675,0.17500000000000004,2.625000000000001
Gwen,Milio,15,11,0.7333333333333333,0.675,0.17500000000000004,2.625000000000001
Akali,Ashe,15,11,0.7333333333333333,0.675,0.17500000000000004,2.625000000000001
Kai'Sa,Pantheon,15,11,0.7333333333333333,0.675,0.17500000000000004,2.625000000000001
Jhin,Ryze,34,20,0.5882352941176471,0.5769230769230769,0.07692307692307687,2.6153846153846136
Bard,Vi,30,18,0.6,0.5857142857142857,0.08571428571428574,2.571428571428572
Nautilus,Trundle,13,10,0.7692307692307693,0.6944444444444444,0.19444444444444442,2.5277777777777777
Anivia,Neeko,13,10,0.7692307692307693,0.6944444444444444,0.19444444444444442,2.5277777777777777
Cassiopeia,Nautilus,26,16,0.6153846153846154,0.5967741935483871,0.09677419354838712,2.516129032258065
Nocturne,Orianna,26,16,0.6153846153846154,0.5967741935483871,0.09677419354838712,2.516129032258065
Anivia,Caitlyn,26,16,0.6153846153846154,0.5967741935483871,0.09677419354838712,2.516129032258065
Bard,Varus,24,15,0.625,0.603448275862069,0.10344827586206895,2.482758620689655
Hwei,Renekton,8,8,1.0,0.8076923076923077,0.3076923076923077,2.4615384615384617
Orianna,Yunara,22,14,0.6363636363636364,0.6111111111111112,0.11111111111111116,2.4444444444444455
Caitlyn,Vi,22,14,0.6363636363636364,0.6111111111111112,0.11111111111111116,2.4444444444444455
Seraphine,Yorick,11,9,0.8181818181818182,0.71875,0.21875,2.40625
Rumble,Trundle,20,13,0.65,0.62,0.12,2.4
Cassiopeia,Seraphine,18,12,0.6666666666666666,0.6304347826086957,0.13043478260869568,2.3478260869565224
K'Sante,Xin Zhao,63,34,0.5396825396825397,0.5367647058823529,0.03676470588235292,2.316176470588234
Bard,Galio,16,11,0.6875,0.6428571428571429,0.1428571428571429,2.2857142857142865
Anivia,Varus,16,11,0.6875,0.6428571428571429,0.1428571428571429,2.2857142857142865
Ezreal,Twisted Fate,16,11,0.6875,0.6428571428571429,0.1428571428571429,2.2857142857142865
Malphite,Nautilus,9,8,0.8888888888888888,0.75,0.25,2.25
Kai'Sa,Sion,14,10,0.7142857142857143,0.6578947368421053,0.1578947368421053,2.2105263157894743
Bard,Zaahen,14,10,0.7142857142857143,0.6578947368421053,0.1578947368421053,2.2105263157894743
Nautilus,Ryze,37,21,0.5675675675675675,0.5595238095238095,0.059523809523809534,2.2023809523809526
Ashe,Aurora,37,21,0.5675675675675675,0.5595238095238095,0.059523809523809534,2.2023809523809526
Anivia,Bard,35,20,0.5714285714285714,0.5625,0.0625,2.1875
Karma,Pantheon,35,20,0.5714285714285714,0.5625,0.0625,2.1875
Gnar,Pantheon,31,18,0.5806451612903226,0.5694444444444444,0.06944444444444442,2.152777777777777
Aurora,K'Sante,29,17,0.5862068965517241,0.5735294117647058,0.07352941176470584,2.1323529411764692
Corki,Neeko,12,9,0.75,0.6764705882352942,0.17647058823529416,2.11764705882353
Ornn,Seraphine,12,9,0.75,0.6764705882352942,0.17647058823529416,2.11764705882353
Aphelios,Lulu,12,9,0.75,0.6764705882352942,0.17647058823529416,2.11764705882353
Ambessa,Xayah,12,9,0.75,0.6764705882352942,0.17647058823529416,2.11764705882353
Seraphine,Wukong,27,16,0.5925925925925926,0.578125,0.078125,2.109375
Annie,Xin Zhao,27,16,0.5925925925925926,0.578125,0.078125,2.109375
Milio,Pantheon,27,16,0.5925925925925926,0.578125,0.078125,2.109375
Ashe,Wukong,25,15,0.6,0.5833333333333334,0.08333333333333337,2.0833333333333344
Annie,K'Sante,25,15,0.6,0.5833333333333334,0.08333333333333337,2.0833333333333344
Ezreal,Lee Sin,25,15,0.6,0.5833333333333334,0.08333333333333337,2.0833333333333344
Annie,Rumble,25,15,0.6,0.5833333333333334,0.08333333333333337,2.0833333333333344
Anivia,Xin Zhao,25,15,0.6,0.5833333333333334,0.08333333333333337,2.0833333333333344
Azir,Ezreal,23,14,0.6086956521739131,0.5892857142857143,0.0892857142857143,2.053571428571429
Ashe,Rumble,23,14,0.6086956521739131,0.5892857142857143,0.0892857142857143,2.053571428571429
Annie,Ezreal,23,14,0.6086956521739131,0.5892857142857143,0.0892857142857143,2.053571428571429
Bard,Lee Sin,23,14,0.6086956521739131,0.5892857142857143,0.0892857142857143,2.053571428571429
Anivia,Rakan,7,7,1.0,0.7916666666666666,0.29166666666666663,2.0416666666666665
Braum,Renekton,7,7,1.0,0.7916666666666666,0.29166666666666663,2.0416666666666665
Lucian,Skarner,21,13,0.6190476190476191,0.5961538461538461,0.09615384615384615,2.019230769230769
Milio,Renekton,21,13,0.6190476190476191,0.5961538461538461,0.09615384615384615,2.019230769230769
Ashe,Gnar,21,13,0.6190476190476191,0.5961538461538461,0.09615384615384615,2.019230769230769
Cassiopeia,Nami,21,13,0.6190476190476191,0.5961538461538461,0.09615384615384615,2.019230769230769
Jarvan IV,Vayne,10,8,0.8,0.7,0.19999999999999996,1.9999999999999996
Anivia,Lee Sin,10,8,0.8,0.7,0.19999999999999996,1.9999999999999996
Jayce,Vi,19,12,0.631578947368421,0.6041666666666666,0.10416666666666663,1.979166666666666
Nocturne,Rumble,19,12,0.631578947368421,0.6041666666666666,0.10416666666666663,1.979166666666666
Gnar,Vi,19,12,0.631578947368421,0.6041666666666666,0.10416666666666663,1.979166666666666
Anivia,Milio,19,12,0.631578947368421,0.6041666666666666,0.10416666666666663,1.979166666666666
Ashe,Yorick,17,11,0.6470588235294118,0.6136363636363636,0.11363636363636365,1.931818181818182
Jayce,Twisted Fate,17,11,0.6470588235294118,0.6136363636363636,0.11363636363636365,1.931818181818182
Anivia,Vi,17,11,0.6470588235294118,0.6136363636363636,0.11363636363636365,1.931818181818182
Naafiri,Seraphine,17,11,0.6470588235294118,0.6136363636363636,0.11363636363636365,1.931818181818182
Anivia,Skarner,17,11,0.6470588235294118,0.6136363636363636,0.11363636363636365,1.931818181818182
Anivia,Rumble,15,10,0.6666666666666666,0.625,0.125,1.875
Lucian,Twisted Fate,15,10,0.6666666666666666,0.625,0.125,1.875
Nocturne,Sivir,15,10,0.6666666666666666,0.625,0.125,1.875
Ezreal,Jarvan IV,74,39,0.527027027027027,0.5253164556962026,0.025316455696202556,1.873417721518989
Galio,Gwen,8,7,0.875,0.7307692307692307,0.23076923076923073,1.8461538461538458
Aatrox,Wukong,8,7,0.875,0.7307692307692307,0.23076923076923073,1.8461538461538458
Vayne,Xin Zhao,8,7,0.875,0.7307692307692307,0.23076923076923073,1.8461538461538458
Vayne,Viktor,8,7,0.875,0.7307692307692307,0.23076923076923073,1.8461538461538458
Sion,Xin Zhao,52,28,0.5384615384615384,0.5350877192982456,0.03508771929824561,1.8245614035087718
Ezreal,Rakan,13,9,0.6923076923076923,0.6388888888888888,0.13888888888888884,1.805555555555555
Alistar,Ezreal,13,9,0.6923076923076923,0.6388888888888888,0.13888888888888884,1.805555555555555
Gwen,Lucian,13,9,0.6923076923076923,0.6388888888888888,0.13888888888888884,1.805555555555555
Seraphine,Twisted Fate,13,9,0.6923076923076923,0.6388888888888888,0.13888888888888884,1.805555555555555
Neeko,Vi,13,9,0.6923076923076923,0.6388888888888888,0.13888888888888884,1.805555555555555
Lee Sin,Nami,13,9,0.6923076923076923,0.6388888888888888,0.13888888888888884,1.805555555555555
Akali,Jhin,13,9,0.6923076923076923,0.6388888888888888,0.13888888888888884,1.805555555555555
Akali,Karma,13,9,0.6923076923076923,0.6388888888888888,0.13888888888888884,1.805555555555555
Lulu,Sivir,13,9,0.6923076923076923,0.6388888888888888,0.13888888888888884,1.805555555555555
Nautilus,Varus,40,22,0.55,0.5444444444444444,0.0444444444444444,1.777777777777776
Lucian,Wukong,40,22,0.55,0.5444444444444444,0.0444444444444444,1.777777777777776
Annie,Lee Sin,34,19,0.5588235294117647,0.5512820512820513,0.05128205128205132,1.743589743589745
Akali,Ezreal,32,18,0.5625,0.5540540540540541,0.05405405405405406,1.7297297297297298
Rakan,Ryze,11,8,0.7272727272727273,0.65625,0.15625,1.71875
Akali,Sivir,11,8,0.7272727272727273,0.65625,0.15625,1.71875
Orianna,Rell,11,8,0.7272727272727273,0.65625,0.15625,1.71875
Lee Sin,Rell,11,8,0.7272727272727273,0.65625,0.15625,1.71875
K'Sante,Karma,30,17,0.5666666666666667,0.5571428571428572,0.05714285714285716,1.7142857142857149
Annie,Naafiri,28,16,0.5714285714285714,0.5606060606060606,0.06060606060606055,1.6969696969696955
Skarner,Viktor,26,15,0.5769230769230769,0.5645161290322581,0.06451612903225812,1.677419354838711
Cassiopeia,Xin Zhao,26,15,0.5769230769230769,0.5645161290322581,0.06451612903225812,1.677419354838711
Bard,Orianna,26,15,0.5769230769230769,0.5645161290322581,0.06451612903225812,1.677419354838711
Nami,Rumble,24,14,0.5833333333333334,0.5689655172413793,0.06896551724137934,1.655172413793104
Annie,Karma,24,14,0.5833333333333334,0.5689655172413793,0.06896551724137934,1.655172413793104
Viktor,Wukong,24,14,0.5833333333333334,0.5689655172413793,0.06896551724137934,1.655172413793104
Lucian,Pantheon,24,14,0.5833333333333334,0.5689655172413793,0.06896551724137934,1.655172413793104
Jhin,K'Sante,24,14,0.5833333333333334,0.5689655172413793,0.06896551724137934,1.655172413793104
Ambessa,Nautilus,24,14,0.5833333333333334,0.5689655172413793,0.06896551724137934,1.655172413793104
Nami,Yunara,6,6,1.0,0.7727272727272727,0.2727272727272727,1.6363636363636362
Kai'Sa,Ryze,6,6,1.0,0.7727272727272727,0.2727272727272727,1.6363636363636362
Nocturne,Yunara,22,13,0.5909090909090909,0.5740740740740741,0.07407407407407407,1.6296296296296295
Gwen,Pantheon,9,7,0.7777777777777778,0.6785714285714286,0.1785714285714286,1.6071428571428574
Annie,Kai'Sa,9,7,0.7777777777777778,0.6785714285714286,0.1785714285714286,1.6071428571428574
Annie,Trundle,9,7,0.7777777777777778,0.6785714285714286,0.1785714285714286,1.6071428571428574
Alistar,Anivia,9,7,0.7777777777777778,0.6785714285714286,0.1785714285714286,1.6071428571428574
Bard,Corki,9,7,0.7777777777777778,0.6785714285714286,0.1785714285714286,1.6071428571428574
Lucian,Syndra,9,7,0.7777777777777778,0.6785714285714286,0.1785714285714286,1.6071428571428574
Sion,Twisted Fate,9,7,0.7777777777777778,0.6785714285714286,0.1785714285714286,1.6071428571428574
Alistar,Sion,9,7,0.7777777777777778,0.6785714285714286,0.1785714285714286,1.6071428571428574
Vi,Ziggs,9,7,0.7777777777777778,0.6785714285714286,0.1785714285714286,1.6071428571428574
Alistar,Nocturne,9,7,0.7777777777777778,0.6785714285714286,0.1785714285714286,1.6071428571428574
Sivir,Vayne,9,7,0.7777777777777778,0.6785714285714286,0.1785714285714286,1.6071428571428574
Cassiopeia,Naafiri,9,7,0.7777777777777778,0.6785714285714286,0.1785714285714286,1.6071428571428574
Caitlyn,Wukong,20,12,0.6,0.58,0.07999999999999996,1.5999999999999992
Caitlyn,Naafiri,20,12,0.6,0.58,0.07999999999999996,1.5999999999999992
Galio,Jarvan IV,20,12,0.6,0.58,0.07999999999999996,1.5999999999999992
Akali,K'Sante,20,12,0.6,0.58,0.07999999999999996,1.5999999999999992
Anivia,Nami,20,12,0.6,0.58,0.07999999999999996,1.5999999999999992
Corki,Renekton,18,11,0.6111111111111112,0.5869565217391305,0.08695652173913049,1.5652173913043488
Nocturne,Seraphine,18,11,0.6111111111111112,0.5869565217391305,0.08695652173913049,1.5652173913043488
Aurora,Sivir,18,11,0.6111111111111112,0.5869565217391305,0.08695652173913049,1.5652173913043488
Lee Sin,Miss Fortune,18,11,0.6111111111111112,0.5869565217391305,0.08695652173913049,1.5652173913043488
Gnar,Skarner,18,11,0.6111111111111112,0.5869565217391305,0.08695652173913049,1.5652173913043488
Ahri,Jayce,16,10,0.625,0.5952380952380952,0.09523809523809523,1.5238095238095237
Kai'Sa,Vi,16,10,0.625,0.5952380952380952,0.09523809523809523,1.5238095238095237
Jarvan IV,Sivir,16,10,0.625,0.5952380952380952,0.09523809523809523,1.5238095238095237
Ahri,Rell,16,10,0.625,0.5952380952380952,0.09523809523809523,1.5238095238095237
Jayce,Seraphine,16,10,0.625,0.5952380952380952,0.09523809523809523,1.5238095238095237
Jarvan IV,Twisted Fate,16,10,0.625,0.5952380952380952,0.09523809523809523,1.5238095238095237
Ambessa,Rakan,16,10,0.625,0.5952380952380952,0.09523809523809523,1.5238095238095237
Caitlyn,Renekton,16,10,0.625,0.5952380952380952,0.09523809523809523,1.5238095238095237
Annie,Nocturne,14,9,0.6428571428571429,0.6052631578947368,0.10526315789473684,1.4736842105263157
Anivia,Jayce,14,9,0.6428571428571429,0.6052631578947368,0.10526315789473684,1.4736842105263157
Anivia,Lulu,14,9,0.6428571428571429,0.6052631578947368,0.10526315789473684,1.4736842105263157
Aatrox,Ezreal,14,9,0.6428571428571429,0.6052631578947368,0.10526315789473684,1.4736842105263157
Jayce,Rell,14,9,0.6428571428571429,0.6052631578947368,0.10526315789473684,1.4736842105263157
Jhin,Leona,7,6,0.8571428571428571,0.7083333333333334,0.20833333333333337,1.4583333333333335
Olaf,Ryze,7,6,0.8571428571428571,0.7083333333333334,0.20833333333333337,1.4583333333333335
Jayce,Rakan,7,6,0.8571428571428571,0.7083333333333334,0.20833333333333337,1.4583333333333335
Kalista,Xin Zhao,7,6,0.8571428571428571,0.7083333333333334,0.20833333333333337,1.4583333333333335
Alistar,Aurora,7,6,0.8571428571428571,0.7083333333333334,0.20833333333333337,1.4583333333333335
Nami,Skarner,12,8,0.6666666666666666,0.6176470588235294,0.11764705882352944,1.4117647058823533
Alistar,Jhin,12,8,0.6666666666666666,0.6176470588235294,0.11764705882352944,1.4117647058823533
Pantheon,Vayne,12,8,0.6666666666666666,0.6176470588235294,0.11764705882352944,1.4117647058823533
Akali,Nocturne,12,8,0.6666666666666666,0.6176470588235294,0.11764705882352944,1.4117647058823533
Nautilus,Yone,12,8,0.6666666666666666,0.6176470588235294,0.11764705882352944,1.4117647058823533
Jarvan IV,Rakan,12,8,0.6666666666666666,0.6176470588235294,0.11764705882352944,1.4117647058823533
Leona,Xin Zhao,12,8,0.6666666666666666,0.6176470588235294,0.11764705882352944,1.4117647058823533
Annie,Sivir,12,8,0.6666666666666666,0.6176470588235294,0.11764705882352944,1.4117647058823533
Milio,Shen,12,8,0.6666666666666666,0.6176470588235294,0.11764705882352944,1.4117647058823533
Bard,Jarvan IV,57,30,0.5263157894736842,0.5241935483870968,0.024193548387096753,1.379032258064515
Ahri,Vi,53,28,0.5283018867924528,0.5258620689655172,0.025862068965517238,1.3706896551724137
Rumble,Vi,51,27,0.5294117647058824,0.5267857142857143,0.0267857142857143,1.3660714285714293
Sion,Vi,45,24,0.5333333333333333,0.53,0.030000000000000027,1.3500000000000012
Yunara,Zaahen,10,7,0.7,0.6333333333333333,0.1333333333333333,1.333333333333333
Lulu,Zaahen,10,7,0.7,0.6333333333333333,0.1333333333333333,1.333333333333333
Annie,Yorick,10,7,0.7,0.6333333333333333,0.1333333333333333,1.333333333333333
Aurora,Rakan,10,7,0.7,0.6333333333333333,0.1333333333333333,1.333333333333333
Nocturne,Rell,10,7,0.7,0.6333333333333333,0.1333333333333333,1.333333333333333
Nocturne,Rakan,10,7,0.7,0.6333333333333333,0.1333333333333333,1.333333333333333
Rakan,Sivir,10,7,0.7,0.6333333333333333,0.1333333333333333,1.333333333333333
Miss Fortune,Orianna,10,7,0.7,0.6333333333333333,0.1333333333333333,1.333333333333333
Miss Fortune,Renekton,10,7,0.7,0.6333333333333333,0.1333333333333333,1.333333333333333
Jarvan IV,Nautilus,39,21,0.5384615384615384,0.5340909090909091,0.03409090909090906,1.3295454545454533
Ashe,Jarvan IV,37,20,0.5405405405405406,0.5357142857142857,0.0357142857142857,1.3214285714285707
Nami,Ryze,35,19,0.5428571428571428,0.5375,0.03749999999999998,1.3124999999999991
Caitlyn,Sion,35,19,0.5428571428571428,0.5375,0.03749999999999998,1.3124999999999991
Jarvan IV,Rumble,33,18,0.5454545454545454,0.5394736842105263,0.03947368421052633,1.3026315789473688
Ashe,Lulu,33,18,0.5454545454545454,0.5394736842105263,0.03947368421052633,1.3026315789473688
Aurora,Seraphine,33,18,0.5454545454545454,0.5394736842105263,0.03947368421052633,1.3026315789473688
Cassiopeia,Sion,33,18,0.5454545454545454,0.5394736842105263,0.03947368421052633,1.3026315789473688
Jarvan IV,Viktor,31,17,0.5483870967741935,0.5416666666666666,0.04166666666666663,1.2916666666666656
Rumble,Seraphine,31,17,0.5483870967741935,0.5416666666666666,0.04166666666666663,1.2916666666666656
Caitlyn,Rumble,31,17,0.5483870967741935,0.5416666666666666,0.04166666666666663,1.2916666666666656
Nocturne,Ryze,29,16,0.5517241379310345,0.5441176470588235,0.044117647058823484,1.279411764705881
Ashe,Renekton,27,15,0.5555555555555556,0.546875,0.046875,1.265625
Kai'Sa,Nautilus,27,15,0.5555555555555556,0.546875,0.046875,1.265625
Ahri,Rumble,27,15,0.5555555555555556,0.546875,0.046875,1.265625
Milio,Vi,25,14,0.56,0.55,0.050000000000000044,1.250000000000001
Caitlyn,Neeko,25,14,0.56,0.55,0.050000000000000044,1.250000000000001
Ambessa,Vi,25,14,0.56,0.55,0.050000000000000044,1.250000000000001
Gnar,Lee Sin,25,14,0.56,0.55,0.050000000000000044,1.250000000000001
Anivia,Kai'Sa,5,5,1.0,0.75,0.25,1.25
Gnar,Sejuani,5,5,1.0,0.75,0.25,1.25
Gwen,Nocturne,5,5,1.0,0.75,0.25,1.25
Aurora,Twisted Fate,5,5,1.0,0.75,0.25,1.25
Jarvan IV,Jax,5,5,1.0,0.75,0.25,1.25
Xin Zhao,Ziggs,5,5,1.0,0.75,0.25,1.25
Rakan,Vayne,5,5,1.0,0.75,0.25,1.25
Galio,Vayne,5,5,1.0,0.75,0.25,1.25
Corki,Gnar,23,13,0.5652173913043478,0.5535714285714286,0.0535714285714286,1.2321428571428579
Varus,Vi,23,13,0.5652173913043478,0.5535714285714286,0.0535714285714286,1.2321428571428579
Bard,Wukong,23,13,0.5652173913043478,0.5535714285714286,0.0535714285714286,1.2321428571428579
Ornn,Xin Zhao,23,13,0.5652173913043478,0.5535714285714286,0.0535714285714286,1.2321428571428579
Alistar,Jarvan IV,8,6,0.75,0.6538461538461539,0.15384615384615385,1.2307692307692308
Alistar,Vayne,8,6,0.75,0.6538461538461539,0.15384615384615385,1.2307692307692308
Milio,Yunara,8,6,0.75,0.6538461538461539,0.15384615384615385,1.2307692307692308
Azir,Caitlyn,8,6,0.75,0.6538461538461539,0.15384615384615385,1.2307692307692308
Alistar,Trundle,8,6,0.75,0.6538461538461539,0.15384615384615385,1.2307692307692308
Milio,Syndra,8,6,0.75,0.6538461538461539,0.15384615384615385,1.2307692307692308
Hwei,Lucian,8,6,0.75,0.6538461538461539,0.15384615384615385,1.2307692307692308
Ahri,Xayah,8,6,0.75,0.6538461538461539,0.15384615384615385,1.2307692307692308
Dr. Mundo,Lulu,8,6,0.75,0.6538461538461539,0.15384615384615385,1.2307692307692308
Aatrox,Corki,8,6,0.75,0.6538461538461539,0.15384615384615385,1.2307692307692308
Viktor,Yorick,8,6,0.75,0.6538461538461539,0.15384615384615385,1.2307692307692308
Rakan,Renekton,8,6,0.75,0.6538461538461539,0.15384615384615385,1.2307692307692308
Orianna,Pantheon,21,12,0.5714285714285714,0.5576923076923077,0.05769230769230771,1.211538461538462
Renekton,Wukong,19,11,0.5789473684210527,0.5625,0.0625,1.1875
Jhin,Naafiri,19,11,0.5789473684210527,0.5625,0.0625,1.1875
Naafiri,Rumble,19,11,0.5789473684210527,0.5625,0.0625,1.1875
Kai'Sa,Nocturne,19,11,0.5789473684210527,0.5625,0.0625,1.1875
Caitlyn,Jayce,19,11,0.5789473684210527,0.5625,0.0625,1.1875
Rakan,Vi,19,11,0.5789473684210527,0.5625,0.0625,1.1875
Caitlyn,Cassiopeia,19,11,0.5789473684210527,0.5625,0.0625,1.1875
Ashe,Zaahen,19,11,0.5789473684210527,0.5625,0.0625,1.1875
Anivia,Ashe,17,10,0.5882352941176471,0.5681818181818182,0.06818181818181823,1.15909090909091
Nami,Viktor,17,10,0.5882352941176471,0.5681818181818182,0.06818181818181823,1.15909090909091
Caitlyn,Ornn,17,10,0.5882352941176471,0.5681818181818182,0.06818181818181823,1.15909090909091
Lee Sin,Lulu,17,10,0.5882352941176471,0.5681818181818182,0.06818181818181823,1.15909090909091
Bard,Twisted Fate,17,10,0.5882352941176471,0.5681818181818182,0.06818181818181823,1.15909090909091
Seraphine,Zaahen,17,10,0.5882352941176471,0.5681818181818182,0.06818181818181823,1.15909090909091
K'Sante,Viktor,17,10,0.5882352941176471,0.5681818181818182,0.06818181818181823,1.15909090909091
Rakan,Rumble,17,10,0.5882352941176471,0.5681818181818182,0.06818181818181823,1.15909090909091
Azir,Jarvan IV,15,9,0.6,0.575,0.07499999999999996,1.1249999999999993
Ryze,Zaahen,15,9,0.6,0.575,0.07499999999999996,1.1249999999999993
Lulu,Orianna,15,9,0.6,0.575,0.07499999999999996,1.1249999999999993
Pantheon,Twisted Fate,15,9,0.6,0.575,0.07499999999999996,1.1249999999999993
Aatrox,Bard,15,9,0.6,0.575,0.07499999999999996,1.1249999999999993
Cassiopeia,Karma,15,9,0.6,0.575,0.07499999999999996,1.1249999999999993
Braum,Zaahen,6,5,0.8333333333333334,0.6818181818181818,0.18181818181818177,1.0909090909090906
Hwei,Rumble,6,5,0.8333333333333334,0.6818181818181818,0.18181818181818177,1.0909090909090906
Kai'Sa,Rakan,6,5,0.8333333333333334,0.6818181818181818,0.18181818181818177,1.0909090909090906
Lee Sin,Rakan,6,5,0.8333333333333334,0.6818181818181818,0.18181818181818177,1.0909090909090906
Ryze,Twisted Fate,6,5,0.8333333333333334,0.6818181818181818,0.18181818181818177,1.0909090909090906
Jax,Ryze,6,5,0.8333333333333334,0.6818181818181818,0.18181818181818177,1.0909090909090906
Kai'Sa,Ornn,6,5,0.8333333333333334,0.6818181818181818,0.18181818181818177,1.0909090909090906
Ashe,Dr. Mundo,6,5,0.8333333333333334,0.6818181818181818,0.18181818181818177,1.0909090909090906
Malphite,Viktor,6,5,0.8333333333333334,0.6818181818181818,0.18181818181818177,1.0909090909090906
Aurora,Senna,6,5,0.8333333333333334,0.6818181818181818,0.18181818181818177,1.0909090909090906
Ambessa,Leona,6,5,0.8333333333333334,0.6818181818181818,0.18181818181818177,1.0909090909090906
Lux,Sion,6,5,0.8333333333333334,0.6818181818181818,0.18181818181818177,1.0909090909090906
Dr. Mundo,Yunara,6,5,0.8333333333333334,0.6818181818181818,0.18181818181818177,1.0909090909090906
Mel,Naafiri,6,5,0.8333333333333334,0.6818181818181818,0.18181818181818177,1.0909090909090906
LeBlanc,Nami,6,5,0.8333333333333334,0.6818181818181818,0.18181818181818177,1.0909090909090906
LeBlanc,Rakan,6,5,0.8333333333333334,0.6818181818181818,0.18181818181818177,1.0909090909090906
Nocturne,Taliyah,6,5,0.8333333333333334,0.6818181818181818,0.18181818181818177,1.0909090909090906
Miss Fortune,Nocturne,6,5,0.8333333333333334,0.6818181818181818,0.18181818181818177,1.0909090909090906
Anivia,Zeri,6,5,0.8333333333333334,0.6818181818181818,0.18181818181818177,1.0909090909090906
Neeko,Yone,6,5,0.8333333333333334,0.6818181818181818,0.18181818181818177,1.0909090909090906
Nocturne,Vayne,13,8,0.6153846153846154,0.5833333333333334,0.08333333333333337,1.083333333333334
Pantheon,Yorick,13,8,0.6153846153846154,0.5833333333333334,0.08333333333333337,1.083333333333334
Gwen,Yunara,13,8,0.6153846153846154,0.5833333333333334,0.08333333333333337,1.083333333333334
Anivia,Trundle,13,8,0.6153846153846154,0.5833333333333334,0.08333333333333337,1.083333333333334
Trundle,Varus,13,8,0.6153846153846154,0.5833333333333334,0.08333333333333337,1.083333333333334
Braum,Xin Zhao,13,8,0.6153846153846154,0.5833333333333334,0.08333333333333337,1.083333333333334
Nocturne,Viktor,13,8,0.6153846153846154,0.5833333333333334,0.08333333333333337,1.083333333333334
Gnar,Neeko,13,8,0.6153846153846154,0.5833333333333334,0.08333333333333337,1.083333333333334
Anivia,K'Sante,13,8,0.6153846153846154,0.5833333333333334,0.08333333333333337,1.083333333333334
Ashe,Galio,13,8,0.6153846153846154,0.5833333333333334,0.08333333333333337,1.083333333333334
Ambessa,Nami,13,8,0.6153846153846154,0.5833333333333334,0.08333333333333337,1.083333333333334
Ambessa,LeBlanc,11,7,0.6363636363636364,0.59375,0.09375,1.03125
Jarvan IV,Ornn,11,7,0.6363636363636364,0.59375,0.09375,1.03125
Alistar,Gnar,11,7,0.6363636363636364,0.59375,0.09375,1.03125
Annie,Nami,11,7,0.6363636363636364,0.59375,0.09375,1.03125
Ryze,Trundle,11,7,0.6363636363636364,0.59375,0.09375,1.03125
Lee Sin,Twisted Fate,11,7,0.6363636363636364,0.59375,0.09375,1.03125
Ezreal,Hwei,11,7,0.6363636363636364,0.59375,0.09375,1.03125
Orianna,Rakan,11,7,0.6363636363636364,0.59375,0.09375,1.03125
Aatrox,Taliyah,11,7,0.6363636363636364,0.59375,0.09375,1.03125
Ahri,Skarner,9,6,0.6666666666666666,0.6071428571428571,0.1071428571428571,0.9642857142857139
Viktor,Zaahen,9,6,0.6666666666666666,0.6071428571428571,0.1071428571428571,0.9642857142857139
Galio,Neeko,9,6,0.6666666666666666,0.6071428571428571,0.1071428571428571,0.9642857142857139
Kai'Sa,Viktor,9,6,0.6666666666666666,0.6071428571428571,0.1071428571428571,0.9642857142857139
Aatrox,Annie,9,6,0.6666666666666666,0.6071428571428571,0.1071428571428571,0.9642857142857139
Ashe,Sylas,9,6,0.6666666666666666,0.6071428571428571,0.1071428571428571,0.9642857142857139
Jarvan IV,Kai'Sa,9,6,0.6666666666666666,0.6071428571428571,0.1071428571428571,0.9642857142857139
Caitlyn,Twisted Fate,9,6,0.6666666666666666,0.6071428571428571,0.1071428571428571,0.9642857142857139
Lulu,Sylas,9,6,0.6666666666666666,0.6071428571428571,0.1071428571428571,0.9642857142857139
Akali,Naafiri,9,6,0.6666666666666666,0.6071428571428571,0.1071428571428571,0.9642857142857139
Jayce,Varus,9,6,0.6666666666666666,0.6071428571428571,0.1071428571428571,0.9642857142857139
Bard,Sion,42,22,0.5238095238095238,0.5212765957446809,0.021276595744680882,0.893617021276597
Gwen,Wukong,4,4,1.0,0.7222222222222222,0.2222222222222222,0.8888888888888888
Gragas,Rakan,4,4,1.0,0.7222222222222222,0.2222222222222222,0.8888888888888888
Gragas,Xayah,4,4,1.0,0.7222222222222222,0.2222222222222222,0.8888888888888888
Lux,Naafiri,4,4,1.0,0.7222222222222222,0.2222222222222222,0.8888888888888888
K'Sante,Trundle,4,4,1.0,0.7222222222222222,0.2222222222222222,0.8888888888888888
Galio,Trundle,4,4,1.0,0.7222222222222222,0.2222222222222222,0.8888888888888888
Akali,Senna,4,4,1.0,0.7222222222222222,0.2222222222222222,0.8888888888888888
Aatrox,Hwei,4,4,1.0,0.7222222222222222,0.2222222222222222,0.8888888888888888
Shen,Vi,4,4,1.0,0.7222222222222222,0.2222222222222222,0.8888888888888888
Syndra,Xayah,4,4,1.0,0.7222222222222222,0.2222222222222222,0.8888888888888888
Ahri,Gragas,4,4,1.0,0.7222222222222222,0.2222222222222222,0.8888888888888888
Cassiopeia,Shen,4,4,1.0,0.7222222222222222,0.2222222222222222,0.8888888888888888
Milio,Nasus,4,4,1.0,0.7222222222222222,0.2222222222222222,0.8888888888888888
Rell,Sejuani,4,4,1.0,0.7222222222222222,0.2222222222222222,0.8888888888888888
Jayce,LeBlanc,4,4,1.0,0.7222222222222222,0.2222222222222222,0.8888888888888888
Cho'Gath,Tristana,4,4,1.0,0.7222222222222222,0.2222222222222222,0.8888888888888888
Poppy,Xin Zhao,4,4,1.0,0.7222222222222222,0.2222222222222222,0.8888888888888888
Amumu,Galio,4,4,1.0,0.7222222222222222,0.2222222222222222,0.8888888888888888
Nocturne,Shen,4,4,1.0,0.7222222222222222,0.2222222222222222,0.8888888888888888
Gwen,Lee Sin,7,5,0.7142857142857143,0.625,0.125,0.875
Lee Sin,Xayah,7,5,0.7142857142857143,0.625,0.125,0.875
Annie,Vayne,7,5,0.7142857142857143,0.625,0.125,0.875
Caitlyn,Yone,7,5,0.7142857142857143,0.625,0.125,0.875
Ahri,Anivia,7,5,0.7142857142857143,0.625,0.125,0.875
Orianna,Trundle,7,5,0.7142857142857143,0.625,0.125,0.875
Aatrox,Akali,7,5,0.7142857142857143,0.625,0.125,0.875
Lee Sin,Neeko,7,5,0.7142857142857143,0.625,0.125,0.875
Alistar,Hwei,7,5,0.7142857142857143,0.625,0.125,0.875
Sivir,Trundle,7,5,0.7142857142857143,0.625,0.125,0.875
Sivir,Taliyah,7,5,0.7142857142857143,0.625,0.125,0.875
Aurora,Vayne,7,5,0.7142857142857143,0.625,0.125,0.875
Skarner,Vayne,7,5,0.7142857142857143,0.625,0.125,0.875
Lucian,Malphite,7,5,0.7142857142857143,0.625,0.125,0.875
Gnar,Ziggs,7,5,0.7142857142857143,0.625,0.125,0.875
Gragas,Xin Zhao,7,5,0.7142857142857143,0.625,0.125,0.875
Akali,Zaahen,7,5,0.7142857142857143,0.625,0.125,0.875
Ahri,Dr. Mundo,7,5,0.7142857142857143,0.625,0.125,0.875
Alistar,Syndra,7,5,0.7142857142857143,0.625,0.125,0.875
Anivia,Ryze,7,5,0.7142857142857143,0.625,0.125,0.875
Mel,Olaf,7,5,0.7142857142857143,0.625,0.125,0.875
Ezreal,Olaf,7,5,0.7142857142857143,0.625,0.125,0.875
Anivia,Aurora,7,5,0.7142857142857143,0.625,0.125,0.875
Pantheon,Rakan,7,5,0.7142857142857143,0.625,0.125,0.875
Karma,Twisted Fate,7,5,0.7142857142857143,0.625,0.125,0.875
Azir,Vi,7,5,0.7142857142857143,0.625,0.125,0.875
Akali,Lee Sin,7,5,0.7142857142857143,0.625,0.125,0.875
Jarvan IV,Karma,32,17,0.53125,0.527027027027027,0.027027027027026973,0.8648648648648631
Gnar,Lulu,30,16,0.5333333333333333,0.5285714285714286,0.02857142857142858,0.8571428571428574
Jarvan IV,Lucian,30,16,0.5333333333333333,0.5285714285714286,0.02857142857142858,0.8571428571428574
Gnar,Nami,28,15,0.5357142857142857,0.5303030303030303,0.030303030303030276,0.8484848484848477
Neeko,Wukong,24,13,0.5416666666666666,0.5344827586206896,0.03448275862068961,0.8275862068965507
Lucian,Renekton,24,13,0.5416666666666666,0.5344827586206896,0.03448275862068961,0.8275862068965507
Anivia,Pantheon,24,13,0.5416666666666666,0.5344827586206896,0.03448275862068961,0.8275862068965507
K'Sante,Pantheon,24,13,0.5416666666666666,0.5344827586206896,0.03448275862068961,0.8275862068965507
Nami,Vi,24,13,0.5416666666666666,0.5344827586206896,0.03448275862068961,0.8275862068965507
Aurora,Lulu,24,13,0.5416666666666666,0.5344827586206896,0.03448275862068961,0.8275862068965507
Nautilus,Nocturne,22,12,0.5454545454545454,0.5370370370370371,0.03703703703703709,0.814814814814816
Aurora,Corki,22,12,0.5454545454545454,0.5370370370370371,0.03703703703703709,0.814814814814816
Kai'Sa,Rell,22,12,0.5454545454545454,0.5370370370370371,0.03703703703703709,0.814814814814816
Renekton,Ryze,22,12,0.5454545454545454,0.5370370370370371,0.03703703703703709,0.814814814814816
Seraphine,Taliyah,22,12,0.5454545454545454,0.5370370370370371,0.03703703703703709,0.814814814814816
Akali,Pantheon,22,12,0.5454545454545454,0.5370370370370371,0.03703703703703709,0.814814814814816
Ezreal,Rell,22,12,0.5454545454545454,0.5370370370370371,0.03703703703703709,0.814814814814816
Ahri,Wukong,20,11,0.55,0.54,0.040000000000000036,0.8000000000000007
Milio,Skarner,20,11,0.55,0.54,0.040000000000000036,0.8000000000000007
Ambessa,Annie,18,10,0.5555555555555556,0.5434782608695652,0.04347826086956519,0.7826086956521734
Lucian,Taliyah,18,10,0.5555555555555556,0.5434782608695652,0.04347826086956519,0.7826086956521734
Annie,Pantheon,18,10,0.5555555555555556,0.5434782608695652,0.04347826086956519,0.7826086956521734
Akali,Neeko,18,10,0.5555555555555556,0.5434782608695652,0.04347826086956519,0.7826086956521734
Akali,Rumble,18,10,0.5555555555555556,0.5434782608695652,0.04347826086956519,0.7826086956521734
Lulu,Naafiri,18,10,0.5555555555555556,0.5434782608695652,0.04347826086956519,0.7826086956521734
Jhin,Trundle,18,10,0.5555555555555556,0.5434782608695652,0.04347826086956519,0.7826086956521734
Jayce,Orianna,18,10,0.5555555555555556,0.5434782608695652,0.04347826086956519,0.7826086956521734
Naafiri,Ornn,18,10,0.5555555555555556,0.5434782608695652,0.04347826086956519,0.7826086956521734
Rumble,Xayah,18,10,0.5555555555555556,0.5434782608695652,0.04347826086956519,0.7826086956521734
Cassiopeia,Wukong,18,10,0.5555555555555556,0.5434782608695652,0.04347826086956519,0.7826086956521734
Ryze,Sivir,16,9,0.5625,0.5476190476190477,0.04761904761904767,0.7619047619047628
Renekton,Skarner,16,9,0.5625,0.5476190476190477,0.04761904761904767,0.7619047619047628
Gnar,Taliyah,16,9,0.5625,0.5476190476190477,0.04761904761904767,0.7619047619047628
Aatrox,Ryze,16,9,0.5625,0.5476190476190477,0.04761904761904767,0.7619047619047628
Jhin,Skarner,16,9,0.5625,0.5476190476190477,0.04761904761904767,0.7619047619047628
Cassiopeia,Miss Fortune,16,9,0.5625,0.5476190476190477,0.04761904761904767,0.7619047619047628
Cassiopeia,Lee Sin,16,9,0.5625,0.5476190476190477,0.04761904761904767,0.7619047619047628
Ashe,Orianna,16,9,0.5625,0.5476190476190477,0.04761904761904767,0.7619047619047628
Galio,Xin Zhao,16,9,0.5625,0.5476190476190477,0.04761904761904767,0.7619047619047628
Galio,Renekton,5,4,0.8,0.65,0.15000000000000002,0.7500000000000001
LeBlanc,Varus,5,4,0.8,0.65,0.15000000000000002,0.7500000000000001
Hwei,Jhin,5,4,0.8,0.65,0.15000000000000002,0.7500000000000001
Aatrox,Syndra,5,4,0.8,0.65,0.15000000000000002,0.7500000000000001
Corki,Sejuani,5,4,0.8,0.65,0.15000000000000002,0.7500000000000001
Olaf,Skarner,5,4,0.8,0.65,0.15000000000000002,0.7500000000000001
Dr. Mundo,Ryze,5,4,0.8,0.65,0.15000000000000002,0.7500000000000001
Annie,Braum,5,4,0.8,0.65,0.15000000000000002,0.7500000000000001
Hwei,Nami,5,4,0.8,0.65,0.15000000000000002,0.7500000000000001
Nami,Olaf,5,4,0.8,0.65,0.15000000000000002,0.7500000000000001
Jax,Rell,5,4,0.8,0.65,0.15000000000000002,0.7500000000000001
Ahri,Vayne,5,4,0.8,0.65,0.15000000000000002,0.7500000000000001
Dr. Mundo,Seraphine,5,4,0.8,0.65,0.15000000000000002,0.7500000000000001
Anivia,Rell,5,4,0.8,0.65,0.15000000000000002,0.7500000000000001
Mel,Skarner,5,4,0.8,0.65,0.15000000000000002,0.7500000000000001
Cassiopeia,Lux,5,4,0.8,0.65,0.15000000000000002,0.7500000000000001
Shen,Viktor,5,4,0.8,0.65,0.15000000000000002,0.7500000000000001
Renekton,Sejuani,5,4,0.8,0.65,0.15000000000000002,0.7500000000000001
Senna,Xin Zhao,5,4,0.8,0.65,0.15000000000000002,0.7500000000000001
Akali,Rell,5,4,0.8,0.65,0.15000000000000002,0.7500000000000001
Trundle,Vayne,5,4,0.8,0.65,0.15000000000000002,0.7500000000000001
Anivia,Dr. Mundo,5,4,0.8,0.65,0.15000000000000002,0.7500000000000001
Ashe,Neeko,5,4,0.8,0.65,0.15000000000000002,0.7500000000000001
Ashe,LeBlanc,5,4,0.8,0.65,0.15000000000000002,0.7500000000000001
Ahri,Malphite,5,4,0.8,0.65,0.15000000000000002,0.7500000000000001
Olaf,Orianna,5,4,0.8,0.65,0.15000000000000002,0.7500000000000001
Aatrox,Kai'Sa,5,4,0.8,0.65,0.15000000000000002,0.7500000000000001
Nautilus,Vayne,5,4,0.8,0.65,0.15000000000000002,0.7500000000000001
Poppy,Viktor,5,4,0.8,0.65,0.15000000000000002,0.7500000000000001
Bard,Rek'Sai,5,4,0.8,0.65,0.15000000000000002,0.7500000000000001
Ambessa,Anivia,5,4,0.8,0.65,0.15000000000000002,0.7500000000000001
Corki,Sylas,5,4,0.8,0.65,0.15000000000000002,0.7500000000000001
Naafiri,Vayne,5,4,0.8,0.65,0.15000000000000002,0.7500000000000001
Pyke,Vi,5,4,0.8,0.65,0.15000000000000002,0.7500000000000001
Mel,Orianna,5,4,0.8,0.65,0.15000000000000002,0.7500000000000001
Rell,Renekton,5,4,0.8,0.65,0.15000000000000002,0.7500000000000001
Trundle,Ziggs,5,4,0.8,0.65,0.15000000000000002,0.7500000000000001
Hwei,Trundle,5,4,0.8,0.65,0.15000000000000002,0.7500000000000001
Maokai,Vayne,5,4,0.8,0.65,0.15000000000000002,0.7500000000000001
Orianna,Yorick,5,4,0.8,0.65,0.15000000000000002,0.7500000000000001
Ambessa,Ziggs,5,4,0.8,0.65,0.15000000000000002,0.7500000000000001
Bard,Jax,5,4,0.8,0.65,0.15000000000000002,0.7500000000000001
Karma,Yunara,14,8,0.5714285714285714,0.5526315789473685,0.052631578947368474,0.7368421052631586
Lee Sin,Yunara,14,8,0.5714285714285714,0.5526315789473685,0.052631578947368474,0.7368421052631586
Alistar,Varus,14,8,0.5714285714285714,0.5526315789473685,0.052631578947368474,0.7368421052631586
Jayce,Sivir,14,8,0.5714285714285714,0.5526315789473685,0.052631578947368474,0.7368421052631586
Aurora,Skarner,14,8,0.5714285714285714,0.5526315789473685,0.052631578947368474,0.7368421052631586
Naafiri,Renekton,14,8,0.5714285714285714,0.5526315789473685,0.052631578947368474,0.7368421052631586
Bard,Ornn,14,8,0.5714285714285714,0.5526315789473685,0.052631578947368474,0.7368421052631586
Ahri,Caitlyn,14,8,0.5714285714285714,0.5526315789473685,0.052631578947368474,0.7368421052631586
Jax,Nautilus,12,7,0.5833333333333334,0.5588235294117647,0.05882352941176472,0.7058823529411766
Ahri,Corki,12,7,0.5833333333333334,0.5588235294117647,0.05882352941176472,0.7058823529411766
Ahri,Naafiri,12,7,0.5833333333333334,0.5588235294117647,0.05882352941176472,0.7058823529411766
Lucian,Shen,12,7,0.5833333333333334,0.5588235294117647,0.05882352941176472,0.7058823529411766
Renekton,Trundle,12,7,0.5833333333333334,0.5588235294117647,0.05882352941176472,0.7058823529411766
Aatrox,Karma,10,6,0.6,0.5666666666666667,0.06666666666666665,0.6666666666666665
Annie,Rakan,10,6,0.6,0.5666666666666667,0.06666666666666665,0.6666666666666665
Akali,Kai'Sa,10,6,0.6,0.5666666666666667,0.06666666666666665,0.6666666666666665
Akali,Skarner,10,6,0.6,0.5666666666666667,0.06666666666666665,0.6666666666666665
Neeko,Sivir,10,6,0.6,0.5666666666666667,0.06666666666666665,0.6666666666666665
Nautilus,Ziggs,10,6,0.6,0.5666666666666667,0.06666666666666665,0.6666666666666665
Renekton,Twisted Fate,10,6,0.6,0.5666666666666667,0.06666666666666665,0.6666666666666665
Hwei,Xin Zhao,10,6,0.6,0.5666666666666667,0.06666666666666665,0.6666666666666665
Kai'Sa,Naafiri,10,6,0.6,0.5666666666666667,0.06666666666666665,0.6666666666666665
Miss Fortune,Rumble,10,6,0.6,0.5666666666666667,0.06666666666666665,0.6666666666666665
Jarvan IV,Yorick,8,5,0.625,0.5769230769230769,0.07692307692307687,0.615384615384615
Azir,Rumble,8,5,0.625,0.5769230769230769,0.07692307692307687,0.615384615384615
Ambessa,Hwei,8,5,0.625,0.5769230769230769,0.07692307692307687,0.615384615384615
Gwen,Neeko,8,5,0.625,0.5769230769230769,0.07692307692307687,0.615384615384615
Aatrox,Neeko,8,5,0.625,0.5769230769230769,0.07692307692307687,0.615384615384615
Jax,Yunara,8,5,0.625,0.5769230769230769,0.07692307692307687,0.615384615384615
Galio,Nocturne,8,5,0.625,0.5769230769230769,0.07692307692307687,0.615384615384615
Jhin,Seraphine,8,5,0.625,0.5769230769230769,0.07692307692307687,0.615384615384615
Annie,Corki,8,5,0.625,0.5769230769230769,0.07692307692307687,0.615384615384615
Aatrox,Varus,8,5,0.625,0.5769230769230769,0.07692307692307687,0.615384615384615
Lucian,Varus,8,5,0.625,0.5769230769230769,0.07692307692307687,0.615384615384615
Milio,Varus,8,5,0.625,0.5769230769230769,0.07692307692307687,0.615384615384615
Caitlyn,Vayne,8,5,0.625,0.5769230769230769,0.07692307692307687,0.615384615384615
Caitlyn,Dr. Mundo,8,5,0.625,0.5769230769230769,0.07692307692307687,0.615384615384615
Ahri,Ornn,8,5,0.625,0.5769230769230769,0.07692307692307687,0.615384615384615
Jhin,Vayne,8,5,0.625,0.5769230769230769,0.07692307692307687,0.615384615384615
Jayce,Miss Fortune,8,5,0.625,0.5769230769230769,0.07692307692307687,0.615384615384615
Corki,Lee Sin,8,5,0.625,0.5769230769230769,0.07692307692307687,0.615384615384615
Gnar,Pyke,8,5,0.625,0.5769230769230769,0.07692307692307687,0.615384615384615
Anivia,Yorick,8,5,0.625,0.5769230769230769,0.07692307692307687,0.615384615384615
Akali,Trundle,8,5,0.625,0.5769230769230769,0.07692307692307687,0.615384615384615
Bard,LeBlanc,8,5,0.625,0.5769230769230769,0.07692307692307687,0.615384615384615
Jayce,Trundle,8,5,0.625,0.5769230769230769,0.07692307692307687,0.615384615384615
Naafiri,Shen,8,5,0.625,0.5769230769230769,0.07692307692307687,0.615384615384615
Ornn,Sivir,8,5,0.625,0.5769230769230769,0.07692307692307687,0.615384615384615
Caitlyn,Jax,8,5,0.625,0.5769230769230769,0.07692307692307687,0.615384615384615
Ashe,Braum,8,5,0.625,0.5769230769230769,0.07692307692307687,0.615384615384615
Ashe,Milio,8,5,0.625,0.5769230769230769,0.07692307692307687,0.615384615384615
Kai'Sa,Trundle,3,3,1.0,0.6875,0.1875,0.5625
Braum,Vayne,3,3,1.0,0.6875,0.1875,0.5625
Hwei,Olaf,3,3,1.0,0.6875,0.1875,0.5625
K'Sante,Tristana,3,3,1.0,0.6875,0.1875,0.5625
Jax,Taliyah,3,3,1.0,0.6875,0.1875,0.5625
Alistar,Sejuani,3,3,1.0,0.6875,0.1875,0.5625
Pyke,Yunara,3,3,1.0,0.6875,0.1875,0.5625
Gnar,Lux,3,3,1.0,0.6875,0.1875,0.5625
Milio,Zoe,3,3,1.0,0.6875,0.1875,0.5625
Kai'Sa,Zed,3,3,1.0,0.6875,0.1875,0.5625
Qiyana,Renekton,3,3,1.0,0.6875,0.1875,0.5625
Gragas,Syndra,3,3,1.0,0.6875,0.1875,0.5625
Anivia,Pyke,3,3,1.0,0.6875,0.1875,0.5625
Akali,Leona,3,3,1.0,0.6875,0.1875,0.5625
Fiora,Wukong,3,3,1.0,0.6875,0.1875,0.5625
Aatrox,Zaahen,3,3,1.0,0.6875,0.1875,0.5625
Rell,Samira,3,3,1.0,0.6875,0.1875,0.5625
Renata Glasc,Ryze,3,3,1.0,0.6875,0.1875,0.5625
Sion,Soraka,3,3,1.0,0.6875,0.1875,0.5625
Soraka,Yunara,3,3,1.0,0.6875,0.1875,0.5625
Alistar,Dr. Mundo,3,3,1.0,0.6875,0.1875,0.5625
Trundle,Yone,3,3,1.0,0.6875,0.1875,0.5625
Gragas,Karma,3,3,1.0,0.6875,0.1875,0.5625
Akali,Gwen,3,3,1.0,0.6875,0.1875,0.5625
Smolder,Zac,3,3,1.0,0.6875,0.1875,0.5625
Wukong,Zac,3,3,1.0,0.6875,0.1875,0.5625
Leona,Vi,3,3,1.0,0.6875,0.1875,0.5625
Renata Glasc,Xin Zhao,3,3,1.0,0.6875,0.1875,0.5625
Malphite,Nocturne,3,3,1.0,0.6875,0.1875,0.5625
Jax,Skarner,3,3,1.0,0.6875,0.1875,0.5625
Maokai,Thresh,3,3,1.0,0.6875,0.1875,0.5625
Ahri,Blitzcrank,3,3,1.0,0.6875,0.1875,0.5625
Jinx,Vayne,3,3,1.0,0.6875,0.1875,0.5625
Annie,Jinx,3,3,1.0,0.6875,0.1875,0.5625
Bard,Ziggs,3,3,1.0,0.6875,0.1875,0.5625
Aurora,Pyke,3,3,1.0,0.6875,0.1875,0.5625
Smolder,Soraka,3,3,1.0,0.6875,0.1875,0.5625
Lucian,Nasus,3,3,1.0,0.6875,0.1875,0.5625
Olaf,Rakan,3,3,1.0,0.6875,0.1875,0.5625
Alistar,Skarner,3,3,1.0,0.6875,0.1875,0.5625
Aphelios,Orianna,3,3,1.0,0.6875,0.1875,0.5625
Aurora,Sejuani,3,3,1.0,0.6875,0.1875,0.5625
Irelia,Rell,3,3,1.0,0.6875,0.1875,0.5625
Rakan,Taliyah,3,3,1.0,0.6875,0.1875,0.5625
Malphite,Syndra,3,3,1.0,0.6875,0.1875,0.5625
Anivia,Lux,3,3,1.0,0.6875,0.1875,0.5625
Lux,Ornn,3,3,1.0,0.6875,0.1875,0.5625
Qiyana,Yunara,3,3,1.0,0.6875,0.1875,0.5625
Lee Sin,Zaahen,3,3,1.0,0.6875,0.1875,0.5625
Fiora,Varus,3,3,1.0,0.6875,0.1875,0.5625
Anivia,Sejuani,3,3,1.0,0.6875,0.1875,0.5625
Nasus,Rumble,3,3,1.0,0.6875,0.1875,0.5625
Rell,Shen,3,3,1.0,0.6875,0.1875,0.5625
Jax,Miss Fortune,3,3,1.0,0.6875,0.1875,0.5625
Corki,Yone,3,3,1.0,0.6875,0.1875,0.5625
Blitzcrank,Renekton,3,3,1.0,0.6875,0.1875,0.5625
Nidalee,Renekton,3,3,1.0,0.6875,0.1875,0.5625
Amumu,Maokai,3,3,1.0,0.6875,0.1875,0.5625
Jinx,Skarner,3,3,1.0,0.6875,0.1875,0.5625
Bard,Poppy,3,3,1.0,0.6875,0.1875,0.5625
Shen,Varus,3,3,1.0,0.6875,0.1875,0.5625
Maokai,Nautilus,3,3,1.0,0.6875,0.1875,0.5625
Galio,Sivir,6,4,0.6666666666666666,0.5909090909090909,0.09090909090909094,0.5454545454545456
K'Sante,Yuumi,6,4,0.6666666666666666,0.5909090909090909,0.09090909090909094,0.5454545454545456
Pyke,Xin Zhao,6,4,0.6666666666666666,0.5909090909090909,0.09090909090909094,0.5454545454545456
Vayne,Wukong,6,4,0.6666666666666666,0.5909090909090909,0.09090909090909094,0.5454545454545456
Rell,Ziggs,6,4,0.6666666666666666,0.5909090909090909,0.09090909090909094,0.5454545454545456
Yone,Ziggs,6,4,0.6666666666666666,0.5909090909090909,0.09090909090909094,0.5454545454545456
Malphite,Wukong,6,4,0.6666666666666666,0.5909090909090909,0.09090909090909094,0.5454545454545456
Sylas,Xin Zhao,6,4,0.6666666666666666,0.5909090909090909,0.09090909090909094,0.5454545454545456
Gnar,Twisted Fate,6,4,0.6666666666666666,0.5909090909090909,0.09090909090909094,0.5454545454545456
Naafiri,Yorick,6,4,0.6666666666666666,0.5909090909090909,0.09090909090909094,0.5454545454545456
Orianna,Poppy,6,4,0.6666666666666666,0.5909090909090909,0.09090909090909094,0.5454545454545456
Malphite,Nami,6,4,0.6666666666666666,0.5909090909090909,0.09090909090909094,0.5454545454545456
Karma,Maokai,6,4,0.6666666666666666,0.5909090909090909,0.09090909090909094,0.5454545454545456
Fiora,Viktor,6,4,0.6666666666666666,0.5909090909090909,0.09090909090909094,0.5454545454545456
Rell,Syndra,6,4,0.6666666666666666,0.5909090909090909,0.09090909090909094,0.5454545454545456
Aatrox,Nocturne,6,4,0.6666666666666666,0.5909090909090909,0.09090909090909094,0.5454545454545456
Jhin,Olaf,6,4,0.6666666666666666,0.5909090909090909,0.09090909090909094,0.5454545454545456
Renata Glasc,Viktor,6,4,0.6666666666666666,0.5909090909090909,0.09090909090909094,0.5454545454545456
Ambessa,Sejuani,6,4,0.6666666666666666,0.5909090909090909,0.09090909090909094,0.5454545454545456
Lucian,Sejuani,6,4,0.6666666666666666,0.5909090909090909,0.09090909090909094,0.5454545454545456
Malphite,Orianna,6,4,0.6666666666666666,0.5909090909090909,0.09090909090909094,0.5454545454545456
Leona,Senna,6,4,0.6666666666666666,0.5909090909090909,0.09090909090909094,0.5454545454545456
Aurora,Olaf,6,4,0.6666666666666666,0.5909090909090909,0.09090909090909094,0.5454545454545456
Nami,Varus,6,4,0.6666666666666666,0.5909090909090909,0.09090909090909094,0.5454545454545456
Malphite,Varus,6,4,0.6666666666666666,0.5909090909090909,0.09090909090909094,0.5454545454545456
Rumble,Smolder,6,4,0.6666666666666666,0.5909090909090909,0.09090909090909094,0.5454545454545456
Aatrox,Leona,6,4,0.6666666666666666,0.5909090909090909,0.09090909090909094,0.5454545454545456
Lux,Vi,6,4,0.6666666666666666,0.5909090909090909,0.09090909090909094,0.5454545454545456
Corki,Galio,6,4,0.6666666666666666,0.5909090909090909,0.09090909090909094,0.5454545454545456
Ornn,Rell,6,4,0.6666666666666666,0.5909090909090909,0.09090909090909094,0.5454545454545456
Orianna,Pyke,6,4,0.6666666666666666,0.5909090909090909,0.09090909090909094,0.5454545454545456
Neeko,Olaf,6,4,0.6666666666666666,0.5909090909090909,0.09090909090909094,0.5454545454545456
Hwei,Leona,6,4,0.6666666666666666,0.5909090909090909,0.09090909090909094,0.5454545454545456
Cassiopeia,Rell,6,4,0.6666666666666666,0.5909090909090909,0.09090909090909094,0.5454545454545456
Nasus,Nautilus,6,4,0.6666666666666666,0.5909090909090909,0.09090909090909094,0.5454545454545456
Milio,Sion,47,24,0.5106382978723404,0.5096153846153846,0.009615384615384581,0.4519230769230753
Ahri,Ezreal,45,23,0.5111111111111111,0.51,0.010000000000000009,0.4500000000000004
Aurora,Jarvan IV,45,23,0.5111111111111111,0.51,0.010000000000000009,0.4500000000000004
Bard,Pantheon,43,22,0.5116279069767442,0.5104166666666666,0.01041666666666663,0.4479166666666651
Ezreal,K'Sante,41,21,0.5121951219512195,0.5108695652173914,0.010869565217391353,0.44565217391304546
Gwen,Syndra,4,3,0.75,0.6111111111111112,0.11111111111111116,0.44444444444444464
Aatrox,Mel,4,3,0.75,0.6111111111111112,0.11111111111111116,0.44444444444444464
Karma,Mel,4,3,0.75,0.6111111111111112,0.11111111111111116,0.44444444444444464
Jarvan IV,Zaahen,4,3,0.75,0.6111111111111112,0.11111111111111116,0.44444444444444464
Braum,LeBlanc,4,3,0.75,0.6111111111111112,0.11111111111111116,0.44444444444444464
Braum,Tristana,4,3,0.75,0.6111111111111112,0.11111111111111116,0.44444444444444464
Irelia,Varus,4,3,0.75,0.6111111111111112,0.11111111111111116,0.44444444444444464
Caitlyn,Varus,4,3,0.75,0.6111111111111112,0.11111111111111116,0.44444444444444464
Ashe,Sejuani,4,3,0.75,0.6111111111111112,0.11111111111111116,0.44444444444444464
Ashe,Yone,4,3,0.75,0.6111111111111112,0.11111111111111116,0.44444444444444464
Gragas,Lee Sin,4,3,0.75,0.6111111111111112,0.11111111111111116,0.44444444444444464
Kai'Sa,Taliyah,4,3,0.75,0.6111111111111112,0.11111111111111116,0.44444444444444464
Aphelios,Sejuani,4,3,0.75,0.6111111111111112,0.11111111111111116,0.44444444444444464
Nautilus,Zed,4,3,0.75,0.6111111111111112,0.11111111111111116,0.44444444444444464
Dr. Mundo,Renekton,4,3,0.75,0.6111111111111112,0.11111111111111116,0.44444444444444464
Jarvan IV,Smolder,4,3,0.75,0.6111111111111112,0.11111111111111116,0.44444444444444464
Lucian,Vayne,4,3,0.75,0.6111111111111112,0.11111111111111116,0.44444444444444464
Ashe,Shyvana,4,3,0.75,0.6111111111111112,0.11111111111111116,0.44444444444444464
Lee Sin,Olaf,4,3,0.75,0.6111111111111112,0.11111111111111116,0.44444444444444464
Twisted Fate,Ziggs,4,3,0.75,0.6111111111111112,0.11111111111111116,0.44444444444444464
Akali,Aphelios,4,3,0.75,0.6111111111111112,0.11111111111111116,0.44444444444444464
Neeko,Yasuo,4,3,0.75,0.6111111111111112,0.11111111111111116,0.44444444444444464
Aatrox,Anivia,4,3,0.75,0.6111111111111112,0.11111111111111116,0.44444444444444464
Rek'Sai,Ryze,4,3,0.75,0.6111111111111112,0.11111111111111116,0.44444444444444464
Kennen,Yunara,4,3,0.75,0.6111111111111112,0.11111111111111116,0.44444444444444464
Bard,Gragas,4,3,0.75,0.6111111111111112,0.11111111111111116,0.44444444444444464
Varus,Yone,4,3,0.75,0.6111111111111112,0.11111111111111116,0.44444444444444464
Lee Sin,Lux,4,3,0.75,0.6111111111111112,0.11111111111111116,0.44444444444444464
Bard,Olaf,4,3,0.75,0.6111111111111112,0.11111111111111116,0.44444444444444464
Renekton,Zaahen,4,3,0.75,0.6111111111111112,0.11111111111111116,0.44444444444444464
Jarvan IV,Zeri,4,3,0.75,0.6111111111111112,0.11111111111111116,0.44444444444444464
Azir,Rakan,4,3,0.75,0.6111111111111112,0.11111111111111116,0.44444444444444464
Annie,Ziggs,4,3,0.75,0.6111111111111112,0.11111111111111116,0.44444444444444464
Kog'Maw,Sion,4,3,0.75,0.6111111111111112,0.11111111111111116,0.44444444444444464
Kog'Maw,Wukong,4,3,0.75,0.6111111111111112,0.11111111111111116,0.44444444444444464
Pantheon,Zoe,4,3,0.75,0.6111111111111112,0.11111111111111116,0.44444444444444464
Akali,Olaf,4,3,0.75,0.6111111111111112,0.11111111111111116,0.44444444444444464
Aatrox,Nami,4,3,0.75,0.6111111111111112,0.11111111111111116,0.44444444444444464
Ryze,Ziggs,4,3,0.75,0.6111111111111112,0.11111111111111116,0.44444444444444464
Jayce,Poppy,4,3,0.75,0.6111111111111112,0.11111111111111116,0.44444444444444464
Anivia,Shen,4,3,0.75,0.6111111111111112,0.11111111111111116,0.44444444444444464
Jayce,Shen,4,3,0.75,0.6111111111111112,0.11111111111111116,0.44444444444444464
Pantheon,Thresh,4,3,0.75,0.6111111111111112,0.11111111111111116,0.44444444444444464
Braum,Varus,4,3,0.75,0.6111111111111112,0.11111111111111116,0.44444444444444464
LeBlanc,Skarner,4,3,0.75,0.6111111111111112,0.11111111111111116,0.44444444444444464
Caitlyn,Olaf,4,3,0.75,0.6111111111111112,0.11111111111111116,0.44444444444444464
Ashe,Gwen,4,3,0.75,0.6111111111111112,0.11111111111111116,0.44444444444444464
Malphite,Pantheon,4,3,0.75,0.6111111111111112,0.11111111111111116,0.44444444444444464
Seraphine,Smolder,4,3,0.75,0.6111111111111112,0.11111111111111116,0.44444444444444464
Annie,Leona,4,3,0.75,0.6111111111111112,0.11111111111111116,0.44444444444444464
Cho'Gath,Karma,4,3,0.75,0.6111111111111112,0.11111111111111116,0.44444444444444464
Malphite,Trundle,4,3,0.75,0.6111111111111112,0.11111111111111116,0.44444444444444464
LeBlanc,Renekton,4,3,0.75,0.6111111111111112,0.11111111111111116,0.44444444444444464
LeBlanc,Trundle,4,3,0.75,0.6111111111111112,0.11111111111111116,0.44444444444444464
Maokai,Zaahen,4,3,0.75,0.6111111111111112,0.11111111111111116,0.44444444444444464
Alistar,Yone,4,3,0.75,0.6111111111111112,0.11111111111111116,0.44444444444444464
Caitlyn,Maokai,4,3,0.75,0.6111111111111112,0.11111111111111116,0.44444444444444464
Anivia,Galio,4,3,0.75,0.6111111111111112,0.11111111111111116,0.44444444444444464
Ashe,Rell,4,3,0.75,0.6111111111111112,0.11111111111111116,0.44444444444444464
Lucian,Maokai,4,3,0.75,0.6111111111111112,0.11111111111111116,0.44444444444444464
Olaf,Wukong,4,3,0.75,0.6111111111111112,0.11111111111111116,0.44444444444444464
LeBlanc,Smolder,4,3,0.75,0.6111111111111112,0.11111111111111116,0.44444444444444464
Lulu,Shyvana,4,3,0.75,0.6111111111111112,0.11111111111111116,0.44444444444444464
Caitlyn,Pyke,4,3,0.75,0.6111111111111112,0.11111111111111116,0.44444444444444464
Maokai,Ornn,4,3,0.75,0.6111111111111112,0.11111111111111116,0.44444444444444464
Maokai,Smolder,4,3,0.75,0.6111111111111112,0.11111111111111116,0.44444444444444464
Jinx,Poppy,4,3,0.75,0.6111111111111112,0.11111111111111116,0.44444444444444464
Kai'Sa,Shen,4,3,0.75,0.6111111111111112,0.11111111111111116,0.44444444444444464
Caitlyn,Zaahen,4,3,0.75,0.6111111111111112,0.11111111111111116,0.44444444444444464
Aatrox,Sylas,4,3,0.75,0.6111111111111112,0.11111111111111116,0.44444444444444464
Annie,Smolder,4,3,0.75,0.6111111111111112,0.11111111111111116,0.44444444444444464
Maokai,Neeko,4,3,0.75,0.6111111111111112,0.11111111111111116,0.44444444444444464
Olaf,Renekton,4,3,0.75,0.6111111111111112,0.11111111111111116,0.44444444444444464
Anivia,Twisted Fate,4,3,0.75,0.6111111111111112,0.11111111111111116,0.44444444444444464
Ambessa,Sion,4,3,0.75,0.6111111111111112,0.11111111111111116,0.44444444444444464
Cassiopeia,Olaf,4,3,0.75,0.6111111111111112,0.11111111111111116,0.44444444444444464
Cassiopeia,Rek'Sai,4,3,0.75,0.6111111111111112,0.11111111111111116,0.44444444444444464
Akali,Jayce,4,3,0.75,0.6111111111111112,0.11111111111111116,0.44444444444444464
Lulu,Qiyana,4,3,0.75,0.6111111111111112,0.11111111111111116,0.44444444444444464
Jhin,Poppy,4,3,0.75,0.6111111111111112,0.11111111111111116,0.44444444444444464
Nautilus,Tristana,4,3,0.75,0.6111111111111112,0.11111111111111116,0.44444444444444464
Mel,Yuumi,4,3,0.75,0.6111111111111112,0.11111111111111116,0.44444444444444464
Annie,Jax,4,3,0.75,0.6111111111111112,0.11111111111111116,0.44444444444444464
Poppy,Seraphine,4,3,0.75,0.6111111111111112,0.11111111111111116,0.44444444444444464
Ahri,Olaf,4,3,0.75,0.6111111111111112,0.11111111111111116,0.44444444444444464
Leona,Nocturne,4,3,0.75,0.6111111111111112,0.11111111111111116,0.44444444444444464
Hwei,Wukong,4,3,0.75,0.6111111111111112,0.11111111111111116,0.44444444444444464
Ahri,Xin Zhao,39,20,0.5128205128205128,0.5113636363636364,0.011363636363636354,0.4431818181818178
Jarvan IV,Jayce,37,19,0.5135135135135135,0.5119047619047619,0.011904761904761862,0.4404761904761889
Bard,Renekton,33,17,0.5151515151515151,0.5131578947368421,0.013157894736842146,0.4342105263157908
Ezreal,Vi,33,17,0.5151515151515151,0.5131578947368421,0.013157894736842146,0.4342105263157908
Lucian,Viktor,31,16,0.5161290322580645,0.5138888888888888,0.01388888888888884,0.430555555555554
Bard,Cassiopeia,31,16,0.5161290322580645,0.5138888888888888,0.01388888888888884,0.430555555555554
Karma,Rumble,31,16,0.5161290322580645,0.5138888888888888,0.01388888888888884,0.430555555555554
Aurora,Bard,29,15,0.5172413793103449,0.5147058823529411,0.014705882352941124,0.4264705882352926
Gnar,Yunara,29,15,0.5172413793103449,0.5147058823529411,0.014705882352941124,0.4264705882352926
Gnar,Seraphine,29,15,0.5172413793103449,0.5147058823529411,0.014705882352941124,0.4264705882352926
Cassiopeia,Ezreal,27,14,0.5185185185185185,0.515625,0.015625,0.421875
Naafiri,Ryze,25,13,0.52,0.5166666666666667,0.01666666666666672,0.41666666666666796
Jarvan IV,Neeko,25,13,0.52,0.5166666666666667,0.01666666666666672,0.41666666666666796
Lulu,Ryze,25,13,0.52,0.5166666666666667,0.01666666666666672,0.41666666666666796
Caitlyn,Viktor,25,13,0.52,0.5166666666666667,0.01666666666666672,0.41666666666666796
Nocturne,Sion,25,13,0.52,0.5166666666666667,0.01666666666666672,0.41666666666666796
Varus,Xin Zhao,23,12,0.5217391304347826,0.5178571428571429,0.017857142857142905,0.4107142857142868
Anivia,Jhin,23,12,0.5217391304347826,0.5178571428571429,0.017857142857142905,0.4107142857142868
Ambessa,Neeko,21,11,0.5238095238095238,0.5192307692307693,0.019230769230769273,0.40384615384615474
Ezreal,Skarner,21,11,0.5238095238095238,0.5192307692307693,0.019230769230769273,0.40384615384615474
Akali,Bard,21,11,0.5238095238095238,0.5192307692307693,0.019230769230769273,0.40384615384615474
Pantheon,Ryze,21,11,0.5238095238095238,0.5192307692307693,0.019230769230769273,0.40384615384615474
Ashe,Taliyah,21,11,0.5238095238095238,0.5192307692307693,0.019230769230769273,0.40384615384615474
Lulu,Nocturne,21,11,0.5238095238095238,0.5192307692307693,0.019230769230769273,0.40384615384615474
Kalista,Renata Glasc,21,11,0.5238095238095238,0.5192307692307693,0.019230769230769273,0.40384615384615474
Jhin,Vi,19,10,0.5263157894736842,0.5208333333333334,0.02083333333333337,0.39583333333333404
Ahri,Milio,19,10,0.5263157894736842,0.5208333333333334,0.02083333333333337,0.39583333333333404
Corki,Sion,19,10,0.5263157894736842,0.5208333333333334,0.02083333333333337,0.39583333333333404
Anivia,Seraphine,19,10,0.5263157894736842,0.5208333333333334,0.02083333333333337,0.39583333333333404
Pantheon,Sivir,19,10,0.5263157894736842,0.5208333333333334,0.02083333333333337,0.39583333333333404
Milio,Taliyah,19,10,0.5263157894736842,0.5208333333333334,0.02083333333333337,0.39583333333333404
Cassiopeia,Yunara,19,10,0.5263157894736842,0.5208333333333334,0.02083333333333337,0.39583333333333404
Ezreal,Galio,17,9,0.5294117647058824,0.5227272727272727,0.022727272727272707,0.386363636363636
Gnar,Orianna,17,9,0.5294117647058824,0.5227272727272727,0.022727272727272707,0.386363636363636
K'Sante,Nocturne,17,9,0.5294117647058824,0.5227272727272727,0.022727272727272707,0.386363636363636
Nocturne,Renekton,17,9,0.5294117647058824,0.5227272727272727,0.022727272727272707,0.386363636363636
Jhin,Viktor,17,9,0.5294117647058824,0.5227272727272727,0.022727272727272707,0.386363636363636
Ahri,Neeko,17,9,0.5294117647058824,0.5227272727272727,0.022727272727272707,0.386363636363636
Ahri,Jarvan IV,17,9,0.5294117647058824,0.5227272727272727,0.022727272727272707,0.386363636363636
Bard,Trundle,17,9,0.5294117647058824,0.5227272727272727,0.022727272727272707,0.386363636363636
Bard,Syndra,17,9,0.5294117647058824,0.5227272727272727,0.022727272727272707,0.386363636363636
Neeko,Renekton,17,9,0.5294117647058824,0.5227272727272727,0.022727272727272707,0.386363636363636
Jarvan IV,Orianna,17,9,0.5294117647058824,0.5227272727272727,0.022727272727272707,0.386363636363636
Nautilus,Yunara,17,9,0.5294117647058824,0.5227272727272727,0.022727272727272707,0.386363636363636
Mel,Nautilus,17,9,0.5294117647058824,0.5227272727272727,0.022727272727272707,0.386363636363636
Cassiopeia,Jhin,17,9,0.5294117647058824,0.5227272727272727,0.022727272727272707,0.386363636363636
Akali,Lulu,17,9,0.5294117647058824,0.5227272727272727,0.022727272727272707,0.386363636363636
Alistar,Rumble,15,8,0.5333333333333333,0.525,0.025000000000000022,0.37500000000000033
Twisted Fate,Xin Zhao,15,8,0.5333333333333333,0.525,0.025000000000000022,0.37500000000000033
Rumble,Varus,15,8,0.5333333333333333,0.525,0.025000000000000022,0.37500000000000033
Lulu,Yorick,15,8,0.5333333333333333,0.525,0.025000000000000022,0.37500000000000033
Hwei,Nautilus,15,8,0.5333333333333333,0.525,0.025000000000000022,0.37500000000000033
Gnar,Miss Fortune,15,8,0.5333333333333333,0.525,0.025000000000000022,0.37500000000000033
Rell,Vi,15,8,0.5333333333333333,0.525,0.025000000000000022,0.37500000000000033
Miss Fortune,Ryze,15,8,0.5333333333333333,0.525,0.025000000000000022,0.37500000000000033
Jayce,Lee Sin,15,8,0.5333333333333333,0.525,0.025000000000000022,0.37500000000000033
Cassiopeia,Ornn,13,7,0.5384615384615384,0.5277777777777778,0.02777777777777779,0.36111111111111127
K'Sante,Syndra,13,7,0.5384615384615384,0.5277777777777778,0.02777777777777779,0.36111111111111127
Ashe,Hwei,13,7,0.5384615384615384,0.5277777777777778,0.02777777777777779,0.36111111111111127
Aurora,Miss Fortune,13,7,0.5384615384615384,0.5277777777777778,0.02777777777777779,0.36111111111111127
Nami,Ornn,13,7,0.5384615384615384,0.5277777777777778,0.02777777777777779,0.36111111111111127
Alistar,Pantheon,13,7,0.5384615384615384,0.5277777777777778,0.02777777777777779,0.36111111111111127
Jarvan IV,Syndra,13,7,0.5384615384615384,0.5277777777777778,0.02777777777777779,0.36111111111111127
Miss Fortune,Rell,13,7,0.5384615384615384,0.5277777777777778,0.02777777777777779,0.36111111111111127
Anivia,Corki,13,7,0.5384615384615384,0.5277777777777778,0.02777777777777779,0.36111111111111127
Gnar,Kai'Sa,11,6,0.5454545454545454,0.53125,0.03125,0.34375
Ambessa,Kai'Sa,11,6,0.5454545454545454,0.53125,0.03125,0.34375
Galio,Karma,11,6,0.5454545454545454,0.53125,0.03125,0.34375
Ornn,Wukong,11,6,0.5454545454545454,0.53125,0.03125,0.34375
Sejuani,Yone,11,6,0.5454545454545454,0.53125,0.03125,0.34375
Ahri,Rakan,11,6,0.5454545454545454,0.53125,0.03125,0.34375
Kai'Sa,Wukong,11,6,0.5454545454545454,0.53125,0.03125,0.34375
Jax,Viktor,11,6,0.5454545454545454,0.53125,0.03125,0.34375
Azir,Nami,11,6,0.5454545454545454,0.53125,0.03125,0.34375
Leona,Sion,11,6,0.5454545454545454,0.53125,0.03125,0.34375
Nautilus,Taliyah,11,6,0.5454545454545454,0.53125,0.03125,0.34375
Neeko,Viktor,11,6,0.5454545454545454,0.53125,0.03125,0.34375
Aatrox,Sion,9,5,0.5555555555555556,0.5357142857142857,0.0357142857142857,0.3214285714285713
Naafiri,Rakan,9,5,0.5555555555555556,0.5357142857142857,0.0357142857142857,0.3214285714285713
Lee Sin,Sivir,9,5,0.5555555555555556,0.5357142857142857,0.0357142857142857,0.3214285714285713
K'Sante,Kai'Sa,9,5,0.5555555555555556,0.5357142857142857,0.0357142857142857,0.3214285714285713
Ezreal,Taliyah,9,5,0.5555555555555556,0.5357142857142857,0.0357142857142857,0.3214285714285713
Kog'Maw,Lulu,9,5,0.5555555555555556,0.5357142857142857,0.0357142857142857,0.3214285714285713
Annie,Ornn,9,5,0.5555555555555556,0.5357142857142857,0.0357142857142857,0.3214285714285713
Alistar,Jayce,9,5,0.5555555555555556,0.5357142857142857,0.0357142857142857,0.3214285714285713
Ezreal,Trundle,9,5,0.5555555555555556,0.5357142857142857,0.0357142857142857,0.3214285714285713
Lucian,Olaf,9,5,0.5555555555555556,0.5357142857142857,0.0357142857142857,0.3214285714285713
Trundle,Yunara,9,5,0.5555555555555556,0.5357142857142857,0.0357142857142857,0.3214285714285713
Nautilus,Ornn,9,5,0.5555555555555556,0.5357142857142857,0.0357142857142857,0.3214285714285713
Anivia,Sivir,9,5,0.5555555555555556,0.5357142857142857,0.0357142857142857,0.3214285714285713
Pyke,Ziggs,9,5,0.5555555555555556,0.5357142857142857,0.0357142857142857,0.3214285714285713
Jhin,Syndra,9,5,0.5555555555555556,0.5357142857142857,0.0357142857142857,0.3214285714285713
Taliyah,Wukong,9,5,0.5555555555555556,0.5357142857142857,0.0357142857142857,0.3214285714285713
Sivir,Vi,9,5,0.5555555555555556,0.5357142857142857,0.0357142857142857,0.3214285714285713
Orianna,Skarner,9,5,0.5555555555555556,0.5357142857142857,0.0357142857142857,0.3214285714285713
Ryze,Senna,9,5,0.5555555555555556,0.5357142857142857,0.0357142857142857,0.3214285714285713
Ashe,Trundle,9,5,0.5555555555555556,0.5357142857142857,0.0357142857142857,0.3214285714285713
Neeko,Twisted Fate,9,5,0.5555555555555556,0.5357142857142857,0.0357142857142857,0.3214285714285713
Nocturne,Twisted Fate,9,5,0.5555555555555556,0.5357142857142857,0.0357142857142857,0.3214285714285713
Annie,Rell,9,5,0.5555555555555556,0.5357142857142857,0.0357142857142857,0.3214285714285713
Lucian,Trundle,9,5,0.5555555555555556,0.5357142857142857,0.0357142857142857,0.3214285714285713
Aatrox,Rakan,9,5,0.5555555555555556,0.5357142857142857,0.0357142857142857,0.3214285714285713
Akali,Corki,9,5,0.5555555555555556,0.5357142857142857,0.0357142857142857,0.3214285714285713
Jayce,Sion,9,5,0.5555555555555556,0.5357142857142857,0.0357142857142857,0.3214285714285713
K'Sante,Miss Fortune,9,5,0.5555555555555556,0.5357142857142857,0.0357142857142857,0.3214285714285713
LeBlanc,Seraphine,9,5,0.5555555555555556,0.5357142857142857,0.0357142857142857,0.3214285714285713
Galio,Rakan,9,5,0.5555555555555556,0.5357142857142857,0.0357142857142857,0.3214285714285713
Sivir,Skarner,9,5,0.5555555555555556,0.5357142857142857,0.0357142857142857,0.3214285714285713
Miss Fortune,Seraphine,9,5,0.5555555555555556,0.5357142857142857,0.0357142857142857,0.3214285714285713
Ryze,Shen,9,5,0.5555555555555556,0.5357142857142857,0.0357142857142857,0.3214285714285713
Taliyah,Trundle,9,5,0.5555555555555556,0.5357142857142857,0.0357142857142857,0.3214285714285713
Braum,Viktor,7,4,0.5714285714285714,0.5416666666666666,0.04166666666666663,0.2916666666666664
Ryze,Xayah,7,4,0.5714285714285714,0.5416666666666666,0.04166666666666663,0.2916666666666664
Ahri,Alistar,7,4,0.5714285714285714,0.5416666666666666,0.04166666666666663,0.2916666666666664
Pyke,Rumble,7,4,0.5714285714285714,0.5416666666666666,0.04166666666666663,0.2916666666666664
K'Sante,Zeri,7,4,0.5714285714285714,0.5416666666666666,0.04166666666666663,0.2916666666666664
Corki,Ornn,7,4,0.5714285714285714,0.5416666666666666,0.04166666666666663,0.2916666666666664
Bard,Taliyah,7,4,0.5714285714285714,0.5416666666666666,0.04166666666666663,0.2916666666666664
Rumble,Taliyah,7,4,0.5714285714285714,0.5416666666666666,0.04166666666666663,0.2916666666666664
Twisted Fate,Yunara,7,4,0.5714285714285714,0.5416666666666666,0.04166666666666663,0.2916666666666664
Aatrox,Aurora,7,4,0.5714285714285714,0.5416666666666666,0.04166666666666663,0.2916666666666664
Karma,Yorick,7,4,0.5714285714285714,0.5416666666666666,0.04166666666666663,0.2916666666666664
Aurora,Xayah,7,4,0.5714285714285714,0.5416666666666666,0.04166666666666663,0.2916666666666664
K'Sante,Taliyah,7,4,0.5714285714285714,0.5416666666666666,0.04166666666666663,0.2916666666666664
Annie,Vi,7,4,0.5714285714285714,0.5416666666666666,0.04166666666666663,0.2916666666666664
Ashe,Irelia,7,4,0.5714285714285714,0.5416666666666666,0.04166666666666663,0.2916666666666664
Lulu,Vayne,7,4,0.5714285714285714,0.5416666666666666,0.04166666666666663,0.2916666666666664
Bard,Vayne,7,4,0.5714285714285714,0.5416666666666666,0.04166666666666663,0.2916666666666664
Twisted Fate,Vi,7,4,0.5714285714285714,0.5416666666666666,0.04166666666666663,0.2916666666666664
Aphelios,Jarvan IV,7,4,0.5714285714285714,0.5416666666666666,0.04166666666666663,0.2916666666666664
Lee Sin,Renekton,7,4,0.5714285714285714,0.5416666666666666,0.04166666666666663,0.2916666666666664
Orianna,Vayne,7,4,0.5714285714285714,0.5416666666666666,0.04166666666666663,0.2916666666666664
Caitlyn,LeBlanc,7,4,0.5714285714285714,0.5416666666666666,0.04166666666666663,0.2916666666666664
Orianna,Ornn,7,4,0.5714285714285714,0.5416666666666666,0.04166666666666663,0.2916666666666664
Aatrox,Rumble,7,4,0.5714285714285714,0.5416666666666666,0.04166666666666663,0.2916666666666664
Renekton,Sylas,7,4,0.5714285714285714,0.5416666666666666,0.04166666666666663,0.2916666666666664
LeBlanc,Pantheon,7,4,0.5714285714285714,0.5416666666666666,0.04166666666666663,0.2916666666666664
Naafiri,Rell,7,4,0.5714285714285714,0.5416666666666666,0.04166666666666663,0.2916666666666664
Naafiri,Skarner,7,4,0.5714285714285714,0.5416666666666666,0.04166666666666663,0.2916666666666664
Azir,Ornn,7,4,0.5714285714285714,0.5416666666666666,0.04166666666666663,0.2916666666666664
Aatrox,Rell,7,4,0.5714285714285714,0.5416666666666666,0.04166666666666663,0.2916666666666664
Mel,Seraphine,7,4,0.5714285714285714,0.5416666666666666,0.04166666666666663,0.2916666666666664
Jayce,Syndra,7,4,0.5714285714285714,0.5416666666666666,0.04166666666666663,0.2916666666666664
Aatrox,Jarvan IV,7,4,0.5714285714285714,0.5416666666666666,0.04166666666666663,0.2916666666666664
Gwen,Seraphine,7,4,0.5714285714285714,0.5416666666666666,0.04166666666666663,0.2916666666666664
Cassiopeia,Rakan,7,4,0.5714285714285714,0.5416666666666666,0.04166666666666663,0.2916666666666664
Lulu,Shen,7,4,0.5714285714285714,0.5416666666666666,0.04166666666666663,0.2916666666666664
Naafiri,Zaahen,7,4,0.5714285714285714,0.5416666666666666,0.04166666666666663,0.2916666666666664
Leona,Vayne,7,4,0.5714285714285714,0.5416666666666666,0.04166666666666663,0.2916666666666664
Seraphine,Varus,7,4,0.5714285714285714,0.5416666666666666,0.04166666666666663,0.2916666666666664
Aatrox,Ahri,7,4,0.5714285714285714,0.5416666666666666,0.04166666666666663,0.2916666666666664
Hwei,Seraphine,7,4,0.5714285714285714,0.5416666666666666,0.04166666666666663,0.2916666666666664
Nautilus,Veigar,7,4,0.5714285714285714,0.5416666666666666,0.04166666666666663,0.2916666666666664
Lee Sin,Lissandra,2,2,1.0,0.6428571428571429,0.1428571428571429,0.2857142857142858
Ambessa,Olaf,2,2,1.0,0.6428571428571429,0.1428571428571429,0.2857142857142858
Sejuani,Seraphine,2,2,1.0,0.6428571428571429,0.1428571428571429,0.2857142857142858
Nidalee,Pantheon,2,2,1.0,0.6428571428571429,0.1428571428571429,0.2857142857142858
Lucian,Zoe,2,2,1.0,0.6428571428571429,0.1428571428571429,0.2857142857142858
Kai'Sa,Lillia,2,2,1.0,0.6428571428571429,0.1428571428571429,0.2857142857142858
Lillia,Nautilus,2,2,1.0,0.6428571428571429,0.1428571428571429,0.2857142857142858
Hwei,Jayce,2,2,1.0,0.6428571428571429,0.1428571428571429,0.2857142857142858
Aurelion Sol,Ezreal,2,2,1.0,0.6428571428571429,0.1428571428571429,0.2857142857142858
Dr. Mundo,Twisted Fate,2,2,1.0,0.6428571428571429,0.1428571428571429,0.2857142857142858
Azir,Irelia,2,2,1.0,0.6428571428571429,0.1428571428571429,0.2857142857142858
Kha'Zix,Lucian,2,2,1.0,0.6428571428571429,0.1428571428571429,0.2857142857142858
Kha'Zix,Milio,2,2,1.0,0.6428571428571429,0.1428571428571429,0.2857142857142858
Kha'Zix,Ryze,2,2,1.0,0.6428571428571429,0.1428571428571429,0.2857142857142858
Bard,Kai'Sa,2,2,1.0,0.6428571428571429,0.1428571428571429,0.2857142857142858
Alistar,Ornn,2,2,1.0,0.6428571428571429,0.1428571428571429,0.2857142857142858
Aatrox,Dr. Mundo,2,2,1.0,0.6428571428571429,0.1428571428571429,0.2857142857142858
Leona,Zed,2,2,1.0,0.6428571428571429,0.1428571428571429,0.2857142857142858
Akali,Ryze,2,2,1.0,0.6428571428571429,0.1428571428571429,0.2857142857142858
Jax,Yone,2,2,1.0,0.6428571428571429,0.1428571428571429,0.2857142857142858
Kai'Sa,Malphite,2,2,1.0,0.6428571428571429,0.1428571428571429,0.2857142857142858
Bard,Senna,2,2,1.0,0.6428571428571429,0.1428571428571429,0.2857142857142858
K'Sante,Samira,2,2,1.0,0.6428571428571429,0.1428571428571429,0.2857142857142858
Amumu,Annie,2,2,1.0,0.6428571428571429,0.1428571428571429,0.2857142857142858
Amumu,Kai'Sa,2,2,1.0,0.6428571428571429,0.1428571428571429,0.2857142857142858
Kai'Sa,Urgot,2,2,1.0,0.6428571428571429,0.1428571428571429,0.2857142857142858
Kalista,Shen,2,2,1.0,0.6428571428571429,0.1428571428571429,0.2857142857142858
Renata Glasc,Shen,2,2,1.0,0.6428571428571429,0.1428571428571429,0.2857142857142858
Kalista,Ryze,2,2,1.0,0.6428571428571429,0.1428571428571429,0.2857142857142858
Kalista,Sejuani,2,2,1.0,0.6428571428571429,0.1428571428571429,0.2857142857142858
Renata Glasc,Sejuani,2,2,1.0,0.6428571428571429,0.1428571428571429,0.2857142857142858
Kassadin,Xin Zhao,2,2,1.0,0.6428571428571429,0.1428571428571429,0.2857142857142858
Soraka,Wukong,2,2,1.0,0.6428571428571429,0.1428571428571429,0.2857142857142858
Leona,Lillia,2,2,1.0,0.6428571428571429,0.1428571428571429,0.2857142857142858
Lillia,Sion,2,2,1.0,0.6428571428571429,0.1428571428571429,0.2857142857142858
Leona,Sivir,2,2,1.0,0.6428571428571429,0.1428571428571429,0.2857142857142858
Dr. Mundo,Smolder,2,2,1.0,0.6428571428571429,0.1428571428571429,0.2857142857142858
Aurora,Nidalee,2,2,1.0,0.6428571428571429,0.1428571428571429,0.2857142857142858
Anivia,Kalista,2,2,1.0,0.6428571428571429,0.1428571428571429,0.2857142857142858
Mel,Ornn,2,2,1.0,0.6428571428571429,0.1428571428571429,0.2857142857142858
Smolder,Yasuo,2,2,1.0,0.6428571428571429,0.1428571428571429,0.2857142857142858
Karma,Lucian,2,2,1.0,0.6428571428571429,0.1428571428571429,0.2857142857142858
Kog'Maw,Naafiri,2,2,1.0,0.6428571428571429,0.1428571428571429,0.2857142857142858
Kennen,Syndra,2,2,1.0,0.6428571428571429,0.1428571428571429,0.2857142857142858
Kog'Maw,Vi,2,2,1.0,0.6428571428571429,0.1428571428571429,0.2857142857142858
Ambessa,Kassadin,2,2,1.0,0.6428571428571429,0.1428571428571429,0.2857142857142858
Vel'Koz,Vi,2,2,1.0,0.6428571428571429,0.1428571428571429,0.2857142857142858
Lissandra,Wukong,2,2,1.0,0.6428571428571429,0.1428571428571429,0.2857142857142858
Gwen,Sivir,2,2,1.0,0.6428571428571429,0.1428571428571429,0.2857142857142858
Aurora,Zac,2,2,1.0,0.6428571428571429,0.1428571428571429,0.2857142857142858
Olaf,Trundle,2,2,1.0,0.6428571428571429,0.1428571428571429,0.2857142857142858
Nami,Zac,2,2,1.0,0.6428571428571429,0.1428571428571429,0.2857142857142858
Aurelion Sol,Lucian,2,2,1.0,0.6428571428571429,0.1428571428571429,0.2857142857142858
Aurelion Sol,Milio,2,2,1.0,0.6428571428571429,0.1428571428571429,0.2857142857142858
Poppy,Yorick,2,2,1.0,0.6428571428571429,0.1428571428571429,0.2857142857142858
Kha'Zix,Lulu,2,2,1.0,0.6428571428571429,0.1428571428571429,0.2857142857142858
Ezreal,Xerath,2,2,1.0,0.6428571428571429,0.1428571428571429,0.2857142857142858
Nami,Xerath,2,2,1.0,0.6428571428571429,0.1428571428571429,0.2857142857142858
Gragas,LeBlanc,2,2,1.0,0.6428571428571429,0.1428571428571429,0.2857142857142858
Rell,Vayne,2,2,1.0,0.6428571428571429,0.1428571428571429,0.2857142857142858
Jinx,Maokai,2,2,1.0,0.6428571428571429,0.1428571428571429,0.2857142857142858
Jinx,Yone,2,2,1.0,0.6428571428571429,0.1428571428571429,0.2857142857142858
Sion,Yone,2,2,1.0,0.6428571428571429,0.1428571428571429,0.2857142857142858
Ambessa,Pyke,2,2,1.0,0.6428571428571429,0.1428571428571429,0.2857142857142858
Renata Glasc,Zaahen,2,2,1.0,0.6428571428571429,0.1428571428571429,0.2857142857142858
Aatrox,Shen,2,2,1.0,0.6428571428571429,0.1428571428571429,0.2857142857142858
Jarvan IV,Vladimir,2,2,1.0,0.6428571428571429,0.1428571428571429,0.2857142857142858
Annie,Thresh,2,2,1.0,0.6428571428571429,0.1428571428571429,0.2857142857142858
Thresh,Vayne,2,2,1.0,0.6428571428571429,0.1428571428571429,0.2857142857142858
Akali,Galio,2,2,1.0,0.6428571428571429,0.1428571428571429,0.2857142857142858
Kennen,Orianna,2,2,1.0,0.6428571428571429,0.1428571428571429,0.2857142857142858
LeBlanc,Zaahen,2,2,1.0,0.6428571428571429,0.1428571428571429,0.2857142857142858
Ryze,Soraka,2,2,1.0,0.6428571428571429,0.1428571428571429,0.2857142857142858
Cassiopeia,Zeri,2,2,1.0,0.6428571428571429,0.1428571428571429,0.2857142857142858
Lillia,Yone,2,2,1.0,0.6428571428571429,0.1428571428571429,0.2857142857142858
Alistar,Zeri,2,2,1.0,0.6428571428571429,0.1428571428571429,0.2857142857142858
Anivia,Volibear,2,2,1.0,0.6428571428571429,0.1428571428571429,0.2857142857142858
Lulu,Poppy,2,2,1.0,0.6428571428571429,0.1428571428571429,0.2857142857142858
Graves,K'Sante,2,2,1.0,0.6428571428571429,0.1428571428571429,0.2857142857142858
Aurora,Volibear,2,2,1.0,0.6428571428571429,0.1428571428571429,0.2857142857142858
Leona,Mel,2,2,1.0,0.6428571428571429,0.1428571428571429,0.2857142857142858
Hwei,Neeko,2,2,1.0,0.6428571428571429,0.1428571428571429,0.2857142857142858
Kennen,Tristana,2,2,1.0,0.6428571428571429,0.1428571428571429,0.2857142857142858
Jax,Ziggs,2,2,1.0,0.6428571428571429,0.1428571428571429,0.2857142857142858
Viktor,Ziggs,2,2,1.0,0.6428571428571429,0.1428571428571429,0.2857142857142858
Annie,Maokai,2,2,1.0,0.6428571428571429,0.1428571428571429,0.2857142857142858
Sylas,Vayne,2,2,1.0,0.6428571428571429,0.1428571428571429,0.2857142857142858
Gangplank,Varus,2,2,1.0,0.6428571428571429,0.1428571428571429,0.2857142857142858
Xayah,Zaahen,2,2,1.0,0.6428571428571429,0.1428571428571429,0.2857142857142858
Aurora,Irelia,2,2,1.0,0.6428571428571429,0.1428571428571429,0.2857142857142858
Ornn,Rek'Sai,2,2,1.0,0.6428571428571429,0.1428571428571429,0.2857142857142858
Rek'Sai,Rell,2,2,1.0,0.6428571428571429,0.1428571428571429,0.2857142857142858
Darius,Sion,2,2,1.0,0.6428571428571429,0.1428571428571429,0.2857142857142858
Draven,Rell,2,2,1.0,0.6428571428571429,0.1428571428571429,0.2857142857142858
Malphite,Olaf,2,2,1.0,0.6428571428571429,0.1428571428571429,0.2857142857142858
Gragas,Orianna,2,2,1.0,0.6428571428571429,0.1428571428571429,0.2857142857142858
Pantheon,Senna,2,2,1.0,0.6428571428571429,0.1428571428571429,0.2857142857142858
Rek'Sai,Sylas,2,2,1.0,0.6428571428571429,0.1428571428571429,0.2857142857142858
Ornn,Yasuo,2,2,1.0,0.6428571428571429,0.1428571428571429,0.2857142857142858
Azir,Zeri,2,2,1.0,0.6428571428571429,0.1428571428571429,0.2857142857142858
Alistar,Vladimir,2,2,1.0,0.6428571428571429,0.1428571428571429,0.2857142857142858
Caitlyn,Nasus,2,2,1.0,0.6428571428571429,0.1428571428571429,0.2857142857142858
Taliyah,Yone,2,2,1.0,0.6428571428571429,0.1428571428571429,0.2857142857142858
Aphelios,Nasus,2,2,1.0,0.6428571428571429,0.1428571428571429,0.2857142857142858
Ahri,Urgot,2,2,1.0,0.6428571428571429,0.1428571428571429,0.2857142857142858
Karma,Urgot,2,2,1.0,0.6428571428571429,0.1428571428571429,0.2857142857142858
Urgot,Vi,2,2,1.0,0.6428571428571429,0.1428571428571429,0.2857142857142858
Milio,Volibear,2,2,1.0,0.6428571428571429,0.1428571428571429,0.2857142857142858
Nasus,Orianna,2,2,1.0,0.6428571428571429,0.1428571428571429,0.2857142857142858
Jinx,Rakan,2,2,1.0,0.6428571428571429,0.1428571428571429,0.2857142857142858
Kled,Lulu,2,2,1.0,0.6428571428571429,0.1428571428571429,0.2857142857142858
Kled,Yunara,2,2,1.0,0.6428571428571429,0.1428571428571429,0.2857142857142858
Irelia,Skarner,2,2,1.0,0.6428571428571429,0.1428571428571429,0.2857142857142858
Aurora,Shyvana,2,2,1.0,0.6428571428571429,0.1428571428571429,0.2857142857142858
Aatrox,Vayne,2,2,1.0,0.6428571428571429,0.1428571428571429,0.2857142857142858
Nasus,Xayah,2,2,1.0,0.6428571428571429,0.1428571428571429,0.2857142857142858
Aurora,Shen,2,2,1.0,0.6428571428571429,0.1428571428571429,0.2857142857142858
Annie,Pyke,2,2,1.0,0.6428571428571429,0.1428571428571429,0.2857142857142858
Akali,Pyke,2,2,1.0,0.6428571428571429,0.1428571428571429,0.2857142857142858
Rakan,Tristana,2,2,1.0,0.6428571428571429,0.1428571428571429,0.2857142857142858
Kha'Zix,Seraphine,2,2,1.0,0.6428571428571429,0.1428571428571429,0.2857142857142858
Senna,Vayne,2,2,1.0,0.6428571428571429,0.1428571428571429,0.2857142857142858
Jayce,Kog'Maw,2,2,1.0,0.6428571428571429,0.1428571428571429,0.2857142857142858
Miss Fortune,Yone,2,2,1.0,0.6428571428571429,0.1428571428571429,0.2857142857142858
Irelia,Karma,2,2,1.0,0.6428571428571429,0.1428571428571429,0.2857142857142858
Amumu,Vayne,2,2,1.0,0.6428571428571429,0.1428571428571429,0.2857142857142858
Aphelios,Pantheon,2,2,1.0,0.6428571428571429,0.1428571428571429,0.2857142857142858
Sejuani,Zeri,2,2,1.0,0.6428571428571429,0.1428571428571429,0.2857142857142858
Aphelios,Viktor,2,2,1.0,0.6428571428571429,0.1428571428571429,0.2857142857142858
Renekton,Yone,2,2,1.0,0.6428571428571429,0.1428571428571429,0.2857142857142858
Neeko,Nidalee,2,2,1.0,0.6428571428571429,0.1428571428571429,0.2857142857142858
Galio,Veigar,2,2,1.0,0.6428571428571429,0.1428571428571429,0.2857142857142858
Vayne,Xayah,2,2,1.0,0.6428571428571429,0.1428571428571429,0.2857142857142858
Yasuo,Zyra,2,2,1.0,0.6428571428571429,0.1428571428571429,0.2857142857142858
Nasus,Sion,2,2,1.0,0.6428571428571429,0.1428571428571429,0.2857142857142858
Draven,Nautilus,2,2,1.0,0.6428571428571429,0.1428571428571429,0.2857142857142858
Varus,Xayah,2,2,1.0,0.6428571428571429,0.1428571428571429,0.2857142857142858
Hwei,Vayne,2,2,1.0,0.6428571428571429,0.1428571428571429,0.2857142857142858
K'Sante,Shyvana,2,2,1.0,0.6428571428571429,0.1428571428571429,0.2857142857142858
Lux,Taliyah,2,2,1.0,0.6428571428571429,0.1428571428571429,0.2857142857142858
Graves,Poppy,2,2,1.0,0.6428571428571429,0.1428571428571429,0.2857142857142858
Lee Sin,Taliyah,2,2,1.0,0.6428571428571429,0.1428571428571429,0.2857142857142858
Lee Sin,Shen,2,2,1.0,0.6428571428571429,0.1428571428571429,0.2857142857142858
Kai'Sa,Pyke,2,2,1.0,0.6428571428571429,0.1428571428571429,0.2857142857142858
Ahri,Sylas,2,2,1.0,0.6428571428571429,0.1428571428571429,0.2857142857142858
Naafiri,Ziggs,2,2,1.0,0.6428571428571429,0.1428571428571429,0.2857142857142858
Caitlyn,Kog'Maw,2,2,1.0,0.6428571428571429,0.1428571428571429,0.2857142857142858
K'Sante,Kalista,2,2,1.0,0.6428571428571429,0.1428571428571429,0.2857142857142858
Cassiopeia,Jax,2,2,1.0,0.6428571428571429,0.1428571428571429,0.2857142857142858
Ahri,Irelia,2,2,1.0,0.6428571428571429,0.1428571428571429,0.2857142857142858
Annie,Tristana,2,2,1.0,0.6428571428571429,0.1428571428571429,0.2857142857142858
Rell,Zyra,2,2,1.0,0.6428571428571429,0.1428571428571429,0.2857142857142858
Amumu,Mordekaiser,2,2,1.0,0.6428571428571429,0.1428571428571429,0.2857142857142858
Nasus,Twisted Fate,2,2,1.0,0.6428571428571429,0.1428571428571429,0.2857142857142858
Anivia,Xayah,2,2,1.0,0.6428571428571429,0.1428571428571429,0.2857142857142858
Alistar,Ivern,2,2,1.0,0.6428571428571429,0.1428571428571429,0.2857142857142858
Maokai,Viktor,2,2,1.0,0.6428571428571429,0.1428571428571429,0.2857142857142858
Tristana,Yuumi,2,2,1.0,0.6428571428571429,0.1428571428571429,0.2857142857142858
Blitzcrank,Miss Fortune,2,2,1.0,0.6428571428571429,0.1428571428571429,0.2857142857142858
Gragas,Vex,2,2,1.0,0.6428571428571429,0.1428571428571429,0.2857142857142858
Nasus,Viktor,2,2,1.0,0.6428571428571429,0.1428571428571429,0.2857142857142858
Caitlyn,Irelia,5,3,0.6,0.55,0.050000000000000044,0.2500000000000002
Neeko,Trundle,5,3,0.6,0.55,0.050000000000000044,0.2500000000000002
Bard,Dr. Mundo,5,3,0.6,0.55,0.050000000000000044,0.2500000000000002
Jarvan IV,Tristana,5,3,0.6,0.55,0.050000000000000044,0.2500000000000002
Braum,Yunara,5,3,0.6,0.55,0.050000000000000044,0.2500000000000002
Anivia,Vayne,5,3,0.6,0.55,0.050000000000000044,0.2500000000000002
Renekton,Zoe,5,3,0.6,0.55,0.050000000000000044,0.2500000000000002
Kai'Sa,Olaf,5,3,0.6,0.55,0.050000000000000044,0.2500000000000002
Sion,Zaahen,5,3,0.6,0.55,0.050000000000000044,0.2500000000000002
LeBlanc,Vayne,5,3,0.6,0.55,0.050000000000000044,0.2500000000000002
Jax,Nami,5,3,0.6,0.55,0.050000000000000044,0.2500000000000002
Rakan,Sion,5,3,0.6,0.55,0.050000000000000044,0.2500000000000002
Sion,Xayah,5,3,0.6,0.55,0.050000000000000044,0.2500000000000002
Viktor,Xayah,5,3,0.6,0.55,0.050000000000000044,0.2500000000000002
Annie,Shen,5,3,0.6,0.55,0.050000000000000044,0.2500000000000002
Sivir,Varus,5,3,0.6,0.55,0.050000000000000044,0.2500000000000002
Hwei,Milio,5,3,0.6,0.55,0.050000000000000044,0.2500000000000002
LeBlanc,Sion,5,3,0.6,0.55,0.050000000000000044,0.2500000000000002
Aatrox,Orianna,5,3,0.6,0.55,0.050000000000000044,0.2500000000000002
Lucian,Yone,5,3,0.6,0.55,0.050000000000000044,0.2500000000000002
Anivia,Viktor,5,3,0.6,0.55,0.050000000000000044,0.2500000000000002
Lee Sin,Ornn,5,3,0.6,0.55,0.050000000000000044,0.2500000000000002
Ahri,Gwen,5,3,0.6,0.55,0.050000000000000044,0.2500000000000002
Gragas,Nautilus,5,3,0.6,0.55,0.050000000000000044,0.2500000000000002
Irelia,Jarvan IV,5,3,0.6,0.55,0.050000000000000044,0.2500000000000002
Nocturne,Pyke,5,3,0.6,0.55,0.050000000000000044,0.2500000000000002
Kalista,Vi,5,3,0.6,0.55,0.050000000000000044,0.2500000000000002
Renata Glasc,Vi,5,3,0.6,0.55,0.050000000000000044,0.2500000000000002
Seraphine,Sivir,5,3,0.6,0.55,0.050000000000000044,0.2500000000000002
Camille,Twisted Fate,5,3,0.6,0.55,0.050000000000000044,0.2500000000000002
Hwei,K'Sante,5,3,0.6,0.55,0.050000000000000044,0.2500000000000002
Leona,Rumble,5,3,0.6,0.55,0.050000000000000044,0.2500000000000002
Aurora,Ziggs,5,3,0.6,0.55,0.050000000000000044,0.2500000000000002
LeBlanc,Neeko,5,3,0.6,0.55,0.050000000000000044,0.2500000000000002
Ahri,Leona,5,3,0.6,0.55,0.050000000000000044,0.2500000000000002
Malphite,Milio,5,3,0.6,0.55,0.050000000000000044,0.2500000000000002
Ahri,Yorick,5,3,0.6,0.55,0.050000000000000044,0.2500000000000002
Kai'Sa,Renekton,5,3,0.6,0.55,0.050000000000000044,0.2500000000000002
K'Sante,Senna,5,3,0.6,0.55,0.050000000000000044,0.2500000000000002
Jarvan IV,Olaf,5,3,0.6,0.55,0.050000000000000044,0.2500000000000002
Galio,Vi,5,3,0.6,0.55,0.050000000000000044,0.2500000000000002
Syndra,Vi,5,3,0.6,0.55,0.050000000000000044,0.2500000000000002
Ashe,Mel,5,3,0.6,0.55,0.050000000000000044,0.2500000000000002
Anivia,Zaahen,5,3,0.6,0.55,0.050000000000000044,0.2500000000000002
Pyke,Viktor,5,3,0.6,0.55,0.050000000000000044,0.2500000000000002
Aphelios,Renekton,5,3,0.6,0.55,0.050000000000000044,0.2500000000000002
Jayce,Nidalee,5,3,0.6,0.55,0.050000000000000044,0.2500000000000002
Milio,Yone,5,3,0.6,0.55,0.050000000000000044,0.2500000000000002
Anivia,Cassiopeia,5,3,0.6,0.55,0.050000000000000044,0.2500000000000002
Maokai,Sion,5,3,0.6,0.55,0.050000000000000044,0.2500000000000002
Jinx,Pantheon,5,3,0.6,0.55,0.050000000000000044,0.2500000000000002
Hwei,Ornn,5,3,0.6,0.55,0.050000000000000044,0.2500000000000002
Syndra,Trundle,5,3,0.6,0.55,0.050000000000000044,0.2500000000000002
Nocturne,Syndra,5,3,0.6,0.55,0.050000000000000044,0.2500000000000002
Aurora,Tristana,5,3,0.6,0.55,0.050000000000000044,0.2500000000000002
Mel,Varus,5,3,0.6,0.55,0.050000000000000044,0.2500000000000002
Varus,Yorick,5,3,0.6,0.55,0.050000000000000044,0.2500000000000002
Orianna,Senna,5,3,0.6,0.55,0.050000000000000044,0.2500000000000002
Senna,Trundle,5,3,0.6,0.55,0.050000000000000044,0.2500000000000002
Sivir,Twisted Fate,5,3,0.6,0.55,0.050000000000000044,0.2500000000000002
Nautilus,Seraphine,5,3,0.6,0.55,0.050000000000000044,0.2500000000000002
Nocturne,Yorick,5,3,0.6,0.55,0.050000000000000044,0.2500000000000002
Aatrox,LeBlanc,5,3,0.6,0.55,0.050000000000000044,0.2500000000000002
Azir,Kai'Sa,5,3,0.6,0.55,0.050000000000000044,0.2500000000000002
Lucian,Poppy,5,3,0.6,0.55,0.050000000000000044,0.2500000000000002
Kai'Sa,Skarner,5,3,0.6,0.55,0.050000000000000044,0.2500000000000002
Ahri,Aphelios,5,3,0.6,0.55,0.050000000000000044,0.2500000000000002
Kai'Sa,Twisted Fate,5,3,0.6,0.55,0.050000000000000044,0.2500000000000002
Rakan,Twisted Fate,5,3,0.6,0.55,0.050000000000000044,0.2500000000000002
Alistar,Jinx,5,3,0.6,0.55,0.050000000000000044,0.2500000000000002
Kennen,Skarner,5,3,0.6,0.55,0.050000000000000044,0.2500000000000002
Pantheon,Zaahen,5,3,0.6,0.55,0.050000000000000044,0.2500000000000002
Ashe,Poppy,5,3,0.6,0.55,0.050000000000000044,0.2500000000000002
Neeko,Shen,5,3,0.6,0.55,0.050000000000000044,0.2500000000000002
Senna,Taliyah,5,3,0.6,0.55,0.050000000000000044,0.2500000000000002
Miss Fortune,Olaf,5,3,0.6,0.55,0.050000000000000044,0.2500000000000002
LeBlanc,Sivir,5,3,0.6,0.55,0.050000000000000044,0.2500000000000002
Tristana,Wukong,5,3,0.6,0.55,0.050000000000000044,0.2500000000000002
Miss Fortune,Viktor,5,3,0.6,0.55,0.050000000000000044,0.2500000000000002
Sivir,Sylas,5,3,0.6,0.55,0.050000000000000044,0.2500000000000002
Neeko,Sejuani,5,3,0.6,0.55,0.050000000000000044,0.2500000000000002
Jax,Seraphine,5,3,0.6,0.55,0.050000000000000044,0.2500000000000002
Lux,Rumble,5,3,0.6,0.55,0.050000000000000044,0.2500000000000002
Aurora,Galio,5,3,0.6,0.55,0.050000000000000044,0.2500000000000002
Ambessa,Renekton,3,2,0.6666666666666666,0.5625,0.0625,0.1875
Caitlyn,Morgana,3,2,0.6666666666666666,0.5625,0.0625,0.1875
Rakan,Yasuo,3,2,0.6666666666666666,0.5625,0.0625,0.1875
Irelia,Lulu,3,2,0.6666666666666666,0.5625,0.0625,0.1875
Braum,Pantheon,3,2,0.6666666666666666,0.5625,0.0625,0.1875
Twisted Fate,Zaahen,3,2,0.6666666666666666,0.5625,0.0625,0.1875
Irelia,Sejuani,3,2,0.6666666666666666,0.5625,0.0625,0.1875
Cassiopeia,Sejuani,3,2,0.6666666666666666,0.5625,0.0625,0.1875
Seraphine,Yone,3,2,0.6666666666666666,0.5625,0.0625,0.1875
Annie,Gragas,3,2,0.6666666666666666,0.5625,0.0625,0.1875
Aphelios,Yone,3,2,0.6666666666666666,0.5625,0.0625,0.1875
Lulu,Yone,3,2,0.6666666666666666,0.5625,0.0625,0.1875
Caitlyn,Sejuani,3,2,0.6666666666666666,0.5625,0.0625,0.1875
Nami,Sejuani,3,2,0.6666666666666666,0.5625,0.0625,0.1875
Corki,Dr. Mundo,3,2,0.6666666666666666,0.5625,0.0625,0.1875
Dr. Mundo,Nami,3,2,0.6666666666666666,0.5625,0.0625,0.1875
Hwei,Smolder,3,2,0.6666666666666666,0.5625,0.0625,0.1875
Galio,Rell,3,2,0.6666666666666666,0.5625,0.0625,0.1875
Jayce,Kalista,3,2,0.6666666666666666,0.5625,0.0625,0.1875
Jayce,Renata Glasc,3,2,0.6666666666666666,0.5625,0.0625,0.1875
Shyvana,Sylas,3,2,0.6666666666666666,0.5625,0.0625,0.1875
Ahri,Kalista,3,2,0.6666666666666666,0.5625,0.0625,0.1875
Smolder,Tahm Kench,3,2,0.6666666666666666,0.5625,0.0625,0.1875
Azir,Neeko,3,2,0.6666666666666666,0.5625,0.0625,0.1875
Leona,Yunara,3,2,0.6666666666666666,0.5625,0.0625,0.1875
Xerath,Yunara,3,2,0.6666666666666666,0.5625,0.0625,0.1875
Dr. Mundo,Varus,3,2,0.6666666666666666,0.5625,0.0625,0.1875
Ezreal,Yasuo,3,2,0.6666666666666666,0.5625,0.0625,0.1875
Aatrox,Gnar,3,2,0.6666666666666666,0.5625,0.0625,0.1875
Kalista,Nautilus,3,2,0.6666666666666666,0.5625,0.0625,0.1875
Dr. Mundo,LeBlanc,3,2,0.6666666666666666,0.5625,0.0625,0.1875
Jarvan IV,Kennen,3,2,0.6666666666666666,0.5625,0.0625,0.1875
Caitlyn,Gragas,3,2,0.6666666666666666,0.5625,0.0625,0.1875
Fiora,Nautilus,3,2,0.6666666666666666,0.5625,0.0625,0.1875
Rek'Sai,Yunara,3,2,0.6666666666666666,0.5625,0.0625,0.1875
Ornn,Xayah,3,2,0.6666666666666666,0.5625,0.0625,0.1875
Syndra,Tristana,3,2,0.6666666666666666,0.5625,0.0625,0.1875
Annie,Twisted Fate,3,2,0.6666666666666666,0.5625,0.0625,0.1875
Twisted Fate,Vayne,3,2,0.6666666666666666,0.5625,0.0625,0.1875
Ryze,Zeri,3,2,0.6666666666666666,0.5625,0.0625,0.1875
Akali,Aurora,3,2,0.6666666666666666,0.5625,0.0625,0.1875
Ornn,Syndra,3,2,0.6666666666666666,0.5625,0.0625,0.1875
Lulu,Malphite,3,2,0.6666666666666666,0.5625,0.0625,0.1875
Malphite,Yunara,3,2,0.6666666666666666,0.5625,0.0625,0.1875
Aurora,Viktor,3,2,0.6666666666666666,0.5625,0.0625,0.1875
Aphelios,Naafiri,3,2,0.6666666666666666,0.5625,0.0625,0.1875
Ornn,Trundle,3,2,0.6666666666666666,0.5625,0.0625,0.1875
Bard,Zoe,3,2,0.6666666666666666,0.5625,0.0625,0.1875
Orianna,Twisted Fate,3,2,0.6666666666666666,0.5625,0.0625,0.1875
Azir,Trundle,3,2,0.6666666666666666,0.5625,0.0625,0.1875
Jarvan IV,Poppy,3,2,0.6666666666666666,0.5625,0.0625,0.1875
Miss Fortune,Varus,3,2,0.6666666666666666,0.5625,0.0625,0.1875
Lucian,Nautilus,3,2,0.6666666666666666,0.5625,0.0625,0.1875
Corki,LeBlanc,3,2,0.6666666666666666,0.5625,0.0625,0.1875
Gnar,Jax,3,2,0.6666666666666666,0.5625,0.0625,0.1875
Pyke,Sion,3,2,0.6666666666666666,0.5625,0.0625,0.1875
Sion,Thresh,3,2,0.6666666666666666,0.5625,0.0625,0.1875
Aphelios,Zaahen,3,2,0.6666666666666666,0.5625,0.0625,0.1875
Wukong,Zoe,3,2,0.6666666666666666,0.5625,0.0625,0.1875
Gwen,Trundle,3,2,0.6666666666666666,0.5625,0.0625,0.1875
Yone,Yunara,3,2,0.6666666666666666,0.5625,0.0625,0.1875
Ezreal,Kled,3,2,0.6666666666666666,0.5625,0.0625,0.1875
Neeko,Tristana,3,2,0.6666666666666666,0.5625,0.0625,0.1875
Kennen,Varus,3,2,0.6666666666666666,0.5625,0.0625,0.1875
Braum,Gragas,3,2,0.6666666666666666,0.5625,0.0625,0.1875
Trundle,Xayah,3,2,0.6666666666666666,0.5625,0.0625,0.1875
Azir,Gragas,3,2,0.6666666666666666,0.5625,0.0625,0.1875
Aphelios,Lee Sin,3,2,0.6666666666666666,0.5625,0.0625,0.1875
Lissandra,Renekton,3,2,0.6666666666666666,0.5625,0.0625,0.1875
Cho'Gath,Viktor,3,2,0.6666666666666666,0.5625,0.0625,0.1875
Jhin,Malphite,3,2,0.6666666666666666,0.5625,0.0625,0.1875
Jayce,Rek'Sai,3,2,0.6666666666666666,0.5625,0.0625,0.1875
Aurelion Sol,Varus,3,2,0.6666666666666666,0.5625,0.0625,0.1875
Kai'Sa,Vayne,3,2,0.6666666666666666,0.5625,0.0625,0.1875
Aurora,Rek'Sai,3,2,0.6666666666666666,0.5625,0.0625,0.1875
Kog'Maw,Varus,3,2,0.6666666666666666,0.5625,0.0625,0.1875
Ezreal,Poppy,3,2,0.6666666666666666,0.5625,0.0625,0.1875
Annie,Kalista,3,2,0.6666666666666666,0.5625,0.0625,0.1875
Renata Glasc,Rumble,3,2,0.6666666666666666,0.5625,0.0625,0.1875
Lucian,Qiyana,3,2,0.6666666666666666,0.5625,0.0625,0.1875
Milio,Qiyana,3,2,0.6666666666666666,0.5625,0.0625,0.1875
Kennen,Vi,3,2,0.6666666666666666,0.5625,0.0625,0.1875
Bard,Kennen,3,2,0.6666666666666666,0.5625,0.0625,0.1875
Caitlyn,Kennen,3,2,0.6666666666666666,0.5625,0.0625,0.1875
Aatrox,Xayah,3,2,0.6666666666666666,0.5625,0.0625,0.1875
Cassiopeia,Zaahen,3,2,0.6666666666666666,0.5625,0.0625,0.1875
Lulu,Olaf,3,2,0.6666666666666666,0.5625,0.0625,0.1875
Sejuani,Viktor,3,2,0.6666666666666666,0.5625,0.0625,0.1875
Nami,Sylas,3,2,0.6666666666666666,0.5625,0.0625,0.1875
Maokai,Milio,3,2,0.6666666666666666,0.5625,0.0625,0.1875
Maokai,Twisted Fate,3,2,0.6666666666666666,0.5625,0.0625,0.1875
Anivia,Gwen,3,2,0.6666666666666666,0.5625,0.0625,0.1875
Aphelios,Vi,3,2,0.6666666666666666,0.5625,0.0625,0.1875
Anivia,Braum,3,2,0.6666666666666666,0.5625,0.0625,0.1875
Aatrox,Smolder,3,2,0.6666666666666666,0.5625,0.0625,0.1875
Kled,Xin Zhao,3,2,0.6666666666666666,0.5625,0.0625,0.1875
Hwei,Yunara,3,2,0.6666666666666666,0.5625,0.0625,0.1875
Ornn,Smolder,3,2,0.6666666666666666,0.5625,0.0625,0.1875
Akali,Vayne,3,2,0.6666666666666666,0.5625,0.0625,0.1875
Nautilus,Zeri,3,2,0.6666666666666666,0.5625,0.0625,0.1875
Varus,Zeri,3,2,0.6666666666666666,0.5625,0.0625,0.1875
Ambessa,Rumble,3,2,0.6666666666666666,0.5625,0.0625,0.1875
Aatrox,Sivir,3,2,0.6666666666666666,0.5625,0.0625,0.1875
Ryze,Sylas,3,2,0.6666666666666666,0.5625,0.0625,0.1875
Corki,Malphite,3,2,0.6666666666666666,0.5625,0.0625,0.1875
Ambessa,Poppy,3,2,0.6666666666666666,0.5625,0.0625,0.1875
Renekton,Zeri,3,2,0.6666666666666666,0.5625,0.0625,0.1875
Rek'Sai,Renekton,3,2,0.6666666666666666,0.5625,0.0625,0.1875
Aurora,Thresh,3,2,0.6666666666666666,0.5625,0.0625,0.1875
Anivia,Yuumi,3,2,0.6666666666666666,0.5625,0.0625,0.1875
Maokai,Yuumi,3,2,0.6666666666666666,0.5625,0.0625,0.1875
Galio,Orianna,3,2,0.6666666666666666,0.5625,0.0625,0.1875
Gragas,Yunara,3,2,0.6666666666666666,0.5625,0.0625,0.1875
Karma,Shen,3,2,0.6666666666666666,0.5625,0.0625,0.1875
Ambessa,K'Sante,3,2,0.6666666666666666,0.5625,0.0625,0.1875
Lissandra,Vayne,3,2,0.6666666666666666,0.5625,0.0625,0.1875
Bard,Fiora,3,2,0.6666666666666666,0.5625,0.0625,0.1875
Nami,Vayne,3,2,0.6666666666666666,0.5625,0.0625,0.1875
Shyvana,Trundle,3,2,0.6666666666666666,0.5625,0.0625,0.1875
LeBlanc,Rell,3,2,0.6666666666666666,0.5625,0.0625,0.1875
Cassiopeia,Mel,3,2,0.6666666666666666,0.5625,0.0625,0.1875
Rek'Sai,Varus,3,2,0.6666666666666666,0.5625,0.0625,0.1875
Hwei,Shyvana,3,2,0.6666666666666666,0.5625,0.0625,0.1875
Gragas,Lulu,3,2,0.6666666666666666,0.5625,0.0625,0.1875
Gwen,Twisted Fate,3,2,0.6666666666666666,0.5625,0.0625,0.1875
Camille,Cassiopeia,3,2,0.6666666666666666,0.5625,0.0625,0.1875
Neeko,Rek'Sai,3,2,0.6666666666666666,0.5625,0.0625,0.1875
Naafiri,Olaf,3,2,0.6666666666666666,0.5625,0.0625,0.1875
Ambessa,Jayce,3,2,0.6666666666666666,0.5625,0.0625,0.1875
Shen,Twisted Fate,3,2,0.6666666666666666,0.5625,0.0625,0.1875
Miss Fortune,Trundle,3,2,0.6666666666666666,0.5625,0.0625,0.1875
Rell,Sion,3,2,0.6666666666666666,0.5625,0.0625,0.1875
Jinx,Ornn,3,2,0.6666666666666666,0.5625,0.0625,0.1875
Gwen,Mel,3,2,0.6666666666666666,0.5625,0.0625,0.1875
Jinx,Sylas,3,2,0.6666666666666666,0.5625,0.0625,0.1875
Jarvan IV,Soraka,3,2,0.6666666666666666,0.5625,0.0625,0.1875
Galio,Ornn,3,2,0.6666666666666666,0.5625,0.0625,0.1875
Galio,Tristana,3,2,0.6666666666666666,0.5625,0.0625,0.1875
Orianna,Yuumi,3,2,0.6666666666666666,0.5625,0.0625,0.1875
Dr. Mundo,Syndra,3,2,0.6666666666666666,0.5625,0.0625,0.1875
Lux,Renekton,3,2,0.6666666666666666,0.5625,0.0625,0.1875
Annie,Viego,3,2,0.6666666666666666,0.5625,0.0625,0.1875
Amumu,Cassiopeia,3,2,0.6666666666666666,0.5625,0.0625,0.1875
Amumu,Ornn,3,2,0.6666666666666666,0.5625,0.0625,0.1875
Galio,Zeri,3,2,0.6666666666666666,0.5625,0.0625,0.1875
Gragas,Kai'Sa,3,2,0.6666666666666666,0.5625,0.0625,0.1875
Lux,Ryze,3,2,0.6666666666666666,0.5625,0.0625,0.1875
Neeko,Smolder,3,2,0.6666666666666666,0.5625,0.0625,0.1875
Caitlyn,Volibear,3,2,0.6666666666666666,0.5625,0.0625,0.1875
Senna,Varus,3,2,0.6666666666666666,0.5625,0.0625,0.1875
Corki,Zaahen,3,2,0.6666666666666666,0.5625,0.0625,0.1875
Camille,Milio,3,2,0.6666666666666666,0.5625,0.0625,0.1875
Jarvan IV,Veigar,3,2,0.6666666666666666,0.5625,0.0625,0.1875
Ahri,Lux,3,2,0.6666666666666666,0.5625,0.0625,0.1875
Jinx,Taliyah,3,2,0.6666666666666666,0.5625,0.0625,0.1875
Nocturne,Senna,3,2,0.6666666666666666,0.5625,0.0625,0.1875
Kog'Maw,Neeko,3,2,0.6666666666666666,0.5625,0.0625,0.1875
Aurora,Blitzcrank,3,2,0.6666666666666666,0.5625,0.0625,0.1875
Alistar,Kennen,3,2,0.6666666666666666,0.5625,0.0625,0.1875
Lucian,Milio,252,126,0.5,0.5,0.0,0.0
Seraphine,Xin Zhao,76,38,0.5,0.5,0.0,0.0
Jarvan IV,Ryze,60,30,0.5,0.5,0.0,0.0
Ezreal,Rumble,56,28,0.5,0.5,0.0,0.0
Jarvan IV,Sion,52,26,0.5,0.5,0.0,0.0
Milio,Xin Zhao,50,25,0.5,0.5,0.0,0.0
Aurora,Xin Zhao,38,19,0.5,0.5,0.0,0.0
Jhin,Rumble,38,19,0.5,0.5,0.0,0.0
Neeko,Nocturne,38,19,0.5,0.5,0.0,0.0
Ryze,Sion,38,19,0.5,0.5,0.0,0.0
K'Sante,Seraphine,36,18,0.5,0.5,0.0,0.0
Ezreal,Nocturne,36,18,0.5,0.5,0.0,0.0
Ezreal,Naafiri,34,17,0.5,0.5,0.0,0.0
Ezreal,Seraphine,34,17,0.5,0.5,0.0,0.0
Jhin,Pantheon,34,17,0.5,0.5,0.0,0.0
Kai'Sa,Neeko,32,16,0.5,0.5,0.0,0.0
Ashe,K'Sante,32,16,0.5,0.5,0.0,0.0
Renekton,Seraphine,30,15,0.5,0.5,0.0,0.0
Seraphine,Vi,30,15,0.5,0.5,0.0,0.0
Ambessa,Ezreal,28,14,0.5,0.5,0.0,0.0
Ryze,Varus,28,14,0.5,0.5,0.0,0.0
Annie,Lucian,28,14,0.5,0.5,0.0,0.0
Naafiri,Orianna,28,14,0.5,0.5,0.0,0.0
Neeko,Ryze,26,13,0.5,0.5,0.0,0.0
Corki,Pantheon,24,12,0.5,0.5,0.0,0.0
Corki,Ryze,24,12,0.5,0.5,0.0,0.0
Ahri,Ashe,24,12,0.5,0.5,0.0,0.0
Aurora,Yunara,24,12,0.5,0.5,0.0,0.0
Gnar,Jhin,24,12,0.5,0.5,0.0,0.0
Ahri,Seraphine,22,11,0.5,0.5,0.0,0.0
Gnar,Lucian,22,11,0.5,0.5,0.0,0.0
Jayce,Karma,22,11,0.5,0.5,0.0,0.0
Ahri,Nami,20,10,0.5,0.5,0.0,0.0
Pantheon,Yunara,20,10,0.5,0.5,0.0,0.0
Lulu,Rumble,20,10,0.5,0.5,0.0,0.0
Jayce,Yunara,20,10,0.5,0.5,0.0,0.0
Akali,Caitlyn,20,10,0.5,0.5,0.0,0.0
Lulu,Pantheon,20,10,0.5,0.5,0.0,0.0
Kai'Sa,Orianna,18,9,0.5,0.5,0.0,0.0
Caitlyn,Nocturne,18,9,0.5,0.5,0.0,0.0
Cassiopeia,Corki,18,9,0.5,0.5,0.0,0.0
Ornn,Pantheon,18,9,0.5,0.5,0.0,0.0
Renekton,Viktor,18,9,0.5,0.5,0.0,0.0
Seraphine,Skarner,18,9,0.5,0.5,0.0,0.0
Ashe,Vi,18,9,0.5,0.5,0.0,0.0
Azir,Karma,18,9,0.5,0.5,0.0,0.0
Akali,Milio,16,8,0.5,0.5,0.0,0.0
Orianna,Seraphine,16,8,0.5,0.5,0.0,0.0
Rumble,Sivir,16,8,0.5,0.5,0.0,0.0
Akali,Nami,16,8,0.5,0.5,0.0,0.0
Ornn,Viktor,16,8,0.5,0.5,0.0,0.0
Ezreal,LeBlanc,14,7,0.5,0.5,0.0,0.0
Milio,Orianna,14,7,0.5,0.5,0.0,0.0
Yorick,Yunara,14,7,0.5,0.5,0.0,0.0
Xin Zhao,Zaahen,14,7,0.5,0.5,0.0,0.0
K'Sante,Rell,14,7,0.5,0.5,0.0,0.0
Ashe,Jayce,14,7,0.5,0.5,0.0,0.0
Sion,Syndra,14,7,0.5,0.5,0.0,0.0
Aurora,Zaahen,14,7,0.5,0.5,0.0,0.0
Jayce,Viktor,14,7,0.5,0.5,0.0,0.0
Galio,Seraphine,14,7,0.5,0.5,0.0,0.0
Aatrox,Yunara,12,6,0.5,0.5,0.0,0.0
Rakan,Xin Zhao,12,6,0.5,0.5,0.0,0.0
Cassiopeia,Yorick,12,6,0.5,0.5,0.0,0.0
Jhin,Twisted Fate,12,6,0.5,0.5,0.0,0.0
Lulu,Twisted Fate,12,6,0.5,0.5,0.0,0.0
Gnar,Varus,12,6,0.5,0.5,0.0,0.0
Cassiopeia,Trundle,12,6,0.5,0.5,0.0,0.0
Alistar,Ryze,12,6,0.5,0.5,0.0,0.0
Gnar,Trundle,12,6,0.5,0.5,0.0,0.0
Ambessa,Wukong,12,6,0.5,0.5,0.0,0.0
Ezreal,Gwen,12,6,0.5,0.5,0.0,0.0
Jayce,Ziggs,12,6,0.5,0.5,0.0,0.0
Aurora,Ornn,12,6,0.5,0.5,0.0,0.0
Milio,Trundle,12,6,0.5,0.5,0.0,0.0
Jayce,Wukong,12,6,0.5,0.5,0.0,0.0
Akali,Yunara,12,6,0.5,0.5,0.0,0.0
Ambessa,Corki,12,6,0.5,0.5,0.0,0.0
Lucian,Yorick,12,6,0.5,0.5,0.0,0.0
Ambessa,Cassiopeia,12,6,0.5,0.5,0.0,0.0
Pantheon,Syndra,10,5,0.5,0.5,0.0,0.0
Nocturne,Ornn,10,5,0.5,0.5,0.0,0.0
Gnar,Syndra,10,5,0.5,0.5,0.0,0.0
Galio,Yunara,10,5,0.5,0.5,0.0,0.0
Nami,Taliyah,10,5,0.5,0.5,0.0,0.0
Pantheon,Sylas,10,5,0.5,0.5,0.0,0.0
Aatrox,Caitlyn,10,5,0.5,0.5,0.0,0.0
Jayce,Leona,10,5,0.5,0.5,0.0,0.0
Jhin,Yorick,10,5,0.5,0.5,0.0,0.0
Seraphine,Syndra,10,5,0.5,0.5,0.0,0.0
Corki,Rell,10,5,0.5,0.5,0.0,0.0
Anivia,Gnar,10,5,0.5,0.5,0.0,0.0
Jarvan IV,Senna,10,5,0.5,0.5,0.0,0.0
Jayce,Senna,10,5,0.5,0.5,0.0,0.0
Anivia,Nautilus,10,5,0.5,0.5,0.0,0.0
Maokai,Yone,10,5,0.5,0.5,0.0,0.0
Miss Fortune,Xin Zhao,10,5,0.5,0.5,0.0,0.0
Mel,Sion,8,4,0.5,0.5,0.0,0.0
Annie,Xayah,8,4,0.5,0.5,0.0,0.0
Jax,Lucian,8,4,0.5,0.5,0.0,0.0
Jax,Xin Zhao,8,4,0.5,0.5,0.0,0.0
Naafiri,Taliyah,8,4,0.5,0.5,0.0,0.0
Annie,Skarner,8,4,0.5,0.5,0.0,0.0
Jarvan IV,Leona,8,4,0.5,0.5,0.0,0.0
Caitlyn,Yorick,8,4,0.5,0.5,0.0,0.0
Neeko,Yorick,8,4,0.5,0.5,0.0,0.0
Karma,Taliyah,8,4,0.5,0.5,0.0,0.0
Ryze,Yorick,8,4,0.5,0.5,0.0,0.0
Azir,K'Sante,8,4,0.5,0.5,0.0,0.0
Karma,Vayne,8,4,0.5,0.5,0.0,0.0
Kalista,Viktor,8,4,0.5,0.5,0.0,0.0
Nocturne,Sylas,8,4,0.5,0.5,0.0,0.0
Jhin,Mel,8,4,0.5,0.5,0.0,0.0
Nami,Yorick,8,4,0.5,0.5,0.0,0.0
Neeko,Vayne,8,4,0.5,0.5,0.0,0.0
Rell,Skarner,8,4,0.5,0.5,0.0,0.0
Miss Fortune,Vi,8,4,0.5,0.5,0.0,0.0
Alistar,Viktor,8,4,0.5,0.5,0.0,0.0
Jhin,Taliyah,8,4,0.5,0.5,0.0,0.0
Aatrox,Vi,8,4,0.5,0.5,0.0,0.0
K'Sante,Poppy,8,4,0.5,0.5,0.0,0.0
LeBlanc,Vi,8,4,0.5,0.5,0.0,0.0
Syndra,Varus,8,4,0.5,0.5,0.0,0.0
LeBlanc,Xayah,8,4,0.5,0.5,0.0,0.0
Kai'Sa,Leona,8,4,0.5,0.5,0.0,0.0
Smolder,Wukong,8,4,0.5,0.5,0.0,0.0
LeBlanc,Lee Sin,8,4,0.5,0.5,0.0,0.0
Nami,Trundle,8,4,0.5,0.5,0.0,0.0
Jax,Lulu,8,4,0.5,0.5,0.0,0.0
Taliyah,Varus,8,4,0.5,0.5,0.0,0.0
Karma,Sylas,8,4,0.5,0.5,0.0,0.0
Jax,Varus,6,3,0.5,0.5,0.0,0.0
LeBlanc,Nautilus,6,3,0.5,0.5,0.0,0.0
Corki,Gwen,6,3,0.5,0.5,0.0,0.0
K'Sante,Rakan,6,3,0.5,0.5,0.0,0.0
Corki,Skarner,6,3,0.5,0.5,0.0,0.0
Hwei,Naafiri,6,3,0.5,0.5,0.0,0.0
Azir,Jayce,6,3,0.5,0.5,0.0,0.0
Ahri,Jax,6,3,0.5,0.5,0.0,0.0
Braum,K'Sante,6,3,0.5,0.5,0.0,0.0
Caitlyn,Milio,6,3,0.5,0.5,0.0,0.0
Alistar,Corki,6,3,0.5,0.5,0.0,0.0
Alistar,Taliyah,6,3,0.5,0.5,0.0,0.0
Gnar,Rakan,6,3,0.5,0.5,0.0,0.0
Hwei,Skarner,6,3,0.5,0.5,0.0,0.0
Nocturne,Zeri,6,3,0.5,0.5,0.0,0.0
Ashe,Shen,6,3,0.5,0.5,0.0,0.0
Akali,Alistar,6,3,0.5,0.5,0.0,0.0
Jayce,Smolder,6,3,0.5,0.5,0.0,0.0
Akali,Miss Fortune,6,3,0.5,0.5,0.0,0.0
Rell,Sivir,6,3,0.5,0.5,0.0,0.0
Gnar,Zoe,6,3,0.5,0.5,0.0,0.0
Aurora,Gwen,6,3,0.5,0.5,0.0,0.0
Sion,Smolder,6,3,0.5,0.5,0.0,0.0
Neeko,Zaahen,6,3,0.5,0.5,0.0,0.0
Renekton,Taliyah,6,3,0.5,0.5,0.0,0.0
Jax,Milio,6,3,0.5,0.5,0.0,0.0
Jax,Vi,6,3,0.5,0.5,0.0,0.0
Hwei,Pantheon,6,3,0.5,0.5,0.0,0.0
Ashe,Karma,6,3,0.5,0.5,0.0,0.0
Jhin,Ornn,6,3,0.5,0.5,0.0,0.0
Gnar,Smolder,6,3,0.5,0.5,0.0,0.0
Senna,Skarner,6,3,0.5,0.5,0.0,0.0
Bard,Hwei,6,3,0.5,0.5,0.0,0.0
Pyke,Varus,6,3,0.5,0.5,0.0,0.0
Corki,Twisted Fate,6,3,0.5,0.5,0.0,0.0
Nami,Twisted Fate,6,3,0.5,0.5,0.0,0.0
Aatrox,K'Sante,6,3,0.5,0.5,0.0,0.0
Ahri,Miss Fortune,6,3,0.5,0.5,0.0,0.0
Aatrox,Renekton,6,3,0.5,0.5,0.0,0.0
Seraphine,Trundle,6,3,0.5,0.5,0.0,0.0
Alistar,Miss Fortune,6,3,0.5,0.5,0.0,0.0
Aatrox,Alistar,6,3,0.5,0.5,0.0,0.0
Alistar,Smolder,6,3,0.5,0.5,0.0,0.0
Aphelios,Twisted Fate,6,3,0.5,0.5,0.0,0.0
Rakan,Skarner,6,3,0.5,0.5,0.0,0.0
Lee Sin,Pyke,6,3,0.5,0.5,0.0,0.0
Azir,Dr. Mundo,6,3,0.5,0.5,0.0,0.0
Gwen,Ryze,6,3,0.5,0.5,0.0,0.0
Galio,Gnar,6,3,0.5,0.5,0.0,0.0
Ezreal,Shen,6,3,0.5,0.5,0.0,0.0
Lee Sin,Vayne,6,3,0.5,0.5,0.0,0.0
Jarvan IV,Shen,6,3,0.5,0.5,0.0,0.0
Lulu,Ornn,6,3,0.5,0.5,0.0,0.0
Caitlyn,Taliyah,6,3,0.5,0.5,0.0,0.0
Ahri,Trundle,6,3,0.5,0.5,0.0,0.0
Poppy,Smolder,6,3,0.5,0.5,0.0,0.0
Aurora,Jax,6,3,0.5,0.5,0.0,0.0
Anivia,Yone,6,3,0.5,0.5,0.0,0.0
Braum,Skarner,6,3,0.5,0.5,0.0,0.0
Sion,Yuumi,6,3,0.5,0.5,0.0,0.0
Sivir,Zaahen,6,3,0.5,0.5,0.0,0.0
Braum,Seraphine,6,3,0.5,0.5,0.0,0.0
Milio,Sylas,6,3,0.5,0.5,0.0,0.0
Nautilus,Shyvana,6,3,0.5,0.5,0.0,0.0
Galio,Ryze,6,3,0.5,0.5,0.0,0.0
Kai'Sa,Thresh,4,2,0.5,0.5,0.0,0.0
Bard,Sylas,4,2,0.5,0.5,0.0,0.0
Braum,Ornn,4,2,0.5,0.5,0.0,0.0
Naafiri,Pyke,4,2,0.5,0.5,0.0,0.0
Blitzcrank,Jhin,4,2,0.5,0.5,0.0,0.0
Lissandra,Neeko,4,2,0.5,0.5,0.0,0.0
Xin Zhao,Yuumi,4,2,0.5,0.5,0.0,0.0
Hwei,Kai'Sa,4,2,0.5,0.5,0.0,0.0
Hwei,Rell,4,2,0.5,0.5,0.0,0.0
Neeko,Ornn,4,2,0.5,0.5,0.0,0.0
Alistar,LeBlanc,4,2,0.5,0.5,0.0,0.0
Ornn,Yone,4,2,0.5,0.5,0.0,0.0
K'Sante,Maokai,4,2,0.5,0.5,0.0,0.0
Aphelios,Rumble,4,2,0.5,0.5,0.0,0.0
Bard,Yone,4,2,0.5,0.5,0.0,0.0
Kennen,Nautilus,4,2,0.5,0.5,0.0,0.0
Aatrox,Ambessa,4,2,0.5,0.5,0.0,0.0
Jarvan IV,Yone,4,2,0.5,0.5,0.0,0.0
Ezreal,Gragas,4,2,0.5,0.5,0.0,0.0
Rumble,Shen,4,2,0.5,0.5,0.0,0.0
Rell,Yone,4,2,0.5,0.5,0.0,0.0
Lee Sin,Syndra,4,2,0.5,0.5,0.0,0.0
Shyvana,Xin Zhao,4,2,0.5,0.5,0.0,0.0
Dr. Mundo,Gnar,4,2,0.5,0.5,0.0,0.0
Karma,Rek'Sai,4,2,0.5,0.5,0.0,0.0
Hwei,Lee Sin,4,2,0.5,0.5,0.0,0.0
Trundle,Yorick,4,2,0.5,0.5,0.0,0.0
Leona,Miss Fortune,4,2,0.5,0.5,0.0,0.0
Nocturne,Zaahen,4,2,0.5,0.5,0.0,0.0
Aphelios,Sion,4,2,0.5,0.5,0.0,0.0
Kayle,Nautilus,4,2,0.5,0.5,0.0,0.0
Akali,Malphite,4,2,0.5,0.5,0.0,0.0
LeBlanc,Ornn,4,2,0.5,0.5,0.0,0.0
Gwen,Rell,4,2,0.5,0.5,0.0,0.0
Aphelios,Ryze,4,2,0.5,0.5,0.0,0.0
Skarner,Smolder,4,2,0.5,0.5,0.0,0.0
Rakan,Zyra,4,2,0.5,0.5,0.0,0.0
Bard,Yunara,4,2,0.5,0.5,0.0,0.0
Ezreal,Malphite,4,2,0.5,0.5,0.0,0.0
Aatrox,Skarner,4,2,0.5,0.5,0.0,0.0
Anivia,Rek'Sai,4,2,0.5,0.5,0.0,0.0
Syndra,Zaahen,4,2,0.5,0.5,0.0,0.0
Skarner,Xayah,4,2,0.5,0.5,0.0,0.0
Milio,Sejuani,4,2,0.5,0.5,0.0,0.0
Poppy,Ryze,4,2,0.5,0.5,0.0,0.0
Aurora,Trundle,4,2,0.5,0.5,0.0,0.0
Azir,Xayah,4,2,0.5,0.5,0.0,0.0
Akali,Anivia,4,2,0.5,0.5,0.0,0.0
Cassiopeia,Poppy,4,2,0.5,0.5,0.0,0.0
Qiyana,Sion,4,2,0.5,0.5,0.0,0.0
Kalista,Sion,4,2,0.5,0.5,0.0,0.0
Anivia,Senna,4,2,0.5,0.5,0.0,0.0
Aatrox,Lissandra,4,2,0.5,0.5,0.0,0.0
Vayne,Vi,4,2,0.5,0.5,0.0,0.0
Renekton,Sivir,4,2,0.5,0.5,0.0,0.0
Elise,Viktor,4,2,0.5,0.5,0.0,0.0
Annie,Olaf,4,2,0.5,0.5,0.0,0.0
Senna,Shyvana,4,2,0.5,0.5,0.0,0.0
Aatrox,Thresh,4,2,0.5,0.5,0.0,0.0
Leona,Skarner,4,2,0.5,0.5,0.0,0.0
Yone,Zyra,4,2,0.5,0.5,0.0,0.0
Skarner,Yone,4,2,0.5,0.5,0.0,0.0
Caitlyn,Rek'Sai,4,2,0.5,0.5,0.0,0.0
Cassiopeia,Gwen,4,2,0.5,0.5,0.0,0.0
Ashe,Gragas,4,2,0.5,0.5,0.0,0.0
Anivia,Sylas,4,2,0.5,0.5,0.0,0.0
Ashe,Varus,4,2,0.5,0.5,0.0,0.0
Braum,Caitlyn,4,2,0.5,0.5,0.0,0.0
Sylas,Xayah,4,2,0.5,0.5,0.0,0.0
Shyvana,Yunara,4,2,0.5,0.5,0.0,0.0
Pantheon,Xayah,4,2,0.5,0.5,0.0,0.0
Corki,Gragas,4,2,0.5,0.5,0.0,0.0
Anivia,Poppy,4,2,0.5,0.5,0.0,0.0
Nocturne,Olaf,4,2,0.5,0.5,0.0,0.0
Skarner,Xin Zhao,4,2,0.5,0.5,0.0,0.0
Olaf,Shen,4,2,0.5,0.5,0.0,0.0
Jayce,Yone,4,2,0.5,0.5,0.0,0.0
Bard,Kha'Zix,4,2,0.5,0.5,0.0,0.0
Maokai,Yunara,4,2,0.5,0.5,0.0,0.0
Ornn,Skarner,4,2,0.5,0.5,0.0,0.0
Galio,Skarner,4,2,0.5,0.5,0.0,0.0
Malphite,Rell,4,2,0.5,0.5,0.0,0.0
Jinx,K'Sante,4,2,0.5,0.5,0.0,0.0
Shen,Xin Zhao,4,2,0.5,0.5,0.0,0.0
Jax,Naafiri,4,2,0.5,0.5,0.0,0.0
Rell,Senna,4,2,0.5,0.5,0.0,0.0
Senna,Syndra,4,2,0.5,0.5,0.0,0.0
Karma,Sejuani,4,2,0.5,0.5,0.0,0.0
Kalista,Neeko,4,2,0.5,0.5,0.0,0.0
Cassiopeia,Maokai,4,2,0.5,0.5,0.0,0.0
Malphite,Ryze,4,2,0.5,0.5,0.0,0.0
Milio,Poppy,4,2,0.5,0.5,0.0,0.0
Jinx,Trundle,4,2,0.5,0.5,0.0,0.0
Cho'Gath,Nautilus,4,2,0.5,0.5,0.0,0.0
Rell,Yasuo,4,2,0.5,0.5,0.0,0.0
Caitlyn,Malphite,4,2,0.5,0.5,0.0,0.0
Jayce,Zyra,4,2,0.5,0.5,0.0,0.0
Mel,Zeri,4,2,0.5,0.5,0.0,0.0
Orianna,Rek'Sai,4,2,0.5,0.5,0.0,0.0
Senna,Sion,4,2,0.5,0.5,0.0,0.0
Malphite,Sylas,4,2,0.5,0.5,0.0,0.0
Senna,Yone,4,2,0.5,0.5,0.0,0.0
Ashe,Bard,4,2,0.5,0.5,0.0,0.0
Irelia,Ryze,2,1,0.5,0.5,0.0,0.0
Rakan,Zoe,2,1,0.5,0.5,0.0,0.0
Braum,Nocturne,2,1,0.5,0.5,0.0,0.0
Blitzcrank,Twisted Fate,2,1,0.5,0.5,0.0,0.0
Blitzcrank,Xin Zhao,2,1,0.5,0.5,0.0,0.0
Olaf,Rell,2,1,0.5,0.5,0.0,0.0
Irelia,Kog'Maw,2,1,0.5,0.5,0.0,0.0
Kog'Maw,Ryze,2,1,0.5,0.5,0.0,0.0
Draven,Thresh,2,1,0.5,0.5,0.0,0.0
Draven,Vi,2,1,0.5,0.5,0.0,0.0
LeBlanc,Tristana,2,1,0.5,0.5,0.0,0.0
Jarvan IV,Zoe,2,1,0.5,0.5,0.0,0.0
Lulu,Zoe,2,1,0.5,0.5,0.0,0.0
Sion,Zoe,2,1,0.5,0.5,0.0,0.0
Sejuani,Thresh,2,1,0.5,0.5,0.0,0.0
Thresh,Varus,2,1,0.5,0.5,0.0,0.0
Xayah,Yorick,2,1,0.5,0.5,0.0,0.0
Aurora,Lux,2,1,0.5,0.5,0.0,0.0
Aurora,Zeri,2,1,0.5,0.5,0.0,0.0
Vi,Zoe,2,1,0.5,0.5,0.0,0.0
Camille,Nami,2,1,0.5,0.5,0.0,0.0
Camille,Nocturne,2,1,0.5,0.5,0.0,0.0
Seraphine,Zac,2,1,0.5,0.5,0.0,0.0
Jhin,Qiyana,2,1,0.5,0.5,0.0,0.0
Qiyana,Ryze,2,1,0.5,0.5,0.0,0.0
Braum,Yone,2,1,0.5,0.5,0.0,0.0
Dr. Mundo,Orianna,2,1,0.5,0.5,0.0,0.0
Gragas,Nocturne,2,1,0.5,0.5,0.0,0.0
Aurelion Sol,Neeko,2,1,0.5,0.5,0.0,0.0
Dr. Mundo,Milio,2,1,0.5,0.5,0.0,0.0
Ahri,Galio,2,1,0.5,0.5,0.0,0.0
Azir,Camille,2,1,0.5,0.5,0.0,0.0
Mel,Ziggs,2,1,0.5,0.5,0.0,0.0
Nocturne,Ziggs,2,1,0.5,0.5,0.0,0.0
Jarvan IV,Renata Glasc,2,1,0.5,0.5,0.0,0.0
Irelia,Milio,2,1,0.5,0.5,0.0,0.0
Bard,Zeri,2,1,0.5,0.5,0.0,0.0
Ahri,Renata Glasc,2,1,0.5,0.5,0.0,0.0
Sion,Tahm Kench,2,1,0.5,0.5,0.0,0.0
Tahm Kench,Xin Zhao,2,1,0.5,0.5,0.0,0.0
Ashe,Morgana,2,1,0.5,0.5,0.0,0.0
Morgana,Ornn,2,1,0.5,0.5,0.0,0.0
Amumu,Pantheon,2,1,0.5,0.5,0.0,0.0
Kai'Sa,Karma,2,1,0.5,0.5,0.0,0.0
Jax,Kha'Zix,2,1,0.5,0.5,0.0,0.0
Aphelios,Gwen,2,1,0.5,0.5,0.0,0.0
Azir,Gwen,2,1,0.5,0.5,0.0,0.0
Miss Fortune,Vayne,2,1,0.5,0.5,0.0,0.0
Kalista,Poppy,2,1,0.5,0.5,0.0,0.0
Kalista,Vayne,2,1,0.5,0.5,0.0,0.0
Poppy,Renata Glasc,2,1,0.5,0.5,0.0,0.0
Poppy,Vayne,2,1,0.5,0.5,0.0,0.0
Milio,Tristana,2,1,0.5,0.5,0.0,0.0
Dr. Mundo,Rell,2,1,0.5,0.5,0.0,0.0
Syndra,Talon,2,1,0.5,0.5,0.0,0.0
Brand,Ezreal,2,1,0.5,0.5,0.0,0.0
Brand,Yasuo,2,1,0.5,0.5,0.0,0.0
Aphelios,Bard,2,1,0.5,0.5,0.0,0.0
Kalista,Nocturne,2,1,0.5,0.5,0.0,0.0
K'Sante,Rengar,2,1,0.5,0.5,0.0,0.0
Kennen,Leona,2,1,0.5,0.5,0.0,0.0
Jarvan IV,Volibear,2,1,0.5,0.5,0.0,0.0
Lulu,Singed,2,1,0.5,0.5,0.0,0.0
Singed,Yunara,2,1,0.5,0.5,0.0,0.0
Karma,Swain,2,1,0.5,0.5,0.0,0.0
Maokai,Zed,2,1,0.5,0.5,0.0,0.0
Gwen,Rakan,2,1,0.5,0.5,0.0,0.0
Jax,Pyke,2,1,0.5,0.5,0.0,0.0
Pyke,Yone,2,1,0.5,0.5,0.0,0.0
Draven,Viktor,2,1,0.5,0.5,0.0,0.0
Draven,Xin Zhao,2,1,0.5,0.5,0.0,0.0
Senna,Zaahen,2,1,0.5,0.5,0.0,0.0
Kha'Zix,Sion,2,1,0.5,0.5,0.0,0.0
Neeko,Xayah,2,1,0.5,0.5,0.0,0.0
Elise,Gnar,2,1,0.5,0.5,0.0,0.0
Elise,Pantheon,2,1,0.5,0.5,0.0,0.0
K'Sante,Rek'Sai,2,1,0.5,0.5,0.0,0.0
Anivia,Tristana,2,1,0.5,0.5,0.0,0.0
Karma,Malphite,2,1,0.5,0.5,0.0,0.0
Jarvan IV,Samira,2,1,0.5,0.5,0.0,0.0
Gwen,Kai'Sa,2,1,0.5,0.5,0.0,0.0
Akali,Braum,2,1,0.5,0.5,0.0,0.0
Aurelion Sol,Pantheon,2,1,0.5,0.5,0.0,0.0
Cho'Gath,Mel,2,1,0.5,0.5,0.0,0.0
Lee Sin,Yasuo,2,1,0.5,0.5,0.0,0.0
Malphite,Skarner,2,1,0.5,0.5,0.0,0.0
Draven,Wukong,2,1,0.5,0.5,0.0,0.0
Dr. Mundo,Jax,2,1,0.5,0.5,0.0,0.0
Cho'Gath,Ezreal,2,1,0.5,0.5,0.0,0.0
Cho'Gath,Nami,2,1,0.5,0.5,0.0,0.0
Kalista,Ornn,2,1,0.5,0.5,0.0,0.0
Cho'Gath,Sivir,2,1,0.5,0.5,0.0,0.0
Cho'Gath,Yunara,2,1,0.5,0.5,0.0,0.0
Dr. Mundo,Naafiri,2,1,0.5,0.5,0.0,0.0
Naafiri,Xerath,2,1,0.5,0.5,0.0,0.0
Azir,Yasuo,2,1,0.5,0.5,0.0,0.0
Maokai,Pantheon,2,1,0.5,0.5,0.0,0.0
Annie,Kennen,2,1,0.5,0.5,0.0,0.0
Kennen,Milio,2,1,0.5,0.5,0.0,0.0
Leona,Renekton,2,1,0.5,0.5,0.0,0.0
Renekton,Sion,2,1,0.5,0.5,0.0,0.0
Aphelios,Nocturne,2,1,0.5,0.5,0.0,0.0
Leona,Zoe,2,1,0.5,0.5,0.0,0.0
Olaf,Ornn,2,1,0.5,0.5,0.0,0.0
Nidalee,Yunara,2,1,0.5,0.5,0.0,0.0
Ambessa,Blitzcrank,2,1,0.5,0.5,0.0,0.0
Qiyana,Zoe,2,1,0.5,0.5,0.0,0.0
Gnar,Yone,2,1,0.5,0.5,0.0,0.0
Mel,Yone,2,1,0.5,0.5,0.0,0.0
Lux,Viktor,2,1,0.5,0.5,0.0,0.0
Poppy,Yunara,2,1,0.5,0.5,0.0,0.0
Trundle,Zaahen,2,1,0.5,0.5,0.0,0.0
Brand,K'Sante,2,1,0.5,0.5,0.0,0.0
Sion,Ziggs,2,1,0.5,0.5,0.0,0.0
Anivia,Leona,2,1,0.5,0.5,0.0,0.0
Kalista,Leona,2,1,0.5,0.5,0.0,0.0
Ashe,Graves,2,1,0.5,0.5,0.0,0.0
Graves,Rakan,2,1,0.5,0.5,0.0,0.0
Anivia,Fiora,2,1,0.5,0.5,0.0,0.0
Karma,Kayn,2,1,0.5,0.5,0.0,0.0
Cassiopeia,Kalista,2,1,0.5,0.5,0.0,0.0
Anivia,Taliyah,2,1,0.5,0.5,0.0,0.0
Ashe,Qiyana,2,1,0.5,0.5,0.0,0.0
Naafiri,Smolder,2,1,0.5,0.5,0.0,0.0
Irelia,LeBlanc,2,1,0.5,0.5,0.0,0.0
Jinx,Sion,2,1,0.5,0.5,0.0,0.0
Aphelios,Skarner,2,1,0.5,0.5,0.0,0.0
Smolder,Trundle,2,1,0.5,0.5,0.0,0.0
Morgana,Naafiri,2,1,0.5,0.5,0.0,0.0
Leona,Viktor,2,1,0.5,0.5,0.0,0.0
Gwen,Yone,2,1,0.5,0.5,0.0,0.0
Orianna,Qiyana,2,1,0.5,0.5,0.0,0.0
Dr. Mundo,Pantheon,2,1,0.5,0.5,0.0,0.0
Malphite,Neeko,2,1,0.5,0.5,0.0,0.0
Braum,Kennen,2,1,0.5,0.5,0.0,0.0
Jhin,Kha'Zix,2,1,0.5,0.5,0.0,0.0
Kha'Zix,Nautilus,2,1,0.5,0.5,0.0,0.0
Kha'Zix,Rumble,2,1,0.5,0.5,0.0,0.0
Alistar,Seraphine,2,1,0.5,0.5,0.0,0.0
Braum,Jinx,2,1,0.5,0.5,0.0,0.0
Akali,Renata Glasc,2,1,0.5,0.5,0.0,0.0
Graves,Neeko,2,1,0.5,0.5,0.0,0.0
Corki,Mel,2,1,0.5,0.5,0.0,0.0
Jax,Senna,2,1,0.5,0.5,0.0,0.0
Annie,Qiyana,2,1,0.5,0.5,0.0,0.0
Ryze,Thresh,2,1,0.5,0.5,0.0,0.0
Gwen,Sion,2,1,0.5,0.5,0.0,0.0
Brand,Leona,2,1,0.5,0.5,0.0,0.0
Brand,Skarner,2,1,0.5,0.5,0.0,0.0
Aphelios,Rakan,2,1,0.5,0.5,0.0,0.0
Camille,Malphite,2,1,0.5,0.5,0.0,0.0
Camille,Skarner,2,1,0.5,0.5,0.0,0.0
Gnar,Zyra,2,1,0.5,0.5,0.0,0.0
Jayce,Xayah,2,1,0.5,0.5,0.0,0.0
Karma,Zeri,2,1,0.5,0.5,0.0,0.0
Darius,Jarvan IV,2,1,0.5,0.5,0.0,0.0
Darius,Orianna,2,1,0.5,0.5,0.0,0.0
Malphite,Rakan,2,1,0.5,0.5,0.0,0.0
Aphelios,Syndra,2,1,0.5,0.5,0.0,0.0
Annie,Renata Glasc,2,1,0.5,0.5,0.0,0.0
K'Sante,Viego,2,1,0.5,0.5,0.0,0.0
Poppy,Sivir,2,1,0.5,0.5,0.0,0.0
Sivir,Viego,2,1,0.5,0.5,0.0,0.0
Brand,Rakan,2,1,0.5,0.5,0.0,0.0
Yone,Zaahen,2,1,0.5,0.5,0.0,0.0
Caitlyn,Leona,2,1,0.5,0.5,0.0,0.0
Darius,Wukong,2,1,0.5,0.5,0.0,0.0
Alistar,Maokai,2,1,0.5,0.5,0.0,0.0
Nocturne,Poppy,2,1,0.5,0.5,0.0,0.0
Pantheon,Zeri,2,1,0.5,0.5,0.0,0.0
Poppy,Renekton,2,1,0.5,0.5,0.0,0.0
Jax,Kai'Sa,2,1,0.5,0.5,0.0,0.0
Elise,Jax,2,1,0.5,0.5,0.0,0.0
Jax,Maokai,2,1,0.5,0.5,0.0,0.0
Aphelios,Olaf,2,1,0.5,0.5,0.0,0.0
Olaf,Twisted Fate,2,1,0.5,0.5,0.0,0.0
Anivia,Hwei,2,1,0.5,0.5,0.0,0.0
Jax,Xayah,2,1,0.5,0.5,0.0,0.0
Rakan,Sejuani,2,1,0.5,0.5,0.0,0.0
Jarvan IV,Jinx,2,1,0.5,0.5,0.0,0.0
Pyke,Xayah,2,1,0.5,0.5,0.0,0.0
Aphelios,Rell,2,1,0.5,0.5,0.0,0.0
Kai'Sa,Yone,2,1,0.5,0.5,0.0,0.0
Azir,Braum,2,1,0.5,0.5,0.0,0.0
Blitzcrank,Shyvana,2,1,0.5,0.5,0.0,0.0
Nautilus,Zyra,2,1,0.5,0.5,0.0,0.0
Varus,Zed,2,1,0.5,0.5,0.0,0.0
Bard,Vladimir,2,1,0.5,0.5,0.0,0.0
Vladimir,Yunara,2,1,0.5,0.5,0.0,0.0
Corki,Olaf,2,1,0.5,0.5,0.0,0.0
Ezreal,Tristana,2,1,0.5,0.5,0.0,0.0
Rumble,Tristana,2,1,0.5,0.5,0.0,0.0
Braum,Trundle,2,1,0.5,0.5,0.0,0.0
Taliyah,Xayah,2,1,0.5,0.5,0.0,0.0
Azir,Olaf,2,1,0.5,0.5,0.0,0.0
Mel,Qiyana,2,1,0.5,0.5,0.0,0.0
Jarvan IV,Mordekaiser,2,1,0.5,0.5,0.0,0.0
Poppy,Rell,2,1,0.5,0.5,0.0,0.0
LeBlanc,Sylas,2,1,0.5,0.5,0.0,0.0
Camille,Pantheon,2,1,0.5,0.5,0.0,0.0
Ornn,Soraka,2,1,0.5,0.5,0.0,0.0
Corki,Nidalee,2,1,0.5,0.5,0.0,0.0
Renata Glasc,Varus,2,1,0.5,0.5,0.0,0.0
Braum,Corki,2,1,0.5,0.5,0.0,0.0
Karma,Senna,2,1,0.5,0.5,0.0,0.0
Shen,Taliyah,2,1,0.5,0.5,0.0,0.0
Elise,Jarvan IV,2,1,0.5,0.5,0.0,0.0
Naafiri,Zoe,2,1,0.5,0.5,0.0,0.0
Annie,Galio,2,1,0.5,0.5,0.0,0.0
Lux,Pantheon,2,1,0.5,0.5,0.0,0.0
Aurora,Lissandra,2,1,0.5,0.5,0.0,0.0
Wukong,Yuumi,2,1,0.5,0.5,0.0,0.0
Lee Sin,Zeri,2,1,0.5,0.5,0.0,0.0
Samira,Taliyah,2,1,0.5,0.5,0.0,0.0
Sylas,Viego,2,1,0.5,0.5,0.0,0.0
Azir,Malphite,2,1,0.5,0.5,0.0,0.0
K'Sante,Kog'Maw,2,1,0.5,0.5,0.0,0.0
Karma,Kog'Maw,2,1,0.5,0.5,0.0,0.0
Syndra,Zeri,2,1,0.5,0.5,0.0,0.0
Sylas,Varus,2,1,0.5,0.5,0.0,0.0
Braum,Hwei,2,1,0.5,0.5,0.0,0.0
Blitzcrank,Wukong,2,1,0.5,0.5,0.0,0.0
Kalista,Varus,2,1,0.5,0.5,0.0,0.0
Anivia,Jinx,2,1,0.5,0.5,0.0,0.0
Kayn,Ryze,2,1,0.5,0.5,0.0,0.0
Ahri,Qiyana,2,1,0.5,0.5,0.0,0.0
Malphite,Qiyana,2,1,0.5,0.5,0.0,0.0
Aphelios,Aurora,2,1,0.5,0.5,0.0,0.0
Maokai,Sivir,2,1,0.5,0.5,0.0,0.0
Smolder,Vayne,2,1,0.5,0.5,0.0,0.0
Dr. Mundo,Xin Zhao,2,1,0.5,0.5,0.0,0.0
Anivia,Kennen,2,1,0.5,0.5,0.0,0.0
Kennen,Pantheon,2,1,0.5,0.5,0.0,0.0
Kennen,Rakan,2,1,0.5,0.5,0.0,0.0
Kai'Sa,Mel,2,1,0.5,0.5,0.0,0.0
Akali,Shyvana,2,1,0.5,0.5,0.0,0.0
Cho'Gath,Yuumi,2,1,0.5,0.5,0.0,0.0
Ezreal,Tryndamere,2,1,0.5,0.5,0.0,0.0
Nautilus,Tryndamere,2,1,0.5,0.5,0.0,0.0
Ryze,Tryndamere,2,1,0.5,0.5,0.0,0.0
Tryndamere,Wukong,2,1,0.5,0.5,0.0,0.0
Karma,Tristana,2,1,0.5,0.5,0.0,0.0
Ezreal,Yuumi,2,1,0.5,0.5,0.0,0.0
Varus,Viego,2,1,0.5,0.5,0.0,0.0
Elise,Jayce,2,1,0.5,0.5,0.0,0.0
Irelia,Zyra,2,1,0.5,0.5,0.0,0.0
Milio,Smolder,2,1,0.5,0.5,0.0,0.0
Seraphine,Tryndamere,2,1,0.5,0.5,0.0,0.0
Rek'Sai,Sion,2,1,0.5,0.5,0.0,0.0
Galio,Kalista,2,1,0.5,0.5,0.0,0.0
Shyvana,Vayne,2,1,0.5,0.5,0.0,0.0
Ahri,Twisted Fate,2,1,0.5,0.5,0.0,0.0
Blitzcrank,Kai'Sa,2,1,0.5,0.5,0.0,0.0
Aurelion Sol,Rumble,2,1,0.5,0.5,0.0,0.0
Aurelion Sol,Seraphine,2,1,0.5,0.5,0.0,0.0
Gragas,Jarvan IV,2,1,0.5,0.5,0.0,0.0
Shyvana,Syndra,2,1,0.5,0.5,0.0,0.0
Naafiri,Poppy,2,1,0.5,0.5,0.0,0.0
Kennen,Lee Sin,2,1,0.5,0.5,0.0,0.0
Vi,Zaahen,2,1,0.5,0.5,0.0,0.0
Renekton,Thresh,2,1,0.5,0.5,0.0,0.0
LeBlanc,Rek'Sai,2,1,0.5,0.5,0.0,0.0
Ahri,Brand,2,1,0.5,0.5,0.0,0.0
Brand,Dr. Mundo,2,1,0.5,0.5,0.0,0.0
Braum,Xerath,2,1,0.5,0.5,0.0,0.0
Malphite,Senna,2,1,0.5,0.5,0.0,0.0
Camille,Kai'Sa,2,1,0.5,0.5,0.0,0.0
Sejuani,Xin Zhao,2,1,0.5,0.5,0.0,0.0
Renekton,Rumble,2,1,0.5,0.5,0.0,0.0
Kalista,Olaf,2,1,0.5,0.5,0.0,0.0
Rek'Sai,Viktor,2,1,0.5,0.5,0.0,0.0
Akali,Zeri,2,1,0.5,0.5,0.0,0.0
Olaf,Yunara,2,1,0.5,0.5,0.0,0.0
Gragas,Trundle,2,1,0.5,0.5,0.0,0.0
Lux,Nautilus,2,1,0.5,0.5,0.0,0.0
Elise,Ezreal,2,1,0.5,0.5,0.0,0.0
K'Sante,Qiyana,2,1,0.5,0.5,0.0,0.0
Poppy,Syndra,2,1,0.5,0.5,0.0,0.0
Gwen,Taliyah,2,1,0.5,0.5,0.0,0.0
Fizz,Sion,2,1,0.5,0.5,0.0,0.0
LeBlanc,Malphite,2,1,0.5,0.5,0.0,0.0
Malphite,Rek'Sai,2,1,0.5,0.5,0.0,0.0
Karthus,Ornn,2,1,0.5,0.5,0.0,0.0
Jinx,Leona,2,1,0.5,0.5,0.0,0.0
Leona,Trundle,2,1,0.5,0.5,0.0,0.0
Pantheon,Yone,2,1,0.5,0.5,0.0,0.0
Draven,Jayce,2,1,0.5,0.5,0.0,0.0
Pyke,Taliyah,2,1,0.5,0.5,0.0,0.0
Mordekaiser,Orianna,2,1,0.5,0.5,0.0,0.0
Miss Fortune,Zaahen,2,1,0.5,0.5,0.0,0.0
Jax,Jayce,2,1,0.5,0.5,0.0,0.0
Caitlyn,Tristana,2,1,0.5,0.5,0.0,0.0
Renekton,Tristana,2,1,0.5,0.5,0.0,0.0
Varus,Yuumi,2,1,0.5,0.5,0.0,0.0
Annie,Poppy,2,1,0.5,0.5,0.0,0.0
Pyke,Twisted Fate,2,1,0.5,0.5,0.0,0.0
Zeri,Zyra,2,1,0.5,0.5,0.0,0.0
Rakan,Smolder,2,1,0.5,0.5,0.0,0.0
Rakan,Vladimir,2,1,0.5,0.5,0.0,0.0
Smolder,Vladimir,2,1,0.5,0.5,0.0,0.0
Seraphine,Xerath,2,1,0.5,0.5,0.0,0.0
Ambessa,Draven,2,1,0.5,0.5,0.0,0.0
Ambessa,Veigar,2,1,0.5,0.5,0.0,0.0
Veigar,Viego,2,1,0.5,0.5,0.0,0.0
Malphite,Mel,2,1,0.5,0.5,0.0,0.0
Olaf,Varus,2,1,0.5,0.5,0.0,0.0
Jax,Smolder,2,1,0.5,0.5,0.0,0.0
Braum,Galio,2,1,0.5,0.5,0.0,0.0
Galio,Kayle,2,1,0.5,0.5,0.0,0.0
Kayle,Skarner,2,1,0.5,0.5,0.0,0.0
Galio,Yuumi,2,1,0.5,0.5,0.0,0.0
Gwen,Malzahar,2,1,0.5,0.5,0.0,0.0
Gwen,Yuumi,2,1,0.5,0.5,0.0,0.0
Trundle,Yuumi,2,1,0.5,0.5,0.0,0.0
Aatrox,Jax,2,1,0.5,0.5,0.0,0.0
Camille,Trundle,2,1,0.5,0.5,0.0,0.0
Jax,Zaahen,2,1,0.5,0.5,0.0,0.0
Rell,Zed,2,1,0.5,0.5,0.0,0.0
Ornn,Renata Glasc,2,1,0.5,0.5,0.0,0.0
Amumu,Sivir,2,1,0.5,0.5,0.0,0.0
Varus,Yasuo,2,1,0.5,0.5,0.0,0.0
Malphite,Vi,2,1,0.5,0.5,0.0,0.0
Maokai,Zeri,2,1,0.5,0.5,0.0,0.0
Seraphine,Tristana,2,1,0.5,0.5,0.0,0.0
Galio,Jinx,2,1,0.5,0.5,0.0,0.0
Malphite,Zeri,2,1,0.5,0.5,0.0,0.0
Ornn,Yuumi,2,1,0.5,0.5,0.0,0.0
Gnar,Kalista,2,1,0.5,0.5,0.0,0.0
Dr. Mundo,Tristana,2,1,0.5,0.5,0.0,0.0
Gragas,Tristana,2,1,0.5,0.5,0.0,0.0
Skarner,Zed,2,1,0.5,0.5,0.0,0.0
Malzahar,Veigar,2,1,0.5,0.5,0.0,0.0
Sion,Vayne,2,1,0.5,0.5,0.0,0.0
Nocturne,Soraka,2,1,0.5,0.5,0.0,0.0
Nasus,Syndra,2,1,0.5,0.5,0.0,0.0
Maokai,Mel,2,1,0.5,0.5,0.0,0.0
Miss Fortune,Ornn,2,1,0.5,0.5,0.0,0.0
Pyke,Vayne,2,1,0.5,0.5,0.0,0.0
Ambessa,Zeri,2,1,0.5,0.5,0.0,0.0
Aurora,Elise,2,1,0.5,0.5,0.0,0.0
Azir,Shen,2,1,0.5,0.5,0.0,0.0
Karma,Kennen,2,1,0.5,0.5,0.0,0.0
Kennen,Kog'Maw,2,1,0.5,0.5,0.0,0.0
Aatrox,Amumu,2,1,0.5,0.5,0.0,0.0
Aatrox,Zeri,2,1,0.5,0.5,0.0,0.0
Malzahar,Maokai,2,1,0.5,0.5,0.0,0.0
Ambessa,Yuumi,2,1,0.5,0.5,0.0,0.0
Ryze,Yuumi,2,1,0.5,0.5,0.0,0.0
Kayn,Syndra,2,1,0.5,0.5,0.0,0.0
Sylas,Twisted Fate,2,1,0.5,0.5,0.0,0.0
Gragas,Ryze,2,1,0.5,0.5,0.0,0.0
Ambessa,Rek'Sai,2,1,0.5,0.5,0.0,0.0
Jax,Neeko,2,1,0.5,0.5,0.0,0.0
Nidalee,Ryze,2,1,0.5,0.5,0.0,0.0
Lux,Xin Zhao,2,1,0.5,0.5,0.0,0.0
Senna,Tahm Kench,2,1,0.5,0.5,0.0,0.0
Irelia,Sylas,2,1,0.5,0.5,0.0,0.0
Corki,Xerath,2,1,0.5,0.5,0.0,0.0
Vi,Xerath,2,1,0.5,0.5,0.0,0.0
Sivir,Yasuo,2,1,0.5,0.5,0.0,0.0
Smolder,Veigar,2,1,0.5,0.5,0.0,0.0
Kayle,Trundle,2,1,0.5,0.5,0.0,0.0
Lissandra,Maokai,2,1,0.5,0.5,0.0,0.0
Cassiopeia,Pyke,2,1,0.5,0.5,0.0,0.0
Irelia,Nautilus,2,1,0.5,0.5,0.0,0.0
Braum,Zeri,2,1,0.5,0.5,0.0,0.0
Amumu,Veigar,2,1,0.5,0.5,0.0,0.0
Miss Fortune,Shen,2,1,0.5,0.5,0.0,0.0
Mordekaiser,Seraphine,2,1,0.5,0.5,0.0,0.0
Skarner,Xerath,2,1,0.5,0.5,0.0,0.0
Caitlyn,Veigar,2,1,0.5,0.5,0.0,0.0
Bard,Kog'Maw,2,1,0.5,0.5,0.0,0.0
Draven,Varus,2,1,0.5,0.5,0.0,0.0
Ezreal,Veigar,2,1,0.5,0.5,0.0,0.0
Akali,Sejuani,2,1,0.5,0.5,0.0,0.0
Ornn,Viego,2,1,0.5,0.5,0.0,0.0
Mel,Zaahen,2,1,0.5,0.5,0.0,0.0
Ahri,Gangplank,2,1,0.5,0.5,0.0,0.0
Blitzcrank,Vayne,2,1,0.5,0.5,0.0,0.0
Lux,Twisted Fate,2,1,0.5,0.5,0.0,0.0
Jinx,Yorick,2,1,0.5,0.5,0.0,0.0
Jayce,Thresh,2,1,0.5,0.5,0.0,0.0
Camille,Rek'Sai,2,1,0.5,0.5,0.0,0.0
Rek'Sai,Twisted Fate,2,1,0.5,0.5,0.0,0.0
Draven,Vayne,2,1,0.5,0.5,0.0,0.0
Thresh,Tristana,2,1,0.5,0.5,0.0,0.0
Aphelios,Jax,2,1,0.5,0.5,0.0,0.0
Bard,Jinx,2,1,0.5,0.5,0.0,0.0
Sion,Veigar,2,1,0.5,0.5,0.0,0.0
Hwei,Maokai,2,1,0.5,0.5,0.0,0.0
Rell,Zeri,2,1,0.5,0.5,0.0,0.0
Senna,Shen,2,1,0.5,0.5,0.0,0.0
K'Sante,Sejuani,2,1,0.5,0.5,0.0,0.0
Galio,Sejuani,2,1,0.5,0.5,0.0,0.0
Jarvan IV,Thresh,2,1,0.5,0.5,0.0,0.0
Ornn,Xerath,2,1,0.5,0.5,0.0,0.0
Galio,Mordekaiser,2,1,0.5,0.5,0.0,0.0
Amumu,Varus,2,1,0.5,0.5,0.0,0.0
Akali,Kog'Maw,2,1,0.5,0.5,0.0,0.0
Kha'Zix,Renekton,2,1,0.5,0.5,0.0,0.0
Galio,Ziggs,2,1,0.5,0.5,0.0,0.0
Dr. Mundo,Shen,2,1,0.5,0.5,0.0,0.0
Hwei,Shen,2,1,0.5,0.5,0.0,0.0
Sivir,Volibear,2,1,0.5,0.5,0.0,0.0
Cho'Gath,Maokai,2,1,0.5,0.5,0.0,0.0
Dr. Mundo,Sivir,2,1,0.5,0.5,0.0,0.0
Lucian,Rek'Sai,2,1,0.5,0.5,0.0,0.0
Milio,Rek'Sai,2,1,0.5,0.5,0.0,0.0
Nocturne,Zoe,2,1,0.5,0.5,0.0,0.0
Aphelios,Mel,2,1,0.5,0.5,0.0,0.0
Lissandra,Twisted Fate,2,1,0.5,0.5,0.0,0.0
Azir,Mel,2,1,0.5,0.5,0.0,0.0
Gangplank,Sivir,2,1,0.5,0.5,0.0,0.0
Aurora,Kennen,2,1,0.5,0.5,0.0,0.0
Tristana,Trundle,2,1,0.5,0.5,0.0,0.0
Bard,Shen,2,1,0.5,0.5,0.0,0.0
Wukong,Yone,2,1,0.5,0.5,0.0,0.0
Jinx,Qiyana,2,1,0.5,0.5,0.0,0.0
Anivia,Hecarim,2,1,0.5,0.5,0.0,0.0
Bard,Jhin,67,33,0.4925373134328358,0.4930555555555556,-0.00694444444444442,0.0
Ezreal,Ryze,65,32,0.49230769230769234,0.4928571428571429,-0.0071428571428571175,0.0
Aurora,Pantheon,43,21,0.4883720930232558,0.4895833333333333,-0.010416666666666685,0.0
Pantheon,Rumble,43,21,0.4883720930232558,0.4895833333333333,-0.010416666666666685,0.0
Ezreal,Nautilus,41,20,0.4878048780487805,0.4891304347826087,-0.010869565217391297,0.0
Bard,Rumble,41,20,0.4878048780487805,0.4891304347826087,-0.010869565217391297,0.0
Jarvan IV,K'Sante,39,19,0.48717948717948717,0.48863636363636365,-0.011363636363636354,0.0
Lee Sin,Nautilus,37,18,0.4864864864864865,0.4880952380952381,-0.011904761904761918,0.0
Corki,Nami,113,55,0.48672566371681414,0.4872881355932203,-0.012711864406779683,0.0
Orianna,Sion,29,14,0.4827586206896552,0.4852941176470588,-0.01470588235294118,0.0
Aurora,Caitlyn,27,13,0.48148148148148145,0.484375,-0.015625,0.0
Cassiopeia,K'Sante,27,13,0.48148148148148145,0.484375,-0.015625,0.0
Ambessa,Jarvan IV,27,13,0.48148148148148145,0.484375,-0.015625,0.0
Aurora,Karma,27,13,0.48148148148148145,0.484375,-0.015625,0.0
Ryze,Wukong,25,12,0.48,0.48333333333333334,-0.016666666666666663,0.0
Aurora,Vi,25,12,0.48,0.48333333333333334,-0.016666666666666663,0.0
Rumble,Xin Zhao,25,12,0.48,0.48333333333333334,-0.016666666666666663,0.0
Ahri,Lucian,23,11,0.4782608695652174,0.48214285714285715,-0.01785714285714285,0.0
Bard,Jayce,23,11,0.4782608695652174,0.48214285714285715,-0.01785714285714285,0.0
Orianna,Rumble,23,11,0.4782608695652174,0.48214285714285715,-0.01785714285714285,0.0
Taliyah,Vi,23,11,0.4782608695652174,0.48214285714285715,-0.01785714285714285,0.0
Lee Sin,Sion,23,11,0.4782608695652174,0.48214285714285715,-0.01785714285714285,0.0
Ahri,Lulu,23,11,0.4782608695652174,0.48214285714285715,-0.01785714285714285,0.0
Ahri,Yunara,23,11,0.4782608695652174,0.48214285714285715,-0.01785714285714285,0.0
Ezreal,Nami,48,23,0.4791666666666667,0.4811320754716981,-0.018867924528301883,0.0
Orianna,Vi,21,10,0.47619047619047616,0.4807692307692308,-0.019230769230769218,0.0
K'Sante,Neeko,21,10,0.47619047619047616,0.4807692307692308,-0.019230769230769218,0.0
Rumble,Skarner,21,10,0.47619047619047616,0.4807692307692308,-0.019230769230769218,0.0
Akali,Gnar,21,10,0.47619047619047616,0.4807692307692308,-0.019230769230769218,0.0
Karma,Vi,21,10,0.47619047619047616,0.4807692307692308,-0.019230769230769218,0.0
Karma,Sivir,44,21,0.4772727272727273,0.47959183673469385,-0.020408163265306145,0.0
Caitlyn,Karma,44,21,0.4772727272727273,0.47959183673469385,-0.020408163265306145,0.0
K'Sante,Sivir,19,9,0.47368421052631576,0.4791666666666667,-0.020833333333333315,0.0
Nocturne,Varus,17,8,0.47058823529411764,0.4772727272727273,-0.022727272727272707,0.0
Alistar,Vi,17,8,0.47058823529411764,0.4772727272727273,-0.022727272727272707,0.0
Aurora,Naafiri,17,8,0.47058823529411764,0.4772727272727273,-0.022727272727272707,0.0
Taliyah,Yunara,17,8,0.47058823529411764,0.4772727272727273,-0.022727272727272707,0.0
Kai'Sa,Rumble,17,8,0.47058823529411764,0.4772727272727273,-0.022727272727272707,0.0
Karma,Syndra,17,8,0.47058823529411764,0.4772727272727273,-0.022727272727272707,0.0
Xin Zhao,Yorick,17,8,0.47058823529411764,0.4772727272727273,-0.022727272727272707,0.0
Lee Sin,Varus,17,8,0.47058823529411764,0.4772727272727273,-0.022727272727272707,0.0
Ezreal,Jayce,36,17,0.4722222222222222,0.47560975609756095,-0.024390243902439046,0.0
Jarvan IV,Nami,36,17,0.4722222222222222,0.47560975609756095,-0.024390243902439046,0.0
Galio,Lee Sin,15,7,0.4666666666666667,0.475,-0.025000000000000022,0.0
Gnar,Naafiri,15,7,0.4666666666666667,0.475,-0.025000000000000022,0.0
Ornn,Ryze,15,7,0.4666666666666667,0.475,-0.025000000000000022,0.0
Ashe,Ornn,15,7,0.4666666666666667,0.475,-0.025000000000000022,0.0
Nami,Orianna,15,7,0.4666666666666667,0.475,-0.025000000000000022,0.0
Lucian,Orianna,15,7,0.4666666666666667,0.475,-0.025000000000000022,0.0
Ahri,Renekton,15,7,0.4666666666666667,0.475,-0.025000000000000022,0.0
Aphelios,Milio,15,7,0.4666666666666667,0.475,-0.025000000000000022,0.0
Lucian,Ornn,15,7,0.4666666666666667,0.475,-0.025000000000000022,0.0
Varus,Wukong,15,7,0.4666666666666667,0.475,-0.025000000000000022,0.0
Rell,Wukong,15,7,0.4666666666666667,0.475,-0.025000000000000022,0.0
Caitlyn,Xin Zhao,34,16,0.47058823529411764,0.47435897435897434,-0.02564102564102566,0.0
Ezreal,Viktor,32,15,0.46875,0.47297297297297297,-0.02702702702702703,0.0
Azir,Seraphine,13,6,0.46153846153846156,0.4722222222222222,-0.02777777777777779,0.0
Rakan,Varus,13,6,0.46153846153846156,0.4722222222222222,-0.02777777777777779,0.0
K'Sante,Varus,13,6,0.46153846153846156,0.4722222222222222,-0.02777777777777779,0.0
Anivia,Yunara,13,6,0.46153846153846156,0.4722222222222222,-0.02777777777777779,0.0
Jhin,Nocturne,13,6,0.46153846153846156,0.4722222222222222,-0.02777777777777779,0.0
Jarvan IV,Miss Fortune,13,6,0.46153846153846156,0.4722222222222222,-0.02777777777777779,0.0
Rakan,Wukong,13,6,0.46153846153846156,0.4722222222222222,-0.02777777777777779,0.0
Gnar,Rell,13,6,0.46153846153846156,0.4722222222222222,-0.02777777777777779,0.0
Ambessa,Taliyah,13,6,0.46153846153846156,0.4722222222222222,-0.02777777777777779,0.0
Caitlyn,Trundle,13,6,0.46153846153846156,0.4722222222222222,-0.02777777777777779,0.0
Milio,Yorick,13,6,0.46153846153846156,0.4722222222222222,-0.02777777777777779,0.0
Lee Sin,Ryze,47,22,0.46808510638297873,0.47115384615384615,-0.028846153846153855,0.0
Aurora,Nautilus,28,13,0.4642857142857143,0.4696969696969697,-0.030303030303030276,0.0
Annie,Milio,28,13,0.4642857142857143,0.4696969696969697,-0.030303030303030276,0.0
Akali,Wukong,28,13,0.4642857142857143,0.4696969696969697,-0.030303030303030276,0.0
Nautilus,Senna,28,13,0.4642857142857143,0.4696969696969697,-0.030303030303030276,0.0
Caitlyn,Orianna,11,5,0.45454545454545453,0.46875,-0.03125,0.0
Aatrox,Jhin,11,5,0.45454545454545453,0.46875,-0.03125,0.0
Vi,Xayah,11,5,0.45454545454545453,0.46875,-0.03125,0.0
Ahri,Sivir,11,5,0.45454545454545453,0.46875,-0.03125,0.0
Ashe,Azir,11,5,0.45454545454545453,0.46875,-0.03125,0.0
Ornn,Varus,11,5,0.45454545454545453,0.46875,-0.03125,0.0
Jarvan IV,Xayah,11,5,0.45454545454545453,0.46875,-0.03125,0.0
Orianna,Sivir,11,5,0.45454545454545453,0.46875,-0.03125,0.0
Naafiri,Twisted Fate,11,5,0.45454545454545453,0.46875,-0.03125,0.0
Akali,Ambessa,11,5,0.45454545454545453,0.46875,-0.03125,0.0
Nautilus,Olaf,11,5,0.45454545454545453,0.46875,-0.03125,0.0
Anivia,Naafiri,11,5,0.45454545454545453,0.46875,-0.03125,0.0
Ahri,Kai'Sa,11,5,0.45454545454545453,0.46875,-0.03125,0.0
Gwen,Lulu,11,5,0.45454545454545453,0.46875,-0.03125,0.0
Olaf,Seraphine,11,5,0.45454545454545453,0.46875,-0.03125,0.0
Akali,Renekton,11,5,0.45454545454545453,0.46875,-0.03125,0.0
Aurora,Varus,11,5,0.45454545454545453,0.46875,-0.03125,0.0
Rumble,Senna,11,5,0.45454545454545453,0.46875,-0.03125,0.0
Pantheon,Taliyah,26,12,0.46153846153846156,0.46774193548387094,-0.03225806451612906,0.0
Ezreal,Wukong,41,19,0.4634146341463415,0.4673913043478261,-0.03260869565217389,0.0
Ezreal,Orianna,41,19,0.4634146341463415,0.4673913043478261,-0.03260869565217389,0.0
Lucian,Vi,24,11,0.4583333333333333,0.46551724137931033,-0.03448275862068967,0.0
Corki,Jarvan IV,24,11,0.4583333333333333,0.46551724137931033,-0.03448275862068967,0.0
Orianna,Renekton,24,11,0.4583333333333333,0.46551724137931033,-0.03448275862068967,0.0
Corki,Vi,24,11,0.4583333333333333,0.46551724137931033,-0.03448275862068967,0.0
Varus,Viktor,24,11,0.4583333333333333,0.46551724137931033,-0.03448275862068967,0.0
K'Sante,Lee Sin,24,11,0.4583333333333333,0.46551724137931033,-0.03448275862068967,0.0
Gnar,Sivir,9,4,0.4444444444444444,0.4642857142857143,-0.0357142857142857,0.0
Alistar,Kai'Sa,9,4,0.4444444444444444,0.4642857142857143,-0.0357142857142857,0.0
Lee Sin,Yorick,9,4,0.4444444444444444,0.4642857142857143,-0.0357142857142857,0.0
Milio,Olaf,9,4,0.4444444444444444,0.4642857142857143,-0.0357142857142857,0.0
Nocturne,Yuumi,9,4,0.4444444444444444,0.4642857142857143,-0.0357142857142857,0.0
Corki,Orianna,9,4,0.4444444444444444,0.4642857142857143,-0.0357142857142857,0.0
Ahri,Lee Sin,9,4,0.4444444444444444,0.4642857142857143,-0.0357142857142857,0.0
Nautilus,Syndra,9,4,0.4444444444444444,0.4642857142857143,-0.0357142857142857,0.0
Azir,Lucian,9,4,0.4444444444444444,0.4642857142857143,-0.0357142857142857,0.0
Nautilus,Sylas,9,4,0.4444444444444444,0.4642857142857143,-0.0357142857142857,0.0
Jayce,Naafiri,9,4,0.4444444444444444,0.4642857142857143,-0.0357142857142857,0.0
Cassiopeia,Renekton,9,4,0.4444444444444444,0.4642857142857143,-0.0357142857142857,0.0
Annie,Zaahen,9,4,0.4444444444444444,0.4642857142857143,-0.0357142857142857,0.0
Lulu,Zeri,9,4,0.4444444444444444,0.4642857142857143,-0.0357142857142857,0.0
Akali,Rakan,9,4,0.4444444444444444,0.4642857142857143,-0.0357142857142857,0.0
Lulu,Syndra,9,4,0.4444444444444444,0.4642857142857143,-0.0357142857142857,0.0
Skarner,Yorick,9,4,0.4444444444444444,0.4642857142857143,-0.0357142857142857,0.0
Trundle,Twisted Fate,9,4,0.4444444444444444,0.4642857142857143,-0.0357142857142857,0.0
Cassiopeia,Leona,9,4,0.4444444444444444,0.4642857142857143,-0.0357142857142857,0.0
Viktor,Yunara,22,10,0.45454545454545453,0.46296296296296297,-0.037037037037037035,0.0
Cassiopeia,Jayce,22,10,0.45454545454545453,0.46296296296296297,-0.037037037037037035,0.0
Nami,Pantheon,35,16,0.45714285714285713,0.4625,-0.03749999999999998,0.0
Ezreal,Pantheon,61,28,0.45901639344262296,0.4621212121212121,-0.0378787878787879,0.0
Rumble,Wukong,33,15,0.45454545454545453,0.4605263157894737,-0.03947368421052633,0.0
Ezreal,Neeko,70,32,0.45714285714285713,0.46,-0.03999999999999998,0.0
Annie,Neeko,20,9,0.45,0.46,-0.03999999999999998,0.0
Aurora,Nocturne,20,9,0.45,0.46,-0.03999999999999998,0.0
Lulu,Viktor,20,9,0.45,0.46,-0.03999999999999998,0.0
Sivir,Xin Zhao,20,9,0.45,0.46,-0.03999999999999998,0.0
Ashe,Skarner,20,9,0.45,0.46,-0.03999999999999998,0.0
Azir,Sion,20,9,0.45,0.46,-0.03999999999999998,0.0
Ryze,Xin Zhao,55,25,0.45454545454545453,0.4583333333333333,-0.041666666666666685,0.0
Ezreal,Renekton,31,14,0.45161290322580644,0.4583333333333333,-0.041666666666666685,0.0
Nami,Xin Zhao,31,14,0.45161290322580644,0.4583333333333333,-0.041666666666666685,0.0
Mel,Yunara,7,3,0.42857142857142855,0.4583333333333333,-0.041666666666666685,0.0
Cassiopeia,Vayne,7,3,0.42857142857142855,0.4583333333333333,-0.041666666666666685,0.0
Corki,Yorick,7,3,0.42857142857142855,0.4583333333333333,-0.041666666666666685,0.0
Tristana,Xin Zhao,7,3,0.42857142857142855,0.4583333333333333,-0.041666666666666685,0.0
Gragas,Varus,7,3,0.42857142857142855,0.4583333333333333,-0.041666666666666685,0.0
Rumble,Sejuani,7,3,0.42857142857142855,0.4583333333333333,-0.041666666666666685,0.0
Taliyah,Yorick,7,3,0.42857142857142855,0.4583333333333333,-0.041666666666666685,0.0
Braum,Lucian,7,3,0.42857142857142855,0.4583333333333333,-0.041666666666666685,0.0
Nautilus,Smolder,7,3,0.42857142857142855,0.4583333333333333,-0.041666666666666685,0.0
Ashe,Nautilus,7,3,0.42857142857142855,0.4583333333333333,-0.041666666666666685,0.0
K'Sante,Mel,7,3,0.42857142857142855,0.4583333333333333,-0.041666666666666685,0.0
Ezreal,Pyke,7,3,0.42857142857142855,0.4583333333333333,-0.041666666666666685,0.0
Bard,Mel,7,3,0.42857142857142855,0.4583333333333333,-0.041666666666666685,0.0
Ornn,Rakan,7,3,0.42857142857142855,0.4583333333333333,-0.041666666666666685,0.0
Ashe,Rek'Sai,7,3,0.42857142857142855,0.4583333333333333,-0.041666666666666685,0.0
Bard,Gwen,7,3,0.42857142857142855,0.4583333333333333,-0.041666666666666685,0.0
Rakan,Yunara,7,3,0.42857142857142855,0.4583333333333333,-0.041666666666666685,0.0
Rumble,Syndra,7,3,0.42857142857142855,0.4583333333333333,-0.041666666666666685,0.0
Gnar,Hwei,7,3,0.42857142857142855,0.4583333333333333,-0.041666666666666685,0.0
Azir,Nautilus,7,3,0.42857142857142855,0.4583333333333333,-0.041666666666666685,0.0
Smolder,Syndra,7,3,0.42857142857142855,0.4583333333333333,-0.041666666666666685,0.0
Jayce,Rumble,7,3,0.42857142857142855,0.4583333333333333,-0.041666666666666685,0.0
Miss Fortune,Naafiri,7,3,0.42857142857142855,0.4583333333333333,-0.041666666666666685,0.0
Akali,Jax,7,3,0.42857142857142855,0.4583333333333333,-0.041666666666666685,0.0
Gwen,Karma,7,3,0.42857142857142855,0.4583333333333333,-0.041666666666666685,0.0
Azir,Naafiri,7,3,0.42857142857142855,0.4583333333333333,-0.041666666666666685,0.0
Azir,Rell,7,3,0.42857142857142855,0.4583333333333333,-0.041666666666666685,0.0
Rakan,Trundle,7,3,0.42857142857142855,0.4583333333333333,-0.041666666666666685,0.0
Akali,Xayah,7,3,0.42857142857142855,0.4583333333333333,-0.041666666666666685,0.0
Trundle,Viktor,7,3,0.42857142857142855,0.4583333333333333,-0.041666666666666685,0.0
Nautilus,Shen,7,3,0.42857142857142855,0.4583333333333333,-0.041666666666666685,0.0
Naafiri,Sylas,7,3,0.42857142857142855,0.4583333333333333,-0.041666666666666685,0.0
Galio,Nami,7,3,0.42857142857142855,0.4583333333333333,-0.041666666666666685,0.0
Lee Sin,Senna,7,3,0.42857142857142855,0.4583333333333333,-0.041666666666666685,0.0
Ambessa,Jinx,7,3,0.42857142857142855,0.4583333333333333,-0.041666666666666685,0.0
Ezreal,Sion,53,24,0.4528301886792453,0.45689655172413796,-0.043103448275862044,0.0
Bard,Yorick,18,8,0.4444444444444444,0.45652173913043476,-0.043478260869565244,0.0
Akali,Lucian,18,8,0.4444444444444444,0.45652173913043476,-0.043478260869565244,0.0
Annie,Sion,18,8,0.4444444444444444,0.45652173913043476,-0.043478260869565244,0.0
Ezreal,Karma,75,34,0.4533333333333333,0.45625,-0.04375000000000001,0.0
Jayce,Nautilus,29,13,0.4482758620689655,0.45588235294117646,-0.04411764705882354,0.0
Aurora,Lucian,29,13,0.4482758620689655,0.45588235294117646,-0.04411764705882354,0.0
Naafiri,Sion,29,13,0.4482758620689655,0.45588235294117646,-0.04411764705882354,0.0
Caitlyn,Pantheon,27,12,0.4444444444444444,0.453125,-0.046875,0.0
Jarvan IV,Milio,27,12,0.4444444444444444,0.453125,-0.046875,0.0
Cassiopeia,Vi,27,12,0.4444444444444444,0.453125,-0.046875,0.0
Sion,Varus,16,7,0.4375,0.4523809523809524,-0.047619047619047616,0.0
Caitlyn,Nami,16,7,0.4375,0.4523809523809524,-0.047619047619047616,0.0
Galio,Wukong,16,7,0.4375,0.4523809523809524,-0.047619047619047616,0.0
Ezreal,Syndra,16,7,0.4375,0.4523809523809524,-0.047619047619047616,0.0
Naafiri,Viktor,16,7,0.4375,0.4523809523809524,-0.047619047619047616,0.0
Gnar,Xin Zhao,36,16,0.4444444444444444,0.45121951219512196,-0.04878048780487804,0.0
Sion,Yunara,25,11,0.44,0.45,-0.04999999999999999,0.0
Nami,Wukong,25,11,0.44,0.45,-0.04999999999999999,0.0
K'Sante,Nautilus,25,11,0.44,0.45,-0.04999999999999999,0.0
Braum,Cassiopeia,5,2,0.4,0.45,-0.04999999999999999,0.0
Mel,Tristana,5,2,0.4,0.45,-0.04999999999999999,0.0
Irelia,Xin Zhao,5,2,0.4,0.45,-0.04999999999999999,0.0
Ashe,Kennen,5,2,0.4,0.45,-0.04999999999999999,0.0
Kennen,Xin Zhao,5,2,0.4,0.45,-0.04999999999999999,0.0
Hwei,Lulu,5,2,0.4,0.45,-0.04999999999999999,0.0
Alistar,Yunara,5,2,0.4,0.45,-0.04999999999999999,0.0
Rakan,Viktor,5,2,0.4,0.45,-0.04999999999999999,0.0
Lulu,Sejuani,5,2,0.4,0.45,-0.04999999999999999,0.0
Gragas,Pantheon,5,2,0.4,0.45,-0.04999999999999999,0.0
Ambessa,Azir,5,2,0.4,0.45,-0.04999999999999999,0.0
Bard,Qiyana,5,2,0.4,0.45,-0.04999999999999999,0.0
K'Sante,Ziggs,5,2,0.4,0.45,-0.04999999999999999,0.0
Caitlyn,Zoe,5,2,0.4,0.45,-0.04999999999999999,0.0
Alistar,Annie,5,2,0.4,0.45,-0.04999999999999999,0.0
Milio,Vayne,5,2,0.4,0.45,-0.04999999999999999,0.0
Hwei,Sion,5,2,0.4,0.45,-0.04999999999999999,0.0
Braum,Ezreal,5,2,0.4,0.45,-0.04999999999999999,0.0
Caitlyn,Seraphine,5,2,0.4,0.45,-0.04999999999999999,0.0
Jarvan IV,Kalista,5,2,0.4,0.45,-0.04999999999999999,0.0
Ambessa,Mel,5,2,0.4,0.45,-0.04999999999999999,0.0
Galio,Jhin,5,2,0.4,0.45,-0.04999999999999999,0.0
Ezreal,Varus,5,2,0.4,0.45,-0.04999999999999999,0.0
Kalista,Rumble,5,2,0.4,0.45,-0.04999999999999999,0.0
Maokai,Naafiri,5,2,0.4,0.45,-0.04999999999999999,0.0
Ezreal,Fiora,5,2,0.4,0.45,-0.04999999999999999,0.0
Sylas,Yunara,5,2,0.4,0.45,-0.04999999999999999,0.0
Kai'Sa,Zaahen,5,2,0.4,0.45,-0.04999999999999999,0.0
Jayce,Sylas,5,2,0.4,0.45,-0.04999999999999999,0.0
Galio,Kai'Sa,5,2,0.4,0.45,-0.04999999999999999,0.0
Alistar,Renekton,5,2,0.4,0.45,-0.04999999999999999,0.0
Sivir,Syndra,5,2,0.4,0.45,-0.04999999999999999,0.0
Smolder,Zaahen,5,2,0.4,0.45,-0.04999999999999999,0.0
Caitlyn,Hwei,5,2,0.4,0.45,-0.04999999999999999,0.0
Leona,Pantheon,5,2,0.4,0.45,-0.04999999999999999,0.0
Dr. Mundo,Hwei,5,2,0.4,0.45,-0.04999999999999999,0.0
Hwei,Zaahen,5,2,0.4,0.45,-0.04999999999999999,0.0
Skarner,Zeri,5,2,0.4,0.45,-0.04999999999999999,0.0
Taliyah,Zaahen,5,2,0.4,0.45,-0.04999999999999999,0.0
Jax,Trundle,5,2,0.4,0.45,-0.04999999999999999,0.0
Bard,Xayah,5,2,0.4,0.45,-0.04999999999999999,0.0
Renata Glasc,Sion,5,2,0.4,0.45,-0.04999999999999999,0.0
Jayce,Maokai,5,2,0.4,0.45,-0.04999999999999999,0.0
Anivia,Azir,5,2,0.4,0.45,-0.04999999999999999,0.0
Cho'Gath,Xin Zhao,5,2,0.4,0.45,-0.04999999999999999,0.0
Ahri,Camille,5,2,0.4,0.45,-0.04999999999999999,0.0
Jhin,Rek'Sai,5,2,0.4,0.45,-0.04999999999999999,0.0
Rell,Trundle,5,2,0.4,0.45,-0.04999999999999999,0.0
Ahri,Poppy,5,2,0.4,0.45,-0.04999999999999999,0.0
Caitlyn,Sylas,5,2,0.4,0.45,-0.04999999999999999,0.0
Bard,Tristana,5,2,0.4,0.45,-0.04999999999999999,0.0
Leona,Yone,5,2,0.4,0.45,-0.04999999999999999,0.0
Maokai,Renekton,5,2,0.4,0.45,-0.04999999999999999,0.0
Rakan,Sylas,5,2,0.4,0.45,-0.04999999999999999,0.0
Aatrox,Twisted Fate,5,2,0.4,0.45,-0.04999999999999999,0.0
Olaf,Xin Zhao,5,2,0.4,0.45,-0.04999999999999999,0.0
K'Sante,Zaahen,5,2,0.4,0.45,-0.04999999999999999,0.0
Skarner,Sylas,5,2,0.4,0.45,-0.04999999999999999,0.0
Rumble,Twisted Fate,5,2,0.4,0.45,-0.04999999999999999,0.0
Karma,Miss Fortune,5,2,0.4,0.45,-0.04999999999999999,0.0
Leona,Viego,5,2,0.4,0.45,-0.04999999999999999,0.0
Braum,Lee Sin,5,2,0.4,0.45,-0.04999999999999999,0.0
Ambessa,Senna,5,2,0.4,0.45,-0.04999999999999999,0.0
Alistar,Ziggs,5,2,0.4,0.45,-0.04999999999999999,0.0
Cassiopeia,Smolder,5,2,0.4,0.45,-0.04999999999999999,0.0
Milio,Wukong,34,15,0.4411764705882353,0.44871794871794873,-0.051282051282051266,0.0
Viktor,Xin Zhao,52,23,0.4423076923076923,0.4473684210526316,-0.05263157894736842,0.0
Kai'Sa,Xin Zhao,14,6,0.42857142857142855,0.4473684210526316,-0.05263157894736842,0.0
Gnar,Mel,14,6,0.42857142857142855,0.4473684210526316,-0.05263157894736842,0.0
Annie,Varus,14,6,0.42857142857142855,0.4473684210526316,-0.05263157894736842,0.0
Aatrox,Lulu,14,6,0.42857142857142855,0.4473684210526316,-0.05263157894736842,0.0
Bard,Miss Fortune,14,6,0.42857142857142855,0.4473684210526316,-0.05263157894736842,0.0
Rell,Viktor,14,6,0.42857142857142855,0.4473684210526316,-0.05263157894736842,0.0
Naafiri,Nami,14,6,0.42857142857142855,0.4473684210526316,-0.05263157894736842,0.0
Senna,Seraphine,14,6,0.42857142857142855,0.4473684210526316,-0.05263157894736842,0.0
Akali,Vi,14,6,0.42857142857142855,0.4473684210526316,-0.05263157894736842,0.0
Annie,Lulu,23,10,0.43478260869565216,0.44642857142857145,-0.05357142857142855,0.0
Caitlyn,Skarner,23,10,0.43478260869565216,0.44642857142857145,-0.05357142857142855,0.0
Lee Sin,Lucian,23,10,0.43478260869565216,0.44642857142857145,-0.05357142857142855,0.0
Milio,Naafiri,23,10,0.43478260869565216,0.44642857142857145,-0.05357142857142855,0.0
Orianna,Wukong,23,10,0.43478260869565216,0.44642857142857145,-0.05357142857142855,0.0
Nautilus,Orianna,32,14,0.4375,0.44594594594594594,-0.05405405405405406,0.0
Vi,Yunara,32,14,0.4375,0.44594594594594594,-0.05405405405405406,0.0
Jhin,Karma,57,25,0.43859649122807015,0.4435483870967742,-0.05645161290322581,0.0
Nautilus,Rumble,39,17,0.4358974358974359,0.4431818181818182,-0.05681818181818182,0.0
Ryze,Yunara,30,13,0.43333333333333335,0.44285714285714284,-0.05714285714285716,0.0
Ahri,Sion,30,13,0.43333333333333335,0.44285714285714284,-0.05714285714285716,0.0
Ambessa,Bard,21,9,0.42857142857142855,0.4423076923076923,-0.05769230769230771,0.0
Nautilus,Sion,21,9,0.42857142857142855,0.4423076923076923,-0.05769230769230771,0.0
Ezreal,Ornn,21,9,0.42857142857142855,0.4423076923076923,-0.05769230769230771,0.0
Neeko,Varus,21,9,0.42857142857142855,0.4423076923076923,-0.05769230769230771,0.0
Jarvan IV,Varus,21,9,0.42857142857142855,0.4423076923076923,-0.05769230769230771,0.0
Lee Sin,Rumble,21,9,0.42857142857142855,0.4423076923076923,-0.05769230769230771,0.0
Wukong,Xayah,12,5,0.4166666666666667,0.4411764705882353,-0.05882352941176472,0.0
Ambessa,Varus,12,5,0.4166666666666667,0.4411764705882353,-0.05882352941176472,0.0
Lulu,Trundle,12,5,0.4166666666666667,0.4411764705882353,-0.05882352941176472,0.0
Annie,Miss Fortune,12,5,0.4166666666666667,0.4411764705882353,-0.05882352941176472,0.0
Jhin,Rakan,12,5,0.4166666666666667,0.4411764705882353,-0.05882352941176472,0.0
Nautilus,Twisted Fate,12,5,0.4166666666666667,0.4411764705882353,-0.05882352941176472,0.0
Jarvan IV,LeBlanc,12,5,0.4166666666666667,0.4411764705882353,-0.05882352941176472,0.0
Miss Fortune,Nautilus,44,19,0.4318181818181818,0.4387755102040816,-0.06122448979591838,0.0
K'Sante,Ryze,35,15,0.42857142857142855,0.4375,-0.0625,0.0
Karma,Ryze,35,15,0.42857142857142855,0.4375,-0.0625,0.0
Xin Zhao,Yunara,35,15,0.42857142857142855,0.4375,-0.0625,0.0
Jayce,Lulu,19,8,0.42105263157894735,0.4375,-0.0625,0.0
Jhin,Orianna,19,8,0.42105263157894735,0.4375,-0.0625,0.0
Annie,Jarvan IV,19,8,0.42105263157894735,0.4375,-0.0625,0.0
Gwen,Nami,3,1,0.3333333333333333,0.4375,-0.0625,0.0
Dr. Mundo,Jhin,3,1,0.3333333333333333,0.4375,-0.0625,0.0
LeBlanc,Naafiri,3,1,0.3333333333333333,0.4375,-0.0625,0.0
Irelia,Lucian,3,1,0.3333333333333333,0.4375,-0.0625,0.0
Kai'Sa,Lissandra,3,1,0.3333333333333333,0.4375,-0.0625,0.0
Kog'Maw,Zaahen,3,1,0.3333333333333333,0.4375,-0.0625,0.0
Braum,Orianna,3,1,0.3333333333333333,0.4375,-0.0625,0.0
Mel,Shen,3,1,0.3333333333333333,0.4375,-0.0625,0.0
Aurora,Yuumi,3,1,0.3333333333333333,0.4375,-0.0625,0.0
Camille,Viktor,3,1,0.3333333333333333,0.4375,-0.0625,0.0
Akali,Ornn,3,1,0.3333333333333333,0.4375,-0.0625,0.0
Seraphine,Shen,3,1,0.3333333333333333,0.4375,-0.0625,0.0
Alistar,Caitlyn,3,1,0.3333333333333333,0.4375,-0.0625,0.0
Dr. Mundo,Lucian,3,1,0.3333333333333333,0.4375,-0.0625,0.0
Gwen,Orianna,3,1,0.3333333333333333,0.4375,-0.0625,0.0
Braum,Malphite,3,1,0.3333333333333333,0.4375,-0.0625,0.0
Braum,Miss Fortune,3,1,0.3333333333333333,0.4375,-0.0625,0.0
Jax,Sivir,3,1,0.3333333333333333,0.4375,-0.0625,0.0
Elise,Xin Zhao,3,1,0.3333333333333333,0.4375,-0.0625,0.0
Aatrox,Yorick,3,1,0.3333333333333333,0.4375,-0.0625,0.0
Rek'Sai,Taliyah,3,1,0.3333333333333333,0.4375,-0.0625,0.0
Rek'Sai,Wukong,3,1,0.3333333333333333,0.4375,-0.0625,0.0
Rell,Twisted Fate,3,1,0.3333333333333333,0.4375,-0.0625,0.0
Camille,Lee Sin,3,1,0.3333333333333333,0.4375,-0.0625,0.0
Kalista,Orianna,3,1,0.3333333333333333,0.4375,-0.0625,0.0
Annie,Irelia,3,1,0.3333333333333333,0.4375,-0.0625,0.0
Dr. Mundo,Gwen,3,1,0.3333333333333333,0.4375,-0.0625,0.0
Dr. Mundo,Ornn,3,1,0.3333333333333333,0.4375,-0.0625,0.0
Jarvan IV,Ziggs,3,1,0.3333333333333333,0.4375,-0.0625,0.0
Naafiri,Yuumi,3,1,0.3333333333333333,0.4375,-0.0625,0.0
Yunara,Zed,3,1,0.3333333333333333,0.4375,-0.0625,0.0
Neeko,Volibear,3,1,0.3333333333333333,0.4375,-0.0625,0.0
Azir,Zaahen,3,1,0.3333333333333333,0.4375,-0.0625,0.0
Jinx,Milio,3,1,0.3333333333333333,0.4375,-0.0625,0.0
Karma,Zed,3,1,0.3333333333333333,0.4375,-0.0625,0.0
Naafiri,Zed,3,1,0.3333333333333333,0.4375,-0.0625,0.0
Jhin,Zyra,3,1,0.3333333333333333,0.4375,-0.0625,0.0
Zaahen,Ziggs,3,1,0.3333333333333333,0.4375,-0.0625,0.0
Annie,Rek'Sai,3,1,0.3333333333333333,0.4375,-0.0625,0.0
Hwei,Malphite,3,1,0.3333333333333333,0.4375,-0.0625,0.0
Pantheon,Tristana,3,1,0.3333333333333333,0.4375,-0.0625,0.0
Azir,Twisted Fate,3,1,0.3333333333333333,0.4375,-0.0625,0.0
Braum,Sivir,3,1,0.3333333333333333,0.4375,-0.0625,0.0
Rumble,Zeri,3,1,0.3333333333333333,0.4375,-0.0625,0.0
Alistar,Tristana,3,1,0.3333333333333333,0.4375,-0.0625,0.0
Rell,Yunara,3,1,0.3333333333333333,0.4375,-0.0625,0.0
Aphelios,Dr. Mundo,3,1,0.3333333333333333,0.4375,-0.0625,0.0
Ahri,Braum,3,1,0.3333333333333333,0.4375,-0.0625,0.0
Gwen,Senna,3,1,0.3333333333333333,0.4375,-0.0625,0.0
Ambessa,Viego,3,1,0.3333333333333333,0.4375,-0.0625,0.0
Akali,Yuumi,3,1,0.3333333333333333,0.4375,-0.0625,0.0
Corki,Rakan,3,1,0.3333333333333333,0.4375,-0.0625,0.0
Nocturne,Yone,3,1,0.3333333333333333,0.4375,-0.0625,0.0
Rakan,Yone,3,1,0.3333333333333333,0.4375,-0.0625,0.0
Alistar,Zaahen,3,1,0.3333333333333333,0.4375,-0.0625,0.0
Caitlyn,Qiyana,3,1,0.3333333333333333,0.4375,-0.0625,0.0
Shen,Yunara,3,1,0.3333333333333333,0.4375,-0.0625,0.0
Orianna,Zeri,3,1,0.3333333333333333,0.4375,-0.0625,0.0
Sivir,Yorick,3,1,0.3333333333333333,0.4375,-0.0625,0.0
Zaahen,Zeri,3,1,0.3333333333333333,0.4375,-0.0625,0.0
Neeko,Zoe,3,1,0.3333333333333333,0.4375,-0.0625,0.0
Kennen,Lulu,3,1,0.3333333333333333,0.4375,-0.0625,0.0
Kennen,Ryze,3,1,0.3333333333333333,0.4375,-0.0625,0.0
Brand,Nami,3,1,0.3333333333333333,0.4375,-0.0625,0.0
Maokai,Ziggs,3,1,0.3333333333333333,0.4375,-0.0625,0.0
Rumble,Zed,3,1,0.3333333333333333,0.4375,-0.0625,0.0
Azir,Jax,3,1,0.3333333333333333,0.4375,-0.0625,0.0
Cassiopeia,Qiyana,3,1,0.3333333333333333,0.4375,-0.0625,0.0
Ryze,Yone,3,1,0.3333333333333333,0.4375,-0.0625,0.0
Lissandra,Lucian,3,1,0.3333333333333333,0.4375,-0.0625,0.0
Irelia,Jhin,3,1,0.3333333333333333,0.4375,-0.0625,0.0
Ambessa,Aphelios,3,1,0.3333333333333333,0.4375,-0.0625,0.0
Aphelios,Wukong,3,1,0.3333333333333333,0.4375,-0.0625,0.0
Camille,Ziggs,3,1,0.3333333333333333,0.4375,-0.0625,0.0
Jhin,Varus,3,1,0.3333333333333333,0.4375,-0.0625,0.0
Braum,Syndra,3,1,0.3333333333333333,0.4375,-0.0625,0.0
Twisted Fate,Wukong,3,1,0.3333333333333333,0.4375,-0.0625,0.0
LeBlanc,Shen,3,1,0.3333333333333333,0.4375,-0.0625,0.0
Naafiri,Renata Glasc,3,1,0.3333333333333333,0.4375,-0.0625,0.0
Alistar,Xayah,3,1,0.3333333333333333,0.4375,-0.0625,0.0
Jax,Orianna,3,1,0.3333333333333333,0.4375,-0.0625,0.0
Aurora,Mel,3,1,0.3333333333333333,0.4375,-0.0625,0.0
Cho'Gath,Lucian,3,1,0.3333333333333333,0.4375,-0.0625,0.0
Aurora,Braum,3,1,0.3333333333333333,0.4375,-0.0625,0.0
Smolder,Viktor,3,1,0.3333333333333333,0.4375,-0.0625,0.0
Karma,Olaf,3,1,0.3333333333333333,0.4375,-0.0625,0.0
Brand,Jhin,3,1,0.3333333333333333,0.4375,-0.0625,0.0
Ahri,Viego,3,1,0.3333333333333333,0.4375,-0.0625,0.0
Ambessa,Brand,3,1,0.3333333333333333,0.4375,-0.0625,0.0
Anivia,Qiyana,3,1,0.3333333333333333,0.4375,-0.0625,0.0
Gwen,Zaahen,3,1,0.3333333333333333,0.4375,-0.0625,0.0
Anivia,Annie,3,1,0.3333333333333333,0.4375,-0.0625,0.0
Aurora,Cassiopeia,3,1,0.3333333333333333,0.4375,-0.0625,0.0
Smolder,Yone,3,1,0.3333333333333333,0.4375,-0.0625,0.0
Ambessa,Malphite,3,1,0.3333333333333333,0.4375,-0.0625,0.0
Sejuani,Xayah,3,1,0.3333333333333333,0.4375,-0.0625,0.0
K'Sante,Pyke,3,1,0.3333333333333333,0.4375,-0.0625,0.0
Gnar,Jayce,3,1,0.3333333333333333,0.4375,-0.0625,0.0
Ahri,Shyvana,3,1,0.3333333333333333,0.4375,-0.0625,0.0
Gwen,Xayah,3,1,0.3333333333333333,0.4375,-0.0625,0.0
Rell,Viego,3,1,0.3333333333333333,0.4375,-0.0625,0.0
Jinx,Varus,3,1,0.3333333333333333,0.4375,-0.0625,0.0
Qiyana,Varus,3,1,0.3333333333333333,0.4375,-0.0625,0.0
Aurora,Dr. Mundo,3,1,0.3333333333333333,0.4375,-0.0625,0.0
Anivia,Gragas,3,1,0.3333333333333333,0.4375,-0.0625,0.0
Jarvan IV,Pyke,3,1,0.3333333333333333,0.4375,-0.0625,0.0
Viktor,Yuumi,3,1,0.3333333333333333,0.4375,-0.0625,0.0
Ahri,Aurora,3,1,0.3333333333333333,0.4375,-0.0625,0.0
Anivia,Olaf,3,1,0.3333333333333333,0.4375,-0.0625,0.0
Hwei,Viego,3,1,0.3333333333333333,0.4375,-0.0625,0.0
Ashe,Zyra,3,1,0.3333333333333333,0.4375,-0.0625,0.0
Jax,Rek'Sai,3,1,0.3333333333333333,0.4375,-0.0625,0.0
Darius,Ezreal,3,1,0.3333333333333333,0.4375,-0.0625,0.0
Ashe,Lissandra,3,1,0.3333333333333333,0.4375,-0.0625,0.0
Ashe,Viego,3,1,0.3333333333333333,0.4375,-0.0625,0.0
Jinx,Viktor,3,1,0.3333333333333333,0.4375,-0.0625,0.0
Shen,Syndra,3,1,0.3333333333333333,0.4375,-0.0625,0.0
Thresh,Zaahen,3,1,0.3333333333333333,0.4375,-0.0625,0.0
Corki,Leona,3,1,0.3333333333333333,0.4375,-0.0625,0.0
Poppy,Wukong,3,1,0.3333333333333333,0.4375,-0.0625,0.0
Senna,Vi,3,1,0.3333333333333333,0.4375,-0.0625,0.0
Camille,Jayce,3,1,0.3333333333333333,0.4375,-0.0625,0.0
Ezreal,Sejuani,3,1,0.3333333333333333,0.4375,-0.0625,0.0
Fiora,Skarner,3,1,0.3333333333333333,0.4375,-0.0625,0.0
Lee Sin,Poppy,3,1,0.3333333333333333,0.4375,-0.0625,0.0
Gragas,Nami,3,1,0.3333333333333333,0.4375,-0.0625,0.0
Miss Fortune,Rakan,3,1,0.3333333333333333,0.4375,-0.0625,0.0
Malphite,Smolder,3,1,0.3333333333333333,0.4375,-0.0625,0.0
Jayce,Tristana,3,1,0.3333333333333333,0.4375,-0.0625,0.0
Twisted Fate,Varus,3,1,0.3333333333333333,0.4375,-0.0625,0.0
Olaf,Rumble,3,1,0.3333333333333333,0.4375,-0.0625,0.0
Mordekaiser,Rell,3,1,0.3333333333333333,0.4375,-0.0625,0.0
Alistar,Yorick,3,1,0.3333333333333333,0.4375,-0.0625,0.0
Jayce,Renekton,3,1,0.3333333333333333,0.4375,-0.0625,0.0
Mel,Taliyah,3,1,0.3333333333333333,0.4375,-0.0625,0.0
Twisted Fate,Xayah,3,1,0.3333333333333333,0.4375,-0.0625,0.0
Mel,Twisted Fate,3,1,0.3333333333333333,0.4375,-0.0625,0.0
Ahri,Sejuani,3,1,0.3333333333333333,0.4375,-0.0625,0.0
Maokai,Tristana,3,1,0.3333333333333333,0.4375,-0.0625,0.0
Galio,Miss Fortune,3,1,0.3333333333333333,0.4375,-0.0625,0.0
Ryze,Shyvana,3,1,0.3333333333333333,0.4375,-0.0625,0.0
Soraka,Varus,3,1,0.3333333333333333,0.4375,-0.0625,0.0
Orianna,Ziggs,3,1,0.3333333333333333,0.4375,-0.0625,0.0
Galio,Sion,3,1,0.3333333333333333,0.4375,-0.0625,0.0
Jarvan IV,Malphite,3,1,0.3333333333333333,0.4375,-0.0625,0.0
Kog'Maw,Nautilus,3,1,0.3333333333333333,0.4375,-0.0625,0.0
Kog'Maw,Pantheon,3,1,0.3333333333333333,0.4375,-0.0625,0.0
Braum,Jayce,3,1,0.3333333333333333,0.4375,-0.0625,0.0
Caitlyn,Darius,3,1,0.3333333333333333,0.4375,-0.0625,0.0
Olaf,Senna,3,1,0.3333333333333333,0.4375,-0.0625,0.0
Sejuani,Yunara,3,1,0.3333333333333333,0.4375,-0.0625,0.0
Jax,Jhin,3,1,0.3333333333333333,0.4375,-0.0625,0.0
Vayne,Ziggs,3,1,0.3333333333333333,0.4375,-0.0625,0.0
Poppy,Rumble,3,1,0.3333333333333333,0.4375,-0.0625,0.0
Mordekaiser,Nautilus,3,1,0.3333333333333333,0.4375,-0.0625,0.0
Jax,Twisted Fate,3,1,0.3333333333333333,0.4375,-0.0625,0.0
Sylas,Zaahen,3,1,0.3333333333333333,0.4375,-0.0625,0.0
Hwei,Senna,3,1,0.3333333333333333,0.4375,-0.0625,0.0
Wukong,Zaahen,3,1,0.3333333333333333,0.4375,-0.0625,0.0
Leona,Syndra,3,1,0.3333333333333333,0.4375,-0.0625,0.0
Sejuani,Yorick,3,1,0.3333333333333333,0.4375,-0.0625,0.0
Mel,Trundle,3,1,0.3333333333333333,0.4375,-0.0625,0.0
Senna,Sylas,3,1,0.3333333333333333,0.4375,-0.0625,0.0
Smolder,Varus,3,1,0.3333333333333333,0.4375,-0.0625,0.0
Galio,Jax,3,1,0.3333333333333333,0.4375,-0.0625,0.0
Ryze,Tristana,3,1,0.3333333333333333,0.4375,-0.0625,0.0
Lulu,Yunara,177,77,0.4350282485875706,0.4368131868131868,-0.06318681318681318,0.0
Ezreal,Xin Zhao,74,32,0.43243243243243246,0.43670886075949367,-0.06329113924050633,0.0
Pantheon,Sion,26,11,0.4230769230769231,0.43548387096774194,-0.06451612903225806,0.0
Caitlyn,K'Sante,26,11,0.4230769230769231,0.43548387096774194,-0.06451612903225806,0.0
Nami,Renekton,26,11,0.4230769230769231,0.43548387096774194,-0.06451612903225806,0.0
Jhin,Neeko,26,11,0.4230769230769231,0.43548387096774194,-0.06451612903225806,0.0
Ashe,Lee Sin,26,11,0.4230769230769231,0.43548387096774194,-0.06451612903225806,0.0
Neeko,Rumble,26,11,0.4230769230769231,0.43548387096774194,-0.06451612903225806,0.0
Ahri,Pantheon,26,11,0.4230769230769231,0.43548387096774194,-0.06451612903225806,0.0
Bard,Skarner,26,11,0.4230769230769231,0.43548387096774194,-0.06451612903225806,0.0
Ambessa,Galio,10,4,0.4,0.43333333333333335,-0.06666666666666665,0.0
Ezreal,Jax,10,4,0.4,0.43333333333333335,-0.06666666666666665,0.0
Caitlyn,Galio,10,4,0.4,0.43333333333333335,-0.06666666666666665,0.0
Aatrox,Milio,10,4,0.4,0.43333333333333335,-0.06666666666666665,0.0
LeBlanc,Yunara,10,4,0.4,0.43333333333333335,-0.06666666666666665,0.0
Cassiopeia,Sivir,10,4,0.4,0.43333333333333335,-0.06666666666666665,0.0
Leona,Ryze,10,4,0.4,0.43333333333333335,-0.06666666666666665,0.0
Ezreal,Yorick,10,4,0.4,0.43333333333333335,-0.06666666666666665,0.0
Jayce,Pyke,10,4,0.4,0.43333333333333335,-0.06666666666666665,0.0
Lucian,Yuumi,10,4,0.4,0.43333333333333335,-0.06666666666666665,0.0
Caitlyn,Elise,10,4,0.4,0.43333333333333335,-0.06666666666666665,0.0
Ryze,Smolder,10,4,0.4,0.43333333333333335,-0.06666666666666665,0.0
Syndra,Yunara,10,4,0.4,0.43333333333333335,-0.06666666666666665,0.0
Senna,Wukong,10,4,0.4,0.43333333333333335,-0.06666666666666665,0.0
Aatrox,Pantheon,10,4,0.4,0.43333333333333335,-0.06666666666666665,0.0
Naafiri,Varus,10,4,0.4,0.43333333333333335,-0.06666666666666665,0.0
Vi,Zeri,10,4,0.4,0.43333333333333335,-0.06666666666666665,0.0
Hwei,Varus,10,4,0.4,0.43333333333333335,-0.06666666666666665,0.0
Galio,Rumble,10,4,0.4,0.43333333333333335,-0.06666666666666665,0.0
Jayce,Neeko,17,7,0.4117647058823529,0.4318181818181818,-0.06818181818181818,0.0
Corki,K'Sante,17,7,0.4117647058823529,0.4318181818181818,-0.06818181818181818,0.0
Karma,Varus,17,7,0.4117647058823529,0.4318181818181818,-0.06818181818181818,0.0
Skarner,Varus,17,7,0.4117647058823529,0.4318181818181818,-0.06818181818181818,0.0
Sion,Sivir,17,7,0.4117647058823529,0.4318181818181818,-0.06818181818181818,0.0
Rell,Rumble,17,7,0.4117647058823529,0.4318181818181818,-0.06818181818181818,0.0
Corki,Naafiri,17,7,0.4117647058823529,0.4318181818181818,-0.06818181818181818,0.0
Cassiopeia,Lulu,17,7,0.4117647058823529,0.4318181818181818,-0.06818181818181818,0.0
Jayce,Lucian,24,10,0.4166666666666667,0.43103448275862066,-0.06896551724137934,0.0
Ahri,Karma,24,10,0.4166666666666667,0.43103448275862066,-0.06896551724137934,0.0
K'Sante,Milio,24,10,0.4166666666666667,0.43103448275862066,-0.06896551724137934,0.0
Jarvan IV,Jhin,31,13,0.41935483870967744,0.4305555555555556,-0.06944444444444442,0.0
Nautilus,Xin Zhao,31,13,0.41935483870967744,0.4305555555555556,-0.06944444444444442,0.0
Lulu,Xin Zhao,38,16,0.42105263157894735,0.43023255813953487,-0.06976744186046513,0.0
Aurora,Nami,29,12,0.41379310344827586,0.4264705882352941,-0.0735294117647059,0.0
Jhin,Sion,29,12,0.41379310344827586,0.4264705882352941,-0.0735294117647059,0.0
Jhin,Wukong,29,12,0.41379310344827586,0.4264705882352941,-0.0735294117647059,0.0
Nautilus,Viktor,29,12,0.41379310344827586,0.4264705882352941,-0.0735294117647059,0.0
Jhin,Nautilus,22,9,0.4090909090909091,0.42592592592592593,-0.07407407407407407,0.0
Jayce,Skarner,15,6,0.4,0.425,-0.07500000000000001,0.0
Nautilus,Skarner,15,6,0.4,0.425,-0.07500000000000001,0.0
Azir,Bard,15,6,0.4,0.425,-0.07500000000000001,0.0
Annie,Jayce,15,6,0.4,0.425,-0.07500000000000001,0.0
Jarvan IV,Taliyah,15,6,0.4,0.425,-0.07500000000000001,0.0
Akali,Nautilus,15,6,0.4,0.425,-0.07500000000000001,0.0
Milio,Ryze,34,14,0.4117647058823529,0.4230769230769231,-0.07692307692307693,0.0
Naafiri,Xayah,8,3,0.375,0.4230769230769231,-0.07692307692307693,0.0
Naafiri,Sivir,8,3,0.375,0.4230769230769231,-0.07692307692307693,0.0
Mel,Xin Zhao,8,3,0.375,0.4230769230769231,-0.07692307692307693,0.0
Caitlyn,Syndra,8,3,0.375,0.4230769230769231,-0.07692307692307693,0.0
Aatrox,Lucian,8,3,0.375,0.4230769230769231,-0.07692307692307693,0.0
Hwei,Jarvan IV,8,3,0.375,0.4230769230769231,-0.07692307692307693,0.0
Alistar,Xin Zhao,8,3,0.375,0.4230769230769231,-0.07692307692307693,0.0
Aatrox,Xin Zhao,8,3,0.375,0.4230769230769231,-0.07692307692307693,0.0
Ezreal,Sylas,8,3,0.375,0.4230769230769231,-0.07692307692307693,0.0
Alistar,Ambessa,8,3,0.375,0.4230769230769231,-0.07692307692307693,0.0
Mel,Milio,8,3,0.375,0.4230769230769231,-0.07692307692307693,0.0
Jax,Karma,8,3,0.375,0.4230769230769231,-0.07692307692307693,0.0
Sion,Trundle,8,3,0.375,0.4230769230769231,-0.07692307692307693,0.0
Gnar,Leona,8,3,0.375,0.4230769230769231,-0.07692307692307693,0.0
Aurora,Leona,8,3,0.375,0.4230769230769231,-0.07692307692307693,0.0
Azir,Milio,8,3,0.375,0.4230769230769231,-0.07692307692307693,0.0
Malphite,Xin Zhao,8,3,0.375,0.4230769230769231,-0.07692307692307693,0.0
Varus,Zaahen,8,3,0.375,0.4230769230769231,-0.07692307692307693,0.0
Ornn,Yunara,8,3,0.375,0.4230769230769231,-0.07692307692307693,0.0
Alistar,Orianna,8,3,0.375,0.4230769230769231,-0.07692307692307693,0.0
Azir,Nocturne,8,3,0.375,0.4230769230769231,-0.07692307692307693,0.0
Ambessa,Smolder,8,3,0.375,0.4230769230769231,-0.07692307692307693,0.0
Gnar,Senna,8,3,0.375,0.4230769230769231,-0.07692307692307693,0.0
Gwen,Nautilus,8,3,0.375,0.4230769230769231,-0.07692307692307693,0.0
Corki,Trundle,8,3,0.375,0.4230769230769231,-0.07692307692307693,0.0
LeBlanc,Lulu,8,3,0.375,0.4230769230769231,-0.07692307692307693,0.0
Rumble,Viktor,27,11,0.4074074074074074,0.421875,-0.078125,0.0
Aurora,Wukong,27,11,0.4074074074074074,0.421875,-0.078125,0.0
Karma,Sion,39,16,0.41025641025641024,0.42045454545454547,-0.07954545454545453,0.0
Ahri,Jhin,20,8,0.4,0.42,-0.08000000000000002,0.0
Jhin,Xin Zhao,20,8,0.4,0.42,-0.08000000000000002,0.0
Aurora,Jayce,20,8,0.4,0.42,-0.08000000000000002,0.0
Ahri,Nocturne,20,8,0.4,0.42,-0.08000000000000002,0.0
Ahri,Ambessa,20,8,0.4,0.42,-0.08000000000000002,0.0
Rumble,Yunara,20,8,0.4,0.42,-0.08000000000000002,0.0
Nautilus,Wukong,32,13,0.40625,0.4189189189189189,-0.08108108108108109,0.0
Annie,Renekton,25,10,0.4,0.4166666666666667,-0.08333333333333331,0.0
Karma,Lee Sin,13,5,0.38461538461538464,0.4166666666666667,-0.08333333333333331,0.0
Anivia,Renekton,13,5,0.38461538461538464,0.4166666666666667,-0.08333333333333331,0.0
Ezreal,Zaahen,13,5,0.38461538461538464,0.4166666666666667,-0.08333333333333331,0.0
Aurora,Rell,13,5,0.38461538461538464,0.4166666666666667,-0.08333333333333331,0.0
Anivia,Karma,13,5,0.38461538461538464,0.4166666666666667,-0.08333333333333331,0.0
Rell,Xin Zhao,13,5,0.38461538461538464,0.4166666666666667,-0.08333333333333331,0.0
Orianna,Xin Zhao,30,12,0.4,0.4142857142857143,-0.08571428571428569,0.0
Milio,Viktor,30,12,0.4,0.4142857142857143,-0.08571428571428569,0.0
K'Sante,Yunara,30,12,0.4,0.4142857142857143,-0.08571428571428569,0.0
Yuumi,Zeri,18,7,0.3888888888888889,0.41304347826086957,-0.08695652173913043,0.0
Cassiopeia,Pantheon,18,7,0.3888888888888889,0.41304347826086957,-0.08695652173913043,0.0
Neeko,Orianna,18,7,0.3888888888888889,0.41304347826086957,-0.08695652173913043,0.0
Milio,Nocturne,18,7,0.3888888888888889,0.41304347826086957,-0.08695652173913043,0.0
Lulu,Sion,35,14,0.4,0.4125,-0.08750000000000002,0.0
Gnar,Milio,23,9,0.391304347826087,0.4107142857142857,-0.0892857142857143,0.0
K'Sante,Lucian,23,9,0.391304347826087,0.4107142857142857,-0.0892857142857143,0.0
Gnar,Wukong,28,11,0.39285714285714285,0.4090909090909091,-0.09090909090909088,0.0
Karma,Viktor,28,11,0.39285714285714285,0.4090909090909091,-0.09090909090909088,0.0
LeBlanc,Nocturne,6,2,0.3333333333333333,0.4090909090909091,-0.09090909090909088,0.0
Ezreal,Zoe,6,2,0.3333333333333333,0.4090909090909091,-0.09090909090909088,0.0
Xin Zhao,Zoe,6,2,0.3333333333333333,0.4090909090909091,-0.09090909090909088,0.0
Ambessa,Trundle,6,2,0.3333333333333333,0.4090909090909091,-0.09090909090909088,0.0
Jhin,Pyke,6,2,0.3333333333333333,0.4090909090909091,-0.09090909090909088,0.0
Annie,Zeri,6,2,0.3333333333333333,0.4090909090909091,-0.09090909090909088,0.0
Caitlyn,Gwen,6,2,0.3333333333333333,0.4090909090909091,-0.09090909090909088,0.0
Sion,Tristana,6,2,0.3333333333333333,0.4090909090909091,-0.09090909090909088,0.0
Annie,Gwen,6,2,0.3333333333333333,0.4090909090909091,-0.09090909090909088,0.0
Braum,Ryze,6,2,0.3333333333333333,0.4090909090909091,-0.09090909090909088,0.0
Seraphine,Shyvana,6,2,0.3333333333333333,0.4090909090909091,-0.09090909090909088,0.0
Dr. Mundo,Viktor,6,2,0.3333333333333333,0.4090909090909091,-0.09090909090909088,0.0
Galio,Yorick,6,2,0.3333333333333333,0.4090909090909091,-0.09090909090909088,0.0
Caitlyn,Mel,6,2,0.3333333333333333,0.4090909090909091,-0.09090909090909088,0.0
Gwen,Jayce,6,2,0.3333333333333333,0.4090909090909091,-0.09090909090909088,0.0
Ashe,Leona,6,2,0.3333333333333333,0.4090909090909091,-0.09090909090909088,0.0
Aatrox,Senna,6,2,0.3333333333333333,0.4090909090909091,-0.09090909090909088,0.0
Ambessa,Miss Fortune,6,2,0.3333333333333333,0.4090909090909091,-0.09090909090909088,0.0
Rek'Sai,Seraphine,6,2,0.3333333333333333,0.4090909090909091,-0.09090909090909088,0.0
Pantheon,Pyke,6,2,0.3333333333333333,0.4090909090909091,-0.09090909090909088,0.0
Tristana,Viktor,6,2,0.3333333333333333,0.4090909090909091,-0.09090909090909088,0.0
Ornn,Taliyah,6,2,0.3333333333333333,0.4090909090909091,-0.09090909090909088,0.0
Ashe,Malphite,6,2,0.3333333333333333,0.4090909090909091,-0.09090909090909088,0.0
Anivia,Ornn,6,2,0.3333333333333333,0.4090909090909091,-0.09090909090909088,0.0
Jayce,Lux,6,2,0.3333333333333333,0.4090909090909091,-0.09090909090909088,0.0
Kai'Sa,Lee Sin,6,2,0.3333333333333333,0.4090909090909091,-0.09090909090909088,0.0
Anivia,Mel,6,2,0.3333333333333333,0.4090909090909091,-0.09090909090909088,0.0
Jinx,Thresh,6,2,0.3333333333333333,0.4090909090909091,-0.09090909090909088,0.0
Jayce,K'Sante,6,2,0.3333333333333333,0.4090909090909091,-0.09090909090909088,0.0
Camille,Vi,6,2,0.3333333333333333,0.4090909090909091,-0.09090909090909088,0.0
LeBlanc,Rumble,6,2,0.3333333333333333,0.4090909090909091,-0.09090909090909088,0.0
Ashe,Olaf,6,2,0.3333333333333333,0.4090909090909091,-0.09090909090909088,0.0
Aphelios,Thresh,6,2,0.3333333333333333,0.4090909090909091,-0.09090909090909088,0.0
Twisted Fate,Yorick,6,2,0.3333333333333333,0.4090909090909091,-0.09090909090909088,0.0
Braum,Gnar,6,2,0.3333333333333333,0.4090909090909091,-0.09090909090909088,0.0
Braum,Sylas,6,2,0.3333333333333333,0.4090909090909091,-0.09090909090909088,0.0
Smolder,Vi,6,2,0.3333333333333333,0.4090909090909091,-0.09090909090909088,0.0
Jarvan IV,Lux,6,2,0.3333333333333333,0.4090909090909091,-0.09090909090909088,0.0
Jhin,Zaahen,6,2,0.3333333333333333,0.4090909090909091,-0.09090909090909088,0.0
Alistar,Senna,6,2,0.3333333333333333,0.4090909090909091,-0.09090909090909088,0.0
Cassiopeia,Senna,6,2,0.3333333333333333,0.4090909090909091,-0.09090909090909088,0.0
Gnar,Karma,33,13,0.3939393939393939,0.40789473684210525,-0.09210526315789475,0.0
LeBlanc,Xin Zhao,11,4,0.36363636363636365,0.40625,-0.09375,0.0
Gwen,Jarvan IV,11,4,0.36363636363636365,0.40625,-0.09375,0.0
Mel,Renekton,11,4,0.36363636363636365,0.40625,-0.09375,0.0
Ezreal,Leona,11,4,0.36363636363636365,0.40625,-0.09375,0.0
Caitlyn,Nautilus,11,4,0.36363636363636365,0.40625,-0.09375,0.0
Ahri,Zaahen,11,4,0.36363636363636365,0.40625,-0.09375,0.0
Ambessa,Pantheon,16,6,0.375,0.40476190476190477,-0.09523809523809523,0.0
Annie,Jhin,16,6,0.375,0.40476190476190477,-0.09523809523809523,0.0
Jhin,Lee Sin,16,6,0.375,0.40476190476190477,-0.09523809523809523,0.0
Rell,Varus,16,6,0.375,0.40476190476190477,-0.09523809523809523,0.0
Corki,Xin Zhao,16,6,0.375,0.40476190476190477,-0.09523809523809523,0.0
Aatrox,Viktor,16,6,0.375,0.40476190476190477,-0.09523809523809523,0.0
Cassiopeia,Skarner,16,6,0.375,0.40476190476190477,-0.09523809523809523,0.0
K'Sante,Naafiri,21,8,0.38095238095238093,0.40384615384615385,-0.09615384615384615,0.0
Lucian,Nocturne,21,8,0.38095238095238093,0.40384615384615385,-0.09615384615384615,0.0
Lucian,Naafiri,26,10,0.38461538461538464,0.4032258064516129,-0.09677419354838712,0.0
Nautilus,Pantheon,26,10,0.38461538461538464,0.4032258064516129,-0.09677419354838712,0.0
Lee Sin,Seraphine,26,10,0.38461538461538464,0.4032258064516129,-0.09677419354838712,0.0
Aurora,Ezreal,31,12,0.3870967741935484,0.4027777777777778,-0.09722222222222221,0.0
Lucian,Ryze,34,13,0.38235294117647056,0.3974358974358974,-0.10256410256410259,0.0
Aurora,Rumble,29,11,0.3793103448275862,0.39705882352941174,-0.10294117647058826,0.0
Aurora,Jhin,24,9,0.375,0.39655172413793105,-0.10344827586206895,0.0
Sion,Viktor,24,9,0.375,0.39655172413793105,-0.10344827586206895,0.0
Karma,Wukong,24,9,0.375,0.39655172413793105,-0.10344827586206895,0.0
Renekton,Yunara,24,9,0.375,0.39655172413793105,-0.10344827586206895,0.0
Syndra,Xin Zhao,24,9,0.375,0.39655172413793105,-0.10344827586206895,0.0
Ambessa,Milio,19,7,0.3684210526315789,0.3958333333333333,-0.10416666666666669,0.0
Ambessa,Aurora,19,7,0.3684210526315789,0.3958333333333333,-0.10416666666666669,0.0
Lulu,Taliyah,19,7,0.3684210526315789,0.3958333333333333,-0.10416666666666669,0.0
Naafiri,Neeko,19,7,0.3684210526315789,0.3958333333333333,-0.10416666666666669,0.0
Jayce,Milio,19,7,0.3684210526315789,0.3958333333333333,-0.10416666666666669,0.0
Azir,Pantheon,19,7,0.3684210526315789,0.3958333333333333,-0.10416666666666669,0.0
Corki,Jayce,14,5,0.35714285714285715,0.39473684210526316,-0.10526315789473684,0.0
Syndra,Wukong,14,5,0.35714285714285715,0.39473684210526316,-0.10526315789473684,0.0
Ambessa,Lee Sin,14,5,0.35714285714285715,0.39473684210526316,-0.10526315789473684,0.0
Jarvan IV,Sylas,9,3,0.3333333333333333,0.39285714285714285,-0.10714285714285715,0.0
Lulu,Mel,9,3,0.3333333333333333,0.39285714285714285,-0.10714285714285715,0.0
Lulu,Tristana,9,3,0.3333333333333333,0.39285714285714285,-0.10714285714285715,0.0
Orianna,Varus,9,3,0.3333333333333333,0.39285714285714285,-0.10714285714285715,0.0
Galio,Milio,9,3,0.3333333333333333,0.39285714285714285,-0.10714285714285715,0.0
Ambessa,Caitlyn,9,3,0.3333333333333333,0.39285714285714285,-0.10714285714285715,0.0
Gnar,Zaahen,9,3,0.3333333333333333,0.39285714285714285,-0.10714285714285715,0.0
Jayce,Kai'Sa,9,3,0.3333333333333333,0.39285714285714285,-0.10714285714285715,0.0
Mel,Wukong,9,3,0.3333333333333333,0.39285714285714285,-0.10714285714285715,0.0
Sion,Sylas,9,3,0.3333333333333333,0.39285714285714285,-0.10714285714285715,0.0
Ahri,Shen,9,3,0.3333333333333333,0.39285714285714285,-0.10714285714285715,0.0
Braum,Wukong,9,3,0.3333333333333333,0.39285714285714285,-0.10714285714285715,0.0
Aatrox,Cassiopeia,9,3,0.3333333333333333,0.39285714285714285,-0.10714285714285715,0.0
Azir,Wukong,9,3,0.3333333333333333,0.39285714285714285,-0.10714285714285715,0.0
Leona,Varus,9,3,0.3333333333333333,0.39285714285714285,-0.10714285714285715,0.0
Mel,Vi,9,3,0.3333333333333333,0.39285714285714285,-0.10714285714285715,0.0
Ambessa,Sivir,9,3,0.3333333333333333,0.39285714285714285,-0.10714285714285715,0.0
Galio,Lulu,9,3,0.3333333333333333,0.39285714285714285,-0.10714285714285715,0.0
Renekton,Syndra,9,3,0.3333333333333333,0.39285714285714285,-0.10714285714285715,0.0
Neeko,Taliyah,9,3,0.3333333333333333,0.39285714285714285,-0.10714285714285715,0.0
Nautilus,Zaahen,9,3,0.3333333333333333,0.39285714285714285,-0.10714285714285715,0.0
Xayah,Xin Zhao,9,3,0.3333333333333333,0.39285714285714285,-0.10714285714285715,0.0
Galio,Lucian,9,3,0.3333333333333333,0.39285714285714285,-0.10714285714285715,0.0
Cassiopeia,Neeko,9,3,0.3333333333333333,0.39285714285714285,-0.10714285714285715,0.0
Galio,Nautilus,9,3,0.3333333333333333,0.39285714285714285,-0.10714285714285715,0.0
Sion,Wukong,32,12,0.375,0.3918918918918919,-0.10810810810810811,0.0
Nautilus,Vi,27,10,0.37037037037037035,0.390625,-0.109375,0.0
K'Sante,Vi,27,10,0.37037037037037035,0.390625,-0.109375,0.0
Rumble,Yone,22,8,0.36363636363636365,0.3888888888888889,-0.1111111111111111,0.0
Annie,Nautilus,22,8,0.36363636363636365,0.3888888888888889,-0.1111111111111111,0.0
Annie,Yuumi,4,1,0.25,0.3888888888888889,-0.1111111111111111,0.0
Thresh,Vi,4,1,0.25,0.3888888888888889,-0.1111111111111111,0.0
Kennen,Seraphine,4,1,0.25,0.3888888888888889,-0.1111111111111111,0.0
Rakan,Yorick,4,1,0.25,0.3888888888888889,-0.1111111111111111,0.0
Corki,Maokai,4,1,0.25,0.3888888888888889,-0.1111111111111111,0.0
Maokai,Nami,4,1,0.25,0.3888888888888889,-0.1111111111111111,0.0
Maokai,Ryze,4,1,0.25,0.3888888888888889,-0.1111111111111111,0.0
Mel,Vayne,4,1,0.25,0.3888888888888889,-0.1111111111111111,0.0
Shen,Wukong,4,1,0.25,0.3888888888888889,-0.1111111111111111,0.0
Aurora,Sylas,4,1,0.25,0.3888888888888889,-0.1111111111111111,0.0
Ezreal,Kennen,4,1,0.25,0.3888888888888889,-0.1111111111111111,0.0
Ashe,Camille,4,1,0.25,0.3888888888888889,-0.1111111111111111,0.0
Camille,Jarvan IV,4,1,0.25,0.3888888888888889,-0.1111111111111111,0.0
Cassiopeia,Tristana,4,1,0.25,0.3888888888888889,-0.1111111111111111,0.0
LeBlanc,Yorick,4,1,0.25,0.3888888888888889,-0.1111111111111111,0.0
Jinx,Zaahen,4,1,0.25,0.3888888888888889,-0.1111111111111111,0.0
Anivia,Syndra,4,1,0.25,0.3888888888888889,-0.1111111111111111,0.0
Corki,Varus,4,1,0.25,0.3888888888888889,-0.1111111111111111,0.0
Cho'Gath,Jarvan IV,4,1,0.25,0.3888888888888889,-0.1111111111111111,0.0
Azir,Smolder,4,1,0.25,0.3888888888888889,-0.1111111111111111,0.0
Taliyah,Zeri,4,1,0.25,0.3888888888888889,-0.1111111111111111,0.0
Gragas,Skarner,4,1,0.25,0.3888888888888889,-0.1111111111111111,0.0
Lux,Skarner,4,1,0.25,0.3888888888888889,-0.1111111111111111,0.0
Ashe,Zoe,4,1,0.25,0.3888888888888889,-0.1111111111111111,0.0
Orianna,Smolder,4,1,0.25,0.3888888888888889,-0.1111111111111111,0.0
Bard,Irelia,4,1,0.25,0.3888888888888889,-0.1111111111111111,0.0
Cassiopeia,Jinx,4,1,0.25,0.3888888888888889,-0.1111111111111111,0.0
Annie,Aphelios,4,1,0.25,0.3888888888888889,-0.1111111111111111,0.0
Ornn,Vi,4,1,0.25,0.3888888888888889,-0.1111111111111111,0.0
Galio,Xayah,4,1,0.25,0.3888888888888889,-0.1111111111111111,0.0
Trundle,Zeri,4,1,0.25,0.3888888888888889,-0.1111111111111111,0.0
Poppy,Viego,4,1,0.25,0.3888888888888889,-0.1111111111111111,0.0
Brand,Naafiri,4,1,0.25,0.3888888888888889,-0.1111111111111111,0.0
Jinx,Orianna,4,1,0.25,0.3888888888888889,-0.1111111111111111,0.0
Renekton,Senna,4,1,0.25,0.3888888888888889,-0.1111111111111111,0.0
Galio,Olaf,4,1,0.25,0.3888888888888889,-0.1111111111111111,0.0
Cassiopeia,Ziggs,4,1,0.25,0.3888888888888889,-0.1111111111111111,0.0
Ezreal,Mordekaiser,4,1,0.25,0.3888888888888889,-0.1111111111111111,0.0
Jhin,LeBlanc,4,1,0.25,0.3888888888888889,-0.1111111111111111,0.0
Hwei,Vi,4,1,0.25,0.3888888888888889,-0.1111111111111111,0.0
Ahri,Cho'Gath,4,1,0.25,0.3888888888888889,-0.1111111111111111,0.0
Akali,Dr. Mundo,4,1,0.25,0.3888888888888889,-0.1111111111111111,0.0
Akali,Shen,4,1,0.25,0.3888888888888889,-0.1111111111111111,0.0
Renekton,Ziggs,4,1,0.25,0.3888888888888889,-0.1111111111111111,0.0
Leona,Ornn,4,1,0.25,0.3888888888888889,-0.1111111111111111,0.0
Caitlyn,Kha'Zix,4,1,0.25,0.3888888888888889,-0.1111111111111111,0.0
Miss Fortune,Taliyah,4,1,0.25,0.3888888888888889,-0.1111111111111111,0.0
Maokai,Miss Fortune,4,1,0.25,0.3888888888888889,-0.1111111111111111,0.0
Viktor,Zeri,4,1,0.25,0.3888888888888889,-0.1111111111111111,0.0
Azir,Sivir,4,1,0.25,0.3888888888888889,-0.1111111111111111,0.0
Camille,Mel,4,1,0.25,0.3888888888888889,-0.1111111111111111,0.0
Olaf,Viktor,4,1,0.25,0.3888888888888889,-0.1111111111111111,0.0
Alistar,Azir,4,1,0.25,0.3888888888888889,-0.1111111111111111,0.0
Jinx,Renekton,4,1,0.25,0.3888888888888889,-0.1111111111111111,0.0
Lucian,Sylas,4,1,0.25,0.3888888888888889,-0.1111111111111111,0.0
Galio,K'Sante,4,1,0.25,0.3888888888888889,-0.1111111111111111,0.0
Ashe,Jax,4,1,0.25,0.3888888888888889,-0.1111111111111111,0.0
Cassiopeia,Kai'Sa,4,1,0.25,0.3888888888888889,-0.1111111111111111,0.0
Galio,Maokai,4,1,0.25,0.3888888888888889,-0.1111111111111111,0.0
Malzahar,Nautilus,4,1,0.25,0.3888888888888889,-0.1111111111111111,0.0
Aatrox,Galio,4,1,0.25,0.3888888888888889,-0.1111111111111111,0.0
Nautilus,Sejuani,4,1,0.25,0.3888888888888889,-0.1111111111111111,0.0
Jhin,Sejuani,4,1,0.25,0.3888888888888889,-0.1111111111111111,0.0
Ambessa,Lucian,17,6,0.35294117647058826,0.38636363636363635,-0.11363636363636365,0.0
Ambessa,Yunara,17,6,0.35294117647058826,0.38636363636363635,-0.11363636363636365,0.0
Jayce,Nocturne,17,6,0.35294117647058826,0.38636363636363635,-0.11363636363636365,0.0
Naafiri,Yunara,17,6,0.35294117647058826,0.38636363636363635,-0.11363636363636365,0.0
Neeko,Xin Zhao,17,6,0.35294117647058826,0.38636363636363635,-0.11363636363636365,0.0
Aurora,Lee Sin,17,6,0.35294117647058826,0.38636363636363635,-0.11363636363636365,0.0
Karma,Ornn,17,6,0.35294117647058826,0.38636363636363635,-0.11363636363636365,0.0
Karma,Zaahen,17,6,0.35294117647058826,0.38636363636363635,-0.11363636363636365,0.0
Ambessa,Ryze,25,9,0.36,0.38333333333333336,-0.11666666666666664,0.0
Aurora,Milio,25,9,0.36,0.38333333333333336,-0.11666666666666664,0.0
Ambessa,Naafiri,12,4,0.3333333333333333,0.38235294117647056,-0.11764705882352944,0.0
Sivir,Wukong,12,4,0.3333333333333333,0.38235294117647056,-0.11764705882352944,0.0
Gnar,LeBlanc,12,4,0.3333333333333333,0.38235294117647056,-0.11764705882352944,0.0
Azir,Renekton,12,4,0.3333333333333333,0.38235294117647056,-0.11764705882352944,0.0
Leona,Orianna,12,4,0.3333333333333333,0.38235294117647056,-0.11764705882352944,0.0
Corki,Nautilus,12,4,0.3333333333333333,0.38235294117647056,-0.11764705882352944,0.0
Sion,Taliyah,12,4,0.3333333333333333,0.38235294117647056,-0.11764705882352944,0.0
Annie,Wukong,33,12,0.36363636363636365,0.3815789473684211,-0.11842105263157893,0.0
Jarvan IV,Mel,20,7,0.35,0.38,-0.12,0.0
Jayce,Xin Zhao,20,7,0.35,0.38,-0.12,0.0
Lee Sin,Milio,20,7,0.35,0.38,-0.12,0.0
Annie,Yunara,20,7,0.35,0.38,-0.12,0.0
Ahri,K'Sante,20,7,0.35,0.38,-0.12,0.0
Karma,Xin Zhao,57,21,0.3684210526315789,0.3790322580645161,-0.12096774193548387,0.0
K'Sante,Lulu,28,10,0.35714285714285715,0.3787878787878788,-0.12121212121212122,0.0
Jayce,Ryze,28,10,0.35714285714285715,0.3787878787878788,-0.12121212121212122,0.0
Renekton,Xin Zhao,28,10,0.35714285714285715,0.3787878787878788,-0.12121212121212122,0.0
Neeko,Sion,28,10,0.35714285714285715,0.3787878787878788,-0.12121212121212122,0.0
Ambessa,Jhin,23,8,0.34782608695652173,0.375,-0.125,0.0
Taliyah,Xin Zhao,15,5,0.3333333333333333,0.375,-0.125,0.0
Renekton,Vi,15,5,0.3333333333333333,0.375,-0.125,0.0
Pantheon,Varus,15,5,0.3333333333333333,0.375,-0.125,0.0
Alistar,Cassiopeia,7,2,0.2857142857142857,0.375,-0.125,0.0
Pyke,Ryze,7,2,0.2857142857142857,0.375,-0.125,0.0
Azir,Yunara,7,2,0.2857142857142857,0.375,-0.125,0.0
K'Sante,Skarner,7,2,0.2857142857142857,0.375,-0.125,0.0
Dr. Mundo,Karma,7,2,0.2857142857142857,0.375,-0.125,0.0
Hwei,Karma,7,2,0.2857142857142857,0.375,-0.125,0.0
Aphelios,Xin Zhao,7,2,0.2857142857142857,0.375,-0.125,0.0
Camille,Jhin,7,2,0.2857142857142857,0.375,-0.125,0.0
Leona,Wukong,7,2,0.2857142857142857,0.375,-0.125,0.0
Karma,LeBlanc,7,2,0.2857142857142857,0.375,-0.125,0.0
Gwen,Skarner,7,2,0.2857142857142857,0.375,-0.125,0.0
Akali,Smolder,7,2,0.2857142857142857,0.375,-0.125,0.0
Gwen,Vi,7,2,0.2857142857142857,0.375,-0.125,0.0
Alistar,Wukong,7,2,0.2857142857142857,0.375,-0.125,0.0
Azir,Corki,7,2,0.2857142857142857,0.375,-0.125,0.0
Varus,Yunara,7,2,0.2857142857142857,0.375,-0.125,0.0
Skarner,Zaahen,7,2,0.2857142857142857,0.375,-0.125,0.0
Rell,Zaahen,7,2,0.2857142857142857,0.375,-0.125,0.0
Jhin,Maokai,7,2,0.2857142857142857,0.375,-0.125,0.0
Akali,Yorick,7,2,0.2857142857142857,0.375,-0.125,0.0
Renekton,Smolder,7,2,0.2857142857142857,0.375,-0.125,0.0
Maokai,Varus,7,2,0.2857142857142857,0.375,-0.125,0.0
Ambessa,Twisted Fate,7,2,0.2857142857142857,0.375,-0.125,0.0
Ambessa,Sylas,7,2,0.2857142857142857,0.375,-0.125,0.0
Alistar,Sivir,7,2,0.2857142857142857,0.375,-0.125,0.0
Nautilus,Xayah,7,2,0.2857142857142857,0.375,-0.125,0.0
Karma,Naafiri,18,6,0.3333333333333333,0.3695652173913043,-0.13043478260869568,0.0
Vi,Viktor,18,6,0.3333333333333333,0.3695652173913043,-0.13043478260869568,0.0
Karma,Orianna,18,6,0.3333333333333333,0.3695652173913043,-0.13043478260869568,0.0
Ambessa,Ashe,29,10,0.3448275862068966,0.36764705882352944,-0.13235294117647056,0.0
Corki,Wukong,10,3,0.3,0.36666666666666664,-0.13333333333333336,0.0
K'Sante,LeBlanc,10,3,0.3,0.36666666666666664,-0.13333333333333336,0.0
Jayce,Taliyah,10,3,0.3,0.36666666666666664,-0.13333333333333336,0.0
Seraphine,Sylas,10,3,0.3,0.36666666666666664,-0.13333333333333336,0.0
Bard,Smolder,10,3,0.3,0.36666666666666664,-0.13333333333333336,0.0
Aatrox,Nautilus,10,3,0.3,0.36666666666666664,-0.13333333333333336,0.0
Skarner,Twisted Fate,10,3,0.3,0.36666666666666664,-0.13333333333333336,0.0
Jhin,Renekton,21,7,0.3333333333333333,0.36538461538461536,-0.13461538461538464,0.0
Skarner,Yunara,21,7,0.3333333333333333,0.36538461538461536,-0.13461538461538464,0.0
Jarvan IV,Renekton,35,12,0.34285714285714286,0.3625,-0.1375,0.0
Lulu,Vi,24,8,0.3333333333333333,0.3620689655172414,-0.13793103448275862,0.0
Ambessa,Nocturne,13,4,0.3076923076923077,0.3611111111111111,-0.1388888888888889,0.0
Milio,Ornn,13,4,0.3076923076923077,0.3611111111111111,-0.1388888888888889,0.0
Miss Fortune,Wukong,13,4,0.3076923076923077,0.3611111111111111,-0.1388888888888889,0.0
Smolder,Xin Zhao,13,4,0.3076923076923077,0.3611111111111111,-0.1388888888888889,0.0
Karma,Nocturne,13,4,0.3076923076923077,0.3611111111111111,-0.1388888888888889,0.0
Karma,Smolder,13,4,0.3076923076923077,0.3611111111111111,-0.1388888888888889,0.0
Jayce,Pantheon,27,9,0.3333333333333333,0.359375,-0.140625,0.0
Ambessa,Orianna,16,5,0.3125,0.35714285714285715,-0.14285714285714285,0.0
Corki,Viktor,16,5,0.3125,0.35714285714285715,-0.14285714285714285,0.0
Gwen,Xin Zhao,16,5,0.3125,0.35714285714285715,-0.14285714285714285,0.0
Jax,LeBlanc,2,0,0.0,0.35714285714285715,-0.14285714285714285,0.0
Gnar,Thresh,2,0,0.0,0.35714285714285715,-0.14285714285714285,0.0
Thresh,Xin Zhao,2,0,0.0,0.35714285714285715,-0.14285714285714285,0.0
Naafiri,Thresh,2,0,0.0,0.35714285714285715,-0.14285714285714285,0.0
Irelia,Nami,2,0,0.0,0.35714285714285715,-0.14285714285714285,0.0
Lissandra,Nocturne,2,0,0.0,0.35714285714285715,-0.14285714285714285,0.0
Nautilus,Zoe,2,0,0.0,0.35714285714285715,-0.14285714285714285,0.0
Skarner,Zoe,2,0,0.0,0.35714285714285715,-0.14285714285714285,0.0
Jhin,Shyvana,2,0,0.0,0.35714285714285715,-0.14285714285714285,0.0
Pantheon,Shyvana,2,0,0.0,0.35714285714285715,-0.14285714285714285,0.0
Rell,Shyvana,2,0,0.0,0.35714285714285715,-0.14285714285714285,0.0
Alistar,Jax,2,0,0.0,0.35714285714285715,-0.14285714285714285,0.0
Jax,Vayne,2,0,0.0,0.35714285714285715,-0.14285714285714285,0.0
Shen,Vayne,2,0,0.0,0.35714285714285715,-0.14285714285714285,0.0
Jayce,Sejuani,2,0,0.0,0.35714285714285715,-0.14285714285714285,0.0
Ashe,Cho'Gath,2,0,0.0,0.35714285714285715,-0.14285714285714285,0.0
Braum,Rumble,2,0,0.0,0.35714285714285715,-0.14285714285714285,0.0
Gnar,Maokai,2,0,0.0,0.35714285714285715,-0.14285714285714285,0.0
Gwen,Miss Fortune,2,0,0.0,0.35714285714285715,-0.14285714285714285,0.0
Kindred,Miss Fortune,2,0,0.0,0.35714285714285715,-0.14285714285714285,0.0
Kindred,Neeko,2,0,0.0,0.35714285714285715,-0.14285714285714285,0.0
Miss Fortune,Neeko,2,0,0.0,0.35714285714285715,-0.14285714285714285,0.0
Annie,Elise,2,0,0.0,0.35714285714285715,-0.14285714285714285,0.0
Elise,Gwen,2,0,0.0,0.35714285714285715,-0.14285714285714285,0.0
Azir,Kalista,2,0,0.0,0.35714285714285715,-0.14285714285714285,0.0
Azir,Renata Glasc,2,0,0.0,0.35714285714285715,-0.14285714285714285,0.0
Ambessa,Kalista,2,0,0.0,0.35714285714285715,-0.14285714285714285,0.0
Ambessa,Renata Glasc,2,0,0.0,0.35714285714285715,-0.14285714285714285,0.0
Gragas,Kalista,2,0,0.0,0.35714285714285715,-0.14285714285714285,0.0
Kalista,Taliyah,2,0,0.0,0.35714285714285715,-0.14285714285714285,0.0
Kayle,Vi,2,0,0.0,0.35714285714285715,-0.14285714285714285,0.0
Taliyah,Twisted Fate,2,0,0.0,0.35714285714285715,-0.14285714285714285,0.0
Gnar,Xerath,2,0,0.0,0.35714285714285715,-0.14285714285714285,0.0
Wukong,Xerath,2,0,0.0,0.35714285714285715,-0.14285714285714285,0.0
Smolder,Sylas,2,0,0.0,0.35714285714285715,-0.14285714285714285,0.0
Smolder,Taric,2,0,0.0,0.35714285714285715,-0.14285714285714285,0.0
Ryze,Volibear,2,0,0.0,0.35714285714285715,-0.14285714285714285,0.0
Gnar,Jinx,2,0,0.0,0.35714285714285715,-0.14285714285714285,0.0
Karma,Ziggs,2,0,0.0,0.35714285714285715,-0.14285714285714285,0.0
Anivia,Swain,2,0,0.0,0.35714285714285715,-0.14285714285714285,0.0
Ezreal,Swain,2,0,0.0,0.35714285714285715,-0.14285714285714285,0.0
Nautilus,Vladimir,2,0,0.0,0.35714285714285715,-0.14285714285714285,0.0
Seraphine,Yunara,2,0,0.0,0.35714285714285715,-0.14285714285714285,0.0
Tristana,Varus,2,0,0.0,0.35714285714285715,-0.14285714285714285,0.0
Nautilus,Yasuo,2,0,0.0,0.35714285714285715,-0.14285714285714285,0.0
Rek'Sai,Zaahen,2,0,0.0,0.35714285714285715,-0.14285714285714285,0.0
Akali,Rek'Sai,2,0,0.0,0.35714285714285715,-0.14285714285714285,0.0
Gnar,Vayne,2,0,0.0,0.35714285714285715,-0.14285714285714285,0.0
Aurelion Sol,Naafiri,2,0,0.0,0.35714285714285715,-0.14285714285714285,0.0
Cho'Gath,Rell,2,0,0.0,0.35714285714285715,-0.14285714285714285,0.0
Rell,Xerath,2,0,0.0,0.35714285714285715,-0.14285714285714285,0.0
Lulu,Yasuo,2,0,0.0,0.35714285714285715,-0.14285714285714285,0.0
Kennen,Trundle,2,0,0.0,0.35714285714285715,-0.14285714285714285,0.0
Alistar,Viego,2,0,0.0,0.35714285714285715,-0.14285714285714285,0.0
Smolder,Viego,2,0,0.0,0.35714285714285715,-0.14285714285714285,0.0
Corki,Shen,2,0,0.0,0.35714285714285715,-0.14285714285714285,0.0
Nami,Shen,2,0,0.0,0.35714285714285715,-0.14285714285714285,0.0
Blitzcrank,Viktor,2,0,0.0,0.35714285714285715,-0.14285714285714285,0.0
Viktor,Zac,2,0,0.0,0.35714285714285715,-0.14285714285714285,0.0
Twisted Fate,Zeri,2,0,0.0,0.35714285714285715,-0.14285714285714285,0.0
Alistar,Lee Sin,2,0,0.0,0.35714285714285715,-0.14285714285714285,0.0
Skarner,Yuumi,2,0,0.0,0.35714285714285715,-0.14285714285714285,0.0
Taliyah,Yuumi,2,0,0.0,0.35714285714285715,-0.14285714285714285,0.0
Yuumi,Zaahen,2,0,0.0,0.35714285714285715,-0.14285714285714285,0.0
Milio,Sivir,2,0,0.0,0.35714285714285715,-0.14285714285714285,0.0
Ahri,Garen,2,0,0.0,0.35714285714285715,-0.14285714285714285,0.0
Azir,Soraka,2,0,0.0,0.35714285714285715,-0.14285714285714285,0.0
Aurora,Brand,2,0,0.0,0.35714285714285715,-0.14285714285714285,0.0
Hwei,Rakan,2,0,0.0,0.35714285714285715,-0.14285714285714285,0.0
Lucian,Zed,2,0,0.0,0.35714285714285715,-0.14285714285714285,0.0
Rumble,Yuumi,2,0,0.0,0.35714285714285715,-0.14285714285714285,0.0
Caitlyn,Fiora,2,0,0.0,0.35714285714285715,-0.14285714285714285,0.0
Fiora,Naafiri,2,0,0.0,0.35714285714285715,-0.14285714285714285,0.0
Kayn,Smolder,2,0,0.0,0.35714285714285715,-0.14285714285714285,0.0
Azir,Yorick,2,0,0.0,0.35714285714285715,-0.14285714285714285,0.0
Corki,Kennen,2,0,0.0,0.35714285714285715,-0.14285714285714285,0.0
Lissandra,Nami,2,0,0.0,0.35714285714285715,-0.14285714285714285,0.0
Lissandra,Vi,2,0,0.0,0.35714285714285715,-0.14285714285714285,0.0
Bard,Maokai,2,0,0.0,0.35714285714285715,-0.14285714285714285,0.0
Camille,Yone,2,0,0.0,0.35714285714285715,-0.14285714285714285,0.0
Kai'Sa,Seraphine,2,0,0.0,0.35714285714285715,-0.14285714285714285,0.0
Cassiopeia,Gragas,2,0,0.0,0.35714285714285715,-0.14285714285714285,0.0
Jinx,Viego,2,0,0.0,0.35714285714285715,-0.14285714285714285,0.0
Dr. Mundo,Kai'Sa,2,0,0.0,0.35714285714285715,-0.14285714285714285,0.0
Mel,Yorick,2,0,0.0,0.35714285714285715,-0.14285714285714285,0.0
Skarner,Ziggs,2,0,0.0,0.35714285714285715,-0.14285714285714285,0.0
Jhin,Nami,2,0,0.0,0.35714285714285715,-0.14285714285714285,0.0
Dr. Mundo,Mel,2,0,0.0,0.35714285714285715,-0.14285714285714285,0.0
LeBlanc,Olaf,2,0,0.0,0.35714285714285715,-0.14285714285714285,0.0
Caitlyn,Shyvana,2,0,0.0,0.35714285714285715,-0.14285714285714285,0.0
Draven,Trundle,2,0,0.0,0.35714285714285715,-0.14285714285714285,0.0
K'Sante,Thresh,2,0,0.0,0.35714285714285715,-0.14285714285714285,0.0
Naafiri,Syndra,2,0,0.0,0.35714285714285715,-0.14285714285714285,0.0
Orianna,Shen,2,0,0.0,0.35714285714285715,-0.14285714285714285,0.0
Darius,Nautilus,2,0,0.0,0.35714285714285715,-0.14285714285714285,0.0
Gwen,Maokai,2,0,0.0,0.35714285714285715,-0.14285714285714285,0.0
Xin Zhao,Yone,2,0,0.0,0.35714285714285715,-0.14285714285714285,0.0
Lux,Olaf,2,0,0.0,0.35714285714285715,-0.14285714285714285,0.0
Olaf,Vi,2,0,0.0,0.35714285714285715,-0.14285714285714285,0.0
Cho'Gath,Kai'Sa,2,0,0.0,0.35714285714285715,-0.14285714285714285,0.0
Cho'Gath,Nocturne,2,0,0.0,0.35714285714285715,-0.14285714285714285,0.0
Jarvan IV,Lissandra,2,0,0.0,0.35714285714285715,-0.14285714285714285,0.0
Jinx,Ryze,2,0,0.0,0.35714285714285715,-0.14285714285714285,0.0
Brand,Camille,2,0,0.0,0.35714285714285715,-0.14285714285714285,0.0
Brand,Jarvan IV,2,0,0.0,0.35714285714285715,-0.14285714285714285,0.0
Ivern,Nautilus,2,0,0.0,0.35714285714285715,-0.14285714285714285,0.0
Ashe,Hecarim,2,0,0.0,0.35714285714285715,-0.14285714285714285,0.0
Nami,Volibear,2,0,0.0,0.35714285714285715,-0.14285714285714285,0.0
Gwen,LeBlanc,2,0,0.0,0.35714285714285715,-0.14285714285714285,0.0
Gwen,Poppy,2,0,0.0,0.35714285714285715,-0.14285714285714285,0.0
LeBlanc,Poppy,2,0,0.0,0.35714285714285715,-0.14285714285714285,0.0
Anivia,Jax,2,0,0.0,0.35714285714285715,-0.14285714285714285,0.0
Renekton,Shyvana,2,0,0.0,0.35714285714285715,-0.14285714285714285,0.0
Thresh,Xayah,2,0,0.0,0.35714285714285715,-0.14285714285714285,0.0
Jayce,Qiyana,2,0,0.0,0.35714285714285715,-0.14285714285714285,0.0
Bard,Mordekaiser,2,0,0.0,0.35714285714285715,-0.14285714285714285,0.0
Mordekaiser,Ryze,2,0,0.0,0.35714285714285715,-0.14285714285714285,0.0
Illaoi,Skarner,2,0,0.0,0.35714285714285715,-0.14285714285714285,0.0
Camille,Ornn,2,0,0.0,0.35714285714285715,-0.14285714285714285,0.0
Karma,Zoe,2,0,0.0,0.35714285714285715,-0.14285714285714285,0.0
Kindred,Nautilus,2,0,0.0,0.35714285714285715,-0.14285714285714285,0.0
Camille,Senna,2,0,0.0,0.35714285714285715,-0.14285714285714285,0.0
Caitlyn,Rell,2,0,0.0,0.35714285714285715,-0.14285714285714285,0.0
Kayn,Varus,2,0,0.0,0.35714285714285715,-0.14285714285714285,0.0
Ambessa,Shen,2,0,0.0,0.35714285714285715,-0.14285714285714285,0.0
Anivia,Maokai,2,0,0.0,0.35714285714285715,-0.14285714285714285,0.0
Sivir,Yuumi,2,0,0.0,0.35714285714285715,-0.14285714285714285,0.0
Akali,Maokai,2,0,0.0,0.35714285714285715,-0.14285714285714285,0.0
Syndra,Yorick,2,0,0.0,0.35714285714285715,-0.14285714285714285,0.0
Galio,Pantheon,2,0,0.0,0.35714285714285715,-0.14285714285714285,0.0
Brand,Viktor,2,0,0.0,0.35714285714285715,-0.14285714285714285,0.0
Anivia,Darius,2,0,0.0,0.35714285714285715,-0.14285714285714285,0.0
Irelia,Seraphine,2,0,0.0,0.35714285714285715,-0.14285714285714285,0.0
Seraphine,Zyra,2,0,0.0,0.35714285714285715,-0.14285714285714285,0.0
Elise,Sion,2,0,0.0,0.35714285714285715,-0.14285714285714285,0.0
Aphelios,Cassiopeia,2,0,0.0,0.35714285714285715,-0.14285714285714285,0.0
Hecarim,Senna,2,0,0.0,0.35714285714285715,-0.14285714285714285,0.0
Darius,Xin Zhao,2,0,0.0,0.35714285714285715,-0.14285714285714285,0.0
Shyvana,Varus,2,0,0.0,0.35714285714285715,-0.14285714285714285,0.0
Varus,Vayne,2,0,0.0,0.35714285714285715,-0.14285714285714285,0.0
Ahri,Jinx,2,0,0.0,0.35714285714285715,-0.14285714285714285,0.0
Ahri,Thresh,2,0,0.0,0.35714285714285715,-0.14285714285714285,0.0
Thresh,Wukong,2,0,0.0,0.35714285714285715,-0.14285714285714285,0.0
Darius,Karma,2,0,0.0,0.35714285714285715,-0.14285714285714285,0.0
Camille,Neeko,2,0,0.0,0.35714285714285715,-0.14285714285714285,0.0
Brand,Trundle,2,0,0.0,0.35714285714285715,-0.14285714285714285,0.0
Galio,Leona,2,0,0.0,0.35714285714285715,-0.14285714285714285,0.0
Pyke,Sejuani,2,0,0.0,0.35714285714285715,-0.14285714285714285,0.0
Bel'Veth,Sylas,2,0,0.0,0.35714285714285715,-0.14285714285714285,0.0
Nautilus,Qiyana,2,0,0.0,0.35714285714285715,-0.14285714285714285,0.0
Ambessa,Maokai,2,0,0.0,0.35714285714285715,-0.14285714285714285,0.0
Aurora,Draven,2,0,0.0,0.35714285714285715,-0.14285714285714285,0.0
Elise,Poppy,2,0,0.0,0.35714285714285715,-0.14285714285714285,0.0
Karma,Pyke,2,0,0.0,0.35714285714285715,-0.14285714285714285,0.0
Olaf,Sion,2,0,0.0,0.35714285714285715,-0.14285714285714285,0.0
Galio,Twisted Fate,2,0,0.0,0.35714285714285715,-0.14285714285714285,0.0
Sylas,Wukong,2,0,0.0,0.35714285714285715,-0.14285714285714285,0.0
Draven,Pyke,2,0,0.0,0.35714285714285715,-0.14285714285714285,0.0
Maokai,Wukong,2,0,0.0,0.35714285714285715,-0.14285714285714285,0.0
Maokai,Morgana,2,0,0.0,0.35714285714285715,-0.14285714285714285,0.0
Brand,Braum,2,0,0.0,0.35714285714285715,-0.14285714285714285,0.0
Jax,Syndra,2,0,0.0,0.35714285714285715,-0.14285714285714285,0.0
Aphelios,Taliyah,2,0,0.0,0.35714285714285715,-0.14285714285714285,0.0
Gnar,Yuumi,2,0,0.0,0.35714285714285715,-0.14285714285714285,0.0
K'Sante,Karthus,2,0,0.0,0.35714285714285715,-0.14285714285714285,0.0
Brand,Xin Zhao,2,0,0.0,0.35714285714285715,-0.14285714285714285,0.0
Alistar,Sylas,2,0,0.0,0.35714285714285715,-0.14285714285714285,0.0
Mordekaiser,Sylas,2,0,0.0,0.35714285714285715,-0.14285714285714285,0.0
Braum,Sejuani,2,0,0.0,0.35714285714285715,-0.14285714285714285,0.0
Ornn,Tristana,2,0,0.0,0.35714285714285715,-0.14285714285714285,0.0
Leona,Zeri,2,0,0.0,0.35714285714285715,-0.14285714285714285,0.0
Jax,Renekton,2,0,0.0,0.35714285714285715,-0.14285714285714285,0.0
Ezreal,Tahm Kench,2,0,0.0,0.35714285714285715,-0.14285714285714285,0.0
Tahm Kench,Viktor,2,0,0.0,0.35714285714285715,-0.14285714285714285,0.0
Camille,Miss Fortune,2,0,0.0,0.35714285714285715,-0.14285714285714285,0.0
Camille,Galio,2,0,0.0,0.35714285714285715,-0.14285714285714285,0.0
Ahri,Ziggs,2,0,0.0,0.35714285714285715,-0.14285714285714285,0.0
Fiora,Jayce,2,0,0.0,0.35714285714285715,-0.14285714285714285,0.0
Bard,Volibear,2,0,0.0,0.35714285714285715,-0.14285714285714285,0.0
Ezreal,Lissandra,2,0,0.0,0.35714285714285715,-0.14285714285714285,0.0
Rumble,Yasuo,2,0,0.0,0.35714285714285715,-0.14285714285714285,0.0
Malzahar,Olaf,2,0,0.0,0.35714285714285715,-0.14285714285714285,0.0
Bard,Malphite,2,0,0.0,0.35714285714285715,-0.14285714285714285,0.0
Ashe,Kog'Maw,2,0,0.0,0.35714285714285715,-0.14285714285714285,0.0
Kog'Maw,Seraphine,2,0,0.0,0.35714285714285715,-0.14285714285714285,0.0
Ornn,Senna,2,0,0.0,0.35714285714285715,-0.14285714285714285,0.0
Karma,Yasuo,2,0,0.0,0.35714285714285715,-0.14285714285714285,0.0
Malphite,Veigar,2,0,0.0,0.35714285714285715,-0.14285714285714285,0.0
Rell,Veigar,2,0,0.0,0.35714285714285715,-0.14285714285714285,0.0
Kog'Maw,Viktor,2,0,0.0,0.35714285714285715,-0.14285714285714285,0.0
Anivia,Kha'Zix,2,0,0.0,0.35714285714285715,-0.14285714285714285,0.0
Sejuani,Smolder,2,0,0.0,0.35714285714285715,-0.14285714285714285,0.0
Ezreal,Fizz,2,0,0.0,0.35714285714285715,-0.14285714285714285,0.0
Azir,Mordekaiser,2,0,0.0,0.35714285714285715,-0.14285714285714285,0.0
Maokai,Yorick,2,0,0.0,0.35714285714285715,-0.14285714285714285,0.0
Miss Fortune,Tristana,2,0,0.0,0.35714285714285715,-0.14285714285714285,0.0
Leona,Zyra,2,0,0.0,0.35714285714285715,-0.14285714285714285,0.0
Lee Sin,Sylas,2,0,0.0,0.35714285714285715,-0.14285714285714285,0.0
Shyvana,Viktor,2,0,0.0,0.35714285714285715,-0.14285714285714285,0.0
Gragas,Rell,2,0,0.0,0.35714285714285715,-0.14285714285714285,0.0
Pantheon,Ziggs,2,0,0.0,0.35714285714285715,-0.14285714285714285,0.0
Azir,Senna,2,0,0.0,0.35714285714285715,-0.14285714285714285,0.0
Mordekaiser,Senna,2,0,0.0,0.35714285714285715,-0.14285714285714285,0.0
Aphelios,Rek'Sai,2,0,0.0,0.35714285714285715,-0.14285714285714285,0.0
Aurora,Taliyah,2,0,0.0,0.35714285714285715,-0.14285714285714285,0.0
Maokai,Skarner,2,0,0.0,0.35714285714285715,-0.14285714285714285,0.0
Kog'Maw,Miss Fortune,2,0,0.0,0.35714285714285715,-0.14285714285714285,0.0
Gragas,Mel,2,0,0.0,0.35714285714285715,-0.14285714285714285,0.0
Hwei,Tristana,2,0,0.0,0.35714285714285715,-0.14285714285714285,0.0
Draven,Taliyah,2,0,0.0,0.35714285714285715,-0.14285714285714285,0.0
Camille,Yunara,2,0,0.0,0.35714285714285715,-0.14285714285714285,0.0
Nocturne,Volibear,2,0,0.0,0.35714285714285715,-0.14285714285714285,0.0
Shyvana,Smolder,2,0,0.0,0.35714285714285715,-0.14285714285714285,0.0
Leona,Lux,2,0,0.0,0.35714285714285715,-0.14285714285714285,0.0
Malzahar,Yunara,2,0,0.0,0.35714285714285715,-0.14285714285714285,0.0
Malzahar,Pantheon,2,0,0.0,0.35714285714285715,-0.14285714285714285,0.0
Sivir,Zyra,2,0,0.0,0.35714285714285715,-0.14285714285714285,0.0
Sion,Zyra,2,0,0.0,0.35714285714285715,-0.14285714285714285,0.0
Naafiri,Tristana,2,0,0.0,0.35714285714285715,-0.14285714285714285,0.0
Corki,Rek'Sai,2,0,0.0,0.35714285714285715,-0.14285714285714285,0.0
Jinx,Mel,2,0,0.0,0.35714285714285715,-0.14285714285714285,0.0
Tristana,Twisted Fate,2,0,0.0,0.35714285714285715,-0.14285714285714285,0.0
Mel,Thresh,2,0,0.0,0.35714285714285715,-0.14285714285714285,0.0
Lissandra,Varus,2,0,0.0,0.35714285714285715,-0.14285714285714285,0.0
Jayce,Jhin,19,6,0.3157894736842105,0.3541666666666667,-0.14583333333333331,0.0
Corki,Rumble,19,6,0.3157894736842105,0.3541666666666667,-0.14583333333333331,0.0
Aurora,Neeko,22,7,0.3181818181818182,0.35185185185185186,-0.14814814814814814,0.0
Ambessa,Seraphine,25,8,0.32,0.35,-0.15000000000000002,0.0
Orianna,Thresh,5,1,0.2,0.35,-0.15000000000000002,0.0
Jax,Wukong,5,1,0.2,0.35,-0.15000000000000002,0.0
Ambessa,Braum,5,1,0.2,0.35,-0.15000000000000002,0.0
Annie,Mel,5,1,0.2,0.35,-0.15000000000000002,0.0
Aurora,Gragas,5,1,0.2,0.35,-0.15000000000000002,0.0
Jayce,Yuumi,5,1,0.2,0.35,-0.15000000000000002,0.0
Jayce,Zeri,5,1,0.2,0.35,-0.15000000000000002,0.0
Aatrox,Azir,5,1,0.2,0.35,-0.15000000000000002,0.0
Cho'Gath,Seraphine,5,1,0.2,0.35,-0.15000000000000002,0.0
K'Sante,Yone,5,1,0.2,0.35,-0.15000000000000002,0.0
Gwen,Jhin,5,1,0.2,0.35,-0.15000000000000002,0.0
Mel,Nocturne,5,1,0.2,0.35,-0.15000000000000002,0.0
Ahri,Zeri,5,1,0.2,0.35,-0.15000000000000002,0.0
Leona,Yorick,5,1,0.2,0.35,-0.15000000000000002,0.0
Ahri,Yuumi,5,1,0.2,0.35,-0.15000000000000002,0.0
K'Sante,Twisted Fate,5,1,0.2,0.35,-0.15000000000000002,0.0
Rell,Tristana,5,1,0.2,0.35,-0.15000000000000002,0.0
Aurora,Malphite,5,1,0.2,0.35,-0.15000000000000002,0.0
Rumble,Zaahen,5,1,0.2,0.35,-0.15000000000000002,0.0
Lee Sin,Ziggs,5,1,0.2,0.35,-0.15000000000000002,0.0
Ryze,Sejuani,5,1,0.2,0.35,-0.15000000000000002,0.0
Malphite,Seraphine,5,1,0.2,0.35,-0.15000000000000002,0.0
Vi,Yuumi,5,1,0.2,0.35,-0.15000000000000002,0.0
Akali,Varus,5,1,0.2,0.35,-0.15000000000000002,0.0
Ahri,Pyke,5,1,0.2,0.35,-0.15000000000000002,0.0
Ashe,Rakan,5,1,0.2,0.35,-0.15000000000000002,0.0
Kai'Sa,Yorick,5,1,0.2,0.35,-0.15000000000000002,0.0
Kennen,Viktor,5,1,0.2,0.35,-0.15000000000000002,0.0
Jax,Rakan,5,1,0.2,0.35,-0.15000000000000002,0.0
Neeko,Syndra,5,1,0.2,0.35,-0.15000000000000002,0.0
Rumble,Sylas,5,1,0.2,0.35,-0.15000000000000002,0.0
Jinx,Nautilus,5,1,0.2,0.35,-0.15000000000000002,0.0
Jax,Sejuani,5,1,0.2,0.35,-0.15000000000000002,0.0
Jinx,Lulu,5,1,0.2,0.35,-0.15000000000000002,0.0
Rell,Smolder,5,1,0.2,0.35,-0.15000000000000002,0.0
Karma,Yone,5,1,0.2,0.35,-0.15000000000000002,0.0
Neeko,Sylas,5,1,0.2,0.35,-0.15000000000000002,0.0
Pantheon,Shen,5,1,0.2,0.35,-0.15000000000000002,0.0
Caitlyn,Shen,5,1,0.2,0.35,-0.15000000000000002,0.0
Camille,Xin Zhao,5,1,0.2,0.35,-0.15000000000000002,0.0
Lee Sin,Mel,5,1,0.2,0.35,-0.15000000000000002,0.0
K'Sante,Orianna,28,9,0.32142857142857145,0.3484848484848485,-0.1515151515151515,0.0
Neeko,Pantheon,28,9,0.32142857142857145,0.3484848484848485,-0.1515151515151515,0.0
Braum,Jarvan IV,8,2,0.25,0.34615384615384615,-0.15384615384615385,0.0
Renekton,Xayah,8,2,0.25,0.34615384615384615,-0.15384615384615385,0.0
Lucian,Mel,8,2,0.25,0.34615384615384615,-0.15384615384615385,0.0
Neeko,Skarner,8,2,0.25,0.34615384615384615,-0.15384615384615385,0.0
Ahri,Smolder,8,2,0.25,0.34615384615384615,-0.15384615384615385,0.0
Lee Sin,Leona,8,2,0.25,0.34615384615384615,-0.15384615384615385,0.0
Dr. Mundo,Neeko,8,2,0.25,0.34615384615384615,-0.15384615384615385,0.0
Milio,Zaahen,8,2,0.25,0.34615384615384615,-0.15384615384615385,0.0
Corki,Taliyah,8,2,0.25,0.34615384615384615,-0.15384615384615385,0.0
Alistar,Naafiri,8,2,0.25,0.34615384615384615,-0.15384615384615385,0.0
Aphelios,K'Sante,8,2,0.25,0.34615384615384615,-0.15384615384615385,0.0
Annie,Senna,8,2,0.25,0.34615384615384615,-0.15384615384615385,0.0
Nami,Smolder,8,2,0.25,0.34615384615384615,-0.15384615384615385,0.0
Skarner,Tristana,8,2,0.25,0.34615384615384615,-0.15384615384615385,0.0
Orianna,Xayah,8,2,0.25,0.34615384615384615,-0.15384615384615385,0.0
Sion,Zeri,8,2,0.25,0.34615384615384615,-0.15384615384615385,0.0
Jhin,Sylas,11,3,0.2727272727272727,0.34375,-0.15625,0.0
Azir,Jhin,11,3,0.2727272727272727,0.34375,-0.15625,0.0
Pantheon,Smolder,11,3,0.2727272727272727,0.34375,-0.15625,0.0
Senna,Viktor,11,3,0.2727272727272727,0.34375,-0.15625,0.0
Jayce,Nami,14,4,0.2857142857142857,0.34210526315789475,-0.15789473684210525,0.0
Aurora,Kai'Sa,14,4,0.2857142857142857,0.34210526315789475,-0.15789473684210525,0.0
Lee Sin,Orianna,14,4,0.2857142857142857,0.34210526315789475,-0.15789473684210525,0.0
Mel,Pantheon,14,4,0.2857142857142857,0.34210526315789475,-0.15789473684210525,0.0
Anivia,Wukong,14,4,0.2857142857142857,0.34210526315789475,-0.15789473684210525,0.0
Ambessa,Lulu,17,5,0.29411764705882354,0.3409090909090909,-0.15909090909090912,0.0
Aurora,Renekton,17,5,0.29411764705882354,0.3409090909090909,-0.15909090909090912,0.0
Pantheon,Renekton,23,7,0.30434782608695654,0.3392857142857143,-0.1607142857142857,0.0
Lulu,Skarner,26,8,0.3076923076923077,0.3387096774193548,-0.16129032258064518,0.0
Lulu,Renekton,27,8,0.2962962962962963,0.328125,-0.171875,0.0
Ahri,Gnar,18,5,0.2777777777777778,0.32608695652173914,-0.17391304347826086,0.0
Ambessa,Skarner,15,4,0.26666666666666666,0.325,-0.175,0.0
Karma,Renekton,15,4,0.26666666666666666,0.325,-0.175,0.0
Ambessa,Karma,15,4,0.26666666666666666,0.325,-0.175,0.0
Rell,Ryze,15,4,0.26666666666666666,0.325,-0.175,0.0
Pantheon,Rell,12,3,0.25,0.3235294117647059,-0.1764705882352941,0.0
Nautilus,Sivir,12,3,0.25,0.3235294117647059,-0.1764705882352941,0.0
Skarner,Taliyah,9,2,0.2222222222222222,0.32142857142857145,-0.17857142857142855,0.0
Gwen,Viktor,9,2,0.2222222222222222,0.32142857142857145,-0.17857142857142855,0.0
Aurora,Sion,28,8,0.2857142857142857,0.3181818181818182,-0.18181818181818182,0.0
Mel,Nami,6,1,0.16666666666666666,0.3181818181818182,-0.18181818181818182,0.0
Vayne,Yunara,6,1,0.16666666666666666,0.3181818181818182,-0.18181818181818182,0.0
Gragas,Neeko,6,1,0.16666666666666666,0.3181818181818182,-0.18181818181818182,0.0
Mel,Rell,6,1,0.16666666666666666,0.3181818181818182,-0.18181818181818182,0.0
Miss Fortune,Skarner,6,1,0.16666666666666666,0.3181818181818182,-0.18181818181818182,0.0
Leona,Ziggs,6,1,0.16666666666666666,0.3181818181818182,-0.18181818181818182,0.0
K'Sante,Sylas,6,1,0.16666666666666666,0.3181818181818182,-0.18181818181818182,0.0
Miss Fortune,Twisted Fate,6,1,0.16666666666666666,0.3181818181818182,-0.18181818181818182,0.0
Mel,Neeko,6,1,0.16666666666666666,0.3181818181818182,-0.18181818181818182,0.0
Kai'Sa,Sylas,6,1,0.16666666666666666,0.3181818181818182,-0.18181818181818182,0.0
Alistar,K'Sante,6,1,0.16666666666666666,0.3181818181818182,-0.18181818181818182,0.0
Lucian,Zaahen,6,1,0.16666666666666666,0.3181818181818182,-0.18181818181818182,0.0
Azir,Maokai,6,1,0.16666666666666666,0.3181818181818182,-0.18181818181818182,0.0
Ambessa,Syndra,6,1,0.16666666666666666,0.3181818181818182,-0.18181818181818182,0.0
Aurora,Smolder,6,1,0.16666666666666666,0.3181818181818182,-0.18181818181818182,0.0
LeBlanc,Lucian,6,1,0.16666666666666666,0.3181818181818182,-0.18181818181818182,0.0
Braum,Sion,6,1,0.16666666666666666,0.3181818181818182,-0.18181818181818182,0.0
Braum,Smolder,6,1,0.16666666666666666,0.3181818181818182,-0.18181818181818182,0.0
Sion,Skarner,6,1,0.16666666666666666,0.3181818181818182,-0.18181818181818182,0.0
Nautilus,Renekton,25,7,0.28,0.31666666666666665,-0.18333333333333335,0.0
Jarvan IV,Rell,19,5,0.2631578947368421,0.3125,-0.1875,0.0
K'Sante,Zoe,3,0,0.0,0.3125,-0.1875,0.0
Ambessa,Thresh,3,0,0.0,0.3125,-0.1875,0.0
K'Sante,Xayah,3,0,0.0,0.3125,-0.1875,0.0
Xin Zhao,Zeri,3,0,0.0,0.3125,-0.1875,0.0
Aatrox,Jayce,3,0,0.0,0.3125,-0.1875,0.0
Gragas,Miss Fortune,3,0,0.0,0.3125,-0.1875,0.0
Miss Fortune,Sylas,3,0,0.0,0.3125,-0.1875,0.0
Ahri,Kennen,3,0,0.0,0.3125,-0.1875,0.0
Camille,Seraphine,3,0,0.0,0.3125,-0.1875,0.0
Aatrox,Ornn,3,0,0.0,0.3125,-0.1875,0.0
Ashe,Maokai,3,0,0.0,0.3125,-0.1875,0.0
Maokai,Seraphine,3,0,0.0,0.3125,-0.1875,0.0
Kalista,Pantheon,3,0,0.0,0.3125,-0.1875,0.0
Aphelios,Neeko,3,0,0.0,0.3125,-0.1875,0.0
Syndra,Vayne,3,0,0.0,0.3125,-0.1875,0.0
Orianna,Renata Glasc,3,0,0.0,0.3125,-0.1875,0.0
Camille,Syndra,3,0,0.0,0.3125,-0.1875,0.0
Corki,Karma,3,0,0.0,0.3125,-0.1875,0.0
Gnar,Sylas,3,0,0.0,0.3125,-0.1875,0.0
Sylas,Trundle,3,0,0.0,0.3125,-0.1875,0.0
Azir,Miss Fortune,3,0,0.0,0.3125,-0.1875,0.0
Wukong,Zeri,3,0,0.0,0.3125,-0.1875,0.0
Lulu,Maokai,3,0,0.0,0.3125,-0.1875,0.0
Neeko,Zeri,3,0,0.0,0.3125,-0.1875,0.0
Aatrox,Ziggs,3,0,0.0,0.3125,-0.1875,0.0
Seraphine,Zoe,3,0,0.0,0.3125,-0.1875,0.0
Rell,Yorick,3,0,0.0,0.3125,-0.1875,0.0
Hwei,Miss Fortune,3,0,0.0,0.3125,-0.1875,0.0
Aurora,Ryze,3,0,0.0,0.3125,-0.1875,0.0
Karma,Qiyana,3,0,0.0,0.3125,-0.1875,0.0
Ornn,Qiyana,3,0,0.0,0.3125,-0.1875,0.0
Dr. Mundo,Leona,3,0,0.0,0.3125,-0.1875,0.0
Gnar,Shyvana,3,0,0.0,0.3125,-0.1875,0.0
Lee Sin,Smolder,3,0,0.0,0.3125,-0.1875,0.0
Azir,Shyvana,3,0,0.0,0.3125,-0.1875,0.0
Maokai,Rell,3,0,0.0,0.3125,-0.1875,0.0
Aurora,Poppy,3,0,0.0,0.3125,-0.1875,0.0
Camille,Taliyah,3,0,0.0,0.3125,-0.1875,0.0
Syndra,Volibear,3,0,0.0,0.3125,-0.1875,0.0
Poppy,Vi,3,0,0.0,0.3125,-0.1875,0.0
Azir,Leona,3,0,0.0,0.3125,-0.1875,0.0
Gragas,Viktor,3,0,0.0,0.3125,-0.1875,0.0
Aatrox,Lee Sin,3,0,0.0,0.3125,-0.1875,0.0
Dr. Mundo,Nautilus,3,0,0.0,0.3125,-0.1875,0.0
K'Sante,Lux,3,0,0.0,0.3125,-0.1875,0.0
Skarner,Yasuo,3,0,0.0,0.3125,-0.1875,0.0
Brand,Rell,3,0,0.0,0.3125,-0.1875,0.0
Jinx,Xin Zhao,3,0,0.0,0.3125,-0.1875,0.0
Jinx,Vi,3,0,0.0,0.3125,-0.1875,0.0
Camille,Orianna,3,0,0.0,0.3125,-0.1875,0.0
Gnar,Kog'Maw,3,0,0.0,0.3125,-0.1875,0.0
Fiora,Jhin,3,0,0.0,0.3125,-0.1875,0.0
Azir,Tristana,3,0,0.0,0.3125,-0.1875,0.0
Gnar,Zeri,3,0,0.0,0.3125,-0.1875,0.0
Pantheon,Renata Glasc,3,0,0.0,0.3125,-0.1875,0.0
Leona,Zaahen,3,0,0.0,0.3125,-0.1875,0.0
Camille,Naafiri,3,0,0.0,0.3125,-0.1875,0.0
Veigar,Xin Zhao,3,0,0.0,0.3125,-0.1875,0.0
Kog'Maw,Xin Zhao,3,0,0.0,0.3125,-0.1875,0.0
Aurora,Jinx,3,0,0.0,0.3125,-0.1875,0.0
K'Sante,Zyra,3,0,0.0,0.3125,-0.1875,0.0
Hwei,Sylas,3,0,0.0,0.3125,-0.1875,0.0
Wukong,Ziggs,3,0,0.0,0.3125,-0.1875,0.0
Jayce,Yorick,3,0,0.0,0.3125,-0.1875,0.0
Camille,Leona,3,0,0.0,0.3125,-0.1875,0.0
Taliyah,Yasuo,3,0,0.0,0.3125,-0.1875,0.0
Leona,Tristana,3,0,0.0,0.3125,-0.1875,0.0
Mel,Sejuani,3,0,0.0,0.3125,-0.1875,0.0
Renekton,Varus,16,4,0.25,0.30952380952380953,-0.19047619047619047,0.0
Wukong,Yunara,26,7,0.2692307692307692,0.3064516129032258,-0.1935483870967742,0.0
Ambessa,Xin Zhao,23,6,0.2608695652173913,0.30357142857142855,-0.19642857142857145,0.0
Ahri,Nautilus,23,6,0.2608695652173913,0.30357142857142855,-0.19642857142857145,0.0
Aurora,Yorick,10,2,0.2,0.3,-0.2,0.0
Galio,Varus,10,2,0.2,0.3,-0.2,0.0
Lulu,Varus,10,2,0.2,0.3,-0.2,0.0
K'Sante,Smolder,10,2,0.2,0.3,-0.2,0.0
K'Sante,Nami,27,7,0.25925925925925924,0.296875,-0.203125,0.0
Azir,Gnar,17,4,0.23529411764705882,0.29545454545454547,-0.20454545454545453,0.0
Vi,Yorick,7,1,0.14285714285714285,0.2916666666666667,-0.20833333333333331,0.0
Galio,Naafiri,7,1,0.14285714285714285,0.2916666666666667,-0.20833333333333331,0.0
K'Sante,Leona,7,1,0.14285714285714285,0.2916666666666667,-0.20833333333333331,0.0
Gragas,Naafiri,7,1,0.14285714285714285,0.2916666666666667,-0.20833333333333331,0.0
LeBlanc,Milio,7,1,0.14285714285714285,0.2916666666666667,-0.20833333333333331,0.0
Ezreal,Yone,7,1,0.14285714285714285,0.2916666666666667,-0.20833333333333331,0.0
Gnar,Xayah,7,1,0.14285714285714285,0.2916666666666667,-0.20833333333333331,0.0
Ambessa,Rell,14,3,0.21428571428571427,0.2894736842105263,-0.21052631578947367,0.0
Azir,Xin Zhao,14,3,0.21428571428571427,0.2894736842105263,-0.21052631578947367,0.0
Jhin,Rell,11,2,0.18181818181818182,0.28125,-0.21875,0.0
K'Sante,Wukong,22,5,0.22727272727272727,0.2777777777777778,-0.2222222222222222,0.0
Mel,Pyke,4,0,0.0,0.2777777777777778,-0.2222222222222222,0.0
Skarner,Syndra,4,0,0.0,0.2777777777777778,-0.2222222222222222,0.0
Ezreal,Volibear,4,0,0.0,0.2777777777777778,-0.2222222222222222,0.0
Gwen,Varus,4,0,0.0,0.2777777777777778,-0.2222222222222222,0.0
Draven,Milio,4,0,0.0,0.2777777777777778,-0.2222222222222222,0.0
Vladimir,Wukong,4,0,0.0,0.2777777777777778,-0.2222222222222222,0.0
Gwen,Hwei,4,0,0.0,0.2777777777777778,-0.2222222222222222,0.0
Dr. Mundo,Rumble,4,0,0.0,0.2777777777777778,-0.2222222222222222,0.0
Mel,Rumble,4,0,0.0,0.2777777777777778,-0.2222222222222222,0.0
Leona,Smolder,4,0,0.0,0.2777777777777778,-0.2222222222222222,0.0
Anivia,Smolder,4,0,0.0,0.2777777777777778,-0.2222222222222222,0.0
Camille,Ezreal,4,0,0.0,0.2777777777777778,-0.2222222222222222,0.0
Camille,Nautilus,4,0,0.0,0.2777777777777778,-0.2222222222222222,0.0
Caitlyn,Poppy,4,0,0.0,0.2777777777777778,-0.2222222222222222,0.0
Nautilus,Yorick,4,0,0.0,0.2777777777777778,-0.2222222222222222,0.0
Mordekaiser,Wukong,4,0,0.0,0.2777777777777778,-0.2222222222222222,0.0
Maokai,Mordekaiser,4,0,0.0,0.2777777777777778,-0.2222222222222222,0.0
Corki,Syndra,8,1,0.125,0.2692307692307692,-0.23076923076923078,0.0
Ashe,Syndra,8,1,0.125,0.2692307692307692,-0.23076923076923078,0.0
Leona,Naafiri,8,1,0.125,0.2692307692307692,-0.23076923076923078,0.0
Wukong,Yorick,8,1,0.125,0.2692307692307692,-0.23076923076923078,0.0
Neeko,Yunara,8,1,0.125,0.2692307692307692,-0.23076923076923078,0.0
Miss Fortune,Sion,12,2,0.16666666666666666,0.2647058823529412,-0.23529411764705882,0.0
Lulu,Wukong,25,5,0.2,0.25,-0.25,0.0
Azir,Lulu,13,2,0.15384615384615385,0.25,-0.25,0.0
Ambessa,Viktor,13,2,0.15384615384615385,0.25,-0.25,0.0
Sivir,Viktor,9,1,0.1111111111111111,0.25,-0.25,0.0
Ezreal,Mel,9,1,0.1111111111111111,0.25,-0.25,0.0
Lulu,Xayah,5,0,0.0,0.25,-0.25,0.0
Lee Sin,Viktor,5,0,0.0,0.25,-0.25,0.0
Jhin,Yone,5,0,0.0,0.25,-0.25,0.0
Orianna,Zaahen,5,0,0.0,0.25,-0.25,0.0
Jax,Mel,5,0,0.0,0.25,-0.25,0.0
Rell,Taliyah,5,0,0.0,0.25,-0.25,0.0
Miss Fortune,Pantheon,10,1,0.1,0.23333333333333334,-0.26666666666666666,0.0
Azir,Varus,10,1,0.1,0.23333333333333334,-0.26666666666666666,0.0
Miss Fortune,Yorick,6,0,0.0,0.22727272727272727,-0.2727272727272727,0.0
Camille,Wukong,6,0,0.0,0.22727272727272727,-0.2727272727272727,0.0
Jayce,Mel,15,2,0.13333333333333333,0.225,-0.275,0.0
Azir,Skarner,16,2,0.125,0.21428571428571427,-0.2857142857142857,0.0
Galio,Jayce,7,0,0.0,0.20833333333333334,-0.29166666666666663,0.0
Nami,Syndra,12,1,0.08333333333333333,0.20588235294117646,-0.29411764705882354,0.0
Dr. Mundo,Ezreal,8,0,0.0,0.19230769230769232,-0.3076923076923077,0.0
Aatrox,Tristana,9,0,0.0,0.17857142857142858,-0.3214285714285714,0.0
