source,target,matchup_games,source_wins,source_win_rate,source_win_rate_smoothed,counter_score,weight
Lucian,Ezreal,44,32,0.7272727272727273,0.7040816326530612,0.20408163265306123,8.979591836734695
Seraphine,Jayce,41,30,0.7317073170731707,0.7065217391304348,0.2065217391304348,8.467391304347828
Milio,Ezreal,40,29,0.725,0.7,0.19999999999999996,7.999999999999998
Bard,Aurora,41,29,0.7073170731707317,0.6847826086956522,0.18478260869565222,7.576086956521741
Ashe,Xin Zhao,58,37,0.6379310344827587,0.626984126984127,0.12698412698412698,7.365079365079365
Caitlyn,Lucian,42,29,0.6904761904761905,0.6702127659574468,0.17021276595744683,7.148936170212767
Caitlyn,Milio,36,26,0.7222222222222222,0.6951219512195121,0.19512195121951215,7.024390243902437
Seraphine,Ezreal,49,32,0.6530612244897959,0.6388888888888888,0.13888888888888884,6.805555555555554
Ashe,Jayce,47,31,0.6595744680851063,0.6442307692307693,0.14423076923076927,6.778846153846156
Jarvan IV,Milio,45,30,0.6666666666666666,0.65,0.15000000000000002,6.750000000000001
Seraphine,Wukong,33,24,0.7272727272727273,0.6973684210526315,0.19736842105263153,6.513157894736841
Seraphine,Xin Zhao,60,37,0.6166666666666667,0.6076923076923076,0.10769230769230764,6.461538461538458
Bard,Pantheon,52,33,0.6346153846153846,0.6228070175438597,0.1228070175438597,6.385964912280704
Jarvan IV,Aurora,48,31,0.6458333333333334,0.6320754716981132,0.13207547169811318,6.3396226415094326
Bard,Jhin,42,28,0.6666666666666666,0.648936170212766,0.14893617021276595,6.25531914893617
Akali,Orianna,40,27,0.675,0.6555555555555556,0.15555555555555556,6.222222222222222
Lee Sin,Wukong,23,19,0.8260869565217391,0.7678571428571429,0.2678571428571429,6.1607142857142865
Bard,Karma,61,37,0.6065573770491803,0.5984848484848485,0.09848484848484851,6.007575757575759
Sion,Xin Zhao,57,35,0.6140350877192983,0.6048387096774194,0.10483870967741937,5.975806451612904
Ezreal,Nautilus,49,31,0.6326530612244898,0.6203703703703703,0.12037037037037035,5.898148148148147
Ashe,Mel,45,29,0.6444444444444445,0.63,0.13,5.8500000000000005
Xin Zhao,Mel,22,18,0.8181818181818182,0.7592592592592593,0.2592592592592593,5.703703703703704
Ashe,Ezreal,64,38,0.59375,0.5869565217391305,0.08695652173913049,5.565217391304351
Ezreal,Neeko,29,21,0.7241379310344828,0.6911764705882353,0.19117647058823528,5.544117647058823
Seraphine,Sion,40,26,0.65,0.6333333333333333,0.1333333333333333,5.333333333333332
Bard,Sion,40,26,0.65,0.6333333333333333,0.1333333333333333,5.333333333333332
Annie,Jayce,32,22,0.6875,0.6621621621621622,0.16216216216216217,5.1891891891891895
Anivia,Rumble,28,20,0.7142857142857143,0.6818181818181818,0.18181818181818177,5.09090909090909
Bard,Renekton,28,20,0.7142857142857143,0.6818181818181818,0.18181818181818177,5.09090909090909
Ryze,Xin Zhao,59,35,0.5932203389830508,0.5859375,0.0859375,5.0703125
Pantheon,Xin Zhao,55,33,0.6,0.5916666666666667,0.09166666666666667,5.041666666666667
Nocturne,Ezreal,45,28,0.6222222222222222,0.61,0.10999999999999999,4.949999999999999
Kai'Sa,Ezreal,43,27,0.627906976744186,0.6145833333333334,0.11458333333333337,4.927083333333335
Caitlyn,Xin Zhao,41,26,0.6341463414634146,0.6195652173913043,0.11956521739130432,4.902173913043478
Rumble,Lucian,35,23,0.6571428571428571,0.6375,0.13749999999999996,4.812499999999998
Bard,Nautilus,33,22,0.6666666666666666,0.6447368421052632,0.14473684210526316,4.776315789473684
Rumble,Milio,33,22,0.6666666666666666,0.6447368421052632,0.14473684210526316,4.776315789473684
Bard,Orianna,31,21,0.6774193548387096,0.6527777777777778,0.1527777777777778,4.736111111111112
Caitlyn,Renekton,25,18,0.72,0.6833333333333333,0.18333333333333335,4.583333333333334
Annie,Jarvan IV,25,18,0.72,0.6833333333333333,0.18333333333333335,4.583333333333334
Karma,Orianna,25,18,0.72,0.6833333333333333,0.18333333333333335,4.583333333333334
Jarvan IV,Lucian,52,31,0.5961538461538461,0.5877192982456141,0.08771929824561409,4.5614035087719325
Ezreal,Orianna,44,27,0.6136363636363636,0.6020408163265306,0.10204081632653061,4.4897959183673475
K'Sante,Nautilus,42,26,0.6190476190476191,0.6063829787234043,0.1063829787234043,4.468085106382981
Yunara,Nami,40,25,0.625,0.6111111111111112,0.11111111111111116,4.444444444444446
Nocturne,Jhin,21,16,0.7619047619047619,0.7115384615384616,0.21153846153846156,4.4423076923076925
Bard,Skarner,21,16,0.7619047619047619,0.7115384615384616,0.21153846153846156,4.4423076923076925
Bard,Naafiri,21,16,0.7619047619047619,0.7115384615384616,0.21153846153846156,4.4423076923076925
Anivia,Jarvan IV,21,16,0.7619047619047619,0.7115384615384616,0.21153846153846156,4.4423076923076925
Ahri,Jarvan IV,36,23,0.6388888888888888,0.6219512195121951,0.12195121951219512,4.390243902439025
Jayce,Aurora,34,22,0.6470588235294118,0.6282051282051282,0.1282051282051282,4.358974358974359
Galio,Rumble,30,20,0.6666666666666666,0.6428571428571429,0.1428571428571429,4.285714285714287
Xin Zhao,Jarvan IV,89,49,0.550561797752809,0.5478723404255319,0.0478723404255319,4.260638297872339
Ezreal,Ambessa,28,19,0.6785714285714286,0.6515151515151515,0.1515151515151515,4.242424242424242
Cassiopeia,Milio,28,19,0.6785714285714286,0.6515151515151515,0.1515151515151515,4.242424242424242
Aurora,Renekton,28,19,0.6785714285714286,0.6515151515151515,0.1515151515151515,4.242424242424242
Lee Sin,Renekton,26,18,0.6923076923076923,0.6612903225806451,0.16129032258064513,4.193548387096773
Akali,Xin Zhao,26,18,0.6923076923076923,0.6612903225806451,0.16129032258064513,4.193548387096773
Nocturne,Aurora,26,18,0.6923076923076923,0.6612903225806451,0.16129032258064513,4.193548387096773
Bard,Lulu,26,18,0.6923076923076923,0.6612903225806451,0.16129032258064513,4.193548387096773
Nocturne,Sion,24,17,0.7083333333333334,0.6724137931034483,0.1724137931034483,4.137931034482759
Ahri,Sion,24,17,0.7083333333333334,0.6724137931034483,0.1724137931034483,4.137931034482759
Xin Zhao,Rumble,55,32,0.5818181818181818,0.575,0.07499999999999996,4.124999999999997
Bard,Neeko,51,30,0.5882352941176471,0.5803571428571429,0.0803571428571429,4.098214285714288
Gnar,Renekton,51,30,0.5882352941176471,0.5803571428571429,0.0803571428571429,4.098214285714288
Nautilus,Karma,49,29,0.5918367346938775,0.5833333333333334,0.08333333333333337,4.083333333333335
Xin Zhao,Jayce,49,29,0.5918367346938775,0.5833333333333334,0.08333333333333337,4.083333333333335
Twisted Fate,Aurora,22,16,0.7272727272727273,0.6851851851851852,0.18518518518518523,4.074074074074075
Ahri,Neeko,22,16,0.7272727272727273,0.6851851851851852,0.18518518518518523,4.074074074074075
Caitlyn,Yunara,22,16,0.7272727272727273,0.6851851851851852,0.18518518518518523,4.074074074074075
Seraphine,Jarvan IV,43,26,0.6046511627906976,0.59375,0.09375,4.03125
Corki,Jhin,20,15,0.75,0.7,0.19999999999999996,3.999999999999999
Vayne,Nautilus,13,12,0.9230769230769231,0.8055555555555556,0.3055555555555556,3.9722222222222223
Ryze,K'Sante,37,23,0.6216216216216216,0.6071428571428571,0.1071428571428571,3.9642857142857126
Bard,Yunara,37,23,0.6216216216216216,0.6071428571428571,0.1071428571428571,3.9642857142857126
Rell,Nautilus,35,22,0.6285714285714286,0.6125,0.11250000000000004,3.9375000000000018
Jarvan IV,Orianna,35,22,0.6285714285714286,0.6125,0.11250000000000004,3.9375000000000018
Ashe,Sion,35,22,0.6285714285714286,0.6125,0.11250000000000004,3.9375000000000018
Milio,Nocturne,18,14,0.7777777777777778,0.717391304347826,0.21739130434782605,3.913043478260869
Orianna,Viktor,33,21,0.6363636363636364,0.618421052631579,0.11842105263157898,3.907894736842106
Vi,Sion,33,21,0.6363636363636364,0.618421052631579,0.11842105263157898,3.907894736842106
Annie,Aurora,31,20,0.6451612903225806,0.625,0.125,3.875
Rumble,Viktor,31,20,0.6451612903225806,0.625,0.125,3.875
Xin Zhao,Neeko,27,18,0.6666666666666666,0.640625,0.140625,3.796875
Gnar,Naafiri,27,18,0.6666666666666666,0.640625,0.140625,3.796875
Ahri,K'Sante,27,18,0.6666666666666666,0.640625,0.140625,3.796875
Anivia,Xin Zhao,25,17,0.68,0.65,0.15000000000000002,3.7500000000000004
Lulu,Viktor,25,17,0.68,0.65,0.15000000000000002,3.7500000000000004
Nautilus,Lulu,25,17,0.68,0.65,0.15000000000000002,3.7500000000000004
Rumble,Ezreal,64,36,0.5625,0.5579710144927537,0.05797101449275366,3.710144927536234
Seraphine,Nami,23,16,0.6956521739130435,0.6607142857142857,0.1607142857142857,3.696428571428571
Neeko,Lulu,23,16,0.6956521739130435,0.6607142857142857,0.1607142857142857,3.696428571428571
Neeko,Renekton,23,16,0.6956521739130435,0.6607142857142857,0.1607142857142857,3.696428571428571
Ryze,Azir,23,16,0.6956521739130435,0.6607142857142857,0.1607142857142857,3.696428571428571
Skarner,Ambessa,14,12,0.8571428571428571,0.7631578947368421,0.26315789473684215,3.6842105263157903
Jarvan IV,Azir,14,12,0.8571428571428571,0.7631578947368421,0.26315789473684215,3.6842105263157903
Ryze,Corki,21,15,0.7142857142857143,0.6730769230769231,0.17307692307692313,3.634615384615386
Caitlyn,Lulu,21,15,0.7142857142857143,0.6730769230769231,0.17307692307692313,3.634615384615386
Caitlyn,Wukong,21,15,0.7142857142857143,0.6730769230769231,0.17307692307692313,3.634615384615386
Caitlyn,Aurora,21,15,0.7142857142857143,0.6730769230769231,0.17307692307692313,3.634615384615386
Sion,Karma,46,27,0.5869565217391305,0.5784313725490197,0.07843137254901966,3.6078431372549042
Jarvan IV,Lee Sin,44,26,0.5909090909090909,0.5816326530612245,0.08163265306122447,3.5918367346938767
Ashe,Jarvan IV,44,26,0.5909090909090909,0.5816326530612245,0.08163265306122447,3.5918367346938767
Seraphine,Mel,42,25,0.5952380952380952,0.5851063829787234,0.08510638297872342,3.5744680851063837
Akali,Nami,19,14,0.7368421052631579,0.6875,0.1875,3.5625
Anivia,Milio,19,14,0.7368421052631579,0.6875,0.1875,3.5625
Jarvan IV,Caitlyn,40,24,0.6,0.5888888888888889,0.0888888888888889,3.5555555555555562
Trundle,Yunara,12,11,0.9166666666666666,0.7941176470588235,0.2941176470588235,3.529411764705882
Annie,Ezreal,34,21,0.6176470588235294,0.6025641025641025,0.10256410256410253,3.4871794871794863
Trundle,Nautilus,17,13,0.7647058823529411,0.7045454545454546,0.20454545454545459,3.477272727272728
Seraphine,K'Sante,32,20,0.625,0.6081081081081081,0.10810810810810811,3.4594594594594597
Jarvan IV,Jhin,30,19,0.6333333333333333,0.6142857142857143,0.11428571428571432,3.4285714285714297
Bard,Vi,30,19,0.6333333333333333,0.6142857142857143,0.11428571428571432,3.4285714285714297
Lucian,Wukong,28,18,0.6428571428571429,0.6212121212121212,0.12121212121212122,3.393939393939394
Orianna,Lulu,15,12,0.8,0.725,0.22499999999999998,3.3749999999999996
Rakan,Vi,15,12,0.8,0.725,0.22499999999999998,3.3749999999999996
Cassiopeia,Wukong,15,12,0.8,0.725,0.22499999999999998,3.3749999999999996
Nautilus,Ornn,15,12,0.8,0.725,0.22499999999999998,3.3749999999999996
Vi,Ambessa,26,17,0.6538461538461539,0.6290322580645161,0.12903225806451613,3.354838709677419
Nami,Azir,10,10,1.0,0.8333333333333334,0.33333333333333337,3.333333333333334
Pantheon,Nami,24,16,0.6666666666666666,0.6379310344827587,0.13793103448275867,3.310344827586208
Neeko,Yunara,24,16,0.6666666666666666,0.6379310344827587,0.13793103448275867,3.310344827586208
Sion,Ezreal,73,40,0.547945205479452,0.5448717948717948,0.04487179487179482,3.275641025641022
Gnar,Ambessa,22,15,0.6818181818181818,0.6481481481481481,0.14814814814814814,3.259259259259259
Naafiri,Varus,22,15,0.6818181818181818,0.6481481481481481,0.14814814814814814,3.259259259259259
Anivia,Bard,22,15,0.6818181818181818,0.6481481481481481,0.14814814814814814,3.259259259259259
Ashe,Viktor,22,15,0.6818181818181818,0.6481481481481481,0.14814814814814814,3.259259259259259
Ryze,Ahri,22,15,0.6818181818181818,0.6481481481481481,0.14814814814814814,3.259259259259259
Seraphine,Neeko,13,11,0.8461538461538461,0.75,0.25,3.25
Ashe,Milio,59,33,0.559322033898305,0.5546875,0.0546875,3.2265625
Jarvan IV,Jayce,20,14,0.7,0.66,0.16000000000000003,3.2000000000000006
Anivia,Jayce,20,14,0.7,0.66,0.16000000000000003,3.2000000000000006
Jarvan IV,Renekton,20,14,0.7,0.66,0.16000000000000003,3.2000000000000006
Gnar,Xin Zhao,53,30,0.5660377358490566,0.5603448275862069,0.06034482758620685,3.198275862068963
Rumble,Ryze,47,27,0.574468085106383,0.5673076923076923,0.06730769230769229,3.1634615384615374
Ezreal,Varus,43,25,0.5813953488372093,0.5729166666666666,0.07291666666666663,3.135416666666665
Jarvan IV,Karma,43,25,0.5813953488372093,0.5729166666666666,0.07291666666666663,3.135416666666665
Gnar,Varus,18,13,0.7222222222222222,0.6739130434782609,0.17391304347826086,3.1304347826086953
Akali,Nautilus,18,13,0.7222222222222222,0.6739130434782609,0.17391304347826086,3.1304347826086953
Orianna,Yunara,18,13,0.7222222222222222,0.6739130434782609,0.17391304347826086,3.1304347826086953
Viktor,Jayce,18,13,0.7222222222222222,0.6739130434782609,0.17391304347826086,3.1304347826086953
Lulu,Nami,41,24,0.5853658536585366,0.5760869565217391,0.07608695652173914,3.1195652173913047
Lulu,Xin Zhao,41,24,0.5853658536585366,0.5760869565217391,0.07608695652173914,3.1195652173913047
Gnar,Jarvan IV,39,23,0.5897435897435898,0.5795454545454546,0.07954545454545459,3.102272727272729
Rumble,Vi,37,22,0.5945945945945946,0.5833333333333334,0.08333333333333337,3.083333333333335
Ashe,Rumble,35,21,0.6,0.5875,0.08750000000000002,3.062500000000001
Bard,Ahri,35,21,0.6,0.5875,0.08750000000000002,3.062500000000001
Gnar,Bard,35,21,0.6,0.5875,0.08750000000000002,3.062500000000001
Lucian,Nautilus,35,21,0.6,0.5875,0.08750000000000002,3.062500000000001
Sivir,Ahri,16,12,0.75,0.6904761904761905,0.19047619047619047,3.0476190476190474
Rakan,Lucian,16,12,0.75,0.6904761904761905,0.19047619047619047,3.0476190476190474
Lucian,K'Sante,33,20,0.6060606060606061,0.5921052631578947,0.09210526315789469,3.0394736842105248
Ashe,Wukong,33,20,0.6060606060606061,0.5921052631578947,0.09210526315789469,3.0394736842105248
Gnar,Seraphine,33,20,0.6060606060606061,0.5921052631578947,0.09210526315789469,3.0394736842105248
Ryze,Renekton,31,19,0.6129032258064516,0.5972222222222222,0.09722222222222221,3.0138888888888884
Yunara,Corki,29,18,0.6206896551724138,0.6029411764705882,0.1029411764705882,2.985294117647058
Xin Zhao,Varus,29,18,0.6206896551724138,0.6029411764705882,0.1029411764705882,2.985294117647058
Xin Zhao,Renekton,29,18,0.6206896551724138,0.6029411764705882,0.1029411764705882,2.985294117647058
Milio,Nautilus,29,18,0.6206896551724138,0.6029411764705882,0.1029411764705882,2.985294117647058
Viktor,Karma,29,18,0.6206896551724138,0.6029411764705882,0.1029411764705882,2.985294117647058
Aurora,Ryze,29,18,0.6206896551724138,0.6029411764705882,0.1029411764705882,2.985294117647058
Ashe,Cassiopeia,29,18,0.6206896551724138,0.6029411764705882,0.1029411764705882,2.985294117647058
Zaahen,Sion,27,17,0.6296296296296297,0.609375,0.109375,2.953125
Gnar,K'Sante,27,17,0.6296296296296297,0.609375,0.109375,2.953125
Aurora,Sion,27,17,0.6296296296296297,0.609375,0.109375,2.953125
Nocturne,K'Sante,27,17,0.6296296296296297,0.609375,0.109375,2.953125
Anivia,Aurora,14,11,0.7857142857142857,0.7105263157894737,0.21052631578947367,2.9473684210526314
Anivia,Viktor,14,11,0.7857142857142857,0.7105263157894737,0.21052631578947367,2.9473684210526314
Anivia,Wukong,14,11,0.7857142857142857,0.7105263157894737,0.21052631578947367,2.9473684210526314
Trundle,Xin Zhao,25,16,0.64,0.6166666666666667,0.1166666666666667,2.9166666666666674
Jhin,Skarner,25,16,0.64,0.6166666666666667,0.1166666666666667,2.9166666666666674
Vi,Lulu,25,16,0.64,0.6166666666666667,0.1166666666666667,2.9166666666666674
Gnar,Karma,25,16,0.64,0.6166666666666667,0.1166666666666667,2.9166666666666674
Milio,Ambessa,25,16,0.64,0.6166666666666667,0.1166666666666667,2.9166666666666674
Ashe,Nami,23,15,0.6521739130434783,0.625,0.125,2.875
Lee Sin,Sion,23,15,0.6521739130434783,0.625,0.125,2.875
Cassiopeia,Rumble,23,15,0.6521739130434783,0.625,0.125,2.875
K'Sante,Rumble,86,46,0.5348837209302325,0.532967032967033,0.03296703296703296,2.835164835164835
Vayne,Gnar,21,14,0.6666666666666666,0.6346153846153846,0.13461538461538458,2.826923076923076
Ezreal,Renekton,21,14,0.6666666666666666,0.6346153846153846,0.13461538461538458,2.826923076923076
Nami,Jhin,21,14,0.6666666666666666,0.6346153846153846,0.13461538461538458,2.826923076923076
Rakan,Milio,12,10,0.8333333333333334,0.7352941176470589,0.23529411764705888,2.8235294117647065
Vi,Taliyah,12,10,0.8333333333333334,0.7352941176470589,0.23529411764705888,2.8235294117647065
Ashe,Ahri,19,13,0.6842105263157895,0.6458333333333334,0.14583333333333337,2.770833333333334
Nautilus,Yunara,19,13,0.6842105263157895,0.6458333333333334,0.14583333333333337,2.770833333333334
Ornn,Wukong,19,13,0.6842105263157895,0.6458333333333334,0.14583333333333337,2.770833333333334
Akali,Aurora,19,13,0.6842105263157895,0.6458333333333334,0.14583333333333337,2.770833333333334
Anivia,Ryze,56,31,0.5535714285714286,0.5491803278688525,0.049180327868852514,2.7540983606557408
Jhin,Caitlyn,54,30,0.5555555555555556,0.5508474576271186,0.05084745762711862,2.7457627118644057
Bard,Rumble,50,28,0.56,0.5545454545454546,0.054545454545454564,2.7272727272727284
Jarvan IV,Pantheon,50,28,0.56,0.5545454545454546,0.054545454545454564,2.7272727272727284
Ryze,Bard,50,28,0.56,0.5545454545454546,0.054545454545454564,2.7272727272727284
Lucian,Ryze,48,27,0.5625,0.5566037735849056,0.05660377358490565,2.716981132075471
Kai'Sa,Wukong,17,12,0.7058823529411765,0.6590909090909091,0.15909090909090906,2.704545454545454
Seraphine,Ahri,17,12,0.7058823529411765,0.6590909090909091,0.15909090909090906,2.704545454545454
Anivia,Annie,17,12,0.7058823529411765,0.6590909090909091,0.15909090909090906,2.704545454545454
Trundle,Ryze,17,12,0.7058823529411765,0.6590909090909091,0.15909090909090906,2.704545454545454
Malphite,Gnar,17,12,0.7058823529411765,0.6590909090909091,0.15909090909090906,2.704545454545454
Cassiopeia,Yunara,17,12,0.7058823529411765,0.6590909090909091,0.15909090909090906,2.704545454545454
Renekton,Vi,17,12,0.7058823529411765,0.6590909090909091,0.15909090909090906,2.704545454545454
Yorick,Jayce,44,25,0.5681818181818182,0.5612244897959183,0.061224489795918324,2.6938775510204063
Seraphine,Nautilus,44,25,0.5681818181818182,0.5612244897959183,0.061224489795918324,2.6938775510204063
Ashe,Nautilus,42,24,0.5714285714285714,0.5638297872340425,0.06382978723404253,2.6808510638297864
Vayne,Ambessa,10,9,0.9,0.7666666666666667,0.2666666666666667,2.666666666666667
Naafiri,Maokai,10,9,0.9,0.7666666666666667,0.2666666666666667,2.666666666666667
Rumble,Sion,40,23,0.575,0.5666666666666667,0.06666666666666665,2.666666666666666
Ryze,Lulu,38,22,0.5789473684210527,0.5697674418604651,0.06976744186046513,2.6511627906976747
Nocturne,Bard,36,21,0.5833333333333334,0.573170731707317,0.07317073170731703,2.634146341463413
Milio,Xin Zhao,36,21,0.5833333333333334,0.573170731707317,0.07317073170731703,2.634146341463413
Vi,Ryze,36,21,0.5833333333333334,0.573170731707317,0.07317073170731703,2.634146341463413
Gnar,Nautilus,36,21,0.5833333333333334,0.573170731707317,0.07317073170731703,2.634146341463413
Bard,Ornn,15,11,0.7333333333333333,0.675,0.17500000000000004,2.625000000000001
Twisted Fate,Jhin,15,11,0.7333333333333333,0.675,0.17500000000000004,2.625000000000001
Rumble,Yorick,15,11,0.7333333333333333,0.675,0.17500000000000004,2.625000000000001
Xayah,Lucian,15,11,0.7333333333333333,0.675,0.17500000000000004,2.625000000000001
Aatrox,Viktor,15,11,0.7333333333333333,0.675,0.17500000000000004,2.625000000000001
Trundle,Lulu,15,11,0.7333333333333333,0.675,0.17500000000000004,2.625000000000001
Nami,Jarvan IV,34,20,0.5882352941176471,0.5769230769230769,0.07692307692307687,2.6153846153846136
Cassiopeia,Xin Zhao,32,19,0.59375,0.581081081081081,0.08108108108108103,2.594594594594593
Vi,K'Sante,32,19,0.59375,0.581081081081081,0.08108108108108103,2.594594594594593
Caitlyn,Sion,32,19,0.59375,0.581081081081081,0.08108108108108103,2.594594594594593
Cassiopeia,Lucian,30,18,0.6,0.5857142857142857,0.08571428571428574,2.571428571428572
Nocturne,Wukong,30,18,0.6,0.5857142857142857,0.08571428571428574,2.571428571428572
Karma,Naafiri,30,18,0.6,0.5857142857142857,0.08571428571428574,2.571428571428572
Jayce,Wukong,28,17,0.6071428571428571,0.5909090909090909,0.09090909090909094,2.5454545454545463
Sion,Jhin,28,17,0.6071428571428571,0.5909090909090909,0.09090909090909094,2.5454545454545463
Caitlyn,Ahri,28,17,0.6071428571428571,0.5909090909090909,0.09090909090909094,2.5454545454545463
Orianna,Seraphine,28,17,0.6071428571428571,0.5909090909090909,0.09090909090909094,2.5454545454545463
Rakan,Ahri,13,10,0.7692307692307693,0.6944444444444444,0.19444444444444442,2.5277777777777777
Rakan,Xin Zhao,13,10,0.7692307692307693,0.6944444444444444,0.19444444444444442,2.5277777777777777
Rakan,Ryze,13,10,0.7692307692307693,0.6944444444444444,0.19444444444444442,2.5277777777777777
Jarvan IV,Cassiopeia,26,16,0.6153846153846154,0.5967741935483871,0.09677419354838712,2.516129032258065
Milio,Wukong,26,16,0.6153846153846154,0.5967741935483871,0.09677419354838712,2.516129032258065
Nocturne,Orianna,26,16,0.6153846153846154,0.5967741935483871,0.09677419354838712,2.516129032258065
Cassiopeia,Viktor,26,16,0.6153846153846154,0.5967741935483871,0.09677419354838712,2.516129032258065
Aurora,Vi,26,16,0.6153846153846154,0.5967741935483871,0.09677419354838712,2.516129032258065
Lucian,Ambessa,26,16,0.6153846153846154,0.5967741935483871,0.09677419354838712,2.516129032258065
Ashe,Lee Sin,26,16,0.6153846153846154,0.5967741935483871,0.09677419354838712,2.516129032258065
Aurora,Jhin,24,15,0.625,0.603448275862069,0.10344827586206895,2.482758620689655
Vi,Pantheon,24,15,0.625,0.603448275862069,0.10344827586206895,2.482758620689655
Vayne,Karma,8,8,1.0,0.8076923076923077,0.3076923076923077,2.4615384615384617
Xayah,Taliyah,8,8,1.0,0.8076923076923077,0.3076923076923077,2.4615384615384617
Vayne,Yunara,8,8,1.0,0.8076923076923077,0.3076923076923077,2.4615384615384617
Seraphine,Ambessa,22,14,0.6363636363636364,0.6111111111111112,0.11111111111111116,2.4444444444444455
Vi,Nautilus,22,14,0.6363636363636364,0.6111111111111112,0.11111111111111116,2.4444444444444455
K'Sante,Aurora,22,14,0.6363636363636364,0.6111111111111112,0.11111111111111116,2.4444444444444455
Vayne,Jhin,11,9,0.8181818181818182,0.71875,0.21875,2.40625
Nami,Galio,11,9,0.8181818181818182,0.71875,0.21875,2.40625
Trundle,Cassiopeia,11,9,0.8181818181818182,0.71875,0.21875,2.40625
Akali,Corki,11,9,0.8181818181818182,0.71875,0.21875,2.40625
Kai'Sa,Aurora,11,9,0.8181818181818182,0.71875,0.21875,2.40625
Rell,Lee Sin,11,9,0.8181818181818182,0.71875,0.21875,2.40625
Syndra,Varus,11,9,0.8181818181818182,0.71875,0.21875,2.40625
Orianna,Rell,11,9,0.8181818181818182,0.71875,0.21875,2.40625
Rell,Jhin,11,9,0.8181818181818182,0.71875,0.21875,2.40625
Vi,Neeko,20,13,0.65,0.62,0.12,2.4
Gnar,Miss Fortune,20,13,0.65,0.62,0.12,2.4
Neeko,Varus,20,13,0.65,0.62,0.12,2.4
Ezreal,Karma,81,43,0.5308641975308642,0.5290697674418605,0.029069767441860517,2.354651162790702
Aatrox,Lulu,18,12,0.6666666666666666,0.6304347826086957,0.13043478260869568,2.3478260869565224
Seraphine,Syndra,18,12,0.6666666666666666,0.6304347826086957,0.13043478260869568,2.3478260869565224
Anivia,Sion,18,12,0.6666666666666666,0.6304347826086957,0.13043478260869568,2.3478260869565224
Ryze,Ambessa,18,12,0.6666666666666666,0.6304347826086957,0.13043478260869568,2.3478260869565224
Nami,Lee Sin,18,12,0.6666666666666666,0.6304347826086957,0.13043478260869568,2.3478260869565224
Ashe,Lucian,61,33,0.5409836065573771,0.5378787878787878,0.037878787878787845,2.3106060606060588
Caitlyn,Orianna,16,11,0.6875,0.6428571428571429,0.1428571428571429,2.2857142857142865
Wukong,Naafiri,16,11,0.6875,0.6428571428571429,0.1428571428571429,2.2857142857142865
Sivir,Jhin,16,11,0.6875,0.6428571428571429,0.1428571428571429,2.2857142857142865
Lucian,Nocturne,16,11,0.6875,0.6428571428571429,0.1428571428571429,2.2857142857142865
Anivia,Nami,16,11,0.6875,0.6428571428571429,0.1428571428571429,2.2857142857142865
Akali,Renekton,16,11,0.6875,0.6428571428571429,0.1428571428571429,2.2857142857142865
Corki,Gnar,16,11,0.6875,0.6428571428571429,0.1428571428571429,2.2857142857142865
Ryze,Rell,16,11,0.6875,0.6428571428571429,0.1428571428571429,2.2857142857142865
Bard,Ezreal,53,29,0.5471698113207547,0.5431034482758621,0.0431034482758621,2.2844827586206913
Ezreal,Yunara,45,25,0.5555555555555556,0.55,0.050000000000000044,2.2500000000000018
Cassiopeia,Ambessa,9,8,0.8888888888888888,0.75,0.25,2.25
Gwen,Lulu,9,8,0.8888888888888888,0.75,0.25,2.25
Varus,Sylas,9,8,0.8888888888888888,0.75,0.25,2.25
Vi,Shen,9,8,0.8888888888888888,0.75,0.25,2.25
Ornn,Rell,9,8,0.8888888888888888,0.75,0.25,2.25
Vayne,Orianna,9,8,0.8888888888888888,0.75,0.25,2.25
Olaf,Xin Zhao,9,8,0.8888888888888888,0.75,0.25,2.25
Skarner,Mel,9,8,0.8888888888888888,0.75,0.25,2.25
Skarner,Pantheon,43,24,0.5581395348837209,0.5520833333333334,0.05208333333333337,2.239583333333335
Jarvan IV,Vi,43,24,0.5581395348837209,0.5520833333333334,0.05208333333333337,2.239583333333335
Rumble,Aurora,41,23,0.5609756097560976,0.5543478260869565,0.05434782608695654,2.228260869565218
Trundle,K'Sante,14,10,0.7142857142857143,0.6578947368421053,0.1578947368421053,2.2105263157894743
Vi,Lee Sin,14,10,0.7142857142857143,0.6578947368421053,0.1578947368421053,2.2105263157894743
Viktor,Mel,14,10,0.7142857142857143,0.6578947368421053,0.1578947368421053,2.2105263157894743
Zaahen,Renekton,14,10,0.7142857142857143,0.6578947368421053,0.1578947368421053,2.2105263157894743
Twisted Fate,Seraphine,14,10,0.7142857142857143,0.6578947368421053,0.1578947368421053,2.2105263157894743
Viktor,Sylas,14,10,0.7142857142857143,0.6578947368421053,0.1578947368421053,2.2105263157894743
Jhin,Syndra,14,10,0.7142857142857143,0.6578947368421053,0.1578947368421053,2.2105263157894743
Ashe,Rell,14,10,0.7142857142857143,0.6578947368421053,0.1578947368421053,2.2105263157894743
Gnar,Azir,14,10,0.7142857142857143,0.6578947368421053,0.1578947368421053,2.2105263157894743
Ahri,Jhin,14,10,0.7142857142857143,0.6578947368421053,0.1578947368421053,2.2105263157894743
Syndra,Nautilus,14,10,0.7142857142857143,0.6578947368421053,0.1578947368421053,2.2105263157894743
Annie,Xin Zhao,37,21,0.5675675675675675,0.5595238095238095,0.059523809523809534,2.2023809523809526
Rumble,Karma,37,21,0.5675675675675675,0.5595238095238095,0.059523809523809534,2.2023809523809526
Caitlyn,Pantheon,37,21,0.5675675675675675,0.5595238095238095,0.059523809523809534,2.2023809523809526
Jarvan IV,Yunara,37,21,0.5675675675675675,0.5595238095238095,0.059523809523809534,2.2023809523809526
Ryze,Wukong,35,20,0.5714285714285714,0.5625,0.0625,2.1875
Pantheon,K'Sante,35,20,0.5714285714285714,0.5625,0.0625,2.1875
Vi,Karma,33,19,0.5757575757575758,0.5657894736842105,0.06578947368421051,2.171052631578947
Ezreal,Naafiri,33,19,0.5757575757575758,0.5657894736842105,0.06578947368421051,2.171052631578947
Nautilus,Sion,33,19,0.5757575757575758,0.5657894736842105,0.06578947368421051,2.171052631578947
Ashe,Vi,33,19,0.5757575757575758,0.5657894736842105,0.06578947368421051,2.171052631578947
Cassiopeia,Ezreal,33,19,0.5757575757575758,0.5657894736842105,0.06578947368421051,2.171052631578947
Jhin,Rumble,31,18,0.5806451612903226,0.5694444444444444,0.06944444444444442,2.152777777777777
Lucian,Viktor,29,17,0.5862068965517241,0.5735294117647058,0.07352941176470584,2.1323529411764692
Milio,K'Sante,29,17,0.5862068965517241,0.5735294117647058,0.07352941176470584,2.1323529411764692
Nami,Rumble,29,17,0.5862068965517241,0.5735294117647058,0.07352941176470584,2.1323529411764692
Ahri,Lucian,29,17,0.5862068965517241,0.5735294117647058,0.07352941176470584,2.1323529411764692
Seraphine,Cassiopeia,29,17,0.5862068965517241,0.5735294117647058,0.07352941176470584,2.1323529411764692
Seraphine,Corki,12,9,0.75,0.6764705882352942,0.17647058823529416,2.11764705882353
Nami,Nautilus,12,9,0.75,0.6764705882352942,0.17647058823529416,2.11764705882353
Anivia,Ahri,12,9,0.75,0.6764705882352942,0.17647058823529416,2.11764705882353
Jarvan IV,Syndra,12,9,0.75,0.6764705882352942,0.17647058823529416,2.11764705882353
Yorick,Caitlyn,12,9,0.75,0.6764705882352942,0.17647058823529416,2.11764705882353
Ryze,Sivir,12,9,0.75,0.6764705882352942,0.17647058823529416,2.11764705882353
Varus,Braum,12,9,0.75,0.6764705882352942,0.17647058823529416,2.11764705882353
Corki,Ahri,12,9,0.75,0.6764705882352942,0.17647058823529416,2.11764705882353
Lucian,Miss Fortune,12,9,0.75,0.6764705882352942,0.17647058823529416,2.11764705882353
Taliyah,Milio,12,9,0.75,0.6764705882352942,0.17647058823529416,2.11764705882353
Ahri,Mel,12,9,0.75,0.6764705882352942,0.17647058823529416,2.11764705882353
Nami,Taliyah,12,9,0.75,0.6764705882352942,0.17647058823529416,2.11764705882353
Ezreal,Miss Fortune,12,9,0.75,0.6764705882352942,0.17647058823529416,2.11764705882353
Rakan,Orianna,12,9,0.75,0.6764705882352942,0.17647058823529416,2.11764705882353
Rakan,Yunara,12,9,0.75,0.6764705882352942,0.17647058823529416,2.11764705882353
Cassiopeia,Syndra,12,9,0.75,0.6764705882352942,0.17647058823529416,2.11764705882353
Nami,Gnar,27,16,0.5925925925925926,0.578125,0.078125,2.109375
Rumble,Wukong,27,16,0.5925925925925926,0.578125,0.078125,2.109375
Aurora,Karma,27,16,0.5925925925925926,0.578125,0.078125,2.109375
Vi,Wukong,27,16,0.5925925925925926,0.578125,0.078125,2.109375
Jhin,Seraphine,27,16,0.5925925925925926,0.578125,0.078125,2.109375
Wukong,K'Sante,25,15,0.6,0.5833333333333334,0.08333333333333337,2.0833333333333344
Anivia,Caitlyn,25,15,0.6,0.5833333333333334,0.08333333333333337,2.0833333333333344
Viktor,Ambessa,25,15,0.6,0.5833333333333334,0.08333333333333337,2.0833333333333344
Nautilus,Caitlyn,25,15,0.6,0.5833333333333334,0.08333333333333337,2.0833333333333344
Caitlyn,Karma,25,15,0.6,0.5833333333333334,0.08333333333333337,2.0833333333333344
Ryze,Skarner,25,15,0.6,0.5833333333333334,0.08333333333333337,2.0833333333333344
Sion,Naafiri,23,14,0.6086956521739131,0.5892857142857143,0.0892857142857143,2.053571428571429
Akali,Rumble,23,14,0.6086956521739131,0.5892857142857143,0.0892857142857143,2.053571428571429
Olaf,Jayce,7,7,1.0,0.7916666666666666,0.29166666666666663,2.0416666666666665
Corki,Azir,7,7,1.0,0.7916666666666666,0.29166666666666663,2.0416666666666665
Lucian,Rell,7,7,1.0,0.7916666666666666,0.29166666666666663,2.0416666666666665
Aurora,Smolder,7,7,1.0,0.7916666666666666,0.29166666666666663,2.0416666666666665
Vayne,Skarner,7,7,1.0,0.7916666666666666,0.29166666666666663,2.0416666666666665
Seraphine,Skarner,21,13,0.6190476190476191,0.5961538461538461,0.09615384615384615,2.019230769230769
Aurora,Skarner,21,13,0.6190476190476191,0.5961538461538461,0.09615384615384615,2.019230769230769
Vi,Ahri,21,13,0.6190476190476191,0.5961538461538461,0.09615384615384615,2.019230769230769
Lucian,Milio,21,13,0.6190476190476191,0.5961538461538461,0.09615384615384615,2.019230769230769
Jayce,Nami,21,13,0.6190476190476191,0.5961538461538461,0.09615384615384615,2.019230769230769
Gnar,Cassiopeia,21,13,0.6190476190476191,0.5961538461538461,0.09615384615384615,2.019230769230769
Nocturne,Lulu,21,13,0.6190476190476191,0.5961538461538461,0.09615384615384615,2.019230769230769
Jarvan IV,Varus,21,13,0.6190476190476191,0.5961538461538461,0.09615384615384615,2.019230769230769
Ahri,Lee Sin,10,8,0.8,0.7,0.19999999999999996,1.9999999999999996
Hwei,Wukong,10,8,0.8,0.7,0.19999999999999996,1.9999999999999996
Sejuani,Nami,10,8,0.8,0.7,0.19999999999999996,1.9999999999999996
Kai'Sa,Karma,10,8,0.8,0.7,0.19999999999999996,1.9999999999999996
Aatrox,Orianna,10,8,0.8,0.7,0.19999999999999996,1.9999999999999996
Ashe,Neeko,10,8,0.8,0.7,0.19999999999999996,1.9999999999999996
Lucian,Jhin,10,8,0.8,0.7,0.19999999999999996,1.9999999999999996
Xin Zhao,Zeri,10,8,0.8,0.7,0.19999999999999996,1.9999999999999996
Ashe,Galio,10,8,0.8,0.7,0.19999999999999996,1.9999999999999996
Orianna,Wukong,19,12,0.631578947368421,0.6041666666666666,0.10416666666666663,1.979166666666666
Kai'Sa,Xin Zhao,19,12,0.631578947368421,0.6041666666666666,0.10416666666666663,1.979166666666666
Jarvan IV,Ornn,19,12,0.631578947368421,0.6041666666666666,0.10416666666666663,1.979166666666666
Nocturne,Seraphine,19,12,0.631578947368421,0.6041666666666666,0.10416666666666663,1.979166666666666
Rumble,Neeko,19,12,0.631578947368421,0.6041666666666666,0.10416666666666663,1.979166666666666
Nami,Bard,19,12,0.631578947368421,0.6041666666666666,0.10416666666666663,1.979166666666666
Orianna,Ashe,19,12,0.631578947368421,0.6041666666666666,0.10416666666666663,1.979166666666666
Viktor,Ahri,19,12,0.631578947368421,0.6041666666666666,0.10416666666666663,1.979166666666666
Naafiri,Lucian,19,12,0.631578947368421,0.6041666666666666,0.10416666666666663,1.979166666666666
Naafiri,Milio,19,12,0.631578947368421,0.6041666666666666,0.10416666666666663,1.979166666666666
Ashe,Yunara,19,12,0.631578947368421,0.6041666666666666,0.10416666666666663,1.979166666666666
Seraphine,Yunara,19,12,0.631578947368421,0.6041666666666666,0.10416666666666663,1.979166666666666
Yunara,Karma,19,12,0.631578947368421,0.6041666666666666,0.10416666666666663,1.979166666666666
Akali,K'Sante,19,12,0.631578947368421,0.6041666666666666,0.10416666666666663,1.979166666666666
Caitlyn,Viktor,19,12,0.631578947368421,0.6041666666666666,0.10416666666666663,1.979166666666666
Cassiopeia,Lee Sin,19,12,0.631578947368421,0.6041666666666666,0.10416666666666663,1.979166666666666
Renekton,Ambessa,19,12,0.631578947368421,0.6041666666666666,0.10416666666666663,1.979166666666666
Jhin,Ambessa,19,12,0.631578947368421,0.6041666666666666,0.10416666666666663,1.979166666666666
Cassiopeia,Jhin,17,11,0.6470588235294118,0.6136363636363636,0.11363636363636365,1.931818181818182
Yunara,Lulu,17,11,0.6470588235294118,0.6136363636363636,0.11363636363636365,1.931818181818182
Taliyah,Wukong,17,11,0.6470588235294118,0.6136363636363636,0.11363636363636365,1.931818181818182
Seraphine,Taliyah,17,11,0.6470588235294118,0.6136363636363636,0.11363636363636365,1.931818181818182
Xayah,Vi,17,11,0.6470588235294118,0.6136363636363636,0.11363636363636365,1.931818181818182
Skarner,Ahri,17,11,0.6470588235294118,0.6136363636363636,0.11363636363636365,1.931818181818182
Jayce,Vi,17,11,0.6470588235294118,0.6136363636363636,0.11363636363636365,1.931818181818182
Ryze,Neeko,17,11,0.6470588235294118,0.6136363636363636,0.11363636363636365,1.931818181818182
Rakan,Bard,17,11,0.6470588235294118,0.6136363636363636,0.11363636363636365,1.931818181818182
Ashe,Senna,17,11,0.6470588235294118,0.6136363636363636,0.11363636363636365,1.931818181818182
Anivia,Lucian,17,11,0.6470588235294118,0.6136363636363636,0.11363636363636365,1.931818181818182
Annie,Ambessa,17,11,0.6470588235294118,0.6136363636363636,0.11363636363636365,1.931818181818182
Anivia,Seraphine,17,11,0.6470588235294118,0.6136363636363636,0.11363636363636365,1.931818181818182
Galio,Nautilus,15,10,0.6666666666666666,0.625,0.125,1.875
Ashe,Ambessa,15,10,0.6666666666666666,0.625,0.125,1.875
Naafiri,Yunara,15,10,0.6666666666666666,0.625,0.125,1.875
Pantheon,Corki,15,10,0.6666666666666666,0.625,0.125,1.875
Sivir,Renekton,15,10,0.6666666666666666,0.625,0.125,1.875
Twisted Fate,Lulu,15,10,0.6666666666666666,0.625,0.125,1.875
Azir,Karma,15,10,0.6666666666666666,0.625,0.125,1.875
Caitlyn,Naafiri,15,10,0.6666666666666666,0.625,0.125,1.875
Nautilus,Azir,15,10,0.6666666666666666,0.625,0.125,1.875
Ezreal,Jarvan IV,60,32,0.5333333333333333,0.5307692307692308,0.03076923076923077,1.8461538461538463
Corki,Xayah,8,7,0.875,0.7307692307692307,0.23076923076923073,1.8461538461538458
Gwen,Wukong,8,7,0.875,0.7307692307692307,0.23076923076923073,1.8461538461538458
Renekton,Kennen,8,7,0.875,0.7307692307692307,0.23076923076923073,1.8461538461538458
Renekton,Aatrox,8,7,0.875,0.7307692307692307,0.23076923076923073,1.8461538461538458
Kai'Sa,Naafiri,8,7,0.875,0.7307692307692307,0.23076923076923073,1.8461538461538458
Rell,Karma,8,7,0.875,0.7307692307692307,0.23076923076923073,1.8461538461538458
Seraphine,Camille,8,7,0.875,0.7307692307692307,0.23076923076923073,1.8461538461538458
Nocturne,Rell,8,7,0.875,0.7307692307692307,0.23076923076923073,1.8461538461538458
Kai'Sa,Orianna,8,7,0.875,0.7307692307692307,0.23076923076923073,1.8461538461538458
Cassiopeia,Mel,8,7,0.875,0.7307692307692307,0.23076923076923073,1.8461538461538458
Ashe,Camille,8,7,0.875,0.7307692307692307,0.23076923076923073,1.8461538461538458
Shen,Renekton,8,7,0.875,0.7307692307692307,0.23076923076923073,1.8461538461538458
LeBlanc,Karma,8,7,0.875,0.7307692307692307,0.23076923076923073,1.8461538461538458
Renekton,Varus,13,9,0.6923076923076923,0.6388888888888888,0.13888888888888884,1.805555555555555
Sion,Hwei,13,9,0.6923076923076923,0.6388888888888888,0.13888888888888884,1.805555555555555
Vi,Jhin,13,9,0.6923076923076923,0.6388888888888888,0.13888888888888884,1.805555555555555
Xayah,Milio,13,9,0.6923076923076923,0.6388888888888888,0.13888888888888884,1.805555555555555
Galio,Wukong,13,9,0.6923076923076923,0.6388888888888888,0.13888888888888884,1.805555555555555
Lee Sin,Lulu,13,9,0.6923076923076923,0.6388888888888888,0.13888888888888884,1.805555555555555
Bard,Gwen,13,9,0.6923076923076923,0.6388888888888888,0.13888888888888884,1.805555555555555
Orianna,Ahri,13,9,0.6923076923076923,0.6388888888888888,0.13888888888888884,1.805555555555555
Lee Sin,Neeko,13,9,0.6923076923076923,0.6388888888888888,0.13888888888888884,1.805555555555555
Miss Fortune,Jhin,13,9,0.6923076923076923,0.6388888888888888,0.13888888888888884,1.805555555555555
Jarvan IV,Skarner,13,9,0.6923076923076923,0.6388888888888888,0.13888888888888884,1.805555555555555
Senna,Lucian,13,9,0.6923076923076923,0.6388888888888888,0.13888888888888884,1.805555555555555
Anivia,Lee Sin,13,9,0.6923076923076923,0.6388888888888888,0.13888888888888884,1.805555555555555
Ashe,Syndra,13,9,0.6923076923076923,0.6388888888888888,0.13888888888888884,1.805555555555555
Twisted Fate,Nami,13,9,0.6923076923076923,0.6388888888888888,0.13888888888888884,1.805555555555555
Ahri,Aurora,46,25,0.5434782608695652,0.5392156862745098,0.039215686274509776,1.8039215686274497
Jayce,Sion,44,24,0.5454545454545454,0.5408163265306123,0.04081632653061229,1.7959183673469408
Gnar,Ryze,42,23,0.5476190476190477,0.5425531914893617,0.04255319148936165,1.7872340425531894
Lucian,Xin Zhao,42,23,0.5476190476190477,0.5425531914893617,0.04255319148936165,1.7872340425531894
Seraphine,Ryze,40,22,0.55,0.5444444444444444,0.0444444444444444,1.777777777777776
Gnar,Sion,38,21,0.5526315789473685,0.5465116279069767,0.046511627906976716,1.7674418604651152
Xin Zhao,Karma,38,21,0.5526315789473685,0.5465116279069767,0.046511627906976716,1.7674418604651152
Gnar,Ezreal,36,20,0.5555555555555556,0.5487804878048781,0.04878048780487809,1.7560975609756113
Jarvan IV,Wukong,36,20,0.5555555555555556,0.5487804878048781,0.04878048780487809,1.7560975609756113
Bard,Ashe,36,20,0.5555555555555556,0.5487804878048781,0.04878048780487809,1.7560975609756113
Yunara,Milio,36,20,0.5555555555555556,0.5487804878048781,0.04878048780487809,1.7560975609756113
Lucian,Bard,36,20,0.5555555555555556,0.5487804878048781,0.04878048780487809,1.7560975609756113
Nautilus,Aurora,34,19,0.5588235294117647,0.5512820512820513,0.05128205128205132,1.743589743589745
Caitlyn,Neeko,34,19,0.5588235294117647,0.5512820512820513,0.05128205128205132,1.743589743589745
Ryze,Yunara,34,19,0.5588235294117647,0.5512820512820513,0.05128205128205132,1.743589743589745
Nautilus,Wukong,34,19,0.5588235294117647,0.5512820512820513,0.05128205128205132,1.743589743589745
Viktor,Ryze,34,19,0.5588235294117647,0.5512820512820513,0.05128205128205132,1.743589743589745
Ahri,Ezreal,32,18,0.5625,0.5540540540540541,0.05405405405405406,1.7297297297297298
Nami,Xayah,11,8,0.7272727272727273,0.65625,0.15625,1.71875
Anivia,K'Sante,11,8,0.7272727272727273,0.65625,0.15625,1.71875
Zaahen,Jhin,11,8,0.7272727272727273,0.65625,0.15625,1.71875
Ezreal,Yorick,11,8,0.7272727272727273,0.65625,0.15625,1.71875
Sivir,Nami,11,8,0.7272727272727273,0.65625,0.15625,1.71875
Milio,Miss Fortune,11,8,0.7272727272727273,0.65625,0.15625,1.71875
Twisted Fate,Yunara,11,8,0.7272727272727273,0.65625,0.15625,1.71875
Ezreal,Smolder,11,8,0.7272727272727273,0.65625,0.15625,1.71875
Ahri,Naafiri,11,8,0.7272727272727273,0.65625,0.15625,1.71875
Yunara,Azir,11,8,0.7272727272727273,0.65625,0.15625,1.71875
Ryze,Zaahen,11,8,0.7272727272727273,0.65625,0.15625,1.71875
Ahri,Nautilus,11,8,0.7272727272727273,0.65625,0.15625,1.71875
Bard,Jayce,30,17,0.5666666666666667,0.5571428571428572,0.05714285714285716,1.7142857142857149
Ryze,Jhin,30,17,0.5666666666666667,0.5571428571428572,0.05714285714285716,1.7142857142857149
Yunara,K'Sante,30,17,0.5666666666666667,0.5571428571428572,0.05714285714285716,1.7142857142857149
Rumble,Orianna,28,16,0.5714285714285714,0.5606060606060606,0.06060606060606055,1.6969696969696955
Pantheon,Nocturne,28,16,0.5714285714285714,0.5606060606060606,0.06060606060606055,1.6969696969696955
Viktor,Gnar,28,16,0.5714285714285714,0.5606060606060606,0.06060606060606055,1.6969696969696955
Lulu,K'Sante,28,16,0.5714285714285714,0.5606060606060606,0.06060606060606055,1.6969696969696955
Karma,Ashe,28,16,0.5714285714285714,0.5606060606060606,0.06060606060606055,1.6969696969696955
Caitlyn,Ashe,28,16,0.5714285714285714,0.5606060606060606,0.06060606060606055,1.6969696969696955
Yunara,Pantheon,26,15,0.5769230769230769,0.5645161290322581,0.06451612903225812,1.677419354838711
Nami,Wukong,26,15,0.5769230769230769,0.5645161290322581,0.06451612903225812,1.677419354838711
Varus,Rumble,26,15,0.5769230769230769,0.5645161290322581,0.06451612903225812,1.677419354838711
Milio,Viktor,26,15,0.5769230769230769,0.5645161290322581,0.06451612903225812,1.677419354838711
Ryze,Taliyah,26,15,0.5769230769230769,0.5645161290322581,0.06451612903225812,1.677419354838711
Aatrox,Sion,24,14,0.5833333333333334,0.5689655172413793,0.06896551724137934,1.655172413793104
Bard,Lee Sin,24,14,0.5833333333333334,0.5689655172413793,0.06896551724137934,1.655172413793104
Caitlyn,Annie,24,14,0.5833333333333334,0.5689655172413793,0.06896551724137934,1.655172413793104
Viktor,Pantheon,24,14,0.5833333333333334,0.5689655172413793,0.06896551724137934,1.655172413793104
Seraphine,Viktor,24,14,0.5833333333333334,0.5689655172413793,0.06896551724137934,1.655172413793104
Karma,Ambessa,24,14,0.5833333333333334,0.5689655172413793,0.06896551724137934,1.655172413793104
Sion,Lulu,24,14,0.5833333333333334,0.5689655172413793,0.06896551724137934,1.655172413793104
Rakan,Jayce,6,6,1.0,0.7727272727272727,0.2727272727272727,1.6363636363636362
Xin Zhao,Yuumi,6,6,1.0,0.7727272727272727,0.2727272727272727,1.6363636363636362
Lucian,Draven,6,6,1.0,0.7727272727272727,0.2727272727272727,1.6363636363636362
Nautilus,Ambessa,22,13,0.5909090909090909,0.5740740740740741,0.07407407407407407,1.6296296296296295
Viktor,Nami,22,13,0.5909090909090909,0.5740740740740741,0.07407407407407407,1.6296296296296295
Lee Sin,Aurora,22,13,0.5909090909090909,0.5740740740740741,0.07407407407407407,1.6296296296296295
Nocturne,Ryze,22,13,0.5909090909090909,0.5740740740740741,0.07407407407407407,1.6296296296296295
Yunara,Viktor,22,13,0.5909090909090909,0.5740740740740741,0.07407407407407407,1.6296296296296295
Orianna,Ambessa,22,13,0.5909090909090909,0.5740740740740741,0.07407407407407407,1.6296296296296295
Ambessa,Yunara,22,13,0.5909090909090909,0.5740740740740741,0.07407407407407407,1.6296296296296295
Aatrox,Xin Zhao,22,13,0.5909090909090909,0.5740740740740741,0.07407407407407407,1.6296296296296295
Sion,Varus,22,13,0.5909090909090909,0.5740740740740741,0.07407407407407407,1.6296296296296295
Cassiopeia,Lulu,22,13,0.5909090909090909,0.5740740740740741,0.07407407407407407,1.6296296296296295
K'Sante,Lee Sin,22,13,0.5909090909090909,0.5740740740740741,0.07407407407407407,1.6296296296296295
Corki,Renekton,9,7,0.7777777777777778,0.6785714285714286,0.1785714285714286,1.6071428571428574
Caitlyn,Ornn,9,7,0.7777777777777778,0.6785714285714286,0.1785714285714286,1.6071428571428574
K'Sante,Mel,9,7,0.7777777777777778,0.6785714285714286,0.1785714285714286,1.6071428571428574
Alistar,Aurora,9,7,0.7777777777777778,0.6785714285714286,0.1785714285714286,1.6071428571428574
Ashe,Zeri,9,7,0.7777777777777778,0.6785714285714286,0.1785714285714286,1.6071428571428574
Ziggs,Ahri,9,7,0.7777777777777778,0.6785714285714286,0.1785714285714286,1.6071428571428574
Malphite,Wukong,9,7,0.7777777777777778,0.6785714285714286,0.1785714285714286,1.6071428571428574
Shen,Lucian,9,7,0.7777777777777778,0.6785714285714286,0.1785714285714286,1.6071428571428574
Sion,Leona,9,7,0.7777777777777778,0.6785714285714286,0.1785714285714286,1.6071428571428574
Milio,Jax,9,7,0.7777777777777778,0.6785714285714286,0.1785714285714286,1.6071428571428574
Neeko,Trundle,9,7,0.7777777777777778,0.6785714285714286,0.1785714285714286,1.6071428571428574
Renekton,Ahri,20,12,0.6,0.58,0.07999999999999996,1.5999999999999992
Ashe,Pantheon,20,12,0.6,0.58,0.07999999999999996,1.5999999999999992
Lucian,Jayce,20,12,0.6,0.58,0.07999999999999996,1.5999999999999992
Akali,Jarvan IV,20,12,0.6,0.58,0.07999999999999996,1.5999999999999992
Cassiopeia,K'Sante,20,12,0.6,0.58,0.07999999999999996,1.5999999999999992
Anivia,Jhin,20,12,0.6,0.58,0.07999999999999996,1.5999999999999992
Vi,Yunara,20,12,0.6,0.58,0.07999999999999996,1.5999999999999992
Nocturne,Karma,20,12,0.6,0.58,0.07999999999999996,1.5999999999999992
Alistar,Sivir,18,11,0.6111111111111112,0.5869565217391305,0.08695652173913049,1.5652173913043488
Ezreal,Galio,18,11,0.6111111111111112,0.5869565217391305,0.08695652173913049,1.5652173913043488
Taliyah,Xin Zhao,18,11,0.6111111111111112,0.5869565217391305,0.08695652173913049,1.5652173913043488
Varus,Lucian,18,11,0.6111111111111112,0.5869565217391305,0.08695652173913049,1.5652173913043488
Gnar,Annie,18,11,0.6111111111111112,0.5869565217391305,0.08695652173913049,1.5652173913043488
Akali,Ashe,18,11,0.6111111111111112,0.5869565217391305,0.08695652173913049,1.5652173913043488
Cassiopeia,Renekton,18,11,0.6111111111111112,0.5869565217391305,0.08695652173913049,1.5652173913043488
Lee Sin,Caitlyn,18,11,0.6111111111111112,0.5869565217391305,0.08695652173913049,1.5652173913043488
Annie,Nami,16,10,0.625,0.5952380952380952,0.09523809523809523,1.5238095238095237
Renekton,Jayce,16,10,0.625,0.5952380952380952,0.09523809523809523,1.5238095238095237
Kai'Sa,Gnar,16,10,0.625,0.5952380952380952,0.09523809523809523,1.5238095238095237
Ornn,Ashe,16,10,0.625,0.5952380952380952,0.09523809523809523,1.5238095238095237
Nocturne,Nami,16,10,0.625,0.5952380952380952,0.09523809523809523,1.5238095238095237
Nami,Varus,16,10,0.625,0.5952380952380952,0.09523809523809523,1.5238095238095237
Zaahen,Jarvan IV,16,10,0.625,0.5952380952380952,0.09523809523809523,1.5238095238095237
Sivir,Gnar,16,10,0.625,0.5952380952380952,0.09523809523809523,1.5238095238095237
Sivir,Orianna,16,10,0.625,0.5952380952380952,0.09523809523809523,1.5238095238095237
Twisted Fate,K'Sante,16,10,0.625,0.5952380952380952,0.09523809523809523,1.5238095238095237
Ezreal,Azir,16,10,0.625,0.5952380952380952,0.09523809523809523,1.5238095238095237
Akali,Viktor,16,10,0.625,0.5952380952380952,0.09523809523809523,1.5238095238095237
Lulu,Karma,16,10,0.625,0.5952380952380952,0.09523809523809523,1.5238095238095237
Cassiopeia,Aurora,16,10,0.625,0.5952380952380952,0.09523809523809523,1.5238095238095237
Leona,Nautilus,16,10,0.625,0.5952380952380952,0.09523809523809523,1.5238095238095237
Anivia,Lulu,16,10,0.625,0.5952380952380952,0.09523809523809523,1.5238095238095237
Skarner,Neeko,16,10,0.625,0.5952380952380952,0.09523809523809523,1.5238095238095237
Lee Sin,Annie,14,9,0.6428571428571429,0.6052631578947368,0.10526315789473684,1.4736842105263157
K'Sante,Alistar,14,9,0.6428571428571429,0.6052631578947368,0.10526315789473684,1.4736842105263157
Bard,Galio,14,9,0.6428571428571429,0.6052631578947368,0.10526315789473684,1.4736842105263157
Vi,Corki,14,9,0.6428571428571429,0.6052631578947368,0.10526315789473684,1.4736842105263157
Viktor,Corki,14,9,0.6428571428571429,0.6052631578947368,0.10526315789473684,1.4736842105263157
Syndra,Wukong,14,9,0.6428571428571429,0.6052631578947368,0.10526315789473684,1.4736842105263157
Nocturne,Naafiri,14,9,0.6428571428571429,0.6052631578947368,0.10526315789473684,1.4736842105263157
Bard,Kai'Sa,14,9,0.6428571428571429,0.6052631578947368,0.10526315789473684,1.4736842105263157
Naafiri,Rakan,14,9,0.6428571428571429,0.6052631578947368,0.10526315789473684,1.4736842105263157
Vayne,Ahri,14,9,0.6428571428571429,0.6052631578947368,0.10526315789473684,1.4736842105263157
Naafiri,Galio,14,9,0.6428571428571429,0.6052631578947368,0.10526315789473684,1.4736842105263157
Syndra,Ezreal,14,9,0.6428571428571429,0.6052631578947368,0.10526315789473684,1.4736842105263157
Yunara,Smolder,14,9,0.6428571428571429,0.6052631578947368,0.10526315789473684,1.4736842105263157
Senna,Milio,14,9,0.6428571428571429,0.6052631578947368,0.10526315789473684,1.4736842105263157
Nocturne,Skarner,14,9,0.6428571428571429,0.6052631578947368,0.10526315789473684,1.4736842105263157
Tristana,Ambessa,7,6,0.8571428571428571,0.7083333333333334,0.20833333333333337,1.4583333333333335
Galio,Xayah,7,6,0.8571428571428571,0.7083333333333334,0.20833333333333337,1.4583333333333335
Gragas,Jax,7,6,0.8571428571428571,0.7083333333333334,0.20833333333333337,1.4583333333333335
Yone,Corki,7,6,0.8571428571428571,0.7083333333333334,0.20833333333333337,1.4583333333333335
Jarvan IV,Mel,7,6,0.8571428571428571,0.7083333333333334,0.20833333333333337,1.4583333333333335
Vayne,Renekton,7,6,0.8571428571428571,0.7083333333333334,0.20833333333333337,1.4583333333333335
Rek'Sai,Ahri,7,6,0.8571428571428571,0.7083333333333334,0.20833333333333337,1.4583333333333335
Yunara,Zaahen,7,6,0.8571428571428571,0.7083333333333334,0.20833333333333337,1.4583333333333335
Kai'Sa,Leona,7,6,0.8571428571428571,0.7083333333333334,0.20833333333333337,1.4583333333333335
Leona,K'Sante,7,6,0.8571428571428571,0.7083333333333334,0.20833333333333337,1.4583333333333335
Viktor,Zaahen,7,6,0.8571428571428571,0.7083333333333334,0.20833333333333337,1.4583333333333335
Skarner,Kai'Sa,7,6,0.8571428571428571,0.7083333333333334,0.20833333333333337,1.4583333333333335
Ziggs,Sion,7,6,0.8571428571428571,0.7083333333333334,0.20833333333333337,1.4583333333333335
Renekton,Senna,7,6,0.8571428571428571,0.7083333333333334,0.20833333333333337,1.4583333333333335
Xayah,Ryze,7,6,0.8571428571428571,0.7083333333333334,0.20833333333333337,1.4583333333333335
Vayne,Cassiopeia,7,6,0.8571428571428571,0.7083333333333334,0.20833333333333337,1.4583333333333335
Jhin,Taliyah,7,6,0.8571428571428571,0.7083333333333334,0.20833333333333337,1.4583333333333335
Rumble,Leona,7,6,0.8571428571428571,0.7083333333333334,0.20833333333333337,1.4583333333333335
Xin Zhao,Ezreal,81,42,0.5185185185185185,0.5174418604651163,0.01744186046511631,1.4127906976744211
Bard,LeBlanc,12,8,0.6666666666666666,0.6176470588235294,0.11764705882352944,1.4117647058823533
Naafiri,Lulu,12,8,0.6666666666666666,0.6176470588235294,0.11764705882352944,1.4117647058823533
Lee Sin,Taliyah,12,8,0.6666666666666666,0.6176470588235294,0.11764705882352944,1.4117647058823533
Bard,Aatrox,12,8,0.6666666666666666,0.6176470588235294,0.11764705882352944,1.4117647058823533
Ezreal,Aatrox,12,8,0.6666666666666666,0.6176470588235294,0.11764705882352944,1.4117647058823533
Vi,Yorick,12,8,0.6666666666666666,0.6176470588235294,0.11764705882352944,1.4117647058823533
Varus,Yorick,12,8,0.6666666666666666,0.6176470588235294,0.11764705882352944,1.4117647058823533
Ornn,Aurora,12,8,0.6666666666666666,0.6176470588235294,0.11764705882352944,1.4117647058823533
Trundle,Naafiri,12,8,0.6666666666666666,0.6176470588235294,0.11764705882352944,1.4117647058823533
Neeko,Azir,12,8,0.6666666666666666,0.6176470588235294,0.11764705882352944,1.4117647058823533
Rell,Varus,12,8,0.6666666666666666,0.6176470588235294,0.11764705882352944,1.4117647058823533
Ambessa,Rell,12,8,0.6666666666666666,0.6176470588235294,0.11764705882352944,1.4117647058823533
Anivia,Varus,12,8,0.6666666666666666,0.6176470588235294,0.11764705882352944,1.4117647058823533
Caitlyn,Mel,12,8,0.6666666666666666,0.6176470588235294,0.11764705882352944,1.4117647058823533
Renekton,Rell,12,8,0.6666666666666666,0.6176470588235294,0.11764705882352944,1.4117647058823533
Trundle,Skarner,12,8,0.6666666666666666,0.6176470588235294,0.11764705882352944,1.4117647058823533
Cassiopeia,Caitlyn,12,8,0.6666666666666666,0.6176470588235294,0.11764705882352944,1.4117647058823533
Milio,Seraphine,63,33,0.5238095238095238,0.5220588235294118,0.022058823529411797,1.3897058823529433
Ryze,Sion,57,30,0.5263157894736842,0.5241935483870968,0.024193548387096753,1.379032258064515
Pantheon,Ezreal,53,28,0.5283018867924528,0.5258620689655172,0.025862068965517238,1.3706896551724137
Nautilus,Xin Zhao,51,27,0.5294117647058824,0.5267857142857143,0.0267857142857143,1.3660714285714293
Jarvan IV,Rumble,49,26,0.5306122448979592,0.5277777777777778,0.02777777777777779,1.3611111111111116
Ryze,Jarvan IV,47,25,0.5319148936170213,0.5288461538461539,0.028846153846153855,1.3557692307692313
Vi,Milio,45,24,0.5333333333333333,0.53,0.030000000000000027,1.3500000000000012
Viktor,Ezreal,45,24,0.5333333333333333,0.53,0.030000000000000027,1.3500000000000012
Yunara,Lucian,41,22,0.5365853658536586,0.532608695652174,0.03260869565217395,1.3369565217391317
Gnar,Ashe,41,22,0.5365853658536586,0.532608695652174,0.03260869565217395,1.3369565217391317
Aatrox,Corki,10,7,0.7,0.6333333333333333,0.1333333333333333,1.333333333333333
LeBlanc,Orianna,10,7,0.7,0.6333333333333333,0.1333333333333333,1.333333333333333
Yone,Ryze,10,7,0.7,0.6333333333333333,0.1333333333333333,1.333333333333333
Ashe,Yuumi,10,7,0.7,0.6333333333333333,0.1333333333333333,1.333333333333333
Jarvan IV,Alistar,10,7,0.7,0.6333333333333333,0.1333333333333333,1.333333333333333
Twisted Fate,Ashe,10,7,0.7,0.6333333333333333,0.1333333333333333,1.333333333333333
Aatrox,Gnar,10,7,0.7,0.6333333333333333,0.1333333333333333,1.333333333333333
Sion,Mel,10,7,0.7,0.6333333333333333,0.1333333333333333,1.333333333333333
Anivia,Ambessa,10,7,0.7,0.6333333333333333,0.1333333333333333,1.333333333333333
Hwei,Cassiopeia,10,7,0.7,0.6333333333333333,0.1333333333333333,1.333333333333333
Sion,Dr. Mundo,10,7,0.7,0.6333333333333333,0.1333333333333333,1.333333333333333
Lee Sin,Azir,10,7,0.7,0.6333333333333333,0.1333333333333333,1.333333333333333
Varus,Corki,10,7,0.7,0.6333333333333333,0.1333333333333333,1.333333333333333
Akali,Varus,10,7,0.7,0.6333333333333333,0.1333333333333333,1.333333333333333
Anivia,Aatrox,10,7,0.7,0.6333333333333333,0.1333333333333333,1.333333333333333
Twisted Fate,Anivia,10,7,0.7,0.6333333333333333,0.1333333333333333,1.333333333333333
Ryze,Senna,10,7,0.7,0.6333333333333333,0.1333333333333333,1.333333333333333
Hwei,Viktor,10,7,0.7,0.6333333333333333,0.1333333333333333,1.333333333333333
Annie,Mel,10,7,0.7,0.6333333333333333,0.1333333333333333,1.333333333333333
Lulu,Smolder,10,7,0.7,0.6333333333333333,0.1333333333333333,1.333333333333333
Aatrox,Ambessa,10,7,0.7,0.6333333333333333,0.1333333333333333,1.333333333333333
Vayne,Sion,10,7,0.7,0.6333333333333333,0.1333333333333333,1.333333333333333
Ahri,Akali,10,7,0.7,0.6333333333333333,0.1333333333333333,1.333333333333333
Anivia,Rakan,10,7,0.7,0.6333333333333333,0.1333333333333333,1.333333333333333
Nautilus,Maokai,10,7,0.7,0.6333333333333333,0.1333333333333333,1.333333333333333
Ziggs,Caitlyn,10,7,0.7,0.6333333333333333,0.1333333333333333,1.333333333333333
Wukong,Sivir,10,7,0.7,0.6333333333333333,0.1333333333333333,1.333333333333333
Neeko,Rell,10,7,0.7,0.6333333333333333,0.1333333333333333,1.333333333333333
Jarvan IV,Naafiri,39,21,0.5384615384615384,0.5340909090909091,0.03409090909090906,1.3295454545454533
Jarvan IV,Bard,39,21,0.5384615384615384,0.5340909090909091,0.03409090909090906,1.3295454545454533
Ezreal,Jhin,39,21,0.5384615384615384,0.5340909090909091,0.03409090909090906,1.3295454545454533
Viktor,Nautilus,37,20,0.5405405405405406,0.5357142857142857,0.0357142857142857,1.3214285714285707
Ezreal,Vi,37,20,0.5405405405405406,0.5357142857142857,0.0357142857142857,1.3214285714285707
Jarvan IV,K'Sante,35,19,0.5428571428571428,0.5375,0.03749999999999998,1.3124999999999991
Jarvan IV,Lulu,35,19,0.5428571428571428,0.5375,0.03749999999999998,1.3124999999999991
Ezreal,Jayce,35,19,0.5428571428571428,0.5375,0.03749999999999998,1.3124999999999991
Nami,Karma,33,18,0.5454545454545454,0.5394736842105263,0.03947368421052633,1.3026315789473688
Vi,Naafiri,33,18,0.5454545454545454,0.5394736842105263,0.03947368421052633,1.3026315789473688
Pantheon,Jhin,31,17,0.5483870967741935,0.5416666666666666,0.04166666666666663,1.2916666666666656
Sion,Neeko,29,16,0.5517241379310345,0.5441176470588235,0.044117647058823484,1.279411764705881
Ashe,K'Sante,29,16,0.5517241379310345,0.5441176470588235,0.044117647058823484,1.279411764705881
Gnar,Milio,29,16,0.5517241379310345,0.5441176470588235,0.044117647058823484,1.279411764705881
Nocturne,Renekton,27,15,0.5555555555555556,0.546875,0.046875,1.265625
Ahri,Pantheon,27,15,0.5555555555555556,0.546875,0.046875,1.265625
Lulu,Corki,27,15,0.5555555555555556,0.546875,0.046875,1.265625
Nautilus,Sivir,27,15,0.5555555555555556,0.546875,0.046875,1.265625
Lucian,Corki,27,15,0.5555555555555556,0.546875,0.046875,1.265625
Ahri,Milio,27,15,0.5555555555555556,0.546875,0.046875,1.265625
Ahri,Lulu,27,15,0.5555555555555556,0.546875,0.046875,1.265625
Ryze,Naafiri,27,15,0.5555555555555556,0.546875,0.046875,1.265625
Nami,Ryze,25,14,0.56,0.55,0.050000000000000044,1.250000000000001
Rumble,Lee Sin,25,14,0.56,0.55,0.050000000000000044,1.250000000000001
Gnar,Yunara,25,14,0.56,0.55,0.050000000000000044,1.250000000000001
Nocturne,Yunara,25,14,0.56,0.55,0.050000000000000044,1.250000000000001
Pantheon,Neeko,25,14,0.56,0.55,0.050000000000000044,1.250000000000001
Seraphine,Vi,25,14,0.56,0.55,0.050000000000000044,1.250000000000001
Renekton,K'Sante,25,14,0.56,0.55,0.050000000000000044,1.250000000000001
Gnar,Mel,5,5,1.0,0.75,0.25,1.25
Sion,Sylas,5,5,1.0,0.75,0.25,1.25
Lucian,Kennen,5,5,1.0,0.75,0.25,1.25
Rek'Sai,Vi,5,5,1.0,0.75,0.25,1.25
Jhin,Smolder,5,5,1.0,0.75,0.25,1.25
Xayah,Leona,5,5,1.0,0.75,0.25,1.25
Sejuani,Taliyah,5,5,1.0,0.75,0.25,1.25
Vayne,Lulu,5,5,1.0,0.75,0.25,1.25
Milio,Rell,5,5,1.0,0.75,0.25,1.25
Ahri,Brand,5,5,1.0,0.75,0.25,1.25
Xin Zhao,Camille,5,5,1.0,0.75,0.25,1.25
Aatrox,Galio,5,5,1.0,0.75,0.25,1.25
Milio,Syndra,5,5,1.0,0.75,0.25,1.25
Milio,Annie,23,13,0.5652173913043478,0.5535714285714286,0.0535714285714286,1.2321428571428579
Neeko,Wukong,23,13,0.5652173913043478,0.5535714285714286,0.0535714285714286,1.2321428571428579
Sion,Orianna,23,13,0.5652173913043478,0.5535714285714286,0.0535714285714286,1.2321428571428579
Anivia,Pantheon,23,13,0.5652173913043478,0.5535714285714286,0.0535714285714286,1.2321428571428579
Ashe,Renekton,23,13,0.5652173913043478,0.5535714285714286,0.0535714285714286,1.2321428571428579
Viktor,Lee Sin,23,13,0.5652173913043478,0.5535714285714286,0.0535714285714286,1.2321428571428579
Skarner,Xin Zhao,23,13,0.5652173913043478,0.5535714285714286,0.0535714285714286,1.2321428571428579
Aurora,Ambessa,23,13,0.5652173913043478,0.5535714285714286,0.0535714285714286,1.2321428571428579
Naafiri,Ambessa,23,13,0.5652173913043478,0.5535714285714286,0.0535714285714286,1.2321428571428579
Sion,Syndra,8,6,0.75,0.6538461538461539,0.15384615384615385,1.2307692307692308
Rakan,Ambessa,8,6,0.75,0.6538461538461539,0.15384615384615385,1.2307692307692308
Gnar,Xayah,8,6,0.75,0.6538461538461539,0.15384615384615385,1.2307692307692308
Alistar,Naafiri,8,6,0.75,0.6538461538461539,0.15384615384615385,1.2307692307692308
Galio,Lulu,8,6,0.75,0.6538461538461539,0.15384615384615385,1.2307692307692308
Milio,Kai'Sa,8,6,0.75,0.6538461538461539,0.15384615384615385,1.2307692307692308
Rell,Ahri,8,6,0.75,0.6538461538461539,0.15384615384615385,1.2307692307692308
Varus,LeBlanc,8,6,0.75,0.6538461538461539,0.15384615384615385,1.2307692307692308
Rakan,Taliyah,8,6,0.75,0.6538461538461539,0.15384615384615385,1.2307692307692308
Sejuani,Corki,8,6,0.75,0.6538461538461539,0.15384615384615385,1.2307692307692308
Orianna,Ornn,8,6,0.75,0.6538461538461539,0.15384615384615385,1.2307692307692308
Renekton,Mel,8,6,0.75,0.6538461538461539,0.15384615384615385,1.2307692307692308
Annie,Yorick,8,6,0.75,0.6538461538461539,0.15384615384615385,1.2307692307692308
Vayne,Pantheon,8,6,0.75,0.6538461538461539,0.15384615384615385,1.2307692307692308
Jayce,Leona,8,6,0.75,0.6538461538461539,0.15384615384615385,1.2307692307692308
Rell,Miss Fortune,8,6,0.75,0.6538461538461539,0.15384615384615385,1.2307692307692308
Neeko,Sylas,8,6,0.75,0.6538461538461539,0.15384615384615385,1.2307692307692308
Rumble,Aatrox,8,6,0.75,0.6538461538461539,0.15384615384615385,1.2307692307692308
Aatrox,Skarner,8,6,0.75,0.6538461538461539,0.15384615384615385,1.2307692307692308
Rell,Aatrox,8,6,0.75,0.6538461538461539,0.15384615384615385,1.2307692307692308
Karma,Mel,8,6,0.75,0.6538461538461539,0.15384615384615385,1.2307692307692308
Lee Sin,Mel,8,6,0.75,0.6538461538461539,0.15384615384615385,1.2307692307692308
Cassiopeia,Yorick,8,6,0.75,0.6538461538461539,0.15384615384615385,1.2307692307692308
Renekton,Twisted Fate,8,6,0.75,0.6538461538461539,0.15384615384615385,1.2307692307692308
Seraphine,Pyke,8,6,0.75,0.6538461538461539,0.15384615384615385,1.2307692307692308
Seraphine,Azir,8,6,0.75,0.6538461538461539,0.15384615384615385,1.2307692307692308
Lulu,Sylas,8,6,0.75,0.6538461538461539,0.15384615384615385,1.2307692307692308
Rell,LeBlanc,8,6,0.75,0.6538461538461539,0.15384615384615385,1.2307692307692308
Shen,Ezreal,8,6,0.75,0.6538461538461539,0.15384615384615385,1.2307692307692308
Varus,Smolder,8,6,0.75,0.6538461538461539,0.15384615384615385,1.2307692307692308
Alistar,Orianna,8,6,0.75,0.6538461538461539,0.15384615384615385,1.2307692307692308
Nami,Rell,8,6,0.75,0.6538461538461539,0.15384615384615385,1.2307692307692308
Gnar,Olaf,8,6,0.75,0.6538461538461539,0.15384615384615385,1.2307692307692308
Nocturne,Ahri,21,12,0.5714285714285714,0.5576923076923077,0.05769230769230771,1.211538461538462
Annie,Lulu,21,12,0.5714285714285714,0.5576923076923077,0.05769230769230771,1.211538461538462
Varus,Cassiopeia,21,12,0.5714285714285714,0.5576923076923077,0.05769230769230771,1.211538461538462
Vi,Caitlyn,21,12,0.5714285714285714,0.5576923076923077,0.05769230769230771,1.211538461538462
Milio,Jayce,21,12,0.5714285714285714,0.5576923076923077,0.05769230769230771,1.211538461538462
Varus,Wukong,21,12,0.5714285714285714,0.5576923076923077,0.05769230769230771,1.211538461538462
Cassiopeia,Neeko,21,12,0.5714285714285714,0.5576923076923077,0.05769230769230771,1.211538461538462
Rumble,Yunara,21,12,0.5714285714285714,0.5576923076923077,0.05769230769230771,1.211538461538462
Sion,Shen,21,12,0.5714285714285714,0.5576923076923077,0.05769230769230771,1.211538461538462
Sion,Nami,19,11,0.5789473684210527,0.5625,0.0625,1.1875
Jhin,Ornn,19,11,0.5789473684210527,0.5625,0.0625,1.1875
Annie,Skarner,19,11,0.5789473684210527,0.5625,0.0625,1.1875
Zaahen,Xin Zhao,19,11,0.5789473684210527,0.5625,0.0625,1.1875
Jayce,Corki,19,11,0.5789473684210527,0.5625,0.0625,1.1875
Corki,Xin Zhao,19,11,0.5789473684210527,0.5625,0.0625,1.1875
Caitlyn,Nami,19,11,0.5789473684210527,0.5625,0.0625,1.1875
Annie,Pantheon,19,11,0.5789473684210527,0.5625,0.0625,1.1875
Aurora,Neeko,19,11,0.5789473684210527,0.5625,0.0625,1.1875
Lee Sin,Karma,19,11,0.5789473684210527,0.5625,0.0625,1.1875
Ashe,Lulu,19,11,0.5789473684210527,0.5625,0.0625,1.1875
Wukong,Ahri,17,10,0.5882352941176471,0.5681818181818182,0.06818181818181823,1.15909090909091
Corki,K'Sante,17,10,0.5882352941176471,0.5681818181818182,0.06818181818181823,1.15909090909091
Lee Sin,Jhin,17,10,0.5882352941176471,0.5681818181818182,0.06818181818181823,1.15909090909091
Bard,Azir,17,10,0.5882352941176471,0.5681818181818182,0.06818181818181823,1.15909090909091
Ornn,Karma,17,10,0.5882352941176471,0.5681818181818182,0.06818181818181823,1.15909090909091
Rell,Xin Zhao,17,10,0.5882352941176471,0.5681818181818182,0.06818181818181823,1.15909090909091
Caitlyn,K'Sante,17,10,0.5882352941176471,0.5681818181818182,0.06818181818181823,1.15909090909091
Gnar,Aurora,17,10,0.5882352941176471,0.5681818181818182,0.06818181818181823,1.15909090909091
Anivia,Ashe,17,10,0.5882352941176471,0.5681818181818182,0.06818181818181823,1.15909090909091
Annie,Corki,15,9,0.6,0.575,0.07499999999999996,1.1249999999999993
Corki,Naafiri,15,9,0.6,0.575,0.07499999999999996,1.1249999999999993
Orianna,Jhin,15,9,0.6,0.575,0.07499999999999996,1.1249999999999993
Ashe,Taliyah,15,9,0.6,0.575,0.07499999999999996,1.1249999999999993
Naafiri,Annie,15,9,0.6,0.575,0.07499999999999996,1.1249999999999993
Cassiopeia,Karma,15,9,0.6,0.575,0.07499999999999996,1.1249999999999993
Gnar,Skarner,15,9,0.6,0.575,0.07499999999999996,1.1249999999999993
Trundle,Ambessa,15,9,0.6,0.575,0.07499999999999996,1.1249999999999993
Pantheon,Orianna,15,9,0.6,0.575,0.07499999999999996,1.1249999999999993
Orianna,Neeko,15,9,0.6,0.575,0.07499999999999996,1.1249999999999993
Jarvan IV,Smolder,15,9,0.6,0.575,0.07499999999999996,1.1249999999999993
Ashe,Sylas,15,9,0.6,0.575,0.07499999999999996,1.1249999999999993
Gnar,Lee Sin,15,9,0.6,0.575,0.07499999999999996,1.1249999999999993
Rakan,Smolder,15,9,0.6,0.575,0.07499999999999996,1.1249999999999993
Ryze,Lee Sin,15,9,0.6,0.575,0.07499999999999996,1.1249999999999993
Jayce,Nautilus,15,9,0.6,0.575,0.07499999999999996,1.1249999999999993
Caitlyn,Skarner,15,9,0.6,0.575,0.07499999999999996,1.1249999999999993
Viktor,Miss Fortune,15,9,0.6,0.575,0.07499999999999996,1.1249999999999993
Viktor,Varus,15,9,0.6,0.575,0.07499999999999996,1.1249999999999993
Twisted Fate,Xin Zhao,15,9,0.6,0.575,0.07499999999999996,1.1249999999999993
Cassiopeia,Nami,15,9,0.6,0.575,0.07499999999999996,1.1249999999999993
Aatrox,Gwen,6,5,0.8333333333333334,0.6818181818181818,0.18181818181818177,1.0909090909090906
Ornn,Sylas,6,5,0.8333333333333334,0.6818181818181818,0.18181818181818177,1.0909090909090906
Galio,Jhin,6,5,0.8333333333333334,0.6818181818181818,0.18181818181818177,1.0909090909090906
Aurora,Zoe,6,5,0.8333333333333334,0.6818181818181818,0.18181818181818177,1.0909090909090906
Olaf,Nautilus,6,5,0.8333333333333334,0.6818181818181818,0.18181818181818177,1.0909090909090906
Gwen,Ezreal,6,5,0.8333333333333334,0.6818181818181818,0.18181818181818177,1.0909090909090906
Skarner,Yorick,6,5,0.8333333333333334,0.6818181818181818,0.18181818181818177,1.0909090909090906
Seraphine,Zeri,6,5,0.8333333333333334,0.6818181818181818,0.18181818181818177,1.0909090909090906
Ambessa,Camille,6,5,0.8333333333333334,0.6818181818181818,0.18181818181818177,1.0909090909090906
Vi,Leona,6,5,0.8333333333333334,0.6818181818181818,0.18181818181818177,1.0909090909090906
Galio,Rell,6,5,0.8333333333333334,0.6818181818181818,0.18181818181818177,1.0909090909090906
Ahri,Leona,6,5,0.8333333333333334,0.6818181818181818,0.18181818181818177,1.0909090909090906
Kai'Sa,Rell,6,5,0.8333333333333334,0.6818181818181818,0.18181818181818177,1.0909090909090906
Twisted Fate,Akali,6,5,0.8333333333333334,0.6818181818181818,0.18181818181818177,1.0909090909090906
Hwei,Karma,6,5,0.8333333333333334,0.6818181818181818,0.18181818181818177,1.0909090909090906
Nocturne,Rek'Sai,6,5,0.8333333333333334,0.6818181818181818,0.18181818181818177,1.0909090909090906
Cassiopeia,Twisted Fate,6,5,0.8333333333333334,0.6818181818181818,0.18181818181818177,1.0909090909090906
Lulu,Rell,6,5,0.8333333333333334,0.6818181818181818,0.18181818181818177,1.0909090909090906
Renekton,Braum,6,5,0.8333333333333334,0.6818181818181818,0.18181818181818177,1.0909090909090906
Zeri,Wukong,6,5,0.8333333333333334,0.6818181818181818,0.18181818181818177,1.0909090909090906
Vayne,Zaahen,6,5,0.8333333333333334,0.6818181818181818,0.18181818181818177,1.0909090909090906
Renekton,Smolder,6,5,0.8333333333333334,0.6818181818181818,0.18181818181818177,1.0909090909090906
Orianna,Trundle,6,5,0.8333333333333334,0.6818181818181818,0.18181818181818177,1.0909090909090906
Poppy,Aurora,6,5,0.8333333333333334,0.6818181818181818,0.18181818181818177,1.0909090909090906
Jhin,Mel,6,5,0.8333333333333334,0.6818181818181818,0.18181818181818177,1.0909090909090906
Sion,Aphelios,6,5,0.8333333333333334,0.6818181818181818,0.18181818181818177,1.0909090909090906
Senna,Yunara,6,5,0.8333333333333334,0.6818181818181818,0.18181818181818177,1.0909090909090906
Rakan,Rell,6,5,0.8333333333333334,0.6818181818181818,0.18181818181818177,1.0909090909090906
Gwen,Neeko,6,5,0.8333333333333334,0.6818181818181818,0.18181818181818177,1.0909090909090906
Naafiri,Olaf,6,5,0.8333333333333334,0.6818181818181818,0.18181818181818177,1.0909090909090906
Corki,Taliyah,6,5,0.8333333333333334,0.6818181818181818,0.18181818181818177,1.0909090909090906
Senna,Ambessa,6,5,0.8333333333333334,0.6818181818181818,0.18181818181818177,1.0909090909090906
Cassiopeia,Kog'Maw,6,5,0.8333333333333334,0.6818181818181818,0.18181818181818177,1.0909090909090906
Alistar,Caitlyn,6,5,0.8333333333333334,0.6818181818181818,0.18181818181818177,1.0909090909090906
Renekton,Jax,13,8,0.6153846153846154,0.5833333333333334,0.08333333333333337,1.083333333333334
Corki,Karma,13,8,0.6153846153846154,0.5833333333333334,0.08333333333333337,1.083333333333334
Ryze,Kai'Sa,13,8,0.6153846153846154,0.5833333333333334,0.08333333333333337,1.083333333333334
Ornn,Nami,13,8,0.6153846153846154,0.5833333333333334,0.08333333333333337,1.083333333333334
Pyke,Bard,13,8,0.6153846153846154,0.5833333333333334,0.08333333333333337,1.083333333333334
Rakan,Pantheon,13,8,0.6153846153846154,0.5833333333333334,0.08333333333333337,1.083333333333334
Vayne,Seraphine,13,8,0.6153846153846154,0.5833333333333334,0.08333333333333337,1.083333333333334
Xin Zhao,Sylas,13,8,0.6153846153846154,0.5833333333333334,0.08333333333333337,1.083333333333334
Taliyah,Naafiri,13,8,0.6153846153846154,0.5833333333333334,0.08333333333333337,1.083333333333334
Trundle,Milio,13,8,0.6153846153846154,0.5833333333333334,0.08333333333333337,1.083333333333334
Sivir,Corki,13,8,0.6153846153846154,0.5833333333333334,0.08333333333333337,1.083333333333334
Syndra,Viktor,13,8,0.6153846153846154,0.5833333333333334,0.08333333333333337,1.083333333333334
Ahri,LeBlanc,13,8,0.6153846153846154,0.5833333333333334,0.08333333333333337,1.083333333333334
Skarner,Varus,13,8,0.6153846153846154,0.5833333333333334,0.08333333333333337,1.083333333333334
Wukong,Azir,13,8,0.6153846153846154,0.5833333333333334,0.08333333333333337,1.083333333333334
Karma,Neeko,13,8,0.6153846153846154,0.5833333333333334,0.08333333333333337,1.083333333333334
Taliyah,Sion,13,8,0.6153846153846154,0.5833333333333334,0.08333333333333337,1.083333333333334
Rakan,K'Sante,13,8,0.6153846153846154,0.5833333333333334,0.08333333333333337,1.083333333333334
Aatrox,Nami,11,7,0.6363636363636364,0.59375,0.09375,1.03125
Yunara,Syndra,11,7,0.6363636363636364,0.59375,0.09375,1.03125
Ahri,Lissandra,11,7,0.6363636363636364,0.59375,0.09375,1.03125
Sivir,Jarvan IV,11,7,0.6363636363636364,0.59375,0.09375,1.03125
Sion,Renekton,11,7,0.6363636363636364,0.59375,0.09375,1.03125
Kai'Sa,Nautilus,11,7,0.6363636363636364,0.59375,0.09375,1.03125
Nami,Corki,11,7,0.6363636363636364,0.59375,0.09375,1.03125
Gwen,Xin Zhao,11,7,0.6363636363636364,0.59375,0.09375,1.03125
Twisted Fate,Neeko,11,7,0.6363636363636364,0.59375,0.09375,1.03125
Aatrox,Yunara,11,7,0.6363636363636364,0.59375,0.09375,1.03125
Jax,Varus,11,7,0.6363636363636364,0.59375,0.09375,1.03125
Alistar,Sion,11,7,0.6363636363636364,0.59375,0.09375,1.03125
LeBlanc,Pantheon,11,7,0.6363636363636364,0.59375,0.09375,1.03125
Trundle,Bard,11,7,0.6363636363636364,0.59375,0.09375,1.03125
Ahri,Yorick,11,7,0.6363636363636364,0.59375,0.09375,1.03125
Sivir,Karma,11,7,0.6363636363636364,0.59375,0.09375,1.03125
Orianna,Varus,11,7,0.6363636363636364,0.59375,0.09375,1.03125
Aatrox,Jayce,11,7,0.6363636363636364,0.59375,0.09375,1.03125
Twisted Fate,Naafiri,11,7,0.6363636363636364,0.59375,0.09375,1.03125
Skarner,Viktor,11,7,0.6363636363636364,0.59375,0.09375,1.03125
Varus,Olaf,11,7,0.6363636363636364,0.59375,0.09375,1.03125
Rumble,Azir,11,7,0.6363636363636364,0.59375,0.09375,1.03125
Vayne,Ezreal,11,7,0.6363636363636364,0.59375,0.09375,1.03125
Trundle,Caitlyn,11,7,0.6363636363636364,0.59375,0.09375,1.03125
Naafiri,Skarner,11,7,0.6363636363636364,0.59375,0.09375,1.03125
Gwen,K'Sante,11,7,0.6363636363636364,0.59375,0.09375,1.03125
Twisted Fate,Rumble,11,7,0.6363636363636364,0.59375,0.09375,1.03125
Olaf,Seraphine,11,7,0.6363636363636364,0.59375,0.09375,1.03125
Sivir,Aurora,11,7,0.6363636363636364,0.59375,0.09375,1.03125
Rell,K'Sante,11,7,0.6363636363636364,0.59375,0.09375,1.03125
Syndra,Karma,9,6,0.6666666666666666,0.6071428571428571,0.1071428571428571,0.9642857142857139
Vayne,Jarvan IV,9,6,0.6666666666666666,0.6071428571428571,0.1071428571428571,0.9642857142857139
Corki,Rakan,9,6,0.6666666666666666,0.6071428571428571,0.1071428571428571,0.9642857142857139
Anivia,Sivir,9,6,0.6666666666666666,0.6071428571428571,0.1071428571428571,0.9642857142857139
Corki,Skarner,9,6,0.6666666666666666,0.6071428571428571,0.1071428571428571,0.9642857142857139
Rakan,Ezreal,9,6,0.6666666666666666,0.6071428571428571,0.1071428571428571,0.9642857142857139
Neeko,Akali,9,6,0.6666666666666666,0.6071428571428571,0.1071428571428571,0.9642857142857139
Sejuani,Vi,9,6,0.6666666666666666,0.6071428571428571,0.1071428571428571,0.9642857142857139
Yorick,Gnar,9,6,0.6666666666666666,0.6071428571428571,0.1071428571428571,0.9642857142857139
Trundle,Viktor,9,6,0.6666666666666666,0.6071428571428571,0.1071428571428571,0.9642857142857139
Anivia,Yorick,9,6,0.6666666666666666,0.6071428571428571,0.1071428571428571,0.9642857142857139
Viktor,Galio,9,6,0.6666666666666666,0.6071428571428571,0.1071428571428571,0.9642857142857139
Caitlyn,Gwen,9,6,0.6666666666666666,0.6071428571428571,0.1071428571428571,0.9642857142857139
Annie,Nocturne,9,6,0.6666666666666666,0.6071428571428571,0.1071428571428571,0.9642857142857139
Jarvan IV,Taliyah,9,6,0.6666666666666666,0.6071428571428571,0.1071428571428571,0.9642857142857139
Lucian,Aphelios,9,6,0.6666666666666666,0.6071428571428571,0.1071428571428571,0.9642857142857139
Lulu,Azir,9,6,0.6666666666666666,0.6071428571428571,0.1071428571428571,0.9642857142857139
Akali,Poppy,9,6,0.6666666666666666,0.6071428571428571,0.1071428571428571,0.9642857142857139
Wukong,LeBlanc,9,6,0.6666666666666666,0.6071428571428571,0.1071428571428571,0.9642857142857139
Rakan,Jhin,9,6,0.6666666666666666,0.6071428571428571,0.1071428571428571,0.9642857142857139
Alistar,Ambessa,9,6,0.6666666666666666,0.6071428571428571,0.1071428571428571,0.9642857142857139
Jax,Gnar,9,6,0.6666666666666666,0.6071428571428571,0.1071428571428571,0.9642857142857139
Zaahen,Ahri,9,6,0.6666666666666666,0.6071428571428571,0.1071428571428571,0.9642857142857139
Xayah,Lulu,9,6,0.6666666666666666,0.6071428571428571,0.1071428571428571,0.9642857142857139
Hwei,K'Sante,9,6,0.6666666666666666,0.6071428571428571,0.1071428571428571,0.9642857142857139
Karma,Twisted Fate,9,6,0.6666666666666666,0.6071428571428571,0.1071428571428571,0.9642857142857139
Shen,Milio,9,6,0.6666666666666666,0.6071428571428571,0.1071428571428571,0.9642857142857139
Xayah,Orianna,9,6,0.6666666666666666,0.6071428571428571,0.1071428571428571,0.9642857142857139
Jayce,Sivir,9,6,0.6666666666666666,0.6071428571428571,0.1071428571428571,0.9642857142857139
Lulu,Shen,9,6,0.6666666666666666,0.6071428571428571,0.1071428571428571,0.9642857142857139
Xin Zhao,Senna,9,6,0.6666666666666666,0.6071428571428571,0.1071428571428571,0.9642857142857139
Smolder,Nautilus,9,6,0.6666666666666666,0.6071428571428571,0.1071428571428571,0.9642857142857139
K'Sante,Zaahen,9,6,0.6666666666666666,0.6071428571428571,0.1071428571428571,0.9642857142857139
Rell,Gnar,9,6,0.6666666666666666,0.6071428571428571,0.1071428571428571,0.9642857142857139
Olaf,Skarner,9,6,0.6666666666666666,0.6071428571428571,0.1071428571428571,0.9642857142857139
Xayah,K'Sante,9,6,0.6666666666666666,0.6071428571428571,0.1071428571428571,0.9642857142857139
Galio,Cassiopeia,9,6,0.6666666666666666,0.6071428571428571,0.1071428571428571,0.9642857142857139
Cassiopeia,Olaf,9,6,0.6666666666666666,0.6071428571428571,0.1071428571428571,0.9642857142857139
Ezreal,Caitlyn,56,29,0.5178571428571429,0.5163934426229508,0.016393442622950838,0.9180327868852469
Ezreal,K'Sante,54,28,0.5185185185185185,0.5169491525423728,0.016949152542372836,0.9152542372881332
Vi,Xin Zhao,48,25,0.5208333333333334,0.5188679245283019,0.018867924528301883,0.9056603773584904
Milio,Lulu,44,23,0.5227272727272727,0.5204081632653061,0.020408163265306145,0.8979591836734704
K'Sante,Jayce,44,23,0.5227272727272727,0.5204081632653061,0.020408163265306145,0.8979591836734704
Bard,Seraphine,42,22,0.5238095238095238,0.5212765957446809,0.021276595744680882,0.893617021276597
Milio,Ryze,42,22,0.5238095238095238,0.5212765957446809,0.021276595744680882,0.893617021276597
Ryze,Karma,42,22,0.5238095238095238,0.5212765957446809,0.021276595744680882,0.893617021276597
Nami,Milio,40,21,0.525,0.5222222222222223,0.022222222222222254,0.8888888888888902
Caitlyn,Kai'Sa,4,4,1.0,0.7222222222222222,0.2222222222222222,0.8888888888888888
Vayne,Sylas,4,4,1.0,0.7222222222222222,0.2222222222222222,0.8888888888888888
Zaahen,Mel,4,4,1.0,0.7222222222222222,0.2222222222222222,0.8888888888888888
Nami,Zoe,4,4,1.0,0.7222222222222222,0.2222222222222222,0.8888888888888888
Twisted Fate,Aatrox,4,4,1.0,0.7222222222222222,0.2222222222222222,0.8888888888888888
Sejuani,Rumble,4,4,1.0,0.7222222222222222,0.2222222222222222,0.8888888888888888
Xayah,Jayce,4,4,1.0,0.7222222222222222,0.2222222222222222,0.8888888888888888
Ashe,Rakan,4,4,1.0,0.7222222222222222,0.2222222222222222,0.8888888888888888
Seraphine,Rakan,4,4,1.0,0.7222222222222222,0.2222222222222222,0.8888888888888888
Xin Zhao,Gragas,4,4,1.0,0.7222222222222222,0.2222222222222222,0.8888888888888888
Milio,Kennen,4,4,1.0,0.7222222222222222,0.2222222222222222,0.8888888888888888
Irelia,Jayce,4,4,1.0,0.7222222222222222,0.2222222222222222,0.8888888888888888
Wukong,Kalista,4,4,1.0,0.7222222222222222,0.2222222222222222,0.8888888888888888
Wukong,Renata Glasc,4,4,1.0,0.7222222222222222,0.2222222222222222,0.8888888888888888
Ornn,Sivir,4,4,1.0,0.7222222222222222,0.2222222222222222,0.8888888888888888
Vi,Miss Fortune,4,4,1.0,0.7222222222222222,0.2222222222222222,0.8888888888888888
Lucian,Gwen,4,4,1.0,0.7222222222222222,0.2222222222222222,0.8888888888888888
Ryze,Gwen,4,4,1.0,0.7222222222222222,0.2222222222222222,0.8888888888888888
Gnar,Smolder,4,4,1.0,0.7222222222222222,0.2222222222222222,0.8888888888888888
Kha'Zix,Ezreal,4,4,1.0,0.7222222222222222,0.2222222222222222,0.8888888888888888
Malphite,Miss Fortune,4,4,1.0,0.7222222222222222,0.2222222222222222,0.8888888888888888
Malphite,Sylas,4,4,1.0,0.7222222222222222,0.2222222222222222,0.8888888888888888
Xin Zhao,Cho'Gath,4,4,1.0,0.7222222222222222,0.2222222222222222,0.8888888888888888
Pantheon,Smolder,4,4,1.0,0.7222222222222222,0.2222222222222222,0.8888888888888888
Anivia,Yasuo,4,4,1.0,0.7222222222222222,0.2222222222222222,0.8888888888888888
Jax,Akali,4,4,1.0,0.7222222222222222,0.2222222222222222,0.8888888888888888
Pyke,Ahri,4,4,1.0,0.7222222222222222,0.2222222222222222,0.8888888888888888
Soraka,Lulu,4,4,1.0,0.7222222222222222,0.2222222222222222,0.8888888888888888
Sivir,Pyke,4,4,1.0,0.7222222222222222,0.2222222222222222,0.8888888888888888
Rumble,Mel,4,4,1.0,0.7222222222222222,0.2222222222222222,0.8888888888888888
Nami,Zed,4,4,1.0,0.7222222222222222,0.2222222222222222,0.8888888888888888
Gragas,Rakan,4,4,1.0,0.7222222222222222,0.2222222222222222,0.8888888888888888
Bard,Mel,4,4,1.0,0.7222222222222222,0.2222222222222222,0.8888888888888888
Azir,Gwen,4,4,1.0,0.7222222222222222,0.2222222222222222,0.8888888888888888
Zeri,Neeko,4,4,1.0,0.7222222222222222,0.2222222222222222,0.8888888888888888
Bard,Sylas,4,4,1.0,0.7222222222222222,0.2222222222222222,0.8888888888888888
Gnar,Camille,4,4,1.0,0.7222222222222222,0.2222222222222222,0.8888888888888888
Kalista,Varus,4,4,1.0,0.7222222222222222,0.2222222222222222,0.8888888888888888
Seraphine,Senna,4,4,1.0,0.7222222222222222,0.2222222222222222,0.8888888888888888
Vayne,Rell,4,4,1.0,0.7222222222222222,0.2222222222222222,0.8888888888888888
Anivia,Smolder,4,4,1.0,0.7222222222222222,0.2222222222222222,0.8888888888888888
Rell,Senna,4,4,1.0,0.7222222222222222,0.2222222222222222,0.8888888888888888
Xayah,Jinx,4,4,1.0,0.7222222222222222,0.2222222222222222,0.8888888888888888
Neeko,Ziggs,4,4,1.0,0.7222222222222222,0.2222222222222222,0.8888888888888888
Rakan,Jax,4,4,1.0,0.7222222222222222,0.2222222222222222,0.8888888888888888
Ezreal,Wukong,36,19,0.5277777777777778,0.524390243902439,0.024390243902439046,0.8780487804878057
Pantheon,Ryze,36,19,0.5277777777777778,0.524390243902439,0.024390243902439046,0.8780487804878057
Sion,Milio,36,19,0.5277777777777778,0.524390243902439,0.024390243902439046,0.8780487804878057
Annie,Rakan,7,5,0.7142857142857143,0.625,0.125,0.875
Rumble,Kai'Sa,7,5,0.7142857142857143,0.625,0.125,0.875
Galio,Akali,7,5,0.7142857142857143,0.625,0.125,0.875
Milio,Kog'Maw,7,5,0.7142857142857143,0.625,0.125,0.875
Kennen,Pantheon,7,5,0.7142857142857143,0.625,0.125,0.875
Varus,Alistar,7,5,0.7142857142857143,0.625,0.125,0.875
Lucian,Galio,7,5,0.7142857142857143,0.625,0.125,0.875
Yone,Nami,7,5,0.7142857142857143,0.625,0.125,0.875
Seraphine,Yone,7,5,0.7142857142857143,0.625,0.125,0.875
Seraphine,Yuumi,7,5,0.7142857142857143,0.625,0.125,0.875
Smolder,Xin Zhao,7,5,0.7142857142857143,0.625,0.125,0.875
Alistar,Wukong,7,5,0.7142857142857143,0.625,0.125,0.875
Gragas,Wukong,7,5,0.7142857142857143,0.625,0.125,0.875
Aatrox,Taliyah,7,5,0.7142857142857143,0.625,0.125,0.875
Rakan,Nocturne,7,5,0.7142857142857143,0.625,0.125,0.875
Aurora,Mel,7,5,0.7142857142857143,0.625,0.125,0.875
Olaf,Taliyah,7,5,0.7142857142857143,0.625,0.125,0.875
Ziggs,Leona,7,5,0.7142857142857143,0.625,0.125,0.875
Bard,Taliyah,7,5,0.7142857142857143,0.625,0.125,0.875
Dr. Mundo,Karma,7,5,0.7142857142857143,0.625,0.125,0.875
Ornn,Lucian,7,5,0.7142857142857143,0.625,0.125,0.875
Leona,Skarner,7,5,0.7142857142857143,0.625,0.125,0.875
Yunara,Jinx,7,5,0.7142857142857143,0.625,0.125,0.875
Aatrox,Karma,7,5,0.7142857142857143,0.625,0.125,0.875
Aatrox,Leona,7,5,0.7142857142857143,0.625,0.125,0.875
Bard,Syndra,7,5,0.7142857142857143,0.625,0.125,0.875
Miss Fortune,Neeko,7,5,0.7142857142857143,0.625,0.125,0.875
Lux,Milio,7,5,0.7142857142857143,0.625,0.125,0.875
Vayne,Annie,7,5,0.7142857142857143,0.625,0.125,0.875
Ahri,Smolder,7,5,0.7142857142857143,0.625,0.125,0.875
Mel,Wukong,7,5,0.7142857142857143,0.625,0.125,0.875
Nocturne,Zaahen,7,5,0.7142857142857143,0.625,0.125,0.875
Skarner,Lucian,7,5,0.7142857142857143,0.625,0.125,0.875
Maokai,Wukong,7,5,0.7142857142857143,0.625,0.125,0.875
Alistar,Leona,7,5,0.7142857142857143,0.625,0.125,0.875
Renekton,Yuumi,7,5,0.7142857142857143,0.625,0.125,0.875
Rakan,Leona,7,5,0.7142857142857143,0.625,0.125,0.875
Alistar,Yunara,7,5,0.7142857142857143,0.625,0.125,0.875
Vi,Smolder,7,5,0.7142857142857143,0.625,0.125,0.875
LeBlanc,Xin Zhao,7,5,0.7142857142857143,0.625,0.125,0.875
Ezreal,Maokai,7,5,0.7142857142857143,0.625,0.125,0.875
Gwen,Jhin,7,5,0.7142857142857143,0.625,0.125,0.875
LeBlanc,Neeko,7,5,0.7142857142857143,0.625,0.125,0.875
Xayah,Aurora,7,5,0.7142857142857143,0.625,0.125,0.875
Leona,Xin Zhao,7,5,0.7142857142857143,0.625,0.125,0.875
Trundle,Corki,7,5,0.7142857142857143,0.625,0.125,0.875
Rell,Trundle,7,5,0.7142857142857143,0.625,0.125,0.875
Lulu,Hwei,7,5,0.7142857142857143,0.625,0.125,0.875
Yunara,Jax,7,5,0.7142857142857143,0.625,0.125,0.875
Ryze,Orianna,34,18,0.5294117647058824,0.5256410256410257,0.02564102564102566,0.8717948717948725
Seraphine,Rumble,34,18,0.5294117647058824,0.5256410256410257,0.02564102564102566,0.8717948717948725
Gnar,Pantheon,34,18,0.5294117647058824,0.5256410256410257,0.02564102564102566,0.8717948717948725
Pantheon,Aurora,34,18,0.5294117647058824,0.5256410256410257,0.02564102564102566,0.8717948717948725
Lucian,Sion,34,18,0.5294117647058824,0.5256410256410257,0.02564102564102566,0.8717948717948725
Xin Zhao,Jhin,34,18,0.5294117647058824,0.5256410256410257,0.02564102564102566,0.8717948717948725
Vi,Viktor,32,17,0.53125,0.527027027027027,0.027027027027026973,0.8648648648648631
Nami,Xin Zhao,32,17,0.53125,0.527027027027027,0.027027027027026973,0.8648648648648631
Caitlyn,Gnar,30,16,0.5333333333333333,0.5285714285714286,0.02857142857142858,0.8571428571428574
Jarvan IV,Nautilus,30,16,0.5333333333333333,0.5285714285714286,0.02857142857142858,0.8571428571428574
Varus,Jhin,30,16,0.5333333333333333,0.5285714285714286,0.02857142857142858,0.8571428571428574
Pantheon,Karma,28,15,0.5357142857142857,0.5303030303030303,0.030303030303030276,0.8484848484848477
Aurora,Viktor,28,15,0.5357142857142857,0.5303030303030303,0.030303030303030276,0.8484848484848477
Anivia,Karma,28,15,0.5357142857142857,0.5303030303030303,0.030303030303030276,0.8484848484848477
Caitlyn,Seraphine,28,15,0.5357142857142857,0.5303030303030303,0.030303030303030276,0.8484848484848477
Lulu,Wukong,28,15,0.5357142857142857,0.5303030303030303,0.030303030303030276,0.8484848484848477
Sion,Ambessa,28,15,0.5357142857142857,0.5303030303030303,0.030303030303030276,0.8484848484848477
Annie,Ashe,28,15,0.5357142857142857,0.5303030303030303,0.030303030303030276,0.8484848484848477
Rumble,Ahri,28,15,0.5357142857142857,0.5303030303030303,0.030303030303030276,0.8484848484848477
Pantheon,Milio,28,15,0.5357142857142857,0.5303030303030303,0.030303030303030276,0.8484848484848477
Sion,Annie,28,15,0.5357142857142857,0.5303030303030303,0.030303030303030276,0.8484848484848477
Karma,Lucian,28,15,0.5357142857142857,0.5303030303030303,0.030303030303030276,0.8484848484848477
Lulu,Renekton,28,15,0.5357142857142857,0.5303030303030303,0.030303030303030276,0.8484848484848477
Ryze,Cassiopeia,26,14,0.5384615384615384,0.532258064516129,0.032258064516129004,0.8387096774193541
Rumble,Nautilus,26,14,0.5384615384615384,0.532258064516129,0.032258064516129004,0.8387096774193541
Sion,Skarner,26,14,0.5384615384615384,0.532258064516129,0.032258064516129004,0.8387096774193541
Akali,Ezreal,26,14,0.5384615384615384,0.532258064516129,0.032258064516129004,0.8387096774193541
Vi,Annie,26,14,0.5384615384615384,0.532258064516129,0.032258064516129004,0.8387096774193541
Karma,Jayce,26,14,0.5384615384615384,0.532258064516129,0.032258064516129004,0.8387096774193541
Varus,Pantheon,26,14,0.5384615384615384,0.532258064516129,0.032258064516129004,0.8387096774193541
Neeko,Jhin,26,14,0.5384615384615384,0.532258064516129,0.032258064516129004,0.8387096774193541
Lucian,Akali,26,14,0.5384615384615384,0.532258064516129,0.032258064516129004,0.8387096774193541
Milio,Akali,26,14,0.5384615384615384,0.532258064516129,0.032258064516129004,0.8387096774193541
Viktor,Jarvan IV,26,14,0.5384615384615384,0.532258064516129,0.032258064516129004,0.8387096774193541
Renekton,Lucian,26,14,0.5384615384615384,0.532258064516129,0.032258064516129004,0.8387096774193541
Yunara,Sion,24,13,0.5416666666666666,0.5344827586206896,0.03448275862068961,0.8275862068965507
Jhin,Karma,24,13,0.5416666666666666,0.5344827586206896,0.03448275862068961,0.8275862068965507
Nautilus,Jhin,24,13,0.5416666666666666,0.5344827586206896,0.03448275862068961,0.8275862068965507
Cassiopeia,Vi,24,13,0.5416666666666666,0.5344827586206896,0.03448275862068961,0.8275862068965507
Lee Sin,Jayce,24,13,0.5416666666666666,0.5344827586206896,0.03448275862068961,0.8275862068965507
Jayce,Ryze,24,13,0.5416666666666666,0.5344827586206896,0.03448275862068961,0.8275862068965507
Orianna,Nautilus,24,13,0.5416666666666666,0.5344827586206896,0.03448275862068961,0.8275862068965507
Nautilus,Cassiopeia,24,13,0.5416666666666666,0.5344827586206896,0.03448275862068961,0.8275862068965507
Ambessa,Lulu,22,12,0.5454545454545454,0.5370370370370371,0.03703703703703709,0.814814814814816
Ashe,Skarner,22,12,0.5454545454545454,0.5370370370370371,0.03703703703703709,0.814814814814816
Karma,Ahri,22,12,0.5454545454545454,0.5370370370370371,0.03703703703703709,0.814814814814816
Ezreal,Rell,22,12,0.5454545454545454,0.5370370370370371,0.03703703703703709,0.814814814814816
Akali,Wukong,22,12,0.5454545454545454,0.5370370370370371,0.03703703703703709,0.814814814814816
K'Sante,Orianna,22,12,0.5454545454545454,0.5370370370370371,0.03703703703703709,0.814814814814816
Wukong,Annie,22,12,0.5454545454545454,0.5370370370370371,0.03703703703703709,0.814814814814816
Ahri,Yunara,22,12,0.5454545454545454,0.5370370370370371,0.03703703703703709,0.814814814814816
Lee Sin,Milio,22,12,0.5454545454545454,0.5370370370370371,0.03703703703703709,0.814814814814816
Wukong,Karma,22,12,0.5454545454545454,0.5370370370370371,0.03703703703703709,0.814814814814816
Viktor,Jhin,22,12,0.5454545454545454,0.5370370370370371,0.03703703703703709,0.814814814814816
Ambessa,Caitlyn,22,12,0.5454545454545454,0.5370370370370371,0.03703703703703709,0.814814814814816
Rumble,Naafiri,22,12,0.5454545454545454,0.5370370370370371,0.03703703703703709,0.814814814814816
Karma,Milio,22,12,0.5454545454545454,0.5370370370370371,0.03703703703703709,0.814814814814816
Corki,Sion,20,11,0.55,0.54,0.040000000000000036,0.8000000000000007
Naafiri,Nautilus,20,11,0.55,0.54,0.040000000000000036,0.8000000000000007
Neeko,Milio,20,11,0.55,0.54,0.040000000000000036,0.8000000000000007
Nami,Orianna,20,11,0.55,0.54,0.040000000000000036,0.8000000000000007
Ornn,Renekton,20,11,0.55,0.54,0.040000000000000036,0.8000000000000007
Annie,Akali,20,11,0.55,0.54,0.040000000000000036,0.8000000000000007
Ornn,Seraphine,20,11,0.55,0.54,0.040000000000000036,0.8000000000000007
Nocturne,Nautilus,20,11,0.55,0.54,0.040000000000000036,0.8000000000000007
Lucian,Lee Sin,20,11,0.55,0.54,0.040000000000000036,0.8000000000000007
K'Sante,Ambessa,18,10,0.5555555555555556,0.5434782608695652,0.04347826086956519,0.7826086956521734
Neeko,K'Sante,18,10,0.5555555555555556,0.5434782608695652,0.04347826086956519,0.7826086956521734
Sivir,Vi,18,10,0.5555555555555556,0.5434782608695652,0.04347826086956519,0.7826086956521734
Rumble,Sivir,18,10,0.5555555555555556,0.5434782608695652,0.04347826086956519,0.7826086956521734
Lucian,Yorick,18,10,0.5555555555555556,0.5434782608695652,0.04347826086956519,0.7826086956521734
Yunara,Annie,18,10,0.5555555555555556,0.5434782608695652,0.04347826086956519,0.7826086956521734
Neeko,Lucian,18,10,0.5555555555555556,0.5434782608695652,0.04347826086956519,0.7826086956521734
Pantheon,Renekton,18,10,0.5555555555555556,0.5434782608695652,0.04347826086956519,0.7826086956521734
Jhin,Jayce,18,10,0.5555555555555556,0.5434782608695652,0.04347826086956519,0.7826086956521734
Wukong,Ambessa,18,10,0.5555555555555556,0.5434782608695652,0.04347826086956519,0.7826086956521734
Bard,Ambessa,18,10,0.5555555555555556,0.5434782608695652,0.04347826086956519,0.7826086956521734
Ezreal,Skarner,18,10,0.5555555555555556,0.5434782608695652,0.04347826086956519,0.7826086956521734
Jhin,Akali,18,10,0.5555555555555556,0.5434782608695652,0.04347826086956519,0.7826086956521734
Jayce,Neeko,18,10,0.5555555555555556,0.5434782608695652,0.04347826086956519,0.7826086956521734
Rell,Viktor,18,10,0.5555555555555556,0.5434782608695652,0.04347826086956519,0.7826086956521734
Akali,Vi,18,10,0.5555555555555556,0.5434782608695652,0.04347826086956519,0.7826086956521734
Rumble,Skarner,18,10,0.5555555555555556,0.5434782608695652,0.04347826086956519,0.7826086956521734
Gnar,Jhin,18,10,0.5555555555555556,0.5434782608695652,0.04347826086956519,0.7826086956521734
Lulu,Rumble,18,10,0.5555555555555556,0.5434782608695652,0.04347826086956519,0.7826086956521734
Ryze,Syndra,16,9,0.5625,0.5476190476190477,0.04761904761904767,0.7619047619047628
Nami,Rakan,16,9,0.5625,0.5476190476190477,0.04761904761904767,0.7619047619047628
Aatrox,Ryze,16,9,0.5625,0.5476190476190477,0.04761904761904767,0.7619047619047628
Gnar,Taliyah,16,9,0.5625,0.5476190476190477,0.04761904761904767,0.7619047619047628
Annie,Viktor,16,9,0.5625,0.5476190476190477,0.04761904761904767,0.7619047619047628
Nautilus,Alistar,16,9,0.5625,0.5476190476190477,0.04761904761904767,0.7619047619047628
Sivir,Pantheon,16,9,0.5625,0.5476190476190477,0.04761904761904767,0.7619047619047628
Sivir,Xin Zhao,16,9,0.5625,0.5476190476190477,0.04761904761904767,0.7619047619047628
Twisted Fate,Caitlyn,16,9,0.5625,0.5476190476190477,0.04761904761904767,0.7619047619047628
Rell,Sion,16,9,0.5625,0.5476190476190477,0.04761904761904767,0.7619047619047628
Ezreal,Twisted Fate,16,9,0.5625,0.5476190476190477,0.04761904761904767,0.7619047619047628
Seraphine,Rell,16,9,0.5625,0.5476190476190477,0.04761904761904767,0.7619047619047628
Miss Fortune,Skarner,16,9,0.5625,0.5476190476190477,0.04761904761904767,0.7619047619047628
Sivir,Sion,16,9,0.5625,0.5476190476190477,0.04761904761904767,0.7619047619047628
Olaf,Ashe,16,9,0.5625,0.5476190476190477,0.04761904761904767,0.7619047619047628
Karma,K'Sante,16,9,0.5625,0.5476190476190477,0.04761904761904767,0.7619047619047628
Galio,Varus,5,4,0.8,0.65,0.15000000000000002,0.7500000000000001
Karma,Gwen,5,4,0.8,0.65,0.15000000000000002,0.7500000000000001
Neeko,Zoe,5,4,0.8,0.65,0.15000000000000002,0.7500000000000001
Trundle,Zoe,5,4,0.8,0.65,0.15000000000000002,0.7500000000000001
Galio,Alistar,5,4,0.8,0.65,0.15000000000000002,0.7500000000000001
Yunara,Mel,5,4,0.8,0.65,0.15000000000000002,0.7500000000000001
Jax,Rell,5,4,0.8,0.65,0.15000000000000002,0.7500000000000001
Corki,Syndra,5,4,0.8,0.65,0.15000000000000002,0.7500000000000001
Twisted Fate,Jayce,5,4,0.8,0.65,0.15000000000000002,0.7500000000000001
Sejuani,LeBlanc,5,4,0.8,0.65,0.15000000000000002,0.7500000000000001
Sejuani,Sion,5,4,0.8,0.65,0.15000000000000002,0.7500000000000001
Alistar,Cassiopeia,5,4,0.8,0.65,0.15000000000000002,0.7500000000000001
Trundle,Wukong,5,4,0.8,0.65,0.15000000000000002,0.7500000000000001
Sylas,Karma,5,4,0.8,0.65,0.15000000000000002,0.7500000000000001
Varus,Yone,5,4,0.8,0.65,0.15000000000000002,0.7500000000000001
Shen,Nami,5,4,0.8,0.65,0.15000000000000002,0.7500000000000001
Gwen,Orianna,5,4,0.8,0.65,0.15000000000000002,0.7500000000000001
Ryze,Maokai,5,4,0.8,0.65,0.15000000000000002,0.7500000000000001
Ziggs,Cassiopeia,5,4,0.8,0.65,0.15000000000000002,0.7500000000000001
Gragas,Sivir,5,4,0.8,0.65,0.15000000000000002,0.7500000000000001
Anivia,Gwen,5,4,0.8,0.65,0.15000000000000002,0.7500000000000001
Karma,Kalista,5,4,0.8,0.65,0.15000000000000002,0.7500000000000001
Olaf,Pantheon,5,4,0.8,0.65,0.15000000000000002,0.7500000000000001
Pyke,Caitlyn,5,4,0.8,0.65,0.15000000000000002,0.7500000000000001
Jax,Azir,5,4,0.8,0.65,0.15000000000000002,0.7500000000000001
Milio,Gwen,5,4,0.8,0.65,0.15000000000000002,0.7500000000000001
Vayne,Akali,5,4,0.8,0.65,0.15000000000000002,0.7500000000000001
Cassiopeia,Miss Fortune,5,4,0.8,0.65,0.15000000000000002,0.7500000000000001
Nocturne,Leona,5,4,0.8,0.65,0.15000000000000002,0.7500000000000001
Syndra,Dr. Mundo,5,4,0.8,0.65,0.15000000000000002,0.7500000000000001
Nocturne,LeBlanc,5,4,0.8,0.65,0.15000000000000002,0.7500000000000001
Leona,Gwen,5,4,0.8,0.65,0.15000000000000002,0.7500000000000001
Lee Sin,Jinx,5,4,0.8,0.65,0.15000000000000002,0.7500000000000001
Akali,Gragas,5,4,0.8,0.65,0.15000000000000002,0.7500000000000001
Jax,Corki,5,4,0.8,0.65,0.15000000000000002,0.7500000000000001
Bard,Tristana,5,4,0.8,0.65,0.15000000000000002,0.7500000000000001
Vi,Rell,5,4,0.8,0.65,0.15000000000000002,0.7500000000000001
Annie,Syndra,5,4,0.8,0.65,0.15000000000000002,0.7500000000000001
Galio,Zaahen,5,4,0.8,0.65,0.15000000000000002,0.7500000000000001
K'Sante,Smolder,5,4,0.8,0.65,0.15000000000000002,0.7500000000000001
Bard,Ziggs,5,4,0.8,0.65,0.15000000000000002,0.7500000000000001
Jhin,Rek'Sai,5,4,0.8,0.65,0.15000000000000002,0.7500000000000001
Ornn,Cho'Gath,5,4,0.8,0.65,0.15000000000000002,0.7500000000000001
Kalista,Sion,5,4,0.8,0.65,0.15000000000000002,0.7500000000000001
Skarner,Milio,5,4,0.8,0.65,0.15000000000000002,0.7500000000000001
Kog'Maw,Azir,5,4,0.8,0.65,0.15000000000000002,0.7500000000000001
Olaf,K'Sante,5,4,0.8,0.65,0.15000000000000002,0.7500000000000001
Qiyana,Viktor,5,4,0.8,0.65,0.15000000000000002,0.7500000000000001
Ahri,Yuumi,5,4,0.8,0.65,0.15000000000000002,0.7500000000000001
Miss Fortune,Orianna,5,4,0.8,0.65,0.15000000000000002,0.7500000000000001
Xin Zhao,Brand,5,4,0.8,0.65,0.15000000000000002,0.7500000000000001
Anivia,Maokai,5,4,0.8,0.65,0.15000000000000002,0.7500000000000001
Corki,Yuumi,5,4,0.8,0.65,0.15000000000000002,0.7500000000000001
Ornn,Yone,5,4,0.8,0.65,0.15000000000000002,0.7500000000000001
Shen,Azir,5,4,0.8,0.65,0.15000000000000002,0.7500000000000001
Dr. Mundo,Vi,5,4,0.8,0.65,0.15000000000000002,0.7500000000000001
LeBlanc,Smolder,5,4,0.8,0.65,0.15000000000000002,0.7500000000000001
Braum,Jayce,5,4,0.8,0.65,0.15000000000000002,0.7500000000000001
Neeko,Yorick,5,4,0.8,0.65,0.15000000000000002,0.7500000000000001
Bard,Rek'Sai,5,4,0.8,0.65,0.15000000000000002,0.7500000000000001
Yone,Skarner,5,4,0.8,0.65,0.15000000000000002,0.7500000000000001
Caitlyn,Maokai,5,4,0.8,0.65,0.15000000000000002,0.7500000000000001
Anivia,Jinx,5,4,0.8,0.65,0.15000000000000002,0.7500000000000001
Shen,Ambessa,5,4,0.8,0.65,0.15000000000000002,0.7500000000000001
Twisted Fate,Galio,5,4,0.8,0.65,0.15000000000000002,0.7500000000000001
Annie,Ornn,5,4,0.8,0.65,0.15000000000000002,0.7500000000000001
Senna,Naafiri,5,4,0.8,0.65,0.15000000000000002,0.7500000000000001
Lee Sin,Braum,5,4,0.8,0.65,0.15000000000000002,0.7500000000000001
Trundle,Galio,5,4,0.8,0.65,0.15000000000000002,0.7500000000000001
Viktor,Malphite,5,4,0.8,0.65,0.15000000000000002,0.7500000000000001
Braum,Senna,5,4,0.8,0.65,0.15000000000000002,0.7500000000000001
Rakan,Jinx,5,4,0.8,0.65,0.15000000000000002,0.7500000000000001
Smolder,Xayah,5,4,0.8,0.65,0.15000000000000002,0.7500000000000001
Corki,Maokai,5,4,0.8,0.65,0.15000000000000002,0.7500000000000001
Lucian,Syndra,5,4,0.8,0.65,0.15000000000000002,0.7500000000000001
Annie,Orianna,5,4,0.8,0.65,0.15000000000000002,0.7500000000000001
Poppy,Seraphine,5,4,0.8,0.65,0.15000000000000002,0.7500000000000001
Sejuani,Jarvan IV,5,4,0.8,0.65,0.15000000000000002,0.7500000000000001
Viktor,Leona,5,4,0.8,0.65,0.15000000000000002,0.7500000000000001
Sion,Camille,5,4,0.8,0.65,0.15000000000000002,0.7500000000000001
Ornn,Tristana,5,4,0.8,0.65,0.15000000000000002,0.7500000000000001
Ahri,Miss Fortune,5,4,0.8,0.65,0.15000000000000002,0.7500000000000001
Rakan,Gwen,5,4,0.8,0.65,0.15000000000000002,0.7500000000000001
Cassiopeia,Ornn,5,4,0.8,0.65,0.15000000000000002,0.7500000000000001
Shen,Jhin,5,4,0.8,0.65,0.15000000000000002,0.7500000000000001
Miss Fortune,Ornn,5,4,0.8,0.65,0.15000000000000002,0.7500000000000001
Ashe,Corki,14,8,0.5714285714285714,0.5526315789473685,0.052631578947368474,0.7368421052631586
Bard,Twisted Fate,14,8,0.5714285714285714,0.5526315789473685,0.052631578947368474,0.7368421052631586
Azir,Caitlyn,14,8,0.5714285714285714,0.5526315789473685,0.052631578947368474,0.7368421052631586
Nami,Skarner,14,8,0.5714285714285714,0.5526315789473685,0.052631578947368474,0.7368421052631586
Caitlyn,Taliyah,14,8,0.5714285714285714,0.5526315789473685,0.052631578947368474,0.7368421052631586
Caitlyn,Nocturne,14,8,0.5714285714285714,0.5526315789473685,0.052631578947368474,0.7368421052631586
Nocturne,Corki,14,8,0.5714285714285714,0.5526315789473685,0.052631578947368474,0.7368421052631586
Aurora,Taliyah,14,8,0.5714285714285714,0.5526315789473685,0.052631578947368474,0.7368421052631586
Ashe,Nocturne,14,8,0.5714285714285714,0.5526315789473685,0.052631578947368474,0.7368421052631586
Ornn,Xin Zhao,14,8,0.5714285714285714,0.5526315789473685,0.052631578947368474,0.7368421052631586
Nami,Ambessa,14,8,0.5714285714285714,0.5526315789473685,0.052631578947368474,0.7368421052631586
Akali,Jayce,14,8,0.5714285714285714,0.5526315789473685,0.052631578947368474,0.7368421052631586
Lee Sin,Orianna,14,8,0.5714285714285714,0.5526315789473685,0.052631578947368474,0.7368421052631586
Naafiri,Jayce,14,8,0.5714285714285714,0.5526315789473685,0.052631578947368474,0.7368421052631586
Taliyah,Lucian,14,8,0.5714285714285714,0.5526315789473685,0.052631578947368474,0.7368421052631586
Kai'Sa,Nocturne,14,8,0.5714285714285714,0.5526315789473685,0.052631578947368474,0.7368421052631586
Sion,Twisted Fate,14,8,0.5714285714285714,0.5526315789473685,0.052631578947368474,0.7368421052631586
Akali,Lee Sin,14,8,0.5714285714285714,0.5526315789473685,0.052631578947368474,0.7368421052631586
Aurora,Naafiri,14,8,0.5714285714285714,0.5526315789473685,0.052631578947368474,0.7368421052631586
K'Sante,Skarner,14,8,0.5714285714285714,0.5526315789473685,0.052631578947368474,0.7368421052631586
Skarner,Lulu,14,8,0.5714285714285714,0.5526315789473685,0.052631578947368474,0.7368421052631586
Pantheon,Naafiri,14,8,0.5714285714285714,0.5526315789473685,0.052631578947368474,0.7368421052631586
Naafiri,K'Sante,14,8,0.5714285714285714,0.5526315789473685,0.052631578947368474,0.7368421052631586
Lee Sin,Nautilus,14,8,0.5714285714285714,0.5526315789473685,0.052631578947368474,0.7368421052631586
Ambessa,Lee Sin,14,8,0.5714285714285714,0.5526315789473685,0.052631578947368474,0.7368421052631586
Mel,Pantheon,12,7,0.5833333333333334,0.5588235294117647,0.05882352941176472,0.7058823529411766
Kai'Sa,Jarvan IV,12,7,0.5833333333333334,0.5588235294117647,0.05882352941176472,0.7058823529411766
Yorick,Xin Zhao,12,7,0.5833333333333334,0.5588235294117647,0.05882352941176472,0.7058823529411766
Hwei,Nautilus,12,7,0.5833333333333334,0.5588235294117647,0.05882352941176472,0.7058823529411766
Jhin,Azir,12,7,0.5833333333333334,0.5588235294117647,0.05882352941176472,0.7058823529411766
Jarvan IV,Rell,12,7,0.5833333333333334,0.5588235294117647,0.05882352941176472,0.7058823529411766
Xin Zhao,Galio,12,7,0.5833333333333334,0.5588235294117647,0.05882352941176472,0.7058823529411766
Jhin,Lulu,12,7,0.5833333333333334,0.5588235294117647,0.05882352941176472,0.7058823529411766
Ornn,Lulu,12,7,0.5833333333333334,0.5588235294117647,0.05882352941176472,0.7058823529411766
Vayne,Ashe,12,7,0.5833333333333334,0.5588235294117647,0.05882352941176472,0.7058823529411766
Trundle,Lucian,12,7,0.5833333333333334,0.5588235294117647,0.05882352941176472,0.7058823529411766
Yone,Nautilus,12,7,0.5833333333333334,0.5588235294117647,0.05882352941176472,0.7058823529411766
Yunara,Lee Sin,12,7,0.5833333333333334,0.5588235294117647,0.05882352941176472,0.7058823529411766
Yone,Cassiopeia,12,7,0.5833333333333334,0.5588235294117647,0.05882352941176472,0.7058823529411766
Vi,Ornn,12,7,0.5833333333333334,0.5588235294117647,0.05882352941176472,0.7058823529411766
Lucian,Azir,12,7,0.5833333333333334,0.5588235294117647,0.05882352941176472,0.7058823529411766
Jarvan IV,Twisted Fate,12,7,0.5833333333333334,0.5588235294117647,0.05882352941176472,0.7058823529411766
Taliyah,Ezreal,12,7,0.5833333333333334,0.5588235294117647,0.05882352941176472,0.7058823529411766
Naafiri,Rell,12,7,0.5833333333333334,0.5588235294117647,0.05882352941176472,0.7058823529411766
Rakan,Karma,12,7,0.5833333333333334,0.5588235294117647,0.05882352941176472,0.7058823529411766
Orianna,Zaahen,12,7,0.5833333333333334,0.5588235294117647,0.05882352941176472,0.7058823529411766
Aatrox,Ashe,12,7,0.5833333333333334,0.5588235294117647,0.05882352941176472,0.7058823529411766
Senna,Sion,12,7,0.5833333333333334,0.5588235294117647,0.05882352941176472,0.7058823529411766
Miss Fortune,Karma,12,7,0.5833333333333334,0.5588235294117647,0.05882352941176472,0.7058823529411766
Sion,Kai'Sa,12,7,0.5833333333333334,0.5588235294117647,0.05882352941176472,0.7058823529411766
Taliyah,Nautilus,12,7,0.5833333333333334,0.5588235294117647,0.05882352941176472,0.7058823529411766
Ashe,Trundle,12,7,0.5833333333333334,0.5588235294117647,0.05882352941176472,0.7058823529411766
Zaahen,Cassiopeia,12,7,0.5833333333333334,0.5588235294117647,0.05882352941176472,0.7058823529411766
Aurora,Rell,12,7,0.5833333333333334,0.5588235294117647,0.05882352941176472,0.7058823529411766
Aurora,Miss Fortune,12,7,0.5833333333333334,0.5588235294117647,0.05882352941176472,0.7058823529411766
Taliyah,Lulu,12,7,0.5833333333333334,0.5588235294117647,0.05882352941176472,0.7058823529411766
Miss Fortune,Lulu,12,7,0.5833333333333334,0.5588235294117647,0.05882352941176472,0.7058823529411766
Pantheon,Aatrox,10,6,0.6,0.5666666666666667,0.06666666666666665,0.6666666666666665
Trundle,Ezreal,10,6,0.6,0.5666666666666667,0.06666666666666665,0.6666666666666665
Ahri,Annie,10,6,0.6,0.5666666666666667,0.06666666666666665,0.6666666666666665
Orianna,Naafiri,10,6,0.6,0.5666666666666667,0.06666666666666665,0.6666666666666665
Taliyah,Neeko,10,6,0.6,0.5666666666666667,0.06666666666666665,0.6666666666666665
Yorick,Jarvan IV,10,6,0.6,0.5666666666666667,0.06666666666666665,0.6666666666666665
Rakan,Rumble,10,6,0.6,0.5666666666666667,0.06666666666666665,0.6666666666666665
Yone,K'Sante,10,6,0.6,0.5666666666666667,0.06666666666666665,0.6666666666666665
Vayne,K'Sante,10,6,0.6,0.5666666666666667,0.06666666666666665,0.6666666666666665
Jayce,Gnar,10,6,0.6,0.5666666666666667,0.06666666666666665,0.6666666666666665
Ahri,Varus,10,6,0.6,0.5666666666666667,0.06666666666666665,0.6666666666666665
Orianna,Milio,10,6,0.6,0.5666666666666667,0.06666666666666665,0.6666666666666665
Milio,Jhin,10,6,0.6,0.5666666666666667,0.06666666666666665,0.6666666666666665
Renekton,Miss Fortune,10,6,0.6,0.5666666666666667,0.06666666666666665,0.6666666666666665
Sivir,K'Sante,10,6,0.6,0.5666666666666667,0.06666666666666665,0.6666666666666665
Ashe,Pyke,10,6,0.6,0.5666666666666667,0.06666666666666665,0.6666666666666665
Ashe,Ziggs,10,6,0.6,0.5666666666666667,0.06666666666666665,0.6666666666666665
Naafiri,Aatrox,10,6,0.6,0.5666666666666667,0.06666666666666665,0.6666666666666665
Aatrox,Lucian,10,6,0.6,0.5666666666666667,0.06666666666666665,0.6666666666666665
Aatrox,Milio,10,6,0.6,0.5666666666666667,0.06666666666666665,0.6666666666666665
Twisted Fate,Mel,10,6,0.6,0.5666666666666667,0.06666666666666665,0.6666666666666665
Pantheon,Hwei,10,6,0.6,0.5666666666666667,0.06666666666666665,0.6666666666666665
Aurora,Leona,10,6,0.6,0.5666666666666667,0.06666666666666665,0.6666666666666665
Sylas,Jarvan IV,10,6,0.6,0.5666666666666667,0.06666666666666665,0.6666666666666665
Cassiopeia,Nocturne,10,6,0.6,0.5666666666666667,0.06666666666666665,0.6666666666666665
Skarner,Rell,10,6,0.6,0.5666666666666667,0.06666666666666665,0.6666666666666665
Vayne,Xin Zhao,10,6,0.6,0.5666666666666667,0.06666666666666665,0.6666666666666665
Aurora,Corki,10,6,0.6,0.5666666666666667,0.06666666666666665,0.6666666666666665
Rakan,Varus,10,6,0.6,0.5666666666666667,0.06666666666666665,0.6666666666666665
Trundle,Gnar,10,6,0.6,0.5666666666666667,0.06666666666666665,0.6666666666666665
Wukong,Leona,10,6,0.6,0.5666666666666667,0.06666666666666665,0.6666666666666665
Gwen,Nautilus,10,6,0.6,0.5666666666666667,0.06666666666666665,0.6666666666666665
Xin Zhao,Syndra,10,6,0.6,0.5666666666666667,0.06666666666666665,0.6666666666666665
Neeko,Galio,10,6,0.6,0.5666666666666667,0.06666666666666665,0.6666666666666665
Bard,Xayah,10,6,0.6,0.5666666666666667,0.06666666666666665,0.6666666666666665
Seraphine,Galio,10,6,0.6,0.5666666666666667,0.06666666666666665,0.6666666666666665
Nautilus,Sylas,10,6,0.6,0.5666666666666667,0.06666666666666665,0.6666666666666665
Ambessa,LeBlanc,8,5,0.625,0.5769230769230769,0.07692307692307687,0.615384615384615
Yorick,Jhin,8,5,0.625,0.5769230769230769,0.07692307692307687,0.615384615384615
Kai'Sa,Nami,8,5,0.625,0.5769230769230769,0.07692307692307687,0.615384615384615
Gwen,Akali,8,5,0.625,0.5769230769230769,0.07692307692307687,0.615384615384615
Aatrox,Zaahen,8,5,0.625,0.5769230769230769,0.07692307692307687,0.615384615384615
Braum,Vi,8,5,0.625,0.5769230769230769,0.07692307692307687,0.615384615384615
Yone,Ezreal,8,5,0.625,0.5769230769230769,0.07692307692307687,0.615384615384615
Annie,Kai'Sa,8,5,0.625,0.5769230769230769,0.07692307692307687,0.615384615384615
Varus,Zaahen,8,5,0.625,0.5769230769230769,0.07692307692307687,0.615384615384615
Varus,Trundle,8,5,0.625,0.5769230769230769,0.07692307692307687,0.615384615384615
Alistar,Sylas,8,5,0.625,0.5769230769230769,0.07692307692307687,0.615384615384615
Smolder,Sion,8,5,0.625,0.5769230769230769,0.07692307692307687,0.615384615384615
Cassiopeia,Rell,8,5,0.625,0.5769230769230769,0.07692307692307687,0.615384615384615
Alistar,Akali,8,5,0.625,0.5769230769230769,0.07692307692307687,0.615384615384615
Kai'Sa,Jhin,8,5,0.625,0.5769230769230769,0.07692307692307687,0.615384615384615
Nocturne,Gwen,8,5,0.625,0.5769230769230769,0.07692307692307687,0.615384615384615
Skarner,Syndra,8,5,0.625,0.5769230769230769,0.07692307692307687,0.615384615384615
Lucian,Kalista,8,5,0.625,0.5769230769230769,0.07692307692307687,0.615384615384615
Varus,Aatrox,8,5,0.625,0.5769230769230769,0.07692307692307687,0.615384615384615
Smolder,Ambessa,8,5,0.625,0.5769230769230769,0.07692307692307687,0.615384615384615
Bard,Hwei,8,5,0.625,0.5769230769230769,0.07692307692307687,0.615384615384615
Lee Sin,Miss Fortune,8,5,0.625,0.5769230769230769,0.07692307692307687,0.615384615384615
Lucian,Vayne,8,5,0.625,0.5769230769230769,0.07692307692307687,0.615384615384615
Leona,Orianna,8,5,0.625,0.5769230769230769,0.07692307692307687,0.615384615384615
Aphelios,Yunara,8,5,0.625,0.5769230769230769,0.07692307692307687,0.615384615384615
Nocturne,Yorick,8,5,0.625,0.5769230769230769,0.07692307692307687,0.615384615384615
Aatrox,Nautilus,8,5,0.625,0.5769230769230769,0.07692307692307687,0.615384615384615
Ryze,Hwei,8,5,0.625,0.5769230769230769,0.07692307692307687,0.615384615384615
Pyke,Xin Zhao,8,5,0.625,0.5769230769230769,0.07692307692307687,0.615384615384615
Rumble,Syndra,8,5,0.625,0.5769230769230769,0.07692307692307687,0.615384615384615
Renekton,Alistar,8,5,0.625,0.5769230769230769,0.07692307692307687,0.615384615384615
Annie,Twisted Fate,8,5,0.625,0.5769230769230769,0.07692307692307687,0.615384615384615
Yunara,Zeri,8,5,0.625,0.5769230769230769,0.07692307692307687,0.615384615384615
Milio,Galio,8,5,0.625,0.5769230769230769,0.07692307692307687,0.615384615384615
Rumble,Taliyah,8,5,0.625,0.5769230769230769,0.07692307692307687,0.615384615384615
Ezreal,Senna,8,5,0.625,0.5769230769230769,0.07692307692307687,0.615384615384615
Senna,Vi,8,5,0.625,0.5769230769230769,0.07692307692307687,0.615384615384615
Seraphine,Yorick,8,5,0.625,0.5769230769230769,0.07692307692307687,0.615384615384615
Aphelios,Vi,8,5,0.625,0.5769230769230769,0.07692307692307687,0.615384615384615
Twisted Fate,Jax,8,5,0.625,0.5769230769230769,0.07692307692307687,0.615384615384615
Smolder,Rumble,8,5,0.625,0.5769230769230769,0.07692307692307687,0.615384615384615
Yunara,Shen,8,5,0.625,0.5769230769230769,0.07692307692307687,0.615384615384615
Shen,Xin Zhao,8,5,0.625,0.5769230769230769,0.07692307692307687,0.615384615384615
Nocturne,Jayce,8,5,0.625,0.5769230769230769,0.07692307692307687,0.615384615384615
Sivir,Twisted Fate,8,5,0.625,0.5769230769230769,0.07692307692307687,0.615384615384615
Naafiri,Yone,8,5,0.625,0.5769230769230769,0.07692307692307687,0.615384615384615
Kai'Sa,Lulu,8,5,0.625,0.5769230769230769,0.07692307692307687,0.615384615384615
Zaahen,Pantheon,8,5,0.625,0.5769230769230769,0.07692307692307687,0.615384615384615
Anivia,Rell,8,5,0.625,0.5769230769230769,0.07692307692307687,0.615384615384615
Yorick,Trundle,8,5,0.625,0.5769230769230769,0.07692307692307687,0.615384615384615
Ashe,LeBlanc,8,5,0.625,0.5769230769230769,0.07692307692307687,0.615384615384615
Seraphine,Ziggs,8,5,0.625,0.5769230769230769,0.07692307692307687,0.615384615384615
Dr. Mundo,Ezreal,8,5,0.625,0.5769230769230769,0.07692307692307687,0.615384615384615
Twisted Fate,Varus,8,5,0.625,0.5769230769230769,0.07692307692307687,0.615384615384615
Taliyah,Kai'Sa,8,5,0.625,0.5769230769230769,0.07692307692307687,0.615384615384615
Xayah,Neeko,8,5,0.625,0.5769230769230769,0.07692307692307687,0.615384615384615
Ashe,Azir,8,5,0.625,0.5769230769230769,0.07692307692307687,0.615384615384615
Ryze,Tristana,8,5,0.625,0.5769230769230769,0.07692307692307687,0.615384615384615
Olaf,Lulu,8,5,0.625,0.5769230769230769,0.07692307692307687,0.615384615384615
Orianna,Jayce,8,5,0.625,0.5769230769230769,0.07692307692307687,0.615384615384615
Braum,Miss Fortune,8,5,0.625,0.5769230769230769,0.07692307692307687,0.615384615384615
Senna,Wukong,8,5,0.625,0.5769230769230769,0.07692307692307687,0.615384615384615
Miss Fortune,Yunara,8,5,0.625,0.5769230769230769,0.07692307692307687,0.615384615384615
Lee Sin,Olaf,8,5,0.625,0.5769230769230769,0.07692307692307687,0.615384615384615
Alistar,Yorick,8,5,0.625,0.5769230769230769,0.07692307692307687,0.615384615384615
Caitlyn,Thresh,3,3,1.0,0.6875,0.1875,0.5625
Lulu,LeBlanc,3,3,1.0,0.6875,0.1875,0.5625
Yasuo,Ahri,3,3,1.0,0.6875,0.1875,0.5625
Anivia,Zeri,3,3,1.0,0.6875,0.1875,0.5625
Zoe,Braum,3,3,1.0,0.6875,0.1875,0.5625
Kennen,Taliyah,3,3,1.0,0.6875,0.1875,0.5625
Jax,Neeko,3,3,1.0,0.6875,0.1875,0.5625
Sejuani,Xayah,3,3,1.0,0.6875,0.1875,0.5625
Sejuani,Ezreal,3,3,1.0,0.6875,0.1875,0.5625
Yone,Rumble,3,3,1.0,0.6875,0.1875,0.5625
Skarner,Sejuani,3,3,1.0,0.6875,0.1875,0.5625
Lux,Vi,3,3,1.0,0.6875,0.1875,0.5625
Vi,Kennen,3,3,1.0,0.6875,0.1875,0.5625
Lillia,Ashe,3,3,1.0,0.6875,0.1875,0.5625
Zed,Camille,3,3,1.0,0.6875,0.1875,0.5625
Lucian,Maokai,3,3,1.0,0.6875,0.1875,0.5625
Hwei,Miss Fortune,3,3,1.0,0.6875,0.1875,0.5625
Kai'Sa,Kindred,3,3,1.0,0.6875,0.1875,0.5625
Sivir,Gwen,3,3,1.0,0.6875,0.1875,0.5625
Nami,Kalista,3,3,1.0,0.6875,0.1875,0.5625
Ziggs,Ryze,3,3,1.0,0.6875,0.1875,0.5625
Kha'Zix,Neeko,3,3,1.0,0.6875,0.1875,0.5625
Akali,Kalista,3,3,1.0,0.6875,0.1875,0.5625
Akali,Renata Glasc,3,3,1.0,0.6875,0.1875,0.5625
Malphite,Orianna,3,3,1.0,0.6875,0.1875,0.5625
Akali,Ornn,3,3,1.0,0.6875,0.1875,0.5625
Ezreal,Ziggs,3,3,1.0,0.6875,0.1875,0.5625
Ezreal,Kalista,3,3,1.0,0.6875,0.1875,0.5625
Ryze,Yuumi,3,3,1.0,0.6875,0.1875,0.5625
Sion,Volibear,3,3,1.0,0.6875,0.1875,0.5625
Lee Sin,Zaahen,3,3,1.0,0.6875,0.1875,0.5625
Viktor,Ziggs,3,3,1.0,0.6875,0.1875,0.5625
Milio,Vladimir,3,3,1.0,0.6875,0.1875,0.5625
Olaf,Azir,3,3,1.0,0.6875,0.1875,0.5625
Ryze,Aurelion Sol,3,3,1.0,0.6875,0.1875,0.5625
Orianna,Mel,3,3,1.0,0.6875,0.1875,0.5625
Seraphine,Cho'Gath,3,3,1.0,0.6875,0.1875,0.5625
Bard,Yasuo,3,3,1.0,0.6875,0.1875,0.5625
Jax,Rek'Sai,3,3,1.0,0.6875,0.1875,0.5625
Anivia,Leona,3,3,1.0,0.6875,0.1875,0.5625
Dr. Mundo,Annie,3,3,1.0,0.6875,0.1875,0.5625
Malphite,Rell,3,3,1.0,0.6875,0.1875,0.5625
Aatrox,Kennen,3,3,1.0,0.6875,0.1875,0.5625
Hwei,Milio,3,3,1.0,0.6875,0.1875,0.5625
Caitlyn,Shen,3,3,1.0,0.6875,0.1875,0.5625
Naafiri,Azir,3,3,1.0,0.6875,0.1875,0.5625
Jax,Leona,3,3,1.0,0.6875,0.1875,0.5625
Akali,Azir,3,3,1.0,0.6875,0.1875,0.5625
Ezreal,Brand,3,3,1.0,0.6875,0.1875,0.5625
Kalista,Ryze,3,3,1.0,0.6875,0.1875,0.5625
Corki,Zed,3,3,1.0,0.6875,0.1875,0.5625
Kalista,Rell,3,3,1.0,0.6875,0.1875,0.5625
Bard,Thresh,3,3,1.0,0.6875,0.1875,0.5625
Rakan,Lissandra,3,3,1.0,0.6875,0.1875,0.5625
Ahri,Camille,3,3,1.0,0.6875,0.1875,0.5625
LeBlanc,Azir,3,3,1.0,0.6875,0.1875,0.5625
Braum,Twisted Fate,3,3,1.0,0.6875,0.1875,0.5625
Gragas,Trundle,3,3,1.0,0.6875,0.1875,0.5625
Zac,Neeko,3,3,1.0,0.6875,0.1875,0.5625
Ashe,Shyvana,3,3,1.0,0.6875,0.1875,0.5625
Xin Zhao,Shyvana,3,3,1.0,0.6875,0.1875,0.5625
Rumble,Renekton,3,3,1.0,0.6875,0.1875,0.5625
Nami,Draven,3,3,1.0,0.6875,0.1875,0.5625
Vayne,Braum,3,3,1.0,0.6875,0.1875,0.5625
Kai'Sa,Thresh,3,3,1.0,0.6875,0.1875,0.5625
Neeko,Maokai,3,3,1.0,0.6875,0.1875,0.5625
LeBlanc,Syndra,3,3,1.0,0.6875,0.1875,0.5625
Rell,Gwen,3,3,1.0,0.6875,0.1875,0.5625
Jinx,Twisted Fate,3,3,1.0,0.6875,0.1875,0.5625
Pyke,Nami,3,3,1.0,0.6875,0.1875,0.5625
Wukong,Brand,3,3,1.0,0.6875,0.1875,0.5625
Wukong,Camille,3,3,1.0,0.6875,0.1875,0.5625
Lee Sin,Sylas,3,3,1.0,0.6875,0.1875,0.5625
Kai'Sa,Galio,3,3,1.0,0.6875,0.1875,0.5625
Vayne,Shyvana,3,3,1.0,0.6875,0.1875,0.5625
Ornn,Mordekaiser,3,3,1.0,0.6875,0.1875,0.5625
Yuumi,Ezreal,3,3,1.0,0.6875,0.1875,0.5625
Orianna,Yasuo,3,3,1.0,0.6875,0.1875,0.5625
Nasus,Vi,3,3,1.0,0.6875,0.1875,0.5625
Lux,Viktor,3,3,1.0,0.6875,0.1875,0.5625
Jarvan IV,Zoe,3,3,1.0,0.6875,0.1875,0.5625
Vayne,Corki,3,3,1.0,0.6875,0.1875,0.5625
Dr. Mundo,Renekton,3,3,1.0,0.6875,0.1875,0.5625
Sylas,Renekton,3,3,1.0,0.6875,0.1875,0.5625
Trundle,Sylas,3,3,1.0,0.6875,0.1875,0.5625
Rakan,Tristana,3,3,1.0,0.6875,0.1875,0.5625
Wukong,Darius,3,3,1.0,0.6875,0.1875,0.5625
Wukong,Fiora,3,3,1.0,0.6875,0.1875,0.5625
Orianna,Zyra,3,3,1.0,0.6875,0.1875,0.5625
Blitzcrank,Ashe,3,3,1.0,0.6875,0.1875,0.5625
Kai'Sa,Lissandra,3,3,1.0,0.6875,0.1875,0.5625
Nautilus,Aphelios,3,3,1.0,0.6875,0.1875,0.5625
Ryze,Veigar,3,3,1.0,0.6875,0.1875,0.5625
Sylas,Camille,3,3,1.0,0.6875,0.1875,0.5625
Aatrox,Pyke,3,3,1.0,0.6875,0.1875,0.5625
Lux,Karma,3,3,1.0,0.6875,0.1875,0.5625
Nocturne,Gragas,3,3,1.0,0.6875,0.1875,0.5625
Yunara,Kog'Maw,3,3,1.0,0.6875,0.1875,0.5625
Vayne,Senna,3,3,1.0,0.6875,0.1875,0.5625
Malphite,Skarner,3,3,1.0,0.6875,0.1875,0.5625
Draven,Lulu,3,3,1.0,0.6875,0.1875,0.5625
Lux,Ryze,3,3,1.0,0.6875,0.1875,0.5625
Amumu,Mordekaiser,3,3,1.0,0.6875,0.1875,0.5625
Qiyana,Jax,3,3,1.0,0.6875,0.1875,0.5625
Vi,Camille,3,3,1.0,0.6875,0.1875,0.5625
Nasus,Seraphine,3,3,1.0,0.6875,0.1875,0.5625
Galio,Leona,3,3,1.0,0.6875,0.1875,0.5625
Alistar,Aatrox,3,3,1.0,0.6875,0.1875,0.5625
Trundle,Kindred,3,3,1.0,0.6875,0.1875,0.5625
Lucian,Camille,3,3,1.0,0.6875,0.1875,0.5625
LeBlanc,Ziggs,3,3,1.0,0.6875,0.1875,0.5625
Naafiri,Kennen,3,3,1.0,0.6875,0.1875,0.5625
Shen,Sejuani,3,3,1.0,0.6875,0.1875,0.5625
Galio,Maokai,3,3,1.0,0.6875,0.1875,0.5625
Blitzcrank,Seraphine,3,3,1.0,0.6875,0.1875,0.5625
Cassiopeia,Kalista,3,3,1.0,0.6875,0.1875,0.5625
Amumu,Malphite,3,3,1.0,0.6875,0.1875,0.5625
Shen,Jax,3,3,1.0,0.6875,0.1875,0.5625
Nocturne,Kog'Maw,3,3,1.0,0.6875,0.1875,0.5625
Cassiopeia,Viego,3,3,1.0,0.6875,0.1875,0.5625
Rell,Kog'Maw,3,3,1.0,0.6875,0.1875,0.5625
Anivia,Tristana,3,3,1.0,0.6875,0.1875,0.5625
Xayah,Yorick,3,3,1.0,0.6875,0.1875,0.5625
Yone,Leona,3,3,1.0,0.6875,0.1875,0.5625
Kennen,Ambessa,3,3,1.0,0.6875,0.1875,0.5625
Bard,Jax,6,4,0.6666666666666666,0.5909090909090909,0.09090909090909094,0.5454545454545456
Corki,Mel,6,4,0.6666666666666666,0.5909090909090909,0.09090909090909094,0.5454545454545456
Irelia,Gnar,6,4,0.6666666666666666,0.5909090909090909,0.09090909090909094,0.5454545454545456
Rakan,Kai'Sa,6,4,0.6666666666666666,0.5909090909090909,0.09090909090909094,0.5454545454545456
Ornn,Dr. Mundo,6,4,0.6666666666666666,0.5909090909090909,0.09090909090909094,0.5454545454545456
Aurora,Braum,6,4,0.6666666666666666,0.5909090909090909,0.09090909090909094,0.5454545454545456
Pyke,Sion,6,4,0.6666666666666666,0.5909090909090909,0.09090909090909094,0.5454545454545456
Vayne,Ryze,6,4,0.6666666666666666,0.5909090909090909,0.09090909090909094,0.5454545454545456
Xayah,Gwen,6,4,0.6666666666666666,0.5909090909090909,0.09090909090909094,0.5454545454545456
Lucian,Kai'Sa,6,4,0.6666666666666666,0.5909090909090909,0.09090909090909094,0.5454545454545456
Zeri,Rumble,6,4,0.6666666666666666,0.5909090909090909,0.09090909090909094,0.5454545454545456
Olaf,Wukong,6,4,0.6666666666666666,0.5909090909090909,0.09090909090909094,0.5454545454545456
Ezreal,Hwei,6,4,0.6666666666666666,0.5909090909090909,0.09090909090909094,0.5454545454545456
Syndra,Lulu,6,4,0.6666666666666666,0.5909090909090909,0.09090909090909094,0.5454545454545456
Alistar,Gragas,6,4,0.6666666666666666,0.5909090909090909,0.09090909090909094,0.5454545454545456
Nocturne,Jax,6,4,0.6666666666666666,0.5909090909090909,0.09090909090909094,0.5454545454545456
Pantheon,Yone,6,4,0.6666666666666666,0.5909090909090909,0.09090909090909094,0.5454545454545456
Lee Sin,Kai'Sa,6,4,0.6666666666666666,0.5909090909090909,0.09090909090909094,0.5454545454545456
Jayce,Gragas,6,4,0.6666666666666666,0.5909090909090909,0.09090909090909094,0.5454545454545456
Pyke,Renekton,6,4,0.6666666666666666,0.5909090909090909,0.09090909090909094,0.5454545454545456
Mel,Taliyah,6,4,0.6666666666666666,0.5909090909090909,0.09090909090909094,0.5454545454545456
Ashe,Shen,6,4,0.6666666666666666,0.5909090909090909,0.09090909090909094,0.5454545454545456
Yone,Vi,6,4,0.6666666666666666,0.5909090909090909,0.09090909090909094,0.5454545454545456
Hwei,Jayce,6,4,0.6666666666666666,0.5909090909090909,0.09090909090909094,0.5454545454545456
Caitlyn,Sylas,6,4,0.6666666666666666,0.5909090909090909,0.09090909090909094,0.5454545454545456
Gragas,Bard,6,4,0.6666666666666666,0.5909090909090909,0.09090909090909094,0.5454545454545456
Nocturne,Lee Sin,6,4,0.6666666666666666,0.5909090909090909,0.09090909090909094,0.5454545454545456
Jarvan IV,Yone,6,4,0.6666666666666666,0.5909090909090909,0.09090909090909094,0.5454545454545456
Milio,Malphite,6,4,0.6666666666666666,0.5909090909090909,0.09090909090909094,0.5454545454545456
Kai'Sa,Neeko,6,4,0.6666666666666666,0.5909090909090909,0.09090909090909094,0.5454545454545456
Neeko,Hwei,6,4,0.6666666666666666,0.5909090909090909,0.09090909090909094,0.5454545454545456
Ornn,Viktor,6,4,0.6666666666666666,0.5909090909090909,0.09090909090909094,0.5454545454545456
Shyvana,Viktor,6,4,0.6666666666666666,0.5909090909090909,0.09090909090909094,0.5454545454545456
Dr. Mundo,Xin Zhao,6,4,0.6666666666666666,0.5909090909090909,0.09090909090909094,0.5454545454545456
Annie,Aatrox,6,4,0.6666666666666666,0.5909090909090909,0.09090909090909094,0.5454545454545456
Sivir,Ambessa,6,4,0.6666666666666666,0.5909090909090909,0.09090909090909094,0.5454545454545456
Ziggs,Lee Sin,6,4,0.6666666666666666,0.5909090909090909,0.09090909090909094,0.5454545454545456
Gwen,Seraphine,6,4,0.6666666666666666,0.5909090909090909,0.09090909090909094,0.5454545454545456
Rell,Syndra,6,4,0.6666666666666666,0.5909090909090909,0.09090909090909094,0.5454545454545456
Syndra,Nami,6,4,0.6666666666666666,0.5909090909090909,0.09090909090909094,0.5454545454545456
Ziggs,Pantheon,6,4,0.6666666666666666,0.5909090909090909,0.09090909090909094,0.5454545454545456
Rumble,Dr. Mundo,6,4,0.6666666666666666,0.5909090909090909,0.09090909090909094,0.5454545454545456
Ornn,Azir,6,4,0.6666666666666666,0.5909090909090909,0.09090909090909094,0.5454545454545456
Lee Sin,Senna,6,4,0.6666666666666666,0.5909090909090909,0.09090909090909094,0.5454545454545456
Twisted Fate,Ahri,6,4,0.6666666666666666,0.5909090909090909,0.09090909090909094,0.5454545454545456
Leona,Gnar,6,4,0.6666666666666666,0.5909090909090909,0.09090909090909094,0.5454545454545456
Rek'Sai,Lee Sin,6,4,0.6666666666666666,0.5909090909090909,0.09090909090909094,0.5454545454545456
Vi,Syndra,6,4,0.6666666666666666,0.5909090909090909,0.09090909090909094,0.5454545454545456
Yunara,Rell,6,4,0.6666666666666666,0.5909090909090909,0.09090909090909094,0.5454545454545456
Malphite,Seraphine,6,4,0.6666666666666666,0.5909090909090909,0.09090909090909094,0.5454545454545456
Yorick,Nautilus,6,4,0.6666666666666666,0.5909090909090909,0.09090909090909094,0.5454545454545456
Miss Fortune,Ambessa,6,4,0.6666666666666666,0.5909090909090909,0.09090909090909094,0.5454545454545456
Lux,Annie,6,4,0.6666666666666666,0.5909090909090909,0.09090909090909094,0.5454545454545456
Sion,Galio,6,4,0.6666666666666666,0.5909090909090909,0.09090909090909094,0.5454545454545456
Kai'Sa,Smolder,6,4,0.6666666666666666,0.5909090909090909,0.09090909090909094,0.5454545454545456
Sion,Cho'Gath,6,4,0.6666666666666666,0.5909090909090909,0.09090909090909094,0.5454545454545456
Skarner,Smolder,6,4,0.6666666666666666,0.5909090909090909,0.09090909090909094,0.5454545454545456
Varus,Yasuo,6,4,0.6666666666666666,0.5909090909090909,0.09090909090909094,0.5454545454545456
Aatrox,Ornn,6,4,0.6666666666666666,0.5909090909090909,0.09090909090909094,0.5454545454545456
Hwei,Yunara,6,4,0.6666666666666666,0.5909090909090909,0.09090909090909094,0.5454545454545456
Jarvan IV,Dr. Mundo,6,4,0.6666666666666666,0.5909090909090909,0.09090909090909094,0.5454545454545456
Yunara,Dr. Mundo,6,4,0.6666666666666666,0.5909090909090909,0.09090909090909094,0.5454545454545456
Ahri,Zeri,6,4,0.6666666666666666,0.5909090909090909,0.09090909090909094,0.5454545454545456
Braum,Wukong,6,4,0.6666666666666666,0.5909090909090909,0.09090909090909094,0.5454545454545456
Lulu,Dr. Mundo,6,4,0.6666666666666666,0.5909090909090909,0.09090909090909094,0.5454545454545456
Leona,Ambessa,6,4,0.6666666666666666,0.5909090909090909,0.09090909090909094,0.5454545454545456
Akali,Aphelios,6,4,0.6666666666666666,0.5909090909090909,0.09090909090909094,0.5454545454545456
Rakan,Aurora,6,4,0.6666666666666666,0.5909090909090909,0.09090909090909094,0.5454545454545456
Poppy,Alistar,6,4,0.6666666666666666,0.5909090909090909,0.09090909090909094,0.5454545454545456
Dr. Mundo,Milio,6,4,0.6666666666666666,0.5909090909090909,0.09090909090909094,0.5454545454545456
Maokai,Leona,6,4,0.6666666666666666,0.5909090909090909,0.09090909090909094,0.5454545454545456
Bard,Smolder,6,4,0.6666666666666666,0.5909090909090909,0.09090909090909094,0.5454545454545456
LeBlanc,Jayce,6,4,0.6666666666666666,0.5909090909090909,0.09090909090909094,0.5454545454545456
Ryze,Jinx,6,4,0.6666666666666666,0.5909090909090909,0.09090909090909094,0.5454545454545456
Rakan,Aatrox,6,4,0.6666666666666666,0.5909090909090909,0.09090909090909094,0.5454545454545456
Gwen,Ahri,6,4,0.6666666666666666,0.5909090909090909,0.09090909090909094,0.5454545454545456
Shen,Viktor,6,4,0.6666666666666666,0.5909090909090909,0.09090909090909094,0.5454545454545456
Ahri,Tristana,6,4,0.6666666666666666,0.5909090909090909,0.09090909090909094,0.5454545454545456
Jarvan IV,Tristana,6,4,0.6666666666666666,0.5909090909090909,0.09090909090909094,0.5454545454545456
Ornn,LeBlanc,6,4,0.6666666666666666,0.5909090909090909,0.09090909090909094,0.5454545454545456
Ahri,Cassiopeia,6,4,0.6666666666666666,0.5909090909090909,0.09090909090909094,0.5454545454545456
Skarner,Ornn,6,4,0.6666666666666666,0.5909090909090909,0.09090909090909094,0.5454545454545456
Kai'Sa,Renekton,6,4,0.6666666666666666,0.5909090909090909,0.09090909090909094,0.5454545454545456
Zeri,Sivir,6,4,0.6666666666666666,0.5909090909090909,0.09090909090909094,0.5454545454545456
Ornn,Corki,6,4,0.6666666666666666,0.5909090909090909,0.09090909090909094,0.5454545454545456
Ornn,Jayce,6,4,0.6666666666666666,0.5909090909090909,0.09090909090909094,0.5454545454545456
Jarvan IV,Shen,6,4,0.6666666666666666,0.5909090909090909,0.09090909090909094,0.5454545454545456
Trundle,Qiyana,6,4,0.6666666666666666,0.5909090909090909,0.09090909090909094,0.5454545454545456
Leona,Jinx,6,4,0.6666666666666666,0.5909090909090909,0.09090909090909094,0.5454545454545456
Jax,Pantheon,6,4,0.6666666666666666,0.5909090909090909,0.09090909090909094,0.5454545454545456
Anivia,Miss Fortune,6,4,0.6666666666666666,0.5909090909090909,0.09090909090909094,0.5454545454545456
Galio,Miss Fortune,6,4,0.6666666666666666,0.5909090909090909,0.09090909090909094,0.5454545454545456
Jarvan IV,Senna,6,4,0.6666666666666666,0.5909090909090909,0.09090909090909094,0.5454545454545456
Ezreal,Gragas,6,4,0.6666666666666666,0.5909090909090909,0.09090909090909094,0.5454545454545456
Anivia,Xayah,6,4,0.6666666666666666,0.5909090909090909,0.09090909090909094,0.5454545454545456
Caitlyn,Galio,6,4,0.6666666666666666,0.5909090909090909,0.09090909090909094,0.5454545454545456
Kennen,Gnar,6,4,0.6666666666666666,0.5909090909090909,0.09090909090909094,0.5454545454545456
Shen,Pantheon,6,4,0.6666666666666666,0.5909090909090909,0.09090909090909094,0.5454545454545456
Lux,Xin Zhao,6,4,0.6666666666666666,0.5909090909090909,0.09090909090909094,0.5454545454545456
Ziggs,Renekton,6,4,0.6666666666666666,0.5909090909090909,0.09090909090909094,0.5454545454545456
Anivia,Taliyah,6,4,0.6666666666666666,0.5909090909090909,0.09090909090909094,0.5454545454545456
Yunara,Malphite,6,4,0.6666666666666666,0.5909090909090909,0.09090909090909094,0.5454545454545456
Hwei,Senna,6,4,0.6666666666666666,0.5909090909090909,0.09090909090909094,0.5454545454545456
Pantheon,Yorick,6,4,0.6666666666666666,0.5909090909090909,0.09090909090909094,0.5454545454545456
Senna,Skarner,6,4,0.6666666666666666,0.5909090909090909,0.09090909090909094,0.5454545454545456
Lulu,Leona,6,4,0.6666666666666666,0.5909090909090909,0.09090909090909094,0.5454545454545456
Lee Sin,Trundle,6,4,0.6666666666666666,0.5909090909090909,0.09090909090909094,0.5454545454545456
Gnar,Zaahen,6,4,0.6666666666666666,0.5909090909090909,0.09090909090909094,0.5454545454545456
Jarvan IV,Jax,6,4,0.6666666666666666,0.5909090909090909,0.09090909090909094,0.5454545454545456
Kai'Sa,Varus,6,4,0.6666666666666666,0.5909090909090909,0.09090909090909094,0.5454545454545456
Sejuani,Aurora,6,4,0.6666666666666666,0.5909090909090909,0.09090909090909094,0.5454545454545456
Senna,Cassiopeia,6,4,0.6666666666666666,0.5909090909090909,0.09090909090909094,0.5454545454545456
Jhin,Leona,6,4,0.6666666666666666,0.5909090909090909,0.09090909090909094,0.5454545454545456
Ashe,Seraphine,57,29,0.5087719298245614,0.5080645161290323,0.008064516129032251,0.4596774193548383
Bard,Xin Zhao,55,28,0.509090909090909,0.5083333333333333,0.008333333333333304,0.4583333333333317
Sion,Pantheon,51,26,0.5098039215686274,0.5089285714285714,0.008928571428571397,0.45535714285714124
Sivir,Ezreal,51,26,0.5098039215686274,0.5089285714285714,0.008928571428571397,0.45535714285714124
Ezreal,Lulu,49,25,0.5102040816326531,0.5092592592592593,0.0092592592592593,0.4537037037037057
Sion,Jarvan IV,49,25,0.5102040816326531,0.5092592592592593,0.0092592592592593,0.4537037037037057
Seraphine,Lulu,47,24,0.5106382978723404,0.5096153846153846,0.009615384615384581,0.4519230769230753
Lucian,Lulu,41,21,0.5121951219512195,0.5108695652173914,0.010869565217391353,0.44565217391304546
Annie,Ryze,41,21,0.5121951219512195,0.5108695652173914,0.010869565217391353,0.44565217391304546
Karma,Seraphine,41,21,0.5121951219512195,0.5108695652173914,0.010869565217391353,0.44565217391304546
Ambessa,Jax,4,3,0.75,0.6111111111111112,0.11111111111111116,0.44444444444444464
Jax,Galio,4,3,0.75,0.6111111111111112,0.11111111111111116,0.44444444444444464
Nami,Mel,4,3,0.75,0.6111111111111112,0.11111111111111116,0.44444444444444464
Thresh,Wukong,4,3,0.75,0.6111111111111112,0.11111111111111116,0.44444444444444464
Vayne,Bard,4,3,0.75,0.6111111111111112,0.11111111111111116,0.44444444444444464
Jarvan IV,Thresh,4,3,0.75,0.6111111111111112,0.11111111111111116,0.44444444444444464
Mel,Ambessa,4,3,0.75,0.6111111111111112,0.11111111111111116,0.44444444444444464
Tristana,Ezreal,4,3,0.75,0.6111111111111112,0.11111111111111116,0.44444444444444464
Naafiri,Syndra,4,3,0.75,0.6111111111111112,0.11111111111111116,0.44444444444444464
Yorick,Ambessa,4,3,0.75,0.6111111111111112,0.11111111111111116,0.44444444444444464
Alistar,Gnar,4,3,0.75,0.6111111111111112,0.11111111111111116,0.44444444444444464
Vayne,Sivir,4,3,0.75,0.6111111111111112,0.11111111111111116,0.44444444444444464
Ambessa,Azir,4,3,0.75,0.6111111111111112,0.11111111111111116,0.44444444444444464
Corki,Zoe,4,3,0.75,0.6111111111111112,0.11111111111111116,0.44444444444444464
Pantheon,Zoe,4,3,0.75,0.6111111111111112,0.11111111111111116,0.44444444444444464
Wukong,Irelia,4,3,0.75,0.6111111111111112,0.11111111111111116,0.44444444444444464
K'Sante,Draven,4,3,0.75,0.6111111111111112,0.11111111111111116,0.44444444444444464
Tristana,Braum,4,3,0.75,0.6111111111111112,0.11111111111111116,0.44444444444444464
Akali,Taliyah,4,3,0.75,0.6111111111111112,0.11111111111111116,0.44444444444444464
Varus,Vayne,4,3,0.75,0.6111111111111112,0.11111111111111116,0.44444444444444464
Jax,Caitlyn,4,3,0.75,0.6111111111111112,0.11111111111111116,0.44444444444444464
Sejuani,Pantheon,4,3,0.75,0.6111111111111112,0.11111111111111116,0.44444444444444464
Gragas,Vi,4,3,0.75,0.6111111111111112,0.11111111111111116,0.44444444444444464
Taliyah,Vayne,4,3,0.75,0.6111111111111112,0.11111111111111116,0.44444444444444464
Sejuani,Jhin,4,3,0.75,0.6111111111111112,0.11111111111111116,0.44444444444444464
Ahri,Sejuani,4,3,0.75,0.6111111111111112,0.11111111111111116,0.44444444444444464
Olaf,Corki,4,3,0.75,0.6111111111111112,0.11111111111111116,0.44444444444444464
Naafiri,Yorick,4,3,0.75,0.6111111111111112,0.11111111111111116,0.44444444444444464
K'Sante,Braum,4,3,0.75,0.6111111111111112,0.11111111111111116,0.44444444444444464
Akali,Dr. Mundo,4,3,0.75,0.6111111111111112,0.11111111111111116,0.44444444444444464
Hwei,Akali,4,3,0.75,0.6111111111111112,0.11111111111111116,0.44444444444444464
Gwen,Lee Sin,4,3,0.75,0.6111111111111112,0.11111111111111116,0.44444444444444464
Dr. Mundo,Ashe,4,3,0.75,0.6111111111111112,0.11111111111111116,0.44444444444444464
Milio,Maokai,4,3,0.75,0.6111111111111112,0.11111111111111116,0.44444444444444464
Ziggs,Nautilus,4,3,0.75,0.6111111111111112,0.11111111111111116,0.44444444444444464
Trundle,Gwen,4,3,0.75,0.6111111111111112,0.11111111111111116,0.44444444444444464
Braum,Viktor,4,3,0.75,0.6111111111111112,0.11111111111111116,0.44444444444444464
Karma,Renata Glasc,4,3,0.75,0.6111111111111112,0.11111111111111116,0.44444444444444464
Rell,Yorick,4,3,0.75,0.6111111111111112,0.11111111111111116,0.44444444444444464
Ziggs,Yorick,4,3,0.75,0.6111111111111112,0.11111111111111116,0.44444444444444464
Pyke,Ambessa,4,3,0.75,0.6111111111111112,0.11111111111111116,0.44444444444444464
Lee Sin,Vayne,4,3,0.75,0.6111111111111112,0.11111111111111116,0.44444444444444464
Skarner,Camille,4,3,0.75,0.6111111111111112,0.11111111111111116,0.44444444444444464
Vayne,Malphite,4,3,0.75,0.6111111111111112,0.11111111111111116,0.44444444444444464
Akali,LeBlanc,4,3,0.75,0.6111111111111112,0.11111111111111116,0.44444444444444464
Leona,LeBlanc,4,3,0.75,0.6111111111111112,0.11111111111111116,0.44444444444444464
Alistar,Lucian,4,3,0.75,0.6111111111111112,0.11111111111111116,0.44444444444444464
Ryze,Sylas,4,3,0.75,0.6111111111111112,0.11111111111111116,0.44444444444444464
Naafiri,Rek'Sai,4,3,0.75,0.6111111111111112,0.11111111111111116,0.44444444444444464
Maokai,Ahri,4,3,0.75,0.6111111111111112,0.11111111111111116,0.44444444444444464
Maokai,Varus,4,3,0.75,0.6111111111111112,0.11111111111111116,0.44444444444444464
Naafiri,Gwen,4,3,0.75,0.6111111111111112,0.11111111111111116,0.44444444444444464
Rek'Sai,Renekton,4,3,0.75,0.6111111111111112,0.11111111111111116,0.44444444444444464
Naafiri,Lux,4,3,0.75,0.6111111111111112,0.11111111111111116,0.44444444444444464
Ashe,Cho'Gath,4,3,0.75,0.6111111111111112,0.11111111111111116,0.44444444444444464
Nami,Smolder,4,3,0.75,0.6111111111111112,0.11111111111111116,0.44444444444444464
Mel,Varus,4,3,0.75,0.6111111111111112,0.11111111111111116,0.44444444444444464
Karma,Cho'Gath,4,3,0.75,0.6111111111111112,0.11111111111111116,0.44444444444444464
Neeko,Leona,4,3,0.75,0.6111111111111112,0.11111111111111116,0.44444444444444464
Orianna,Senna,4,3,0.75,0.6111111111111112,0.11111111111111116,0.44444444444444464
Aphelios,Rell,4,3,0.75,0.6111111111111112,0.11111111111111116,0.44444444444444464
Dr. Mundo,Taliyah,4,3,0.75,0.6111111111111112,0.11111111111111116,0.44444444444444464
Annie,Senna,4,3,0.75,0.6111111111111112,0.11111111111111116,0.44444444444444464
Kog'Maw,Pantheon,4,3,0.75,0.6111111111111112,0.11111111111111116,0.44444444444444464
Hwei,Trundle,4,3,0.75,0.6111111111111112,0.11111111111111116,0.44444444444444464
Nocturne,Yuumi,4,3,0.75,0.6111111111111112,0.11111111111111116,0.44444444444444464
Twisted Fate,Vi,4,3,0.75,0.6111111111111112,0.11111111111111116,0.44444444444444464
Gragas,Orianna,4,3,0.75,0.6111111111111112,0.11111111111111116,0.44444444444444464
Hwei,Rakan,4,3,0.75,0.6111111111111112,0.11111111111111116,0.44444444444444464
Smolder,Sivir,4,3,0.75,0.6111111111111112,0.11111111111111116,0.44444444444444464
Twisted Fate,Azir,4,3,0.75,0.6111111111111112,0.11111111111111116,0.44444444444444464
Renekton,Azir,4,3,0.75,0.6111111111111112,0.11111111111111116,0.44444444444444464
Pyke,Yorick,4,3,0.75,0.6111111111111112,0.11111111111111116,0.44444444444444464
Poppy,Kai'Sa,4,3,0.75,0.6111111111111112,0.11111111111111116,0.44444444444444464
Pyke,Ezreal,4,3,0.75,0.6111111111111112,0.11111111111111116,0.44444444444444464
Ezreal,Xayah,4,3,0.75,0.6111111111111112,0.11111111111111116,0.44444444444444464
Akali,Xayah,4,3,0.75,0.6111111111111112,0.11111111111111116,0.44444444444444464
Nocturne,Tahm Kench,4,3,0.75,0.6111111111111112,0.11111111111111116,0.44444444444444464
Xin Zhao,Maokai,4,3,0.75,0.6111111111111112,0.11111111111111116,0.44444444444444464
Dr. Mundo,Viktor,4,3,0.75,0.6111111111111112,0.11111111111111116,0.44444444444444464
Nami,Yuumi,4,3,0.75,0.6111111111111112,0.11111111111111116,0.44444444444444464
Ornn,Zed,4,3,0.75,0.6111111111111112,0.11111111111111116,0.44444444444444464
Vayne,Smolder,4,3,0.75,0.6111111111111112,0.11111111111111116,0.44444444444444464
Ornn,Milio,4,3,0.75,0.6111111111111112,0.11111111111111116,0.44444444444444464
Kalista,Zaahen,4,3,0.75,0.6111111111111112,0.11111111111111116,0.44444444444444464
Poppy,Yorick,4,3,0.75,0.6111111111111112,0.11111111111111116,0.44444444444444464
Renata Glasc,Kai'Sa,4,3,0.75,0.6111111111111112,0.11111111111111116,0.44444444444444464
Anivia,Vayne,4,3,0.75,0.6111111111111112,0.11111111111111116,0.44444444444444464
Ambessa,Kalista,4,3,0.75,0.6111111111111112,0.11111111111111116,0.44444444444444464
Ezreal,Braum,4,3,0.75,0.6111111111111112,0.11111111111111116,0.44444444444444464
Naafiri,Braum,4,3,0.75,0.6111111111111112,0.11111111111111116,0.44444444444444464
LeBlanc,K'Sante,4,3,0.75,0.6111111111111112,0.11111111111111116,0.44444444444444464
Gwen,Zeri,4,3,0.75,0.6111111111111112,0.11111111111111116,0.44444444444444464
Lulu,Yuumi,4,3,0.75,0.6111111111111112,0.11111111111111116,0.44444444444444464
Yunara,Yuumi,4,3,0.75,0.6111111111111112,0.11111111111111116,0.44444444444444464
Corki,Tristana,4,3,0.75,0.6111111111111112,0.11111111111111116,0.44444444444444464
Kha'Zix,Cassiopeia,4,3,0.75,0.6111111111111112,0.11111111111111116,0.44444444444444464
Rakan,Ornn,4,3,0.75,0.6111111111111112,0.11111111111111116,0.44444444444444464
Sejuani,Lulu,4,3,0.75,0.6111111111111112,0.11111111111111116,0.44444444444444464
Alistar,Taliyah,4,3,0.75,0.6111111111111112,0.11111111111111116,0.44444444444444464
Smolder,Senna,4,3,0.75,0.6111111111111112,0.11111111111111116,0.44444444444444464
Senna,Azir,4,3,0.75,0.6111111111111112,0.11111111111111116,0.44444444444444464
Taliyah,Twisted Fate,4,3,0.75,0.6111111111111112,0.11111111111111116,0.44444444444444464
Akali,Aatrox,4,3,0.75,0.6111111111111112,0.11111111111111116,0.44444444444444464
Taliyah,Miss Fortune,4,3,0.75,0.6111111111111112,0.11111111111111116,0.44444444444444464
Aphelios,Varus,4,3,0.75,0.6111111111111112,0.11111111111111116,0.44444444444444464
Camille,Neeko,4,3,0.75,0.6111111111111112,0.11111111111111116,0.44444444444444464
Aurora,Yone,4,3,0.75,0.6111111111111112,0.11111111111111116,0.44444444444444464
Poppy,Gnar,4,3,0.75,0.6111111111111112,0.11111111111111116,0.44444444444444464
Nami,Miss Fortune,4,3,0.75,0.6111111111111112,0.11111111111111116,0.44444444444444464
Varus,Gwen,4,3,0.75,0.6111111111111112,0.11111111111111116,0.44444444444444464
Ryze,Malphite,4,3,0.75,0.6111111111111112,0.11111111111111116,0.44444444444444464
Maokai,Jhin,4,3,0.75,0.6111111111111112,0.11111111111111116,0.44444444444444464
LeBlanc,Nautilus,4,3,0.75,0.6111111111111112,0.11111111111111116,0.44444444444444464
Jax,Poppy,4,3,0.75,0.6111111111111112,0.11111111111111116,0.44444444444444464
Hwei,Rell,4,3,0.75,0.6111111111111112,0.11111111111111116,0.44444444444444464
Gnar,Maokai,4,3,0.75,0.6111111111111112,0.11111111111111116,0.44444444444444464
Jhin,Elise,4,3,0.75,0.6111111111111112,0.11111111111111116,0.44444444444444464
Aatrox,Thresh,4,3,0.75,0.6111111111111112,0.11111111111111116,0.44444444444444464
Zaahen,Rell,4,3,0.75,0.6111111111111112,0.11111111111111116,0.44444444444444464
Shen,Karma,4,3,0.75,0.6111111111111112,0.11111111111111116,0.44444444444444464
Gwen,Miss Fortune,4,3,0.75,0.6111111111111112,0.11111111111111116,0.44444444444444464
Yunara,Sylas,4,3,0.75,0.6111111111111112,0.11111111111111116,0.44444444444444464
Blitzcrank,Gnar,4,3,0.75,0.6111111111111112,0.11111111111111116,0.44444444444444464
Anivia,Zed,4,3,0.75,0.6111111111111112,0.11111111111111116,0.44444444444444464
Bard,Poppy,4,3,0.75,0.6111111111111112,0.11111111111111116,0.44444444444444464
Rakan,Galio,4,3,0.75,0.6111111111111112,0.11111111111111116,0.44444444444444464
Olaf,Twisted Fate,4,3,0.75,0.6111111111111112,0.11111111111111116,0.44444444444444464
Kennen,Azir,4,3,0.75,0.6111111111111112,0.11111111111111116,0.44444444444444464
Jarvan IV,Miss Fortune,4,3,0.75,0.6111111111111112,0.11111111111111116,0.44444444444444464
Senna,Corki,4,3,0.75,0.6111111111111112,0.11111111111111116,0.44444444444444464
Aurora,Lux,4,3,0.75,0.6111111111111112,0.11111111111111116,0.44444444444444464
Sylas,Syndra,4,3,0.75,0.6111111111111112,0.11111111111111116,0.44444444444444464
Jax,Sion,4,3,0.75,0.6111111111111112,0.11111111111111116,0.44444444444444464
Annie,Maokai,4,3,0.75,0.6111111111111112,0.11111111111111116,0.44444444444444464
Rakan,Twisted Fate,4,3,0.75,0.6111111111111112,0.11111111111111116,0.44444444444444464
Sivir,Yorick,4,3,0.75,0.6111111111111112,0.11111111111111116,0.44444444444444464
Ziggs,Skarner,4,3,0.75,0.6111111111111112,0.11111111111111116,0.44444444444444464
Trundle,Zaahen,4,3,0.75,0.6111111111111112,0.11111111111111116,0.44444444444444464
Leona,Lee Sin,4,3,0.75,0.6111111111111112,0.11111111111111116,0.44444444444444464
Pantheon,Pyke,4,3,0.75,0.6111111111111112,0.11111111111111116,0.44444444444444464
Rakan,Miss Fortune,4,3,0.75,0.6111111111111112,0.11111111111111116,0.44444444444444464
Shen,Varus,4,3,0.75,0.6111111111111112,0.11111111111111116,0.44444444444444464
Leona,Naafiri,4,3,0.75,0.6111111111111112,0.11111111111111116,0.44444444444444464
Renekton,Olaf,4,3,0.75,0.6111111111111112,0.11111111111111116,0.44444444444444464
Galio,Karma,4,3,0.75,0.6111111111111112,0.11111111111111116,0.44444444444444464
Yuumi,Neeko,4,3,0.75,0.6111111111111112,0.11111111111111116,0.44444444444444464
Hwei,Skarner,4,3,0.75,0.6111111111111112,0.11111111111111116,0.44444444444444464
Sylas,Jhin,4,3,0.75,0.6111111111111112,0.11111111111111116,0.44444444444444464
Poppy,Xin Zhao,4,3,0.75,0.6111111111111112,0.11111111111111116,0.44444444444444464
Naafiri,Hwei,4,3,0.75,0.6111111111111112,0.11111111111111116,0.44444444444444464
Jarvan IV,Rek'Sai,4,3,0.75,0.6111111111111112,0.11111111111111116,0.44444444444444464
Cassiopeia,Thresh,4,3,0.75,0.6111111111111112,0.11111111111111116,0.44444444444444464
Maokai,Syndra,4,3,0.75,0.6111111111111112,0.11111111111111116,0.44444444444444464
Rakan,Lee Sin,4,3,0.75,0.6111111111111112,0.11111111111111116,0.44444444444444464
Nasus,Wukong,4,3,0.75,0.6111111111111112,0.11111111111111116,0.44444444444444464
Cassiopeia,Shyvana,4,3,0.75,0.6111111111111112,0.11111111111111116,0.44444444444444464
Aatrox,Mel,4,3,0.75,0.6111111111111112,0.11111111111111116,0.44444444444444464
Sion,Lux,4,3,0.75,0.6111111111111112,0.11111111111111116,0.44444444444444464
Olaf,Galio,4,3,0.75,0.6111111111111112,0.11111111111111116,0.44444444444444464
Smolder,Tristana,4,3,0.75,0.6111111111111112,0.11111111111111116,0.44444444444444464
Taliyah,Tristana,4,3,0.75,0.6111111111111112,0.11111111111111116,0.44444444444444464
Zeri,Orianna,4,3,0.75,0.6111111111111112,0.11111111111111116,0.44444444444444464
Trundle,Akali,4,3,0.75,0.6111111111111112,0.11111111111111116,0.44444444444444464
Yone,Poppy,4,3,0.75,0.6111111111111112,0.11111111111111116,0.44444444444444464
Rek'Sai,Gnar,4,3,0.75,0.6111111111111112,0.11111111111111116,0.44444444444444464
Sylas,Jayce,4,3,0.75,0.6111111111111112,0.11111111111111116,0.44444444444444464
Sylas,Senna,4,3,0.75,0.6111111111111112,0.11111111111111116,0.44444444444444464
Amumu,Maokai,4,3,0.75,0.6111111111111112,0.11111111111111116,0.44444444444444464
Amumu,Smolder,4,3,0.75,0.6111111111111112,0.11111111111111116,0.44444444444444464
Nasus,Galio,4,3,0.75,0.6111111111111112,0.11111111111111116,0.44444444444444464
Jhin,Ziggs,4,3,0.75,0.6111111111111112,0.11111111111111116,0.44444444444444464
Malphite,Twisted Fate,4,3,0.75,0.6111111111111112,0.11111111111111116,0.44444444444444464
Malphite,Sivir,4,3,0.75,0.6111111111111112,0.11111111111111116,0.44444444444444464
Veigar,Maokai,4,3,0.75,0.6111111111111112,0.11111111111111116,0.44444444444444464
Jarvan IV,Camille,4,3,0.75,0.6111111111111112,0.11111111111111116,0.44444444444444464
Miss Fortune,Senna,4,3,0.75,0.6111111111111112,0.11111111111111116,0.44444444444444464
Vayne,Caitlyn,4,3,0.75,0.6111111111111112,0.11111111111111116,0.44444444444444464
Jinx,Jax,4,3,0.75,0.6111111111111112,0.11111111111111116,0.44444444444444464
Annie,Rek'Sai,4,3,0.75,0.6111111111111112,0.11111111111111116,0.44444444444444464
Amumu,Braum,4,3,0.75,0.6111111111111112,0.11111111111111116,0.44444444444444464
Zaahen,Senna,4,3,0.75,0.6111111111111112,0.11111111111111116,0.44444444444444464
Aphelios,Kog'Maw,4,3,0.75,0.6111111111111112,0.11111111111111116,0.44444444444444464
Renekton,Sejuani,4,3,0.75,0.6111111111111112,0.11111111111111116,0.44444444444444464
Zyra,Skarner,4,3,0.75,0.6111111111111112,0.11111111111111116,0.44444444444444464
Akali,Sejuani,4,3,0.75,0.6111111111111112,0.11111111111111116,0.44444444444444464
Xayah,Trundle,4,3,0.75,0.6111111111111112,0.11111111111111116,0.44444444444444464
Akali,Mel,4,3,0.75,0.6111111111111112,0.11111111111111116,0.44444444444444464
Alistar,Twisted Fate,4,3,0.75,0.6111111111111112,0.11111111111111116,0.44444444444444464
Seraphine,Aurora,39,20,0.5128205128205128,0.5113636363636364,0.011363636363636354,0.4431818181818178
Xin Zhao,Nocturne,37,19,0.5135135135135135,0.5119047619047619,0.011904761904761862,0.4404761904761889
Annie,Bard,37,19,0.5135135135135135,0.5119047619047619,0.011904761904761862,0.4404761904761889
Bard,Milio,37,19,0.5135135135135135,0.5119047619047619,0.011904761904761862,0.4404761904761889
Bard,Varus,35,18,0.5142857142857142,0.5125,0.012499999999999956,0.43749999999999845
Ashe,Aurora,35,18,0.5142857142857142,0.5125,0.012499999999999956,0.43749999999999845
Sion,Viktor,33,17,0.5151515151515151,0.5131578947368421,0.013157894736842146,0.4342105263157908
Bard,K'Sante,33,17,0.5151515151515151,0.5131578947368421,0.013157894736842146,0.4342105263157908
Braum,Nautilus,31,16,0.5161290322580645,0.5138888888888888,0.01388888888888884,0.430555555555554
Seraphine,Lee Sin,31,16,0.5161290322580645,0.5138888888888888,0.01388888888888884,0.430555555555554
Nocturne,Jarvan IV,29,15,0.5172413793103449,0.5147058823529411,0.014705882352941124,0.4264705882352926
Yunara,Aurora,29,15,0.5172413793103449,0.5147058823529411,0.014705882352941124,0.4264705882352926
Renekton,Milio,29,15,0.5172413793103449,0.5147058823529411,0.014705882352941124,0.4264705882352926
Lucian,Aurora,29,15,0.5172413793103449,0.5147058823529411,0.014705882352941124,0.4264705882352926
Lucian,Nami,29,15,0.5172413793103449,0.5147058823529411,0.014705882352941124,0.4264705882352926
Rumble,Pantheon,29,15,0.5172413793103449,0.5147058823529411,0.014705882352941124,0.4264705882352926
Neeko,Jarvan IV,29,15,0.5172413793103449,0.5147058823529411,0.014705882352941124,0.4264705882352926
Xin Zhao,Ahri,29,15,0.5172413793103449,0.5147058823529411,0.014705882352941124,0.4264705882352926
Gnar,Ahri,29,15,0.5172413793103449,0.5147058823529411,0.014705882352941124,0.4264705882352926
Xin Zhao,K'Sante,29,15,0.5172413793103449,0.5147058823529411,0.014705882352941124,0.4264705882352926
Yunara,Xin Zhao,27,14,0.5185185185185185,0.515625,0.015625,0.421875
Renekton,Yunara,27,14,0.5185185185185185,0.515625,0.015625,0.421875
Lulu,Gnar,27,14,0.5185185185185185,0.515625,0.015625,0.421875
Bard,Viktor,27,14,0.5185185185185185,0.515625,0.015625,0.421875
Pantheon,Jayce,25,13,0.52,0.5166666666666667,0.01666666666666672,0.41666666666666796
Cassiopeia,Sion,25,13,0.52,0.5166666666666667,0.01666666666666672,0.41666666666666796
Seraphine,Varus,25,13,0.52,0.5166666666666667,0.01666666666666672,0.41666666666666796
Varus,Aurora,25,13,0.52,0.5166666666666667,0.01666666666666672,0.41666666666666796
K'Sante,Viktor,25,13,0.52,0.5166666666666667,0.01666666666666672,0.41666666666666796
Nocturne,Neeko,25,13,0.52,0.5166666666666667,0.01666666666666672,0.41666666666666796
Ryze,Twisted Fate,25,13,0.52,0.5166666666666667,0.01666666666666672,0.41666666666666796
Wukong,Viktor,25,13,0.52,0.5166666666666667,0.01666666666666672,0.41666666666666796
Naafiri,Seraphine,25,13,0.52,0.5166666666666667,0.01666666666666672,0.41666666666666796
Sion,Wukong,25,13,0.52,0.5166666666666667,0.01666666666666672,0.41666666666666796
Anivia,Cassiopeia,25,13,0.52,0.5166666666666667,0.01666666666666672,0.41666666666666796
Annie,Varus,23,12,0.5217391304347826,0.5178571428571429,0.017857142857142905,0.4107142857142868
Neeko,Nami,23,12,0.5217391304347826,0.5178571428571429,0.017857142857142905,0.4107142857142868
Gnar,Nocturne,23,12,0.5217391304347826,0.5178571428571429,0.017857142857142905,0.4107142857142868
Seraphine,Pantheon,23,12,0.5217391304347826,0.5178571428571429,0.017857142857142905,0.4107142857142868
Annie,Neeko,23,12,0.5217391304347826,0.5178571428571429,0.017857142857142905,0.4107142857142868
K'Sante,Jhin,23,12,0.5217391304347826,0.5178571428571429,0.017857142857142905,0.4107142857142868
Jhin,Naafiri,23,12,0.5217391304347826,0.5178571428571429,0.017857142857142905,0.4107142857142868
Naafiri,Xin Zhao,23,12,0.5217391304347826,0.5178571428571429,0.017857142857142905,0.4107142857142868
Nami,K'Sante,21,11,0.5238095238095238,0.5192307692307693,0.019230769230769273,0.40384615384615474
Nocturne,Rumble,21,11,0.5238095238095238,0.5192307692307693,0.019230769230769273,0.40384615384615474
Corki,Ezreal,21,11,0.5238095238095238,0.5192307692307693,0.019230769230769273,0.40384615384615474
Vi,Nami,21,11,0.5238095238095238,0.5192307692307693,0.019230769230769273,0.40384615384615474
Aurora,Lulu,21,11,0.5238095238095238,0.5192307692307693,0.019230769230769273,0.40384615384615474
Ornn,Ezreal,21,11,0.5238095238095238,0.5192307692307693,0.019230769230769273,0.40384615384615474
Ryze,Varus,21,11,0.5238095238095238,0.5192307692307693,0.019230769230769273,0.40384615384615474
Corki,Rumble,21,11,0.5238095238095238,0.5192307692307693,0.019230769230769273,0.40384615384615474
Seraphine,Annie,21,11,0.5238095238095238,0.5192307692307693,0.019230769230769273,0.40384615384615474
Annie,Lucian,21,11,0.5238095238095238,0.5192307692307693,0.019230769230769273,0.40384615384615474
Milio,Corki,21,11,0.5238095238095238,0.5192307692307693,0.019230769230769273,0.40384615384615474
Anivia,Nocturne,21,11,0.5238095238095238,0.5192307692307693,0.019230769230769273,0.40384615384615474
Anivia,Neeko,21,11,0.5238095238095238,0.5192307692307693,0.019230769230769273,0.40384615384615474
Twisted Fate,Gnar,21,11,0.5238095238095238,0.5192307692307693,0.019230769230769273,0.40384615384615474
Naafiri,Renekton,21,11,0.5238095238095238,0.5192307692307693,0.019230769230769273,0.40384615384615474
Vi,Nocturne,19,10,0.5263157894736842,0.5208333333333334,0.02083333333333337,0.39583333333333404
Corki,Nautilus,19,10,0.5263157894736842,0.5208333333333334,0.02083333333333337,0.39583333333333404
Varus,K'Sante,19,10,0.5263157894736842,0.5208333333333334,0.02083333333333337,0.39583333333333404
Yunara,Jayce,19,10,0.5263157894736842,0.5208333333333334,0.02083333333333337,0.39583333333333404
Jayce,Lulu,19,10,0.5263157894736842,0.5208333333333334,0.02083333333333337,0.39583333333333404
Skarner,Vi,19,10,0.5263157894736842,0.5208333333333334,0.02083333333333337,0.39583333333333404
Sivir,Varus,19,10,0.5263157894736842,0.5208333333333334,0.02083333333333337,0.39583333333333404
Jayce,Caitlyn,19,10,0.5263157894736842,0.5208333333333334,0.02083333333333337,0.39583333333333404
Pantheon,Rell,19,10,0.5263157894736842,0.5208333333333334,0.02083333333333337,0.39583333333333404
Rell,Rumble,19,10,0.5263157894736842,0.5208333333333334,0.02083333333333337,0.39583333333333404
Skarner,Lee Sin,19,10,0.5263157894736842,0.5208333333333334,0.02083333333333337,0.39583333333333404
Karma,Varus,19,10,0.5263157894736842,0.5208333333333334,0.02083333333333337,0.39583333333333404
Jayce,Cassiopeia,19,10,0.5263157894736842,0.5208333333333334,0.02083333333333337,0.39583333333333404
Ashe,Miss Fortune,19,10,0.5263157894736842,0.5208333333333334,0.02083333333333337,0.39583333333333404
Renekton,Seraphine,19,10,0.5263157894736842,0.5208333333333334,0.02083333333333337,0.39583333333333404
Galio,Orianna,19,10,0.5263157894736842,0.5208333333333334,0.02083333333333337,0.39583333333333404
Cassiopeia,Akali,19,10,0.5263157894736842,0.5208333333333334,0.02083333333333337,0.39583333333333404
Kai'Sa,K'Sante,17,9,0.5294117647058824,0.5227272727272727,0.022727272727272707,0.386363636363636
Bard,Cassiopeia,17,9,0.5294117647058824,0.5227272727272727,0.022727272727272707,0.386363636363636
Corki,Wukong,17,9,0.5294117647058824,0.5227272727272727,0.022727272727272707,0.386363636363636
Yorick,Milio,17,9,0.5294117647058824,0.5227272727272727,0.022727272727272707,0.386363636363636
Akali,Bard,17,9,0.5294117647058824,0.5227272727272727,0.022727272727272707,0.386363636363636
Akali,Pantheon,17,9,0.5294117647058824,0.5227272727272727,0.022727272727272707,0.386363636363636
Jhin,Yunara,17,9,0.5294117647058824,0.5227272727272727,0.022727272727272707,0.386363636363636
Ahri,Taliyah,17,9,0.5294117647058824,0.5227272727272727,0.022727272727272707,0.386363636363636
Jayce,Skarner,17,9,0.5294117647058824,0.5227272727272727,0.022727272727272707,0.386363636363636
Miss Fortune,Xin Zhao,17,9,0.5294117647058824,0.5227272727272727,0.022727272727272707,0.386363636363636
Annie,Jhin,17,9,0.5294117647058824,0.5227272727272727,0.022727272727272707,0.386363636363636
Neeko,Alistar,17,9,0.5294117647058824,0.5227272727272727,0.022727272727272707,0.386363636363636
Aurora,Nami,17,9,0.5294117647058824,0.5227272727272727,0.022727272727272707,0.386363636363636
Ashe,Naafiri,17,9,0.5294117647058824,0.5227272727272727,0.022727272727272707,0.386363636363636
Varus,Milio,17,9,0.5294117647058824,0.5227272727272727,0.022727272727272707,0.386363636363636
Xin Zhao,Azir,17,9,0.5294117647058824,0.5227272727272727,0.022727272727272707,0.386363636363636
Karma,Skarner,17,9,0.5294117647058824,0.5227272727272727,0.022727272727272707,0.386363636363636
Ambessa,Varus,15,8,0.5333333333333333,0.525,0.025000000000000022,0.37500000000000033
Nami,Naafiri,15,8,0.5333333333333333,0.525,0.025000000000000022,0.37500000000000033
Yorick,Ryze,15,8,0.5333333333333333,0.525,0.025000000000000022,0.37500000000000033
Twisted Fate,Pantheon,15,8,0.5333333333333333,0.525,0.025000000000000022,0.37500000000000033
Pantheon,Ornn,15,8,0.5333333333333333,0.525,0.025000000000000022,0.37500000000000033
Aurora,Yorick,15,8,0.5333333333333333,0.525,0.025000000000000022,0.37500000000000033
Varus,Nautilus,15,8,0.5333333333333333,0.525,0.025000000000000022,0.37500000000000033
Annie,Karma,15,8,0.5333333333333333,0.525,0.025000000000000022,0.37500000000000033
Neeko,Corki,15,8,0.5333333333333333,0.525,0.025000000000000022,0.37500000000000033
Orianna,Corki,15,8,0.5333333333333333,0.525,0.025000000000000022,0.37500000000000033
Wukong,Jhin,15,8,0.5333333333333333,0.525,0.025000000000000022,0.37500000000000033
Lulu,Varus,15,8,0.5333333333333333,0.525,0.025000000000000022,0.37500000000000033
Renekton,Jhin,15,8,0.5333333333333333,0.525,0.025000000000000022,0.37500000000000033
Jax,Xin Zhao,15,8,0.5333333333333333,0.525,0.025000000000000022,0.37500000000000033
Renekton,Wukong,15,8,0.5333333333333333,0.525,0.025000000000000022,0.37500000000000033
Sylas,Ahri,15,8,0.5333333333333333,0.525,0.025000000000000022,0.37500000000000033
Ezreal,Zaahen,15,8,0.5333333333333333,0.525,0.025000000000000022,0.37500000000000033
Seraphine,Trundle,15,8,0.5333333333333333,0.525,0.025000000000000022,0.37500000000000033
Rakan,Lulu,15,8,0.5333333333333333,0.525,0.025000000000000022,0.37500000000000033
Viktor,Renekton,15,8,0.5333333333333333,0.525,0.025000000000000022,0.37500000000000033
Corki,Lee Sin,15,8,0.5333333333333333,0.525,0.025000000000000022,0.37500000000000033
K'Sante,Taliyah,15,8,0.5333333333333333,0.525,0.025000000000000022,0.37500000000000033
Anivia,Corki,15,8,0.5333333333333333,0.525,0.025000000000000022,0.37500000000000033
Nocturne,Ambessa,13,7,0.5384615384615384,0.5277777777777778,0.02777777777777779,0.36111111111111127
Jarvan IV,LeBlanc,13,7,0.5384615384615384,0.5277777777777778,0.02777777777777779,0.36111111111111127
Renekton,Skarner,13,7,0.5384615384615384,0.5277777777777778,0.02777777777777779,0.36111111111111127
Anivia,Naafiri,13,7,0.5384615384615384,0.5277777777777778,0.02777777777777779,0.36111111111111127
Galio,Annie,13,7,0.5384615384615384,0.5277777777777778,0.02777777777777779,0.36111111111111127
Wukong,Zaahen,13,7,0.5384615384615384,0.5277777777777778,0.02777777777777779,0.36111111111111127
Bard,Corki,13,7,0.5384615384615384,0.5277777777777778,0.02777777777777779,0.36111111111111127
Miss Fortune,Annie,13,7,0.5384615384615384,0.5277777777777778,0.02777777777777779,0.36111111111111127
Akali,Ambessa,13,7,0.5384615384615384,0.5277777777777778,0.02777777777777779,0.36111111111111127
Neeko,Ambessa,13,7,0.5384615384615384,0.5277777777777778,0.02777777777777779,0.36111111111111127
Renekton,Trundle,13,7,0.5384615384615384,0.5277777777777778,0.02777777777777779,0.36111111111111127
Twisted Fate,Lee Sin,13,7,0.5384615384615384,0.5277777777777778,0.02777777777777779,0.36111111111111127
Nocturne,Akali,13,7,0.5384615384615384,0.5277777777777778,0.02777777777777779,0.36111111111111127
Syndra,Pantheon,13,7,0.5384615384615384,0.5277777777777778,0.02777777777777779,0.36111111111111127
Sion,Rakan,13,7,0.5384615384615384,0.5277777777777778,0.02777777777777779,0.36111111111111127
Alistar,Nocturne,13,7,0.5384615384615384,0.5277777777777778,0.02777777777777779,0.36111111111111127
Aatrox,K'Sante,13,7,0.5384615384615384,0.5277777777777778,0.02777777777777779,0.36111111111111127
Caitlyn,Varus,13,7,0.5384615384615384,0.5277777777777778,0.02777777777777779,0.36111111111111127
Aatrox,Wukong,13,7,0.5384615384615384,0.5277777777777778,0.02777777777777779,0.36111111111111127
Lucian,LeBlanc,13,7,0.5384615384615384,0.5277777777777778,0.02777777777777779,0.36111111111111127
Cassiopeia,Corki,13,7,0.5384615384615384,0.5277777777777778,0.02777777777777779,0.36111111111111127
LeBlanc,Ezreal,11,6,0.5454545454545454,0.53125,0.03125,0.34375
Aurora,Zaahen,11,6,0.5454545454545454,0.53125,0.03125,0.34375
Rakan,Gnar,11,6,0.5454545454545454,0.53125,0.03125,0.34375
Rakan,Syndra,11,6,0.5454545454545454,0.53125,0.03125,0.34375
Yunara,Xayah,11,6,0.5454545454545454,0.53125,0.03125,0.34375
Aurora,Azir,11,6,0.5454545454545454,0.53125,0.03125,0.34375
Alistar,Annie,11,6,0.5454545454545454,0.53125,0.03125,0.34375
Orianna,Renekton,11,6,0.5454545454545454,0.53125,0.03125,0.34375
Zaahen,Jayce,11,6,0.5454545454545454,0.53125,0.03125,0.34375
Hwei,Annie,11,6,0.5454545454545454,0.53125,0.03125,0.34375
Yunara,Varus,11,6,0.5454545454545454,0.53125,0.03125,0.34375
Varus,Taliyah,11,6,0.5454545454545454,0.53125,0.03125,0.34375
Pyke,Jarvan IV,11,6,0.5454545454545454,0.53125,0.03125,0.34375
Sivir,Trundle,11,6,0.5454545454545454,0.53125,0.03125,0.34375
Aatrox,Jhin,11,6,0.5454545454545454,0.53125,0.03125,0.34375
Yone,Xin Zhao,11,6,0.5454545454545454,0.53125,0.03125,0.34375
Viktor,Neeko,11,6,0.5454545454545454,0.53125,0.03125,0.34375
Kai'Sa,Alistar,11,6,0.5454545454545454,0.53125,0.03125,0.34375
Lee Sin,Sivir,11,6,0.5454545454545454,0.53125,0.03125,0.34375
Jayce,Azir,11,6,0.5454545454545454,0.53125,0.03125,0.34375
Ezreal,Sylas,11,6,0.5454545454545454,0.53125,0.03125,0.34375
Galio,Yunara,11,6,0.5454545454545454,0.53125,0.03125,0.34375
Zaahen,Vi,11,6,0.5454545454545454,0.53125,0.03125,0.34375
Vayne,Wukong,11,6,0.5454545454545454,0.53125,0.03125,0.34375
Gnar,Tristana,11,6,0.5454545454545454,0.53125,0.03125,0.34375
Nautilus,Tristana,11,6,0.5454545454545454,0.53125,0.03125,0.34375
Yunara,Ornn,11,6,0.5454545454545454,0.53125,0.03125,0.34375
Yunara,Akali,11,6,0.5454545454545454,0.53125,0.03125,0.34375
K'Sante,Sion,11,6,0.5454545454545454,0.53125,0.03125,0.34375
Lucian,Jax,11,6,0.5454545454545454,0.53125,0.03125,0.34375
Lee Sin,Naafiri,11,6,0.5454545454545454,0.53125,0.03125,0.34375
Varus,Vi,11,6,0.5454545454545454,0.53125,0.03125,0.34375
Sion,Azir,11,6,0.5454545454545454,0.53125,0.03125,0.34375
Karma,Zaahen,11,6,0.5454545454545454,0.53125,0.03125,0.34375
Seraphine,Zaahen,11,6,0.5454545454545454,0.53125,0.03125,0.34375
Taliyah,Skarner,11,6,0.5454545454545454,0.53125,0.03125,0.34375
Neeko,Sivir,11,6,0.5454545454545454,0.53125,0.03125,0.34375
Taliyah,Renekton,11,6,0.5454545454545454,0.53125,0.03125,0.34375
Akali,Gnar,11,6,0.5454545454545454,0.53125,0.03125,0.34375
Trundle,Ahri,11,6,0.5454545454545454,0.53125,0.03125,0.34375
Vi,Trundle,11,6,0.5454545454545454,0.53125,0.03125,0.34375
Vi,Gwen,11,6,0.5454545454545454,0.53125,0.03125,0.34375
Akali,Rell,11,6,0.5454545454545454,0.53125,0.03125,0.34375
Skarner,Akali,11,6,0.5454545454545454,0.53125,0.03125,0.34375
Skarner,Anivia,11,6,0.5454545454545454,0.53125,0.03125,0.34375
Sivir,Naafiri,11,6,0.5454545454545454,0.53125,0.03125,0.34375
Yone,Sion,11,6,0.5454545454545454,0.53125,0.03125,0.34375
Wukong,Yorick,11,6,0.5454545454545454,0.53125,0.03125,0.34375
Cassiopeia,Orianna,11,6,0.5454545454545454,0.53125,0.03125,0.34375
Ezreal,Jax,9,5,0.5555555555555556,0.5357142857142857,0.0357142857142857,0.3214285714285713
Aatrox,Syndra,9,5,0.5555555555555556,0.5357142857142857,0.0357142857142857,0.3214285714285713
Jarvan IV,Braum,9,5,0.5555555555555556,0.5357142857142857,0.0357142857142857,0.3214285714285713
Sylas,Nocturne,9,5,0.5555555555555556,0.5357142857142857,0.0357142857142857,0.3214285714285713
Nocturne,Dr. Mundo,9,5,0.5555555555555556,0.5357142857142857,0.0357142857142857,0.3214285714285713
Xin Zhao,Braum,9,5,0.5555555555555556,0.5357142857142857,0.0357142857142857,0.3214285714285713
Galio,Vi,9,5,0.5555555555555556,0.5357142857142857,0.0357142857142857,0.3214285714285713
Lee Sin,Alistar,9,5,0.5555555555555556,0.5357142857142857,0.0357142857142857,0.3214285714285713
Alistar,Karma,9,5,0.5555555555555556,0.5357142857142857,0.0357142857142857,0.3214285714285713
Zaahen,Nami,9,5,0.5555555555555556,0.5357142857142857,0.0357142857142857,0.3214285714285713
Rell,Caitlyn,9,5,0.5555555555555556,0.5357142857142857,0.0357142857142857,0.3214285714285713
Jayce,Rell,9,5,0.5555555555555556,0.5357142857142857,0.0357142857142857,0.3214285714285713
Trundle,Annie,9,5,0.5555555555555556,0.5357142857142857,0.0357142857142857,0.3214285714285713
Caitlyn,Corki,9,5,0.5555555555555556,0.5357142857142857,0.0357142857142857,0.3214285714285713
Syndra,Neeko,9,5,0.5555555555555556,0.5357142857142857,0.0357142857142857,0.3214285714285713
Akali,Caitlyn,9,5,0.5555555555555556,0.5357142857142857,0.0357142857142857,0.3214285714285713
LeBlanc,Rumble,9,5,0.5555555555555556,0.5357142857142857,0.0357142857142857,0.3214285714285713
Hwei,Seraphine,9,5,0.5555555555555556,0.5357142857142857,0.0357142857142857,0.3214285714285713
Alistar,Rakan,9,5,0.5555555555555556,0.5357142857142857,0.0357142857142857,0.3214285714285713
Bard,Zaahen,9,5,0.5555555555555556,0.5357142857142857,0.0357142857142857,0.3214285714285713
Seraphine,Shen,9,5,0.5555555555555556,0.5357142857142857,0.0357142857142857,0.3214285714285713
Sivir,Cassiopeia,9,5,0.5555555555555556,0.5357142857142857,0.0357142857142857,0.3214285714285713
Yone,Ahri,9,5,0.5555555555555556,0.5357142857142857,0.0357142857142857,0.3214285714285713
Yone,Anivia,9,5,0.5555555555555556,0.5357142857142857,0.0357142857142857,0.3214285714285713
Miss Fortune,Sion,9,5,0.5555555555555556,0.5357142857142857,0.0357142857142857,0.3214285714285713
Pantheon,Yuumi,9,5,0.5555555555555556,0.5357142857142857,0.0357142857142857,0.3214285714285713
Ryze,Braum,9,5,0.5555555555555556,0.5357142857142857,0.0357142857142857,0.3214285714285713
Hwei,Caitlyn,9,5,0.5555555555555556,0.5357142857142857,0.0357142857142857,0.3214285714285713
Hwei,Xin Zhao,9,5,0.5555555555555556,0.5357142857142857,0.0357142857142857,0.3214285714285713
Gwen,Aurora,9,5,0.5555555555555556,0.5357142857142857,0.0357142857142857,0.3214285714285713
Viktor,Gwen,9,5,0.5555555555555556,0.5357142857142857,0.0357142857142857,0.3214285714285713
Ambessa,Kai'Sa,9,5,0.5555555555555556,0.5357142857142857,0.0357142857142857,0.3214285714285713
Alistar,Ezreal,9,5,0.5555555555555556,0.5357142857142857,0.0357142857142857,0.3214285714285713
Braum,Rell,9,5,0.5555555555555556,0.5357142857142857,0.0357142857142857,0.3214285714285713
Twisted Fate,Skarner,9,5,0.5555555555555556,0.5357142857142857,0.0357142857142857,0.3214285714285713
Nocturne,Sivir,9,5,0.5555555555555556,0.5357142857142857,0.0357142857142857,0.3214285714285713
Jayce,Syndra,9,5,0.5555555555555556,0.5357142857142857,0.0357142857142857,0.3214285714285713
Jhin,Dr. Mundo,9,5,0.5555555555555556,0.5357142857142857,0.0357142857142857,0.3214285714285713
Rell,Alistar,9,5,0.5555555555555556,0.5357142857142857,0.0357142857142857,0.3214285714285713
Aphelios,Lulu,9,5,0.5555555555555556,0.5357142857142857,0.0357142857142857,0.3214285714285713
Naafiri,Neeko,9,5,0.5555555555555556,0.5357142857142857,0.0357142857142857,0.3214285714285713
Orianna,Smolder,9,5,0.5555555555555556,0.5357142857142857,0.0357142857142857,0.3214285714285713
Lucian,Twisted Fate,9,5,0.5555555555555556,0.5357142857142857,0.0357142857142857,0.3214285714285713
Wukong,Twisted Fate,9,5,0.5555555555555556,0.5357142857142857,0.0357142857142857,0.3214285714285713
Zaahen,Leona,9,5,0.5555555555555556,0.5357142857142857,0.0357142857142857,0.3214285714285713
Aurora,Trundle,9,5,0.5555555555555556,0.5357142857142857,0.0357142857142857,0.3214285714285713
Jayce,Ahri,9,5,0.5555555555555556,0.5357142857142857,0.0357142857142857,0.3214285714285713
Kai'Sa,Pantheon,9,5,0.5555555555555556,0.5357142857142857,0.0357142857142857,0.3214285714285713
Lucian,Yone,9,5,0.5555555555555556,0.5357142857142857,0.0357142857142857,0.3214285714285713
Milio,Yone,9,5,0.5555555555555556,0.5357142857142857,0.0357142857142857,0.3214285714285713
Viktor,Taliyah,9,5,0.5555555555555556,0.5357142857142857,0.0357142857142857,0.3214285714285713
Vayne,Jayce,9,5,0.5555555555555556,0.5357142857142857,0.0357142857142857,0.3214285714285713
Taliyah,Yunara,9,5,0.5555555555555556,0.5357142857142857,0.0357142857142857,0.3214285714285713
Yorick,Lee Sin,9,5,0.5555555555555556,0.5357142857142857,0.0357142857142857,0.3214285714285713
Ambessa,Zaahen,9,5,0.5555555555555556,0.5357142857142857,0.0357142857142857,0.3214285714285713
Trundle,Jayce,9,5,0.5555555555555556,0.5357142857142857,0.0357142857142857,0.3214285714285713
Kai'Sa,Aatrox,9,5,0.5555555555555556,0.5357142857142857,0.0357142857142857,0.3214285714285713
Nautilus,Xayah,9,5,0.5555555555555556,0.5357142857142857,0.0357142857142857,0.3214285714285713
Azir,Yone,9,5,0.5555555555555556,0.5357142857142857,0.0357142857142857,0.3214285714285713
Taliyah,Karma,9,5,0.5555555555555556,0.5357142857142857,0.0357142857142857,0.3214285714285713
Skarner,Cassiopeia,9,5,0.5555555555555556,0.5357142857142857,0.0357142857142857,0.3214285714285713
Trundle,Nocturne,9,5,0.5555555555555556,0.5357142857142857,0.0357142857142857,0.3214285714285713
Pantheon,Taliyah,9,5,0.5555555555555556,0.5357142857142857,0.0357142857142857,0.3214285714285713
Galio,K'Sante,9,5,0.5555555555555556,0.5357142857142857,0.0357142857142857,0.3214285714285713
Yunara,Poppy,9,5,0.5555555555555556,0.5357142857142857,0.0357142857142857,0.3214285714285713
Aatrox,Jinx,9,5,0.5555555555555556,0.5357142857142857,0.0357142857142857,0.3214285714285713
Bard,Miss Fortune,9,5,0.5555555555555556,0.5357142857142857,0.0357142857142857,0.3214285714285713
Jhin,Alistar,9,5,0.5555555555555556,0.5357142857142857,0.0357142857142857,0.3214285714285713
Nautilus,Neeko,9,5,0.5555555555555556,0.5357142857142857,0.0357142857142857,0.3214285714285713
Galio,Corki,9,5,0.5555555555555556,0.5357142857142857,0.0357142857142857,0.3214285714285713
Renekton,LeBlanc,7,4,0.5714285714285714,0.5416666666666666,0.04166666666666663,0.2916666666666664
Yunara,Gwen,7,4,0.5714285714285714,0.5416666666666666,0.04166666666666663,0.2916666666666664
Rakan,Trundle,7,4,0.5714285714285714,0.5416666666666666,0.04166666666666663,0.2916666666666664
Thresh,Lulu,7,4,0.5714285714285714,0.5416666666666666,0.04166666666666663,0.2916666666666664
Wukong,Xayah,7,4,0.5714285714285714,0.5416666666666666,0.04166666666666663,0.2916666666666664
Vayne,Naafiri,7,4,0.5714285714285714,0.5416666666666666,0.04166666666666663,0.2916666666666664
Gwen,Annie,7,4,0.5714285714285714,0.5416666666666666,0.04166666666666663,0.2916666666666664
K'Sante,Ornn,7,4,0.5714285714285714,0.5416666666666666,0.04166666666666663,0.2916666666666664
Viktor,Alistar,7,4,0.5714285714285714,0.5416666666666666,0.04166666666666663,0.2916666666666664
Xayah,Alistar,7,4,0.5714285714285714,0.5416666666666666,0.04166666666666663,0.2916666666666664
Alistar,Vi,7,4,0.5714285714285714,0.5416666666666666,0.04166666666666663,0.2916666666666664
Rumble,Xayah,7,4,0.5714285714285714,0.5416666666666666,0.04166666666666663,0.2916666666666664
Skarner,Xayah,7,4,0.5714285714285714,0.5416666666666666,0.04166666666666663,0.2916666666666664
Viktor,Rakan,7,4,0.5714285714285714,0.5416666666666666,0.04166666666666663,0.2916666666666664
Rakan,Skarner,7,4,0.5714285714285714,0.5416666666666666,0.04166666666666663,0.2916666666666664
K'Sante,Sejuani,7,4,0.5714285714285714,0.5416666666666666,0.04166666666666663,0.2916666666666664
Nami,Aphelios,7,4,0.5714285714285714,0.5416666666666666,0.04166666666666663,0.2916666666666664
Shen,Naafiri,7,4,0.5714285714285714,0.5416666666666666,0.04166666666666663,0.2916666666666664
Anivia,Sejuani,7,4,0.5714285714285714,0.5416666666666666,0.04166666666666663,0.2916666666666664
Alistar,Pantheon,7,4,0.5714285714285714,0.5416666666666666,0.04166666666666663,0.2916666666666664
Bard,Dr. Mundo,7,4,0.5714285714285714,0.5416666666666666,0.04166666666666663,0.2916666666666664
Dr. Mundo,Gnar,7,4,0.5714285714285714,0.5416666666666666,0.04166666666666663,0.2916666666666664
Leona,Caitlyn,7,4,0.5714285714285714,0.5416666666666666,0.04166666666666663,0.2916666666666664
Pantheon,Leona,7,4,0.5714285714285714,0.5416666666666666,0.04166666666666663,0.2916666666666664
Ornn,Nocturne,7,4,0.5714285714285714,0.5416666666666666,0.04166666666666663,0.2916666666666664
Jayce,Ziggs,7,4,0.5714285714285714,0.5416666666666666,0.04166666666666663,0.2916666666666664
Yone,Sivir,7,4,0.5714285714285714,0.5416666666666666,0.04166666666666663,0.2916666666666664
Sivir,Viktor,7,4,0.5714285714285714,0.5416666666666666,0.04166666666666663,0.2916666666666664
Caitlyn,Malphite,7,4,0.5714285714285714,0.5416666666666666,0.04166666666666663,0.2916666666666664
Gnar,Braum,7,4,0.5714285714285714,0.5416666666666666,0.04166666666666663,0.2916666666666664
Gwen,Kai'Sa,7,4,0.5714285714285714,0.5416666666666666,0.04166666666666663,0.2916666666666664
Syndra,Caitlyn,7,4,0.5714285714285714,0.5416666666666666,0.04166666666666663,0.2916666666666664
Lucian,Renata Glasc,7,4,0.5714285714285714,0.5416666666666666,0.04166666666666663,0.2916666666666664
Rell,Smolder,7,4,0.5714285714285714,0.5416666666666666,0.04166666666666663,0.2916666666666664
Vayne,Neeko,7,4,0.5714285714285714,0.5416666666666666,0.04166666666666663,0.2916666666666664
Sivir,Akali,7,4,0.5714285714285714,0.5416666666666666,0.04166666666666663,0.2916666666666664
Hwei,Rumble,7,4,0.5714285714285714,0.5416666666666666,0.04166666666666663,0.2916666666666664
Lee Sin,Syndra,7,4,0.5714285714285714,0.5416666666666666,0.04166666666666663,0.2916666666666664
Syndra,Gnar,7,4,0.5714285714285714,0.5416666666666666,0.04166666666666663,0.2916666666666664
Karma,Jax,7,4,0.5714285714285714,0.5416666666666666,0.04166666666666663,0.2916666666666664
Hwei,Sivir,7,4,0.5714285714285714,0.5416666666666666,0.04166666666666663,0.2916666666666664
LeBlanc,Jhin,7,4,0.5714285714285714,0.5416666666666666,0.04166666666666663,0.2916666666666664
Gwen,Ashe,7,4,0.5714285714285714,0.5416666666666666,0.04166666666666663,0.2916666666666664
Aphelios,Gnar,7,4,0.5714285714285714,0.5416666666666666,0.04166666666666663,0.2916666666666664
Lulu,Jinx,7,4,0.5714285714285714,0.5416666666666666,0.04166666666666663,0.2916666666666664
Aatrox,Sivir,7,4,0.5714285714285714,0.5416666666666666,0.04166666666666663,0.2916666666666664
Jax,Aurora,7,4,0.5714285714285714,0.5416666666666666,0.04166666666666663,0.2916666666666664
Orianna,Anivia,7,4,0.5714285714285714,0.5416666666666666,0.04166666666666663,0.2916666666666664
Vi,Aatrox,7,4,0.5714285714285714,0.5416666666666666,0.04166666666666663,0.2916666666666664
Azir,Vi,7,4,0.5714285714285714,0.5416666666666666,0.04166666666666663,0.2916666666666664
Anivia,Azir,7,4,0.5714285714285714,0.5416666666666666,0.04166666666666663,0.2916666666666664
Corki,Alistar,7,4,0.5714285714285714,0.5416666666666666,0.04166666666666663,0.2916666666666664
Hwei,Gnar,7,4,0.5714285714285714,0.5416666666666666,0.04166666666666663,0.2916666666666664
Sivir,Azir,7,4,0.5714285714285714,0.5416666666666666,0.04166666666666663,0.2916666666666664
Hwei,Ashe,7,4,0.5714285714285714,0.5416666666666666,0.04166666666666663,0.2916666666666664
Malphite,Ashe,7,4,0.5714285714285714,0.5416666666666666,0.04166666666666663,0.2916666666666664
Caitlyn,Zaahen,7,4,0.5714285714285714,0.5416666666666666,0.04166666666666663,0.2916666666666664
Zaahen,Azir,7,4,0.5714285714285714,0.5416666666666666,0.04166666666666663,0.2916666666666664
Lux,Lucian,7,4,0.5714285714285714,0.5416666666666666,0.04166666666666663,0.2916666666666664
Twisted Fate,Nautilus,7,4,0.5714285714285714,0.5416666666666666,0.04166666666666663,0.2916666666666664
Aurora,Galio,7,4,0.5714285714285714,0.5416666666666666,0.04166666666666663,0.2916666666666664
Azir,K'Sante,7,4,0.5714285714285714,0.5416666666666666,0.04166666666666663,0.2916666666666664
Orianna,Aurora,7,4,0.5714285714285714,0.5416666666666666,0.04166666666666663,0.2916666666666664
Smolder,Viktor,7,4,0.5714285714285714,0.5416666666666666,0.04166666666666663,0.2916666666666664
Xin Zhao,Ziggs,7,4,0.5714285714285714,0.5416666666666666,0.04166666666666663,0.2916666666666664
Rek'Sai,Karma,7,4,0.5714285714285714,0.5416666666666666,0.04166666666666663,0.2916666666666664
Vayne,Syndra,7,4,0.5714285714285714,0.5416666666666666,0.04166666666666663,0.2916666666666664
Ambessa,Jayce,7,4,0.5714285714285714,0.5416666666666666,0.04166666666666663,0.2916666666666664
Ahri,Syndra,7,4,0.5714285714285714,0.5416666666666666,0.04166666666666663,0.2916666666666664
Leona,Syndra,7,4,0.5714285714285714,0.5416666666666666,0.04166666666666663,0.2916666666666664
Aurora,Aatrox,7,4,0.5714285714285714,0.5416666666666666,0.04166666666666663,0.2916666666666664
Pantheon,Xayah,7,4,0.5714285714285714,0.5416666666666666,0.04166666666666663,0.2916666666666664
Hwei,Jhin,7,4,0.5714285714285714,0.5416666666666666,0.04166666666666663,0.2916666666666664
Zaahen,Sivir,7,4,0.5714285714285714,0.5416666666666666,0.04166666666666663,0.2916666666666664
Zeri,Renekton,7,4,0.5714285714285714,0.5416666666666666,0.04166666666666663,0.2916666666666664
Trundle,Leona,7,4,0.5714285714285714,0.5416666666666666,0.04166666666666663,0.2916666666666664
Leona,Akali,7,4,0.5714285714285714,0.5416666666666666,0.04166666666666663,0.2916666666666664
Leona,Nami,7,4,0.5714285714285714,0.5416666666666666,0.04166666666666663,0.2916666666666664
Syndra,Ambessa,7,4,0.5714285714285714,0.5416666666666666,0.04166666666666663,0.2916666666666664
Bard,Yone,7,4,0.5714285714285714,0.5416666666666666,0.04166666666666663,0.2916666666666664
Ahri,Xayah,7,4,0.5714285714285714,0.5416666666666666,0.04166666666666663,0.2916666666666664
Yorick,Karma,7,4,0.5714285714285714,0.5416666666666666,0.04166666666666663,0.2916666666666664
Lulu,Zeri,7,4,0.5714285714285714,0.5416666666666666,0.04166666666666663,0.2916666666666664
Seraphine,Qiyana,7,4,0.5714285714285714,0.5416666666666666,0.04166666666666663,0.2916666666666664
Seraphine,Sivir,7,4,0.5714285714285714,0.5416666666666666,0.04166666666666663,0.2916666666666664
Ornn,Varus,7,4,0.5714285714285714,0.5416666666666666,0.04166666666666663,0.2916666666666664
Ryze,Smolder,7,4,0.5714285714285714,0.5416666666666666,0.04166666666666663,0.2916666666666664
Sion,Olaf,7,4,0.5714285714285714,0.5416666666666666,0.04166666666666663,0.2916666666666664
Sion,Trundle,7,4,0.5714285714285714,0.5416666666666666,0.04166666666666663,0.2916666666666664
Lulu,Malphite,7,4,0.5714285714285714,0.5416666666666666,0.04166666666666663,0.2916666666666664
Jarvan IV,Poppy,7,4,0.5714285714285714,0.5416666666666666,0.04166666666666663,0.2916666666666664
Maokai,Ambessa,7,4,0.5714285714285714,0.5416666666666666,0.04166666666666663,0.2916666666666664
Ryze,Zeri,7,4,0.5714285714285714,0.5416666666666666,0.04166666666666663,0.2916666666666664
Skarner,Jax,7,4,0.5714285714285714,0.5416666666666666,0.04166666666666663,0.2916666666666664
Alistar,Skarner,7,4,0.5714285714285714,0.5416666666666666,0.04166666666666663,0.2916666666666664
Olaf,Vi,7,4,0.5714285714285714,0.5416666666666666,0.04166666666666663,0.2916666666666664
Cassiopeia,Aatrox,7,4,0.5714285714285714,0.5416666666666666,0.04166666666666663,0.2916666666666664
Senna,Pantheon,7,4,0.5714285714285714,0.5416666666666666,0.04166666666666663,0.2916666666666664
Ornn,Neeko,7,4,0.5714285714285714,0.5416666666666666,0.04166666666666663,0.2916666666666664
Poppy,Vi,7,4,0.5714285714285714,0.5416666666666666,0.04166666666666663,0.2916666666666664
Rell,Annie,7,4,0.5714285714285714,0.5416666666666666,0.04166666666666663,0.2916666666666664
Leona,Ashe,7,4,0.5714285714285714,0.5416666666666666,0.04166666666666663,0.2916666666666664
Ryze,Galio,7,4,0.5714285714285714,0.5416666666666666,0.04166666666666663,0.2916666666666664
Jayce,Smolder,7,4,0.5714285714285714,0.5416666666666666,0.04166666666666663,0.2916666666666664
Jhin,Tristana,7,4,0.5714285714285714,0.5416666666666666,0.04166666666666663,0.2916666666666664
Zaahen,Corki,7,4,0.5714285714285714,0.5416666666666666,0.04166666666666663,0.2916666666666664
LeBlanc,Cassiopeia,7,4,0.5714285714285714,0.5416666666666666,0.04166666666666663,0.2916666666666664
Xayah,Jhin,7,4,0.5714285714285714,0.5416666666666666,0.04166666666666663,0.2916666666666664
Corki,Rell,7,4,0.5714285714285714,0.5416666666666666,0.04166666666666663,0.2916666666666664
Poppy,K'Sante,7,4,0.5714285714285714,0.5416666666666666,0.04166666666666663,0.2916666666666664
K'Sante,Miss Fortune,7,4,0.5714285714285714,0.5416666666666666,0.04166666666666663,0.2916666666666664
Irelia,Xin Zhao,2,2,1.0,0.6428571428571429,0.1428571428571429,0.2857142857142858
Ryze,Thresh,2,2,1.0,0.6428571428571429,0.1428571428571429,0.2857142857142858
Mel,Thresh,2,2,1.0,0.6428571428571429,0.1428571428571429,0.2857142857142858
Tristana,LeBlanc,2,2,1.0,0.6428571428571429,0.1428571428571429,0.2857142857142858
Tristana,Thresh,2,2,1.0,0.6428571428571429,0.1428571428571429,0.2857142857142858
Lissandra,Jhin,2,2,1.0,0.6428571428571429,0.1428571428571429,0.2857142857142858
Pyke,Vi,2,2,1.0,0.6428571428571429,0.1428571428571429,0.2857142857142858
Bard,Blitzcrank,2,2,1.0,0.6428571428571429,0.1428571428571429,0.2857142857142858
Bard,Ekko,2,2,1.0,0.6428571428571429,0.1428571428571429,0.2857142857142858
Jarvan IV,Ekko,2,2,1.0,0.6428571428571429,0.1428571428571429,0.2857142857142858
Olaf,Jax,2,2,1.0,0.6428571428571429,0.1428571428571429,0.2857142857142858
Irelia,Alistar,2,2,1.0,0.6428571428571429,0.1428571428571429,0.2857142857142858
Irelia,LeBlanc,2,2,1.0,0.6428571428571429,0.1428571428571429,0.2857142857142858
Sejuani,Ryze,2,2,1.0,0.6428571428571429,0.1428571428571429,0.2857142857142858
Nidalee,Gnar,2,2,1.0,0.6428571428571429,0.1428571428571429,0.2857142857142858
Aphelios,Corki,2,2,1.0,0.6428571428571429,0.1428571428571429,0.2857142857142858
Alistar,Miss Fortune,2,2,1.0,0.6428571428571429,0.1428571428571429,0.2857142857142858
LeBlanc,Sylas,2,2,1.0,0.6428571428571429,0.1428571428571429,0.2857142857142858
Zoe,Kennen,2,2,1.0,0.6428571428571429,0.1428571428571429,0.2857142857142858
Kai'Sa,Camille,2,2,1.0,0.6428571428571429,0.1428571428571429,0.2857142857142858
Kai'Sa,Cho'Gath,2,2,1.0,0.6428571428571429,0.1428571428571429,0.2857142857142858
Lillia,Seraphine,2,2,1.0,0.6428571428571429,0.1428571428571429,0.2857142857142858
Nautilus,Camille,2,2,1.0,0.6428571428571429,0.1428571428571429,0.2857142857142858
Qiyana,Aatrox,2,2,1.0,0.6428571428571429,0.1428571428571429,0.2857142857142858
Aurora,Shen,2,2,1.0,0.6428571428571429,0.1428571428571429,0.2857142857142858
Smolder,Alistar,2,2,1.0,0.6428571428571429,0.1428571428571429,0.2857142857142858
Aurelion Sol,Lee Sin,2,2,1.0,0.6428571428571429,0.1428571428571429,0.2857142857142858
Sion,Kindred,2,2,1.0,0.6428571428571429,0.1428571428571429,0.2857142857142858
Camille,Nocturne,2,2,1.0,0.6428571428571429,0.1428571428571429,0.2857142857142858
Irelia,Nocturne,2,2,1.0,0.6428571428571429,0.1428571428571429,0.2857142857142858
Vi,Zeri,2,2,1.0,0.6428571428571429,0.1428571428571429,0.2857142857142858
Rek'Sai,Ambessa,2,2,1.0,0.6428571428571429,0.1428571428571429,0.2857142857142858
Smolder,Mel,2,2,1.0,0.6428571428571429,0.1428571428571429,0.2857142857142858
Hwei,Amumu,2,2,1.0,0.6428571428571429,0.1428571428571429,0.2857142857142858
Hwei,Gragas,2,2,1.0,0.6428571428571429,0.1428571428571429,0.2857142857142858
Rell,Leona,2,2,1.0,0.6428571428571429,0.1428571428571429,0.2857142857142858
Twisted Fate,Leona,2,2,1.0,0.6428571428571429,0.1428571428571429,0.2857142857142858
Taliyah,Zaahen,2,2,1.0,0.6428571428571429,0.1428571428571429,0.2857142857142858
Kha'Zix,Xin Zhao,2,2,1.0,0.6428571428571429,0.1428571428571429,0.2857142857142858
Milio,Aphelios,2,2,1.0,0.6428571428571429,0.1428571428571429,0.2857142857142858
Jax,Yorick,2,2,1.0,0.6428571428571429,0.1428571428571429,0.2857142857142858
Bard,Xerath,2,2,1.0,0.6428571428571429,0.1428571428571429,0.2857142857142858
Nocturne,Xerath,2,2,1.0,0.6428571428571429,0.1428571428571429,0.2857142857142858
Vayne,Ziggs,2,2,1.0,0.6428571428571429,0.1428571428571429,0.2857142857142858
Brand,Pantheon,2,2,1.0,0.6428571428571429,0.1428571428571429,0.2857142857142858
Gnar,Taric,2,2,1.0,0.6428571428571429,0.1428571428571429,0.2857142857142858
Yasuo,Sylas,2,2,1.0,0.6428571428571429,0.1428571428571429,0.2857142857142858
Anivia,Kalista,2,2,1.0,0.6428571428571429,0.1428571428571429,0.2857142857142858
Rek'Sai,Jayce,2,2,1.0,0.6428571428571429,0.1428571428571429,0.2857142857142858
Kennen,Gwen,2,2,1.0,0.6428571428571429,0.1428571428571429,0.2857142857142858
Zed,Gwen,2,2,1.0,0.6428571428571429,0.1428571428571429,0.2857142857142858
Maokai,Vi,2,2,1.0,0.6428571428571429,0.1428571428571429,0.2857142857142858
Fiora,Rakan,2,2,1.0,0.6428571428571429,0.1428571428571429,0.2857142857142858
Kai'Sa,Ziggs,2,2,1.0,0.6428571428571429,0.1428571428571429,0.2857142857142858
Ahri,Elise,2,2,1.0,0.6428571428571429,0.1428571428571429,0.2857142857142858
Gangplank,Gnar,2,2,1.0,0.6428571428571429,0.1428571428571429,0.2857142857142858
Gangplank,Nautilus,2,2,1.0,0.6428571428571429,0.1428571428571429,0.2857142857142858
Gangplank,Wukong,2,2,1.0,0.6428571428571429,0.1428571428571429,0.2857142857142858
Lucian,Vladimir,2,2,1.0,0.6428571428571429,0.1428571428571429,0.2857142857142858
Malphite,Vladimir,2,2,1.0,0.6428571428571429,0.1428571428571429,0.2857142857142858
Sivir,Lulu,2,2,1.0,0.6428571428571429,0.1428571428571429,0.2857142857142858
Lux,Twisted Fate,2,2,1.0,0.6428571428571429,0.1428571428571429,0.2857142857142858
Samira,Rumble,2,2,1.0,0.6428571428571429,0.1428571428571429,0.2857142857142858
Smolder,Hwei,2,2,1.0,0.6428571428571429,0.1428571428571429,0.2857142857142858
Olaf,Pyke,2,2,1.0,0.6428571428571429,0.1428571428571429,0.2857142857142858
Nami,Aurelion Sol,2,2,1.0,0.6428571428571429,0.1428571428571429,0.2857142857142858
Orianna,Cho'Gath,2,2,1.0,0.6428571428571429,0.1428571428571429,0.2857142857142858
Urgot,Ezreal,2,2,1.0,0.6428571428571429,0.1428571428571429,0.2857142857142858
K'Sante,Yasuo,2,2,1.0,0.6428571428571429,0.1428571428571429,0.2857142857142858
Ryze,Rek'Sai,2,2,1.0,0.6428571428571429,0.1428571428571429,0.2857142857142858
Milio,Draven,2,2,1.0,0.6428571428571429,0.1428571428571429,0.2857142857142858
Twisted Fate,Vladimir,2,2,1.0,0.6428571428571429,0.1428571428571429,0.2857142857142858
Dr. Mundo,Zaahen,2,2,1.0,0.6428571428571429,0.1428571428571429,0.2857142857142858
Viktor,Cho'Gath,2,2,1.0,0.6428571428571429,0.1428571428571429,0.2857142857142858
Kalista,Cho'Gath,2,2,1.0,0.6428571428571429,0.1428571428571429,0.2857142857142858
Kassadin,Sivir,2,2,1.0,0.6428571428571429,0.1428571428571429,0.2857142857142858
Nautilus,Sett,2,2,1.0,0.6428571428571429,0.1428571428571429,0.2857142857142858
Dr. Mundo,Cho'Gath,2,2,1.0,0.6428571428571429,0.1428571428571429,0.2857142857142858
Lulu,Cho'Gath,2,2,1.0,0.6428571428571429,0.1428571428571429,0.2857142857142858
Ryze,Cho'Gath,2,2,1.0,0.6428571428571429,0.1428571428571429,0.2857142857142858
Lillia,Wukong,2,2,1.0,0.6428571428571429,0.1428571428571429,0.2857142857142858
Aatrox,Senna,2,2,1.0,0.6428571428571429,0.1428571428571429,0.2857142857142858
Wukong,Xerath,2,2,1.0,0.6428571428571429,0.1428571428571429,0.2857142857142858
Kog'Maw,Maokai,2,2,1.0,0.6428571428571429,0.1428571428571429,0.2857142857142858
Soraka,Azir,2,2,1.0,0.6428571428571429,0.1428571428571429,0.2857142857142858
Soraka,Maokai,2,2,1.0,0.6428571428571429,0.1428571428571429,0.2857142857142858
Leona,Viego,2,2,1.0,0.6428571428571429,0.1428571428571429,0.2857142857142858
Samira,Smolder,2,2,1.0,0.6428571428571429,0.1428571428571429,0.2857142857142858
Twisted Fate,Yuumi,2,2,1.0,0.6428571428571429,0.1428571428571429,0.2857142857142858
Xayah,Varus,2,2,1.0,0.6428571428571429,0.1428571428571429,0.2857142857142858
Nidalee,Corki,2,2,1.0,0.6428571428571429,0.1428571428571429,0.2857142857142858
Nidalee,Nami,2,2,1.0,0.6428571428571429,0.1428571428571429,0.2857142857142858
Nocturne,Shen,2,2,1.0,0.6428571428571429,0.1428571428571429,0.2857142857142858
Vayne,Shen,2,2,1.0,0.6428571428571429,0.1428571428571429,0.2857142857142858
Bard,Zeri,2,2,1.0,0.6428571428571429,0.1428571428571429,0.2857142857142858
Gnar,Zeri,2,2,1.0,0.6428571428571429,0.1428571428571429,0.2857142857142858
Miss Fortune,Azir,2,2,1.0,0.6428571428571429,0.1428571428571429,0.2857142857142858
Poppy,Lee Sin,2,2,1.0,0.6428571428571429,0.1428571428571429,0.2857142857142858
Poppy,Rumble,2,2,1.0,0.6428571428571429,0.1428571428571429,0.2857142857142858
Vayne,Mel,2,2,1.0,0.6428571428571429,0.1428571428571429,0.2857142857142858
Rumble,Zoe,2,2,1.0,0.6428571428571429,0.1428571428571429,0.2857142857142858
Bard,Garen,2,2,1.0,0.6428571428571429,0.1428571428571429,0.2857142857142858
Ryze,LeBlanc,2,2,1.0,0.6428571428571429,0.1428571428571429,0.2857142857142858
Jarvan IV,Graves,2,2,1.0,0.6428571428571429,0.1428571428571429,0.2857142857142858
Yasuo,Rakan,2,2,1.0,0.6428571428571429,0.1428571428571429,0.2857142857142858
Nami,Dr. Mundo,2,2,1.0,0.6428571428571429,0.1428571428571429,0.2857142857142858
Lulu,Fiora,2,2,1.0,0.6428571428571429,0.1428571428571429,0.2857142857142858
Ezreal,Kayn,2,2,1.0,0.6428571428571429,0.1428571428571429,0.2857142857142858
Twisted Fate,Smolder,2,2,1.0,0.6428571428571429,0.1428571428571429,0.2857142857142858
Kalista,Kai'Sa,2,2,1.0,0.6428571428571429,0.1428571428571429,0.2857142857142858
Ashe,Yorick,2,2,1.0,0.6428571428571429,0.1428571428571429,0.2857142857142858
Qiyana,Yorick,2,2,1.0,0.6428571428571429,0.1428571428571429,0.2857142857142858
Sion,Yorick,2,2,1.0,0.6428571428571429,0.1428571428571429,0.2857142857142858
Ambessa,Renata Glasc,2,2,1.0,0.6428571428571429,0.1428571428571429,0.2857142857142858
Irelia,Naafiri,2,2,1.0,0.6428571428571429,0.1428571428571429,0.2857142857142858
Irelia,Smolder,2,2,1.0,0.6428571428571429,0.1428571428571429,0.2857142857142858
LeBlanc,Alistar,2,2,1.0,0.6428571428571429,0.1428571428571429,0.2857142857142858
Bard,Jinx,2,2,1.0,0.6428571428571429,0.1428571428571429,0.2857142857142858
Jayce,Zoe,2,2,1.0,0.6428571428571429,0.1428571428571429,0.2857142857142858
Smolder,Yorick,2,2,1.0,0.6428571428571429,0.1428571428571429,0.2857142857142858
Sion,Rek'Sai,2,2,1.0,0.6428571428571429,0.1428571428571429,0.2857142857142858
Yone,Zeri,2,2,1.0,0.6428571428571429,0.1428571428571429,0.2857142857142858
Kog'Maw,Xin Zhao,2,2,1.0,0.6428571428571429,0.1428571428571429,0.2857142857142858
Elise,Hwei,2,2,1.0,0.6428571428571429,0.1428571428571429,0.2857142857142858
Elise,Skarner,2,2,1.0,0.6428571428571429,0.1428571428571429,0.2857142857142858
Kled,Karma,2,2,1.0,0.6428571428571429,0.1428571428571429,0.2857142857142858
Malphite,Jhin,2,2,1.0,0.6428571428571429,0.1428571428571429,0.2857142857142858
Renata Glasc,Renekton,2,2,1.0,0.6428571428571429,0.1428571428571429,0.2857142857142858
Akali,Malzahar,2,2,1.0,0.6428571428571429,0.1428571428571429,0.2857142857142858
Ambessa,Malzahar,2,2,1.0,0.6428571428571429,0.1428571428571429,0.2857142857142858
Sivir,Malzahar,2,2,1.0,0.6428571428571429,0.1428571428571429,0.2857142857142858
Varus,Vladimir,2,2,1.0,0.6428571428571429,0.1428571428571429,0.2857142857142858
Caitlyn,Kha'Zix,2,2,1.0,0.6428571428571429,0.1428571428571429,0.2857142857142858
Caitlyn,Yone,2,2,1.0,0.6428571428571429,0.1428571428571429,0.2857142857142858
Ahri,Shen,2,2,1.0,0.6428571428571429,0.1428571428571429,0.2857142857142858
Kog'Maw,Rakan,2,2,1.0,0.6428571428571429,0.1428571428571429,0.2857142857142858
Kassadin,Lulu,2,2,1.0,0.6428571428571429,0.1428571428571429,0.2857142857142858
Tahm Kench,Vi,2,2,1.0,0.6428571428571429,0.1428571428571429,0.2857142857142858
Akali,Braum,2,2,1.0,0.6428571428571429,0.1428571428571429,0.2857142857142858
Kai'Sa,Viego,2,2,1.0,0.6428571428571429,0.1428571428571429,0.2857142857142858
Naafiri,Jinx,2,2,1.0,0.6428571428571429,0.1428571428571429,0.2857142857142858
Alistar,Dr. Mundo,2,2,1.0,0.6428571428571429,0.1428571428571429,0.2857142857142858
Mel,Rakan,2,2,1.0,0.6428571428571429,0.1428571428571429,0.2857142857142858
Vel'Koz,Sion,2,2,1.0,0.6428571428571429,0.1428571428571429,0.2857142857142858
Aurora,Kayn,2,2,1.0,0.6428571428571429,0.1428571428571429,0.2857142857142858
Braum,Smolder,2,2,1.0,0.6428571428571429,0.1428571428571429,0.2857142857142858
Zac,Ryze,2,2,1.0,0.6428571428571429,0.1428571428571429,0.2857142857142858
Zac,Sion,2,2,1.0,0.6428571428571429,0.1428571428571429,0.2857142857142858
Kai'Sa,Shen,2,2,1.0,0.6428571428571429,0.1428571428571429,0.2857142857142858
Trundle,Jarvan IV,2,2,1.0,0.6428571428571429,0.1428571428571429,0.2857142857142858
Brand,Kai'Sa,2,2,1.0,0.6428571428571429,0.1428571428571429,0.2857142857142858
Malphite,Vi,2,2,1.0,0.6428571428571429,0.1428571428571429,0.2857142857142858
Aurelion Sol,LeBlanc,2,2,1.0,0.6428571428571429,0.1428571428571429,0.2857142857142858
Lucian,Olaf,2,2,1.0,0.6428571428571429,0.1428571428571429,0.2857142857142858
Milio,Olaf,2,2,1.0,0.6428571428571429,0.1428571428571429,0.2857142857142858
Kai'Sa,Yone,2,2,1.0,0.6428571428571429,0.1428571428571429,0.2857142857142858
Seraphine,Shyvana,2,2,1.0,0.6428571428571429,0.1428571428571429,0.2857142857142858
Kalista,Galio,2,2,1.0,0.6428571428571429,0.1428571428571429,0.2857142857142858
Renata Glasc,Jarvan IV,2,2,1.0,0.6428571428571429,0.1428571428571429,0.2857142857142858
Gragas,Smolder,2,2,1.0,0.6428571428571429,0.1428571428571429,0.2857142857142858
Irelia,Akali,2,2,1.0,0.6428571428571429,0.1428571428571429,0.2857142857142858
Lillia,Akali,2,2,1.0,0.6428571428571429,0.1428571428571429,0.2857142857142858
Trundle,Thresh,2,2,1.0,0.6428571428571429,0.1428571428571429,0.2857142857142858
Vi,Thresh,2,2,1.0,0.6428571428571429,0.1428571428571429,0.2857142857142858
Viktor,Thresh,2,2,1.0,0.6428571428571429,0.1428571428571429,0.2857142857142858
Sivir,Yunara,2,2,1.0,0.6428571428571429,0.1428571428571429,0.2857142857142858
Ivern,Nautilus,2,2,1.0,0.6428571428571429,0.1428571428571429,0.2857142857142858
Vayne,Zoe,2,2,1.0,0.6428571428571429,0.1428571428571429,0.2857142857142858
Xerath,Karma,2,2,1.0,0.6428571428571429,0.1428571428571429,0.2857142857142858
Neeko,Yone,2,2,1.0,0.6428571428571429,0.1428571428571429,0.2857142857142858
Lucian,Leona,2,2,1.0,0.6428571428571429,0.1428571428571429,0.2857142857142858
Lucian,Smolder,2,2,1.0,0.6428571428571429,0.1428571428571429,0.2857142857142858
Gragas,Azir,2,2,1.0,0.6428571428571429,0.1428571428571429,0.2857142857142858
Akali,Cho'Gath,2,2,1.0,0.6428571428571429,0.1428571428571429,0.2857142857142858
Sion,Thresh,2,2,1.0,0.6428571428571429,0.1428571428571429,0.2857142857142858
LeBlanc,Taliyah,2,2,1.0,0.6428571428571429,0.1428571428571429,0.2857142857142858
Anivia,LeBlanc,2,2,1.0,0.6428571428571429,0.1428571428571429,0.2857142857142858
Sejuani,Dr. Mundo,2,2,1.0,0.6428571428571429,0.1428571428571429,0.2857142857142858
Twisted Fate,Hwei,2,2,1.0,0.6428571428571429,0.1428571428571429,0.2857142857142858
Nocturne,Sejuani,2,2,1.0,0.6428571428571429,0.1428571428571429,0.2857142857142858
Sylas,Rakan,2,2,1.0,0.6428571428571429,0.1428571428571429,0.2857142857142858
Xayah,Camille,2,2,1.0,0.6428571428571429,0.1428571428571429,0.2857142857142858
Renata Glasc,K'Sante,2,2,1.0,0.6428571428571429,0.1428571428571429,0.2857142857142858
Braum,Yone,2,2,1.0,0.6428571428571429,0.1428571428571429,0.2857142857142858
Varus,Senna,2,2,1.0,0.6428571428571429,0.1428571428571429,0.2857142857142858
Shyvana,Aurora,2,2,1.0,0.6428571428571429,0.1428571428571429,0.2857142857142858
Zyra,K'Sante,2,2,1.0,0.6428571428571429,0.1428571428571429,0.2857142857142858
Mel,Yone,2,2,1.0,0.6428571428571429,0.1428571428571429,0.2857142857142858
Olaf,Ornn,2,2,1.0,0.6428571428571429,0.1428571428571429,0.2857142857142858
Vladimir,Poppy,2,2,1.0,0.6428571428571429,0.1428571428571429,0.2857142857142858
Vladimir,Vi,2,2,1.0,0.6428571428571429,0.1428571428571429,0.2857142857142858
Aatrox,Olaf,2,2,1.0,0.6428571428571429,0.1428571428571429,0.2857142857142858
Annie,Smolder,2,2,1.0,0.6428571428571429,0.1428571428571429,0.2857142857142858
Braum,Anivia,2,2,1.0,0.6428571428571429,0.1428571428571429,0.2857142857142858
Cassiopeia,Jax,2,2,1.0,0.6428571428571429,0.1428571428571429,0.2857142857142858
Orianna,Shyvana,2,2,1.0,0.6428571428571429,0.1428571428571429,0.2857142857142858
Illaoi,Jhin,2,2,1.0,0.6428571428571429,0.1428571428571429,0.2857142857142858
Illaoi,Renekton,2,2,1.0,0.6428571428571429,0.1428571428571429,0.2857142857142858
Irelia,Ahri,2,2,1.0,0.6428571428571429,0.1428571428571429,0.2857142857142858
Lux,Gnar,2,2,1.0,0.6428571428571429,0.1428571428571429,0.2857142857142858
Lux,Pantheon,2,2,1.0,0.6428571428571429,0.1428571428571429,0.2857142857142858
Lucian,Kled,2,2,1.0,0.6428571428571429,0.1428571428571429,0.2857142857142858
K'Sante,Qiyana,2,2,1.0,0.6428571428571429,0.1428571428571429,0.2857142857142858
Naafiri,Mordekaiser,2,2,1.0,0.6428571428571429,0.1428571428571429,0.2857142857142858
Ashe,Viego,2,2,1.0,0.6428571428571429,0.1428571428571429,0.2857142857142858
Miss Fortune,Illaoi,2,2,1.0,0.6428571428571429,0.1428571428571429,0.2857142857142858
Miss Fortune,Smolder,2,2,1.0,0.6428571428571429,0.1428571428571429,0.2857142857142858
Nocturne,Braum,2,2,1.0,0.6428571428571429,0.1428571428571429,0.2857142857142858
Nocturne,Kassadin,2,2,1.0,0.6428571428571429,0.1428571428571429,0.2857142857142858
Yuumi,Zaahen,2,2,1.0,0.6428571428571429,0.1428571428571429,0.2857142857142858
Seraphine,Yasuo,2,2,1.0,0.6428571428571429,0.1428571428571429,0.2857142857142858
Annie,Camille,2,2,1.0,0.6428571428571429,0.1428571428571429,0.2857142857142858
Soraka,Alistar,2,2,1.0,0.6428571428571429,0.1428571428571429,0.2857142857142858
Kai'Sa,Zed,2,2,1.0,0.6428571428571429,0.1428571428571429,0.2857142857142858
Naafiri,Elise,2,2,1.0,0.6428571428571429,0.1428571428571429,0.2857142857142858
Zeri,Aurora,2,2,1.0,0.6428571428571429,0.1428571428571429,0.2857142857142858
Nasus,Ahri,2,2,1.0,0.6428571428571429,0.1428571428571429,0.2857142857142858
Nasus,Yunara,2,2,1.0,0.6428571428571429,0.1428571428571429,0.2857142857142858
Renata Glasc,Nautilus,2,2,1.0,0.6428571428571429,0.1428571428571429,0.2857142857142858
Skarner,Sylas,2,2,1.0,0.6428571428571429,0.1428571428571429,0.2857142857142858
Taliyah,Sylas,2,2,1.0,0.6428571428571429,0.1428571428571429,0.2857142857142858
Shen,Cassiopeia,2,2,1.0,0.6428571428571429,0.1428571428571429,0.2857142857142858
Shen,Miss Fortune,2,2,1.0,0.6428571428571429,0.1428571428571429,0.2857142857142858
Shen,Nautilus,2,2,1.0,0.6428571428571429,0.1428571428571429,0.2857142857142858
Lux,Malphite,2,2,1.0,0.6428571428571429,0.1428571428571429,0.2857142857142858
Yuumi,Jarvan IV,2,2,1.0,0.6428571428571429,0.1428571428571429,0.2857142857142858
Yuumi,LeBlanc,2,2,1.0,0.6428571428571429,0.1428571428571429,0.2857142857142858
Aurora,Kennen,2,2,1.0,0.6428571428571429,0.1428571428571429,0.2857142857142858
Leona,Mel,2,2,1.0,0.6428571428571429,0.1428571428571429,0.2857142857142858
Sylas,Smolder,2,2,1.0,0.6428571428571429,0.1428571428571429,0.2857142857142858
Taliyah,Volibear,2,2,1.0,0.6428571428571429,0.1428571428571429,0.2857142857142858
Kai'Sa,Dr. Mundo,2,2,1.0,0.6428571428571429,0.1428571428571429,0.2857142857142858
Lillia,Nautilus,2,2,1.0,0.6428571428571429,0.1428571428571429,0.2857142857142858
Lulu,Zoe,2,2,1.0,0.6428571428571429,0.1428571428571429,0.2857142857142858
Hwei,Camille,2,2,1.0,0.6428571428571429,0.1428571428571429,0.2857142857142858
Aphelios,Blitzcrank,2,2,1.0,0.6428571428571429,0.1428571428571429,0.2857142857142858
Jarvan IV,Zed,2,2,1.0,0.6428571428571429,0.1428571428571429,0.2857142857142858
Rell,Sylas,2,2,1.0,0.6428571428571429,0.1428571428571429,0.2857142857142858
Jinx,Jarvan IV,2,2,1.0,0.6428571428571429,0.1428571428571429,0.2857142857142858
Poppy,Ryze,2,2,1.0,0.6428571428571429,0.1428571428571429,0.2857142857142858
Volibear,Aatrox,2,2,1.0,0.6428571428571429,0.1428571428571429,0.2857142857142858
Volibear,Caitlyn,2,2,1.0,0.6428571428571429,0.1428571428571429,0.2857142857142858
K'Sante,Kayn,2,2,1.0,0.6428571428571429,0.1428571428571429,0.2857142857142858
Rek'Sai,Qiyana,2,2,1.0,0.6428571428571429,0.1428571428571429,0.2857142857142858
Rek'Sai,Varus,2,2,1.0,0.6428571428571429,0.1428571428571429,0.2857142857142858
Thresh,Ambessa,2,2,1.0,0.6428571428571429,0.1428571428571429,0.2857142857142858
Annie,Yuumi,2,2,1.0,0.6428571428571429,0.1428571428571429,0.2857142857142858
Vayne,Nocturne,2,2,1.0,0.6428571428571429,0.1428571428571429,0.2857142857142858
Shen,Lee Sin,2,2,1.0,0.6428571428571429,0.1428571428571429,0.2857142857142858
Cho'Gath,Neeko,2,2,1.0,0.6428571428571429,0.1428571428571429,0.2857142857142858
Kennen,Jarvan IV,2,2,1.0,0.6428571428571429,0.1428571428571429,0.2857142857142858
Jhin,Poppy,2,2,1.0,0.6428571428571429,0.1428571428571429,0.2857142857142858
Zaahen,Lux,2,2,1.0,0.6428571428571429,0.1428571428571429,0.2857142857142858
Varus,Irelia,2,2,1.0,0.6428571428571429,0.1428571428571429,0.2857142857142858
Milio,Smolder,2,2,1.0,0.6428571428571429,0.1428571428571429,0.2857142857142858
Akali,Yasuo,2,2,1.0,0.6428571428571429,0.1428571428571429,0.2857142857142858
Olaf,Kennen,2,2,1.0,0.6428571428571429,0.1428571428571429,0.2857142857142858
Mel,Hwei,2,2,1.0,0.6428571428571429,0.1428571428571429,0.2857142857142858
Taliyah,Leona,2,2,1.0,0.6428571428571429,0.1428571428571429,0.2857142857142858
Corki,Cho'Gath,2,2,1.0,0.6428571428571429,0.1428571428571429,0.2857142857142858
Nami,Cho'Gath,2,2,1.0,0.6428571428571429,0.1428571428571429,0.2857142857142858
Karma,Brand,2,2,1.0,0.6428571428571429,0.1428571428571429,0.2857142857142858
Ryze,Brand,2,2,1.0,0.6428571428571429,0.1428571428571429,0.2857142857142858
Sion,Tristana,2,2,1.0,0.6428571428571429,0.1428571428571429,0.2857142857142858
Nautilus,Darius,2,2,1.0,0.6428571428571429,0.1428571428571429,0.2857142857142858
Azir,Dr. Mundo,2,2,1.0,0.6428571428571429,0.1428571428571429,0.2857142857142858
Galio,Viego,2,2,1.0,0.6428571428571429,0.1428571428571429,0.2857142857142858
Cassiopeia,Rek'Sai,2,2,1.0,0.6428571428571429,0.1428571428571429,0.2857142857142858
Orianna,Brand,2,2,1.0,0.6428571428571429,0.1428571428571429,0.2857142857142858
Cassiopeia,Darius,2,2,1.0,0.6428571428571429,0.1428571428571429,0.2857142857142858
Gangplank,Xin Zhao,2,2,1.0,0.6428571428571429,0.1428571428571429,0.2857142857142858
Galio,Shyvana,2,2,1.0,0.6428571428571429,0.1428571428571429,0.2857142857142858
Renata Glasc,Varus,2,2,1.0,0.6428571428571429,0.1428571428571429,0.2857142857142858
Blitzcrank,Viego,2,2,1.0,0.6428571428571429,0.1428571428571429,0.2857142857142858
Malphite,Alistar,2,2,1.0,0.6428571428571429,0.1428571428571429,0.2857142857142858
Aphelios,Seraphine,2,2,1.0,0.6428571428571429,0.1428571428571429,0.2857142857142858
Aphelios,Xin Zhao,2,2,1.0,0.6428571428571429,0.1428571428571429,0.2857142857142858
Ashe,Kennen,2,2,1.0,0.6428571428571429,0.1428571428571429,0.2857142857142858
Ezreal,Jinx,2,2,1.0,0.6428571428571429,0.1428571428571429,0.2857142857142858
Fiora,Vi,2,2,1.0,0.6428571428571429,0.1428571428571429,0.2857142857142858
Viktor,Jinx,2,2,1.0,0.6428571428571429,0.1428571428571429,0.2857142857142858
Leona,Morgana,2,2,1.0,0.6428571428571429,0.1428571428571429,0.2857142857142858
Thresh,Leona,2,2,1.0,0.6428571428571429,0.1428571428571429,0.2857142857142858
Nautilus,Thresh,2,2,1.0,0.6428571428571429,0.1428571428571429,0.2857142857142858
Shyvana,Miss Fortune,2,2,1.0,0.6428571428571429,0.1428571428571429,0.2857142857142858
Rakan,Braum,2,2,1.0,0.6428571428571429,0.1428571428571429,0.2857142857142858
Varus,Xerath,2,2,1.0,0.6428571428571429,0.1428571428571429,0.2857142857142858
Olaf,Braum,2,2,1.0,0.6428571428571429,0.1428571428571429,0.2857142857142858
Sivir,Darius,2,2,1.0,0.6428571428571429,0.1428571428571429,0.2857142857142858
Sivir,Veigar,2,2,1.0,0.6428571428571429,0.1428571428571429,0.2857142857142858
Trundle,Darius,2,2,1.0,0.6428571428571429,0.1428571428571429,0.2857142857142858
Vayne,Veigar,2,2,1.0,0.6428571428571429,0.1428571428571429,0.2857142857142858
Rakan,Camille,2,2,1.0,0.6428571428571429,0.1428571428571429,0.2857142857142858
Rek'Sai,Ashe,2,2,1.0,0.6428571428571429,0.1428571428571429,0.2857142857142858
Lux,Wukong,2,2,1.0,0.6428571428571429,0.1428571428571429,0.2857142857142858
Neeko,Gragas,2,2,1.0,0.6428571428571429,0.1428571428571429,0.2857142857142858
Kha'Zix,Ornn,2,2,1.0,0.6428571428571429,0.1428571428571429,0.2857142857142858
Taliyah,Zeri,2,2,1.0,0.6428571428571429,0.1428571428571429,0.2857142857142858
Qiyana,Gnar,2,2,1.0,0.6428571428571429,0.1428571428571429,0.2857142857142858
Karma,Sejuani,2,2,1.0,0.6428571428571429,0.1428571428571429,0.2857142857142858
Ornn,Sejuani,2,2,1.0,0.6428571428571429,0.1428571428571429,0.2857142857142858
Naafiri,Kog'Maw,2,2,1.0,0.6428571428571429,0.1428571428571429,0.2857142857142858
Sion,Bel'Veth,2,2,1.0,0.6428571428571429,0.1428571428571429,0.2857142857142858
Sion,Fiora,2,2,1.0,0.6428571428571429,0.1428571428571429,0.2857142857142858
Alistar,Camille,2,2,1.0,0.6428571428571429,0.1428571428571429,0.2857142857142858
Aurora,Camille,2,2,1.0,0.6428571428571429,0.1428571428571429,0.2857142857142858
Wukong,Elise,2,2,1.0,0.6428571428571429,0.1428571428571429,0.2857142857142858
Hwei,Morgana,2,2,1.0,0.6428571428571429,0.1428571428571429,0.2857142857142858
Viego,Trundle,2,2,1.0,0.6428571428571429,0.1428571428571429,0.2857142857142858
Yorick,Zoe,2,2,1.0,0.6428571428571429,0.1428571428571429,0.2857142857142858
Malphite,Azir,2,2,1.0,0.6428571428571429,0.1428571428571429,0.2857142857142858
Gragas,Lulu,2,2,1.0,0.6428571428571429,0.1428571428571429,0.2857142857142858
Gwen,Tristana,2,2,1.0,0.6428571428571429,0.1428571428571429,0.2857142857142858
Seraphine,Tristana,2,2,1.0,0.6428571428571429,0.1428571428571429,0.2857142857142858
Xin Zhao,Fizz,2,2,1.0,0.6428571428571429,0.1428571428571429,0.2857142857142858
Nocturne,Maokai,2,2,1.0,0.6428571428571429,0.1428571428571429,0.2857142857142858
Ornn,Malphite,2,2,1.0,0.6428571428571429,0.1428571428571429,0.2857142857142858
Trundle,LeBlanc,2,2,1.0,0.6428571428571429,0.1428571428571429,0.2857142857142858
Trundle,Sejuani,2,2,1.0,0.6428571428571429,0.1428571428571429,0.2857142857142858
Renekton,Draven,2,2,1.0,0.6428571428571429,0.1428571428571429,0.2857142857142858
Tristana,Sylas,2,2,1.0,0.6428571428571429,0.1428571428571429,0.2857142857142858
Syndra,Braum,2,2,1.0,0.6428571428571429,0.1428571428571429,0.2857142857142858
LeBlanc,Kindred,2,2,1.0,0.6428571428571429,0.1428571428571429,0.2857142857142858
Nautilus,Kindred,2,2,1.0,0.6428571428571429,0.1428571428571429,0.2857142857142858
Caitlyn,Vladimir,2,2,1.0,0.6428571428571429,0.1428571428571429,0.2857142857142858
Nasus,Hwei,2,2,1.0,0.6428571428571429,0.1428571428571429,0.2857142857142858
Draven,Yunara,2,2,1.0,0.6428571428571429,0.1428571428571429,0.2857142857142858
Veigar,Ahri,2,2,1.0,0.6428571428571429,0.1428571428571429,0.2857142857142858
Janna,Naafiri,2,2,1.0,0.6428571428571429,0.1428571428571429,0.2857142857142858
Malphite,Braum,2,2,1.0,0.6428571428571429,0.1428571428571429,0.2857142857142858
Viktor,Tristana,2,2,1.0,0.6428571428571429,0.1428571428571429,0.2857142857142858
Cassiopeia,Qiyana,2,2,1.0,0.6428571428571429,0.1428571428571429,0.2857142857142858
Zaahen,Skarner,2,2,1.0,0.6428571428571429,0.1428571428571429,0.2857142857142858
Amumu,Rell,2,2,1.0,0.6428571428571429,0.1428571428571429,0.2857142857142858
Kai'Sa,Maokai,2,2,1.0,0.6428571428571429,0.1428571428571429,0.2857142857142858
Cho'Gath,Maokai,2,2,1.0,0.6428571428571429,0.1428571428571429,0.2857142857142858
Gwen,Karthus,2,2,1.0,0.6428571428571429,0.1428571428571429,0.2857142857142858
Nautilus,Kayle,2,2,1.0,0.6428571428571429,0.1428571428571429,0.2857142857142858
Yuumi,Nasus,2,2,1.0,0.6428571428571429,0.1428571428571429,0.2857142857142858
Yuumi,Nautilus,2,2,1.0,0.6428571428571429,0.1428571428571429,0.2857142857142858
Twisted Fate,Gwen,2,2,1.0,0.6428571428571429,0.1428571428571429,0.2857142857142858
Urgot,Bard,2,2,1.0,0.6428571428571429,0.1428571428571429,0.2857142857142858
Urgot,Xin Zhao,2,2,1.0,0.6428571428571429,0.1428571428571429,0.2857142857142858
Varus,Jinx,2,2,1.0,0.6428571428571429,0.1428571428571429,0.2857142857142858
K'Sante,Garen,2,2,1.0,0.6428571428571429,0.1428571428571429,0.2857142857142858
Yuumi,Tristana,2,2,1.0,0.6428571428571429,0.1428571428571429,0.2857142857142858
Galio,Zeri,2,2,1.0,0.6428571428571429,0.1428571428571429,0.2857142857142858
Jarvan IV,Leona,2,2,1.0,0.6428571428571429,0.1428571428571429,0.2857142857142858
Gragas,Lux,2,2,1.0,0.6428571428571429,0.1428571428571429,0.2857142857142858
Syndra,Olaf,2,2,1.0,0.6428571428571429,0.1428571428571429,0.2857142857142858
Kled,Ahri,2,2,1.0,0.6428571428571429,0.1428571428571429,0.2857142857142858
Kled,K'Sante,2,2,1.0,0.6428571428571429,0.1428571428571429,0.2857142857142858
Irelia,Rumble,2,2,1.0,0.6428571428571429,0.1428571428571429,0.2857142857142858
Malzahar,Miss Fortune,2,2,1.0,0.6428571428571429,0.1428571428571429,0.2857142857142858
Malzahar,Naafiri,2,2,1.0,0.6428571428571429,0.1428571428571429,0.2857142857142858
Veigar,Miss Fortune,2,2,1.0,0.6428571428571429,0.1428571428571429,0.2857142857142858
Veigar,Rumble,2,2,1.0,0.6428571428571429,0.1428571428571429,0.2857142857142858
Sion,Mordekaiser,2,2,1.0,0.6428571428571429,0.1428571428571429,0.2857142857142858
Shyvana,Skarner,2,2,1.0,0.6428571428571429,0.1428571428571429,0.2857142857142858
Shyvana,Yunara,2,2,1.0,0.6428571428571429,0.1428571428571429,0.2857142857142858
Xayah,Miss Fortune,2,2,1.0,0.6428571428571429,0.1428571428571429,0.2857142857142858
Karma,Tahm Kench,2,2,1.0,0.6428571428571429,0.1428571428571429,0.2857142857142858
Zaahen,Yorick,2,2,1.0,0.6428571428571429,0.1428571428571429,0.2857142857142858
Milio,Camille,2,2,1.0,0.6428571428571429,0.1428571428571429,0.2857142857142858
Amumu,Gwen,2,2,1.0,0.6428571428571429,0.1428571428571429,0.2857142857142858
Amumu,Mel,2,2,1.0,0.6428571428571429,0.1428571428571429,0.2857142857142858
Ornn,Maokai,2,2,1.0,0.6428571428571429,0.1428571428571429,0.2857142857142858
Nocturne,Ziggs,2,2,1.0,0.6428571428571429,0.1428571428571429,0.2857142857142858
Kha'Zix,Jayce,2,2,1.0,0.6428571428571429,0.1428571428571429,0.2857142857142858
Milio,Volibear,2,2,1.0,0.6428571428571429,0.1428571428571429,0.2857142857142858
Seraphine,Malzahar,2,2,1.0,0.6428571428571429,0.1428571428571429,0.2857142857142858
Viktor,Malzahar,2,2,1.0,0.6428571428571429,0.1428571428571429,0.2857142857142858
Bard,Lissandra,2,2,1.0,0.6428571428571429,0.1428571428571429,0.2857142857142858
Caitlyn,Lissandra,2,2,1.0,0.6428571428571429,0.1428571428571429,0.2857142857142858
Yorick,Kai'Sa,2,2,1.0,0.6428571428571429,0.1428571428571429,0.2857142857142858
Shen,Yone,2,2,1.0,0.6428571428571429,0.1428571428571429,0.2857142857142858
Alistar,Renata Glasc,2,2,1.0,0.6428571428571429,0.1428571428571429,0.2857142857142858
Zeri,Mordekaiser,2,2,1.0,0.6428571428571429,0.1428571428571429,0.2857142857142858
Ezreal,Malphite,2,2,1.0,0.6428571428571429,0.1428571428571429,0.2857142857142858
Mel,Shyvana,2,2,1.0,0.6428571428571429,0.1428571428571429,0.2857142857142858
Zyra,Yunara,2,2,1.0,0.6428571428571429,0.1428571428571429,0.2857142857142858
Orianna,Veigar,2,2,1.0,0.6428571428571429,0.1428571428571429,0.2857142857142858
Nasus,Karma,2,2,1.0,0.6428571428571429,0.1428571428571429,0.2857142857142858
Rakan,Rek'Sai,2,2,1.0,0.6428571428571429,0.1428571428571429,0.2857142857142858
Rakan,Thresh,2,2,1.0,0.6428571428571429,0.1428571428571429,0.2857142857142858
Xayah,Rek'Sai,2,2,1.0,0.6428571428571429,0.1428571428571429,0.2857142857142858
Nidalee,K'Sante,2,2,1.0,0.6428571428571429,0.1428571428571429,0.2857142857142858
Annie,Volibear,2,2,1.0,0.6428571428571429,0.1428571428571429,0.2857142857142858
Lillia,Sion,2,2,1.0,0.6428571428571429,0.1428571428571429,0.2857142857142858
Xerath,Anivia,2,2,1.0,0.6428571428571429,0.1428571428571429,0.2857142857142858
Neeko,Irelia,2,2,1.0,0.6428571428571429,0.1428571428571429,0.2857142857142858
Braum,Ornn,2,2,1.0,0.6428571428571429,0.1428571428571429,0.2857142857142858
Braum,Skarner,2,2,1.0,0.6428571428571429,0.1428571428571429,0.2857142857142858
Nocturne,Tristana,2,2,1.0,0.6428571428571429,0.1428571428571429,0.2857142857142858
Amumu,Veigar,2,2,1.0,0.6428571428571429,0.1428571428571429,0.2857142857142858
Ahri,Kog'Maw,2,2,1.0,0.6428571428571429,0.1428571428571429,0.2857142857142858
K'Sante,Kog'Maw,2,2,1.0,0.6428571428571429,0.1428571428571429,0.2857142857142858
Hecarim,Viktor,2,2,1.0,0.6428571428571429,0.1428571428571429,0.2857142857142858
Maokai,Lee Sin,2,2,1.0,0.6428571428571429,0.1428571428571429,0.2857142857142858
Ezreal,Rek'Sai,2,2,1.0,0.6428571428571429,0.1428571428571429,0.2857142857142858
Annie,Kalista,2,2,1.0,0.6428571428571429,0.1428571428571429,0.2857142857142858
Irelia,Ambessa,2,2,1.0,0.6428571428571429,0.1428571428571429,0.2857142857142858
Ashe,Jinx,2,2,1.0,0.6428571428571429,0.1428571428571429,0.2857142857142858
Nidalee,Jarvan IV,2,2,1.0,0.6428571428571429,0.1428571428571429,0.2857142857142858
Aphelios,LeBlanc,2,2,1.0,0.6428571428571429,0.1428571428571429,0.2857142857142858
Volibear,Nocturne,2,2,1.0,0.6428571428571429,0.1428571428571429,0.2857142857142858
Amumu,Ahri,2,2,1.0,0.6428571428571429,0.1428571428571429,0.2857142857142858
Amumu,Shen,2,2,1.0,0.6428571428571429,0.1428571428571429,0.2857142857142858
Aatrox,Fiora,2,2,1.0,0.6428571428571429,0.1428571428571429,0.2857142857142858
Orianna,Fiora,2,2,1.0,0.6428571428571429,0.1428571428571429,0.2857142857142858
Yasuo,Lulu,2,2,1.0,0.6428571428571429,0.1428571428571429,0.2857142857142858
Yasuo,Skarner,2,2,1.0,0.6428571428571429,0.1428571428571429,0.2857142857142858
Zyra,Syndra,2,2,1.0,0.6428571428571429,0.1428571428571429,0.2857142857142858
Mordekaiser,Ahri,2,2,1.0,0.6428571428571429,0.1428571428571429,0.2857142857142858
Seraphine,Brand,2,2,1.0,0.6428571428571429,0.1428571428571429,0.2857142857142858
Lulu,Fizz,2,2,1.0,0.6428571428571429,0.1428571428571429,0.2857142857142858
Xerath,Ambessa,2,2,1.0,0.6428571428571429,0.1428571428571429,0.2857142857142858
Veigar,Azir,2,2,1.0,0.6428571428571429,0.1428571428571429,0.2857142857142858
Nasus,Ambessa,2,2,1.0,0.6428571428571429,0.1428571428571429,0.2857142857142858
Draven,Ambessa,2,2,1.0,0.6428571428571429,0.1428571428571429,0.2857142857142858
Caitlyn,Sejuani,2,2,1.0,0.6428571428571429,0.1428571428571429,0.2857142857142858
Caitlyn,Tristana,2,2,1.0,0.6428571428571429,0.1428571428571429,0.2857142857142858
Ornn,Yorick,2,2,1.0,0.6428571428571429,0.1428571428571429,0.2857142857142858
Jayce,Zyra,2,2,1.0,0.6428571428571429,0.1428571428571429,0.2857142857142858
Miss Fortune,Zyra,2,2,1.0,0.6428571428571429,0.1428571428571429,0.2857142857142858
Rumble,Zyra,2,2,1.0,0.6428571428571429,0.1428571428571429,0.2857142857142858
Yuumi,Ambessa,2,2,1.0,0.6428571428571429,0.1428571428571429,0.2857142857142858
Aatrox,Viego,2,2,1.0,0.6428571428571429,0.1428571428571429,0.2857142857142858
Poppy,Yuumi,2,2,1.0,0.6428571428571429,0.1428571428571429,0.2857142857142858
Poppy,Zeri,2,2,1.0,0.6428571428571429,0.1428571428571429,0.2857142857142858
Ziggs,Zeri,2,2,1.0,0.6428571428571429,0.1428571428571429,0.2857142857142858
Aatrox,Dr. Mundo,2,2,1.0,0.6428571428571429,0.1428571428571429,0.2857142857142858
K'Sante,Shyvana,2,2,1.0,0.6428571428571429,0.1428571428571429,0.2857142857142858
Nocturne,Shyvana,2,2,1.0,0.6428571428571429,0.1428571428571429,0.2857142857142858
Varus,Brand,2,2,1.0,0.6428571428571429,0.1428571428571429,0.2857142857142858
Seraphine,Gragas,2,2,1.0,0.6428571428571429,0.1428571428571429,0.2857142857142858
Lux,Rumble,2,2,1.0,0.6428571428571429,0.1428571428571429,0.2857142857142858
Maokai,Thresh,2,2,1.0,0.6428571428571429,0.1428571428571429,0.2857142857142858
Thresh,Syndra,2,2,1.0,0.6428571428571429,0.1428571428571429,0.2857142857142858
Ashe,Aphelios,2,2,1.0,0.6428571428571429,0.1428571428571429,0.2857142857142858
Graves,Rumble,2,2,1.0,0.6428571428571429,0.1428571428571429,0.2857142857142858
Smolder,Sejuani,2,2,1.0,0.6428571428571429,0.1428571428571429,0.2857142857142858
Shen,Wukong,2,2,1.0,0.6428571428571429,0.1428571428571429,0.2857142857142858
Yorick,Galio,2,2,1.0,0.6428571428571429,0.1428571428571429,0.2857142857142858
Lulu,Kindred,2,2,1.0,0.6428571428571429,0.1428571428571429,0.2857142857142858
Yunara,Kindred,2,2,1.0,0.6428571428571429,0.1428571428571429,0.2857142857142858
Galio,Camille,2,2,1.0,0.6428571428571429,0.1428571428571429,0.2857142857142858
Trundle,Yasuo,2,2,1.0,0.6428571428571429,0.1428571428571429,0.2857142857142858
Soraka,Zaahen,2,2,1.0,0.6428571428571429,0.1428571428571429,0.2857142857142858
Jinx,Azir,2,2,1.0,0.6428571428571429,0.1428571428571429,0.2857142857142858
Kled,Caitlyn,2,2,1.0,0.6428571428571429,0.1428571428571429,0.2857142857142858
Sejuani,Camille,2,2,1.0,0.6428571428571429,0.1428571428571429,0.2857142857142858
Viktor,Camille,2,2,1.0,0.6428571428571429,0.1428571428571429,0.2857142857142858
Corki,Zeri,2,2,1.0,0.6428571428571429,0.1428571428571429,0.2857142857142858
Leona,Hwei,2,2,1.0,0.6428571428571429,0.1428571428571429,0.2857142857142858
Ziggs,Maokai,2,2,1.0,0.6428571428571429,0.1428571428571429,0.2857142857142858
Xayah,Karma,2,2,1.0,0.6428571428571429,0.1428571428571429,0.2857142857142858
Aurora,Tryndamere,2,2,1.0,0.6428571428571429,0.1428571428571429,0.2857142857142858
Karma,Tryndamere,2,2,1.0,0.6428571428571429,0.1428571428571429,0.2857142857142858
Skarner,Tryndamere,2,2,1.0,0.6428571428571429,0.1428571428571429,0.2857142857142858
Nocturne,Qiyana,2,2,1.0,0.6428571428571429,0.1428571428571429,0.2857142857142858
Jax,Mel,2,2,1.0,0.6428571428571429,0.1428571428571429,0.2857142857142858
Rakan,Xayah,2,2,1.0,0.6428571428571429,0.1428571428571429,0.2857142857142858
Malphite,Smolder,2,2,1.0,0.6428571428571429,0.1428571428571429,0.2857142857142858
Irelia,Bard,2,2,1.0,0.6428571428571429,0.1428571428571429,0.2857142857142858
Mel,Senna,2,2,1.0,0.6428571428571429,0.1428571428571429,0.2857142857142858
Xayah,Twisted Fate,2,2,1.0,0.6428571428571429,0.1428571428571429,0.2857142857142858
Kha'Zix,Yunara,2,2,1.0,0.6428571428571429,0.1428571428571429,0.2857142857142858
Nasus,Kai'Sa,2,2,1.0,0.6428571428571429,0.1428571428571429,0.2857142857142858
Renekton,Zed,2,2,1.0,0.6428571428571429,0.1428571428571429,0.2857142857142858
Darius,Azir,2,2,1.0,0.6428571428571429,0.1428571428571429,0.2857142857142858
Kennen,Nocturne,2,2,1.0,0.6428571428571429,0.1428571428571429,0.2857142857142858
Malzahar,Camille,2,2,1.0,0.6428571428571429,0.1428571428571429,0.2857142857142858
Lissandra,Xin Zhao,2,2,1.0,0.6428571428571429,0.1428571428571429,0.2857142857142858
Miss Fortune,Yorick,2,2,1.0,0.6428571428571429,0.1428571428571429,0.2857142857142858
Lucian,Ivern,2,2,1.0,0.6428571428571429,0.1428571428571429,0.2857142857142858
Milio,Ivern,2,2,1.0,0.6428571428571429,0.1428571428571429,0.2857142857142858
Jax,Kog'Maw,2,2,1.0,0.6428571428571429,0.1428571428571429,0.2857142857142858
Varus,Fiora,2,2,1.0,0.6428571428571429,0.1428571428571429,0.2857142857142858
Olaf,Ziggs,2,2,1.0,0.6428571428571429,0.1428571428571429,0.2857142857142858
Gnar,Shen,2,2,1.0,0.6428571428571429,0.1428571428571429,0.2857142857142858
Olaf,Camille,2,2,1.0,0.6428571428571429,0.1428571428571429,0.2857142857142858
Olaf,Miss Fortune,2,2,1.0,0.6428571428571429,0.1428571428571429,0.2857142857142858
Kai'Sa,Pyke,2,2,1.0,0.6428571428571429,0.1428571428571429,0.2857142857142858
Renekton,Lux,2,2,1.0,0.6428571428571429,0.1428571428571429,0.2857142857142858
Yasuo,Nautilus,2,2,1.0,0.6428571428571429,0.1428571428571429,0.2857142857142858
Yone,Zyra,2,2,1.0,0.6428571428571429,0.1428571428571429,0.2857142857142858
Renekton,Cho'Gath,2,2,1.0,0.6428571428571429,0.1428571428571429,0.2857142857142858
Jinx,Tristana,2,2,1.0,0.6428571428571429,0.1428571428571429,0.2857142857142858
Zoe,K'Sante,2,2,1.0,0.6428571428571429,0.1428571428571429,0.2857142857142858
Rengar,Viego,2,2,1.0,0.6428571428571429,0.1428571428571429,0.2857142857142858
Varus,Viego,2,2,1.0,0.6428571428571429,0.1428571428571429,0.2857142857142858
Ezreal,Aphelios,2,2,1.0,0.6428571428571429,0.1428571428571429,0.2857142857142858
Galio,Nocturne,5,3,0.6,0.55,0.050000000000000044,0.2500000000000002
Ezreal,Mel,5,3,0.6,0.55,0.050000000000000044,0.2500000000000002
LeBlanc,Gnar,5,3,0.6,0.55,0.050000000000000044,0.2500000000000002
Sion,Braum,5,3,0.6,0.55,0.050000000000000044,0.2500000000000002
Rakan,Wukong,5,3,0.6,0.55,0.050000000000000044,0.2500000000000002
Syndra,Xayah,5,3,0.6,0.55,0.050000000000000044,0.2500000000000002
Varus,Hwei,5,3,0.6,0.55,0.050000000000000044,0.2500000000000002
Pyke,Nautilus,5,3,0.6,0.55,0.050000000000000044,0.2500000000000002
Mel,Lulu,5,3,0.6,0.55,0.050000000000000044,0.2500000000000002
Bard,Shyvana,5,3,0.6,0.55,0.050000000000000044,0.2500000000000002
Jarvan IV,Shyvana,5,3,0.6,0.55,0.050000000000000044,0.2500000000000002
Rumble,Yuumi,5,3,0.6,0.55,0.050000000000000044,0.2500000000000002
Orianna,Braum,5,3,0.6,0.55,0.050000000000000044,0.2500000000000002
Orianna,Tristana,5,3,0.6,0.55,0.050000000000000044,0.2500000000000002
Vi,Tristana,5,3,0.6,0.55,0.050000000000000044,0.2500000000000002
Yunara,Tristana,5,3,0.6,0.55,0.050000000000000044,0.2500000000000002
Thresh,Yunara,5,3,0.6,0.55,0.050000000000000044,0.2500000000000002
Pyke,Anivia,5,3,0.6,0.55,0.050000000000000044,0.2500000000000002
Shen,K'Sante,5,3,0.6,0.55,0.050000000000000044,0.2500000000000002
Lucian,Sejuani,5,3,0.6,0.55,0.050000000000000044,0.2500000000000002
Miss Fortune,Varus,5,3,0.6,0.55,0.050000000000000044,0.2500000000000002
Lulu,Lux,5,3,0.6,0.55,0.050000000000000044,0.2500000000000002
Aatrox,Camille,5,3,0.6,0.55,0.050000000000000044,0.2500000000000002
Azir,Viktor,5,3,0.6,0.55,0.050000000000000044,0.2500000000000002
Nautilus,Cho'Gath,5,3,0.6,0.55,0.050000000000000044,0.2500000000000002
Dr. Mundo,Seraphine,5,3,0.6,0.55,0.050000000000000044,0.2500000000000002
Xin Zhao,Malphite,5,3,0.6,0.55,0.050000000000000044,0.2500000000000002
Jax,Lee Sin,5,3,0.6,0.55,0.050000000000000044,0.2500000000000002
Karma,Gragas,5,3,0.6,0.55,0.050000000000000044,0.2500000000000002
Syndra,Jax,5,3,0.6,0.55,0.050000000000000044,0.2500000000000002
Hwei,Aurora,5,3,0.6,0.55,0.050000000000000044,0.2500000000000002
Nocturne,Miss Fortune,5,3,0.6,0.55,0.050000000000000044,0.2500000000000002
Trundle,Jhin,5,3,0.6,0.55,0.050000000000000044,0.2500000000000002
Kalista,Taliyah,5,3,0.6,0.55,0.050000000000000044,0.2500000000000002
Vayne,Vi,5,3,0.6,0.55,0.050000000000000044,0.2500000000000002
Yorick,Renekton,5,3,0.6,0.55,0.050000000000000044,0.2500000000000002
Lulu,Zaahen,5,3,0.6,0.55,0.050000000000000044,0.2500000000000002
Pyke,Ryze,5,3,0.6,0.55,0.050000000000000044,0.2500000000000002
Aurora,Aphelios,5,3,0.6,0.55,0.050000000000000044,0.2500000000000002
Lee Sin,Aphelios,5,3,0.6,0.55,0.050000000000000044,0.2500000000000002
Karma,Leona,5,3,0.6,0.55,0.050000000000000044,0.2500000000000002
Syndra,Gwen,5,3,0.6,0.55,0.050000000000000044,0.2500000000000002
Neeko,Smolder,5,3,0.6,0.55,0.050000000000000044,0.2500000000000002
Aphelios,Anivia,5,3,0.6,0.55,0.050000000000000044,0.2500000000000002
Nautilus,Dr. Mundo,5,3,0.6,0.55,0.050000000000000044,0.2500000000000002
Rek'Sai,Lucian,5,3,0.6,0.55,0.050000000000000044,0.2500000000000002
Skarner,Kennen,5,3,0.6,0.55,0.050000000000000044,0.2500000000000002
Akali,Rakan,5,3,0.6,0.55,0.050000000000000044,0.2500000000000002
Gragas,Gnar,5,3,0.6,0.55,0.050000000000000044,0.2500000000000002
Senna,Syndra,5,3,0.6,0.55,0.050000000000000044,0.2500000000000002
Ryze,Fiora,5,3,0.6,0.55,0.050000000000000044,0.2500000000000002
Nautilus,Rakan,5,3,0.6,0.55,0.050000000000000044,0.2500000000000002
Wukong,Zyra,5,3,0.6,0.55,0.050000000000000044,0.2500000000000002
Malphite,Karma,5,3,0.6,0.55,0.050000000000000044,0.2500000000000002
Azir,Kai'Sa,5,3,0.6,0.55,0.050000000000000044,0.2500000000000002
Alistar,Braum,5,3,0.6,0.55,0.050000000000000044,0.2500000000000002
Kai'Sa,Vayne,5,3,0.6,0.55,0.050000000000000044,0.2500000000000002
Jayce,Senna,5,3,0.6,0.55,0.050000000000000044,0.2500000000000002
Nocturne,Senna,5,3,0.6,0.55,0.050000000000000044,0.2500000000000002
Sylas,K'Sante,5,3,0.6,0.55,0.050000000000000044,0.2500000000000002
Naafiri,Kalista,5,3,0.6,0.55,0.050000000000000044,0.2500000000000002
K'Sante,Pyke,5,3,0.6,0.55,0.050000000000000044,0.2500000000000002
Jarvan IV,Aphelios,5,3,0.6,0.55,0.050000000000000044,0.2500000000000002
Maokai,Sion,5,3,0.6,0.55,0.050000000000000044,0.2500000000000002
Aatrox,Trundle,5,3,0.6,0.55,0.050000000000000044,0.2500000000000002
Leona,Smolder,5,3,0.6,0.55,0.050000000000000044,0.2500000000000002
Milio,Yuumi,5,3,0.6,0.55,0.050000000000000044,0.2500000000000002
Cassiopeia,Leona,5,3,0.6,0.55,0.050000000000000044,0.2500000000000002
Leona,Corki,5,3,0.6,0.55,0.050000000000000044,0.2500000000000002
Rakan,Zaahen,5,3,0.6,0.55,0.050000000000000044,0.2500000000000002
Zeri,Ezreal,5,3,0.6,0.55,0.050000000000000044,0.2500000000000002
Mel,Anivia,5,3,0.6,0.55,0.050000000000000044,0.2500000000000002
Ashe,Yone,5,3,0.6,0.55,0.050000000000000044,0.2500000000000002
Orianna,Jax,5,3,0.6,0.55,0.050000000000000044,0.2500000000000002
Annie,Azir,5,3,0.6,0.55,0.050000000000000044,0.2500000000000002
Lucian,Mel,5,3,0.6,0.55,0.050000000000000044,0.2500000000000002
Dr. Mundo,Lucian,5,3,0.6,0.55,0.050000000000000044,0.2500000000000002
Jayce,Maokai,5,3,0.6,0.55,0.050000000000000044,0.2500000000000002
Rumble,Gnar,5,3,0.6,0.55,0.050000000000000044,0.2500000000000002
LeBlanc,Lee Sin,5,3,0.6,0.55,0.050000000000000044,0.2500000000000002
Smolder,Ashe,5,3,0.6,0.55,0.050000000000000044,0.2500000000000002
Cassiopeia,Kai'Sa,5,3,0.6,0.55,0.050000000000000044,0.2500000000000002
Kai'Sa,Jayce,5,3,0.6,0.55,0.050000000000000044,0.2500000000000002
Taliyah,Smolder,5,3,0.6,0.55,0.050000000000000044,0.2500000000000002
LeBlanc,Naafiri,5,3,0.6,0.55,0.050000000000000044,0.2500000000000002
Wukong,Yone,5,3,0.6,0.55,0.050000000000000044,0.2500000000000002
Pyke,Wukong,5,3,0.6,0.55,0.050000000000000044,0.2500000000000002
Jinx,Skarner,5,3,0.6,0.55,0.050000000000000044,0.2500000000000002
Aphelios,Jinx,5,3,0.6,0.55,0.050000000000000044,0.2500000000000002
Naafiri,Ornn,5,3,0.6,0.55,0.050000000000000044,0.2500000000000002
Smolder,Wukong,5,3,0.6,0.55,0.050000000000000044,0.2500000000000002
Senna,Nautilus,5,3,0.6,0.55,0.050000000000000044,0.2500000000000002
Seraphine,LeBlanc,5,3,0.6,0.55,0.050000000000000044,0.2500000000000002
LeBlanc,Sion,5,3,0.6,0.55,0.050000000000000044,0.2500000000000002
Kog'Maw,Shen,5,3,0.6,0.55,0.050000000000000044,0.2500000000000002
Aphelios,Rumble,5,3,0.6,0.55,0.050000000000000044,0.2500000000000002
Nami,Yorick,5,3,0.6,0.55,0.050000000000000044,0.2500000000000002
Rakan,Azir,5,3,0.6,0.55,0.050000000000000044,0.2500000000000002
Varus,Azir,5,3,0.6,0.55,0.050000000000000044,0.2500000000000002
Twisted Fate,Pyke,5,3,0.6,0.55,0.050000000000000044,0.2500000000000002
Rakan,Yorick,5,3,0.6,0.55,0.050000000000000044,0.2500000000000002
Caitlyn,Camille,5,3,0.6,0.55,0.050000000000000044,0.2500000000000002
Caitlyn,Rek'Sai,5,3,0.6,0.55,0.050000000000000044,0.2500000000000002
LeBlanc,Corki,5,3,0.6,0.55,0.050000000000000044,0.2500000000000002
Kalista,Jarvan IV,5,3,0.6,0.55,0.050000000000000044,0.2500000000000002
Kai'Sa,Corki,5,3,0.6,0.55,0.050000000000000044,0.2500000000000002
Nami,Trundle,5,3,0.6,0.55,0.050000000000000044,0.2500000000000002
Rek'Sai,Syndra,5,3,0.6,0.55,0.050000000000000044,0.2500000000000002
Aphelios,Trundle,5,3,0.6,0.55,0.050000000000000044,0.2500000000000002
Aphelios,Viktor,5,3,0.6,0.55,0.050000000000000044,0.2500000000000002
Smolder,Ornn,5,3,0.6,0.55,0.050000000000000044,0.2500000000000002
Akali,Shen,5,3,0.6,0.55,0.050000000000000044,0.2500000000000002
Lulu,Poppy,5,3,0.6,0.55,0.050000000000000044,0.2500000000000002
Twisted Fate,Trundle,5,3,0.6,0.55,0.050000000000000044,0.2500000000000002
Zaahen,Naafiri,5,3,0.6,0.55,0.050000000000000044,0.2500000000000002
Miss Fortune,Sivir,5,3,0.6,0.55,0.050000000000000044,0.2500000000000002
Jax,K'Sante,5,3,0.6,0.55,0.050000000000000044,0.2500000000000002
Mel,Olaf,5,3,0.6,0.55,0.050000000000000044,0.2500000000000002
Mel,Vi,5,3,0.6,0.55,0.050000000000000044,0.2500000000000002
Caitlyn,LeBlanc,5,3,0.6,0.55,0.050000000000000044,0.2500000000000002
Xayah,Xin Zhao,5,3,0.6,0.55,0.050000000000000044,0.2500000000000002
Senna,Aurora,5,3,0.6,0.55,0.050000000000000044,0.2500000000000002
Mel,Ornn,5,3,0.6,0.55,0.050000000000000044,0.2500000000000002
K'Sante,Jinx,5,3,0.6,0.55,0.050000000000000044,0.2500000000000002
Jax,Ashe,5,3,0.6,0.55,0.050000000000000044,0.2500000000000002
Jax,Trundle,5,3,0.6,0.55,0.050000000000000044,0.2500000000000002
Milio,Mel,5,3,0.6,0.55,0.050000000000000044,0.2500000000000002
Braum,Ahri,5,3,0.6,0.55,0.050000000000000044,0.2500000000000002
Alistar,Maokai,5,3,0.6,0.55,0.050000000000000044,0.2500000000000002
Sion,Zeri,5,3,0.6,0.55,0.050000000000000044,0.2500000000000002
Senna,Viktor,5,3,0.6,0.55,0.050000000000000044,0.2500000000000002
Zeri,Skarner,5,3,0.6,0.55,0.050000000000000044,0.2500000000000002
Aatrox,Azir,5,3,0.6,0.55,0.050000000000000044,0.2500000000000002
Olaf,Viktor,5,3,0.6,0.55,0.050000000000000044,0.2500000000000002
Lux,Neeko,5,3,0.6,0.55,0.050000000000000044,0.2500000000000002
Akali,Yorick,5,3,0.6,0.55,0.050000000000000044,0.2500000000000002
Shyvana,Nautilus,5,3,0.6,0.55,0.050000000000000044,0.2500000000000002
Nasus,Gnar,5,3,0.6,0.55,0.050000000000000044,0.2500000000000002
Poppy,Nautilus,5,3,0.6,0.55,0.050000000000000044,0.2500000000000002
Senna,Caitlyn,5,3,0.6,0.55,0.050000000000000044,0.2500000000000002
Olaf,Leona,5,3,0.6,0.55,0.050000000000000044,0.2500000000000002
Sylas,Zaahen,5,3,0.6,0.55,0.050000000000000044,0.2500000000000002
Naafiri,Miss Fortune,5,3,0.6,0.55,0.050000000000000044,0.2500000000000002
Cassiopeia,Gragas,5,3,0.6,0.55,0.050000000000000044,0.2500000000000002
Milio,Blitzcrank,5,3,0.6,0.55,0.050000000000000044,0.2500000000000002
Zaahen,Miss Fortune,5,3,0.6,0.55,0.050000000000000044,0.2500000000000002
Varus,Leona,5,3,0.6,0.55,0.050000000000000044,0.2500000000000002
Alistar,Anivia,5,3,0.6,0.55,0.050000000000000044,0.2500000000000002
Varus,Sejuani,5,3,0.6,0.55,0.050000000000000044,0.2500000000000002
Maokai,Tristana,5,3,0.6,0.55,0.050000000000000044,0.2500000000000002
Caitlyn,Sivir,5,3,0.6,0.55,0.050000000000000044,0.2500000000000002
Naafiri,Xayah,5,3,0.6,0.55,0.050000000000000044,0.2500000000000002
Braum,Galio,5,3,0.6,0.55,0.050000000000000044,0.2500000000000002
Shen,Orianna,5,3,0.6,0.55,0.050000000000000044,0.2500000000000002
Taliyah,Yorick,5,3,0.6,0.55,0.050000000000000044,0.2500000000000002
Ahri,Jax,5,3,0.6,0.55,0.050000000000000044,0.2500000000000002
Lee Sin,Lux,5,3,0.6,0.55,0.050000000000000044,0.2500000000000002
Bard,Aphelios,5,3,0.6,0.55,0.050000000000000044,0.2500000000000002
Bard,Maokai,5,3,0.6,0.55,0.050000000000000044,0.2500000000000002
Pantheon,Sylas,5,3,0.6,0.55,0.050000000000000044,0.2500000000000002
Poppy,Ambessa,5,3,0.6,0.55,0.050000000000000044,0.2500000000000002
Trundle,Alistar,5,3,0.6,0.55,0.050000000000000044,0.2500000000000002
Syndra,Mel,3,2,0.6666666666666666,0.5625,0.0625,0.1875
Morgana,Gnar,3,2,0.6666666666666666,0.5625,0.0625,0.1875
Zoe,Annie,3,2,0.6666666666666666,0.5625,0.0625,0.1875
Dr. Mundo,Vayne,3,2,0.6666666666666666,0.5625,0.0625,0.1875
Braum,Jhin,3,2,0.6666666666666666,0.5625,0.0625,0.1875
Braum,Sylas,3,2,0.6666666666666666,0.5625,0.0625,0.1875
Cassiopeia,Dr. Mundo,3,2,0.6666666666666666,0.5625,0.0625,0.1875
Pyke,Varus,3,2,0.6666666666666666,0.5625,0.0625,0.1875
Blitzcrank,Aurora,3,2,0.6666666666666666,0.5625,0.0625,0.1875
Gwen,Renekton,3,2,0.6666666666666666,0.5625,0.0625,0.1875
Lulu,Irelia,3,2,0.6666666666666666,0.5625,0.0625,0.1875
Irelia,Viktor,3,2,0.6666666666666666,0.5625,0.0625,0.1875
Sion,Zoe,3,2,0.6666666666666666,0.5625,0.0625,0.1875
Jayce,Shyvana,3,2,0.6666666666666666,0.5625,0.0625,0.1875
Ezreal,Yasuo,3,2,0.6666666666666666,0.5625,0.0625,0.1875
Gnar,Yasuo,3,2,0.6666666666666666,0.5625,0.0625,0.1875
Nami,Yasuo,3,2,0.6666666666666666,0.5625,0.0625,0.1875
Anivia,Yuumi,3,2,0.6666666666666666,0.5625,0.0625,0.1875
Trundle,Yuumi,3,2,0.6666666666666666,0.5625,0.0625,0.1875
Trundle,Zeri,3,2,0.6666666666666666,0.5625,0.0625,0.1875
Kai'Sa,Jax,3,2,0.6666666666666666,0.5625,0.0625,0.1875
Ezreal,Olaf,3,2,0.6666666666666666,0.5625,0.0625,0.1875
Taliyah,Galio,3,2,0.6666666666666666,0.5625,0.0625,0.1875
Lucian,Irelia,3,2,0.6666666666666666,0.5625,0.0625,0.1875
Milio,Irelia,3,2,0.6666666666666666,0.5625,0.0625,0.1875
Zaahen,Milio,3,2,0.6666666666666666,0.5625,0.0625,0.1875
Kennen,Ezreal,3,2,0.6666666666666666,0.5625,0.0625,0.1875
Gragas,Yunara,3,2,0.6666666666666666,0.5625,0.0625,0.1875
Jax,Thresh,3,2,0.6666666666666666,0.5625,0.0625,0.1875
Rakan,Cassiopeia,3,2,0.6666666666666666,0.5625,0.0625,0.1875
Sejuani,Viktor,3,2,0.6666666666666666,0.5625,0.0625,0.1875
Maokai,Aphelios,3,2,0.6666666666666666,0.5625,0.0625,0.1875
Maokai,Lulu,3,2,0.6666666666666666,0.5625,0.0625,0.1875
Aphelios,Ryze,3,2,0.6666666666666666,0.5625,0.0625,0.1875
Yone,Maokai,3,2,0.6666666666666666,0.5625,0.0625,0.1875
Nami,Olaf,3,2,0.6666666666666666,0.5625,0.0625,0.1875
Hwei,Corki,3,2,0.6666666666666666,0.5625,0.0625,0.1875
Hwei,Sejuani,3,2,0.6666666666666666,0.5625,0.0625,0.1875
Milio,Sejuani,3,2,0.6666666666666666,0.5625,0.0625,0.1875
Gragas,Varus,3,2,0.6666666666666666,0.5625,0.0625,0.1875
Lux,Taliyah,3,2,0.6666666666666666,0.5625,0.0625,0.1875
Ezreal,Zoe,3,2,0.6666666666666666,0.5625,0.0625,0.1875
Zoe,Xin Zhao,3,2,0.6666666666666666,0.5625,0.0625,0.1875
Camille,Yunara,3,2,0.6666666666666666,0.5625,0.0625,0.1875
Kai'Sa,Ashe,3,2,0.6666666666666666,0.5625,0.0625,0.1875
Nautilus,Zac,3,2,0.6666666666666666,0.5625,0.0625,0.1875
Seraphine,Kai'Sa,3,2,0.6666666666666666,0.5625,0.0625,0.1875
Dr. Mundo,Sivir,3,2,0.6666666666666666,0.5625,0.0625,0.1875
Viktor,Gragas,3,2,0.6666666666666666,0.5625,0.0625,0.1875
Caitlyn,Smolder,3,2,0.6666666666666666,0.5625,0.0625,0.1875
Aurelion Sol,Sion,3,2,0.6666666666666666,0.5625,0.0625,0.1875
Leona,Yorick,3,2,0.6666666666666666,0.5625,0.0625,0.1875
Annie,Leona,3,2,0.6666666666666666,0.5625,0.0625,0.1875
Dr. Mundo,Maokai,3,2,0.6666666666666666,0.5625,0.0625,0.1875
Corki,Dr. Mundo,3,2,0.6666666666666666,0.5625,0.0625,0.1875
Ziggs,Sivir,3,2,0.6666666666666666,0.5625,0.0625,0.1875
Syndra,Sivir,3,2,0.6666666666666666,0.5625,0.0625,0.1875
Anivia,Elise,3,2,0.6666666666666666,0.5625,0.0625,0.1875
Sion,Elise,3,2,0.6666666666666666,0.5625,0.0625,0.1875
Camille,Mel,3,2,0.6666666666666666,0.5625,0.0625,0.1875
Pyke,Camille,3,2,0.6666666666666666,0.5625,0.0625,0.1875
Ziggs,Camille,3,2,0.6666666666666666,0.5625,0.0625,0.1875
Jarvan IV,Irelia,3,2,0.6666666666666666,0.5625,0.0625,0.1875
Renata Glasc,Pantheon,3,2,0.6666666666666666,0.5625,0.0625,0.1875
Pantheon,Kalista,3,2,0.6666666666666666,0.5625,0.0625,0.1875
Dr. Mundo,Sylas,3,2,0.6666666666666666,0.5625,0.0625,0.1875
Sivir,Ashe,3,2,0.6666666666666666,0.5625,0.0625,0.1875
Taliyah,Hwei,3,2,0.6666666666666666,0.5625,0.0625,0.1875
Olaf,Gragas,3,2,0.6666666666666666,0.5625,0.0625,0.1875
Hwei,Lee Sin,3,2,0.6666666666666666,0.5625,0.0625,0.1875
Jax,Aphelios,3,2,0.6666666666666666,0.5625,0.0625,0.1875
Twisted Fate,Syndra,3,2,0.6666666666666666,0.5625,0.0625,0.1875
Twisted Fate,Vayne,3,2,0.6666666666666666,0.5625,0.0625,0.1875
Bard,Camille,3,2,0.6666666666666666,0.5625,0.0625,0.1875
Poppy,Wukong,3,2,0.6666666666666666,0.5625,0.0625,0.1875
Tristana,Miss Fortune,3,2,0.6666666666666666,0.5625,0.0625,0.1875
Annie,Tristana,3,2,0.6666666666666666,0.5625,0.0625,0.1875
Ornn,Leona,3,2,0.6666666666666666,0.5625,0.0625,0.1875
Vayne,Leona,3,2,0.6666666666666666,0.5625,0.0625,0.1875
Pantheon,Yasuo,3,2,0.6666666666666666,0.5625,0.0625,0.1875
Sion,Brand,3,2,0.6666666666666666,0.5625,0.0625,0.1875
Brand,Smolder,3,2,0.6666666666666666,0.5625,0.0625,0.1875
Yasuo,Sion,3,2,0.6666666666666666,0.5625,0.0625,0.1875
Karma,Yuumi,3,2,0.6666666666666666,0.5625,0.0625,0.1875
Zed,Orianna,3,2,0.6666666666666666,0.5625,0.0625,0.1875
Volibear,Corki,3,2,0.6666666666666666,0.5625,0.0625,0.1875
Orianna,Jinx,3,2,0.6666666666666666,0.5625,0.0625,0.1875
Gragas,Milio,3,2,0.6666666666666666,0.5625,0.0625,0.1875
Akali,Camille,3,2,0.6666666666666666,0.5625,0.0625,0.1875
Zed,Varus,3,2,0.6666666666666666,0.5625,0.0625,0.1875
Yone,Karma,3,2,0.6666666666666666,0.5625,0.0625,0.1875
Yone,Syndra,3,2,0.6666666666666666,0.5625,0.0625,0.1875
Syndra,Pyke,3,2,0.6666666666666666,0.5625,0.0625,0.1875
Vayne,Rumble,3,2,0.6666666666666666,0.5625,0.0625,0.1875
Aurora,Draven,3,2,0.6666666666666666,0.5625,0.0625,0.1875
Jax,Wukong,3,2,0.6666666666666666,0.5625,0.0625,0.1875
Fiora,Jhin,3,2,0.6666666666666666,0.5625,0.0625,0.1875
Nautilus,Zyra,3,2,0.6666666666666666,0.5625,0.0625,0.1875
Wukong,Ziggs,3,2,0.6666666666666666,0.5625,0.0625,0.1875
Rek'Sai,Corki,3,2,0.6666666666666666,0.5625,0.0625,0.1875
Neeko,Rek'Sai,3,2,0.6666666666666666,0.5625,0.0625,0.1875
Jarvan IV,Elise,3,2,0.6666666666666666,0.5625,0.0625,0.1875
Rek'Sai,Milio,3,2,0.6666666666666666,0.5625,0.0625,0.1875
Rek'Sai,Rumble,3,2,0.6666666666666666,0.5625,0.0625,0.1875
Mel,Miss Fortune,3,2,0.6666666666666666,0.5625,0.0625,0.1875
Nautilus,Mel,3,2,0.6666666666666666,0.5625,0.0625,0.1875
Corki,Sylas,3,2,0.6666666666666666,0.5625,0.0625,0.1875
Yorick,Sylas,3,2,0.6666666666666666,0.5625,0.0625,0.1875
Sylas,Nami,3,2,0.6666666666666666,0.5625,0.0625,0.1875
Sylas,Vi,3,2,0.6666666666666666,0.5625,0.0625,0.1875
Gwen,Smolder,3,2,0.6666666666666666,0.5625,0.0625,0.1875
Braum,Annie,3,2,0.6666666666666666,0.5625,0.0625,0.1875
Twisted Fate,Senna,3,2,0.6666666666666666,0.5625,0.0625,0.1875
Ahri,Azir,3,2,0.6666666666666666,0.5625,0.0625,0.1875
Tristana,Sivir,3,2,0.6666666666666666,0.5625,0.0625,0.1875
Tristana,Syndra,3,2,0.6666666666666666,0.5625,0.0625,0.1875
Varus,Ziggs,3,2,0.6666666666666666,0.5625,0.0625,0.1875
Ornn,Rek'Sai,3,2,0.6666666666666666,0.5625,0.0625,0.1875
Zaahen,Ornn,3,2,0.6666666666666666,0.5625,0.0625,0.1875
Syndra,Nocturne,3,2,0.6666666666666666,0.5625,0.0625,0.1875
Dr. Mundo,Smolder,3,2,0.6666666666666666,0.5625,0.0625,0.1875
Jax,Smolder,3,2,0.6666666666666666,0.5625,0.0625,0.1875
Jax,Zaahen,3,2,0.6666666666666666,0.5625,0.0625,0.1875
Renata Glasc,Naafiri,3,2,0.6666666666666666,0.5625,0.0625,0.1875
Renata Glasc,Sion,3,2,0.6666666666666666,0.5625,0.0625,0.1875
Sejuani,Bard,3,2,0.6666666666666666,0.5625,0.0625,0.1875
Jhin,Kalista,3,2,0.6666666666666666,0.5625,0.0625,0.1875
Jhin,Renata Glasc,3,2,0.6666666666666666,0.5625,0.0625,0.1875
Kassadin,Rumble,3,2,0.6666666666666666,0.5625,0.0625,0.1875
Dr. Mundo,Rell,3,2,0.6666666666666666,0.5625,0.0625,0.1875
Yorick,Gwen,3,2,0.6666666666666666,0.5625,0.0625,0.1875
Viktor,Xerath,3,2,0.6666666666666666,0.5625,0.0625,0.1875
Alistar,Nami,3,2,0.6666666666666666,0.5625,0.0625,0.1875
Yasuo,Yunara,3,2,0.6666666666666666,0.5625,0.0625,0.1875
Yunara,Maokai,3,2,0.6666666666666666,0.5625,0.0625,0.1875
Hwei,Kennen,3,2,0.6666666666666666,0.5625,0.0625,0.1875
Hwei,Lucian,3,2,0.6666666666666666,0.5625,0.0625,0.1875
Renekton,Viego,3,2,0.6666666666666666,0.5625,0.0625,0.1875
Cassiopeia,Zoe,3,2,0.6666666666666666,0.5625,0.0625,0.1875
Caitlyn,Olaf,3,2,0.6666666666666666,0.5625,0.0625,0.1875
Karma,Olaf,3,2,0.6666666666666666,0.5625,0.0625,0.1875
Anivia,Hwei,3,2,0.6666666666666666,0.5625,0.0625,0.1875
Trundle,Rumble,3,2,0.6666666666666666,0.5625,0.0625,0.1875
Rumble,Zaahen,3,2,0.6666666666666666,0.5625,0.0625,0.1875
Yone,Alistar,3,2,0.6666666666666666,0.5625,0.0625,0.1875
Dr. Mundo,Rakan,3,2,0.6666666666666666,0.5625,0.0625,0.1875
Smolder,Yone,3,2,0.6666666666666666,0.5625,0.0625,0.1875
Jhin,Zoe,3,2,0.6666666666666666,0.5625,0.0625,0.1875
Qiyana,Jhin,3,2,0.6666666666666666,0.5625,0.0625,0.1875
Zoe,Viktor,3,2,0.6666666666666666,0.5625,0.0625,0.1875
Shen,Bard,3,2,0.6666666666666666,0.5625,0.0625,0.1875
Jayce,Mel,3,2,0.6666666666666666,0.5625,0.0625,0.1875
Ryze,Dr. Mundo,3,2,0.6666666666666666,0.5625,0.0625,0.1875
Varus,Kennen,3,2,0.6666666666666666,0.5625,0.0625,0.1875
Soraka,Rumble,3,2,0.6666666666666666,0.5625,0.0625,0.1875
Tahm Kench,Rumble,3,2,0.6666666666666666,0.5625,0.0625,0.1875
Ziggs,Kalista,3,2,0.6666666666666666,0.5625,0.0625,0.1875
Gwen,Corki,3,2,0.6666666666666666,0.5625,0.0625,0.1875
Jarvan IV,Hwei,3,2,0.6666666666666666,0.5625,0.0625,0.1875
Yunara,Fiora,3,2,0.6666666666666666,0.5625,0.0625,0.1875
Poppy,Rell,3,2,0.6666666666666666,0.5625,0.0625,0.1875
Renata Glasc,Rell,3,2,0.6666666666666666,0.5625,0.0625,0.1875
Zaahen,Poppy,3,2,0.6666666666666666,0.5625,0.0625,0.1875
Taliyah,Jax,3,2,0.6666666666666666,0.5625,0.0625,0.1875
Qiyana,Lulu,3,2,0.6666666666666666,0.5625,0.0625,0.1875
Yunara,Qiyana,3,2,0.6666666666666666,0.5625,0.0625,0.1875
Renata Glasc,Ahri,3,2,0.6666666666666666,0.5625,0.0625,0.1875
Kennen,Ryze,3,2,0.6666666666666666,0.5625,0.0625,0.1875
Senna,Neeko,3,2,0.6666666666666666,0.5625,0.0625,0.1875
Annie,Pyke,3,2,0.6666666666666666,0.5625,0.0625,0.1875
Jinx,Zaahen,3,2,0.6666666666666666,0.5625,0.0625,0.1875
Kai'Sa,Anivia,3,2,0.6666666666666666,0.5625,0.0625,0.1875
Ornn,Lee Sin,3,2,0.6666666666666666,0.5625,0.0625,0.1875
Xin Zhao,Zed,3,2,0.6666666666666666,0.5625,0.0625,0.1875
Karma,Zoe,3,2,0.6666666666666666,0.5625,0.0625,0.1875
Rek'Sai,Xin Zhao,3,2,0.6666666666666666,0.5625,0.0625,0.1875
Nautilus,Fiora,3,2,0.6666666666666666,0.5625,0.0625,0.1875
Akali,Zaahen,3,2,0.6666666666666666,0.5625,0.0625,0.1875
Anivia,Irelia,3,2,0.6666666666666666,0.5625,0.0625,0.1875
Azir,Maokai,3,2,0.6666666666666666,0.5625,0.0625,0.1875
Pantheon,Maokai,3,2,0.6666666666666666,0.5625,0.0625,0.1875
Kai'Sa,Aphelios,3,2,0.6666666666666666,0.5625,0.0625,0.1875
Kog'Maw,Renekton,3,2,0.6666666666666666,0.5625,0.0625,0.1875
Viktor,Kog'Maw,3,2,0.6666666666666666,0.5625,0.0625,0.1875
Kled,Pantheon,3,2,0.6666666666666666,0.5625,0.0625,0.1875
K'Sante,Tristana,3,2,0.6666666666666666,0.5625,0.0625,0.1875
Annie,Tahm Kench,3,2,0.6666666666666666,0.5625,0.0625,0.1875
Jinx,Kai'Sa,3,2,0.6666666666666666,0.5625,0.0625,0.1875
Akali,Jinx,3,2,0.6666666666666666,0.5625,0.0625,0.1875
Yorick,Jinx,3,2,0.6666666666666666,0.5625,0.0625,0.1875
Xayah,Dr. Mundo,3,2,0.6666666666666666,0.5625,0.0625,0.1875
Gragas,Senna,3,2,0.6666666666666666,0.5625,0.0625,0.1875
Azir,Galio,3,2,0.6666666666666666,0.5625,0.0625,0.1875
Cho'Gath,Caitlyn,3,2,0.6666666666666666,0.5625,0.0625,0.1875
Cho'Gath,Pantheon,3,2,0.6666666666666666,0.5625,0.0625,0.1875
Viktor,Twisted Fate,3,2,0.6666666666666666,0.5625,0.0625,0.1875
Annie,Ziggs,3,2,0.6666666666666666,0.5625,0.0625,0.1875
Leona,Shen,3,2,0.6666666666666666,0.5625,0.0625,0.1875
Renekton,Shyvana,3,2,0.6666666666666666,0.5625,0.0625,0.1875
Olaf,Anivia,3,2,0.6666666666666666,0.5625,0.0625,0.1875
Galio,Lee Sin,3,2,0.6666666666666666,0.5625,0.0625,0.1875
Nautilus,Brand,3,2,0.6666666666666666,0.5625,0.0625,0.1875
Aphelios,Yorick,3,2,0.6666666666666666,0.5625,0.0625,0.1875
Dr. Mundo,Ahri,3,2,0.6666666666666666,0.5625,0.0625,0.1875
Malphite,Mel,3,2,0.6666666666666666,0.5625,0.0625,0.1875
Skarner,Dr. Mundo,3,2,0.6666666666666666,0.5625,0.0625,0.1875
Malphite,Cassiopeia,3,2,0.6666666666666666,0.5625,0.0625,0.1875
Pantheon,Zyra,3,2,0.6666666666666666,0.5625,0.0625,0.1875
Yone,Lulu,3,2,0.6666666666666666,0.5625,0.0625,0.1875
LeBlanc,Viktor,3,2,0.6666666666666666,0.5625,0.0625,0.1875
Poppy,LeBlanc,3,2,0.6666666666666666,0.5625,0.0625,0.1875
Viktor,Draven,3,2,0.6666666666666666,0.5625,0.0625,0.1875
Yorick,LeBlanc,3,2,0.6666666666666666,0.5625,0.0625,0.1875
Annie,Zeri,3,2,0.6666666666666666,0.5625,0.0625,0.1875
Ryze,Darius,3,2,0.6666666666666666,0.5625,0.0625,0.1875
Jarvan IV,Gragas,3,2,0.6666666666666666,0.5625,0.0625,0.1875
Trundle,Syndra,3,2,0.6666666666666666,0.5625,0.0625,0.1875
Poppy,Sion,3,2,0.6666666666666666,0.5625,0.0625,0.1875
Alistar,Viego,3,2,0.6666666666666666,0.5625,0.0625,0.1875
Brand,Rell,3,2,0.6666666666666666,0.5625,0.0625,0.1875
Xayah,Zaahen,3,2,0.6666666666666666,0.5625,0.0625,0.1875
Maokai,Brand,3,2,0.6666666666666666,0.5625,0.0625,0.1875
K'Sante,Rek'Sai,3,2,0.6666666666666666,0.5625,0.0625,0.1875
Xerath,Xin Zhao,3,2,0.6666666666666666,0.5625,0.0625,0.1875
Alistar,Azir,3,2,0.6666666666666666,0.5625,0.0625,0.1875
Olaf,Yunara,3,2,0.6666666666666666,0.5625,0.0625,0.1875
Gragas,Rumble,3,2,0.6666666666666666,0.5625,0.0625,0.1875
Azir,Xayah,3,2,0.6666666666666666,0.5625,0.0625,0.1875
Caitlyn,Rakan,3,2,0.6666666666666666,0.5625,0.0625,0.1875
Ezreal,Thresh,3,2,0.6666666666666666,0.5625,0.0625,0.1875
Cassiopeia,Azir,3,2,0.6666666666666666,0.5625,0.0625,0.1875
Sylas,Jax,3,2,0.6666666666666666,0.5625,0.0625,0.1875
Sivir,Lissandra,3,2,0.6666666666666666,0.5625,0.0625,0.1875
Vayne,Gwen,3,2,0.6666666666666666,0.5625,0.0625,0.1875
Yone,Olaf,3,2,0.6666666666666666,0.5625,0.0625,0.1875
Yone,Twisted Fate,3,2,0.6666666666666666,0.5625,0.0625,0.1875
Olaf,Thresh,3,2,0.6666666666666666,0.5625,0.0625,0.1875
Twisted Fate,Gragas,3,2,0.6666666666666666,0.5625,0.0625,0.1875
Sejuani,Sylas,3,2,0.6666666666666666,0.5625,0.0625,0.1875
Jax,Maokai,3,2,0.6666666666666666,0.5625,0.0625,0.1875
Xin Zhao,Jinx,3,2,0.6666666666666666,0.5625,0.0625,0.1875
Rumble,Ziggs,3,2,0.6666666666666666,0.5625,0.0625,0.1875
Pyke,Lee Sin,3,2,0.6666666666666666,0.5625,0.0625,0.1875
K'Sante,Zed,3,2,0.6666666666666666,0.5625,0.0625,0.1875
Zyra,Smolder,3,2,0.6666666666666666,0.5625,0.0625,0.1875
Corki,Smolder,3,2,0.6666666666666666,0.5625,0.0625,0.1875
Smolder,Jinx,3,2,0.6666666666666666,0.5625,0.0625,0.1875
Jinx,LeBlanc,3,2,0.6666666666666666,0.5625,0.0625,0.1875
Vayne,Aatrox,3,2,0.6666666666666666,0.5625,0.0625,0.1875
Kennen,Xayah,3,2,0.6666666666666666,0.5625,0.0625,0.1875
Ziggs,Aurora,3,2,0.6666666666666666,0.5625,0.0625,0.1875
Ziggs,Yunara,3,2,0.6666666666666666,0.5625,0.0625,0.1875
Olaf,Xayah,3,2,0.6666666666666666,0.5625,0.0625,0.1875
Pyke,Mel,3,2,0.6666666666666666,0.5625,0.0625,0.1875
Viktor,Mordekaiser,3,2,0.6666666666666666,0.5625,0.0625,0.1875
Ashe,Poppy,3,2,0.6666666666666666,0.5625,0.0625,0.1875
Gragas,Ahri,3,2,0.6666666666666666,0.5625,0.0625,0.1875
Wukong,Sylas,3,2,0.6666666666666666,0.5625,0.0625,0.1875
Aatrox,Renata Glasc,3,2,0.6666666666666666,0.5625,0.0625,0.1875
Xin Zhao,Renata Glasc,3,2,0.6666666666666666,0.5625,0.0625,0.1875
Poppy,Aatrox,3,2,0.6666666666666666,0.5625,0.0625,0.1875
Nautilus,Gragas,3,2,0.6666666666666666,0.5625,0.0625,0.1875
Lucian,Zeri,3,2,0.6666666666666666,0.5625,0.0625,0.1875
Ahri,Ornn,3,2,0.6666666666666666,0.5625,0.0625,0.1875
Gnar,Zoe,3,2,0.6666666666666666,0.5625,0.0625,0.1875
Sivir,Zoe,3,2,0.6666666666666666,0.5625,0.0625,0.1875
Sivir,Galio,3,2,0.6666666666666666,0.5625,0.0625,0.1875
Lux,Jayce,3,2,0.6666666666666666,0.5625,0.0625,0.1875
Kai'Sa,Kennen,3,2,0.6666666666666666,0.5625,0.0625,0.1875
Pantheon,Braum,3,2,0.6666666666666666,0.5625,0.0625,0.1875
Zeri,Viktor,3,2,0.6666666666666666,0.5625,0.0625,0.1875
Aurora,Malphite,3,2,0.6666666666666666,0.5625,0.0625,0.1875
Kog'Maw,Ezreal,3,2,0.6666666666666666,0.5625,0.0625,0.1875
Zeri,Sylas,3,2,0.6666666666666666,0.5625,0.0625,0.1875
Gnar,Kalista,3,2,0.6666666666666666,0.5625,0.0625,0.1875
Sylas,Kai'Sa,3,2,0.6666666666666666,0.5625,0.0625,0.1875
Poppy,Caitlyn,3,2,0.6666666666666666,0.5625,0.0625,0.1875
Ashe,Sejuani,3,2,0.6666666666666666,0.5625,0.0625,0.1875
Samira,Ashe,3,2,0.6666666666666666,0.5625,0.0625,0.1875
Samira,Seraphine,3,2,0.6666666666666666,0.5625,0.0625,0.1875
Shen,Neeko,3,2,0.6666666666666666,0.5625,0.0625,0.1875
Kennen,Corki,3,2,0.6666666666666666,0.5625,0.0625,0.1875
Zaahen,Twisted Fate,3,2,0.6666666666666666,0.5625,0.0625,0.1875
Sylas,Leona,3,2,0.6666666666666666,0.5625,0.0625,0.1875
Smolder,Cassiopeia,3,2,0.6666666666666666,0.5625,0.0625,0.1875
Xayah,Tristana,3,2,0.6666666666666666,0.5625,0.0625,0.1875
Hwei,Maokai,3,2,0.6666666666666666,0.5625,0.0625,0.1875
Seraphine,Kennen,3,2,0.6666666666666666,0.5625,0.0625,0.1875
Aurora,Yuumi,3,2,0.6666666666666666,0.5625,0.0625,0.1875
Ahri,Fiora,3,2,0.6666666666666666,0.5625,0.0625,0.1875
Tristana,Hwei,3,2,0.6666666666666666,0.5625,0.0625,0.1875
Nami,Tristana,3,2,0.6666666666666666,0.5625,0.0625,0.1875
Olaf,Sylas,3,2,0.6666666666666666,0.5625,0.0625,0.1875
Smolder,Azir,3,2,0.6666666666666666,0.5625,0.0625,0.1875
Vayne,Yuumi,3,2,0.6666666666666666,0.5625,0.0625,0.1875
Renekton,Hwei,3,2,0.6666666666666666,0.5625,0.0625,0.1875
Ryze,Jax,3,2,0.6666666666666666,0.5625,0.0625,0.1875
Caitlyn,Irelia,3,2,0.6666666666666666,0.5625,0.0625,0.1875
Rek'Sai,Seraphine,3,2,0.6666666666666666,0.5625,0.0625,0.1875
Mel,Galio,3,2,0.6666666666666666,0.5625,0.0625,0.1875
Varus,Shyvana,3,2,0.6666666666666666,0.5625,0.0625,0.1875
Poppy,Jinx,3,2,0.6666666666666666,0.5625,0.0625,0.1875
Lee Sin,Sejuani,3,2,0.6666666666666666,0.5625,0.0625,0.1875
Syndra,Taliyah,3,2,0.6666666666666666,0.5625,0.0625,0.1875
Caitlyn,Aphelios,3,2,0.6666666666666666,0.5625,0.0625,0.1875
Nasus,Rakan,3,2,0.6666666666666666,0.5625,0.0625,0.1875
Poppy,Mel,3,2,0.6666666666666666,0.5625,0.0625,0.1875
Poppy,Olaf,3,2,0.6666666666666666,0.5625,0.0625,0.1875
Cassiopeia,Poppy,3,2,0.6666666666666666,0.5625,0.0625,0.1875
Neeko,Sejuani,3,2,0.6666666666666666,0.5625,0.0625,0.1875
Taliyah,Camille,3,2,0.6666666666666666,0.5625,0.0625,0.1875
Wukong,Yuumi,3,2,0.6666666666666666,0.5625,0.0625,0.1875
Miss Fortune,Aatrox,3,2,0.6666666666666666,0.5625,0.0625,0.1875
Viego,Miss Fortune,3,2,0.6666666666666666,0.5625,0.0625,0.1875
Olaf,Tristana,3,2,0.6666666666666666,0.5625,0.0625,0.1875
Lucian,Tristana,3,2,0.6666666666666666,0.5625,0.0625,0.1875
Alistar,Milio,3,2,0.6666666666666666,0.5625,0.0625,0.1875
Alistar,Vayne,3,2,0.6666666666666666,0.5625,0.0625,0.1875
Milio,Zeri,3,2,0.6666666666666666,0.5625,0.0625,0.1875
Hwei,LeBlanc,3,2,0.6666666666666666,0.5625,0.0625,0.1875
Jinx,Sejuani,3,2,0.6666666666666666,0.5625,0.0625,0.1875
Vayne,Trundle,3,2,0.6666666666666666,0.5625,0.0625,0.1875
Neeko,Tristana,3,2,0.6666666666666666,0.5625,0.0625,0.1875
Xin Zhao,Tristana,3,2,0.6666666666666666,0.5625,0.0625,0.1875
Poppy,Ezreal,3,2,0.6666666666666666,0.5625,0.0625,0.1875
Yone,Miss Fortune,3,2,0.6666666666666666,0.5625,0.0625,0.1875
Lulu,Viego,3,2,0.6666666666666666,0.5625,0.0625,0.1875
Mel,Sylas,3,2,0.6666666666666666,0.5625,0.0625,0.1875
Shen,Anivia,3,2,0.6666666666666666,0.5625,0.0625,0.1875
Sylas,Ambessa,3,2,0.6666666666666666,0.5625,0.0625,0.1875
Nautilus,Mordekaiser,3,2,0.6666666666666666,0.5625,0.0625,0.1875
Gwen,Ornn,3,2,0.6666666666666666,0.5625,0.0625,0.1875
Yone,Tristana,3,2,0.6666666666666666,0.5625,0.0625,0.1875
Ashe,Malzahar,3,2,0.6666666666666666,0.5625,0.0625,0.1875
Anivia,Syndra,3,2,0.6666666666666666,0.5625,0.0625,0.1875
Twisted Fate,Shyvana,3,2,0.6666666666666666,0.5625,0.0625,0.1875
Sejuani,Ambessa,3,2,0.6666666666666666,0.5625,0.0625,0.1875
Twisted Fate,LeBlanc,3,2,0.6666666666666666,0.5625,0.0625,0.1875
Yunara,Braum,3,2,0.6666666666666666,0.5625,0.0625,0.1875
Zeri,Ambessa,3,2,0.6666666666666666,0.5625,0.0625,0.1875
Cassiopeia,Yuumi,3,2,0.6666666666666666,0.5625,0.0625,0.1875
Maokai,Sylas,3,2,0.6666666666666666,0.5625,0.0625,0.1875
Kayle,Maokai,3,2,0.6666666666666666,0.5625,0.0625,0.1875
Irelia,Miss Fortune,3,2,0.6666666666666666,0.5625,0.0625,0.1875
Maokai,Braum,3,2,0.6666666666666666,0.5625,0.0625,0.1875
Alistar,Shen,3,2,0.6666666666666666,0.5625,0.0625,0.1875
Sivir,Jinx,3,2,0.6666666666666666,0.5625,0.0625,0.1875
Syndra,Hwei,3,2,0.6666666666666666,0.5625,0.0625,0.1875
Orianna,Yorick,3,2,0.6666666666666666,0.5625,0.0625,0.1875
Naafiri,Pyke,3,2,0.6666666666666666,0.5625,0.0625,0.1875
Maokai,Miss Fortune,3,2,0.6666666666666666,0.5625,0.0625,0.1875
Lucian,Volibear,3,2,0.6666666666666666,0.5625,0.0625,0.1875
Tristana,Zaahen,3,2,0.6666666666666666,0.5625,0.0625,0.1875
Sejuani,Azir,3,2,0.6666666666666666,0.5625,0.0625,0.1875
Maokai,Malphite,3,2,0.6666666666666666,0.5625,0.0625,0.1875
Senna,Shyvana,3,2,0.6666666666666666,0.5625,0.0625,0.1875
Rakan,Poppy,3,2,0.6666666666666666,0.5625,0.0625,0.1875
Yone,Yunara,3,2,0.6666666666666666,0.5625,0.0625,0.1875
Shen,Sylas,3,2,0.6666666666666666,0.5625,0.0625,0.1875
Leona,Kog'Maw,3,2,0.6666666666666666,0.5625,0.0625,0.1875
Kog'Maw,Karma,3,2,0.6666666666666666,0.5625,0.0625,0.1875
Kog'Maw,Skarner,3,2,0.6666666666666666,0.5625,0.0625,0.1875
Blitzcrank,K'Sante,3,2,0.6666666666666666,0.5625,0.0625,0.1875
Seraphine,Lux,3,2,0.6666666666666666,0.5625,0.0625,0.1875
Lee Sin,Smolder,3,2,0.6666666666666666,0.5625,0.0625,0.1875
Seraphine,Jinx,3,2,0.6666666666666666,0.5625,0.0625,0.1875
Amumu,Seraphine,3,2,0.6666666666666666,0.5625,0.0625,0.1875
Irelia,Jhin,3,2,0.6666666666666666,0.5625,0.0625,0.1875
Amumu,Xin Zhao,3,2,0.6666666666666666,0.5625,0.0625,0.1875
Galio,Ornn,3,2,0.6666666666666666,0.5625,0.0625,0.1875
Olaf,Ambessa,3,2,0.6666666666666666,0.5625,0.0625,0.1875
Varus,Dr. Mundo,3,2,0.6666666666666666,0.5625,0.0625,0.1875
Sylas,Hwei,3,2,0.6666666666666666,0.5625,0.0625,0.1875
Yuumi,Rell,3,2,0.6666666666666666,0.5625,0.0625,0.1875
Zeri,Rell,3,2,0.6666666666666666,0.5625,0.0625,0.1875
Annie,Jax,3,2,0.6666666666666666,0.5625,0.0625,0.1875
Aphelios,Nocturne,3,2,0.6666666666666666,0.5625,0.0625,0.1875
Gnar,Senna,3,2,0.6666666666666666,0.5625,0.0625,0.1875
Veigar,Wukong,3,2,0.6666666666666666,0.5625,0.0625,0.1875
Nocturne,Mel,3,2,0.6666666666666666,0.5625,0.0625,0.1875
Ahri,Malphite,3,2,0.6666666666666666,0.5625,0.0625,0.1875
Zeri,Senna,3,2,0.6666666666666666,0.5625,0.0625,0.1875
Lux,Miss Fortune,3,2,0.6666666666666666,0.5625,0.0625,0.1875
Nocturne,Jinx,3,2,0.6666666666666666,0.5625,0.0625,0.1875
Wukong,Volibear,3,2,0.6666666666666666,0.5625,0.0625,0.1875
K'Sante,Yorick,3,2,0.6666666666666666,0.5625,0.0625,0.1875
Camille,Anivia,3,2,0.6666666666666666,0.5625,0.0625,0.1875
Braum,Mordekaiser,3,2,0.6666666666666666,0.5625,0.0625,0.1875
Sivir,Xayah,3,2,0.6666666666666666,0.5625,0.0625,0.1875
Taliyah,Sivir,3,2,0.6666666666666666,0.5625,0.0625,0.1875
Yone,Yorick,3,2,0.6666666666666666,0.5625,0.0625,0.1875
Caitlyn,Yasuo,3,2,0.6666666666666666,0.5625,0.0625,0.1875
Veigar,Xin Zhao,3,2,0.6666666666666666,0.5625,0.0625,0.1875
Senna,Olaf,3,2,0.6666666666666666,0.5625,0.0625,0.1875
Qiyana,Twisted Fate,3,2,0.6666666666666666,0.5625,0.0625,0.1875
Ambessa,Hwei,3,2,0.6666666666666666,0.5625,0.0625,0.1875
Ambessa,Lux,3,2,0.6666666666666666,0.5625,0.0625,0.1875
Ashe,Gragas,3,2,0.6666666666666666,0.5625,0.0625,0.1875
Yone,Renekton,3,2,0.6666666666666666,0.5625,0.0625,0.1875
Sejuani,Braum,3,2,0.6666666666666666,0.5625,0.0625,0.1875
Yorick,Maokai,3,2,0.6666666666666666,0.5625,0.0625,0.1875
Olaf,Alistar,3,2,0.6666666666666666,0.5625,0.0625,0.1875
Olaf,Akali,3,2,0.6666666666666666,0.5625,0.0625,0.1875
Senna,Alistar,3,2,0.6666666666666666,0.5625,0.0625,0.1875
Gangplank,Zeri,3,2,0.6666666666666666,0.5625,0.0625,0.1875
Naafiri,Sylas,3,2,0.6666666666666666,0.5625,0.0625,0.1875
Lucian,Seraphine,60,30,0.5,0.5,0.0,0.0
Seraphine,Lucian,60,30,0.5,0.5,0.0,0.0
Ezreal,Ryze,54,27,0.5,0.5,0.0,0.0
Ryze,Ezreal,54,27,0.5,0.5,0.0,0.0
Lucian,Vi,52,26,0.5,0.5,0.0,0.0
Vi,Lucian,52,26,0.5,0.5,0.0,0.0
Xin Zhao,Wukong,50,25,0.5,0.5,0.0,0.0
Wukong,Xin Zhao,50,25,0.5,0.5,0.0,0.0
Rumble,Ornn,50,25,0.5,0.5,0.0,0.0
Ornn,Rumble,50,25,0.5,0.5,0.0,0.0
Ambessa,Rumble,48,24,0.5,0.5,0.0,0.0
Aurora,Ezreal,48,24,0.5,0.5,0.0,0.0
Ezreal,Aurora,48,24,0.5,0.5,0.0,0.0
Rumble,Ambessa,48,24,0.5,0.5,0.0,0.0
Gwen,Sion,42,21,0.5,0.5,0.0,0.0
Sion,Gwen,42,21,0.5,0.5,0.0,0.0
Xin Zhao,Aurora,42,21,0.5,0.5,0.0,0.0
Aurora,Xin Zhao,42,21,0.5,0.5,0.0,0.0
Ryze,Ashe,40,20,0.5,0.5,0.0,0.0
Ashe,Ryze,40,20,0.5,0.5,0.0,0.0
Ryze,Caitlyn,36,18,0.5,0.5,0.0,0.0
Caitlyn,Ryze,36,18,0.5,0.5,0.0,0.0
Nautilus,Ryze,36,18,0.5,0.5,0.0,0.0
Ryze,Nautilus,36,18,0.5,0.5,0.0,0.0
Xin Zhao,Viktor,34,17,0.5,0.5,0.0,0.0
Viktor,Xin Zhao,34,17,0.5,0.5,0.0,0.0
Caitlyn,Bard,34,17,0.5,0.5,0.0,0.0
Bard,Caitlyn,34,17,0.5,0.5,0.0,0.0
Skarner,Nautilus,34,17,0.5,0.5,0.0,0.0
Nautilus,Skarner,34,17,0.5,0.5,0.0,0.0
Wukong,Yunara,32,16,0.5,0.5,0.0,0.0
Yunara,Wukong,32,16,0.5,0.5,0.0,0.0
Gnar,Lucian,32,16,0.5,0.5,0.0,0.0
Lucian,Gnar,32,16,0.5,0.5,0.0,0.0
Orianna,Xin Zhao,32,16,0.5,0.5,0.0,0.0
Xin Zhao,Orianna,32,16,0.5,0.5,0.0,0.0
Lucian,Pantheon,32,16,0.5,0.5,0.0,0.0
Pantheon,Lucian,32,16,0.5,0.5,0.0,0.0
Xin Zhao,Ambessa,30,15,0.5,0.5,0.0,0.0
Ambessa,Xin Zhao,30,15,0.5,0.5,0.0,0.0
Lulu,Pantheon,30,15,0.5,0.5,0.0,0.0
Pantheon,Lulu,30,15,0.5,0.5,0.0,0.0
Lee Sin,Ezreal,30,15,0.5,0.5,0.0,0.0
Ezreal,Lee Sin,30,15,0.5,0.5,0.0,0.0
Anivia,Ezreal,28,14,0.5,0.5,0.0,0.0
Ezreal,Anivia,28,14,0.5,0.5,0.0,0.0
Rumble,Annie,28,14,0.5,0.5,0.0,0.0
Annie,Rumble,28,14,0.5,0.5,0.0,0.0
Varus,Ashe,28,14,0.5,0.5,0.0,0.0
Ashe,Varus,28,14,0.5,0.5,0.0,0.0
Gnar,Orianna,28,14,0.5,0.5,0.0,0.0
Orianna,Gnar,28,14,0.5,0.5,0.0,0.0
Nami,Ezreal,26,13,0.5,0.5,0.0,0.0
Pantheon,Nautilus,26,13,0.5,0.5,0.0,0.0
Ezreal,Nami,26,13,0.5,0.5,0.0,0.0
Nautilus,Pantheon,26,13,0.5,0.5,0.0,0.0
Milio,Aurora,26,13,0.5,0.5,0.0,0.0
Aurora,Milio,26,13,0.5,0.5,0.0,0.0
Ashe,Jhin,26,13,0.5,0.5,0.0,0.0
Jhin,Ashe,26,13,0.5,0.5,0.0,0.0
Wukong,Pantheon,26,13,0.5,0.5,0.0,0.0
Pantheon,Wukong,26,13,0.5,0.5,0.0,0.0
Xin Zhao,Lee Sin,26,13,0.5,0.5,0.0,0.0
Lee Sin,Xin Zhao,26,13,0.5,0.5,0.0,0.0
K'Sante,Annie,24,12,0.5,0.5,0.0,0.0
Annie,K'Sante,24,12,0.5,0.5,0.0,0.0
Bard,Sivir,24,12,0.5,0.5,0.0,0.0
Sivir,Bard,24,12,0.5,0.5,0.0,0.0
Corki,Jarvan IV,24,12,0.5,0.5,0.0,0.0
Jarvan IV,Corki,24,12,0.5,0.5,0.0,0.0
Gnar,Wukong,22,11,0.5,0.5,0.0,0.0
Wukong,Gnar,22,11,0.5,0.5,0.0,0.0
Jarvan IV,Ambessa,22,11,0.5,0.5,0.0,0.0
Ambessa,Jarvan IV,22,11,0.5,0.5,0.0,0.0
Nautilus,Zaahen,22,11,0.5,0.5,0.0,0.0
Zaahen,Nautilus,22,11,0.5,0.5,0.0,0.0
Anivia,Gnar,22,11,0.5,0.5,0.0,0.0
Gnar,Anivia,22,11,0.5,0.5,0.0,0.0
Caitlyn,Rumble,22,11,0.5,0.5,0.0,0.0
Rumble,Caitlyn,22,11,0.5,0.5,0.0,0.0
Wukong,Bard,22,11,0.5,0.5,0.0,0.0
Bard,Wukong,22,11,0.5,0.5,0.0,0.0
Neeko,Gnar,22,11,0.5,0.5,0.0,0.0
Gnar,Neeko,22,11,0.5,0.5,0.0,0.0
Pantheon,Lee Sin,22,11,0.5,0.5,0.0,0.0
Lee Sin,Pantheon,22,11,0.5,0.5,0.0,0.0
Vi,Anivia,22,11,0.5,0.5,0.0,0.0
Anivia,Vi,22,11,0.5,0.5,0.0,0.0
Viktor,Naafiri,22,11,0.5,0.5,0.0,0.0
Naafiri,Viktor,22,11,0.5,0.5,0.0,0.0
Renekton,Nautilus,20,10,0.5,0.5,0.0,0.0
Nautilus,Renekton,20,10,0.5,0.5,0.0,0.0
Ryze,Ornn,20,10,0.5,0.5,0.0,0.0
Ornn,Ryze,20,10,0.5,0.5,0.0,0.0
Nami,Ahri,20,10,0.5,0.5,0.0,0.0
Ahri,Nami,20,10,0.5,0.5,0.0,0.0
Cassiopeia,Annie,20,10,0.5,0.5,0.0,0.0
Annie,Cassiopeia,20,10,0.5,0.5,0.0,0.0
Orianna,Vi,20,10,0.5,0.5,0.0,0.0
Vi,Orianna,20,10,0.5,0.5,0.0,0.0
Cassiopeia,Naafiri,20,10,0.5,0.5,0.0,0.0
Naafiri,Cassiopeia,20,10,0.5,0.5,0.0,0.0
Akali,Sion,20,10,0.5,0.5,0.0,0.0
Sion,Akali,20,10,0.5,0.5,0.0,0.0
Rell,Bard,18,9,0.5,0.5,0.0,0.0
Bard,Rell,18,9,0.5,0.5,0.0,0.0
Vi,Gnar,18,9,0.5,0.5,0.0,0.0
Gnar,Vi,18,9,0.5,0.5,0.0,0.0
Ambessa,Ahri,18,9,0.5,0.5,0.0,0.0
Ahri,Ambessa,18,9,0.5,0.5,0.0,0.0
Yunara,Anivia,18,9,0.5,0.5,0.0,0.0
Anivia,Yunara,18,9,0.5,0.5,0.0,0.0
Annie,Renekton,18,9,0.5,0.5,0.0,0.0
Renekton,Annie,18,9,0.5,0.5,0.0,0.0
Nautilus,Anivia,18,9,0.5,0.5,0.0,0.0
Anivia,Nautilus,18,9,0.5,0.5,0.0,0.0
Renekton,Karma,18,9,0.5,0.5,0.0,0.0
Karma,Renekton,18,9,0.5,0.5,0.0,0.0
Wukong,Skarner,16,8,0.5,0.5,0.0,0.0
Skarner,Wukong,16,8,0.5,0.5,0.0,0.0
Nocturne,Viktor,16,8,0.5,0.5,0.0,0.0
Viktor,Nocturne,16,8,0.5,0.5,0.0,0.0
Sylas,Gnar,16,8,0.5,0.5,0.0,0.0
Gnar,Sylas,16,8,0.5,0.5,0.0,0.0
Pantheon,Cassiopeia,16,8,0.5,0.5,0.0,0.0
Cassiopeia,Pantheon,16,8,0.5,0.5,0.0,0.0
Ambessa,Pantheon,16,8,0.5,0.5,0.0,0.0
Pantheon,Ambessa,16,8,0.5,0.5,0.0,0.0
Akali,Karma,16,8,0.5,0.5,0.0,0.0
Karma,Akali,16,8,0.5,0.5,0.0,0.0
Skarner,Yunara,16,8,0.5,0.5,0.0,0.0
Yunara,Skarner,16,8,0.5,0.5,0.0,0.0
Orianna,Azir,16,8,0.5,0.5,0.0,0.0
Azir,Orianna,16,8,0.5,0.5,0.0,0.0
Nautilus,Annie,16,8,0.5,0.5,0.0,0.0
Annie,Nautilus,16,8,0.5,0.5,0.0,0.0
Renekton,Nami,14,7,0.5,0.5,0.0,0.0
Nami,Renekton,14,7,0.5,0.5,0.0,0.0
Galio,Ahri,14,7,0.5,0.5,0.0,0.0
Ahri,Galio,14,7,0.5,0.5,0.0,0.0
Renekton,Galio,14,7,0.5,0.5,0.0,0.0
Galio,Renekton,14,7,0.5,0.5,0.0,0.0
Nocturne,Azir,14,7,0.5,0.5,0.0,0.0
Azir,Nocturne,14,7,0.5,0.5,0.0,0.0
Rell,Wukong,14,7,0.5,0.5,0.0,0.0
Wukong,Rell,14,7,0.5,0.5,0.0,0.0
Lucian,Orianna,14,7,0.5,0.5,0.0,0.0
Orianna,Lucian,14,7,0.5,0.5,0.0,0.0
Annie,Taliyah,14,7,0.5,0.5,0.0,0.0
Taliyah,Annie,14,7,0.5,0.5,0.0,0.0
Pantheon,Trundle,14,7,0.5,0.5,0.0,0.0
Trundle,Pantheon,14,7,0.5,0.5,0.0,0.0
Aurora,Syndra,14,7,0.5,0.5,0.0,0.0
Syndra,Aurora,14,7,0.5,0.5,0.0,0.0
Azir,Milio,14,7,0.5,0.5,0.0,0.0
Milio,Azir,14,7,0.5,0.5,0.0,0.0
Wukong,Aurora,14,7,0.5,0.5,0.0,0.0
Aurora,Wukong,14,7,0.5,0.5,0.0,0.0
Sylas,Seraphine,14,7,0.5,0.5,0.0,0.0
Seraphine,Sylas,14,7,0.5,0.5,0.0,0.0
Jayce,Varus,14,7,0.5,0.5,0.0,0.0
Varus,Jayce,14,7,0.5,0.5,0.0,0.0
Varus,Lee Sin,14,7,0.5,0.5,0.0,0.0
Lee Sin,Varus,14,7,0.5,0.5,0.0,0.0
Ahri,Kai'Sa,12,6,0.5,0.5,0.0,0.0
Kai'Sa,Ahri,12,6,0.5,0.5,0.0,0.0
Pantheon,Azir,12,6,0.5,0.5,0.0,0.0
Azir,Pantheon,12,6,0.5,0.5,0.0,0.0
Xayah,Kai'Sa,12,6,0.5,0.5,0.0,0.0
Kai'Sa,Xayah,12,6,0.5,0.5,0.0,0.0
Corki,Ambessa,12,6,0.5,0.5,0.0,0.0
Ambessa,Corki,12,6,0.5,0.5,0.0,0.0
Aatrox,Jarvan IV,12,6,0.5,0.5,0.0,0.0
Jarvan IV,Aatrox,12,6,0.5,0.5,0.0,0.0
Lulu,Yorick,12,6,0.5,0.5,0.0,0.0
Yunara,Yorick,12,6,0.5,0.5,0.0,0.0
Yorick,Lulu,12,6,0.5,0.5,0.0,0.0
Yorick,Yunara,12,6,0.5,0.5,0.0,0.0
Pantheon,Galio,12,6,0.5,0.5,0.0,0.0
Galio,Pantheon,12,6,0.5,0.5,0.0,0.0
Gwen,Jarvan IV,12,6,0.5,0.5,0.0,0.0
Jarvan IV,Gwen,12,6,0.5,0.5,0.0,0.0
Miss Fortune,Caitlyn,12,6,0.5,0.5,0.0,0.0
Caitlyn,Miss Fortune,12,6,0.5,0.5,0.0,0.0
Alistar,Rumble,12,6,0.5,0.5,0.0,0.0
Rumble,Alistar,12,6,0.5,0.5,0.0,0.0
Azir,Taliyah,12,6,0.5,0.5,0.0,0.0
Jayce,Taliyah,12,6,0.5,0.5,0.0,0.0
Taliyah,Azir,12,6,0.5,0.5,0.0,0.0
Taliyah,Jayce,12,6,0.5,0.5,0.0,0.0
Akali,Seraphine,12,6,0.5,0.5,0.0,0.0
Seraphine,Akali,12,6,0.5,0.5,0.0,0.0
Skarner,Orianna,12,6,0.5,0.5,0.0,0.0
Orianna,Skarner,12,6,0.5,0.5,0.0,0.0
Ahri,Aatrox,12,6,0.5,0.5,0.0,0.0
Aatrox,Ahri,12,6,0.5,0.5,0.0,0.0
Ryze,Miss Fortune,12,6,0.5,0.5,0.0,0.0
Miss Fortune,Ryze,12,6,0.5,0.5,0.0,0.0
Jarvan IV,Rakan,12,6,0.5,0.5,0.0,0.0
Rakan,Jarvan IV,12,6,0.5,0.5,0.0,0.0
Lulu,Senna,12,6,0.5,0.5,0.0,0.0
Senna,Lulu,12,6,0.5,0.5,0.0,0.0
Milio,LeBlanc,12,6,0.5,0.5,0.0,0.0
LeBlanc,Milio,12,6,0.5,0.5,0.0,0.0
Galio,Jarvan IV,12,6,0.5,0.5,0.0,0.0
Jarvan IV,Galio,12,6,0.5,0.5,0.0,0.0
Rakan,Neeko,10,5,0.5,0.5,0.0,0.0
Neeko,Rakan,10,5,0.5,0.5,0.0,0.0
Kai'Sa,Viktor,10,5,0.5,0.5,0.0,0.0
Kai'Sa,Yunara,10,5,0.5,0.5,0.0,0.0
Viktor,Kai'Sa,10,5,0.5,0.5,0.0,0.0
Yunara,Kai'Sa,10,5,0.5,0.5,0.0,0.0
K'Sante,Syndra,10,5,0.5,0.5,0.0,0.0
Syndra,K'Sante,10,5,0.5,0.5,0.0,0.0
Twisted Fate,Corki,10,5,0.5,0.5,0.0,0.0
Corki,Twisted Fate,10,5,0.5,0.5,0.0,0.0
Ornn,Syndra,10,5,0.5,0.5,0.0,0.0
Syndra,Ornn,10,5,0.5,0.5,0.0,0.0
Zaahen,Neeko,10,5,0.5,0.5,0.0,0.0
Neeko,Zaahen,10,5,0.5,0.5,0.0,0.0
Nocturne,Aatrox,10,5,0.5,0.5,0.0,0.0
Aatrox,Nocturne,10,5,0.5,0.5,0.0,0.0
Leona,Bard,10,5,0.5,0.5,0.0,0.0
Bard,Leona,10,5,0.5,0.5,0.0,0.0
Sivir,Rell,10,5,0.5,0.5,0.0,0.0
Rell,Sivir,10,5,0.5,0.5,0.0,0.0
Varus,Nocturne,10,5,0.5,0.5,0.0,0.0
Nocturne,Varus,10,5,0.5,0.5,0.0,0.0
Taliyah,Ambessa,10,5,0.5,0.5,0.0,0.0
Ambessa,Taliyah,10,5,0.5,0.5,0.0,0.0
Nocturne,Xayah,10,5,0.5,0.5,0.0,0.0
Xayah,Nocturne,10,5,0.5,0.5,0.0,0.0
Neeko,Aatrox,10,5,0.5,0.5,0.0,0.0
Aatrox,Neeko,10,5,0.5,0.5,0.0,0.0
Akali,Kai'Sa,10,5,0.5,0.5,0.0,0.0
Kai'Sa,Akali,10,5,0.5,0.5,0.0,0.0
Wukong,Miss Fortune,10,5,0.5,0.5,0.0,0.0
Miss Fortune,Wukong,10,5,0.5,0.5,0.0,0.0
Renekton,Syndra,10,5,0.5,0.5,0.0,0.0
Syndra,Renekton,10,5,0.5,0.5,0.0,0.0
Lulu,Akali,10,5,0.5,0.5,0.0,0.0
Akali,Lulu,10,5,0.5,0.5,0.0,0.0
Trundle,Miss Fortune,10,5,0.5,0.5,0.0,0.0
Miss Fortune,Trundle,10,5,0.5,0.5,0.0,0.0
Xayah,Ambessa,10,5,0.5,0.5,0.0,0.0
Ambessa,Xayah,10,5,0.5,0.5,0.0,0.0
Renekton,Anivia,10,5,0.5,0.5,0.0,0.0
Anivia,Renekton,10,5,0.5,0.5,0.0,0.0
Trundle,Anivia,10,5,0.5,0.5,0.0,0.0
Anivia,Trundle,10,5,0.5,0.5,0.0,0.0
Alistar,Ahri,10,5,0.5,0.5,0.0,0.0
Ahri,Alistar,10,5,0.5,0.5,0.0,0.0
Anivia,Akali,10,5,0.5,0.5,0.0,0.0
Akali,Anivia,10,5,0.5,0.5,0.0,0.0
Naafiri,Akali,10,5,0.5,0.5,0.0,0.0
Akali,Naafiri,10,5,0.5,0.5,0.0,0.0
Mel,Ryze,10,5,0.5,0.5,0.0,0.0
Ryze,Mel,10,5,0.5,0.5,0.0,0.0
Galio,LeBlanc,8,4,0.5,0.5,0.0,0.0
LeBlanc,Galio,8,4,0.5,0.5,0.0,0.0
Kai'Sa,Braum,8,4,0.5,0.5,0.0,0.0
Braum,Kai'Sa,8,4,0.5,0.5,0.0,0.0
Alistar,Ryze,8,4,0.5,0.5,0.0,0.0
Ryze,Alistar,8,4,0.5,0.5,0.0,0.0
Rumble,Tristana,8,4,0.5,0.5,0.0,0.0
Vi,LeBlanc,8,4,0.5,0.5,0.0,0.0
LeBlanc,Vi,8,4,0.5,0.5,0.0,0.0
Tristana,Rumble,8,4,0.5,0.5,0.0,0.0
Nocturne,Taliyah,8,4,0.5,0.5,0.0,0.0
Taliyah,Nocturne,8,4,0.5,0.5,0.0,0.0
Yorick,Bard,8,4,0.5,0.5,0.0,0.0
Bard,Yorick,8,4,0.5,0.5,0.0,0.0
Aurora,LeBlanc,8,4,0.5,0.5,0.0,0.0
LeBlanc,Aurora,8,4,0.5,0.5,0.0,0.0
Orianna,Sylas,8,4,0.5,0.5,0.0,0.0
Sylas,Orianna,8,4,0.5,0.5,0.0,0.0
Ryze,Akali,8,4,0.5,0.5,0.0,0.0
Akali,Ryze,8,4,0.5,0.5,0.0,0.0
Jax,Nautilus,8,4,0.5,0.5,0.0,0.0
Nautilus,Jax,8,4,0.5,0.5,0.0,0.0
Annie,Sivir,8,4,0.5,0.5,0.0,0.0
Sivir,Annie,8,4,0.5,0.5,0.0,0.0
Leona,Ezreal,8,4,0.5,0.5,0.0,0.0
Ezreal,Leona,8,4,0.5,0.5,0.0,0.0
Sion,Ornn,8,4,0.5,0.5,0.0,0.0
Ornn,Sion,8,4,0.5,0.5,0.0,0.0
Ornn,Ambessa,8,4,0.5,0.5,0.0,0.0
Ambessa,Ornn,8,4,0.5,0.5,0.0,0.0
Caitlyn,Aatrox,8,4,0.5,0.5,0.0,0.0
Aatrox,Caitlyn,8,4,0.5,0.5,0.0,0.0
Ashe,Zaahen,8,4,0.5,0.5,0.0,0.0
Zaahen,Ashe,8,4,0.5,0.5,0.0,0.0
Smolder,Galio,8,4,0.5,0.5,0.0,0.0
Galio,Smolder,8,4,0.5,0.5,0.0,0.0
Sivir,Kai'Sa,8,4,0.5,0.5,0.0,0.0
Kai'Sa,Sivir,8,4,0.5,0.5,0.0,0.0
Jayce,Malphite,8,4,0.5,0.5,0.0,0.0
Malphite,Jayce,8,4,0.5,0.5,0.0,0.0
Ornn,Anivia,8,4,0.5,0.5,0.0,0.0
Anivia,Ornn,8,4,0.5,0.5,0.0,0.0
Aatrox,Seraphine,8,4,0.5,0.5,0.0,0.0
Seraphine,Aatrox,8,4,0.5,0.5,0.0,0.0
Miss Fortune,Seraphine,8,4,0.5,0.5,0.0,0.0
Seraphine,Miss Fortune,8,4,0.5,0.5,0.0,0.0
Xayah,Sion,8,4,0.5,0.5,0.0,0.0
Sion,Xayah,8,4,0.5,0.5,0.0,0.0
Nocturne,Smolder,8,4,0.5,0.5,0.0,0.0
Smolder,Nocturne,8,4,0.5,0.5,0.0,0.0
Jax,Anivia,8,4,0.5,0.5,0.0,0.0
Anivia,Jax,8,4,0.5,0.5,0.0,0.0
Renekton,Rakan,8,4,0.5,0.5,0.0,0.0
Rakan,Renekton,8,4,0.5,0.5,0.0,0.0
Miss Fortune,Rumble,8,4,0.5,0.5,0.0,0.0
Rumble,Miss Fortune,8,4,0.5,0.5,0.0,0.0
Kai'Sa,Syndra,8,4,0.5,0.5,0.0,0.0
Syndra,Kai'Sa,8,4,0.5,0.5,0.0,0.0
LeBlanc,Nami,8,4,0.5,0.5,0.0,0.0
Nami,LeBlanc,8,4,0.5,0.5,0.0,0.0
Miss Fortune,Corki,8,4,0.5,0.5,0.0,0.0
Corki,Miss Fortune,8,4,0.5,0.5,0.0,0.0
Galio,Skarner,8,4,0.5,0.5,0.0,0.0
Skarner,Galio,8,4,0.5,0.5,0.0,0.0
Taliyah,Rell,8,4,0.5,0.5,0.0,0.0
Rell,Taliyah,8,4,0.5,0.5,0.0,0.0
Lux,Jhin,8,4,0.5,0.5,0.0,0.0
Jhin,Lux,8,4,0.5,0.5,0.0,0.0
Nautilus,Miss Fortune,8,4,0.5,0.5,0.0,0.0
Miss Fortune,Nautilus,8,4,0.5,0.5,0.0,0.0
Gwen,Mel,6,3,0.5,0.5,0.0,0.0
Mel,Gwen,6,3,0.5,0.5,0.0,0.0
Tristana,Naafiri,6,3,0.5,0.5,0.0,0.0
Naafiri,Tristana,6,3,0.5,0.5,0.0,0.0
Lissandra,Vi,6,3,0.5,0.5,0.0,0.0
Vi,Lissandra,6,3,0.5,0.5,0.0,0.0
Vi,Hwei,6,3,0.5,0.5,0.0,0.0
Hwei,Vi,6,3,0.5,0.5,0.0,0.0
Zaahen,Lucian,6,3,0.5,0.5,0.0,0.0
Lucian,Zaahen,6,3,0.5,0.5,0.0,0.0
Vi,Kai'Sa,6,3,0.5,0.5,0.0,0.0
Kai'Sa,Vi,6,3,0.5,0.5,0.0,0.0
Varus,Zeri,6,3,0.5,0.5,0.0,0.0
Zeri,Varus,6,3,0.5,0.5,0.0,0.0
Syndra,Zaahen,6,3,0.5,0.5,0.0,0.0
Zaahen,Syndra,6,3,0.5,0.5,0.0,0.0
Rumble,Braum,6,3,0.5,0.5,0.0,0.0
Braum,Rumble,6,3,0.5,0.5,0.0,0.0
Tristana,Pantheon,6,3,0.5,0.5,0.0,0.0
Pantheon,Tristana,6,3,0.5,0.5,0.0,0.0
Hwei,Ornn,6,3,0.5,0.5,0.0,0.0
Ornn,Hwei,6,3,0.5,0.5,0.0,0.0
Viktor,Yorick,6,3,0.5,0.5,0.0,0.0
Yorick,Viktor,6,3,0.5,0.5,0.0,0.0
Trundle,Karma,6,3,0.5,0.5,0.0,0.0
Karma,Trundle,6,3,0.5,0.5,0.0,0.0
Yone,Jhin,6,3,0.5,0.5,0.0,0.0
Jhin,Yone,6,3,0.5,0.5,0.0,0.0
Jayce,Rumble,6,3,0.5,0.5,0.0,0.0
Zeri,Pantheon,6,3,0.5,0.5,0.0,0.0
Pantheon,Zeri,6,3,0.5,0.5,0.0,0.0
Rumble,Jayce,6,3,0.5,0.5,0.0,0.0
Bard,Alistar,6,3,0.5,0.5,0.0,0.0
Alistar,Bard,6,3,0.5,0.5,0.0,0.0
Gragas,Pantheon,6,3,0.5,0.5,0.0,0.0
Pantheon,Gragas,6,3,0.5,0.5,0.0,0.0
Alistar,Jayce,6,3,0.5,0.5,0.0,0.0
Jayce,Alistar,6,3,0.5,0.5,0.0,0.0
Jayce,Yone,6,3,0.5,0.5,0.0,0.0
Yone,Jayce,6,3,0.5,0.5,0.0,0.0
Elise,Bard,6,3,0.5,0.5,0.0,0.0
Bard,Elise,6,3,0.5,0.5,0.0,0.0
Azir,Mel,6,3,0.5,0.5,0.0,0.0
Mel,Azir,6,3,0.5,0.5,0.0,0.0
Kai'Sa,Ornn,6,3,0.5,0.5,0.0,0.0
Ornn,Kai'Sa,6,3,0.5,0.5,0.0,0.0
Kalista,Milio,6,3,0.5,0.5,0.0,0.0
Renata Glasc,Milio,6,3,0.5,0.5,0.0,0.0
Milio,Kalista,6,3,0.5,0.5,0.0,0.0
Milio,Renata Glasc,6,3,0.5,0.5,0.0,0.0
Shyvana,Gnar,6,3,0.5,0.5,0.0,0.0
Gnar,Shyvana,6,3,0.5,0.5,0.0,0.0
Rakan,Zeri,6,3,0.5,0.5,0.0,0.0
Zeri,Rakan,6,3,0.5,0.5,0.0,0.0
Jayce,Miss Fortune,6,3,0.5,0.5,0.0,0.0
Twisted Fate,Miss Fortune,6,3,0.5,0.5,0.0,0.0
Miss Fortune,Jayce,6,3,0.5,0.5,0.0,0.0
Miss Fortune,Twisted Fate,6,3,0.5,0.5,0.0,0.0
Vayne,Nami,6,3,0.5,0.5,0.0,0.0
Nami,Vayne,6,3,0.5,0.5,0.0,0.0
Vayne,Aurora,6,3,0.5,0.5,0.0,0.0
Aurora,Vayne,6,3,0.5,0.5,0.0,0.0
K'Sante,Dr. Mundo,6,3,0.5,0.5,0.0,0.0
Dr. Mundo,K'Sante,6,3,0.5,0.5,0.0,0.0
Twisted Fate,Milio,6,3,0.5,0.5,0.0,0.0
Milio,Twisted Fate,6,3,0.5,0.5,0.0,0.0
Lee Sin,Aatrox,6,3,0.5,0.5,0.0,0.0
Aatrox,Lee Sin,6,3,0.5,0.5,0.0,0.0
Pyke,Karma,6,3,0.5,0.5,0.0,0.0
Karma,Pyke,6,3,0.5,0.5,0.0,0.0
Zaahen,Malphite,6,3,0.5,0.5,0.0,0.0
Malphite,Zaahen,6,3,0.5,0.5,0.0,0.0
Pantheon,Miss Fortune,6,3,0.5,0.5,0.0,0.0
Miss Fortune,Pantheon,6,3,0.5,0.5,0.0,0.0
Aurora,Sylas,6,3,0.5,0.5,0.0,0.0
Sylas,Aurora,6,3,0.5,0.5,0.0,0.0
Skarner,Azir,6,3,0.5,0.5,0.0,0.0
Azir,Skarner,6,3,0.5,0.5,0.0,0.0
Pantheon,Gwen,6,3,0.5,0.5,0.0,0.0
Gwen,Pantheon,6,3,0.5,0.5,0.0,0.0
Jhin,Pyke,6,3,0.5,0.5,0.0,0.0
Pyke,Jhin,6,3,0.5,0.5,0.0,0.0
Anivia,Ziggs,6,3,0.5,0.5,0.0,0.0
Ziggs,Anivia,6,3,0.5,0.5,0.0,0.0
Bard,Malphite,6,3,0.5,0.5,0.0,0.0
Pantheon,Malphite,6,3,0.5,0.5,0.0,0.0
Malphite,Bard,6,3,0.5,0.5,0.0,0.0
Malphite,Pantheon,6,3,0.5,0.5,0.0,0.0
Sejuani,Naafiri,6,3,0.5,0.5,0.0,0.0
Naafiri,Sejuani,6,3,0.5,0.5,0.0,0.0
Nami,Senna,6,3,0.5,0.5,0.0,0.0
Senna,Nami,6,3,0.5,0.5,0.0,0.0
Yorick,Senna,6,3,0.5,0.5,0.0,0.0
Senna,Yorick,6,3,0.5,0.5,0.0,0.0
Rakan,Sivir,6,3,0.5,0.5,0.0,0.0
Sivir,Rakan,6,3,0.5,0.5,0.0,0.0
Shen,Ryze,6,3,0.5,0.5,0.0,0.0
Ryze,Shen,6,3,0.5,0.5,0.0,0.0
Nocturne,Twisted Fate,6,3,0.5,0.5,0.0,0.0
Twisted Fate,Nocturne,6,3,0.5,0.5,0.0,0.0
Varus,Malphite,6,3,0.5,0.5,0.0,0.0
Malphite,Varus,6,3,0.5,0.5,0.0,0.0
Mel,Trundle,6,3,0.5,0.5,0.0,0.0
Milio,Vayne,6,3,0.5,0.5,0.0,0.0
Trundle,Mel,6,3,0.5,0.5,0.0,0.0
Vayne,Milio,6,3,0.5,0.5,0.0,0.0
Gwen,Nami,6,3,0.5,0.5,0.0,0.0
Nami,Gwen,6,3,0.5,0.5,0.0,0.0
Pantheon,Aphelios,6,3,0.5,0.5,0.0,0.0
Aphelios,Pantheon,6,3,0.5,0.5,0.0,0.0
Xayah,Aatrox,6,3,0.5,0.5,0.0,0.0
Aatrox,Xayah,6,3,0.5,0.5,0.0,0.0
Leona,Yunara,6,3,0.5,0.5,0.0,0.0
Yunara,Leona,6,3,0.5,0.5,0.0,0.0
Qiyana,Ashe,6,3,0.5,0.5,0.0,0.0
Ashe,Qiyana,6,3,0.5,0.5,0.0,0.0
Jarvan IV,Malphite,6,3,0.5,0.5,0.0,0.0
Malphite,Jarvan IV,6,3,0.5,0.5,0.0,0.0
Karma,Senna,6,3,0.5,0.5,0.0,0.0
Senna,Karma,6,3,0.5,0.5,0.0,0.0
Taliyah,Aphelios,6,3,0.5,0.5,0.0,0.0
Aphelios,Taliyah,6,3,0.5,0.5,0.0,0.0
Annie,Shen,6,3,0.5,0.5,0.0,0.0
Vi,Ziggs,6,3,0.5,0.5,0.0,0.0
Shen,Annie,6,3,0.5,0.5,0.0,0.0
Ziggs,Vi,6,3,0.5,0.5,0.0,0.0
Skarner,Sivir,6,3,0.5,0.5,0.0,0.0
Sivir,Skarner,6,3,0.5,0.5,0.0,0.0
Pantheon,Poppy,6,3,0.5,0.5,0.0,0.0
Poppy,Pantheon,6,3,0.5,0.5,0.0,0.0
Maokai,Skarner,6,3,0.5,0.5,0.0,0.0
Skarner,Maokai,6,3,0.5,0.5,0.0,0.0
Leona,Seraphine,6,3,0.5,0.5,0.0,0.0
Seraphine,Leona,6,3,0.5,0.5,0.0,0.0
Galio,Ambessa,6,3,0.5,0.5,0.0,0.0
Ambessa,Galio,6,3,0.5,0.5,0.0,0.0
Vayne,Miss Fortune,6,3,0.5,0.5,0.0,0.0
Miss Fortune,Vayne,6,3,0.5,0.5,0.0,0.0
Cassiopeia,Taliyah,6,3,0.5,0.5,0.0,0.0
Taliyah,Cassiopeia,6,3,0.5,0.5,0.0,0.0
Jax,Lulu,6,3,0.5,0.5,0.0,0.0
Lulu,Jax,6,3,0.5,0.5,0.0,0.0
Orianna,Irelia,4,2,0.5,0.5,0.0,0.0
Irelia,Orianna,4,2,0.5,0.5,0.0,0.0
Zoe,Ambessa,4,2,0.5,0.5,0.0,0.0
Ambessa,Zoe,4,2,0.5,0.5,0.0,0.0
Mel,Naafiri,4,2,0.5,0.5,0.0,0.0
Naafiri,Mel,4,2,0.5,0.5,0.0,0.0
Kai'Sa,Zaahen,4,2,0.5,0.5,0.0,0.0
Zaahen,Kai'Sa,4,2,0.5,0.5,0.0,0.0
Twisted Fate,Yorick,4,2,0.5,0.5,0.0,0.0
Yorick,Twisted Fate,4,2,0.5,0.5,0.0,0.0
Xayah,Lee Sin,4,2,0.5,0.5,0.0,0.0
Lee Sin,Xayah,4,2,0.5,0.5,0.0,0.0
Yunara,Irelia,4,2,0.5,0.5,0.0,0.0
Irelia,Yunara,4,2,0.5,0.5,0.0,0.0
Alistar,Xin Zhao,4,2,0.5,0.5,0.0,0.0
Xin Zhao,Alistar,4,2,0.5,0.5,0.0,0.0
Lucian,Kog'Maw,4,2,0.5,0.5,0.0,0.0
Kog'Maw,Lucian,4,2,0.5,0.5,0.0,0.0
Thresh,K'Sante,4,2,0.5,0.5,0.0,0.0
Thresh,LeBlanc,4,2,0.5,0.5,0.0,0.0
K'Sante,Thresh,4,2,0.5,0.5,0.0,0.0
LeBlanc,Thresh,4,2,0.5,0.5,0.0,0.0
Zoe,Yunara,4,2,0.5,0.5,0.0,0.0
Yunara,Zoe,4,2,0.5,0.5,0.0,0.0
Bard,Kennen,4,2,0.5,0.5,0.0,0.0
Kennen,Bard,4,2,0.5,0.5,0.0,0.0
Sejuani,Yunara,4,2,0.5,0.5,0.0,0.0
Yunara,Sejuani,4,2,0.5,0.5,0.0,0.0
Rakan,Sejuani,4,2,0.5,0.5,0.0,0.0
Xayah,Cassiopeia,4,2,0.5,0.5,0.0,0.0
Cassiopeia,Xayah,4,2,0.5,0.5,0.0,0.0
Sejuani,Rakan,4,2,0.5,0.5,0.0,0.0
Viktor,Xayah,4,2,0.5,0.5,0.0,0.0
Xayah,Viktor,4,2,0.5,0.5,0.0,0.0
K'Sante,Aphelios,4,2,0.5,0.5,0.0,0.0
Maokai,Rumble,4,2,0.5,0.5,0.0,0.0
Maokai,Sejuani,4,2,0.5,0.5,0.0,0.0
Aphelios,K'Sante,4,2,0.5,0.5,0.0,0.0
Rumble,Maokai,4,2,0.5,0.5,0.0,0.0
Sejuani,Maokai,4,2,0.5,0.5,0.0,0.0
Sejuani,Seraphine,4,2,0.5,0.5,0.0,0.0
Seraphine,Sejuani,4,2,0.5,0.5,0.0,0.0
Annie,Olaf,4,2,0.5,0.5,0.0,0.0
Nami,Hwei,4,2,0.5,0.5,0.0,0.0
Hwei,Nami,4,2,0.5,0.5,0.0,0.0
Olaf,Annie,4,2,0.5,0.5,0.0,0.0
Gragas,Sion,4,2,0.5,0.5,0.0,0.0
Sion,Gragas,4,2,0.5,0.5,0.0,0.0
Lux,Yorick,4,2,0.5,0.5,0.0,0.0
Lux,Yunara,4,2,0.5,0.5,0.0,0.0
Yorick,Lux,4,2,0.5,0.5,0.0,0.0
Yunara,Lux,4,2,0.5,0.5,0.0,0.0
Ahri,Zoe,4,2,0.5,0.5,0.0,0.0
Zoe,Ahri,4,2,0.5,0.5,0.0,0.0
Camille,Lulu,4,2,0.5,0.5,0.0,0.0
Lulu,Camille,4,2,0.5,0.5,0.0,0.0
Aatrox,Sylas,4,2,0.5,0.5,0.0,0.0
Sylas,Aatrox,4,2,0.5,0.5,0.0,0.0
Qiyana,Caitlyn,4,2,0.5,0.5,0.0,0.0
Caitlyn,Qiyana,4,2,0.5,0.5,0.0,0.0
Pantheon,Dr. Mundo,4,2,0.5,0.5,0.0,0.0
Dr. Mundo,Pantheon,4,2,0.5,0.5,0.0,0.0
Gragas,Anivia,4,2,0.5,0.5,0.0,0.0
Anivia,Gragas,4,2,0.5,0.5,0.0,0.0
Akali,Smolder,4,2,0.5,0.5,0.0,0.0
Smolder,Akali,4,2,0.5,0.5,0.0,0.0
Twisted Fate,Maokai,4,2,0.5,0.5,0.0,0.0
Maokai,Twisted Fate,4,2,0.5,0.5,0.0,0.0
Jarvan IV,Ziggs,4,2,0.5,0.5,0.0,0.0
Ziggs,Jarvan IV,4,2,0.5,0.5,0.0,0.0
Viktor,Vayne,4,2,0.5,0.5,0.0,0.0
Vayne,Viktor,4,2,0.5,0.5,0.0,0.0
Camille,Jayce,4,2,0.5,0.5,0.0,0.0
Jayce,Camille,4,2,0.5,0.5,0.0,0.0
Renata Glasc,Taliyah,4,2,0.5,0.5,0.0,0.0
Taliyah,Renata Glasc,4,2,0.5,0.5,0.0,0.0
Gragas,Lucian,4,2,0.5,0.5,0.0,0.0
Gragas,Nami,4,2,0.5,0.5,0.0,0.0
Lucian,Gragas,4,2,0.5,0.5,0.0,0.0
Nami,Gragas,4,2,0.5,0.5,0.0,0.0
Aphelios,Renekton,4,2,0.5,0.5,0.0,0.0
Renekton,Aphelios,4,2,0.5,0.5,0.0,0.0
Naafiri,Jax,4,2,0.5,0.5,0.0,0.0
Jax,Naafiri,4,2,0.5,0.5,0.0,0.0
Tristana,Wukong,4,2,0.5,0.5,0.0,0.0
Wukong,Tristana,4,2,0.5,0.5,0.0,0.0
Caitlyn,Kennen,4,2,0.5,0.5,0.0,0.0
Kennen,Caitlyn,4,2,0.5,0.5,0.0,0.0
Rumble,Senna,4,2,0.5,0.5,0.0,0.0
Syndra,Akali,4,2,0.5,0.5,0.0,0.0
Akali,Syndra,4,2,0.5,0.5,0.0,0.0
Senna,Rumble,4,2,0.5,0.5,0.0,0.0
Maokai,Gwen,4,2,0.5,0.5,0.0,0.0
Gwen,Maokai,4,2,0.5,0.5,0.0,0.0
Ahri,Senna,4,2,0.5,0.5,0.0,0.0
Senna,Ahri,4,2,0.5,0.5,0.0,0.0
Kha'Zix,Bard,4,2,0.5,0.5,0.0,0.0
Bard,Kha'Zix,4,2,0.5,0.5,0.0,0.0
Renekton,Xayah,4,2,0.5,0.5,0.0,0.0
Xayah,Renekton,4,2,0.5,0.5,0.0,0.0
Nautilus,Malphite,4,2,0.5,0.5,0.0,0.0
Malphite,Nautilus,4,2,0.5,0.5,0.0,0.0
Rek'Sai,Viktor,4,2,0.5,0.5,0.0,0.0
Viktor,Rek'Sai,4,2,0.5,0.5,0.0,0.0
Orianna,Syndra,4,2,0.5,0.5,0.0,0.0
Syndra,Orianna,4,2,0.5,0.5,0.0,0.0
Zeri,Azir,4,2,0.5,0.5,0.0,0.0
Azir,Zeri,4,2,0.5,0.5,0.0,0.0
K'Sante,Ziggs,4,2,0.5,0.5,0.0,0.0
Ziggs,K'Sante,4,2,0.5,0.5,0.0,0.0
Viktor,Yone,4,2,0.5,0.5,0.0,0.0
Yone,Viktor,4,2,0.5,0.5,0.0,0.0
Rek'Sai,Nami,4,2,0.5,0.5,0.0,0.0
Nami,Rek'Sai,4,2,0.5,0.5,0.0,0.0
Ornn,Shen,4,2,0.5,0.5,0.0,0.0
Shen,Ornn,4,2,0.5,0.5,0.0,0.0
Rakan,Vayne,4,2,0.5,0.5,0.0,0.0
Vayne,Rakan,4,2,0.5,0.5,0.0,0.0
Gnar,Ornn,4,2,0.5,0.5,0.0,0.0
Ornn,Gnar,4,2,0.5,0.5,0.0,0.0
Annie,Aphelios,4,2,0.5,0.5,0.0,0.0
Aphelios,Annie,4,2,0.5,0.5,0.0,0.0
Braum,Taliyah,4,2,0.5,0.5,0.0,0.0
Dr. Mundo,Wukong,4,2,0.5,0.5,0.0,0.0
Taliyah,Braum,4,2,0.5,0.5,0.0,0.0
Wukong,Dr. Mundo,4,2,0.5,0.5,0.0,0.0
Yasuo,Wukong,4,2,0.5,0.5,0.0,0.0
Wukong,Yasuo,4,2,0.5,0.5,0.0,0.0
Aphelios,Yuumi,4,2,0.5,0.5,0.0,0.0
Yuumi,Aphelios,4,2,0.5,0.5,0.0,0.0
Aurora,Olaf,4,2,0.5,0.5,0.0,0.0
Olaf,Aurora,4,2,0.5,0.5,0.0,0.0
Nocturne,Zeri,4,2,0.5,0.5,0.0,0.0
Zeri,Nocturne,4,2,0.5,0.5,0.0,0.0
Ryze,Leona,4,2,0.5,0.5,0.0,0.0
Leona,Ryze,4,2,0.5,0.5,0.0,0.0
Yorick,Mel,4,2,0.5,0.5,0.0,0.0
Mel,Yorick,4,2,0.5,0.5,0.0,0.0
Jax,Nami,4,2,0.5,0.5,0.0,0.0
Nami,Jax,4,2,0.5,0.5,0.0,0.0
Ahri,Kalista,4,2,0.5,0.5,0.0,0.0
Kalista,Ahri,4,2,0.5,0.5,0.0,0.0
Cassiopeia,Aphelios,4,2,0.5,0.5,0.0,0.0
Thresh,Skarner,4,2,0.5,0.5,0.0,0.0
Aphelios,Cassiopeia,4,2,0.5,0.5,0.0,0.0
Skarner,Thresh,4,2,0.5,0.5,0.0,0.0
Ambessa,Braum,4,2,0.5,0.5,0.0,0.0
Braum,Ambessa,4,2,0.5,0.5,0.0,0.0
Fiora,K'Sante,4,2,0.5,0.5,0.0,0.0
Senna,K'Sante,4,2,0.5,0.5,0.0,0.0
K'Sante,Fiora,4,2,0.5,0.5,0.0,0.0
K'Sante,Senna,4,2,0.5,0.5,0.0,0.0
Irelia,Pantheon,4,2,0.5,0.5,0.0,0.0
Pantheon,Irelia,4,2,0.5,0.5,0.0,0.0
Kled,Sion,4,2,0.5,0.5,0.0,0.0
Sion,Kled,4,2,0.5,0.5,0.0,0.0
Olaf,Ryze,4,2,0.5,0.5,0.0,0.0
Ryze,Olaf,4,2,0.5,0.5,0.0,0.0
Galio,Malphite,4,2,0.5,0.5,0.0,0.0
Malphite,Galio,4,2,0.5,0.5,0.0,0.0
Orianna,Dr. Mundo,4,2,0.5,0.5,0.0,0.0
Dr. Mundo,Orianna,4,2,0.5,0.5,0.0,0.0
Kalista,Renekton,4,2,0.5,0.5,0.0,0.0
Renekton,Kalista,4,2,0.5,0.5,0.0,0.0
Kennen,Nautilus,4,2,0.5,0.5,0.0,0.0
Nautilus,Kennen,4,2,0.5,0.5,0.0,0.0
Annie,Sejuani,4,2,0.5,0.5,0.0,0.0
Sejuani,Annie,4,2,0.5,0.5,0.0,0.0
Kai'Sa,Trundle,4,2,0.5,0.5,0.0,0.0
Trundle,Kai'Sa,4,2,0.5,0.5,0.0,0.0
Azir,Trundle,4,2,0.5,0.5,0.0,0.0
Trundle,Azir,4,2,0.5,0.5,0.0,0.0
Pyke,Aurora,4,2,0.5,0.5,0.0,0.0
Aurora,Pyke,4,2,0.5,0.5,0.0,0.0
Anivia,Dr. Mundo,4,2,0.5,0.5,0.0,0.0
Dr. Mundo,Anivia,4,2,0.5,0.5,0.0,0.0
Kai'Sa,LeBlanc,4,2,0.5,0.5,0.0,0.0
LeBlanc,Kai'Sa,4,2,0.5,0.5,0.0,0.0
Ryze,Kha'Zix,4,2,0.5,0.5,0.0,0.0
Kha'Zix,Ryze,4,2,0.5,0.5,0.0,0.0
Renekton,Gragas,4,2,0.5,0.5,0.0,0.0
Gragas,Renekton,4,2,0.5,0.5,0.0,0.0
Taliyah,Ornn,4,2,0.5,0.5,0.0,0.0
Ornn,Taliyah,4,2,0.5,0.5,0.0,0.0
Miss Fortune,Akali,4,2,0.5,0.5,0.0,0.0
Akali,Miss Fortune,4,2,0.5,0.5,0.0,0.0
Yunara,Viego,4,2,0.5,0.5,0.0,0.0
Viego,Yunara,4,2,0.5,0.5,0.0,0.0
Twisted Fate,Sylas,4,2,0.5,0.5,0.0,0.0
Sylas,Twisted Fate,4,2,0.5,0.5,0.0,0.0
Naafiri,Ziggs,4,2,0.5,0.5,0.0,0.0
Xayah,Rell,4,2,0.5,0.5,0.0,0.0
Rell,Xayah,4,2,0.5,0.5,0.0,0.0
Ziggs,Naafiri,4,2,0.5,0.5,0.0,0.0
Caitlyn,Jinx,4,2,0.5,0.5,0.0,0.0
Jinx,Caitlyn,4,2,0.5,0.5,0.0,0.0
Gragas,Caitlyn,4,2,0.5,0.5,0.0,0.0
Caitlyn,Gragas,4,2,0.5,0.5,0.0,0.0
Jax,Jhin,4,2,0.5,0.5,0.0,0.0
Jhin,Jax,4,2,0.5,0.5,0.0,0.0
Zaahen,Annie,4,2,0.5,0.5,0.0,0.0
Annie,Zaahen,4,2,0.5,0.5,0.0,0.0
Maokai,Nami,4,2,0.5,0.5,0.0,0.0
Maokai,Trundle,4,2,0.5,0.5,0.0,0.0
Nami,Maokai,4,2,0.5,0.5,0.0,0.0
Trundle,Maokai,4,2,0.5,0.5,0.0,0.0
Xayah,Jarvan IV,4,2,0.5,0.5,0.0,0.0
Jarvan IV,Xayah,4,2,0.5,0.5,0.0,0.0
Rumble,Pyke,4,2,0.5,0.5,0.0,0.0
Rumble,Sylas,4,2,0.5,0.5,0.0,0.0
Pyke,Rumble,4,2,0.5,0.5,0.0,0.0
Sylas,Rumble,4,2,0.5,0.5,0.0,0.0
Bard,Hecarim,4,2,0.5,0.5,0.0,0.0
Hecarim,Bard,4,2,0.5,0.5,0.0,0.0
Senna,Bard,4,2,0.5,0.5,0.0,0.0
Bard,Senna,4,2,0.5,0.5,0.0,0.0
Rakan,Olaf,4,2,0.5,0.5,0.0,0.0
Olaf,Rakan,4,2,0.5,0.5,0.0,0.0
LeBlanc,Annie,4,2,0.5,0.5,0.0,0.0
Annie,LeBlanc,4,2,0.5,0.5,0.0,0.0
Mel,Braum,4,2,0.5,0.5,0.0,0.0
Braum,Mel,4,2,0.5,0.5,0.0,0.0
Ziggs,Lulu,4,2,0.5,0.5,0.0,0.0
Lulu,Ziggs,4,2,0.5,0.5,0.0,0.0
Ornn,Alistar,4,2,0.5,0.5,0.0,0.0
Alistar,Ornn,4,2,0.5,0.5,0.0,0.0
Cassiopeia,Gwen,4,2,0.5,0.5,0.0,0.0
Gwen,Cassiopeia,4,2,0.5,0.5,0.0,0.0
Cassiopeia,Pyke,4,2,0.5,0.5,0.0,0.0
Pyke,Cassiopeia,4,2,0.5,0.5,0.0,0.0
Poppy,Ahri,4,2,0.5,0.5,0.0,0.0
Ahri,Poppy,4,2,0.5,0.5,0.0,0.0
Renekton,Malphite,4,2,0.5,0.5,0.0,0.0
Malphite,Renekton,4,2,0.5,0.5,0.0,0.0
Rell,Olaf,4,2,0.5,0.5,0.0,0.0
Olaf,Rell,4,2,0.5,0.5,0.0,0.0
Ambessa,Gwen,4,2,0.5,0.5,0.0,0.0
Gwen,Ambessa,4,2,0.5,0.5,0.0,0.0
Pyke,Viktor,4,2,0.5,0.5,0.0,0.0
Viktor,Pyke,4,2,0.5,0.5,0.0,0.0
Nami,Kennen,4,2,0.5,0.5,0.0,0.0
Kennen,Nami,4,2,0.5,0.5,0.0,0.0
Trundle,Ornn,4,2,0.5,0.5,0.0,0.0
Ornn,Trundle,4,2,0.5,0.5,0.0,0.0
Senna,Ornn,4,2,0.5,0.5,0.0,0.0
Ornn,Senna,4,2,0.5,0.5,0.0,0.0
Ambessa,Twisted Fate,4,2,0.5,0.5,0.0,0.0
Twisted Fate,Ambessa,4,2,0.5,0.5,0.0,0.0
Galio,Jayce,4,2,0.5,0.5,0.0,0.0
Jayce,Galio,4,2,0.5,0.5,0.0,0.0
Mel,Neeko,4,2,0.5,0.5,0.0,0.0
Neeko,Mel,4,2,0.5,0.5,0.0,0.0
Sejuani,Sivir,4,2,0.5,0.5,0.0,0.0
Sivir,Sejuani,4,2,0.5,0.5,0.0,0.0
Ashe,Fiora,4,2,0.5,0.5,0.0,0.0
Seraphine,Fiora,4,2,0.5,0.5,0.0,0.0
Fiora,Ashe,4,2,0.5,0.5,0.0,0.0
Fiora,Seraphine,4,2,0.5,0.5,0.0,0.0
Miss Fortune,Leona,4,2,0.5,0.5,0.0,0.0
Leona,Miss Fortune,4,2,0.5,0.5,0.0,0.0
Blitzcrank,Lucian,4,2,0.5,0.5,0.0,0.0
Lucian,Blitzcrank,4,2,0.5,0.5,0.0,0.0
Ornn,Vayne,4,2,0.5,0.5,0.0,0.0
Trundle,Shen,4,2,0.5,0.5,0.0,0.0
Shen,Trundle,4,2,0.5,0.5,0.0,0.0
Vayne,Ornn,4,2,0.5,0.5,0.0,0.0
Renekton,Leona,4,2,0.5,0.5,0.0,0.0
Leona,Renekton,4,2,0.5,0.5,0.0,0.0
Amumu,Wukong,4,2,0.5,0.5,0.0,0.0
Naafiri,Smolder,4,2,0.5,0.5,0.0,0.0
Smolder,Naafiri,4,2,0.5,0.5,0.0,0.0
Wukong,Amumu,4,2,0.5,0.5,0.0,0.0
Maokai,Jarvan IV,4,2,0.5,0.5,0.0,0.0
Zeri,Jarvan IV,4,2,0.5,0.5,0.0,0.0
Jarvan IV,Maokai,4,2,0.5,0.5,0.0,0.0
Jarvan IV,Zeri,4,2,0.5,0.5,0.0,0.0
Galio,Sylas,4,2,0.5,0.5,0.0,0.0
Sylas,Galio,4,2,0.5,0.5,0.0,0.0
Jax,Viktor,4,2,0.5,0.5,0.0,0.0
Viktor,Jax,4,2,0.5,0.5,0.0,0.0
Camille,Ezreal,4,2,0.5,0.5,0.0,0.0
Ezreal,Camille,4,2,0.5,0.5,0.0,0.0
Nautilus,Zeri,4,2,0.5,0.5,0.0,0.0
Zeri,Nautilus,4,2,0.5,0.5,0.0,0.0
Veigar,Seraphine,4,2,0.5,0.5,0.0,0.0
Seraphine,Veigar,4,2,0.5,0.5,0.0,0.0
Jinx,Annie,4,2,0.5,0.5,0.0,0.0
Annie,Jinx,4,2,0.5,0.5,0.0,0.0
Ashe,Lux,4,2,0.5,0.5,0.0,0.0
Lux,Ashe,4,2,0.5,0.5,0.0,0.0
Gnar,Galio,4,2,0.5,0.5,0.0,0.0
Galio,Gnar,4,2,0.5,0.5,0.0,0.0
Tristana,Alistar,4,2,0.5,0.5,0.0,0.0
Alistar,Tristana,4,2,0.5,0.5,0.0,0.0
Gragas,Ornn,4,2,0.5,0.5,0.0,0.0
Ornn,Gragas,4,2,0.5,0.5,0.0,0.0
Sylas,Cassiopeia,2,1,0.5,0.5,0.0,0.0
Cassiopeia,Sylas,2,1,0.5,0.5,0.0,0.0
Gnar,Thresh,2,1,0.5,0.5,0.0,0.0
Mel,LeBlanc,2,1,0.5,0.5,0.0,0.0
LeBlanc,Mel,2,1,0.5,0.5,0.0,0.0
Thresh,Gnar,2,1,0.5,0.5,0.0,0.0
Lissandra,Rumble,2,1,0.5,0.5,0.0,0.0
Rumble,Lissandra,2,1,0.5,0.5,0.0,0.0
Orianna,Hwei,2,1,0.5,0.5,0.0,0.0
Orianna,Pyke,2,1,0.5,0.5,0.0,0.0
Hwei,Orianna,2,1,0.5,0.5,0.0,0.0
Pyke,Orianna,2,1,0.5,0.5,0.0,0.0
Milio,Lissandra,2,1,0.5,0.5,0.0,0.0
Lissandra,Milio,2,1,0.5,0.5,0.0,0.0
Shyvana,Caitlyn,2,1,0.5,0.5,0.0,0.0
Caitlyn,Shyvana,2,1,0.5,0.5,0.0,0.0
Yasuo,Xin Zhao,2,1,0.5,0.5,0.0,0.0
Xin Zhao,Yasuo,2,1,0.5,0.5,0.0,0.0
Alistar,Zeri,2,1,0.5,0.5,0.0,0.0
Zeri,Alistar,2,1,0.5,0.5,0.0,0.0
Hwei,Ahri,2,1,0.5,0.5,0.0,0.0
Hwei,Jax,2,1,0.5,0.5,0.0,0.0
Olaf,Ahri,2,1,0.5,0.5,0.0,0.0
Ahri,Hwei,2,1,0.5,0.5,0.0,0.0
Ahri,Olaf,2,1,0.5,0.5,0.0,0.0
Jax,Hwei,2,1,0.5,0.5,0.0,0.0
Wukong,Kog'Maw,2,1,0.5,0.5,0.0,0.0
Kog'Maw,Wukong,2,1,0.5,0.5,0.0,0.0
Draven,Xin Zhao,2,1,0.5,0.5,0.0,0.0
Thresh,Braum,2,1,0.5,0.5,0.0,0.0
Braum,Thresh,2,1,0.5,0.5,0.0,0.0
Xin Zhao,Draven,2,1,0.5,0.5,0.0,0.0
Lulu,Braum,2,1,0.5,0.5,0.0,0.0
Zoe,Orianna,2,1,0.5,0.5,0.0,0.0
Braum,Lulu,2,1,0.5,0.5,0.0,0.0
Orianna,Zoe,2,1,0.5,0.5,0.0,0.0
Gragas,LeBlanc,2,1,0.5,0.5,0.0,0.0
Sejuani,Alistar,2,1,0.5,0.5,0.0,0.0
Alistar,Sejuani,2,1,0.5,0.5,0.0,0.0
LeBlanc,Gragas,2,1,0.5,0.5,0.0,0.0
Gragas,Kai'Sa,2,1,0.5,0.5,0.0,0.0
Gragas,Taliyah,2,1,0.5,0.5,0.0,0.0
Kai'Sa,Gragas,2,1,0.5,0.5,0.0,0.0
Taliyah,Gragas,2,1,0.5,0.5,0.0,0.0
Rakan,Nidalee,2,1,0.5,0.5,0.0,0.0
Xin Zhao,Nidalee,2,1,0.5,0.5,0.0,0.0
Nidalee,Rakan,2,1,0.5,0.5,0.0,0.0
Nidalee,Xin Zhao,2,1,0.5,0.5,0.0,0.0
Shen,Taliyah,2,1,0.5,0.5,0.0,0.0
Taliyah,Shen,2,1,0.5,0.5,0.0,0.0
Miss Fortune,LeBlanc,2,1,0.5,0.5,0.0,0.0
LeBlanc,Miss Fortune,2,1,0.5,0.5,0.0,0.0
Camille,Azir,2,1,0.5,0.5,0.0,0.0
Azir,Camille,2,1,0.5,0.5,0.0,0.0
K'Sante,Camille,2,1,0.5,0.5,0.0,0.0
K'Sante,Cho'Gath,2,1,0.5,0.5,0.0,0.0
Zed,Ashe,2,1,0.5,0.5,0.0,0.0
Zed,Seraphine,2,1,0.5,0.5,0.0,0.0
Zed,Zac,2,1,0.5,0.5,0.0,0.0
Ashe,Zed,2,1,0.5,0.5,0.0,0.0
Camille,K'Sante,2,1,0.5,0.5,0.0,0.0
Cho'Gath,K'Sante,2,1,0.5,0.5,0.0,0.0
Seraphine,Zed,2,1,0.5,0.5,0.0,0.0
Zac,Zed,2,1,0.5,0.5,0.0,0.0
Qiyana,Milio,2,1,0.5,0.5,0.0,0.0
Milio,Qiyana,2,1,0.5,0.5,0.0,0.0
Gragas,Jhin,2,1,0.5,0.5,0.0,0.0
Jhin,Gragas,2,1,0.5,0.5,0.0,0.0
Corki,Shen,2,1,0.5,0.5,0.0,0.0
Shen,Corki,2,1,0.5,0.5,0.0,0.0
Braum,Caitlyn,2,1,0.5,0.5,0.0,0.0
Caitlyn,Braum,2,1,0.5,0.5,0.0,0.0
Alistar,Gwen,2,1,0.5,0.5,0.0,0.0
Kai'Sa,Miss Fortune,2,1,0.5,0.5,0.0,0.0
Gwen,Alistar,2,1,0.5,0.5,0.0,0.0
Miss Fortune,Kai'Sa,2,1,0.5,0.5,0.0,0.0
Azir,Ziggs,2,1,0.5,0.5,0.0,0.0
Ziggs,Azir,2,1,0.5,0.5,0.0,0.0
Azir,Irelia,2,1,0.5,0.5,0.0,0.0
Irelia,Azir,2,1,0.5,0.5,0.0,0.0
Shyvana,Ezreal,2,1,0.5,0.5,0.0,0.0
Ezreal,Shyvana,2,1,0.5,0.5,0.0,0.0
Sivir,Kalista,2,1,0.5,0.5,0.0,0.0
Sivir,Renata Glasc,2,1,0.5,0.5,0.0,0.0
Kalista,Sivir,2,1,0.5,0.5,0.0,0.0
Renata Glasc,Sivir,2,1,0.5,0.5,0.0,0.0
Tahm Kench,Ambessa,2,1,0.5,0.5,0.0,0.0
Tahm Kench,Jarvan IV,2,1,0.5,0.5,0.0,0.0
Tahm Kench,Mel,2,1,0.5,0.5,0.0,0.0
Ambessa,Tahm Kench,2,1,0.5,0.5,0.0,0.0
Jarvan IV,Tahm Kench,2,1,0.5,0.5,0.0,0.0
Mel,Tahm Kench,2,1,0.5,0.5,0.0,0.0
Morgana,Aurora,2,1,0.5,0.5,0.0,0.0
Morgana,Vi,2,1,0.5,0.5,0.0,0.0
Aurora,Morgana,2,1,0.5,0.5,0.0,0.0
Vi,Morgana,2,1,0.5,0.5,0.0,0.0
Amumu,Olaf,2,1,0.5,0.5,0.0,0.0
Kalista,Hwei,2,1,0.5,0.5,0.0,0.0
Kalista,Lee Sin,2,1,0.5,0.5,0.0,0.0
Hwei,Kalista,2,1,0.5,0.5,0.0,0.0
Lee Sin,Kalista,2,1,0.5,0.5,0.0,0.0
Olaf,Amumu,2,1,0.5,0.5,0.0,0.0
Camille,Miss Fortune,2,1,0.5,0.5,0.0,0.0
Miss Fortune,Camille,2,1,0.5,0.5,0.0,0.0
Ezreal,Kayle,2,1,0.5,0.5,0.0,0.0
K'Sante,Kayle,2,1,0.5,0.5,0.0,0.0
Kayle,Ezreal,2,1,0.5,0.5,0.0,0.0
Kayle,K'Sante,2,1,0.5,0.5,0.0,0.0
Poppy,Nami,2,1,0.5,0.5,0.0,0.0
Nami,Poppy,2,1,0.5,0.5,0.0,0.0
Irelia,Ryze,2,1,0.5,0.5,0.0,0.0
Ryze,Irelia,2,1,0.5,0.5,0.0,0.0
Aatrox,Aphelios,2,1,0.5,0.5,0.0,0.0
Yunara,Quinn,2,1,0.5,0.5,0.0,0.0
Aphelios,Aatrox,2,1,0.5,0.5,0.0,0.0
Quinn,Yunara,2,1,0.5,0.5,0.0,0.0
Nocturne,Diana,2,1,0.5,0.5,0.0,0.0
Diana,Nocturne,2,1,0.5,0.5,0.0,0.0
Rengar,Ashe,2,1,0.5,0.5,0.0,0.0
Rengar,Seraphine,2,1,0.5,0.5,0.0,0.0
Ashe,Rengar,2,1,0.5,0.5,0.0,0.0
Seraphine,Rengar,2,1,0.5,0.5,0.0,0.0
Bard,Zed,2,1,0.5,0.5,0.0,0.0
Caitlyn,Zed,2,1,0.5,0.5,0.0,0.0
Orianna,Kennen,2,1,0.5,0.5,0.0,0.0
Kennen,Orianna,2,1,0.5,0.5,0.0,0.0
Zed,Bard,2,1,0.5,0.5,0.0,0.0
Zed,Caitlyn,2,1,0.5,0.5,0.0,0.0
Naafiri,Volibear,2,1,0.5,0.5,0.0,0.0
Nami,Volibear,2,1,0.5,0.5,0.0,0.0
Volibear,Naafiri,2,1,0.5,0.5,0.0,0.0
Volibear,Nami,2,1,0.5,0.5,0.0,0.0
Gragas,Aatrox,2,1,0.5,0.5,0.0,0.0
Aatrox,Gragas,2,1,0.5,0.5,0.0,0.0
Maokai,Rakan,2,1,0.5,0.5,0.0,0.0
Swain,Gwen,2,1,0.5,0.5,0.0,0.0
Zed,Rakan,2,1,0.5,0.5,0.0,0.0
Gwen,Swain,2,1,0.5,0.5,0.0,0.0
Rakan,Maokai,2,1,0.5,0.5,0.0,0.0
Rakan,Zed,2,1,0.5,0.5,0.0,0.0
Pyke,Vayne,2,1,0.5,0.5,0.0,0.0
Vayne,Pyke,2,1,0.5,0.5,0.0,0.0
Zyra,Viktor,2,1,0.5,0.5,0.0,0.0
Viktor,Zyra,2,1,0.5,0.5,0.0,0.0
Nilah,Kai'Sa,2,1,0.5,0.5,0.0,0.0
Kai'Sa,Nilah,2,1,0.5,0.5,0.0,0.0
Vladimir,Aurora,2,1,0.5,0.5,0.0,0.0
Vladimir,Bard,2,1,0.5,0.5,0.0,0.0
Aurora,Vladimir,2,1,0.5,0.5,0.0,0.0
Bard,Vladimir,2,1,0.5,0.5,0.0,0.0
Azir,Swain,2,1,0.5,0.5,0.0,0.0
Kha'Zix,Anivia,2,1,0.5,0.5,0.0,0.0
Anivia,Kha'Zix,2,1,0.5,0.5,0.0,0.0
Swain,Azir,2,1,0.5,0.5,0.0,0.0
Sylas,Xayah,2,1,0.5,0.5,0.0,0.0
Xayah,Sylas,2,1,0.5,0.5,0.0,0.0
Elise,Miss Fortune,2,1,0.5,0.5,0.0,0.0
Miss Fortune,Elise,2,1,0.5,0.5,0.0,0.0
Amumu,Jhin,2,1,0.5,0.5,0.0,0.0
Amumu,Vayne,2,1,0.5,0.5,0.0,0.0
Kai'Sa,Twisted Fate,2,1,0.5,0.5,0.0,0.0
Jhin,Amumu,2,1,0.5,0.5,0.0,0.0
Twisted Fate,Kai'Sa,2,1,0.5,0.5,0.0,0.0
Vayne,Amumu,2,1,0.5,0.5,0.0,0.0
Aurelion Sol,Jarvan IV,2,1,0.5,0.5,0.0,0.0
Jarvan IV,Aurelion Sol,2,1,0.5,0.5,0.0,0.0
Aatrox,Smolder,2,1,0.5,0.5,0.0,0.0
Smolder,Aatrox,2,1,0.5,0.5,0.0,0.0
Syndra,Malphite,2,1,0.5,0.5,0.0,0.0
Malphite,Syndra,2,1,0.5,0.5,0.0,0.0
Rek'Sai,Yunara,2,1,0.5,0.5,0.0,0.0
Yunara,Rek'Sai,2,1,0.5,0.5,0.0,0.0
Kalista,Bard,2,1,0.5,0.5,0.0,0.0
Bard,Kalista,2,1,0.5,0.5,0.0,0.0
Kalista,Rumble,2,1,0.5,0.5,0.0,0.0
Kalista,Seraphine,2,1,0.5,0.5,0.0,0.0
Rumble,Kalista,2,1,0.5,0.5,0.0,0.0
Seraphine,Kalista,2,1,0.5,0.5,0.0,0.0
Cho'Gath,Naafiri,2,1,0.5,0.5,0.0,0.0
Naafiri,Cho'Gath,2,1,0.5,0.5,0.0,0.0
Braum,Zeri,2,1,0.5,0.5,0.0,0.0
Zeri,Braum,2,1,0.5,0.5,0.0,0.0
Naafiri,Malphite,2,1,0.5,0.5,0.0,0.0
Malphite,Naafiri,2,1,0.5,0.5,0.0,0.0
Lulu,Kog'Maw,2,1,0.5,0.5,0.0,0.0
Kog'Maw,Lulu,2,1,0.5,0.5,0.0,0.0
Viego,Sion,2,1,0.5,0.5,0.0,0.0
Sion,Viego,2,1,0.5,0.5,0.0,0.0
Nocturne,Hwei,2,1,0.5,0.5,0.0,0.0
Yone,Dr. Mundo,2,1,0.5,0.5,0.0,0.0
Yone,Zaahen,2,1,0.5,0.5,0.0,0.0
Dr. Mundo,Yone,2,1,0.5,0.5,0.0,0.0
Hwei,Nocturne,2,1,0.5,0.5,0.0,0.0
Zaahen,Yone,2,1,0.5,0.5,0.0,0.0
Jayce,Shen,2,1,0.5,0.5,0.0,0.0
Nidalee,Viktor,2,1,0.5,0.5,0.0,0.0
Shen,Jayce,2,1,0.5,0.5,0.0,0.0
Viktor,Nidalee,2,1,0.5,0.5,0.0,0.0
Ambessa,Qiyana,2,1,0.5,0.5,0.0,0.0
Blitzcrank,Caitlyn,2,1,0.5,0.5,0.0,0.0
Caitlyn,Blitzcrank,2,1,0.5,0.5,0.0,0.0
Qiyana,Ambessa,2,1,0.5,0.5,0.0,0.0
Sejuani,Nautilus,2,1,0.5,0.5,0.0,0.0
Nautilus,Sejuani,2,1,0.5,0.5,0.0,0.0
Nocturne,Zoe,2,1,0.5,0.5,0.0,0.0
Zoe,Nocturne,2,1,0.5,0.5,0.0,0.0
Kennen,Anivia,2,1,0.5,0.5,0.0,0.0
Kennen,Dr. Mundo,2,1,0.5,0.5,0.0,0.0
Anivia,Kennen,2,1,0.5,0.5,0.0,0.0
Dr. Mundo,Kennen,2,1,0.5,0.5,0.0,0.0
Akali,Soraka,2,1,0.5,0.5,0.0,0.0
Lucian,Soraka,2,1,0.5,0.5,0.0,0.0
Milio,Soraka,2,1,0.5,0.5,0.0,0.0
Soraka,Akali,2,1,0.5,0.5,0.0,0.0
Soraka,Lucian,2,1,0.5,0.5,0.0,0.0
Soraka,Milio,2,1,0.5,0.5,0.0,0.0
Aatrox,Kalista,2,1,0.5,0.5,0.0,0.0
Maokai,Kalista,2,1,0.5,0.5,0.0,0.0
Kalista,Aatrox,2,1,0.5,0.5,0.0,0.0
Kalista,Maokai,2,1,0.5,0.5,0.0,0.0
Gwen,LeBlanc,2,1,0.5,0.5,0.0,0.0
LeBlanc,Gwen,2,1,0.5,0.5,0.0,0.0
Ryze,Graves,2,1,0.5,0.5,0.0,0.0
Yasuo,Ashe,2,1,0.5,0.5,0.0,0.0
Ashe,Yasuo,2,1,0.5,0.5,0.0,0.0
Graves,Ryze,2,1,0.5,0.5,0.0,0.0
Yuumi,Ornn,2,1,0.5,0.5,0.0,0.0
Yuumi,Viktor,2,1,0.5,0.5,0.0,0.0
Zed,Pantheon,2,1,0.5,0.5,0.0,0.0
Ornn,Yuumi,2,1,0.5,0.5,0.0,0.0
Pantheon,Zed,2,1,0.5,0.5,0.0,0.0
Viktor,Yuumi,2,1,0.5,0.5,0.0,0.0
Renekton,Fiora,2,1,0.5,0.5,0.0,0.0
Fiora,Renekton,2,1,0.5,0.5,0.0,0.0
Lucian,Zoe,2,1,0.5,0.5,0.0,0.0
Milio,Zoe,2,1,0.5,0.5,0.0,0.0
Zoe,Lucian,2,1,0.5,0.5,0.0,0.0
Zoe,Milio,2,1,0.5,0.5,0.0,0.0
Renata Glasc,Zaahen,2,1,0.5,0.5,0.0,0.0
Zaahen,Renata Glasc,2,1,0.5,0.5,0.0,0.0
Yorick,Shen,2,1,0.5,0.5,0.0,0.0
Shen,Yorick,2,1,0.5,0.5,0.0,0.0
Ryze,Swain,2,1,0.5,0.5,0.0,0.0
Swain,Ryze,2,1,0.5,0.5,0.0,0.0
Thresh,Aphelios,2,1,0.5,0.5,0.0,0.0
Aphelios,Thresh,2,1,0.5,0.5,0.0,0.0
Skarner,Sett,2,1,0.5,0.5,0.0,0.0
Sett,Skarner,2,1,0.5,0.5,0.0,0.0
Jarvan IV,Lissandra,2,1,0.5,0.5,0.0,0.0
Sion,Lissandra,2,1,0.5,0.5,0.0,0.0
Lissandra,Jarvan IV,2,1,0.5,0.5,0.0,0.0
Lissandra,Sion,2,1,0.5,0.5,0.0,0.0
Anivia,Rek'Sai,2,1,0.5,0.5,0.0,0.0
Rek'Sai,Anivia,2,1,0.5,0.5,0.0,0.0
Irelia,Ezreal,2,1,0.5,0.5,0.0,0.0
Irelia,Rell,2,1,0.5,0.5,0.0,0.0
Maokai,Rell,2,1,0.5,0.5,0.0,0.0
Ezreal,Irelia,2,1,0.5,0.5,0.0,0.0
Rell,Irelia,2,1,0.5,0.5,0.0,0.0
Rell,Maokai,2,1,0.5,0.5,0.0,0.0
Gwen,Yuumi,2,1,0.5,0.5,0.0,0.0
Yone,Nocturne,2,1,0.5,0.5,0.0,0.0
Nocturne,Yone,2,1,0.5,0.5,0.0,0.0
Yuumi,Gwen,2,1,0.5,0.5,0.0,0.0
Qiyana,Dr. Mundo,2,1,0.5,0.5,0.0,0.0
Qiyana,Pantheon,2,1,0.5,0.5,0.0,0.0
Dr. Mundo,Qiyana,2,1,0.5,0.5,0.0,0.0
Pantheon,Qiyana,2,1,0.5,0.5,0.0,0.0
Aatrox,Hwei,2,1,0.5,0.5,0.0,0.0
Hwei,Aatrox,2,1,0.5,0.5,0.0,0.0
Kennen,Jayce,2,1,0.5,0.5,0.0,0.0
Kennen,Wukong,2,1,0.5,0.5,0.0,0.0
Jayce,Kennen,2,1,0.5,0.5,0.0,0.0
Wukong,Kennen,2,1,0.5,0.5,0.0,0.0
Braum,Yorick,2,1,0.5,0.5,0.0,0.0
Cassiopeia,Renata Glasc,2,1,0.5,0.5,0.0,0.0
Viego,Naafiri,2,1,0.5,0.5,0.0,0.0
Naafiri,Viego,2,1,0.5,0.5,0.0,0.0
Renata Glasc,Cassiopeia,2,1,0.5,0.5,0.0,0.0
Yorick,Braum,2,1,0.5,0.5,0.0,0.0
Graves,Alistar,2,1,0.5,0.5,0.0,0.0
Graves,Xayah,2,1,0.5,0.5,0.0,0.0
Alistar,Graves,2,1,0.5,0.5,0.0,0.0
Xayah,Graves,2,1,0.5,0.5,0.0,0.0
Smolder,Trundle,2,1,0.5,0.5,0.0,0.0
Trundle,Smolder,2,1,0.5,0.5,0.0,0.0
Lulu,Lissandra,2,1,0.5,0.5,0.0,0.0
Lissandra,Lulu,2,1,0.5,0.5,0.0,0.0
Shyvana,Lulu,2,1,0.5,0.5,0.0,0.0
Shyvana,Ryze,2,1,0.5,0.5,0.0,0.0
Lulu,Shyvana,2,1,0.5,0.5,0.0,0.0
Ryze,Shyvana,2,1,0.5,0.5,0.0,0.0
Olaf,Jarvan IV,2,1,0.5,0.5,0.0,0.0
Jarvan IV,Olaf,2,1,0.5,0.5,0.0,0.0
Thresh,Akali,2,1,0.5,0.5,0.0,0.0
Thresh,Xayah,2,1,0.5,0.5,0.0,0.0
Akali,Thresh,2,1,0.5,0.5,0.0,0.0
Xayah,Thresh,2,1,0.5,0.5,0.0,0.0
Bard,Cho'Gath,2,1,0.5,0.5,0.0,0.0
Ezreal,Cho'Gath,2,1,0.5,0.5,0.0,0.0
Cho'Gath,Bard,2,1,0.5,0.5,0.0,0.0
Cho'Gath,Ezreal,2,1,0.5,0.5,0.0,0.0
Ambessa,Brand,2,1,0.5,0.5,0.0,0.0
Brand,Ambessa,2,1,0.5,0.5,0.0,0.0
Annie,Zed,2,1,0.5,0.5,0.0,0.0
Zed,Annie,2,1,0.5,0.5,0.0,0.0
Rumble,Camille,2,1,0.5,0.5,0.0,0.0
Rumble,Malphite,2,1,0.5,0.5,0.0,0.0
Camille,Rumble,2,1,0.5,0.5,0.0,0.0
Malphite,Rumble,2,1,0.5,0.5,0.0,0.0
Malphite,Lucian,2,1,0.5,0.5,0.0,0.0
Lucian,Malphite,2,1,0.5,0.5,0.0,0.0
Zyra,Azir,2,1,0.5,0.5,0.0,0.0
Azir,Zyra,2,1,0.5,0.5,0.0,0.0
Tahm Kench,Kai'Sa,2,1,0.5,0.5,0.0,0.0
Tahm Kench,Nautilus,2,1,0.5,0.5,0.0,0.0
Tahm Kench,Vayne,2,1,0.5,0.5,0.0,0.0
Kai'Sa,Tahm Kench,2,1,0.5,0.5,0.0,0.0
Nautilus,Tahm Kench,2,1,0.5,0.5,0.0,0.0
Vayne,Tahm Kench,2,1,0.5,0.5,0.0,0.0
Kalista,Jayce,2,1,0.5,0.5,0.0,0.0
Jayce,Kalista,2,1,0.5,0.5,0.0,0.0
Draven,Yorick,2,1,0.5,0.5,0.0,0.0
Yorick,Draven,2,1,0.5,0.5,0.0,0.0
Karma,Kha'Zix,2,1,0.5,0.5,0.0,0.0
Kha'Zix,Karma,2,1,0.5,0.5,0.0,0.0
Darius,Sion,2,1,0.5,0.5,0.0,0.0
Sion,Darius,2,1,0.5,0.5,0.0,0.0
Syndra,Gragas,2,1,0.5,0.5,0.0,0.0
Gragas,Syndra,2,1,0.5,0.5,0.0,0.0
Sivir,Rek'Sai,2,1,0.5,0.5,0.0,0.0
Rek'Sai,Sivir,2,1,0.5,0.5,0.0,0.0
Irelia,Ashe,2,1,0.5,0.5,0.0,0.0
Lillia,Rakan,2,1,0.5,0.5,0.0,0.0
Ashe,Irelia,2,1,0.5,0.5,0.0,0.0
Rakan,Lillia,2,1,0.5,0.5,0.0,0.0
Seraphine,Smolder,2,1,0.5,0.5,0.0,0.0
Smolder,Seraphine,2,1,0.5,0.5,0.0,0.0
Vayne,Poppy,2,1,0.5,0.5,0.0,0.0
Poppy,Vayne,2,1,0.5,0.5,0.0,0.0
Ambessa,Yone,2,1,0.5,0.5,0.0,0.0
Ambessa,Ziggs,2,1,0.5,0.5,0.0,0.0
Brand,Zaahen,2,1,0.5,0.5,0.0,0.0
Rakan,Ziggs,2,1,0.5,0.5,0.0,0.0
Xayah,Ziggs,2,1,0.5,0.5,0.0,0.0
Yone,Ambessa,2,1,0.5,0.5,0.0,0.0
Zaahen,Brand,2,1,0.5,0.5,0.0,0.0
Ziggs,Ambessa,2,1,0.5,0.5,0.0,0.0
Ziggs,Rakan,2,1,0.5,0.5,0.0,0.0
Ziggs,Xayah,2,1,0.5,0.5,0.0,0.0
Qiyana,Ezreal,2,1,0.5,0.5,0.0,0.0
Qiyana,Karma,2,1,0.5,0.5,0.0,0.0
Ezreal,Qiyana,2,1,0.5,0.5,0.0,0.0
Karma,Qiyana,2,1,0.5,0.5,0.0,0.0
Zac,Yone,2,1,0.5,0.5,0.0,0.0
Yone,Zac,2,1,0.5,0.5,0.0,0.0
Lux,Mel,2,1,0.5,0.5,0.0,0.0
Lux,Varus,2,1,0.5,0.5,0.0,0.0
Mel,Lux,2,1,0.5,0.5,0.0,0.0
Varus,Lux,2,1,0.5,0.5,0.0,0.0
Hwei,Kai'Sa,2,1,0.5,0.5,0.0,0.0
Kai'Sa,Hwei,2,1,0.5,0.5,0.0,0.0
Yone,Gnar,2,1,0.5,0.5,0.0,0.0
Gnar,Yone,2,1,0.5,0.5,0.0,0.0
Sylas,Lucian,2,1,0.5,0.5,0.0,0.0
Lucian,Sylas,2,1,0.5,0.5,0.0,0.0
Zoe,Bard,2,1,0.5,0.5,0.0,0.0
Bard,Zoe,2,1,0.5,0.5,0.0,0.0
LeBlanc,Yunara,2,1,0.5,0.5,0.0,0.0
Yunara,LeBlanc,2,1,0.5,0.5,0.0,0.0
Jinx,Olaf,2,1,0.5,0.5,0.0,0.0
Maokai,Olaf,2,1,0.5,0.5,0.0,0.0
Olaf,Jinx,2,1,0.5,0.5,0.0,0.0
Olaf,Maokai,2,1,0.5,0.5,0.0,0.0
Jinx,Sion,2,1,0.5,0.5,0.0,0.0
Sion,Jinx,2,1,0.5,0.5,0.0,0.0
Kalista,Aphelios,2,1,0.5,0.5,0.0,0.0
Aphelios,Kalista,2,1,0.5,0.5,0.0,0.0
Ivern,Caitlyn,2,1,0.5,0.5,0.0,0.0
Sylas,Azir,2,1,0.5,0.5,0.0,0.0
Azir,Sylas,2,1,0.5,0.5,0.0,0.0
Caitlyn,Ivern,2,1,0.5,0.5,0.0,0.0
Volibear,Pantheon,2,1,0.5,0.5,0.0,0.0
Pantheon,Volibear,2,1,0.5,0.5,0.0,0.0
Neeko,Shyvana,2,1,0.5,0.5,0.0,0.0
Shyvana,Neeko,2,1,0.5,0.5,0.0,0.0
Sylas,Zyra,2,1,0.5,0.5,0.0,0.0
Zyra,Sylas,2,1,0.5,0.5,0.0,0.0
Vi,Cho'Gath,2,1,0.5,0.5,0.0,0.0
Cho'Gath,Vi,2,1,0.5,0.5,0.0,0.0
Kai'Sa,Olaf,2,1,0.5,0.5,0.0,0.0
Olaf,Kai'Sa,2,1,0.5,0.5,0.0,0.0
Jinx,Neeko,2,1,0.5,0.5,0.0,0.0
Neeko,Jinx,2,1,0.5,0.5,0.0,0.0
Braum,Jax,2,1,0.5,0.5,0.0,0.0
Jax,Braum,2,1,0.5,0.5,0.0,0.0
Smolder,Thresh,2,1,0.5,0.5,0.0,0.0
Thresh,Smolder,2,1,0.5,0.5,0.0,0.0
Azir,Vayne,2,1,0.5,0.5,0.0,0.0
Vayne,Azir,2,1,0.5,0.5,0.0,0.0
Nautilus,Illaoi,2,1,0.5,0.5,0.0,0.0
Illaoi,Nautilus,2,1,0.5,0.5,0.0,0.0
Maokai,Sivir,2,1,0.5,0.5,0.0,0.0
Sivir,Maokai,2,1,0.5,0.5,0.0,0.0
Lux,Ahri,2,1,0.5,0.5,0.0,0.0
Ahri,Lux,2,1,0.5,0.5,0.0,0.0
Pyke,Jayce,2,1,0.5,0.5,0.0,0.0
Jayce,Pyke,2,1,0.5,0.5,0.0,0.0
Gragas,Rell,2,1,0.5,0.5,0.0,0.0
Rell,Gragas,2,1,0.5,0.5,0.0,0.0
Kalista,Xin Zhao,2,1,0.5,0.5,0.0,0.0
Xin Zhao,Kalista,2,1,0.5,0.5,0.0,0.0
Maokai,Viktor,2,1,0.5,0.5,0.0,0.0
Soraka,Wukong,2,1,0.5,0.5,0.0,0.0
Viktor,Maokai,2,1,0.5,0.5,0.0,0.0
Wukong,Soraka,2,1,0.5,0.5,0.0,0.0
Kai'Sa,Nidalee,2,1,0.5,0.5,0.0,0.0
Naafiri,Zed,2,1,0.5,0.5,0.0,0.0
Nautilus,Zed,2,1,0.5,0.5,0.0,0.0
Nidalee,Kai'Sa,2,1,0.5,0.5,0.0,0.0
Zed,Naafiri,2,1,0.5,0.5,0.0,0.0
Zed,Nautilus,2,1,0.5,0.5,0.0,0.0
Annie,Renata Glasc,2,1,0.5,0.5,0.0,0.0
Renata Glasc,Annie,2,1,0.5,0.5,0.0,0.0
Zeri,Nami,2,1,0.5,0.5,0.0,0.0
Nami,Zeri,2,1,0.5,0.5,0.0,0.0
Lux,Gwen,2,1,0.5,0.5,0.0,0.0
Gwen,Lux,2,1,0.5,0.5,0.0,0.0
Lux,Corki,2,1,0.5,0.5,0.0,0.0
Lux,Nami,2,1,0.5,0.5,0.0,0.0
Corki,Lux,2,1,0.5,0.5,0.0,0.0
Nami,Lux,2,1,0.5,0.5,0.0,0.0
Lissandra,LeBlanc,2,1,0.5,0.5,0.0,0.0
Wukong,Aphelios,2,1,0.5,0.5,0.0,0.0
Yuumi,Yorick,2,1,0.5,0.5,0.0,0.0
Aphelios,Wukong,2,1,0.5,0.5,0.0,0.0
LeBlanc,Lissandra,2,1,0.5,0.5,0.0,0.0
Yorick,Yuumi,2,1,0.5,0.5,0.0,0.0
Jayce,Zeri,2,1,0.5,0.5,0.0,0.0
Zeri,Jayce,2,1,0.5,0.5,0.0,0.0
Nami,Viego,2,1,0.5,0.5,0.0,0.0
Ryze,Viego,2,1,0.5,0.5,0.0,0.0
Viego,Nami,2,1,0.5,0.5,0.0,0.0
Viego,Ryze,2,1,0.5,0.5,0.0,0.0
Yone,Akali,2,1,0.5,0.5,0.0,0.0
Akali,Yone,2,1,0.5,0.5,0.0,0.0
Kog'Maw,Jayce,2,1,0.5,0.5,0.0,0.0
Kog'Maw,Mel,2,1,0.5,0.5,0.0,0.0
Jayce,Kog'Maw,2,1,0.5,0.5,0.0,0.0
Mel,Kog'Maw,2,1,0.5,0.5,0.0,0.0
Anivia,Sylas,2,1,0.5,0.5,0.0,0.0
Sylas,Anivia,2,1,0.5,0.5,0.0,0.0
Jarvan IV,Blitzcrank,2,1,0.5,0.5,0.0,0.0
Blitzcrank,Jarvan IV,2,1,0.5,0.5,0.0,0.0
Rell,Jinx,2,1,0.5,0.5,0.0,0.0
Jinx,Rell,2,1,0.5,0.5,0.0,0.0
Ahri,Jinx,2,1,0.5,0.5,0.0,0.0
Jinx,Ahri,2,1,0.5,0.5,0.0,0.0
Ryze,Qiyana,2,1,0.5,0.5,0.0,0.0
Qiyana,Ryze,2,1,0.5,0.5,0.0,0.0
Aatrox,Sejuani,2,1,0.5,0.5,0.0,0.0
Seraphine,Jax,2,1,0.5,0.5,0.0,0.0
Jax,Seraphine,2,1,0.5,0.5,0.0,0.0
Sejuani,Aatrox,2,1,0.5,0.5,0.0,0.0
Dr. Mundo,Ambessa,2,1,0.5,0.5,0.0,0.0
Ambessa,Dr. Mundo,2,1,0.5,0.5,0.0,0.0
Shen,Gwen,2,1,0.5,0.5,0.0,0.0
Shen,Syndra,2,1,0.5,0.5,0.0,0.0
Gwen,Shen,2,1,0.5,0.5,0.0,0.0
Syndra,Shen,2,1,0.5,0.5,0.0,0.0
Aphelios,Ambessa,2,1,0.5,0.5,0.0,0.0
Ambessa,Aphelios,2,1,0.5,0.5,0.0,0.0
Skarner,Yuumi,2,1,0.5,0.5,0.0,0.0
Yuumi,Skarner,2,1,0.5,0.5,0.0,0.0
Gragas,Ziggs,2,1,0.5,0.5,0.0,0.0
Ziggs,Gragas,2,1,0.5,0.5,0.0,0.0
Shen,Mel,2,1,0.5,0.5,0.0,0.0
Mel,Shen,2,1,0.5,0.5,0.0,0.0
Cho'Gath,Aurora,2,1,0.5,0.5,0.0,0.0
Cho'Gath,Nocturne,2,1,0.5,0.5,0.0,0.0
Cho'Gath,Yorick,2,1,0.5,0.5,0.0,0.0
Aurora,Cho'Gath,2,1,0.5,0.5,0.0,0.0
Nocturne,Cho'Gath,2,1,0.5,0.5,0.0,0.0
Yorick,Cho'Gath,2,1,0.5,0.5,0.0,0.0
Poppy,Hwei,2,1,0.5,0.5,0.0,0.0
Poppy,Neeko,2,1,0.5,0.5,0.0,0.0
Hwei,Poppy,2,1,0.5,0.5,0.0,0.0
Neeko,Poppy,2,1,0.5,0.5,0.0,0.0
Rumble,Hecarim,2,1,0.5,0.5,0.0,0.0
Hecarim,Rumble,2,1,0.5,0.5,0.0,0.0
Bard,Aurelion Sol,2,1,0.5,0.5,0.0,0.0
Aurelion Sol,Bard,2,1,0.5,0.5,0.0,0.0
Miss Fortune,Kennen,2,1,0.5,0.5,0.0,0.0
Kennen,Miss Fortune,2,1,0.5,0.5,0.0,0.0
Corki,Shyvana,2,1,0.5,0.5,0.0,0.0
Shyvana,Corki,2,1,0.5,0.5,0.0,0.0
Cho'Gath,Ahri,2,1,0.5,0.5,0.0,0.0
Ahri,Cho'Gath,2,1,0.5,0.5,0.0,0.0
Galio,Ziggs,2,1,0.5,0.5,0.0,0.0
Ziggs,Galio,2,1,0.5,0.5,0.0,0.0
Brand,Vi,2,1,0.5,0.5,0.0,0.0
Vi,Brand,2,1,0.5,0.5,0.0,0.0
Ezreal,Darius,2,1,0.5,0.5,0.0,0.0
Darius,Ezreal,2,1,0.5,0.5,0.0,0.0
Shen,Hwei,2,1,0.5,0.5,0.0,0.0
Hwei,Shen,2,1,0.5,0.5,0.0,0.0
Olaf,Bard,2,1,0.5,0.5,0.0,0.0
Bard,Olaf,2,1,0.5,0.5,0.0,0.0
Yuumi,Orianna,2,1,0.5,0.5,0.0,0.0
Yuumi,Sivir,2,1,0.5,0.5,0.0,0.0
Orianna,Yuumi,2,1,0.5,0.5,0.0,0.0
Sivir,Yuumi,2,1,0.5,0.5,0.0,0.0
Galio,Hwei,2,1,0.5,0.5,0.0,0.0
Hwei,Galio,2,1,0.5,0.5,0.0,0.0
Akali,Senna,2,1,0.5,0.5,0.0,0.0
Senna,Akali,2,1,0.5,0.5,0.0,0.0
Caitlyn,Zyra,2,1,0.5,0.5,0.0,0.0
Lee Sin,Irelia,2,1,0.5,0.5,0.0,0.0
Irelia,Lee Sin,2,1,0.5,0.5,0.0,0.0
Zyra,Caitlyn,2,1,0.5,0.5,0.0,0.0
Orianna,Maokai,2,1,0.5,0.5,0.0,0.0
Maokai,Orianna,2,1,0.5,0.5,0.0,0.0
Tryndamere,Caitlyn,2,1,0.5,0.5,0.0,0.0
Caitlyn,Tryndamere,2,1,0.5,0.5,0.0,0.0
Brand,Anivia,2,1,0.5,0.5,0.0,0.0
Brand,Bard,2,1,0.5,0.5,0.0,0.0
Senna,Anivia,2,1,0.5,0.5,0.0,0.0
Anivia,Brand,2,1,0.5,0.5,0.0,0.0
Anivia,Senna,2,1,0.5,0.5,0.0,0.0
Bard,Brand,2,1,0.5,0.5,0.0,0.0
Darius,Varus,2,1,0.5,0.5,0.0,0.0
Varus,Darius,2,1,0.5,0.5,0.0,0.0
Galio,Vayne,2,1,0.5,0.5,0.0,0.0
Kalista,Vayne,2,1,0.5,0.5,0.0,0.0
Renata Glasc,Vayne,2,1,0.5,0.5,0.0,0.0
Vayne,Galio,2,1,0.5,0.5,0.0,0.0
Vayne,Kalista,2,1,0.5,0.5,0.0,0.0
Vayne,Renata Glasc,2,1,0.5,0.5,0.0,0.0
Ahri,Viego,2,1,0.5,0.5,0.0,0.0
Talon,Ashe,2,1,0.5,0.5,0.0,0.0
Twisted Fate,Viego,2,1,0.5,0.5,0.0,0.0
Ashe,Talon,2,1,0.5,0.5,0.0,0.0
Viego,Ahri,2,1,0.5,0.5,0.0,0.0
Viego,Twisted Fate,2,1,0.5,0.5,0.0,0.0
Viktor,Poppy,2,1,0.5,0.5,0.0,0.0
Poppy,Viktor,2,1,0.5,0.5,0.0,0.0
Kennen,Rell,2,1,0.5,0.5,0.0,0.0
Seraphine,Irelia,2,1,0.5,0.5,0.0,0.0
Irelia,Seraphine,2,1,0.5,0.5,0.0,0.0
Rell,Kennen,2,1,0.5,0.5,0.0,0.0
Azir,Braum,2,1,0.5,0.5,0.0,0.0
Braum,Azir,2,1,0.5,0.5,0.0,0.0
Thresh,Annie,2,1,0.5,0.5,0.0,0.0
Annie,Thresh,2,1,0.5,0.5,0.0,0.0
Shyvana,Rell,2,1,0.5,0.5,0.0,0.0
Shyvana,Wukong,2,1,0.5,0.5,0.0,0.0
Rell,Shyvana,2,1,0.5,0.5,0.0,0.0
Wukong,Shyvana,2,1,0.5,0.5,0.0,0.0
Zeri,Karma,2,1,0.5,0.5,0.0,0.0
Karma,Zeri,2,1,0.5,0.5,0.0,0.0
Braum,Cassiopeia,2,1,0.5,0.5,0.0,0.0
Cassiopeia,Braum,2,1,0.5,0.5,0.0,0.0
Sivir,Lillia,2,1,0.5,0.5,0.0,0.0
Trundle,Lillia,2,1,0.5,0.5,0.0,0.0
Trundle,Veigar,2,1,0.5,0.5,0.0,0.0
Lillia,Sivir,2,1,0.5,0.5,0.0,0.0
Lillia,Trundle,2,1,0.5,0.5,0.0,0.0
Veigar,Trundle,2,1,0.5,0.5,0.0,0.0
Nasus,Jhin,2,1,0.5,0.5,0.0,0.0
Nasus,Nautilus,2,1,0.5,0.5,0.0,0.0
Jhin,Nasus,2,1,0.5,0.5,0.0,0.0
Nautilus,Nasus,2,1,0.5,0.5,0.0,0.0
Sejuani,Orianna,2,1,0.5,0.5,0.0,0.0
Orianna,Sejuani,2,1,0.5,0.5,0.0,0.0
Rek'Sai,Pantheon,2,1,0.5,0.5,0.0,0.0
Pantheon,Rek'Sai,2,1,0.5,0.5,0.0,0.0
Ashe,Alistar,2,1,0.5,0.5,0.0,0.0
Alistar,Ashe,2,1,0.5,0.5,0.0,0.0
Camille,Corki,2,1,0.5,0.5,0.0,0.0
Camille,Pantheon,2,1,0.5,0.5,0.0,0.0
Corki,Camille,2,1,0.5,0.5,0.0,0.0
Pantheon,Camille,2,1,0.5,0.5,0.0,0.0
Leona,Kalista,2,1,0.5,0.5,0.0,0.0
Kalista,Leona,2,1,0.5,0.5,0.0,0.0
Gragas,Zeri,2,1,0.5,0.5,0.0,0.0
Zeri,Gragas,2,1,0.5,0.5,0.0,0.0
Pyke,Maokai,2,1,0.5,0.5,0.0,0.0
Maokai,Pyke,2,1,0.5,0.5,0.0,0.0
Sylas,Milio,2,1,0.5,0.5,0.0,0.0
Milio,Sylas,2,1,0.5,0.5,0.0,0.0
Olaf,Nocturne,2,1,0.5,0.5,0.0,0.0
Nocturne,Olaf,2,1,0.5,0.5,0.0,0.0
Seraphine,Bel'Veth,2,1,0.5,0.5,0.0,0.0
Bel'Veth,Seraphine,2,1,0.5,0.5,0.0,0.0
Annie,Qiyana,2,1,0.5,0.5,0.0,0.0
Nami,Qiyana,2,1,0.5,0.5,0.0,0.0
Qiyana,Annie,2,1,0.5,0.5,0.0,0.0
Qiyana,Nami,2,1,0.5,0.5,0.0,0.0
Lux,Orianna,2,1,0.5,0.5,0.0,0.0
Orianna,Lux,2,1,0.5,0.5,0.0,0.0
Ryze,Zoe,2,1,0.5,0.5,0.0,0.0
Zoe,Ryze,2,1,0.5,0.5,0.0,0.0
Zaahen,Gragas,2,1,0.5,0.5,0.0,0.0
Gragas,Zaahen,2,1,0.5,0.5,0.0,0.0
Malphite,Tristana,2,1,0.5,0.5,0.0,0.0
Tristana,Malphite,2,1,0.5,0.5,0.0,0.0
Poppy,Renekton,2,1,0.5,0.5,0.0,0.0
Renekton,Poppy,2,1,0.5,0.5,0.0,0.0
Tristana,Senna,2,1,0.5,0.5,0.0,0.0
Senna,Tristana,2,1,0.5,0.5,0.0,0.0
Maokai,Taliyah,2,1,0.5,0.5,0.0,0.0
Taliyah,Maokai,2,1,0.5,0.5,0.0,0.0
Tristana,Karthus,2,1,0.5,0.5,0.0,0.0
Karthus,Tristana,2,1,0.5,0.5,0.0,0.0
Zeri,Vayne,2,1,0.5,0.5,0.0,0.0
Vayne,Zeri,2,1,0.5,0.5,0.0,0.0
Hwei,Vayne,2,1,0.5,0.5,0.0,0.0
Jinx,Vayne,2,1,0.5,0.5,0.0,0.0
Vayne,Hwei,2,1,0.5,0.5,0.0,0.0
Vayne,Jinx,2,1,0.5,0.5,0.0,0.0
Nidalee,Rell,2,1,0.5,0.5,0.0,0.0
Rell,Nidalee,2,1,0.5,0.5,0.0,0.0
Annie,Sett,2,1,0.5,0.5,0.0,0.0
Yunara,Sett,2,1,0.5,0.5,0.0,0.0
Sett,Annie,2,1,0.5,0.5,0.0,0.0
Sett,Yunara,2,1,0.5,0.5,0.0,0.0
Alistar,Jinx,2,1,0.5,0.5,0.0,0.0
Aphelios,Ahri,2,1,0.5,0.5,0.0,0.0
Aphelios,Poppy,2,1,0.5,0.5,0.0,0.0
Vladimir,Anivia,2,1,0.5,0.5,0.0,0.0
Vladimir,Viego,2,1,0.5,0.5,0.0,0.0
Ahri,Aphelios,2,1,0.5,0.5,0.0,0.0
Anivia,Vladimir,2,1,0.5,0.5,0.0,0.0
Jinx,Alistar,2,1,0.5,0.5,0.0,0.0
Poppy,Aphelios,2,1,0.5,0.5,0.0,0.0
Viego,Vladimir,2,1,0.5,0.5,0.0,0.0
Irelia,Yuumi,2,1,0.5,0.5,0.0,0.0
Irelia,Zeri,2,1,0.5,0.5,0.0,0.0
Yuumi,Irelia,2,1,0.5,0.5,0.0,0.0
Zeri,Irelia,2,1,0.5,0.5,0.0,0.0
Taliyah,Poppy,2,1,0.5,0.5,0.0,0.0
Poppy,Taliyah,2,1,0.5,0.5,0.0,0.0
Neeko,Pyke,2,1,0.5,0.5,0.0,0.0
Pyke,Neeko,2,1,0.5,0.5,0.0,0.0
Zyra,Rakan,2,1,0.5,0.5,0.0,0.0
Rakan,Zyra,2,1,0.5,0.5,0.0,0.0
Fiora,Xin Zhao,2,1,0.5,0.5,0.0,0.0
Xin Zhao,Fiora,2,1,0.5,0.5,0.0,0.0
Lulu,Veigar,2,1,0.5,0.5,0.0,0.0
Yunara,Veigar,2,1,0.5,0.5,0.0,0.0
Veigar,Lulu,2,1,0.5,0.5,0.0,0.0
Veigar,Yunara,2,1,0.5,0.5,0.0,0.0
Rek'Sai,Zoe,2,1,0.5,0.5,0.0,0.0
Zoe,Rek'Sai,2,1,0.5,0.5,0.0,0.0
Draven,Hwei,2,1,0.5,0.5,0.0,0.0
Nidalee,Syndra,2,1,0.5,0.5,0.0,0.0
Hwei,Draven,2,1,0.5,0.5,0.0,0.0
Syndra,Nidalee,2,1,0.5,0.5,0.0,0.0
Gwen,Yone,2,1,0.5,0.5,0.0,0.0
Mel,Maokai,2,1,0.5,0.5,0.0,0.0
Nautilus,Morgana,2,1,0.5,0.5,0.0,0.0
Maokai,Mel,2,1,0.5,0.5,0.0,0.0
Morgana,Nautilus,2,1,0.5,0.5,0.0,0.0
Yone,Gwen,2,1,0.5,0.5,0.0,0.0
Kayle,Xin Zhao,2,1,0.5,0.5,0.0,0.0
Xin Zhao,Kayle,2,1,0.5,0.5,0.0,0.0
Nasus,Gwen,2,1,0.5,0.5,0.0,0.0
Nautilus,Malzahar,2,1,0.5,0.5,0.0,0.0
Zaahen,Gwen,2,1,0.5,0.5,0.0,0.0
Zaahen,Malzahar,2,1,0.5,0.5,0.0,0.0
Gwen,Nasus,2,1,0.5,0.5,0.0,0.0
Gwen,Zaahen,2,1,0.5,0.5,0.0,0.0
Malzahar,Nautilus,2,1,0.5,0.5,0.0,0.0
Malzahar,Zaahen,2,1,0.5,0.5,0.0,0.0
Shyvana,Ambessa,2,1,0.5,0.5,0.0,0.0
Ambessa,Shyvana,2,1,0.5,0.5,0.0,0.0
Rumble,Renata Glasc,2,1,0.5,0.5,0.0,0.0
Renata Glasc,Rumble,2,1,0.5,0.5,0.0,0.0
Caitlyn,Urgot,2,1,0.5,0.5,0.0,0.0
Urgot,Caitlyn,2,1,0.5,0.5,0.0,0.0
Sion,Amumu,2,1,0.5,0.5,0.0,0.0
Amumu,Sion,2,1,0.5,0.5,0.0,0.0
Ambessa,Volibear,2,1,0.5,0.5,0.0,0.0
Volibear,Ambessa,2,1,0.5,0.5,0.0,0.0
Alistar,Yasuo,2,1,0.5,0.5,0.0,0.0
Jinx,Ornn,2,1,0.5,0.5,0.0,0.0
Mordekaiser,Rell,2,1,0.5,0.5,0.0,0.0
Ornn,Jinx,2,1,0.5,0.5,0.0,0.0
Rell,Mordekaiser,2,1,0.5,0.5,0.0,0.0
Yasuo,Alistar,2,1,0.5,0.5,0.0,0.0
Galio,Yuumi,2,1,0.5,0.5,0.0,0.0
Tristana,Bel'Veth,2,1,0.5,0.5,0.0,0.0
Tristana,Nasus,2,1,0.5,0.5,0.0,0.0
Bel'Veth,Tristana,2,1,0.5,0.5,0.0,0.0
Nasus,Tristana,2,1,0.5,0.5,0.0,0.0
Yuumi,Galio,2,1,0.5,0.5,0.0,0.0
Syndra,Ziggs,2,1,0.5,0.5,0.0,0.0
Tristana,Lux,2,1,0.5,0.5,0.0,0.0
Tristana,Renekton,2,1,0.5,0.5,0.0,0.0
Lux,Tristana,2,1,0.5,0.5,0.0,0.0
Renekton,Tristana,2,1,0.5,0.5,0.0,0.0
Ziggs,Syndra,2,1,0.5,0.5,0.0,0.0
Kled,Nami,2,1,0.5,0.5,0.0,0.0
Nami,Kled,2,1,0.5,0.5,0.0,0.0
Irelia,Maokai,2,1,0.5,0.5,0.0,0.0
Malzahar,Galio,2,1,0.5,0.5,0.0,0.0
Malzahar,Maokai,2,1,0.5,0.5,0.0,0.0
Veigar,Galio,2,1,0.5,0.5,0.0,0.0
Galio,Malzahar,2,1,0.5,0.5,0.0,0.0
Galio,Veigar,2,1,0.5,0.5,0.0,0.0
Maokai,Irelia,2,1,0.5,0.5,0.0,0.0
Maokai,Malzahar,2,1,0.5,0.5,0.0,0.0
Kha'Zix,Lee Sin,2,1,0.5,0.5,0.0,0.0
Sion,Shyvana,2,1,0.5,0.5,0.0,0.0
Lee Sin,Kha'Zix,2,1,0.5,0.5,0.0,0.0
Shyvana,Sion,2,1,0.5,0.5,0.0,0.0
Renekton,Zoe,2,1,0.5,0.5,0.0,0.0
Soraka,Gnar,2,1,0.5,0.5,0.0,0.0
Gnar,Soraka,2,1,0.5,0.5,0.0,0.0
Zoe,Renekton,2,1,0.5,0.5,0.0,0.0
Aatrox,Yuumi,2,1,0.5,0.5,0.0,0.0
Yuumi,Aatrox,2,1,0.5,0.5,0.0,0.0
Hwei,Xayah,2,1,0.5,0.5,0.0,0.0
Miss Fortune,Syndra,2,1,0.5,0.5,0.0,0.0
Syndra,Miss Fortune,2,1,0.5,0.5,0.0,0.0
Xayah,Hwei,2,1,0.5,0.5,0.0,0.0
Kalista,Pyke,2,1,0.5,0.5,0.0,0.0
Pyke,Kalista,2,1,0.5,0.5,0.0,0.0
Anivia,Qiyana,2,1,0.5,0.5,0.0,0.0
Qiyana,Anivia,2,1,0.5,0.5,0.0,0.0
Maokai,Cassiopeia,2,1,0.5,0.5,0.0,0.0
Cassiopeia,Maokai,2,1,0.5,0.5,0.0,0.0
Zaahen,LeBlanc,2,1,0.5,0.5,0.0,0.0
LeBlanc,Zaahen,2,1,0.5,0.5,0.0,0.0
Malzahar,Braum,2,1,0.5,0.5,0.0,0.0
Veigar,Viktor,2,1,0.5,0.5,0.0,0.0
Veigar,Zaahen,2,1,0.5,0.5,0.0,0.0
Braum,Malzahar,2,1,0.5,0.5,0.0,0.0
Viktor,Veigar,2,1,0.5,0.5,0.0,0.0
Zaahen,Veigar,2,1,0.5,0.5,0.0,0.0
Lissandra,Nocturne,2,1,0.5,0.5,0.0,0.0
Nocturne,Lissandra,2,1,0.5,0.5,0.0,0.0
Aatrox,Maokai,2,1,0.5,0.5,0.0,0.0
Malphite,Malzahar,2,1,0.5,0.5,0.0,0.0
Malphite,Mordekaiser,2,1,0.5,0.5,0.0,0.0
Zeri,Maokai,2,1,0.5,0.5,0.0,0.0
Malzahar,Malphite,2,1,0.5,0.5,0.0,0.0
Maokai,Aatrox,2,1,0.5,0.5,0.0,0.0
Maokai,Zeri,2,1,0.5,0.5,0.0,0.0
Mordekaiser,Malphite,2,1,0.5,0.5,0.0,0.0
Jayce,Poppy,2,1,0.5,0.5,0.0,0.0
Rakan,LeBlanc,2,1,0.5,0.5,0.0,0.0
Zyra,Naafiri,2,1,0.5,0.5,0.0,0.0
Zyra,Poppy,2,1,0.5,0.5,0.0,0.0
LeBlanc,Rakan,2,1,0.5,0.5,0.0,0.0
Naafiri,Zyra,2,1,0.5,0.5,0.0,0.0
Poppy,Jayce,2,1,0.5,0.5,0.0,0.0
Poppy,Zyra,2,1,0.5,0.5,0.0,0.0
Skarner,Veigar,2,1,0.5,0.5,0.0,0.0
Veigar,Skarner,2,1,0.5,0.5,0.0,0.0
Sion,Kog'Maw,2,1,0.5,0.5,0.0,0.0
Varus,Kog'Maw,2,1,0.5,0.5,0.0,0.0
Kog'Maw,Sion,2,1,0.5,0.5,0.0,0.0
Kog'Maw,Varus,2,1,0.5,0.5,0.0,0.0
Twisted Fate,Blitzcrank,2,1,0.5,0.5,0.0,0.0
Blitzcrank,Twisted Fate,2,1,0.5,0.5,0.0,0.0
K'Sante,Lux,2,1,0.5,0.5,0.0,0.0
Lux,K'Sante,2,1,0.5,0.5,0.0,0.0
Galio,Yone,2,1,0.5,0.5,0.0,0.0
Yone,Galio,2,1,0.5,0.5,0.0,0.0
Mel,Kennen,2,1,0.5,0.5,0.0,0.0
Kennen,Mel,2,1,0.5,0.5,0.0,0.0
Senna,Jhin,2,1,0.5,0.5,0.0,0.0
Jhin,Senna,2,1,0.5,0.5,0.0,0.0
Sylas,Miss Fortune,2,1,0.5,0.5,0.0,0.0
Miss Fortune,Sylas,2,1,0.5,0.5,0.0,0.0
Pyke,Lux,2,1,0.5,0.5,0.0,0.0
Lux,Pyke,2,1,0.5,0.5,0.0,0.0
Gwen,Jinx,2,1,0.5,0.5,0.0,0.0
Seraphine,Maokai,2,1,0.5,0.5,0.0,0.0
Jinx,Gwen,2,1,0.5,0.5,0.0,0.0
Maokai,Seraphine,2,1,0.5,0.5,0.0,0.0
Ashe,Braum,2,1,0.5,0.5,0.0,0.0
Braum,Ashe,2,1,0.5,0.5,0.0,0.0
Sivir,Senna,2,1,0.5,0.5,0.0,0.0
Senna,Sivir,2,1,0.5,0.5,0.0,0.0
Yunara,Hecarim,2,1,0.5,0.5,0.0,0.0
Hecarim,Yunara,2,1,0.5,0.5,0.0,0.0
Cho'Gath,Trundle,2,1,0.5,0.5,0.0,0.0
Seraphine,Kayle,2,1,0.5,0.5,0.0,0.0
Seraphine,Lissandra,2,1,0.5,0.5,0.0,0.0
Tristana,Ashe,2,1,0.5,0.5,0.0,0.0
Tristana,Trundle,2,1,0.5,0.5,0.0,0.0
Ashe,Tristana,2,1,0.5,0.5,0.0,0.0
Kayle,Seraphine,2,1,0.5,0.5,0.0,0.0
Lissandra,Seraphine,2,1,0.5,0.5,0.0,0.0
Trundle,Cho'Gath,2,1,0.5,0.5,0.0,0.0
Trundle,Tristana,2,1,0.5,0.5,0.0,0.0
Rell,Sejuani,2,1,0.5,0.5,0.0,0.0
Sejuani,Rell,2,1,0.5,0.5,0.0,0.0
LeBlanc,Sivir,2,1,0.5,0.5,0.0,0.0
Sivir,LeBlanc,2,1,0.5,0.5,0.0,0.0
Fiora,Mel,2,1,0.5,0.5,0.0,0.0
Mel,Fiora,2,1,0.5,0.5,0.0,0.0
Aurora,Irelia,2,1,0.5,0.5,0.0,0.0
Jinx,Nautilus,2,1,0.5,0.5,0.0,0.0
Irelia,Aurora,2,1,0.5,0.5,0.0,0.0
Nautilus,Jinx,2,1,0.5,0.5,0.0,0.0
Braum,Leona,2,1,0.5,0.5,0.0,0.0
Leona,Braum,2,1,0.5,0.5,0.0,0.0
Rumble,Jinx,2,1,0.5,0.5,0.0,0.0
Jinx,Rumble,2,1,0.5,0.5,0.0,0.0
Trundle,Braum,2,1,0.5,0.5,0.0,0.0
Braum,Trundle,2,1,0.5,0.5,0.0,0.0
Amumu,Nautilus,2,1,0.5,0.5,0.0,0.0
Galio,Shen,2,1,0.5,0.5,0.0,0.0
Maokai,Shen,2,1,0.5,0.5,0.0,0.0
Veigar,Nautilus,2,1,0.5,0.5,0.0,0.0
Nautilus,Amumu,2,1,0.5,0.5,0.0,0.0
Nautilus,Veigar,2,1,0.5,0.5,0.0,0.0
Shen,Galio,2,1,0.5,0.5,0.0,0.0
Shen,Maokai,2,1,0.5,0.5,0.0,0.0
Mordekaiser,Zaahen,2,1,0.5,0.5,0.0,0.0
Zaahen,Mordekaiser,2,1,0.5,0.5,0.0,0.0
Xerath,Trundle,2,1,0.5,0.5,0.0,0.0
Trundle,Xerath,2,1,0.5,0.5,0.0,0.0
Maokai,Nasus,2,1,0.5,0.5,0.0,0.0
Mordekaiser,Caitlyn,2,1,0.5,0.5,0.0,0.0
Mordekaiser,Veigar,2,1,0.5,0.5,0.0,0.0
Caitlyn,Mordekaiser,2,1,0.5,0.5,0.0,0.0
Nasus,Maokai,2,1,0.5,0.5,0.0,0.0
Veigar,Mordekaiser,2,1,0.5,0.5,0.0,0.0
Gnar,Kog'Maw,2,1,0.5,0.5,0.0,0.0
Kog'Maw,Gnar,2,1,0.5,0.5,0.0,0.0
Lee Sin,Yone,2,1,0.5,0.5,0.0,0.0
Yone,Lee Sin,2,1,0.5,0.5,0.0,0.0
Poppy,Miss Fortune,2,1,0.5,0.5,0.0,0.0
Miss Fortune,Poppy,2,1,0.5,0.5,0.0,0.0
Senna,Pyke,2,1,0.5,0.5,0.0,0.0
Pyke,Senna,2,1,0.5,0.5,0.0,0.0
Akali,Maokai,2,1,0.5,0.5,0.0,0.0
Maokai,Akali,2,1,0.5,0.5,0.0,0.0
Jhin,Viego,2,1,0.5,0.5,0.0,0.0
Rumble,Viego,2,1,0.5,0.5,0.0,0.0
Wukong,Viego,2,1,0.5,0.5,0.0,0.0
Viego,Jhin,2,1,0.5,0.5,0.0,0.0
Viego,Rumble,2,1,0.5,0.5,0.0,0.0
Viego,Wukong,2,1,0.5,0.5,0.0,0.0
Yorick,Aatrox,2,1,0.5,0.5,0.0,0.0
Aatrox,Yorick,2,1,0.5,0.5,0.0,0.0
Aatrox,Brand,2,1,0.5,0.5,0.0,0.0
Brand,Aatrox,2,1,0.5,0.5,0.0,0.0
Shyvana,Hwei,2,1,0.5,0.5,0.0,0.0
Hwei,Shyvana,2,1,0.5,0.5,0.0,0.0
Ziggs,Lux,2,1,0.5,0.5,0.0,0.0
Lux,Ziggs,2,1,0.5,0.5,0.0,0.0
Nautilus,Lux,2,1,0.5,0.5,0.0,0.0
Lux,Nautilus,2,1,0.5,0.5,0.0,0.0
Zaahen,Zeri,2,1,0.5,0.5,0.0,0.0
Zeri,Zaahen,2,1,0.5,0.5,0.0,0.0
Zyra,Varus,2,1,0.5,0.5,0.0,0.0
Varus,Zyra,2,1,0.5,0.5,0.0,0.0
Thresh,Urgot,2,1,0.5,0.5,0.0,0.0
Urgot,Thresh,2,1,0.5,0.5,0.0,0.0
Yuumi,Vi,2,1,0.5,0.5,0.0,0.0
Vi,Yuumi,2,1,0.5,0.5,0.0,0.0
Xayah,Poppy,2,1,0.5,0.5,0.0,0.0
Yone,Veigar,2,1,0.5,0.5,0.0,0.0
Poppy,Xayah,2,1,0.5,0.5,0.0,0.0
Veigar,Yone,2,1,0.5,0.5,0.0,0.0
Anivia,Galio,2,1,0.5,0.5,0.0,0.0
Galio,Anivia,2,1,0.5,0.5,0.0,0.0
Camille,Lee Sin,2,1,0.5,0.5,0.0,0.0
Rek'Sai,Poppy,2,1,0.5,0.5,0.0,0.0
Twisted Fate,Poppy,2,1,0.5,0.5,0.0,0.0
Lee Sin,Camille,2,1,0.5,0.5,0.0,0.0
Poppy,Rek'Sai,2,1,0.5,0.5,0.0,0.0
Poppy,Twisted Fate,2,1,0.5,0.5,0.0,0.0
Kalista,Draven,2,1,0.5,0.5,0.0,0.0
Renata Glasc,Draven,2,1,0.5,0.5,0.0,0.0
Draven,Kalista,2,1,0.5,0.5,0.0,0.0
Draven,Renata Glasc,2,1,0.5,0.5,0.0,0.0
Xayah,Annie,2,1,0.5,0.5,0.0,0.0
Annie,Xayah,2,1,0.5,0.5,0.0,0.0
Dr. Mundo,Galio,2,1,0.5,0.5,0.0,0.0
Galio,Dr. Mundo,2,1,0.5,0.5,0.0,0.0
Trundle,Taliyah,2,1,0.5,0.5,0.0,0.0
Taliyah,Trundle,2,1,0.5,0.5,0.0,0.0
Kassadin,Orianna,2,1,0.5,0.5,0.0,0.0
Orianna,Kassadin,2,1,0.5,0.5,0.0,0.0
Fizz,Twisted Fate,2,1,0.5,0.5,0.0,0.0
Sion,Illaoi,2,1,0.5,0.5,0.0,0.0
Illaoi,Sion,2,1,0.5,0.5,0.0,0.0
Twisted Fate,Fizz,2,1,0.5,0.5,0.0,0.0
Viego,Bard,2,1,0.5,0.5,0.0,0.0
Bard,Viego,2,1,0.5,0.5,0.0,0.0
Renekton,Zyra,2,1,0.5,0.5,0.0,0.0
Sylas,Yone,2,1,0.5,0.5,0.0,0.0
Yone,Sylas,2,1,0.5,0.5,0.0,0.0
Zyra,Renekton,2,1,0.5,0.5,0.0,0.0
Karma,Kennen,2,1,0.5,0.5,0.0,0.0
Kennen,Karma,2,1,0.5,0.5,0.0,0.0
Irelia,K'Sante,2,1,0.5,0.5,0.0,0.0
K'Sante,Irelia,2,1,0.5,0.5,0.0,0.0
Galio,Tristana,2,1,0.5,0.5,0.0,0.0
Tristana,Galio,2,1,0.5,0.5,0.0,0.0
Pyke,Zaahen,2,1,0.5,0.5,0.0,0.0
Zaahen,Pyke,2,1,0.5,0.5,0.0,0.0
Alistar,Mel,2,1,0.5,0.5,0.0,0.0
Mel,Alistar,2,1,0.5,0.5,0.0,0.0
Lulu,Xerath,2,1,0.5,0.5,0.0,0.0
Sion,Xerath,2,1,0.5,0.5,0.0,0.0
Yunara,Xerath,2,1,0.5,0.5,0.0,0.0
Xerath,Lulu,2,1,0.5,0.5,0.0,0.0
Xerath,Sion,2,1,0.5,0.5,0.0,0.0
Xerath,Yunara,2,1,0.5,0.5,0.0,0.0
Ezreal,Soraka,2,1,0.5,0.5,0.0,0.0
Soraka,Ezreal,2,1,0.5,0.5,0.0,0.0
Vladimir,Nautilus,2,1,0.5,0.5,0.0,0.0
Nautilus,Vladimir,2,1,0.5,0.5,0.0,0.0
Skarner,Irelia,2,1,0.5,0.5,0.0,0.0
Irelia,Skarner,2,1,0.5,0.5,0.0,0.0
Zaahen,Braum,2,1,0.5,0.5,0.0,0.0
Braum,Zaahen,2,1,0.5,0.5,0.0,0.0
Lux,Rek'Sai,2,1,0.5,0.5,0.0,0.0
Rek'Sai,Lux,2,1,0.5,0.5,0.0,0.0
LeBlanc,Senna,2,1,0.5,0.5,0.0,0.0
Smolder,Mordekaiser,2,1,0.5,0.5,0.0,0.0
Mordekaiser,Smolder,2,1,0.5,0.5,0.0,0.0
Senna,LeBlanc,2,1,0.5,0.5,0.0,0.0
Amumu,Shyvana,2,1,0.5,0.5,0.0,0.0
Shyvana,Amumu,2,1,0.5,0.5,0.0,0.0
Miss Fortune,Aphelios,2,1,0.5,0.5,0.0,0.0
Olaf,Zaahen,2,1,0.5,0.5,0.0,0.0
Aphelios,Miss Fortune,2,1,0.5,0.5,0.0,0.0
Zaahen,Olaf,2,1,0.5,0.5,0.0,0.0
Karthus,Naafiri,2,1,0.5,0.5,0.0,0.0
Malzahar,Leona,2,1,0.5,0.5,0.0,0.0
Leona,Malzahar,2,1,0.5,0.5,0.0,0.0
Naafiri,Karthus,2,1,0.5,0.5,0.0,0.0
Rumble,Gwen,2,1,0.5,0.5,0.0,0.0
Gwen,Rumble,2,1,0.5,0.5,0.0,0.0
Veigar,Shyvana,2,1,0.5,0.5,0.0,0.0
Shyvana,Veigar,2,1,0.5,0.5,0.0,0.0
Malzahar,Xin Zhao,2,1,0.5,0.5,0.0,0.0
Xin Zhao,Malzahar,2,1,0.5,0.5,0.0,0.0
Renekton,Volibear,2,1,0.5,0.5,0.0,0.0
Volibear,Renekton,2,1,0.5,0.5,0.0,0.0
Camille,Lissandra,2,1,0.5,0.5,0.0,0.0
Lissandra,Camille,2,1,0.5,0.5,0.0,0.0
Yasuo,Sivir,2,1,0.5,0.5,0.0,0.0
Sivir,Yasuo,2,1,0.5,0.5,0.0,0.0
Fiora,Kog'Maw,2,1,0.5,0.5,0.0,0.0
Fiora,Malphite,2,1,0.5,0.5,0.0,0.0
Fiora,Neeko,2,1,0.5,0.5,0.0,0.0
Kog'Maw,Fiora,2,1,0.5,0.5,0.0,0.0
Malphite,Fiora,2,1,0.5,0.5,0.0,0.0
Neeko,Fiora,2,1,0.5,0.5,0.0,0.0
Braum,Shen,2,1,0.5,0.5,0.0,0.0
Shen,Braum,2,1,0.5,0.5,0.0,0.0
Ahri,Zyra,2,1,0.5,0.5,0.0,0.0
Zyra,Ahri,2,1,0.5,0.5,0.0,0.0
Renekton,Maokai,2,1,0.5,0.5,0.0,0.0
Maokai,Renekton,2,1,0.5,0.5,0.0,0.0
Rell,Tristana,2,1,0.5,0.5,0.0,0.0
Tristana,Rell,2,1,0.5,0.5,0.0,0.0
Anivia,Cho'Gath,2,1,0.5,0.5,0.0,0.0
Cho'Gath,Anivia,2,1,0.5,0.5,0.0,0.0
Ziggs,Shen,2,1,0.5,0.5,0.0,0.0
Shen,Ziggs,2,1,0.5,0.5,0.0,0.0
Gragas,Yone,2,1,0.5,0.5,0.0,0.0
Renekton,Jinx,2,1,0.5,0.5,0.0,0.0
Jinx,Renekton,2,1,0.5,0.5,0.0,0.0
Yone,Gragas,2,1,0.5,0.5,0.0,0.0
Aatrox,Braum,2,1,0.5,0.5,0.0,0.0
Braum,Aatrox,2,1,0.5,0.5,0.0,0.0
Sejuani,Zaahen,2,1,0.5,0.5,0.0,0.0
Zaahen,Sejuani,2,1,0.5,0.5,0.0,0.0
Nami,Camille,2,1,0.5,0.5,0.0,0.0
Camille,Nami,2,1,0.5,0.5,0.0,0.0
Neeko,Kennen,2,1,0.5,0.5,0.0,0.0
Kennen,Neeko,2,1,0.5,0.5,0.0,0.0
Rek'Sai,Pyke,2,1,0.5,0.5,0.0,0.0
Pyke,Rek'Sai,2,1,0.5,0.5,0.0,0.0
Seraphine,Ashe,57,28,0.49122807017543857,0.49193548387096775,-0.008064516129032251,0.0
Xin Zhao,Bard,55,27,0.4909090909090909,0.49166666666666664,-0.00833333333333336,0.0
Pantheon,Sion,51,25,0.49019607843137253,0.49107142857142855,-0.008928571428571452,0.0
Ezreal,Sivir,51,25,0.49019607843137253,0.49107142857142855,-0.008928571428571452,0.0
Lulu,Ezreal,49,24,0.4897959183673469,0.49074074074074076,-0.009259259259259245,0.0
Jarvan IV,Sion,49,24,0.4897959183673469,0.49074074074074076,-0.009259259259259245,0.0
Lulu,Seraphine,47,23,0.48936170212765956,0.49038461538461536,-0.009615384615384637,0.0
Lulu,Lucian,41,20,0.4878048780487805,0.4891304347826087,-0.010869565217391297,0.0
Ryze,Annie,41,20,0.4878048780487805,0.4891304347826087,-0.010869565217391297,0.0
Seraphine,Karma,41,20,0.4878048780487805,0.4891304347826087,-0.010869565217391297,0.0
Aurora,Seraphine,39,19,0.48717948717948717,0.48863636363636365,-0.011363636363636354,0.0
Nocturne,Xin Zhao,37,18,0.4864864864864865,0.4880952380952381,-0.011904761904761918,0.0
Bard,Annie,37,18,0.4864864864864865,0.4880952380952381,-0.011904761904761918,0.0
Milio,Bard,37,18,0.4864864864864865,0.4880952380952381,-0.011904761904761918,0.0
Varus,Bard,35,17,0.4857142857142857,0.4875,-0.012500000000000011,0.0
Aurora,Ashe,35,17,0.4857142857142857,0.4875,-0.012500000000000011,0.0
Viktor,Sion,33,16,0.48484848484848486,0.4868421052631579,-0.01315789473684209,0.0
K'Sante,Bard,33,16,0.48484848484848486,0.4868421052631579,-0.01315789473684209,0.0
Nautilus,Braum,31,15,0.4838709677419355,0.4861111111111111,-0.013888888888888895,0.0
Lee Sin,Seraphine,31,15,0.4838709677419355,0.4861111111111111,-0.013888888888888895,0.0
Jarvan IV,Nocturne,29,14,0.4827586206896552,0.4852941176470588,-0.01470588235294118,0.0
Aurora,Yunara,29,14,0.4827586206896552,0.4852941176470588,-0.01470588235294118,0.0
Milio,Renekton,29,14,0.4827586206896552,0.4852941176470588,-0.01470588235294118,0.0
Aurora,Lucian,29,14,0.4827586206896552,0.4852941176470588,-0.01470588235294118,0.0
Nami,Lucian,29,14,0.4827586206896552,0.4852941176470588,-0.01470588235294118,0.0
Pantheon,Rumble,29,14,0.4827586206896552,0.4852941176470588,-0.01470588235294118,0.0
Jarvan IV,Neeko,29,14,0.4827586206896552,0.4852941176470588,-0.01470588235294118,0.0
Ahri,Xin Zhao,29,14,0.4827586206896552,0.4852941176470588,-0.01470588235294118,0.0
Ahri,Gnar,29,14,0.4827586206896552,0.4852941176470588,-0.01470588235294118,0.0
K'Sante,Xin Zhao,29,14,0.4827586206896552,0.4852941176470588,-0.01470588235294118,0.0
Xin Zhao,Yunara,27,13,0.48148148148148145,0.484375,-0.015625,0.0
Yunara,Renekton,27,13,0.48148148148148145,0.484375,-0.015625,0.0
Gnar,Lulu,27,13,0.48148148148148145,0.484375,-0.015625,0.0
Viktor,Bard,27,13,0.48148148148148145,0.484375,-0.015625,0.0
Caitlyn,Ezreal,56,27,0.48214285714285715,0.48360655737704916,-0.016393442622950838,0.0
Jayce,Pantheon,25,12,0.48,0.48333333333333334,-0.016666666666666663,0.0
Sion,Cassiopeia,25,12,0.48,0.48333333333333334,-0.016666666666666663,0.0
Varus,Seraphine,25,12,0.48,0.48333333333333334,-0.016666666666666663,0.0
Aurora,Varus,25,12,0.48,0.48333333333333334,-0.016666666666666663,0.0
Viktor,K'Sante,25,12,0.48,0.48333333333333334,-0.016666666666666663,0.0
Neeko,Nocturne,25,12,0.48,0.48333333333333334,-0.016666666666666663,0.0
Twisted Fate,Ryze,25,12,0.48,0.48333333333333334,-0.016666666666666663,0.0
Viktor,Wukong,25,12,0.48,0.48333333333333334,-0.016666666666666663,0.0
Seraphine,Naafiri,25,12,0.48,0.48333333333333334,-0.016666666666666663,0.0
Wukong,Sion,25,12,0.48,0.48333333333333334,-0.016666666666666663,0.0
Cassiopeia,Anivia,25,12,0.48,0.48333333333333334,-0.016666666666666663,0.0
K'Sante,Ezreal,54,26,0.48148148148148145,0.4830508474576271,-0.01694915254237289,0.0
Ezreal,Xin Zhao,81,39,0.48148148148148145,0.48255813953488375,-0.017441860465116255,0.0
Varus,Annie,23,11,0.4782608695652174,0.48214285714285715,-0.01785714285714285,0.0
Nami,Neeko,23,11,0.4782608695652174,0.48214285714285715,-0.01785714285714285,0.0
Nocturne,Gnar,23,11,0.4782608695652174,0.48214285714285715,-0.01785714285714285,0.0
Pantheon,Seraphine,23,11,0.4782608695652174,0.48214285714285715,-0.01785714285714285,0.0
Neeko,Annie,23,11,0.4782608695652174,0.48214285714285715,-0.01785714285714285,0.0
Naafiri,Jhin,23,11,0.4782608695652174,0.48214285714285715,-0.01785714285714285,0.0
Jhin,K'Sante,23,11,0.4782608695652174,0.48214285714285715,-0.01785714285714285,0.0
Xin Zhao,Naafiri,23,11,0.4782608695652174,0.48214285714285715,-0.01785714285714285,0.0
Xin Zhao,Vi,48,23,0.4791666666666667,0.4811320754716981,-0.018867924528301883,0.0
K'Sante,Nami,21,10,0.47619047619047616,0.4807692307692308,-0.019230769230769218,0.0
Rumble,Nocturne,21,10,0.47619047619047616,0.4807692307692308,-0.019230769230769218,0.0
Ezreal,Corki,21,10,0.47619047619047616,0.4807692307692308,-0.019230769230769218,0.0
Nami,Vi,21,10,0.47619047619047616,0.4807692307692308,-0.019230769230769218,0.0
Lulu,Aurora,21,10,0.47619047619047616,0.4807692307692308,-0.019230769230769218,0.0
Ezreal,Ornn,21,10,0.47619047619047616,0.4807692307692308,-0.019230769230769218,0.0
Varus,Ryze,21,10,0.47619047619047616,0.4807692307692308,-0.019230769230769218,0.0
Rumble,Corki,21,10,0.47619047619047616,0.4807692307692308,-0.019230769230769218,0.0
Annie,Seraphine,21,10,0.47619047619047616,0.4807692307692308,-0.019230769230769218,0.0
Corki,Milio,21,10,0.47619047619047616,0.4807692307692308,-0.019230769230769218,0.0
Lucian,Annie,21,10,0.47619047619047616,0.4807692307692308,-0.019230769230769218,0.0
Nocturne,Anivia,21,10,0.47619047619047616,0.4807692307692308,-0.019230769230769218,0.0
Neeko,Anivia,21,10,0.47619047619047616,0.4807692307692308,-0.019230769230769218,0.0
Gnar,Twisted Fate,21,10,0.47619047619047616,0.4807692307692308,-0.019230769230769218,0.0
Renekton,Naafiri,21,10,0.47619047619047616,0.4807692307692308,-0.019230769230769218,0.0
Lulu,Milio,44,21,0.4772727272727273,0.47959183673469385,-0.020408163265306145,0.0
Jayce,K'Sante,44,21,0.4772727272727273,0.47959183673469385,-0.020408163265306145,0.0
Nocturne,Vi,19,9,0.47368421052631576,0.4791666666666667,-0.020833333333333315,0.0
Nautilus,Corki,19,9,0.47368421052631576,0.4791666666666667,-0.020833333333333315,0.0
K'Sante,Varus,19,9,0.47368421052631576,0.4791666666666667,-0.020833333333333315,0.0
Lulu,Jayce,19,9,0.47368421052631576,0.4791666666666667,-0.020833333333333315,0.0
Jayce,Yunara,19,9,0.47368421052631576,0.4791666666666667,-0.020833333333333315,0.0
Vi,Skarner,19,9,0.47368421052631576,0.4791666666666667,-0.020833333333333315,0.0
Varus,Sivir,19,9,0.47368421052631576,0.4791666666666667,-0.020833333333333315,0.0
Caitlyn,Jayce,19,9,0.47368421052631576,0.4791666666666667,-0.020833333333333315,0.0
Rumble,Rell,19,9,0.47368421052631576,0.4791666666666667,-0.020833333333333315,0.0
Rell,Pantheon,19,9,0.47368421052631576,0.4791666666666667,-0.020833333333333315,0.0
Lee Sin,Skarner,19,9,0.47368421052631576,0.4791666666666667,-0.020833333333333315,0.0
Varus,Karma,19,9,0.47368421052631576,0.4791666666666667,-0.020833333333333315,0.0
Cassiopeia,Jayce,19,9,0.47368421052631576,0.4791666666666667,-0.020833333333333315,0.0
Miss Fortune,Ashe,19,9,0.47368421052631576,0.4791666666666667,-0.020833333333333315,0.0
Seraphine,Renekton,19,9,0.47368421052631576,0.4791666666666667,-0.020833333333333315,0.0
Orianna,Galio,19,9,0.47368421052631576,0.4791666666666667,-0.020833333333333315,0.0
Akali,Cassiopeia,19,9,0.47368421052631576,0.4791666666666667,-0.020833333333333315,0.0
Seraphine,Bard,42,20,0.47619047619047616,0.4787234042553192,-0.021276595744680826,0.0
Ryze,Milio,42,20,0.47619047619047616,0.4787234042553192,-0.021276595744680826,0.0
Karma,Ryze,42,20,0.47619047619047616,0.4787234042553192,-0.021276595744680826,0.0
Seraphine,Milio,63,30,0.47619047619047616,0.47794117647058826,-0.022058823529411742,0.0
Milio,Nami,40,19,0.475,0.4777777777777778,-0.0222222222222222,0.0
K'Sante,Kai'Sa,17,8,0.47058823529411764,0.4772727272727273,-0.022727272727272707,0.0
Cassiopeia,Bard,17,8,0.47058823529411764,0.4772727272727273,-0.022727272727272707,0.0
Wukong,Corki,17,8,0.47058823529411764,0.4772727272727273,-0.022727272727272707,0.0
Milio,Yorick,17,8,0.47058823529411764,0.4772727272727273,-0.022727272727272707,0.0
Bard,Akali,17,8,0.47058823529411764,0.4772727272727273,-0.022727272727272707,0.0
Pantheon,Akali,17,8,0.47058823529411764,0.4772727272727273,-0.022727272727272707,0.0
Yunara,Jhin,17,8,0.47058823529411764,0.4772727272727273,-0.022727272727272707,0.0
Taliyah,Ahri,17,8,0.47058823529411764,0.4772727272727273,-0.022727272727272707,0.0
Skarner,Jayce,17,8,0.47058823529411764,0.4772727272727273,-0.022727272727272707,0.0
Xin Zhao,Miss Fortune,17,8,0.47058823529411764,0.4772727272727273,-0.022727272727272707,0.0
Jhin,Annie,17,8,0.47058823529411764,0.4772727272727273,-0.022727272727272707,0.0
Alistar,Neeko,17,8,0.47058823529411764,0.4772727272727273,-0.022727272727272707,0.0
Nami,Aurora,17,8,0.47058823529411764,0.4772727272727273,-0.022727272727272707,0.0
Naafiri,Ashe,17,8,0.47058823529411764,0.4772727272727273,-0.022727272727272707,0.0
Milio,Varus,17,8,0.47058823529411764,0.4772727272727273,-0.022727272727272707,0.0
Azir,Xin Zhao,17,8,0.47058823529411764,0.4772727272727273,-0.022727272727272707,0.0
Skarner,Karma,17,8,0.47058823529411764,0.4772727272727273,-0.022727272727272707,0.0
Sion,Ryze,57,27,0.47368421052631576,0.47580645161290325,-0.024193548387096753,0.0
Wukong,Ezreal,36,17,0.4722222222222222,0.47560975609756095,-0.024390243902439046,0.0
Ryze,Pantheon,36,17,0.4722222222222222,0.47560975609756095,-0.024390243902439046,0.0
Milio,Sion,36,17,0.4722222222222222,0.47560975609756095,-0.024390243902439046,0.0
Varus,Ambessa,15,7,0.4666666666666667,0.475,-0.025000000000000022,0.0
Naafiri,Nami,15,7,0.4666666666666667,0.475,-0.025000000000000022,0.0
Ryze,Yorick,15,7,0.4666666666666667,0.475,-0.025000000000000022,0.0
Pantheon,Twisted Fate,15,7,0.4666666666666667,0.475,-0.025000000000000022,0.0
Ornn,Pantheon,15,7,0.4666666666666667,0.475,-0.025000000000000022,0.0
Yorick,Aurora,15,7,0.4666666666666667,0.475,-0.025000000000000022,0.0
Nautilus,Varus,15,7,0.4666666666666667,0.475,-0.025000000000000022,0.0
Karma,Annie,15,7,0.4666666666666667,0.475,-0.025000000000000022,0.0
Corki,Neeko,15,7,0.4666666666666667,0.475,-0.025000000000000022,0.0
Corki,Orianna,15,7,0.4666666666666667,0.475,-0.025000000000000022,0.0
Jhin,Wukong,15,7,0.4666666666666667,0.475,-0.025000000000000022,0.0
Varus,Lulu,15,7,0.4666666666666667,0.475,-0.025000000000000022,0.0
Jhin,Renekton,15,7,0.4666666666666667,0.475,-0.025000000000000022,0.0
Xin Zhao,Jax,15,7,0.4666666666666667,0.475,-0.025000000000000022,0.0
Wukong,Renekton,15,7,0.4666666666666667,0.475,-0.025000000000000022,0.0
Ahri,Sylas,15,7,0.4666666666666667,0.475,-0.025000000000000022,0.0
Zaahen,Ezreal,15,7,0.4666666666666667,0.475,-0.025000000000000022,0.0
Trundle,Seraphine,15,7,0.4666666666666667,0.475,-0.025000000000000022,0.0
Lulu,Rakan,15,7,0.4666666666666667,0.475,-0.025000000000000022,0.0
Renekton,Viktor,15,7,0.4666666666666667,0.475,-0.025000000000000022,0.0
Lee Sin,Corki,15,7,0.4666666666666667,0.475,-0.025000000000000022,0.0
Taliyah,K'Sante,15,7,0.4666666666666667,0.475,-0.025000000000000022,0.0
Corki,Anivia,15,7,0.4666666666666667,0.475,-0.025000000000000022,0.0
Orianna,Ryze,34,16,0.47058823529411764,0.47435897435897434,-0.02564102564102566,0.0
Rumble,Seraphine,34,16,0.47058823529411764,0.47435897435897434,-0.02564102564102566,0.0
Pantheon,Gnar,34,16,0.47058823529411764,0.47435897435897434,-0.02564102564102566,0.0
Aurora,Pantheon,34,16,0.47058823529411764,0.47435897435897434,-0.02564102564102566,0.0
Sion,Lucian,34,16,0.47058823529411764,0.47435897435897434,-0.02564102564102566,0.0
Jhin,Xin Zhao,34,16,0.47058823529411764,0.47435897435897434,-0.02564102564102566,0.0
Ezreal,Pantheon,53,25,0.4716981132075472,0.47413793103448276,-0.025862068965517238,0.0
Xin Zhao,Nautilus,51,24,0.47058823529411764,0.4732142857142857,-0.0267857142857143,0.0
Viktor,Vi,32,15,0.46875,0.47297297297297297,-0.02702702702702703,0.0
Xin Zhao,Nami,32,15,0.46875,0.47297297297297297,-0.02702702702702703,0.0
Rumble,Jarvan IV,49,23,0.46938775510204084,0.4722222222222222,-0.02777777777777779,0.0
Ambessa,Nocturne,13,6,0.46153846153846156,0.4722222222222222,-0.02777777777777779,0.0
LeBlanc,Jarvan IV,13,6,0.46153846153846156,0.4722222222222222,-0.02777777777777779,0.0
Skarner,Renekton,13,6,0.46153846153846156,0.4722222222222222,-0.02777777777777779,0.0
Naafiri,Anivia,13,6,0.46153846153846156,0.4722222222222222,-0.02777777777777779,0.0
Annie,Galio,13,6,0.46153846153846156,0.4722222222222222,-0.02777777777777779,0.0
Zaahen,Wukong,13,6,0.46153846153846156,0.4722222222222222,-0.02777777777777779,0.0
Corki,Bard,13,6,0.46153846153846156,0.4722222222222222,-0.02777777777777779,0.0
Annie,Miss Fortune,13,6,0.46153846153846156,0.4722222222222222,-0.02777777777777779,0.0
Ambessa,Akali,13,6,0.46153846153846156,0.4722222222222222,-0.02777777777777779,0.0
Ambessa,Neeko,13,6,0.46153846153846156,0.4722222222222222,-0.02777777777777779,0.0
Trundle,Renekton,13,6,0.46153846153846156,0.4722222222222222,-0.02777777777777779,0.0
Lee Sin,Twisted Fate,13,6,0.46153846153846156,0.4722222222222222,-0.02777777777777779,0.0
Akali,Nocturne,13,6,0.46153846153846156,0.4722222222222222,-0.02777777777777779,0.0
Pantheon,Syndra,13,6,0.46153846153846156,0.4722222222222222,-0.02777777777777779,0.0
Rakan,Sion,13,6,0.46153846153846156,0.4722222222222222,-0.02777777777777779,0.0
Nocturne,Alistar,13,6,0.46153846153846156,0.4722222222222222,-0.02777777777777779,0.0
K'Sante,Aatrox,13,6,0.46153846153846156,0.4722222222222222,-0.02777777777777779,0.0
Varus,Caitlyn,13,6,0.46153846153846156,0.4722222222222222,-0.02777777777777779,0.0
Wukong,Aatrox,13,6,0.46153846153846156,0.4722222222222222,-0.02777777777777779,0.0
LeBlanc,Lucian,13,6,0.46153846153846156,0.4722222222222222,-0.02777777777777779,0.0
Corki,Cassiopeia,13,6,0.46153846153846156,0.4722222222222222,-0.02777777777777779,0.0
Gnar,Caitlyn,30,14,0.4666666666666667,0.4714285714285714,-0.02857142857142858,0.0
Nautilus,Jarvan IV,30,14,0.4666666666666667,0.4714285714285714,-0.02857142857142858,0.0
Jhin,Varus,30,14,0.4666666666666667,0.4714285714285714,-0.02857142857142858,0.0
Jarvan IV,Ryze,47,22,0.46808510638297873,0.47115384615384615,-0.028846153846153855,0.0
Karma,Ezreal,81,38,0.4691358024691358,0.47093023255813954,-0.02906976744186046,0.0
Milio,Vi,45,21,0.4666666666666667,0.47,-0.030000000000000027,0.0
Ezreal,Viktor,45,21,0.4666666666666667,0.47,-0.030000000000000027,0.0
Karma,Pantheon,28,13,0.4642857142857143,0.4696969696969697,-0.030303030303030276,0.0
Viktor,Aurora,28,13,0.4642857142857143,0.4696969696969697,-0.030303030303030276,0.0
Karma,Anivia,28,13,0.4642857142857143,0.4696969696969697,-0.030303030303030276,0.0
Seraphine,Caitlyn,28,13,0.4642857142857143,0.4696969696969697,-0.030303030303030276,0.0
Wukong,Lulu,28,13,0.4642857142857143,0.4696969696969697,-0.030303030303030276,0.0
Ambessa,Sion,28,13,0.4642857142857143,0.4696969696969697,-0.030303030303030276,0.0
Ashe,Annie,28,13,0.4642857142857143,0.4696969696969697,-0.030303030303030276,0.0
Ahri,Rumble,28,13,0.4642857142857143,0.4696969696969697,-0.030303030303030276,0.0
Milio,Pantheon,28,13,0.4642857142857143,0.4696969696969697,-0.030303030303030276,0.0
Annie,Sion,28,13,0.4642857142857143,0.4696969696969697,-0.030303030303030276,0.0
Lucian,Karma,28,13,0.4642857142857143,0.4696969696969697,-0.030303030303030276,0.0
Renekton,Lulu,28,13,0.4642857142857143,0.4696969696969697,-0.030303030303030276,0.0
Jarvan IV,Ezreal,60,28,0.4666666666666667,0.46923076923076923,-0.03076923076923077,0.0
Ezreal,LeBlanc,11,5,0.45454545454545453,0.46875,-0.03125,0.0
Zaahen,Aurora,11,5,0.45454545454545453,0.46875,-0.03125,0.0
Gnar,Rakan,11,5,0.45454545454545453,0.46875,-0.03125,0.0
Syndra,Rakan,11,5,0.45454545454545453,0.46875,-0.03125,0.0
Xayah,Yunara,11,5,0.45454545454545453,0.46875,-0.03125,0.0
Azir,Aurora,11,5,0.45454545454545453,0.46875,-0.03125,0.0
Annie,Alistar,11,5,0.45454545454545453,0.46875,-0.03125,0.0
Renekton,Orianna,11,5,0.45454545454545453,0.46875,-0.03125,0.0
Jayce,Zaahen,11,5,0.45454545454545453,0.46875,-0.03125,0.0
Annie,Hwei,11,5,0.45454545454545453,0.46875,-0.03125,0.0
Varus,Yunara,11,5,0.45454545454545453,0.46875,-0.03125,0.0
Taliyah,Varus,11,5,0.45454545454545453,0.46875,-0.03125,0.0
Jarvan IV,Pyke,11,5,0.45454545454545453,0.46875,-0.03125,0.0
Trundle,Sivir,11,5,0.45454545454545453,0.46875,-0.03125,0.0
Jhin,Aatrox,11,5,0.45454545454545453,0.46875,-0.03125,0.0
Xin Zhao,Yone,11,5,0.45454545454545453,0.46875,-0.03125,0.0
Neeko,Viktor,11,5,0.45454545454545453,0.46875,-0.03125,0.0
Alistar,Kai'Sa,11,5,0.45454545454545453,0.46875,-0.03125,0.0
Sivir,Lee Sin,11,5,0.45454545454545453,0.46875,-0.03125,0.0
Azir,Jayce,11,5,0.45454545454545453,0.46875,-0.03125,0.0
Sylas,Ezreal,11,5,0.45454545454545453,0.46875,-0.03125,0.0
Yunara,Galio,11,5,0.45454545454545453,0.46875,-0.03125,0.0
Vi,Zaahen,11,5,0.45454545454545453,0.46875,-0.03125,0.0
Wukong,Vayne,11,5,0.45454545454545453,0.46875,-0.03125,0.0
Tristana,Gnar,11,5,0.45454545454545453,0.46875,-0.03125,0.0
Tristana,Nautilus,11,5,0.45454545454545453,0.46875,-0.03125,0.0
Ornn,Yunara,11,5,0.45454545454545453,0.46875,-0.03125,0.0
Akali,Yunara,11,5,0.45454545454545453,0.46875,-0.03125,0.0
Sion,K'Sante,11,5,0.45454545454545453,0.46875,-0.03125,0.0
Jax,Lucian,11,5,0.45454545454545453,0.46875,-0.03125,0.0
Naafiri,Lee Sin,11,5,0.45454545454545453,0.46875,-0.03125,0.0
Vi,Varus,11,5,0.45454545454545453,0.46875,-0.03125,0.0
Azir,Sion,11,5,0.45454545454545453,0.46875,-0.03125,0.0
Zaahen,Karma,11,5,0.45454545454545453,0.46875,-0.03125,0.0
Zaahen,Seraphine,11,5,0.45454545454545453,0.46875,-0.03125,0.0
Skarner,Taliyah,11,5,0.45454545454545453,0.46875,-0.03125,0.0
Sivir,Neeko,11,5,0.45454545454545453,0.46875,-0.03125,0.0
Renekton,Taliyah,11,5,0.45454545454545453,0.46875,-0.03125,0.0
Gnar,Akali,11,5,0.45454545454545453,0.46875,-0.03125,0.0
Trundle,Vi,11,5,0.45454545454545453,0.46875,-0.03125,0.0
Ahri,Trundle,11,5,0.45454545454545453,0.46875,-0.03125,0.0
Gwen,Vi,11,5,0.45454545454545453,0.46875,-0.03125,0.0
Rell,Akali,11,5,0.45454545454545453,0.46875,-0.03125,0.0
Akali,Skarner,11,5,0.45454545454545453,0.46875,-0.03125,0.0
Anivia,Skarner,11,5,0.45454545454545453,0.46875,-0.03125,0.0
Naafiri,Sivir,11,5,0.45454545454545453,0.46875,-0.03125,0.0
Sion,Yone,11,5,0.45454545454545453,0.46875,-0.03125,0.0
Yorick,Wukong,11,5,0.45454545454545453,0.46875,-0.03125,0.0
Orianna,Cassiopeia,11,5,0.45454545454545453,0.46875,-0.03125,0.0
Cassiopeia,Ryze,26,12,0.46153846153846156,0.46774193548387094,-0.03225806451612906,0.0
Nautilus,Rumble,26,12,0.46153846153846156,0.46774193548387094,-0.03225806451612906,0.0
Skarner,Sion,26,12,0.46153846153846156,0.46774193548387094,-0.03225806451612906,0.0
Ezreal,Akali,26,12,0.46153846153846156,0.46774193548387094,-0.03225806451612906,0.0
Annie,Vi,26,12,0.46153846153846156,0.46774193548387094,-0.03225806451612906,0.0
Jayce,Karma,26,12,0.46153846153846156,0.46774193548387094,-0.03225806451612906,0.0
Pantheon,Varus,26,12,0.46153846153846156,0.46774193548387094,-0.03225806451612906,0.0
Jhin,Neeko,26,12,0.46153846153846156,0.46774193548387094,-0.03225806451612906,0.0
Akali,Lucian,26,12,0.46153846153846156,0.46774193548387094,-0.03225806451612906,0.0
Akali,Milio,26,12,0.46153846153846156,0.46774193548387094,-0.03225806451612906,0.0
Jarvan IV,Viktor,26,12,0.46153846153846156,0.46774193548387094,-0.03225806451612906,0.0
Lucian,Renekton,26,12,0.46153846153846156,0.46774193548387094,-0.03225806451612906,0.0
Lucian,Yunara,41,19,0.4634146341463415,0.4673913043478261,-0.03260869565217389,0.0
Ashe,Gnar,41,19,0.4634146341463415,0.4673913043478261,-0.03260869565217389,0.0
Rumble,K'Sante,86,40,0.46511627906976744,0.46703296703296704,-0.03296703296703296,0.0
Naafiri,Jarvan IV,39,18,0.46153846153846156,0.4659090909090909,-0.034090909090909116,0.0
Bard,Jarvan IV,39,18,0.46153846153846156,0.4659090909090909,-0.034090909090909116,0.0
Jhin,Ezreal,39,18,0.46153846153846156,0.4659090909090909,-0.034090909090909116,0.0
Sion,Yunara,24,11,0.4583333333333333,0.46551724137931033,-0.03448275862068967,0.0
Karma,Jhin,24,11,0.4583333333333333,0.46551724137931033,-0.03448275862068967,0.0
Jhin,Nautilus,24,11,0.4583333333333333,0.46551724137931033,-0.03448275862068967,0.0
Vi,Cassiopeia,24,11,0.4583333333333333,0.46551724137931033,-0.03448275862068967,0.0
Jayce,Lee Sin,24,11,0.4583333333333333,0.46551724137931033,-0.03448275862068967,0.0
Ryze,Jayce,24,11,0.4583333333333333,0.46551724137931033,-0.03448275862068967,0.0
Nautilus,Orianna,24,11,0.4583333333333333,0.46551724137931033,-0.03448275862068967,0.0
Cassiopeia,Nautilus,24,11,0.4583333333333333,0.46551724137931033,-0.03448275862068967,0.0
Nautilus,Viktor,37,17,0.4594594594594595,0.4642857142857143,-0.0357142857142857,0.0
Vi,Ezreal,37,17,0.4594594594594595,0.4642857142857143,-0.0357142857142857,0.0
Jax,Ezreal,9,4,0.4444444444444444,0.4642857142857143,-0.0357142857142857,0.0
Syndra,Aatrox,9,4,0.4444444444444444,0.4642857142857143,-0.0357142857142857,0.0
Dr. Mundo,Nocturne,9,4,0.4444444444444444,0.4642857142857143,-0.0357142857142857,0.0
Braum,Jarvan IV,9,4,0.4444444444444444,0.4642857142857143,-0.0357142857142857,0.0
Nocturne,Sylas,9,4,0.4444444444444444,0.4642857142857143,-0.0357142857142857,0.0
Braum,Xin Zhao,9,4,0.4444444444444444,0.4642857142857143,-0.0357142857142857,0.0
Karma,Alistar,9,4,0.4444444444444444,0.4642857142857143,-0.0357142857142857,0.0
Alistar,Lee Sin,9,4,0.4444444444444444,0.4642857142857143,-0.0357142857142857,0.0
Vi,Galio,9,4,0.4444444444444444,0.4642857142857143,-0.0357142857142857,0.0
Nami,Zaahen,9,4,0.4444444444444444,0.4642857142857143,-0.0357142857142857,0.0
Rell,Jayce,9,4,0.4444444444444444,0.4642857142857143,-0.0357142857142857,0.0
Caitlyn,Rell,9,4,0.4444444444444444,0.4642857142857143,-0.0357142857142857,0.0
Annie,Trundle,9,4,0.4444444444444444,0.4642857142857143,-0.0357142857142857,0.0
Corki,Caitlyn,9,4,0.4444444444444444,0.4642857142857143,-0.0357142857142857,0.0
Neeko,Syndra,9,4,0.4444444444444444,0.4642857142857143,-0.0357142857142857,0.0
Caitlyn,Akali,9,4,0.4444444444444444,0.4642857142857143,-0.0357142857142857,0.0
Rumble,LeBlanc,9,4,0.4444444444444444,0.4642857142857143,-0.0357142857142857,0.0
Seraphine,Hwei,9,4,0.4444444444444444,0.4642857142857143,-0.0357142857142857,0.0
Rakan,Alistar,9,4,0.4444444444444444,0.4642857142857143,-0.0357142857142857,0.0
Zaahen,Bard,9,4,0.4444444444444444,0.4642857142857143,-0.0357142857142857,0.0
Shen,Seraphine,9,4,0.4444444444444444,0.4642857142857143,-0.0357142857142857,0.0
Cassiopeia,Sivir,9,4,0.4444444444444444,0.4642857142857143,-0.0357142857142857,0.0
Ahri,Yone,9,4,0.4444444444444444,0.4642857142857143,-0.0357142857142857,0.0
Anivia,Yone,9,4,0.4444444444444444,0.4642857142857143,-0.0357142857142857,0.0
Sion,Miss Fortune,9,4,0.4444444444444444,0.4642857142857143,-0.0357142857142857,0.0
Yuumi,Pantheon,9,4,0.4444444444444444,0.4642857142857143,-0.0357142857142857,0.0
Braum,Ryze,9,4,0.4444444444444444,0.4642857142857143,-0.0357142857142857,0.0
Caitlyn,Hwei,9,4,0.4444444444444444,0.4642857142857143,-0.0357142857142857,0.0
Xin Zhao,Hwei,9,4,0.4444444444444444,0.4642857142857143,-0.0357142857142857,0.0
Aurora,Gwen,9,4,0.4444444444444444,0.4642857142857143,-0.0357142857142857,0.0
Gwen,Viktor,9,4,0.4444444444444444,0.4642857142857143,-0.0357142857142857,0.0
Kai'Sa,Ambessa,9,4,0.4444444444444444,0.4642857142857143,-0.0357142857142857,0.0
Ezreal,Alistar,9,4,0.4444444444444444,0.4642857142857143,-0.0357142857142857,0.0
Rell,Braum,9,4,0.4444444444444444,0.4642857142857143,-0.0357142857142857,0.0
Skarner,Twisted Fate,9,4,0.4444444444444444,0.4642857142857143,-0.0357142857142857,0.0
Sivir,Nocturne,9,4,0.4444444444444444,0.4642857142857143,-0.0357142857142857,0.0
Syndra,Jayce,9,4,0.4444444444444444,0.4642857142857143,-0.0357142857142857,0.0
Dr. Mundo,Jhin,9,4,0.4444444444444444,0.4642857142857143,-0.0357142857142857,0.0
Alistar,Rell,9,4,0.4444444444444444,0.4642857142857143,-0.0357142857142857,0.0
Lulu,Aphelios,9,4,0.4444444444444444,0.4642857142857143,-0.0357142857142857,0.0
Neeko,Naafiri,9,4,0.4444444444444444,0.4642857142857143,-0.0357142857142857,0.0
Smolder,Orianna,9,4,0.4444444444444444,0.4642857142857143,-0.0357142857142857,0.0
Twisted Fate,Lucian,9,4,0.4444444444444444,0.4642857142857143,-0.0357142857142857,0.0
Twisted Fate,Wukong,9,4,0.4444444444444444,0.4642857142857143,-0.0357142857142857,0.0
Leona,Zaahen,9,4,0.4444444444444444,0.4642857142857143,-0.0357142857142857,0.0
Trundle,Aurora,9,4,0.4444444444444444,0.4642857142857143,-0.0357142857142857,0.0
Ahri,Jayce,9,4,0.4444444444444444,0.4642857142857143,-0.0357142857142857,0.0
Pantheon,Kai'Sa,9,4,0.4444444444444444,0.4642857142857143,-0.0357142857142857,0.0
Yone,Lucian,9,4,0.4444444444444444,0.4642857142857143,-0.0357142857142857,0.0
Yone,Milio,9,4,0.4444444444444444,0.4642857142857143,-0.0357142857142857,0.0
Taliyah,Viktor,9,4,0.4444444444444444,0.4642857142857143,-0.0357142857142857,0.0
Jayce,Vayne,9,4,0.4444444444444444,0.4642857142857143,-0.0357142857142857,0.0
Yunara,Taliyah,9,4,0.4444444444444444,0.4642857142857143,-0.0357142857142857,0.0
Lee Sin,Yorick,9,4,0.4444444444444444,0.4642857142857143,-0.0357142857142857,0.0
Zaahen,Ambessa,9,4,0.4444444444444444,0.4642857142857143,-0.0357142857142857,0.0
Jayce,Trundle,9,4,0.4444444444444444,0.4642857142857143,-0.0357142857142857,0.0
Aatrox,Kai'Sa,9,4,0.4444444444444444,0.4642857142857143,-0.0357142857142857,0.0
Xayah,Nautilus,9,4,0.4444444444444444,0.4642857142857143,-0.0357142857142857,0.0
Yone,Azir,9,4,0.4444444444444444,0.4642857142857143,-0.0357142857142857,0.0
Karma,Taliyah,9,4,0.4444444444444444,0.4642857142857143,-0.0357142857142857,0.0
Cassiopeia,Skarner,9,4,0.4444444444444444,0.4642857142857143,-0.0357142857142857,0.0
Nocturne,Trundle,9,4,0.4444444444444444,0.4642857142857143,-0.0357142857142857,0.0
Taliyah,Pantheon,9,4,0.4444444444444444,0.4642857142857143,-0.0357142857142857,0.0
K'Sante,Galio,9,4,0.4444444444444444,0.4642857142857143,-0.0357142857142857,0.0
Poppy,Yunara,9,4,0.4444444444444444,0.4642857142857143,-0.0357142857142857,0.0
Jinx,Aatrox,9,4,0.4444444444444444,0.4642857142857143,-0.0357142857142857,0.0
Miss Fortune,Bard,9,4,0.4444444444444444,0.4642857142857143,-0.0357142857142857,0.0
Alistar,Jhin,9,4,0.4444444444444444,0.4642857142857143,-0.0357142857142857,0.0
Neeko,Nautilus,9,4,0.4444444444444444,0.4642857142857143,-0.0357142857142857,0.0
Corki,Galio,9,4,0.4444444444444444,0.4642857142857143,-0.0357142857142857,0.0
Lulu,Ambessa,22,10,0.45454545454545453,0.46296296296296297,-0.037037037037037035,0.0
Skarner,Ashe,22,10,0.45454545454545453,0.46296296296296297,-0.037037037037037035,0.0
Ahri,Karma,22,10,0.45454545454545453,0.46296296296296297,-0.037037037037037035,0.0
Rell,Ezreal,22,10,0.45454545454545453,0.46296296296296297,-0.037037037037037035,0.0
Wukong,Akali,22,10,0.45454545454545453,0.46296296296296297,-0.037037037037037035,0.0
Orianna,K'Sante,22,10,0.45454545454545453,0.46296296296296297,-0.037037037037037035,0.0
Annie,Wukong,22,10,0.45454545454545453,0.46296296296296297,-0.037037037037037035,0.0
Yunara,Ahri,22,10,0.45454545454545453,0.46296296296296297,-0.037037037037037035,0.0
Milio,Lee Sin,22,10,0.45454545454545453,0.46296296296296297,-0.037037037037037035,0.0
Karma,Wukong,22,10,0.45454545454545453,0.46296296296296297,-0.037037037037037035,0.0
Jhin,Viktor,22,10,0.45454545454545453,0.46296296296296297,-0.037037037037037035,0.0
Caitlyn,Ambessa,22,10,0.45454545454545453,0.46296296296296297,-0.037037037037037035,0.0
Naafiri,Rumble,22,10,0.45454545454545453,0.46296296296296297,-0.037037037037037035,0.0
Milio,Karma,22,10,0.45454545454545453,0.46296296296296297,-0.037037037037037035,0.0
K'Sante,Jarvan IV,35,16,0.45714285714285713,0.4625,-0.03749999999999998,0.0
Lulu,Jarvan IV,35,16,0.45714285714285713,0.4625,-0.03749999999999998,0.0
Jayce,Ezreal,35,16,0.45714285714285713,0.4625,-0.03749999999999998,0.0
Lucian,Ashe,61,28,0.45901639344262296,0.4621212121212121,-0.0378787878787879,0.0
Aurora,Ahri,46,21,0.45652173913043476,0.46078431372549017,-0.03921568627450983,0.0
Karma,Nami,33,15,0.45454545454545453,0.4605263157894737,-0.03947368421052633,0.0
Naafiri,Vi,33,15,0.45454545454545453,0.4605263157894737,-0.03947368421052633,0.0
Sion,Corki,20,9,0.45,0.46,-0.03999999999999998,0.0
Nautilus,Naafiri,20,9,0.45,0.46,-0.03999999999999998,0.0
Milio,Neeko,20,9,0.45,0.46,-0.03999999999999998,0.0
Orianna,Nami,20,9,0.45,0.46,-0.03999999999999998,0.0
Renekton,Ornn,20,9,0.45,0.46,-0.03999999999999998,0.0
Akali,Annie,20,9,0.45,0.46,-0.03999999999999998,0.0
Nautilus,Nocturne,20,9,0.45,0.46,-0.03999999999999998,0.0
Seraphine,Ornn,20,9,0.45,0.46,-0.03999999999999998,0.0
Lee Sin,Lucian,20,9,0.45,0.46,-0.03999999999999998,0.0
Sion,Jayce,44,20,0.45454545454545453,0.45918367346938777,-0.040816326530612235,0.0
Jhin,Pantheon,31,14,0.45161290322580644,0.4583333333333333,-0.041666666666666685,0.0
LeBlanc,Renekton,7,3,0.42857142857142855,0.4583333333333333,-0.041666666666666685,0.0
Gwen,Yunara,7,3,0.42857142857142855,0.4583333333333333,-0.041666666666666685,0.0
Trundle,Rakan,7,3,0.42857142857142855,0.4583333333333333,-0.041666666666666685,0.0
Lulu,Thresh,7,3,0.42857142857142855,0.4583333333333333,-0.041666666666666685,0.0
Xayah,Wukong,7,3,0.42857142857142855,0.4583333333333333,-0.041666666666666685,0.0
Naafiri,Vayne,7,3,0.42857142857142855,0.4583333333333333,-0.041666666666666685,0.0
Annie,Gwen,7,3,0.42857142857142855,0.4583333333333333,-0.041666666666666685,0.0
Ornn,K'Sante,7,3,0.42857142857142855,0.4583333333333333,-0.041666666666666685,0.0
Vi,Alistar,7,3,0.42857142857142855,0.4583333333333333,-0.041666666666666685,0.0
Alistar,Viktor,7,3,0.42857142857142855,0.4583333333333333,-0.041666666666666685,0.0
Alistar,Xayah,7,3,0.42857142857142855,0.4583333333333333,-0.041666666666666685,0.0
Skarner,Rakan,7,3,0.42857142857142855,0.4583333333333333,-0.041666666666666685,0.0
Rakan,Viktor,7,3,0.42857142857142855,0.4583333333333333,-0.041666666666666685,0.0
Xayah,Rumble,7,3,0.42857142857142855,0.4583333333333333,-0.041666666666666685,0.0
Xayah,Skarner,7,3,0.42857142857142855,0.4583333333333333,-0.041666666666666685,0.0
Aphelios,Nami,7,3,0.42857142857142855,0.4583333333333333,-0.041666666666666685,0.0
Sejuani,K'Sante,7,3,0.42857142857142855,0.4583333333333333,-0.041666666666666685,0.0
Naafiri,Shen,7,3,0.42857142857142855,0.4583333333333333,-0.041666666666666685,0.0
Sejuani,Anivia,7,3,0.42857142857142855,0.4583333333333333,-0.041666666666666685,0.0
Pantheon,Alistar,7,3,0.42857142857142855,0.4583333333333333,-0.041666666666666685,0.0
Gnar,Dr. Mundo,7,3,0.42857142857142855,0.4583333333333333,-0.041666666666666685,0.0
Dr. Mundo,Bard,7,3,0.42857142857142855,0.4583333333333333,-0.041666666666666685,0.0
Leona,Pantheon,7,3,0.42857142857142855,0.4583333333333333,-0.041666666666666685,0.0
Caitlyn,Leona,7,3,0.42857142857142855,0.4583333333333333,-0.041666666666666685,0.0
Nocturne,Ornn,7,3,0.42857142857142855,0.4583333333333333,-0.041666666666666685,0.0
Sivir,Yone,7,3,0.42857142857142855,0.4583333333333333,-0.041666666666666685,0.0
Ziggs,Jayce,7,3,0.42857142857142855,0.4583333333333333,-0.041666666666666685,0.0
Viktor,Sivir,7,3,0.42857142857142855,0.4583333333333333,-0.041666666666666685,0.0
Braum,Gnar,7,3,0.42857142857142855,0.4583333333333333,-0.041666666666666685,0.0
Malphite,Caitlyn,7,3,0.42857142857142855,0.4583333333333333,-0.041666666666666685,0.0
Kai'Sa,Gwen,7,3,0.42857142857142855,0.4583333333333333,-0.041666666666666685,0.0
Caitlyn,Syndra,7,3,0.42857142857142855,0.4583333333333333,-0.041666666666666685,0.0
Renata Glasc,Lucian,7,3,0.42857142857142855,0.4583333333333333,-0.041666666666666685,0.0
Smolder,Rell,7,3,0.42857142857142855,0.4583333333333333,-0.041666666666666685,0.0
Neeko,Vayne,7,3,0.42857142857142855,0.4583333333333333,-0.041666666666666685,0.0
Akali,Sivir,7,3,0.42857142857142855,0.4583333333333333,-0.041666666666666685,0.0
Rumble,Hwei,7,3,0.42857142857142855,0.4583333333333333,-0.041666666666666685,0.0
Gnar,Syndra,7,3,0.42857142857142855,0.4583333333333333,-0.041666666666666685,0.0
Syndra,Lee Sin,7,3,0.42857142857142855,0.4583333333333333,-0.041666666666666685,0.0
Jax,Karma,7,3,0.42857142857142855,0.4583333333333333,-0.041666666666666685,0.0
Sivir,Hwei,7,3,0.42857142857142855,0.4583333333333333,-0.041666666666666685,0.0
Jhin,LeBlanc,7,3,0.42857142857142855,0.4583333333333333,-0.041666666666666685,0.0
Ashe,Gwen,7,3,0.42857142857142855,0.4583333333333333,-0.041666666666666685,0.0
Gnar,Aphelios,7,3,0.42857142857142855,0.4583333333333333,-0.041666666666666685,0.0
Jinx,Lulu,7,3,0.42857142857142855,0.4583333333333333,-0.041666666666666685,0.0
Sivir,Aatrox,7,3,0.42857142857142855,0.4583333333333333,-0.041666666666666685,0.0
Aurora,Jax,7,3,0.42857142857142855,0.4583333333333333,-0.041666666666666685,0.0
Aatrox,Vi,7,3,0.42857142857142855,0.4583333333333333,-0.041666666666666685,0.0
Anivia,Orianna,7,3,0.42857142857142855,0.4583333333333333,-0.041666666666666685,0.0
Azir,Anivia,7,3,0.42857142857142855,0.4583333333333333,-0.041666666666666685,0.0
Vi,Azir,7,3,0.42857142857142855,0.4583333333333333,-0.041666666666666685,0.0
Alistar,Corki,7,3,0.42857142857142855,0.4583333333333333,-0.041666666666666685,0.0
Gnar,Hwei,7,3,0.42857142857142855,0.4583333333333333,-0.041666666666666685,0.0
Azir,Sivir,7,3,0.42857142857142855,0.4583333333333333,-0.041666666666666685,0.0
Ashe,Hwei,7,3,0.42857142857142855,0.4583333333333333,-0.041666666666666685,0.0
Ashe,Malphite,7,3,0.42857142857142855,0.4583333333333333,-0.041666666666666685,0.0
Azir,Zaahen,7,3,0.42857142857142855,0.4583333333333333,-0.041666666666666685,0.0
Zaahen,Caitlyn,7,3,0.42857142857142855,0.4583333333333333,-0.041666666666666685,0.0
Lucian,Lux,7,3,0.42857142857142855,0.4583333333333333,-0.041666666666666685,0.0
Nautilus,Twisted Fate,7,3,0.42857142857142855,0.4583333333333333,-0.041666666666666685,0.0
Galio,Aurora,7,3,0.42857142857142855,0.4583333333333333,-0.041666666666666685,0.0
K'Sante,Azir,7,3,0.42857142857142855,0.4583333333333333,-0.041666666666666685,0.0
Aurora,Orianna,7,3,0.42857142857142855,0.4583333333333333,-0.041666666666666685,0.0
Viktor,Smolder,7,3,0.42857142857142855,0.4583333333333333,-0.041666666666666685,0.0
Ziggs,Xin Zhao,7,3,0.42857142857142855,0.4583333333333333,-0.041666666666666685,0.0
Karma,Rek'Sai,7,3,0.42857142857142855,0.4583333333333333,-0.041666666666666685,0.0
Syndra,Vayne,7,3,0.42857142857142855,0.4583333333333333,-0.041666666666666685,0.0
Jayce,Ambessa,7,3,0.42857142857142855,0.4583333333333333,-0.041666666666666685,0.0
Syndra,Ahri,7,3,0.42857142857142855,0.4583333333333333,-0.041666666666666685,0.0
Syndra,Leona,7,3,0.42857142857142855,0.4583333333333333,-0.041666666666666685,0.0
Aatrox,Aurora,7,3,0.42857142857142855,0.4583333333333333,-0.041666666666666685,0.0
Xayah,Pantheon,7,3,0.42857142857142855,0.4583333333333333,-0.041666666666666685,0.0
Jhin,Hwei,7,3,0.42857142857142855,0.4583333333333333,-0.041666666666666685,0.0
Sivir,Zaahen,7,3,0.42857142857142855,0.4583333333333333,-0.041666666666666685,0.0
Renekton,Zeri,7,3,0.42857142857142855,0.4583333333333333,-0.041666666666666685,0.0
Akali,Leona,7,3,0.42857142857142855,0.4583333333333333,-0.041666666666666685,0.0
Leona,Trundle,7,3,0.42857142857142855,0.4583333333333333,-0.041666666666666685,0.0
Nami,Leona,7,3,0.42857142857142855,0.4583333333333333,-0.041666666666666685,0.0
Ambessa,Syndra,7,3,0.42857142857142855,0.4583333333333333,-0.041666666666666685,0.0
Yone,Bard,7,3,0.42857142857142855,0.4583333333333333,-0.041666666666666685,0.0
Xayah,Ahri,7,3,0.42857142857142855,0.4583333333333333,-0.041666666666666685,0.0
Karma,Yorick,7,3,0.42857142857142855,0.4583333333333333,-0.041666666666666685,0.0
Zeri,Lulu,7,3,0.42857142857142855,0.4583333333333333,-0.041666666666666685,0.0
Qiyana,Seraphine,7,3,0.42857142857142855,0.4583333333333333,-0.041666666666666685,0.0
Sivir,Seraphine,7,3,0.42857142857142855,0.4583333333333333,-0.041666666666666685,0.0
Varus,Ornn,7,3,0.42857142857142855,0.4583333333333333,-0.041666666666666685,0.0
Smolder,Ryze,7,3,0.42857142857142855,0.4583333333333333,-0.041666666666666685,0.0
Olaf,Sion,7,3,0.42857142857142855,0.4583333333333333,-0.041666666666666685,0.0
Trundle,Sion,7,3,0.42857142857142855,0.4583333333333333,-0.041666666666666685,0.0
Malphite,Lulu,7,3,0.42857142857142855,0.4583333333333333,-0.041666666666666685,0.0
Poppy,Jarvan IV,7,3,0.42857142857142855,0.4583333333333333,-0.041666666666666685,0.0
Ambessa,Maokai,7,3,0.42857142857142855,0.4583333333333333,-0.041666666666666685,0.0
Zeri,Ryze,7,3,0.42857142857142855,0.4583333333333333,-0.041666666666666685,0.0
Jax,Skarner,7,3,0.42857142857142855,0.4583333333333333,-0.041666666666666685,0.0
Skarner,Alistar,7,3,0.42857142857142855,0.4583333333333333,-0.041666666666666685,0.0
Vi,Olaf,7,3,0.42857142857142855,0.4583333333333333,-0.041666666666666685,0.0
Aatrox,Cassiopeia,7,3,0.42857142857142855,0.4583333333333333,-0.041666666666666685,0.0
Pantheon,Senna,7,3,0.42857142857142855,0.4583333333333333,-0.041666666666666685,0.0
Neeko,Ornn,7,3,0.42857142857142855,0.4583333333333333,-0.041666666666666685,0.0
Vi,Poppy,7,3,0.42857142857142855,0.4583333333333333,-0.041666666666666685,0.0
Annie,Rell,7,3,0.42857142857142855,0.4583333333333333,-0.041666666666666685,0.0
Ashe,Leona,7,3,0.42857142857142855,0.4583333333333333,-0.041666666666666685,0.0
Galio,Ryze,7,3,0.42857142857142855,0.4583333333333333,-0.041666666666666685,0.0
Smolder,Jayce,7,3,0.42857142857142855,0.4583333333333333,-0.041666666666666685,0.0
Tristana,Jhin,7,3,0.42857142857142855,0.4583333333333333,-0.041666666666666685,0.0
Corki,Zaahen,7,3,0.42857142857142855,0.4583333333333333,-0.041666666666666685,0.0
Cassiopeia,LeBlanc,7,3,0.42857142857142855,0.4583333333333333,-0.041666666666666685,0.0
Jhin,Xayah,7,3,0.42857142857142855,0.4583333333333333,-0.041666666666666685,0.0
Rell,Corki,7,3,0.42857142857142855,0.4583333333333333,-0.041666666666666685,0.0
K'Sante,Poppy,7,3,0.42857142857142855,0.4583333333333333,-0.041666666666666685,0.0
Miss Fortune,K'Sante,7,3,0.42857142857142855,0.4583333333333333,-0.041666666666666685,0.0
Ryze,Gnar,42,19,0.4523809523809524,0.4574468085106383,-0.04255319148936171,0.0
Xin Zhao,Lucian,42,19,0.4523809523809524,0.4574468085106383,-0.04255319148936171,0.0
Ezreal,Bard,53,24,0.4528301886792453,0.45689655172413796,-0.043103448275862044,0.0
K'Sante,Neeko,18,8,0.4444444444444444,0.45652173913043476,-0.043478260869565244,0.0
Ambessa,K'Sante,18,8,0.4444444444444444,0.45652173913043476,-0.043478260869565244,0.0
Sivir,Rumble,18,8,0.4444444444444444,0.45652173913043476,-0.043478260869565244,0.0
Vi,Sivir,18,8,0.4444444444444444,0.45652173913043476,-0.043478260869565244,0.0
Yorick,Lucian,18,8,0.4444444444444444,0.45652173913043476,-0.043478260869565244,0.0
Annie,Yunara,18,8,0.4444444444444444,0.45652173913043476,-0.043478260869565244,0.0
Lucian,Neeko,18,8,0.4444444444444444,0.45652173913043476,-0.043478260869565244,0.0
Renekton,Pantheon,18,8,0.4444444444444444,0.45652173913043476,-0.043478260869565244,0.0
Jayce,Jhin,18,8,0.4444444444444444,0.45652173913043476,-0.043478260869565244,0.0
Ambessa,Wukong,18,8,0.4444444444444444,0.45652173913043476,-0.043478260869565244,0.0
Ambessa,Bard,18,8,0.4444444444444444,0.45652173913043476,-0.043478260869565244,0.0
Skarner,Ezreal,18,8,0.4444444444444444,0.45652173913043476,-0.043478260869565244,0.0
Akali,Jhin,18,8,0.4444444444444444,0.45652173913043476,-0.043478260869565244,0.0
Neeko,Jayce,18,8,0.4444444444444444,0.45652173913043476,-0.043478260869565244,0.0
Viktor,Rell,18,8,0.4444444444444444,0.45652173913043476,-0.043478260869565244,0.0
Vi,Akali,18,8,0.4444444444444444,0.45652173913043476,-0.043478260869565244,0.0
Skarner,Rumble,18,8,0.4444444444444444,0.45652173913043476,-0.043478260869565244,0.0
Jhin,Gnar,18,8,0.4444444444444444,0.45652173913043476,-0.043478260869565244,0.0
Rumble,Lulu,18,8,0.4444444444444444,0.45652173913043476,-0.043478260869565244,0.0
Neeko,Sion,29,13,0.4482758620689655,0.45588235294117646,-0.04411764705882354,0.0
K'Sante,Ashe,29,13,0.4482758620689655,0.45588235294117646,-0.04411764705882354,0.0
Milio,Gnar,29,13,0.4482758620689655,0.45588235294117646,-0.04411764705882354,0.0
Ryze,Seraphine,40,18,0.45,0.45555555555555555,-0.04444444444444445,0.0
Ezreal,Sion,73,33,0.4520547945205479,0.4551282051282051,-0.04487179487179488,0.0
Sion,Gnar,38,17,0.4473684210526316,0.45348837209302323,-0.04651162790697677,0.0
Karma,Xin Zhao,38,17,0.4473684210526316,0.45348837209302323,-0.04651162790697677,0.0
Renekton,Nocturne,27,12,0.4444444444444444,0.453125,-0.046875,0.0
Pantheon,Ahri,27,12,0.4444444444444444,0.453125,-0.046875,0.0
Corki,Lulu,27,12,0.4444444444444444,0.453125,-0.046875,0.0
Sivir,Nautilus,27,12,0.4444444444444444,0.453125,-0.046875,0.0
Corki,Lucian,27,12,0.4444444444444444,0.453125,-0.046875,0.0
Milio,Ahri,27,12,0.4444444444444444,0.453125,-0.046875,0.0
Lulu,Ahri,27,12,0.4444444444444444,0.453125,-0.046875,0.0
Naafiri,Ryze,27,12,0.4444444444444444,0.453125,-0.046875,0.0
Rakan,Nami,16,7,0.4375,0.4523809523809524,-0.047619047619047616,0.0
Syndra,Ryze,16,7,0.4375,0.4523809523809524,-0.047619047619047616,0.0
Ryze,Aatrox,16,7,0.4375,0.4523809523809524,-0.047619047619047616,0.0
Taliyah,Gnar,16,7,0.4375,0.4523809523809524,-0.047619047619047616,0.0
Viktor,Annie,16,7,0.4375,0.4523809523809524,-0.047619047619047616,0.0
Alistar,Nautilus,16,7,0.4375,0.4523809523809524,-0.047619047619047616,0.0
Pantheon,Sivir,16,7,0.4375,0.4523809523809524,-0.047619047619047616,0.0
Xin Zhao,Sivir,16,7,0.4375,0.4523809523809524,-0.047619047619047616,0.0
Caitlyn,Twisted Fate,16,7,0.4375,0.4523809523809524,-0.047619047619047616,0.0
Sion,Rell,16,7,0.4375,0.4523809523809524,-0.047619047619047616,0.0
Twisted Fate,Ezreal,16,7,0.4375,0.4523809523809524,-0.047619047619047616,0.0
Rell,Seraphine,16,7,0.4375,0.4523809523809524,-0.047619047619047616,0.0
Skarner,Miss Fortune,16,7,0.4375,0.4523809523809524,-0.047619047619047616,0.0
Sion,Sivir,16,7,0.4375,0.4523809523809524,-0.047619047619047616,0.0
Ashe,Olaf,16,7,0.4375,0.4523809523809524,-0.047619047619047616,0.0
K'Sante,Karma,16,7,0.4375,0.4523809523809524,-0.047619047619047616,0.0
Jarvan IV,Xin Zhao,89,40,0.449438202247191,0.4521276595744681,-0.0478723404255319,0.0
Ezreal,Gnar,36,16,0.4444444444444444,0.45121951219512196,-0.04878048780487804,0.0
Wukong,Jarvan IV,36,16,0.4444444444444444,0.45121951219512196,-0.04878048780487804,0.0
Ashe,Bard,36,16,0.4444444444444444,0.45121951219512196,-0.04878048780487804,0.0
Milio,Yunara,36,16,0.4444444444444444,0.45121951219512196,-0.04878048780487804,0.0
Bard,Lucian,36,16,0.4444444444444444,0.45121951219512196,-0.04878048780487804,0.0
Ryze,Anivia,56,25,0.44642857142857145,0.45081967213114754,-0.04918032786885246,0.0
Yunara,Ezreal,45,20,0.4444444444444444,0.45,-0.04999999999999999,0.0
Ryze,Nami,25,11,0.44,0.45,-0.04999999999999999,0.0
Lee Sin,Rumble,25,11,0.44,0.45,-0.04999999999999999,0.0
Yunara,Gnar,25,11,0.44,0.45,-0.04999999999999999,0.0
Yunara,Nocturne,25,11,0.44,0.45,-0.04999999999999999,0.0
Neeko,Pantheon,25,11,0.44,0.45,-0.04999999999999999,0.0
Vi,Seraphine,25,11,0.44,0.45,-0.04999999999999999,0.0
K'Sante,Renekton,25,11,0.44,0.45,-0.04999999999999999,0.0
Nocturne,Galio,5,2,0.4,0.45,-0.04999999999999999,0.0
Gnar,LeBlanc,5,2,0.4,0.45,-0.04999999999999999,0.0
Mel,Ezreal,5,2,0.4,0.45,-0.04999999999999999,0.0
Braum,Sion,5,2,0.4,0.45,-0.04999999999999999,0.0
Xayah,Syndra,5,2,0.4,0.45,-0.04999999999999999,0.0
Wukong,Rakan,5,2,0.4,0.45,-0.04999999999999999,0.0
Nautilus,Pyke,5,2,0.4,0.45,-0.04999999999999999,0.0
Hwei,Varus,5,2,0.4,0.45,-0.04999999999999999,0.0
Lulu,Mel,5,2,0.4,0.45,-0.04999999999999999,0.0
Shyvana,Bard,5,2,0.4,0.45,-0.04999999999999999,0.0
Shyvana,Jarvan IV,5,2,0.4,0.45,-0.04999999999999999,0.0
Yuumi,Rumble,5,2,0.4,0.45,-0.04999999999999999,0.0
Braum,Orianna,5,2,0.4,0.45,-0.04999999999999999,0.0
Tristana,Orianna,5,2,0.4,0.45,-0.04999999999999999,0.0
Tristana,Vi,5,2,0.4,0.45,-0.04999999999999999,0.0
Tristana,Yunara,5,2,0.4,0.45,-0.04999999999999999,0.0
Yunara,Thresh,5,2,0.4,0.45,-0.04999999999999999,0.0
Anivia,Pyke,5,2,0.4,0.45,-0.04999999999999999,0.0
K'Sante,Shen,5,2,0.4,0.45,-0.04999999999999999,0.0
Sejuani,Lucian,5,2,0.4,0.45,-0.04999999999999999,0.0
Varus,Miss Fortune,5,2,0.4,0.45,-0.04999999999999999,0.0
Lux,Lulu,5,2,0.4,0.45,-0.04999999999999999,0.0
Camille,Aatrox,5,2,0.4,0.45,-0.04999999999999999,0.0
Viktor,Azir,5,2,0.4,0.45,-0.04999999999999999,0.0
Cho'Gath,Nautilus,5,2,0.4,0.45,-0.04999999999999999,0.0
Seraphine,Dr. Mundo,5,2,0.4,0.45,-0.04999999999999999,0.0
Malphite,Xin Zhao,5,2,0.4,0.45,-0.04999999999999999,0.0
Jax,Syndra,5,2,0.4,0.45,-0.04999999999999999,0.0
Gragas,Karma,5,2,0.4,0.45,-0.04999999999999999,0.0
Lee Sin,Jax,5,2,0.4,0.45,-0.04999999999999999,0.0
Aurora,Hwei,5,2,0.4,0.45,-0.04999999999999999,0.0
Miss Fortune,Nocturne,5,2,0.4,0.45,-0.04999999999999999,0.0
Jhin,Trundle,5,2,0.4,0.45,-0.04999999999999999,0.0
Taliyah,Kalista,5,2,0.4,0.45,-0.04999999999999999,0.0
Vi,Vayne,5,2,0.4,0.45,-0.04999999999999999,0.0
Renekton,Yorick,5,2,0.4,0.45,-0.04999999999999999,0.0
Zaahen,Lulu,5,2,0.4,0.45,-0.04999999999999999,0.0
Ryze,Pyke,5,2,0.4,0.45,-0.04999999999999999,0.0
Aphelios,Aurora,5,2,0.4,0.45,-0.04999999999999999,0.0
Aphelios,Lee Sin,5,2,0.4,0.45,-0.04999999999999999,0.0
Leona,Karma,5,2,0.4,0.45,-0.04999999999999999,0.0
Gwen,Syndra,5,2,0.4,0.45,-0.04999999999999999,0.0
Smolder,Neeko,5,2,0.4,0.45,-0.04999999999999999,0.0
Anivia,Aphelios,5,2,0.4,0.45,-0.04999999999999999,0.0
Dr. Mundo,Nautilus,5,2,0.4,0.45,-0.04999999999999999,0.0
Lucian,Rek'Sai,5,2,0.4,0.45,-0.04999999999999999,0.0
Kennen,Skarner,5,2,0.4,0.45,-0.04999999999999999,0.0
Rakan,Akali,5,2,0.4,0.45,-0.04999999999999999,0.0
Gnar,Gragas,5,2,0.4,0.45,-0.04999999999999999,0.0
Syndra,Senna,5,2,0.4,0.45,-0.04999999999999999,0.0
Rakan,Nautilus,5,2,0.4,0.45,-0.04999999999999999,0.0
Zyra,Wukong,5,2,0.4,0.45,-0.04999999999999999,0.0
Fiora,Ryze,5,2,0.4,0.45,-0.04999999999999999,0.0
Karma,Malphite,5,2,0.4,0.45,-0.04999999999999999,0.0
Kai'Sa,Azir,5,2,0.4,0.45,-0.04999999999999999,0.0
Braum,Alistar,5,2,0.4,0.45,-0.04999999999999999,0.0
Vayne,Kai'Sa,5,2,0.4,0.45,-0.04999999999999999,0.0
Senna,Jayce,5,2,0.4,0.45,-0.04999999999999999,0.0
Senna,Nocturne,5,2,0.4,0.45,-0.04999999999999999,0.0
K'Sante,Sylas,5,2,0.4,0.45,-0.04999999999999999,0.0
Kalista,Naafiri,5,2,0.4,0.45,-0.04999999999999999,0.0
Pyke,K'Sante,5,2,0.4,0.45,-0.04999999999999999,0.0
Aphelios,Jarvan IV,5,2,0.4,0.45,-0.04999999999999999,0.0
Sion,Maokai,5,2,0.4,0.45,-0.04999999999999999,0.0
Trundle,Aatrox,5,2,0.4,0.45,-0.04999999999999999,0.0
Smolder,Leona,5,2,0.4,0.45,-0.04999999999999999,0.0
Yuumi,Milio,5,2,0.4,0.45,-0.04999999999999999,0.0
Corki,Leona,5,2,0.4,0.45,-0.04999999999999999,0.0
Leona,Cassiopeia,5,2,0.4,0.45,-0.04999999999999999,0.0
Zaahen,Rakan,5,2,0.4,0.45,-0.04999999999999999,0.0
Ezreal,Zeri,5,2,0.4,0.45,-0.04999999999999999,0.0
Yone,Ashe,5,2,0.4,0.45,-0.04999999999999999,0.0
Anivia,Mel,5,2,0.4,0.45,-0.04999999999999999,0.0
Jax,Orianna,5,2,0.4,0.45,-0.04999999999999999,0.0
Azir,Annie,5,2,0.4,0.45,-0.04999999999999999,0.0
Mel,Lucian,5,2,0.4,0.45,-0.04999999999999999,0.0
Lucian,Dr. Mundo,5,2,0.4,0.45,-0.04999999999999999,0.0
Maokai,Jayce,5,2,0.4,0.45,-0.04999999999999999,0.0
Gnar,Rumble,5,2,0.4,0.45,-0.04999999999999999,0.0
Lee Sin,LeBlanc,5,2,0.4,0.45,-0.04999999999999999,0.0
Ashe,Smolder,5,2,0.4,0.45,-0.04999999999999999,0.0
Jayce,Kai'Sa,5,2,0.4,0.45,-0.04999999999999999,0.0
Kai'Sa,Cassiopeia,5,2,0.4,0.45,-0.04999999999999999,0.0
Smolder,Taliyah,5,2,0.4,0.45,-0.04999999999999999,0.0
Naafiri,LeBlanc,5,2,0.4,0.45,-0.04999999999999999,0.0
Yone,Wukong,5,2,0.4,0.45,-0.04999999999999999,0.0
Wukong,Pyke,5,2,0.4,0.45,-0.04999999999999999,0.0
Jinx,Aphelios,5,2,0.4,0.45,-0.04999999999999999,0.0
Skarner,Jinx,5,2,0.4,0.45,-0.04999999999999999,0.0
Ornn,Naafiri,5,2,0.4,0.45,-0.04999999999999999,0.0
Wukong,Smolder,5,2,0.4,0.45,-0.04999999999999999,0.0
Nautilus,Senna,5,2,0.4,0.45,-0.04999999999999999,0.0
LeBlanc,Seraphine,5,2,0.4,0.45,-0.04999999999999999,0.0
Sion,LeBlanc,5,2,0.4,0.45,-0.04999999999999999,0.0
Shen,Kog'Maw,5,2,0.4,0.45,-0.04999999999999999,0.0
Rumble,Aphelios,5,2,0.4,0.45,-0.04999999999999999,0.0
Yorick,Nami,5,2,0.4,0.45,-0.04999999999999999,0.0
Azir,Rakan,5,2,0.4,0.45,-0.04999999999999999,0.0
Azir,Varus,5,2,0.4,0.45,-0.04999999999999999,0.0
Pyke,Twisted Fate,5,2,0.4,0.45,-0.04999999999999999,0.0
Yorick,Rakan,5,2,0.4,0.45,-0.04999999999999999,0.0
Camille,Caitlyn,5,2,0.4,0.45,-0.04999999999999999,0.0
Rek'Sai,Caitlyn,5,2,0.4,0.45,-0.04999999999999999,0.0
Corki,LeBlanc,5,2,0.4,0.45,-0.04999999999999999,0.0
Jarvan IV,Kalista,5,2,0.4,0.45,-0.04999999999999999,0.0
Corki,Kai'Sa,5,2,0.4,0.45,-0.04999999999999999,0.0
Trundle,Nami,5,2,0.4,0.45,-0.04999999999999999,0.0
Syndra,Rek'Sai,5,2,0.4,0.45,-0.04999999999999999,0.0
Trundle,Aphelios,5,2,0.4,0.45,-0.04999999999999999,0.0
Viktor,Aphelios,5,2,0.4,0.45,-0.04999999999999999,0.0
Ornn,Smolder,5,2,0.4,0.45,-0.04999999999999999,0.0
Poppy,Lulu,5,2,0.4,0.45,-0.04999999999999999,0.0
Shen,Akali,5,2,0.4,0.45,-0.04999999999999999,0.0
Trundle,Twisted Fate,5,2,0.4,0.45,-0.04999999999999999,0.0
Naafiri,Zaahen,5,2,0.4,0.45,-0.04999999999999999,0.0
Sivir,Miss Fortune,5,2,0.4,0.45,-0.04999999999999999,0.0
K'Sante,Jax,5,2,0.4,0.45,-0.04999999999999999,0.0
Olaf,Mel,5,2,0.4,0.45,-0.04999999999999999,0.0
Vi,Mel,5,2,0.4,0.45,-0.04999999999999999,0.0
LeBlanc,Caitlyn,5,2,0.4,0.45,-0.04999999999999999,0.0
Xin Zhao,Xayah,5,2,0.4,0.45,-0.04999999999999999,0.0
Aurora,Senna,5,2,0.4,0.45,-0.04999999999999999,0.0
Ornn,Mel,5,2,0.4,0.45,-0.04999999999999999,0.0
Jinx,K'Sante,5,2,0.4,0.45,-0.04999999999999999,0.0
Ashe,Jax,5,2,0.4,0.45,-0.04999999999999999,0.0
Trundle,Jax,5,2,0.4,0.45,-0.04999999999999999,0.0
Mel,Milio,5,2,0.4,0.45,-0.04999999999999999,0.0
Ahri,Braum,5,2,0.4,0.45,-0.04999999999999999,0.0
Maokai,Alistar,5,2,0.4,0.45,-0.04999999999999999,0.0
Zeri,Sion,5,2,0.4,0.45,-0.04999999999999999,0.0
Viktor,Senna,5,2,0.4,0.45,-0.04999999999999999,0.0
Skarner,Zeri,5,2,0.4,0.45,-0.04999999999999999,0.0
Azir,Aatrox,5,2,0.4,0.45,-0.04999999999999999,0.0
Viktor,Olaf,5,2,0.4,0.45,-0.04999999999999999,0.0
Neeko,Lux,5,2,0.4,0.45,-0.04999999999999999,0.0
Yorick,Akali,5,2,0.4,0.45,-0.04999999999999999,0.0
Nautilus,Shyvana,5,2,0.4,0.45,-0.04999999999999999,0.0
Gnar,Nasus,5,2,0.4,0.45,-0.04999999999999999,0.0
Nautilus,Poppy,5,2,0.4,0.45,-0.04999999999999999,0.0
Caitlyn,Senna,5,2,0.4,0.45,-0.04999999999999999,0.0
Leona,Olaf,5,2,0.4,0.45,-0.04999999999999999,0.0
Zaahen,Sylas,5,2,0.4,0.45,-0.04999999999999999,0.0
Miss Fortune,Naafiri,5,2,0.4,0.45,-0.04999999999999999,0.0
Gragas,Cassiopeia,5,2,0.4,0.45,-0.04999999999999999,0.0
Blitzcrank,Milio,5,2,0.4,0.45,-0.04999999999999999,0.0
Miss Fortune,Zaahen,5,2,0.4,0.45,-0.04999999999999999,0.0
Leona,Varus,5,2,0.4,0.45,-0.04999999999999999,0.0
Anivia,Alistar,5,2,0.4,0.45,-0.04999999999999999,0.0
Sejuani,Varus,5,2,0.4,0.45,-0.04999999999999999,0.0
Tristana,Maokai,5,2,0.4,0.45,-0.04999999999999999,0.0
Sivir,Caitlyn,5,2,0.4,0.45,-0.04999999999999999,0.0
Xayah,Naafiri,5,2,0.4,0.45,-0.04999999999999999,0.0
Galio,Braum,5,2,0.4,0.45,-0.04999999999999999,0.0
Orianna,Shen,5,2,0.4,0.45,-0.04999999999999999,0.0
Yorick,Taliyah,5,2,0.4,0.45,-0.04999999999999999,0.0
Jax,Ahri,5,2,0.4,0.45,-0.04999999999999999,0.0
Lux,Lee Sin,5,2,0.4,0.45,-0.04999999999999999,0.0
Aphelios,Bard,5,2,0.4,0.45,-0.04999999999999999,0.0
Sylas,Pantheon,5,2,0.4,0.45,-0.04999999999999999,0.0
Maokai,Bard,5,2,0.4,0.45,-0.04999999999999999,0.0
Ambessa,Poppy,5,2,0.4,0.45,-0.04999999999999999,0.0
Alistar,Trundle,5,2,0.4,0.45,-0.04999999999999999,0.0
Caitlyn,Jhin,54,24,0.4444444444444444,0.4491525423728814,-0.05084745762711862,0.0
Aurora,Nautilus,34,15,0.4411764705882353,0.44871794871794873,-0.051282051282051266,0.0
Neeko,Caitlyn,34,15,0.4411764705882353,0.44871794871794873,-0.051282051282051266,0.0
Yunara,Ryze,34,15,0.4411764705882353,0.44871794871794873,-0.051282051282051266,0.0
Wukong,Nautilus,34,15,0.4411764705882353,0.44871794871794873,-0.051282051282051266,0.0
Ryze,Viktor,34,15,0.4411764705882353,0.44871794871794873,-0.051282051282051266,0.0
Pantheon,Skarner,43,19,0.4418604651162791,0.4479166666666667,-0.052083333333333315,0.0
Vi,Jarvan IV,43,19,0.4418604651162791,0.4479166666666667,-0.052083333333333315,0.0
Corki,Ashe,14,6,0.42857142857142855,0.4473684210526316,-0.05263157894736842,0.0
Twisted Fate,Bard,14,6,0.42857142857142855,0.4473684210526316,-0.05263157894736842,0.0
Caitlyn,Azir,14,6,0.42857142857142855,0.4473684210526316,-0.05263157894736842,0.0
Skarner,Nami,14,6,0.42857142857142855,0.4473684210526316,-0.05263157894736842,0.0
Taliyah,Caitlyn,14,6,0.42857142857142855,0.4473684210526316,-0.05263157894736842,0.0
Nocturne,Caitlyn,14,6,0.42857142857142855,0.4473684210526316,-0.05263157894736842,0.0
Corki,Nocturne,14,6,0.42857142857142855,0.4473684210526316,-0.05263157894736842,0.0
Taliyah,Aurora,14,6,0.42857142857142855,0.4473684210526316,-0.05263157894736842,0.0
Nocturne,Ashe,14,6,0.42857142857142855,0.4473684210526316,-0.05263157894736842,0.0
Xin Zhao,Ornn,14,6,0.42857142857142855,0.4473684210526316,-0.05263157894736842,0.0
Ambessa,Nami,14,6,0.42857142857142855,0.4473684210526316,-0.05263157894736842,0.0
Jayce,Akali,14,6,0.42857142857142855,0.4473684210526316,-0.05263157894736842,0.0
Orianna,Lee Sin,14,6,0.42857142857142855,0.4473684210526316,-0.05263157894736842,0.0
Jayce,Naafiri,14,6,0.42857142857142855,0.4473684210526316,-0.05263157894736842,0.0
Lucian,Taliyah,14,6,0.42857142857142855,0.4473684210526316,-0.05263157894736842,0.0
Nocturne,Kai'Sa,14,6,0.42857142857142855,0.4473684210526316,-0.05263157894736842,0.0
Twisted Fate,Sion,14,6,0.42857142857142855,0.4473684210526316,-0.05263157894736842,0.0
Lee Sin,Akali,14,6,0.42857142857142855,0.4473684210526316,-0.05263157894736842,0.0
Naafiri,Aurora,14,6,0.42857142857142855,0.4473684210526316,-0.05263157894736842,0.0
Skarner,K'Sante,14,6,0.42857142857142855,0.4473684210526316,-0.05263157894736842,0.0
Lulu,Skarner,14,6,0.42857142857142855,0.4473684210526316,-0.05263157894736842,0.0
Naafiri,Pantheon,14,6,0.42857142857142855,0.4473684210526316,-0.05263157894736842,0.0
K'Sante,Naafiri,14,6,0.42857142857142855,0.4473684210526316,-0.05263157894736842,0.0
Nautilus,Lee Sin,14,6,0.42857142857142855,0.4473684210526316,-0.05263157894736842,0.0
Lee Sin,Ambessa,14,6,0.42857142857142855,0.4473684210526316,-0.05263157894736842,0.0
Annie,Milio,23,10,0.43478260869565216,0.44642857142857145,-0.05357142857142855,0.0
Wukong,Neeko,23,10,0.43478260869565216,0.44642857142857145,-0.05357142857142855,0.0
Orianna,Sion,23,10,0.43478260869565216,0.44642857142857145,-0.05357142857142855,0.0
Pantheon,Anivia,23,10,0.43478260869565216,0.44642857142857145,-0.05357142857142855,0.0
Renekton,Ashe,23,10,0.43478260869565216,0.44642857142857145,-0.05357142857142855,0.0
Lee Sin,Viktor,23,10,0.43478260869565216,0.44642857142857145,-0.05357142857142855,0.0
Xin Zhao,Skarner,23,10,0.43478260869565216,0.44642857142857145,-0.05357142857142855,0.0
Ambessa,Aurora,23,10,0.43478260869565216,0.44642857142857145,-0.05357142857142855,0.0
Ambessa,Naafiri,23,10,0.43478260869565216,0.44642857142857145,-0.05357142857142855,0.0
Ezreal,Ahri,32,14,0.4375,0.44594594594594594,-0.05405405405405406,0.0
Aurora,Rumble,41,18,0.43902439024390244,0.44565217391304346,-0.05434782608695654,0.0
Rumble,Bard,50,22,0.44,0.44545454545454544,-0.054545454545454564,0.0
Pantheon,Jarvan IV,50,22,0.44,0.44545454545454544,-0.054545454545454564,0.0
Bard,Ryze,50,22,0.44,0.44545454545454544,-0.054545454545454564,0.0
Milio,Ashe,59,26,0.4406779661016949,0.4453125,-0.0546875,0.0
Ryze,Lucian,48,21,0.4375,0.44339622641509435,-0.05660377358490565,0.0
Jayce,Bard,30,13,0.43333333333333335,0.44285714285714284,-0.05714285714285716,0.0
Jhin,Ryze,30,13,0.43333333333333335,0.44285714285714284,-0.05714285714285716,0.0
K'Sante,Yunara,30,13,0.43333333333333335,0.44285714285714284,-0.05714285714285716,0.0
Ahri,Nocturne,21,9,0.42857142857142855,0.4423076923076923,-0.05769230769230771,0.0
Lulu,Annie,21,9,0.42857142857142855,0.4423076923076923,-0.05769230769230771,0.0
Cassiopeia,Varus,21,9,0.42857142857142855,0.4423076923076923,-0.05769230769230771,0.0
Caitlyn,Vi,21,9,0.42857142857142855,0.4423076923076923,-0.05769230769230771,0.0
Jayce,Milio,21,9,0.42857142857142855,0.4423076923076923,-0.05769230769230771,0.0
Wukong,Varus,21,9,0.42857142857142855,0.4423076923076923,-0.05769230769230771,0.0
Neeko,Cassiopeia,21,9,0.42857142857142855,0.4423076923076923,-0.05769230769230771,0.0
Yunara,Rumble,21,9,0.42857142857142855,0.4423076923076923,-0.05769230769230771,0.0
Shen,Sion,21,9,0.42857142857142855,0.4423076923076923,-0.05769230769230771,0.0
Ezreal,Rumble,64,28,0.4375,0.4420289855072464,-0.0579710144927536,0.0
Pantheon,Mel,12,5,0.4166666666666667,0.4411764705882353,-0.05882352941176472,0.0
Jarvan IV,Kai'Sa,12,5,0.4166666666666667,0.4411764705882353,-0.05882352941176472,0.0
Xin Zhao,Yorick,12,5,0.4166666666666667,0.4411764705882353,-0.05882352941176472,0.0
Nautilus,Hwei,12,5,0.4166666666666667,0.4411764705882353,-0.05882352941176472,0.0
Rell,Jarvan IV,12,5,0.4166666666666667,0.4411764705882353,-0.05882352941176472,0.0
Azir,Jhin,12,5,0.4166666666666667,0.4411764705882353,-0.05882352941176472,0.0
Galio,Xin Zhao,12,5,0.4166666666666667,0.4411764705882353,-0.05882352941176472,0.0
Lulu,Jhin,12,5,0.4166666666666667,0.4411764705882353,-0.05882352941176472,0.0
Lulu,Ornn,12,5,0.4166666666666667,0.4411764705882353,-0.05882352941176472,0.0
Ashe,Vayne,12,5,0.4166666666666667,0.4411764705882353,-0.05882352941176472,0.0
Lucian,Trundle,12,5,0.4166666666666667,0.4411764705882353,-0.05882352941176472,0.0
Nautilus,Yone,12,5,0.4166666666666667,0.4411764705882353,-0.05882352941176472,0.0
Lee Sin,Yunara,12,5,0.4166666666666667,0.4411764705882353,-0.05882352941176472,0.0
Cassiopeia,Yone,12,5,0.4166666666666667,0.4411764705882353,-0.05882352941176472,0.0
Ornn,Vi,12,5,0.4166666666666667,0.4411764705882353,-0.05882352941176472,0.0
Azir,Lucian,12,5,0.4166666666666667,0.4411764705882353,-0.05882352941176472,0.0
Twisted Fate,Jarvan IV,12,5,0.4166666666666667,0.4411764705882353,-0.05882352941176472,0.0
Ezreal,Taliyah,12,5,0.4166666666666667,0.4411764705882353,-0.05882352941176472,0.0
Rell,Naafiri,12,5,0.4166666666666667,0.4411764705882353,-0.05882352941176472,0.0
Karma,Rakan,12,5,0.4166666666666667,0.4411764705882353,-0.05882352941176472,0.0
Zaahen,Orianna,12,5,0.4166666666666667,0.4411764705882353,-0.05882352941176472,0.0
Ashe,Aatrox,12,5,0.4166666666666667,0.4411764705882353,-0.05882352941176472,0.0
Sion,Senna,12,5,0.4166666666666667,0.4411764705882353,-0.05882352941176472,0.0
Karma,Miss Fortune,12,5,0.4166666666666667,0.4411764705882353,-0.05882352941176472,0.0
Kai'Sa,Sion,12,5,0.4166666666666667,0.4411764705882353,-0.05882352941176472,0.0
Nautilus,Taliyah,12,5,0.4166666666666667,0.4411764705882353,-0.05882352941176472,0.0
Trundle,Ashe,12,5,0.4166666666666667,0.4411764705882353,-0.05882352941176472,0.0
Cassiopeia,Zaahen,12,5,0.4166666666666667,0.4411764705882353,-0.05882352941176472,0.0
Rell,Aurora,12,5,0.4166666666666667,0.4411764705882353,-0.05882352941176472,0.0
Miss Fortune,Aurora,12,5,0.4166666666666667,0.4411764705882353,-0.05882352941176472,0.0
Lulu,Taliyah,12,5,0.4166666666666667,0.4411764705882353,-0.05882352941176472,0.0
Lulu,Miss Fortune,12,5,0.4166666666666667,0.4411764705882353,-0.05882352941176472,0.0
Xin Zhao,Annie,37,16,0.43243243243243246,0.44047619047619047,-0.059523809523809534,0.0
Karma,Rumble,37,16,0.43243243243243246,0.44047619047619047,-0.059523809523809534,0.0
Pantheon,Caitlyn,37,16,0.43243243243243246,0.44047619047619047,-0.059523809523809534,0.0
Yunara,Jarvan IV,37,16,0.43243243243243246,0.44047619047619047,-0.059523809523809534,0.0
Xin Zhao,Gnar,53,23,0.4339622641509434,0.4396551724137931,-0.060344827586206906,0.0
Orianna,Rumble,28,12,0.42857142857142855,0.4393939393939394,-0.06060606060606061,0.0
Nocturne,Pantheon,28,12,0.42857142857142855,0.4393939393939394,-0.06060606060606061,0.0
Gnar,Viktor,28,12,0.42857142857142855,0.4393939393939394,-0.06060606060606061,0.0
K'Sante,Lulu,28,12,0.42857142857142855,0.4393939393939394,-0.06060606060606061,0.0
Ashe,Karma,28,12,0.42857142857142855,0.4393939393939394,-0.06060606060606061,0.0
Ashe,Caitlyn,28,12,0.42857142857142855,0.4393939393939394,-0.06060606060606061,0.0
Jayce,Yorick,44,19,0.4318181818181818,0.4387755102040816,-0.06122448979591838,0.0
Nautilus,Seraphine,44,19,0.4318181818181818,0.4387755102040816,-0.06122448979591838,0.0
Wukong,Ryze,35,15,0.42857142857142855,0.4375,-0.0625,0.0
K'Sante,Pantheon,35,15,0.42857142857142855,0.4375,-0.0625,0.0
Nami,Sion,19,8,0.42105263157894735,0.4375,-0.0625,0.0
Ornn,Jhin,19,8,0.42105263157894735,0.4375,-0.0625,0.0
Skarner,Annie,19,8,0.42105263157894735,0.4375,-0.0625,0.0
Xin Zhao,Zaahen,19,8,0.42105263157894735,0.4375,-0.0625,0.0
Xin Zhao,Corki,19,8,0.42105263157894735,0.4375,-0.0625,0.0
Corki,Jayce,19,8,0.42105263157894735,0.4375,-0.0625,0.0
Nami,Caitlyn,19,8,0.42105263157894735,0.4375,-0.0625,0.0
Pantheon,Annie,19,8,0.42105263157894735,0.4375,-0.0625,0.0
Neeko,Aurora,19,8,0.42105263157894735,0.4375,-0.0625,0.0
Karma,Lee Sin,19,8,0.42105263157894735,0.4375,-0.0625,0.0
Lulu,Ashe,19,8,0.42105263157894735,0.4375,-0.0625,0.0
Mel,Syndra,3,1,0.3333333333333333,0.4375,-0.0625,0.0
Gnar,Morgana,3,1,0.3333333333333333,0.4375,-0.0625,0.0
Annie,Zoe,3,1,0.3333333333333333,0.4375,-0.0625,0.0
Dr. Mundo,Cassiopeia,3,1,0.3333333333333333,0.4375,-0.0625,0.0
Jhin,Braum,3,1,0.3333333333333333,0.4375,-0.0625,0.0
Sylas,Braum,3,1,0.3333333333333333,0.4375,-0.0625,0.0
Vayne,Dr. Mundo,3,1,0.3333333333333333,0.4375,-0.0625,0.0
Varus,Pyke,3,1,0.3333333333333333,0.4375,-0.0625,0.0
Aurora,Blitzcrank,3,1,0.3333333333333333,0.4375,-0.0625,0.0
Renekton,Gwen,3,1,0.3333333333333333,0.4375,-0.0625,0.0
Viktor,Irelia,3,1,0.3333333333333333,0.4375,-0.0625,0.0
Irelia,Lulu,3,1,0.3333333333333333,0.4375,-0.0625,0.0
Zoe,Sion,3,1,0.3333333333333333,0.4375,-0.0625,0.0
Shyvana,Jayce,3,1,0.3333333333333333,0.4375,-0.0625,0.0
Yasuo,Ezreal,3,1,0.3333333333333333,0.4375,-0.0625,0.0
Yasuo,Gnar,3,1,0.3333333333333333,0.4375,-0.0625,0.0
Yasuo,Nami,3,1,0.3333333333333333,0.4375,-0.0625,0.0
Yuumi,Anivia,3,1,0.3333333333333333,0.4375,-0.0625,0.0
Yuumi,Trundle,3,1,0.3333333333333333,0.4375,-0.0625,0.0
Zeri,Trundle,3,1,0.3333333333333333,0.4375,-0.0625,0.0
Olaf,Ezreal,3,1,0.3333333333333333,0.4375,-0.0625,0.0
Jax,Kai'Sa,3,1,0.3333333333333333,0.4375,-0.0625,0.0
Galio,Taliyah,3,1,0.3333333333333333,0.4375,-0.0625,0.0
Milio,Zaahen,3,1,0.3333333333333333,0.4375,-0.0625,0.0
Irelia,Lucian,3,1,0.3333333333333333,0.4375,-0.0625,0.0
Irelia,Milio,3,1,0.3333333333333333,0.4375,-0.0625,0.0
Ezreal,Kennen,3,1,0.3333333333333333,0.4375,-0.0625,0.0
Thresh,Jax,3,1,0.3333333333333333,0.4375,-0.0625,0.0
Yunara,Gragas,3,1,0.3333333333333333,0.4375,-0.0625,0.0
Viktor,Sejuani,3,1,0.3333333333333333,0.4375,-0.0625,0.0
Cassiopeia,Rakan,3,1,0.3333333333333333,0.4375,-0.0625,0.0
Maokai,Yone,3,1,0.3333333333333333,0.4375,-0.0625,0.0
Ryze,Aphelios,3,1,0.3333333333333333,0.4375,-0.0625,0.0
Aphelios,Maokai,3,1,0.3333333333333333,0.4375,-0.0625,0.0
Lulu,Maokai,3,1,0.3333333333333333,0.4375,-0.0625,0.0
Corki,Hwei,3,1,0.3333333333333333,0.4375,-0.0625,0.0
Sejuani,Hwei,3,1,0.3333333333333333,0.4375,-0.0625,0.0
Sejuani,Milio,3,1,0.3333333333333333,0.4375,-0.0625,0.0
Olaf,Nami,3,1,0.3333333333333333,0.4375,-0.0625,0.0
Varus,Gragas,3,1,0.3333333333333333,0.4375,-0.0625,0.0
Taliyah,Lux,3,1,0.3333333333333333,0.4375,-0.0625,0.0
Xin Zhao,Zoe,3,1,0.3333333333333333,0.4375,-0.0625,0.0
Zoe,Ezreal,3,1,0.3333333333333333,0.4375,-0.0625,0.0
Yunara,Camille,3,1,0.3333333333333333,0.4375,-0.0625,0.0
Kai'Sa,Seraphine,3,1,0.3333333333333333,0.4375,-0.0625,0.0
Ashe,Kai'Sa,3,1,0.3333333333333333,0.4375,-0.0625,0.0
Zac,Nautilus,3,1,0.3333333333333333,0.4375,-0.0625,0.0
Sivir,Dr. Mundo,3,1,0.3333333333333333,0.4375,-0.0625,0.0
Gragas,Viktor,3,1,0.3333333333333333,0.4375,-0.0625,0.0
Smolder,Caitlyn,3,1,0.3333333333333333,0.4375,-0.0625,0.0
Sion,Aurelion Sol,3,1,0.3333333333333333,0.4375,-0.0625,0.0
Leona,Annie,3,1,0.3333333333333333,0.4375,-0.0625,0.0
Yorick,Leona,3,1,0.3333333333333333,0.4375,-0.0625,0.0
Dr. Mundo,Corki,3,1,0.3333333333333333,0.4375,-0.0625,0.0
Maokai,Dr. Mundo,3,1,0.3333333333333333,0.4375,-0.0625,0.0
Sivir,Ziggs,3,1,0.3333333333333333,0.4375,-0.0625,0.0
Sivir,Syndra,3,1,0.3333333333333333,0.4375,-0.0625,0.0
Elise,Anivia,3,1,0.3333333333333333,0.4375,-0.0625,0.0
Elise,Sion,3,1,0.3333333333333333,0.4375,-0.0625,0.0
Camille,Pyke,3,1,0.3333333333333333,0.4375,-0.0625,0.0
Camille,Ziggs,3,1,0.3333333333333333,0.4375,-0.0625,0.0
Mel,Camille,3,1,0.3333333333333333,0.4375,-0.0625,0.0
Kalista,Pantheon,3,1,0.3333333333333333,0.4375,-0.0625,0.0
Irelia,Jarvan IV,3,1,0.3333333333333333,0.4375,-0.0625,0.0
Pantheon,Renata Glasc,3,1,0.3333333333333333,0.4375,-0.0625,0.0
Sylas,Dr. Mundo,3,1,0.3333333333333333,0.4375,-0.0625,0.0
Ashe,Sivir,3,1,0.3333333333333333,0.4375,-0.0625,0.0
Gragas,Olaf,3,1,0.3333333333333333,0.4375,-0.0625,0.0
Hwei,Taliyah,3,1,0.3333333333333333,0.4375,-0.0625,0.0
Lee Sin,Hwei,3,1,0.3333333333333333,0.4375,-0.0625,0.0
Aphelios,Jax,3,1,0.3333333333333333,0.4375,-0.0625,0.0
Camille,Bard,3,1,0.3333333333333333,0.4375,-0.0625,0.0
Syndra,Twisted Fate,3,1,0.3333333333333333,0.4375,-0.0625,0.0
Vayne,Twisted Fate,3,1,0.3333333333333333,0.4375,-0.0625,0.0
Wukong,Poppy,3,1,0.3333333333333333,0.4375,-0.0625,0.0
Tristana,Annie,3,1,0.3333333333333333,0.4375,-0.0625,0.0
Miss Fortune,Tristana,3,1,0.3333333333333333,0.4375,-0.0625,0.0
Leona,Ornn,3,1,0.3333333333333333,0.4375,-0.0625,0.0
Leona,Vayne,3,1,0.3333333333333333,0.4375,-0.0625,0.0
Sion,Yasuo,3,1,0.3333333333333333,0.4375,-0.0625,0.0
Smolder,Brand,3,1,0.3333333333333333,0.4375,-0.0625,0.0
Brand,Sion,3,1,0.3333333333333333,0.4375,-0.0625,0.0
Yasuo,Pantheon,3,1,0.3333333333333333,0.4375,-0.0625,0.0
Yuumi,Karma,3,1,0.3333333333333333,0.4375,-0.0625,0.0
Orianna,Zed,3,1,0.3333333333333333,0.4375,-0.0625,0.0
Corki,Volibear,3,1,0.3333333333333333,0.4375,-0.0625,0.0
Jinx,Orianna,3,1,0.3333333333333333,0.4375,-0.0625,0.0
Milio,Gragas,3,1,0.3333333333333333,0.4375,-0.0625,0.0
Camille,Akali,3,1,0.3333333333333333,0.4375,-0.0625,0.0
Varus,Zed,3,1,0.3333333333333333,0.4375,-0.0625,0.0
Pyke,Syndra,3,1,0.3333333333333333,0.4375,-0.0625,0.0
Rumble,Vayne,3,1,0.3333333333333333,0.4375,-0.0625,0.0
Karma,Yone,3,1,0.3333333333333333,0.4375,-0.0625,0.0
Syndra,Yone,3,1,0.3333333333333333,0.4375,-0.0625,0.0
Wukong,Jax,3,1,0.3333333333333333,0.4375,-0.0625,0.0
Draven,Aurora,3,1,0.3333333333333333,0.4375,-0.0625,0.0
Jhin,Fiora,3,1,0.3333333333333333,0.4375,-0.0625,0.0
Zyra,Nautilus,3,1,0.3333333333333333,0.4375,-0.0625,0.0
Ziggs,Wukong,3,1,0.3333333333333333,0.4375,-0.0625,0.0
Rek'Sai,Neeko,3,1,0.3333333333333333,0.4375,-0.0625,0.0
Corki,Rek'Sai,3,1,0.3333333333333333,0.4375,-0.0625,0.0
Elise,Jarvan IV,3,1,0.3333333333333333,0.4375,-0.0625,0.0
Milio,Rek'Sai,3,1,0.3333333333333333,0.4375,-0.0625,0.0
Rumble,Rek'Sai,3,1,0.3333333333333333,0.4375,-0.0625,0.0
Mel,Nautilus,3,1,0.3333333333333333,0.4375,-0.0625,0.0
Miss Fortune,Mel,3,1,0.3333333333333333,0.4375,-0.0625,0.0
Nami,Sylas,3,1,0.3333333333333333,0.4375,-0.0625,0.0
Vi,Sylas,3,1,0.3333333333333333,0.4375,-0.0625,0.0
Sylas,Corki,3,1,0.3333333333333333,0.4375,-0.0625,0.0
Sylas,Yorick,3,1,0.3333333333333333,0.4375,-0.0625,0.0
Smolder,Gwen,3,1,0.3333333333333333,0.4375,-0.0625,0.0
Annie,Braum,3,1,0.3333333333333333,0.4375,-0.0625,0.0
Senna,Twisted Fate,3,1,0.3333333333333333,0.4375,-0.0625,0.0
Azir,Ahri,3,1,0.3333333333333333,0.4375,-0.0625,0.0
Sivir,Tristana,3,1,0.3333333333333333,0.4375,-0.0625,0.0
Syndra,Tristana,3,1,0.3333333333333333,0.4375,-0.0625,0.0
Ziggs,Varus,3,1,0.3333333333333333,0.4375,-0.0625,0.0
Ornn,Zaahen,3,1,0.3333333333333333,0.4375,-0.0625,0.0
Rek'Sai,Ornn,3,1,0.3333333333333333,0.4375,-0.0625,0.0
Nocturne,Syndra,3,1,0.3333333333333333,0.4375,-0.0625,0.0
Smolder,Dr. Mundo,3,1,0.3333333333333333,0.4375,-0.0625,0.0
Smolder,Jax,3,1,0.3333333333333333,0.4375,-0.0625,0.0
Zaahen,Jax,3,1,0.3333333333333333,0.4375,-0.0625,0.0
Naafiri,Renata Glasc,3,1,0.3333333333333333,0.4375,-0.0625,0.0
Kalista,Jhin,3,1,0.3333333333333333,0.4375,-0.0625,0.0
Renata Glasc,Jhin,3,1,0.3333333333333333,0.4375,-0.0625,0.0
Bard,Sejuani,3,1,0.3333333333333333,0.4375,-0.0625,0.0
Sion,Renata Glasc,3,1,0.3333333333333333,0.4375,-0.0625,0.0
Rumble,Kassadin,3,1,0.3333333333333333,0.4375,-0.0625,0.0
Rell,Dr. Mundo,3,1,0.3333333333333333,0.4375,-0.0625,0.0
Gwen,Yorick,3,1,0.3333333333333333,0.4375,-0.0625,0.0
Xerath,Viktor,3,1,0.3333333333333333,0.4375,-0.0625,0.0
Nami,Alistar,3,1,0.3333333333333333,0.4375,-0.0625,0.0
Maokai,Yunara,3,1,0.3333333333333333,0.4375,-0.0625,0.0
Yunara,Yasuo,3,1,0.3333333333333333,0.4375,-0.0625,0.0
Kennen,Hwei,3,1,0.3333333333333333,0.4375,-0.0625,0.0
Lucian,Hwei,3,1,0.3333333333333333,0.4375,-0.0625,0.0
Viego,Renekton,3,1,0.3333333333333333,0.4375,-0.0625,0.0
Zoe,Cassiopeia,3,1,0.3333333333333333,0.4375,-0.0625,0.0
Olaf,Caitlyn,3,1,0.3333333333333333,0.4375,-0.0625,0.0
Olaf,Karma,3,1,0.3333333333333333,0.4375,-0.0625,0.0
Hwei,Anivia,3,1,0.3333333333333333,0.4375,-0.0625,0.0
Rumble,Trundle,3,1,0.3333333333333333,0.4375,-0.0625,0.0
Rakan,Dr. Mundo,3,1,0.3333333333333333,0.4375,-0.0625,0.0
Yone,Smolder,3,1,0.3333333333333333,0.4375,-0.0625,0.0
Alistar,Yone,3,1,0.3333333333333333,0.4375,-0.0625,0.0
Zaahen,Rumble,3,1,0.3333333333333333,0.4375,-0.0625,0.0
Jhin,Qiyana,3,1,0.3333333333333333,0.4375,-0.0625,0.0
Viktor,Zoe,3,1,0.3333333333333333,0.4375,-0.0625,0.0
Zoe,Jhin,3,1,0.3333333333333333,0.4375,-0.0625,0.0
Bard,Shen,3,1,0.3333333333333333,0.4375,-0.0625,0.0
Mel,Jayce,3,1,0.3333333333333333,0.4375,-0.0625,0.0
Kennen,Varus,3,1,0.3333333333333333,0.4375,-0.0625,0.0
Dr. Mundo,Ryze,3,1,0.3333333333333333,0.4375,-0.0625,0.0
Rumble,Soraka,3,1,0.3333333333333333,0.4375,-0.0625,0.0
Rumble,Tahm Kench,3,1,0.3333333333333333,0.4375,-0.0625,0.0
Kalista,Ziggs,3,1,0.3333333333333333,0.4375,-0.0625,0.0
Corki,Gwen,3,1,0.3333333333333333,0.4375,-0.0625,0.0
Hwei,Jarvan IV,3,1,0.3333333333333333,0.4375,-0.0625,0.0
Fiora,Yunara,3,1,0.3333333333333333,0.4375,-0.0625,0.0
Poppy,Zaahen,3,1,0.3333333333333333,0.4375,-0.0625,0.0
Rell,Poppy,3,1,0.3333333333333333,0.4375,-0.0625,0.0
Rell,Renata Glasc,3,1,0.3333333333333333,0.4375,-0.0625,0.0
Jax,Taliyah,3,1,0.3333333333333333,0.4375,-0.0625,0.0
Qiyana,Yunara,3,1,0.3333333333333333,0.4375,-0.0625,0.0
Lulu,Qiyana,3,1,0.3333333333333333,0.4375,-0.0625,0.0
Ahri,Renata Glasc,3,1,0.3333333333333333,0.4375,-0.0625,0.0
Ryze,Kennen,3,1,0.3333333333333333,0.4375,-0.0625,0.0
Neeko,Senna,3,1,0.3333333333333333,0.4375,-0.0625,0.0
Pyke,Annie,3,1,0.3333333333333333,0.4375,-0.0625,0.0
Zaahen,Jinx,3,1,0.3333333333333333,0.4375,-0.0625,0.0
Anivia,Kai'Sa,3,1,0.3333333333333333,0.4375,-0.0625,0.0
Lee Sin,Ornn,3,1,0.3333333333333333,0.4375,-0.0625,0.0
Zed,Xin Zhao,3,1,0.3333333333333333,0.4375,-0.0625,0.0
Zoe,Karma,3,1,0.3333333333333333,0.4375,-0.0625,0.0
Xin Zhao,Rek'Sai,3,1,0.3333333333333333,0.4375,-0.0625,0.0
Fiora,Nautilus,3,1,0.3333333333333333,0.4375,-0.0625,0.0
Zaahen,Akali,3,1,0.3333333333333333,0.4375,-0.0625,0.0
Irelia,Anivia,3,1,0.3333333333333333,0.4375,-0.0625,0.0
Maokai,Azir,3,1,0.3333333333333333,0.4375,-0.0625,0.0
Maokai,Pantheon,3,1,0.3333333333333333,0.4375,-0.0625,0.0
Aphelios,Kai'Sa,3,1,0.3333333333333333,0.4375,-0.0625,0.0
Kog'Maw,Viktor,3,1,0.3333333333333333,0.4375,-0.0625,0.0
Renekton,Kog'Maw,3,1,0.3333333333333333,0.4375,-0.0625,0.0
Pantheon,Kled,3,1,0.3333333333333333,0.4375,-0.0625,0.0
Tristana,K'Sante,3,1,0.3333333333333333,0.4375,-0.0625,0.0
Tahm Kench,Annie,3,1,0.3333333333333333,0.4375,-0.0625,0.0
Jinx,Akali,3,1,0.3333333333333333,0.4375,-0.0625,0.0
Jinx,Yorick,3,1,0.3333333333333333,0.4375,-0.0625,0.0
Kai'Sa,Jinx,3,1,0.3333333333333333,0.4375,-0.0625,0.0
Dr. Mundo,Xayah,3,1,0.3333333333333333,0.4375,-0.0625,0.0
Senna,Gragas,3,1,0.3333333333333333,0.4375,-0.0625,0.0
Galio,Azir,3,1,0.3333333333333333,0.4375,-0.0625,0.0
Caitlyn,Cho'Gath,3,1,0.3333333333333333,0.4375,-0.0625,0.0
Pantheon,Cho'Gath,3,1,0.3333333333333333,0.4375,-0.0625,0.0
Twisted Fate,Viktor,3,1,0.3333333333333333,0.4375,-0.0625,0.0
Shen,Leona,3,1,0.3333333333333333,0.4375,-0.0625,0.0
Ziggs,Annie,3,1,0.3333333333333333,0.4375,-0.0625,0.0
Shyvana,Renekton,3,1,0.3333333333333333,0.4375,-0.0625,0.0
Anivia,Olaf,3,1,0.3333333333333333,0.4375,-0.0625,0.0
Lee Sin,Galio,3,1,0.3333333333333333,0.4375,-0.0625,0.0
Brand,Nautilus,3,1,0.3333333333333333,0.4375,-0.0625,0.0
Yorick,Aphelios,3,1,0.3333333333333333,0.4375,-0.0625,0.0
Dr. Mundo,Skarner,3,1,0.3333333333333333,0.4375,-0.0625,0.0
Mel,Malphite,3,1,0.3333333333333333,0.4375,-0.0625,0.0
Ahri,Dr. Mundo,3,1,0.3333333333333333,0.4375,-0.0625,0.0
Cassiopeia,Malphite,3,1,0.3333333333333333,0.4375,-0.0625,0.0
Zyra,Pantheon,3,1,0.3333333333333333,0.4375,-0.0625,0.0
Lulu,Yone,3,1,0.3333333333333333,0.4375,-0.0625,0.0
Draven,Viktor,3,1,0.3333333333333333,0.4375,-0.0625,0.0
LeBlanc,Poppy,3,1,0.3333333333333333,0.4375,-0.0625,0.0
LeBlanc,Yorick,3,1,0.3333333333333333,0.4375,-0.0625,0.0
Viktor,LeBlanc,3,1,0.3333333333333333,0.4375,-0.0625,0.0
Zeri,Annie,3,1,0.3333333333333333,0.4375,-0.0625,0.0
Darius,Ryze,3,1,0.3333333333333333,0.4375,-0.0625,0.0
Gragas,Jarvan IV,3,1,0.3333333333333333,0.4375,-0.0625,0.0
Syndra,Trundle,3,1,0.3333333333333333,0.4375,-0.0625,0.0
Sion,Poppy,3,1,0.3333333333333333,0.4375,-0.0625,0.0
Viego,Alistar,3,1,0.3333333333333333,0.4375,-0.0625,0.0
Brand,Maokai,3,1,0.3333333333333333,0.4375,-0.0625,0.0
Rell,Brand,3,1,0.3333333333333333,0.4375,-0.0625,0.0
Zaahen,Xayah,3,1,0.3333333333333333,0.4375,-0.0625,0.0
Rek'Sai,K'Sante,3,1,0.3333333333333333,0.4375,-0.0625,0.0
Xin Zhao,Xerath,3,1,0.3333333333333333,0.4375,-0.0625,0.0
Azir,Alistar,3,1,0.3333333333333333,0.4375,-0.0625,0.0
Yunara,Olaf,3,1,0.3333333333333333,0.4375,-0.0625,0.0
Rakan,Caitlyn,3,1,0.3333333333333333,0.4375,-0.0625,0.0
Xayah,Azir,3,1,0.3333333333333333,0.4375,-0.0625,0.0
Rumble,Gragas,3,1,0.3333333333333333,0.4375,-0.0625,0.0
Thresh,Ezreal,3,1,0.3333333333333333,0.4375,-0.0625,0.0
Azir,Cassiopeia,3,1,0.3333333333333333,0.4375,-0.0625,0.0
Jax,Sylas,3,1,0.3333333333333333,0.4375,-0.0625,0.0
Lissandra,Sivir,3,1,0.3333333333333333,0.4375,-0.0625,0.0
Gwen,Vayne,3,1,0.3333333333333333,0.4375,-0.0625,0.0
Thresh,Olaf,3,1,0.3333333333333333,0.4375,-0.0625,0.0
Olaf,Yone,3,1,0.3333333333333333,0.4375,-0.0625,0.0
Twisted Fate,Yone,3,1,0.3333333333333333,0.4375,-0.0625,0.0
Gragas,Twisted Fate,3,1,0.3333333333333333,0.4375,-0.0625,0.0
Sylas,Sejuani,3,1,0.3333333333333333,0.4375,-0.0625,0.0
Maokai,Jax,3,1,0.3333333333333333,0.4375,-0.0625,0.0
Jinx,Xin Zhao,3,1,0.3333333333333333,0.4375,-0.0625,0.0
Lee Sin,Pyke,3,1,0.3333333333333333,0.4375,-0.0625,0.0
Ziggs,Rumble,3,1,0.3333333333333333,0.4375,-0.0625,0.0
Smolder,Zyra,3,1,0.3333333333333333,0.4375,-0.0625,0.0
Zed,K'Sante,3,1,0.3333333333333333,0.4375,-0.0625,0.0
Smolder,Corki,3,1,0.3333333333333333,0.4375,-0.0625,0.0
Aatrox,Vayne,3,1,0.3333333333333333,0.4375,-0.0625,0.0
LeBlanc,Jinx,3,1,0.3333333333333333,0.4375,-0.0625,0.0
Jinx,Smolder,3,1,0.3333333333333333,0.4375,-0.0625,0.0
Xayah,Kennen,3,1,0.3333333333333333,0.4375,-0.0625,0.0
Aurora,Ziggs,3,1,0.3333333333333333,0.4375,-0.0625,0.0
Yunara,Ziggs,3,1,0.3333333333333333,0.4375,-0.0625,0.0
Xayah,Olaf,3,1,0.3333333333333333,0.4375,-0.0625,0.0
Mel,Pyke,3,1,0.3333333333333333,0.4375,-0.0625,0.0
Mordekaiser,Viktor,3,1,0.3333333333333333,0.4375,-0.0625,0.0
Ahri,Gragas,3,1,0.3333333333333333,0.4375,-0.0625,0.0
Poppy,Ashe,3,1,0.3333333333333333,0.4375,-0.0625,0.0
Sylas,Wukong,3,1,0.3333333333333333,0.4375,-0.0625,0.0
Renata Glasc,Aatrox,3,1,0.3333333333333333,0.4375,-0.0625,0.0
Renata Glasc,Xin Zhao,3,1,0.3333333333333333,0.4375,-0.0625,0.0
Aatrox,Poppy,3,1,0.3333333333333333,0.4375,-0.0625,0.0
Gragas,Nautilus,3,1,0.3333333333333333,0.4375,-0.0625,0.0
Zeri,Lucian,3,1,0.3333333333333333,0.4375,-0.0625,0.0
Ornn,Ahri,3,1,0.3333333333333333,0.4375,-0.0625,0.0
Zoe,Gnar,3,1,0.3333333333333333,0.4375,-0.0625,0.0
Zoe,Sivir,3,1,0.3333333333333333,0.4375,-0.0625,0.0
Galio,Sivir,3,1,0.3333333333333333,0.4375,-0.0625,0.0
Jayce,Lux,3,1,0.3333333333333333,0.4375,-0.0625,0.0
Braum,Pantheon,3,1,0.3333333333333333,0.4375,-0.0625,0.0
Kennen,Kai'Sa,3,1,0.3333333333333333,0.4375,-0.0625,0.0
Viktor,Zeri,3,1,0.3333333333333333,0.4375,-0.0625,0.0
Malphite,Aurora,3,1,0.3333333333333333,0.4375,-0.0625,0.0
Ezreal,Kog'Maw,3,1,0.3333333333333333,0.4375,-0.0625,0.0
Sylas,Zeri,3,1,0.3333333333333333,0.4375,-0.0625,0.0
Kalista,Gnar,3,1,0.3333333333333333,0.4375,-0.0625,0.0
Kai'Sa,Sylas,3,1,0.3333333333333333,0.4375,-0.0625,0.0
Caitlyn,Poppy,3,1,0.3333333333333333,0.4375,-0.0625,0.0
Ashe,Samira,3,1,0.3333333333333333,0.4375,-0.0625,0.0
Seraphine,Samira,3,1,0.3333333333333333,0.4375,-0.0625,0.0
Sejuani,Ashe,3,1,0.3333333333333333,0.4375,-0.0625,0.0
Neeko,Shen,3,1,0.3333333333333333,0.4375,-0.0625,0.0
Corki,Kennen,3,1,0.3333333333333333,0.4375,-0.0625,0.0
Twisted Fate,Zaahen,3,1,0.3333333333333333,0.4375,-0.0625,0.0
Leona,Sylas,3,1,0.3333333333333333,0.4375,-0.0625,0.0
Cassiopeia,Smolder,3,1,0.3333333333333333,0.4375,-0.0625,0.0
Tristana,Xayah,3,1,0.3333333333333333,0.4375,-0.0625,0.0
Maokai,Hwei,3,1,0.3333333333333333,0.4375,-0.0625,0.0
Kennen,Seraphine,3,1,0.3333333333333333,0.4375,-0.0625,0.0
Yuumi,Aurora,3,1,0.3333333333333333,0.4375,-0.0625,0.0
Tristana,Nami,3,1,0.3333333333333333,0.4375,-0.0625,0.0
Fiora,Ahri,3,1,0.3333333333333333,0.4375,-0.0625,0.0
Hwei,Tristana,3,1,0.3333333333333333,0.4375,-0.0625,0.0
Sylas,Olaf,3,1,0.3333333333333333,0.4375,-0.0625,0.0
Azir,Smolder,3,1,0.3333333333333333,0.4375,-0.0625,0.0
Yuumi,Vayne,3,1,0.3333333333333333,0.4375,-0.0625,0.0
Hwei,Renekton,3,1,0.3333333333333333,0.4375,-0.0625,0.0
Jax,Ryze,3,1,0.3333333333333333,0.4375,-0.0625,0.0
Irelia,Caitlyn,3,1,0.3333333333333333,0.4375,-0.0625,0.0
Seraphine,Rek'Sai,3,1,0.3333333333333333,0.4375,-0.0625,0.0
Galio,Mel,3,1,0.3333333333333333,0.4375,-0.0625,0.0
Shyvana,Varus,3,1,0.3333333333333333,0.4375,-0.0625,0.0
Jinx,Poppy,3,1,0.3333333333333333,0.4375,-0.0625,0.0
Sejuani,Lee Sin,3,1,0.3333333333333333,0.4375,-0.0625,0.0
Taliyah,Syndra,3,1,0.3333333333333333,0.4375,-0.0625,0.0
Aphelios,Caitlyn,3,1,0.3333333333333333,0.4375,-0.0625,0.0
Rakan,Nasus,3,1,0.3333333333333333,0.4375,-0.0625,0.0
Poppy,Cassiopeia,3,1,0.3333333333333333,0.4375,-0.0625,0.0
Mel,Poppy,3,1,0.3333333333333333,0.4375,-0.0625,0.0
Olaf,Poppy,3,1,0.3333333333333333,0.4375,-0.0625,0.0
Sejuani,Neeko,3,1,0.3333333333333333,0.4375,-0.0625,0.0
Camille,Taliyah,3,1,0.3333333333333333,0.4375,-0.0625,0.0
Yuumi,Wukong,3,1,0.3333333333333333,0.4375,-0.0625,0.0
Miss Fortune,Viego,3,1,0.3333333333333333,0.4375,-0.0625,0.0
Aatrox,Miss Fortune,3,1,0.3333333333333333,0.4375,-0.0625,0.0
Tristana,Olaf,3,1,0.3333333333333333,0.4375,-0.0625,0.0
Tristana,Lucian,3,1,0.3333333333333333,0.4375,-0.0625,0.0
Zeri,Milio,3,1,0.3333333333333333,0.4375,-0.0625,0.0
Milio,Alistar,3,1,0.3333333333333333,0.4375,-0.0625,0.0
Vayne,Alistar,3,1,0.3333333333333333,0.4375,-0.0625,0.0
Trundle,Vayne,3,1,0.3333333333333333,0.4375,-0.0625,0.0
LeBlanc,Hwei,3,1,0.3333333333333333,0.4375,-0.0625,0.0
Sejuani,Jinx,3,1,0.3333333333333333,0.4375,-0.0625,0.0
Tristana,Neeko,3,1,0.3333333333333333,0.4375,-0.0625,0.0
Tristana,Xin Zhao,3,1,0.3333333333333333,0.4375,-0.0625,0.0
Ezreal,Poppy,3,1,0.3333333333333333,0.4375,-0.0625,0.0
Miss Fortune,Yone,3,1,0.3333333333333333,0.4375,-0.0625,0.0
Viego,Lulu,3,1,0.3333333333333333,0.4375,-0.0625,0.0
Sylas,Mel,3,1,0.3333333333333333,0.4375,-0.0625,0.0
Anivia,Shen,3,1,0.3333333333333333,0.4375,-0.0625,0.0
Ambessa,Sylas,3,1,0.3333333333333333,0.4375,-0.0625,0.0
Mordekaiser,Nautilus,3,1,0.3333333333333333,0.4375,-0.0625,0.0
Tristana,Yone,3,1,0.3333333333333333,0.4375,-0.0625,0.0
Ornn,Gwen,3,1,0.3333333333333333,0.4375,-0.0625,0.0
Malzahar,Ashe,3,1,0.3333333333333333,0.4375,-0.0625,0.0
Syndra,Anivia,3,1,0.3333333333333333,0.4375,-0.0625,0.0
Shyvana,Twisted Fate,3,1,0.3333333333333333,0.4375,-0.0625,0.0
Ambessa,Sejuani,3,1,0.3333333333333333,0.4375,-0.0625,0.0
LeBlanc,Twisted Fate,3,1,0.3333333333333333,0.4375,-0.0625,0.0
Braum,Yunara,3,1,0.3333333333333333,0.4375,-0.0625,0.0
Ambessa,Zeri,3,1,0.3333333333333333,0.4375,-0.0625,0.0
Yuumi,Cassiopeia,3,1,0.3333333333333333,0.4375,-0.0625,0.0
Maokai,Kayle,3,1,0.3333333333333333,0.4375,-0.0625,0.0
Sylas,Maokai,3,1,0.3333333333333333,0.4375,-0.0625,0.0
Braum,Maokai,3,1,0.3333333333333333,0.4375,-0.0625,0.0
Miss Fortune,Irelia,3,1,0.3333333333333333,0.4375,-0.0625,0.0
Shen,Alistar,3,1,0.3333333333333333,0.4375,-0.0625,0.0
Jinx,Sivir,3,1,0.3333333333333333,0.4375,-0.0625,0.0
Hwei,Syndra,3,1,0.3333333333333333,0.4375,-0.0625,0.0
Yorick,Orianna,3,1,0.3333333333333333,0.4375,-0.0625,0.0
Pyke,Naafiri,3,1,0.3333333333333333,0.4375,-0.0625,0.0
Miss Fortune,Maokai,3,1,0.3333333333333333,0.4375,-0.0625,0.0
Volibear,Lucian,3,1,0.3333333333333333,0.4375,-0.0625,0.0
Zaahen,Tristana,3,1,0.3333333333333333,0.4375,-0.0625,0.0
Azir,Sejuani,3,1,0.3333333333333333,0.4375,-0.0625,0.0
Malphite,Maokai,3,1,0.3333333333333333,0.4375,-0.0625,0.0
Shyvana,Senna,3,1,0.3333333333333333,0.4375,-0.0625,0.0
Poppy,Rakan,3,1,0.3333333333333333,0.4375,-0.0625,0.0
Yunara,Yone,3,1,0.3333333333333333,0.4375,-0.0625,0.0
Sylas,Shen,3,1,0.3333333333333333,0.4375,-0.0625,0.0
Kog'Maw,Leona,3,1,0.3333333333333333,0.4375,-0.0625,0.0
Karma,Kog'Maw,3,1,0.3333333333333333,0.4375,-0.0625,0.0
Skarner,Kog'Maw,3,1,0.3333333333333333,0.4375,-0.0625,0.0
K'Sante,Blitzcrank,3,1,0.3333333333333333,0.4375,-0.0625,0.0
Lux,Seraphine,3,1,0.3333333333333333,0.4375,-0.0625,0.0
Smolder,Lee Sin,3,1,0.3333333333333333,0.4375,-0.0625,0.0
Seraphine,Amumu,3,1,0.3333333333333333,0.4375,-0.0625,0.0
Jinx,Seraphine,3,1,0.3333333333333333,0.4375,-0.0625,0.0
Jhin,Irelia,3,1,0.3333333333333333,0.4375,-0.0625,0.0
Ornn,Galio,3,1,0.3333333333333333,0.4375,-0.0625,0.0
Xin Zhao,Amumu,3,1,0.3333333333333333,0.4375,-0.0625,0.0
Ambessa,Olaf,3,1,0.3333333333333333,0.4375,-0.0625,0.0
Dr. Mundo,Varus,3,1,0.3333333333333333,0.4375,-0.0625,0.0
Hwei,Sylas,3,1,0.3333333333333333,0.4375,-0.0625,0.0
Rell,Yuumi,3,1,0.3333333333333333,0.4375,-0.0625,0.0
Rell,Zeri,3,1,0.3333333333333333,0.4375,-0.0625,0.0
Jax,Annie,3,1,0.3333333333333333,0.4375,-0.0625,0.0
Nocturne,Aphelios,3,1,0.3333333333333333,0.4375,-0.0625,0.0
Senna,Gnar,3,1,0.3333333333333333,0.4375,-0.0625,0.0
Wukong,Veigar,3,1,0.3333333333333333,0.4375,-0.0625,0.0
Mel,Nocturne,3,1,0.3333333333333333,0.4375,-0.0625,0.0
Malphite,Ahri,3,1,0.3333333333333333,0.4375,-0.0625,0.0
Senna,Zeri,3,1,0.3333333333333333,0.4375,-0.0625,0.0
Miss Fortune,Lux,3,1,0.3333333333333333,0.4375,-0.0625,0.0
Jinx,Nocturne,3,1,0.3333333333333333,0.4375,-0.0625,0.0
Volibear,Wukong,3,1,0.3333333333333333,0.4375,-0.0625,0.0
Yorick,K'Sante,3,1,0.3333333333333333,0.4375,-0.0625,0.0
Anivia,Camille,3,1,0.3333333333333333,0.4375,-0.0625,0.0
Mordekaiser,Braum,3,1,0.3333333333333333,0.4375,-0.0625,0.0
Xayah,Sivir,3,1,0.3333333333333333,0.4375,-0.0625,0.0
Sivir,Taliyah,3,1,0.3333333333333333,0.4375,-0.0625,0.0
Yorick,Yone,3,1,0.3333333333333333,0.4375,-0.0625,0.0
Yasuo,Caitlyn,3,1,0.3333333333333333,0.4375,-0.0625,0.0
Xin Zhao,Veigar,3,1,0.3333333333333333,0.4375,-0.0625,0.0
Olaf,Senna,3,1,0.3333333333333333,0.4375,-0.0625,0.0
Twisted Fate,Qiyana,3,1,0.3333333333333333,0.4375,-0.0625,0.0
Hwei,Ambessa,3,1,0.3333333333333333,0.4375,-0.0625,0.0
Lux,Ambessa,3,1,0.3333333333333333,0.4375,-0.0625,0.0
Gragas,Ashe,3,1,0.3333333333333333,0.4375,-0.0625,0.0
Renekton,Yone,3,1,0.3333333333333333,0.4375,-0.0625,0.0
Braum,Sejuani,3,1,0.3333333333333333,0.4375,-0.0625,0.0
Maokai,Yorick,3,1,0.3333333333333333,0.4375,-0.0625,0.0
Alistar,Olaf,3,1,0.3333333333333333,0.4375,-0.0625,0.0
Akali,Olaf,3,1,0.3333333333333333,0.4375,-0.0625,0.0
Alistar,Senna,3,1,0.3333333333333333,0.4375,-0.0625,0.0
Zeri,Gangplank,3,1,0.3333333333333333,0.4375,-0.0625,0.0
Sylas,Naafiri,3,1,0.3333333333333333,0.4375,-0.0625,0.0
Nautilus,Ashe,42,18,0.42857142857142855,0.43617021276595747,-0.06382978723404253,0.0
Pantheon,Yunara,26,11,0.4230769230769231,0.43548387096774194,-0.06451612903225806,0.0
Wukong,Nami,26,11,0.4230769230769231,0.43548387096774194,-0.06451612903225806,0.0
Rumble,Varus,26,11,0.4230769230769231,0.43548387096774194,-0.06451612903225806,0.0
Viktor,Milio,26,11,0.4230769230769231,0.43548387096774194,-0.06451612903225806,0.0
Taliyah,Ryze,26,11,0.4230769230769231,0.43548387096774194,-0.06451612903225806,0.0
Karma,Vi,33,14,0.42424242424242425,0.4342105263157895,-0.06578947368421051,0.0
Naafiri,Ezreal,33,14,0.42424242424242425,0.4342105263157895,-0.06578947368421051,0.0
Sion,Nautilus,33,14,0.42424242424242425,0.4342105263157895,-0.06578947368421051,0.0
Vi,Ashe,33,14,0.42424242424242425,0.4342105263157895,-0.06578947368421051,0.0
Ezreal,Cassiopeia,33,14,0.42424242424242425,0.4342105263157895,-0.06578947368421051,0.0
Sion,Rumble,40,17,0.425,0.43333333333333335,-0.06666666666666665,0.0
Aatrox,Pantheon,10,4,0.4,0.43333333333333335,-0.06666666666666665,0.0
Ezreal,Trundle,10,4,0.4,0.43333333333333335,-0.06666666666666665,0.0
Annie,Ahri,10,4,0.4,0.43333333333333335,-0.06666666666666665,0.0
Naafiri,Orianna,10,4,0.4,0.43333333333333335,-0.06666666666666665,0.0
Neeko,Taliyah,10,4,0.4,0.43333333333333335,-0.06666666666666665,0.0
Jarvan IV,Yorick,10,4,0.4,0.43333333333333335,-0.06666666666666665,0.0
Rumble,Rakan,10,4,0.4,0.43333333333333335,-0.06666666666666665,0.0
K'Sante,Yone,10,4,0.4,0.43333333333333335,-0.06666666666666665,0.0
K'Sante,Vayne,10,4,0.4,0.43333333333333335,-0.06666666666666665,0.0
Gnar,Jayce,10,4,0.4,0.43333333333333335,-0.06666666666666665,0.0
Varus,Ahri,10,4,0.4,0.43333333333333335,-0.06666666666666665,0.0
Milio,Orianna,10,4,0.4,0.43333333333333335,-0.06666666666666665,0.0
Jhin,Milio,10,4,0.4,0.43333333333333335,-0.06666666666666665,0.0
Miss Fortune,Renekton,10,4,0.4,0.43333333333333335,-0.06666666666666665,0.0
K'Sante,Sivir,10,4,0.4,0.43333333333333335,-0.06666666666666665,0.0
Pyke,Ashe,10,4,0.4,0.43333333333333335,-0.06666666666666665,0.0
Ziggs,Ashe,10,4,0.4,0.43333333333333335,-0.06666666666666665,0.0
Aatrox,Naafiri,10,4,0.4,0.43333333333333335,-0.06666666666666665,0.0
Lucian,Aatrox,10,4,0.4,0.43333333333333335,-0.06666666666666665,0.0
Milio,Aatrox,10,4,0.4,0.43333333333333335,-0.06666666666666665,0.0
Mel,Twisted Fate,10,4,0.4,0.43333333333333335,-0.06666666666666665,0.0
Hwei,Pantheon,10,4,0.4,0.43333333333333335,-0.06666666666666665,0.0
Leona,Aurora,10,4,0.4,0.43333333333333335,-0.06666666666666665,0.0
Jarvan IV,Sylas,10,4,0.4,0.43333333333333335,-0.06666666666666665,0.0
Nocturne,Cassiopeia,10,4,0.4,0.43333333333333335,-0.06666666666666665,0.0
Rell,Skarner,10,4,0.4,0.43333333333333335,-0.06666666666666665,0.0
Xin Zhao,Vayne,10,4,0.4,0.43333333333333335,-0.06666666666666665,0.0
Corki,Aurora,10,4,0.4,0.43333333333333335,-0.06666666666666665,0.0
Varus,Rakan,10,4,0.4,0.43333333333333335,-0.06666666666666665,0.0
Gnar,Trundle,10,4,0.4,0.43333333333333335,-0.06666666666666665,0.0
Leona,Wukong,10,4,0.4,0.43333333333333335,-0.06666666666666665,0.0
Nautilus,Gwen,10,4,0.4,0.43333333333333335,-0.06666666666666665,0.0
Syndra,Xin Zhao,10,4,0.4,0.43333333333333335,-0.06666666666666665,0.0
Galio,Neeko,10,4,0.4,0.43333333333333335,-0.06666666666666665,0.0
Xayah,Bard,10,4,0.4,0.43333333333333335,-0.06666666666666665,0.0
Galio,Seraphine,10,4,0.4,0.43333333333333335,-0.06666666666666665,0.0
Sylas,Nautilus,10,4,0.4,0.43333333333333335,-0.06666666666666665,0.0
Ryze,Rumble,47,20,0.425531914893617,0.4326923076923077,-0.06730769230769229,0.0
Ahri,Wukong,17,7,0.4117647058823529,0.4318181818181818,-0.06818181818181818,0.0
K'Sante,Corki,17,7,0.4117647058823529,0.4318181818181818,-0.06818181818181818,0.0
Jhin,Lee Sin,17,7,0.4117647058823529,0.4318181818181818,-0.06818181818181818,0.0
Azir,Bard,17,7,0.4117647058823529,0.4318181818181818,-0.06818181818181818,0.0
Karma,Ornn,17,7,0.4117647058823529,0.4318181818181818,-0.06818181818181818,0.0
Xin Zhao,Rell,17,7,0.4117647058823529,0.4318181818181818,-0.06818181818181818,0.0
K'Sante,Caitlyn,17,7,0.4117647058823529,0.4318181818181818,-0.06818181818181818,0.0
Aurora,Gnar,17,7,0.4117647058823529,0.4318181818181818,-0.06818181818181818,0.0
Ashe,Anivia,17,7,0.4117647058823529,0.4318181818181818,-0.06818181818181818,0.0
Sion,Aatrox,24,10,0.4166666666666667,0.43103448275862066,-0.06896551724137934,0.0
Lee Sin,Bard,24,10,0.4166666666666667,0.43103448275862066,-0.06896551724137934,0.0
Annie,Caitlyn,24,10,0.4166666666666667,0.43103448275862066,-0.06896551724137934,0.0
Pantheon,Viktor,24,10,0.4166666666666667,0.43103448275862066,-0.06896551724137934,0.0
Viktor,Seraphine,24,10,0.4166666666666667,0.43103448275862066,-0.06896551724137934,0.0
Ambessa,Karma,24,10,0.4166666666666667,0.43103448275862066,-0.06896551724137934,0.0
Lulu,Sion,24,10,0.4166666666666667,0.43103448275862066,-0.06896551724137934,0.0
Rumble,Jhin,31,13,0.41935483870967744,0.4305555555555556,-0.06944444444444442,0.0
Lulu,Ryze,38,16,0.42105263157894735,0.43023255813953487,-0.06976744186046513,0.0
Varus,Ezreal,43,18,0.4186046511627907,0.4270833333333333,-0.07291666666666669,0.0
Karma,Jarvan IV,43,18,0.4186046511627907,0.4270833333333333,-0.07291666666666669,0.0
Bard,Nocturne,36,15,0.4166666666666667,0.4268292682926829,-0.07317073170731708,0.0
Xin Zhao,Milio,36,15,0.4166666666666667,0.4268292682926829,-0.07317073170731708,0.0
Ryze,Vi,36,15,0.4166666666666667,0.4268292682926829,-0.07317073170731708,0.0
Nautilus,Gnar,36,15,0.4166666666666667,0.4268292682926829,-0.07317073170731708,0.0
Viktor,Lucian,29,12,0.41379310344827586,0.4264705882352941,-0.0735294117647059,0.0
K'Sante,Milio,29,12,0.41379310344827586,0.4264705882352941,-0.0735294117647059,0.0
Rumble,Nami,29,12,0.41379310344827586,0.4264705882352941,-0.0735294117647059,0.0
Lucian,Ahri,29,12,0.41379310344827586,0.4264705882352941,-0.0735294117647059,0.0
Cassiopeia,Seraphine,29,12,0.41379310344827586,0.4264705882352941,-0.0735294117647059,0.0
Ambessa,Nautilus,22,9,0.4090909090909091,0.42592592592592593,-0.07407407407407407,0.0
Nami,Viktor,22,9,0.4090909090909091,0.42592592592592593,-0.07407407407407407,0.0
Aurora,Lee Sin,22,9,0.4090909090909091,0.42592592592592593,-0.07407407407407407,0.0
Ryze,Nocturne,22,9,0.4090909090909091,0.42592592592592593,-0.07407407407407407,0.0
Viktor,Yunara,22,9,0.4090909090909091,0.42592592592592593,-0.07407407407407407,0.0
Yunara,Ambessa,22,9,0.4090909090909091,0.42592592592592593,-0.07407407407407407,0.0
Ambessa,Orianna,22,9,0.4090909090909091,0.42592592592592593,-0.07407407407407407,0.0
Xin Zhao,Aatrox,22,9,0.4090909090909091,0.42592592592592593,-0.07407407407407407,0.0
Varus,Sion,22,9,0.4090909090909091,0.42592592592592593,-0.07407407407407407,0.0
Lulu,Cassiopeia,22,9,0.4090909090909091,0.42592592592592593,-0.07407407407407407,0.0
Lee Sin,K'Sante,22,9,0.4090909090909091,0.42592592592592593,-0.07407407407407407,0.0
Rumble,Xin Zhao,55,23,0.41818181818181815,0.425,-0.07500000000000001,0.0
Corki,Annie,15,6,0.4,0.425,-0.07500000000000001,0.0
Naafiri,Corki,15,6,0.4,0.425,-0.07500000000000001,0.0
Jhin,Orianna,15,6,0.4,0.425,-0.07500000000000001,0.0
Taliyah,Ashe,15,6,0.4,0.425,-0.07500000000000001,0.0
Annie,Naafiri,15,6,0.4,0.425,-0.07500000000000001,0.0
Karma,Cassiopeia,15,6,0.4,0.425,-0.07500000000000001,0.0
Skarner,Gnar,15,6,0.4,0.425,-0.07500000000000001,0.0
Ambessa,Trundle,15,6,0.4,0.425,-0.07500000000000001,0.0
Orianna,Pantheon,15,6,0.4,0.425,-0.07500000000000001,0.0
Neeko,Orianna,15,6,0.4,0.425,-0.07500000000000001,0.0
Smolder,Jarvan IV,15,6,0.4,0.425,-0.07500000000000001,0.0
Sylas,Ashe,15,6,0.4,0.425,-0.07500000000000001,0.0
Lee Sin,Gnar,15,6,0.4,0.425,-0.07500000000000001,0.0
Smolder,Rakan,15,6,0.4,0.425,-0.07500000000000001,0.0
Lee Sin,Ryze,15,6,0.4,0.425,-0.07500000000000001,0.0
Nautilus,Jayce,15,6,0.4,0.425,-0.07500000000000001,0.0
Skarner,Caitlyn,15,6,0.4,0.425,-0.07500000000000001,0.0
Miss Fortune,Viktor,15,6,0.4,0.425,-0.07500000000000001,0.0
Varus,Viktor,15,6,0.4,0.425,-0.07500000000000001,0.0
Xin Zhao,Twisted Fate,15,6,0.4,0.425,-0.07500000000000001,0.0
Nami,Cassiopeia,15,6,0.4,0.425,-0.07500000000000001,0.0
Nami,Lulu,41,17,0.4146341463414634,0.42391304347826086,-0.07608695652173914,0.0
Xin Zhao,Lulu,41,17,0.4146341463414634,0.42391304347826086,-0.07608695652173914,0.0
Jarvan IV,Nami,34,14,0.4117647058823529,0.4230769230769231,-0.07692307692307693,0.0
LeBlanc,Ambessa,8,3,0.375,0.4230769230769231,-0.07692307692307693,0.0
Jhin,Yorick,8,3,0.375,0.4230769230769231,-0.07692307692307693,0.0
Nami,Kai'Sa,8,3,0.375,0.4230769230769231,-0.07692307692307693,0.0
Akali,Gwen,8,3,0.375,0.4230769230769231,-0.07692307692307693,0.0
Zaahen,Aatrox,8,3,0.375,0.4230769230769231,-0.07692307692307693,0.0
Vi,Braum,8,3,0.375,0.4230769230769231,-0.07692307692307693,0.0
Ezreal,Yone,8,3,0.375,0.4230769230769231,-0.07692307692307693,0.0
Kai'Sa,Annie,8,3,0.375,0.4230769230769231,-0.07692307692307693,0.0
Zaahen,Varus,8,3,0.375,0.4230769230769231,-0.07692307692307693,0.0
Trundle,Varus,8,3,0.375,0.4230769230769231,-0.07692307692307693,0.0
Sylas,Alistar,8,3,0.375,0.4230769230769231,-0.07692307692307693,0.0
Sion,Smolder,8,3,0.375,0.4230769230769231,-0.07692307692307693,0.0
Rell,Cassiopeia,8,3,0.375,0.4230769230769231,-0.07692307692307693,0.0
Jhin,Kai'Sa,8,3,0.375,0.4230769230769231,-0.07692307692307693,0.0
Akali,Alistar,8,3,0.375,0.4230769230769231,-0.07692307692307693,0.0
Gwen,Nocturne,8,3,0.375,0.4230769230769231,-0.07692307692307693,0.0
Syndra,Skarner,8,3,0.375,0.4230769230769231,-0.07692307692307693,0.0
Kalista,Lucian,8,3,0.375,0.4230769230769231,-0.07692307692307693,0.0
Aatrox,Varus,8,3,0.375,0.4230769230769231,-0.07692307692307693,0.0
Ambessa,Smolder,8,3,0.375,0.4230769230769231,-0.07692307692307693,0.0
Hwei,Bard,8,3,0.375,0.4230769230769231,-0.07692307692307693,0.0
Miss Fortune,Lee Sin,8,3,0.375,0.4230769230769231,-0.07692307692307693,0.0
Vayne,Lucian,8,3,0.375,0.4230769230769231,-0.07692307692307693,0.0
Orianna,Leona,8,3,0.375,0.4230769230769231,-0.07692307692307693,0.0
Yunara,Aphelios,8,3,0.375,0.4230769230769231,-0.07692307692307693,0.0
Yorick,Nocturne,8,3,0.375,0.4230769230769231,-0.07692307692307693,0.0
Nautilus,Aatrox,8,3,0.375,0.4230769230769231,-0.07692307692307693,0.0
Hwei,Ryze,8,3,0.375,0.4230769230769231,-0.07692307692307693,0.0
Syndra,Rumble,8,3,0.375,0.4230769230769231,-0.07692307692307693,0.0
Xin Zhao,Pyke,8,3,0.375,0.4230769230769231,-0.07692307692307693,0.0
Alistar,Renekton,8,3,0.375,0.4230769230769231,-0.07692307692307693,0.0
Twisted Fate,Annie,8,3,0.375,0.4230769230769231,-0.07692307692307693,0.0
Zeri,Yunara,8,3,0.375,0.4230769230769231,-0.07692307692307693,0.0
Galio,Milio,8,3,0.375,0.4230769230769231,-0.07692307692307693,0.0
Taliyah,Rumble,8,3,0.375,0.4230769230769231,-0.07692307692307693,0.0
Vi,Senna,8,3,0.375,0.4230769230769231,-0.07692307692307693,0.0
Senna,Ezreal,8,3,0.375,0.4230769230769231,-0.07692307692307693,0.0
Yorick,Seraphine,8,3,0.375,0.4230769230769231,-0.07692307692307693,0.0
Jax,Twisted Fate,8,3,0.375,0.4230769230769231,-0.07692307692307693,0.0
Vi,Aphelios,8,3,0.375,0.4230769230769231,-0.07692307692307693,0.0
Rumble,Smolder,8,3,0.375,0.4230769230769231,-0.07692307692307693,0.0
Shen,Yunara,8,3,0.375,0.4230769230769231,-0.07692307692307693,0.0
Xin Zhao,Shen,8,3,0.375,0.4230769230769231,-0.07692307692307693,0.0
Jayce,Nocturne,8,3,0.375,0.4230769230769231,-0.07692307692307693,0.0
Twisted Fate,Sivir,8,3,0.375,0.4230769230769231,-0.07692307692307693,0.0
Yone,Naafiri,8,3,0.375,0.4230769230769231,-0.07692307692307693,0.0
Lulu,Kai'Sa,8,3,0.375,0.4230769230769231,-0.07692307692307693,0.0
Pantheon,Zaahen,8,3,0.375,0.4230769230769231,-0.07692307692307693,0.0
Rell,Anivia,8,3,0.375,0.4230769230769231,-0.07692307692307693,0.0
Trundle,Yorick,8,3,0.375,0.4230769230769231,-0.07692307692307693,0.0
LeBlanc,Ashe,8,3,0.375,0.4230769230769231,-0.07692307692307693,0.0
Ziggs,Seraphine,8,3,0.375,0.4230769230769231,-0.07692307692307693,0.0
Ezreal,Dr. Mundo,8,3,0.375,0.4230769230769231,-0.07692307692307693,0.0
Varus,Twisted Fate,8,3,0.375,0.4230769230769231,-0.07692307692307693,0.0
Kai'Sa,Taliyah,8,3,0.375,0.4230769230769231,-0.07692307692307693,0.0
Neeko,Xayah,8,3,0.375,0.4230769230769231,-0.07692307692307693,0.0
Azir,Ashe,8,3,0.375,0.4230769230769231,-0.07692307692307693,0.0
Tristana,Ryze,8,3,0.375,0.4230769230769231,-0.07692307692307693,0.0
Lulu,Olaf,8,3,0.375,0.4230769230769231,-0.07692307692307693,0.0
Jayce,Orianna,8,3,0.375,0.4230769230769231,-0.07692307692307693,0.0
Miss Fortune,Braum,8,3,0.375,0.4230769230769231,-0.07692307692307693,0.0
Wukong,Senna,8,3,0.375,0.4230769230769231,-0.07692307692307693,0.0
Yunara,Miss Fortune,8,3,0.375,0.4230769230769231,-0.07692307692307693,0.0
Olaf,Lee Sin,8,3,0.375,0.4230769230769231,-0.07692307692307693,0.0
Yorick,Alistar,8,3,0.375,0.4230769230769231,-0.07692307692307693,0.0
Gnar,Nami,27,11,0.4074074074074074,0.421875,-0.078125,0.0
Wukong,Rumble,27,11,0.4074074074074074,0.421875,-0.078125,0.0
Karma,Aurora,27,11,0.4074074074074074,0.421875,-0.078125,0.0
Wukong,Vi,27,11,0.4074074074074074,0.421875,-0.078125,0.0
Seraphine,Jhin,27,11,0.4074074074074074,0.421875,-0.078125,0.0
Karma,Sion,46,19,0.41304347826086957,0.4215686274509804,-0.0784313725490196,0.0
Jarvan IV,Gnar,39,16,0.41025641025641024,0.42045454545454547,-0.07954545454545453,0.0
Ahri,Renekton,20,8,0.4,0.42,-0.08000000000000002,0.0
Pantheon,Ashe,20,8,0.4,0.42,-0.08000000000000002,0.0
Jayce,Lucian,20,8,0.4,0.42,-0.08000000000000002,0.0
Jarvan IV,Akali,20,8,0.4,0.42,-0.08000000000000002,0.0
K'Sante,Cassiopeia,20,8,0.4,0.42,-0.08000000000000002,0.0
Jhin,Anivia,20,8,0.4,0.42,-0.08000000000000002,0.0
Yunara,Vi,20,8,0.4,0.42,-0.08000000000000002,0.0
Karma,Nocturne,20,8,0.4,0.42,-0.08000000000000002,0.0
Neeko,Bard,51,21,0.4117647058823529,0.41964285714285715,-0.08035714285714285,0.0
Renekton,Gnar,51,21,0.4117647058823529,0.41964285714285715,-0.08035714285714285,0.0
Xin Zhao,Cassiopeia,32,13,0.40625,0.4189189189189189,-0.08108108108108109,0.0
K'Sante,Vi,32,13,0.40625,0.4189189189189189,-0.08108108108108109,0.0
Sion,Caitlyn,32,13,0.40625,0.4189189189189189,-0.08108108108108109,0.0
Lee Sin,Jarvan IV,44,18,0.4090909090909091,0.41836734693877553,-0.08163265306122447,0.0
Jarvan IV,Ashe,44,18,0.4090909090909091,0.41836734693877553,-0.08163265306122447,0.0
Karma,Nautilus,49,20,0.40816326530612246,0.4166666666666667,-0.08333333333333331,0.0
Jayce,Xin Zhao,49,20,0.40816326530612246,0.4166666666666667,-0.08333333333333331,0.0
Vi,Rumble,37,15,0.40540540540540543,0.4166666666666667,-0.08333333333333331,0.0
K'Sante,Wukong,25,10,0.4,0.4166666666666667,-0.08333333333333331,0.0
Caitlyn,Anivia,25,10,0.4,0.4166666666666667,-0.08333333333333331,0.0
Ambessa,Viktor,25,10,0.4,0.4166666666666667,-0.08333333333333331,0.0
Caitlyn,Nautilus,25,10,0.4,0.4166666666666667,-0.08333333333333331,0.0
Karma,Caitlyn,25,10,0.4,0.4166666666666667,-0.08333333333333331,0.0
Skarner,Ryze,25,10,0.4,0.4166666666666667,-0.08333333333333331,0.0
Jax,Renekton,13,5,0.38461538461538464,0.4166666666666667,-0.08333333333333331,0.0
Karma,Corki,13,5,0.38461538461538464,0.4166666666666667,-0.08333333333333331,0.0
Kai'Sa,Ryze,13,5,0.38461538461538464,0.4166666666666667,-0.08333333333333331,0.0
Nami,Ornn,13,5,0.38461538461538464,0.4166666666666667,-0.08333333333333331,0.0
Bard,Pyke,13,5,0.38461538461538464,0.4166666666666667,-0.08333333333333331,0.0
Pantheon,Rakan,13,5,0.38461538461538464,0.4166666666666667,-0.08333333333333331,0.0
Seraphine,Vayne,13,5,0.38461538461538464,0.4166666666666667,-0.08333333333333331,0.0
Sylas,Xin Zhao,13,5,0.38461538461538464,0.4166666666666667,-0.08333333333333331,0.0
Naafiri,Taliyah,13,5,0.38461538461538464,0.4166666666666667,-0.08333333333333331,0.0
Milio,Trundle,13,5,0.38461538461538464,0.4166666666666667,-0.08333333333333331,0.0
Corki,Sivir,13,5,0.38461538461538464,0.4166666666666667,-0.08333333333333331,0.0
Viktor,Syndra,13,5,0.38461538461538464,0.4166666666666667,-0.08333333333333331,0.0
LeBlanc,Ahri,13,5,0.38461538461538464,0.4166666666666667,-0.08333333333333331,0.0
Varus,Skarner,13,5,0.38461538461538464,0.4166666666666667,-0.08333333333333331,0.0
Azir,Wukong,13,5,0.38461538461538464,0.4166666666666667,-0.08333333333333331,0.0
Neeko,Karma,13,5,0.38461538461538464,0.4166666666666667,-0.08333333333333331,0.0
Sion,Taliyah,13,5,0.38461538461538464,0.4166666666666667,-0.08333333333333331,0.0
K'Sante,Rakan,13,5,0.38461538461538464,0.4166666666666667,-0.08333333333333331,0.0
Mel,Seraphine,42,17,0.40476190476190477,0.4148936170212766,-0.08510638297872342,0.0
Lucian,Cassiopeia,30,12,0.4,0.4142857142857143,-0.08571428571428569,0.0
Wukong,Nocturne,30,12,0.4,0.4142857142857143,-0.08571428571428569,0.0
Naafiri,Karma,30,12,0.4,0.4142857142857143,-0.08571428571428569,0.0
Xin Zhao,Ryze,59,24,0.4067796610169492,0.4140625,-0.0859375,0.0
Ezreal,Ashe,64,26,0.40625,0.41304347826086957,-0.08695652173913043,0.0
Sivir,Alistar,18,7,0.3888888888888889,0.41304347826086957,-0.08695652173913043,0.0
Galio,Ezreal,18,7,0.3888888888888889,0.41304347826086957,-0.08695652173913043,0.0
Xin Zhao,Taliyah,18,7,0.3888888888888889,0.41304347826086957,-0.08695652173913043,0.0
Lucian,Varus,18,7,0.3888888888888889,0.41304347826086957,-0.08695652173913043,0.0
Annie,Gnar,18,7,0.3888888888888889,0.41304347826086957,-0.08695652173913043,0.0
Ashe,Akali,18,7,0.3888888888888889,0.41304347826086957,-0.08695652173913043,0.0
Renekton,Cassiopeia,18,7,0.3888888888888889,0.41304347826086957,-0.08695652173913043,0.0
Caitlyn,Lee Sin,18,7,0.3888888888888889,0.41304347826086957,-0.08695652173913043,0.0
Rumble,Ashe,35,14,0.4,0.4125,-0.08750000000000002,0.0
Ahri,Bard,35,14,0.4,0.4125,-0.08750000000000002,0.0
Bard,Gnar,35,14,0.4,0.4125,-0.08750000000000002,0.0
Nautilus,Lucian,35,14,0.4,0.4125,-0.08750000000000002,0.0
Lucian,Jarvan IV,52,21,0.40384615384615385,0.41228070175438597,-0.08771929824561403,0.0
Caitlyn,Jarvan IV,40,16,0.4,0.4111111111111111,-0.0888888888888889,0.0
Naafiri,Sion,23,9,0.391304347826087,0.4107142857142857,-0.0892857142857143,0.0
Rumble,Akali,23,9,0.391304347826087,0.4107142857142857,-0.0892857142857143,0.0
Wukong,Jayce,28,11,0.39285714285714285,0.4090909090909091,-0.09090909090909088,0.0
Jhin,Sion,28,11,0.39285714285714285,0.4090909090909091,-0.09090909090909088,0.0
Ahri,Caitlyn,28,11,0.39285714285714285,0.4090909090909091,-0.09090909090909088,0.0
Seraphine,Orianna,28,11,0.39285714285714285,0.4090909090909091,-0.09090909090909088,0.0
Jax,Bard,6,2,0.3333333333333333,0.4090909090909091,-0.09090909090909088,0.0
Mel,Corki,6,2,0.3333333333333333,0.4090909090909091,-0.09090909090909088,0.0
Gnar,Irelia,6,2,0.3333333333333333,0.4090909090909091,-0.09090909090909088,0.0
Kai'Sa,Rakan,6,2,0.3333333333333333,0.4090909090909091,-0.09090909090909088,0.0
Dr. Mundo,Ornn,6,2,0.3333333333333333,0.4090909090909091,-0.09090909090909088,0.0
Braum,Aurora,6,2,0.3333333333333333,0.4090909090909091,-0.09090909090909088,0.0
Sion,Pyke,6,2,0.3333333333333333,0.4090909090909091,-0.09090909090909088,0.0
Ryze,Vayne,6,2,0.3333333333333333,0.4090909090909091,-0.09090909090909088,0.0
Gwen,Xayah,6,2,0.3333333333333333,0.4090909090909091,-0.09090909090909088,0.0
Kai'Sa,Lucian,6,2,0.3333333333333333,0.4090909090909091,-0.09090909090909088,0.0
Rumble,Zeri,6,2,0.3333333333333333,0.4090909090909091,-0.09090909090909088,0.0
Hwei,Ezreal,6,2,0.3333333333333333,0.4090909090909091,-0.09090909090909088,0.0
Wukong,Olaf,6,2,0.3333333333333333,0.4090909090909091,-0.09090909090909088,0.0
Lulu,Syndra,6,2,0.3333333333333333,0.4090909090909091,-0.09090909090909088,0.0
Gragas,Alistar,6,2,0.3333333333333333,0.4090909090909091,-0.09090909090909088,0.0
Jax,Nocturne,6,2,0.3333333333333333,0.4090909090909091,-0.09090909090909088,0.0
Yone,Pantheon,6,2,0.3333333333333333,0.4090909090909091,-0.09090909090909088,0.0
Gragas,Jayce,6,2,0.3333333333333333,0.4090909090909091,-0.09090909090909088,0.0
Kai'Sa,Lee Sin,6,2,0.3333333333333333,0.4090909090909091,-0.09090909090909088,0.0
Renekton,Pyke,6,2,0.3333333333333333,0.4090909090909091,-0.09090909090909088,0.0
Shen,Ashe,6,2,0.3333333333333333,0.4090909090909091,-0.09090909090909088,0.0
Taliyah,Mel,6,2,0.3333333333333333,0.4090909090909091,-0.09090909090909088,0.0
Vi,Yone,6,2,0.3333333333333333,0.4090909090909091,-0.09090909090909088,0.0
Jayce,Hwei,6,2,0.3333333333333333,0.4090909090909091,-0.09090909090909088,0.0
Sylas,Caitlyn,6,2,0.3333333333333333,0.4090909090909091,-0.09090909090909088,0.0
Bard,Gragas,6,2,0.3333333333333333,0.4090909090909091,-0.09090909090909088,0.0
Lee Sin,Nocturne,6,2,0.3333333333333333,0.4090909090909091,-0.09090909090909088,0.0
Yone,Jarvan IV,6,2,0.3333333333333333,0.4090909090909091,-0.09090909090909088,0.0
Malphite,Milio,6,2,0.3333333333333333,0.4090909090909091,-0.09090909090909088,0.0
Hwei,Neeko,6,2,0.3333333333333333,0.4090909090909091,-0.09090909090909088,0.0
Neeko,Kai'Sa,6,2,0.3333333333333333,0.4090909090909091,-0.09090909090909088,0.0
Viktor,Ornn,6,2,0.3333333333333333,0.4090909090909091,-0.09090909090909088,0.0
Xin Zhao,Dr. Mundo,6,2,0.3333333333333333,0.4090909090909091,-0.09090909090909088,0.0
Viktor,Shyvana,6,2,0.3333333333333333,0.4090909090909091,-0.09090909090909088,0.0
Aatrox,Annie,6,2,0.3333333333333333,0.4090909090909091,-0.09090909090909088,0.0
Ambessa,Sivir,6,2,0.3333333333333333,0.4090909090909091,-0.09090909090909088,0.0
Lee Sin,Ziggs,6,2,0.3333333333333333,0.4090909090909091,-0.09090909090909088,0.0
Seraphine,Gwen,6,2,0.3333333333333333,0.4090909090909091,-0.09090909090909088,0.0
Syndra,Rell,6,2,0.3333333333333333,0.4090909090909091,-0.09090909090909088,0.0
Nami,Syndra,6,2,0.3333333333333333,0.4090909090909091,-0.09090909090909088,0.0
Pantheon,Ziggs,6,2,0.3333333333333333,0.4090909090909091,-0.09090909090909088,0.0
Dr. Mundo,Rumble,6,2,0.3333333333333333,0.4090909090909091,-0.09090909090909088,0.0
Azir,Ornn,6,2,0.3333333333333333,0.4090909090909091,-0.09090909090909088,0.0
Senna,Lee Sin,6,2,0.3333333333333333,0.4090909090909091,-0.09090909090909088,0.0
Ahri,Twisted Fate,6,2,0.3333333333333333,0.4090909090909091,-0.09090909090909088,0.0
Gnar,Leona,6,2,0.3333333333333333,0.4090909090909091,-0.09090909090909088,0.0
Lee Sin,Rek'Sai,6,2,0.3333333333333333,0.4090909090909091,-0.09090909090909088,0.0
Rell,Yunara,6,2,0.3333333333333333,0.4090909090909091,-0.09090909090909088,0.0
Syndra,Vi,6,2,0.3333333333333333,0.4090909090909091,-0.09090909090909088,0.0
Seraphine,Malphite,6,2,0.3333333333333333,0.4090909090909091,-0.09090909090909088,0.0
Nautilus,Yorick,6,2,0.3333333333333333,0.4090909090909091,-0.09090909090909088,0.0
Ambessa,Miss Fortune,6,2,0.3333333333333333,0.4090909090909091,-0.09090909090909088,0.0
Annie,Lux,6,2,0.3333333333333333,0.4090909090909091,-0.09090909090909088,0.0
Smolder,Kai'Sa,6,2,0.3333333333333333,0.4090909090909091,-0.09090909090909088,0.0
Galio,Sion,6,2,0.3333333333333333,0.4090909090909091,-0.09090909090909088,0.0
Cho'Gath,Sion,6,2,0.3333333333333333,0.4090909090909091,-0.09090909090909088,0.0
Smolder,Skarner,6,2,0.3333333333333333,0.4090909090909091,-0.09090909090909088,0.0
Yasuo,Varus,6,2,0.3333333333333333,0.4090909090909091,-0.09090909090909088,0.0
Ornn,Aatrox,6,2,0.3333333333333333,0.4090909090909091,-0.09090909090909088,0.0
Yunara,Hwei,6,2,0.3333333333333333,0.4090909090909091,-0.09090909090909088,0.0
Dr. Mundo,Jarvan IV,6,2,0.3333333333333333,0.4090909090909091,-0.09090909090909088,0.0
Dr. Mundo,Yunara,6,2,0.3333333333333333,0.4090909090909091,-0.09090909090909088,0.0
Dr. Mundo,Lulu,6,2,0.3333333333333333,0.4090909090909091,-0.09090909090909088,0.0
Wukong,Braum,6,2,0.3333333333333333,0.4090909090909091,-0.09090909090909088,0.0
Zeri,Ahri,6,2,0.3333333333333333,0.4090909090909091,-0.09090909090909088,0.0
Ambessa,Leona,6,2,0.3333333333333333,0.4090909090909091,-0.09090909090909088,0.0
Aphelios,Akali,6,2,0.3333333333333333,0.4090909090909091,-0.09090909090909088,0.0
Aurora,Rakan,6,2,0.3333333333333333,0.4090909090909091,-0.09090909090909088,0.0
Alistar,Poppy,6,2,0.3333333333333333,0.4090909090909091,-0.09090909090909088,0.0
Milio,Dr. Mundo,6,2,0.3333333333333333,0.4090909090909091,-0.09090909090909088,0.0
Leona,Maokai,6,2,0.3333333333333333,0.4090909090909091,-0.09090909090909088,0.0
Jayce,LeBlanc,6,2,0.3333333333333333,0.4090909090909091,-0.09090909090909088,0.0
Smolder,Bard,6,2,0.3333333333333333,0.4090909090909091,-0.09090909090909088,0.0
Jinx,Ryze,6,2,0.3333333333333333,0.4090909090909091,-0.09090909090909088,0.0
Aatrox,Rakan,6,2,0.3333333333333333,0.4090909090909091,-0.09090909090909088,0.0
Ahri,Gwen,6,2,0.3333333333333333,0.4090909090909091,-0.09090909090909088,0.0
Viktor,Shen,6,2,0.3333333333333333,0.4090909090909091,-0.09090909090909088,0.0
Tristana,Ahri,6,2,0.3333333333333333,0.4090909090909091,-0.09090909090909088,0.0
Tristana,Jarvan IV,6,2,0.3333333333333333,0.4090909090909091,-0.09090909090909088,0.0
LeBlanc,Ornn,6,2,0.3333333333333333,0.4090909090909091,-0.09090909090909088,0.0
Cassiopeia,Ahri,6,2,0.3333333333333333,0.4090909090909091,-0.09090909090909088,0.0
Ornn,Skarner,6,2,0.3333333333333333,0.4090909090909091,-0.09090909090909088,0.0
Renekton,Kai'Sa,6,2,0.3333333333333333,0.4090909090909091,-0.09090909090909088,0.0
Sivir,Zeri,6,2,0.3333333333333333,0.4090909090909091,-0.09090909090909088,0.0
Corki,Ornn,6,2,0.3333333333333333,0.4090909090909091,-0.09090909090909088,0.0
Jayce,Ornn,6,2,0.3333333333333333,0.4090909090909091,-0.09090909090909088,0.0
Shen,Jarvan IV,6,2,0.3333333333333333,0.4090909090909091,-0.09090909090909088,0.0
Qiyana,Trundle,6,2,0.3333333333333333,0.4090909090909091,-0.09090909090909088,0.0
Jinx,Leona,6,2,0.3333333333333333,0.4090909090909091,-0.09090909090909088,0.0
Pantheon,Jax,6,2,0.3333333333333333,0.4090909090909091,-0.09090909090909088,0.0
Miss Fortune,Anivia,6,2,0.3333333333333333,0.4090909090909091,-0.09090909090909088,0.0
Miss Fortune,Galio,6,2,0.3333333333333333,0.4090909090909091,-0.09090909090909088,0.0
Senna,Jarvan IV,6,2,0.3333333333333333,0.4090909090909091,-0.09090909090909088,0.0
Gragas,Ezreal,6,2,0.3333333333333333,0.4090909090909091,-0.09090909090909088,0.0
Xayah,Anivia,6,2,0.3333333333333333,0.4090909090909091,-0.09090909090909088,0.0
Galio,Caitlyn,6,2,0.3333333333333333,0.4090909090909091,-0.09090909090909088,0.0
Gnar,Kennen,6,2,0.3333333333333333,0.4090909090909091,-0.09090909090909088,0.0
Pantheon,Shen,6,2,0.3333333333333333,0.4090909090909091,-0.09090909090909088,0.0
Xin Zhao,Lux,6,2,0.3333333333333333,0.4090909090909091,-0.09090909090909088,0.0
Renekton,Ziggs,6,2,0.3333333333333333,0.4090909090909091,-0.09090909090909088,0.0
Taliyah,Anivia,6,2,0.3333333333333333,0.4090909090909091,-0.09090909090909088,0.0
Malphite,Yunara,6,2,0.3333333333333333,0.4090909090909091,-0.09090909090909088,0.0
Senna,Hwei,6,2,0.3333333333333333,0.4090909090909091,-0.09090909090909088,0.0
Yorick,Pantheon,6,2,0.3333333333333333,0.4090909090909091,-0.09090909090909088,0.0
Skarner,Senna,6,2,0.3333333333333333,0.4090909090909091,-0.09090909090909088,0.0
Leona,Lulu,6,2,0.3333333333333333,0.4090909090909091,-0.09090909090909088,0.0
Trundle,Lee Sin,6,2,0.3333333333333333,0.4090909090909091,-0.09090909090909088,0.0
Jax,Jarvan IV,6,2,0.3333333333333333,0.4090909090909091,-0.09090909090909088,0.0
Zaahen,Gnar,6,2,0.3333333333333333,0.4090909090909091,-0.09090909090909088,0.0
Varus,Kai'Sa,6,2,0.3333333333333333,0.4090909090909091,-0.09090909090909088,0.0
Aurora,Sejuani,6,2,0.3333333333333333,0.4090909090909091,-0.09090909090909088,0.0
Cassiopeia,Senna,6,2,0.3333333333333333,0.4090909090909091,-0.09090909090909088,0.0
Leona,Jhin,6,2,0.3333333333333333,0.4090909090909091,-0.09090909090909088,0.0
Xin Zhao,Pantheon,55,22,0.4,0.4083333333333333,-0.09166666666666667,0.0
K'Sante,Lucian,33,13,0.3939393939393939,0.40789473684210525,-0.09210526315789475,0.0
Wukong,Ashe,33,13,0.3939393939393939,0.40789473684210525,-0.09210526315789475,0.0
Seraphine,Gnar,33,13,0.3939393939393939,0.40789473684210525,-0.09210526315789475,0.0
Jarvan IV,Seraphine,43,17,0.3953488372093023,0.40625,-0.09375,0.0
Nami,Aatrox,11,4,0.36363636363636365,0.40625,-0.09375,0.0
Syndra,Yunara,11,4,0.36363636363636365,0.40625,-0.09375,0.0
Lissandra,Ahri,11,4,0.36363636363636365,0.40625,-0.09375,0.0
Jarvan IV,Sivir,11,4,0.36363636363636365,0.40625,-0.09375,0.0
Renekton,Sion,11,4,0.36363636363636365,0.40625,-0.09375,0.0
Nautilus,Kai'Sa,11,4,0.36363636363636365,0.40625,-0.09375,0.0
Corki,Nami,11,4,0.36363636363636365,0.40625,-0.09375,0.0
Xin Zhao,Gwen,11,4,0.36363636363636365,0.40625,-0.09375,0.0
Yunara,Aatrox,11,4,0.36363636363636365,0.40625,-0.09375,0.0
Neeko,Twisted Fate,11,4,0.36363636363636365,0.40625,-0.09375,0.0
Varus,Jax,11,4,0.36363636363636365,0.40625,-0.09375,0.0
Sion,Alistar,11,4,0.36363636363636365,0.40625,-0.09375,0.0
Pantheon,LeBlanc,11,4,0.36363636363636365,0.40625,-0.09375,0.0
Bard,Trundle,11,4,0.36363636363636365,0.40625,-0.09375,0.0
Yorick,Ahri,11,4,0.36363636363636365,0.40625,-0.09375,0.0
Karma,Sivir,11,4,0.36363636363636365,0.40625,-0.09375,0.0
Varus,Orianna,11,4,0.36363636363636365,0.40625,-0.09375,0.0
Jayce,Aatrox,11,4,0.36363636363636365,0.40625,-0.09375,0.0
Naafiri,Twisted Fate,11,4,0.36363636363636365,0.40625,-0.09375,0.0
Viktor,Skarner,11,4,0.36363636363636365,0.40625,-0.09375,0.0
Olaf,Varus,11,4,0.36363636363636365,0.40625,-0.09375,0.0
Azir,Rumble,11,4,0.36363636363636365,0.40625,-0.09375,0.0
Ezreal,Vayne,11,4,0.36363636363636365,0.40625,-0.09375,0.0
Caitlyn,Trundle,11,4,0.36363636363636365,0.40625,-0.09375,0.0
Skarner,Naafiri,11,4,0.36363636363636365,0.40625,-0.09375,0.0
K'Sante,Gwen,11,4,0.36363636363636365,0.40625,-0.09375,0.0
Rumble,Twisted Fate,11,4,0.36363636363636365,0.40625,-0.09375,0.0
Seraphine,Olaf,11,4,0.36363636363636365,0.40625,-0.09375,0.0
Aurora,Sivir,11,4,0.36363636363636365,0.40625,-0.09375,0.0
K'Sante,Rell,11,4,0.36363636363636365,0.40625,-0.09375,0.0
Jayce,Renekton,16,6,0.375,0.40476190476190477,-0.09523809523809523,0.0
Nami,Annie,16,6,0.375,0.40476190476190477,-0.09523809523809523,0.0
Gnar,Kai'Sa,16,6,0.375,0.40476190476190477,-0.09523809523809523,0.0
Ashe,Ornn,16,6,0.375,0.40476190476190477,-0.09523809523809523,0.0
Varus,Nami,16,6,0.375,0.40476190476190477,-0.09523809523809523,0.0
Nami,Nocturne,16,6,0.375,0.40476190476190477,-0.09523809523809523,0.0
Jarvan IV,Zaahen,16,6,0.375,0.40476190476190477,-0.09523809523809523,0.0
Gnar,Sivir,16,6,0.375,0.40476190476190477,-0.09523809523809523,0.0
Orianna,Sivir,16,6,0.375,0.40476190476190477,-0.09523809523809523,0.0
K'Sante,Twisted Fate,16,6,0.375,0.40476190476190477,-0.09523809523809523,0.0
Azir,Ezreal,16,6,0.375,0.40476190476190477,-0.09523809523809523,0.0
Viktor,Akali,16,6,0.375,0.40476190476190477,-0.09523809523809523,0.0
Karma,Lulu,16,6,0.375,0.40476190476190477,-0.09523809523809523,0.0
Aurora,Cassiopeia,16,6,0.375,0.40476190476190477,-0.09523809523809523,0.0
Nautilus,Leona,16,6,0.375,0.40476190476190477,-0.09523809523809523,0.0
Lulu,Anivia,16,6,0.375,0.40476190476190477,-0.09523809523809523,0.0
Neeko,Skarner,16,6,0.375,0.40476190476190477,-0.09523809523809523,0.0
Skarner,Seraphine,21,8,0.38095238095238093,0.40384615384615385,-0.09615384615384615,0.0
Skarner,Aurora,21,8,0.38095238095238093,0.40384615384615385,-0.09615384615384615,0.0
Ahri,Vi,21,8,0.38095238095238093,0.40384615384615385,-0.09615384615384615,0.0
Milio,Lucian,21,8,0.38095238095238093,0.40384615384615385,-0.09615384615384615,0.0
Nami,Jayce,21,8,0.38095238095238093,0.40384615384615385,-0.09615384615384615,0.0
Cassiopeia,Gnar,21,8,0.38095238095238093,0.40384615384615385,-0.09615384615384615,0.0
Lulu,Nocturne,21,8,0.38095238095238093,0.40384615384615385,-0.09615384615384615,0.0
Varus,Jarvan IV,21,8,0.38095238095238093,0.40384615384615385,-0.09615384615384615,0.0
Cassiopeia,Jarvan IV,26,10,0.38461538461538464,0.4032258064516129,-0.09677419354838712,0.0
Wukong,Milio,26,10,0.38461538461538464,0.4032258064516129,-0.09677419354838712,0.0
Orianna,Nocturne,26,10,0.38461538461538464,0.4032258064516129,-0.09677419354838712,0.0
Viktor,Cassiopeia,26,10,0.38461538461538464,0.4032258064516129,-0.09677419354838712,0.0
Vi,Aurora,26,10,0.38461538461538464,0.4032258064516129,-0.09677419354838712,0.0
Ambessa,Lucian,26,10,0.38461538461538464,0.4032258064516129,-0.09677419354838712,0.0
Lee Sin,Ashe,26,10,0.38461538461538464,0.4032258064516129,-0.09677419354838712,0.0
Renekton,Ryze,31,12,0.3870967741935484,0.4027777777777778,-0.09722222222222221,0.0
Karma,Bard,61,24,0.39344262295081966,0.4015151515151515,-0.09848484848484851,0.0
Orianna,Ezreal,44,17,0.38636363636363635,0.3979591836734694,-0.10204081632653061,0.0
Ezreal,Annie,34,13,0.38235294117647056,0.3974358974358974,-0.10256410256410259,0.0
Corki,Yunara,29,11,0.3793103448275862,0.39705882352941174,-0.10294117647058826,0.0
Varus,Xin Zhao,29,11,0.3793103448275862,0.39705882352941174,-0.10294117647058826,0.0
Renekton,Xin Zhao,29,11,0.3793103448275862,0.39705882352941174,-0.10294117647058826,0.0
Nautilus,Milio,29,11,0.3793103448275862,0.39705882352941174,-0.10294117647058826,0.0
Karma,Viktor,29,11,0.3793103448275862,0.39705882352941174,-0.10294117647058826,0.0
Ryze,Aurora,29,11,0.3793103448275862,0.39705882352941174,-0.10294117647058826,0.0
Cassiopeia,Ashe,29,11,0.3793103448275862,0.39705882352941174,-0.10294117647058826,0.0
Jhin,Aurora,24,9,0.375,0.39655172413793105,-0.10344827586206895,0.0
Pantheon,Vi,24,9,0.375,0.39655172413793105,-0.10344827586206895,0.0
Wukong,Orianna,19,7,0.3684210526315789,0.3958333333333333,-0.10416666666666669,0.0
Xin Zhao,Kai'Sa,19,7,0.3684210526315789,0.3958333333333333,-0.10416666666666669,0.0
Ornn,Jarvan IV,19,7,0.3684210526315789,0.3958333333333333,-0.10416666666666669,0.0
Seraphine,Nocturne,19,7,0.3684210526315789,0.3958333333333333,-0.10416666666666669,0.0
Neeko,Rumble,19,7,0.3684210526315789,0.3958333333333333,-0.10416666666666669,0.0
Bard,Nami,19,7,0.3684210526315789,0.3958333333333333,-0.10416666666666669,0.0
Ashe,Orianna,19,7,0.3684210526315789,0.3958333333333333,-0.10416666666666669,0.0
Ahri,Viktor,19,7,0.3684210526315789,0.3958333333333333,-0.10416666666666669,0.0
Lucian,Naafiri,19,7,0.3684210526315789,0.3958333333333333,-0.10416666666666669,0.0
Milio,Naafiri,19,7,0.3684210526315789,0.3958333333333333,-0.10416666666666669,0.0
Yunara,Ashe,19,7,0.3684210526315789,0.3958333333333333,-0.10416666666666669,0.0
Yunara,Seraphine,19,7,0.3684210526315789,0.3958333333333333,-0.10416666666666669,0.0
Karma,Yunara,19,7,0.3684210526315789,0.3958333333333333,-0.10416666666666669,0.0
K'Sante,Akali,19,7,0.3684210526315789,0.3958333333333333,-0.10416666666666669,0.0
Viktor,Caitlyn,19,7,0.3684210526315789,0.3958333333333333,-0.10416666666666669,0.0
Lee Sin,Cassiopeia,19,7,0.3684210526315789,0.3958333333333333,-0.10416666666666669,0.0
Ambessa,Renekton,19,7,0.3684210526315789,0.3958333333333333,-0.10416666666666669,0.0
Ambessa,Jhin,19,7,0.3684210526315789,0.3958333333333333,-0.10416666666666669,0.0
Xin Zhao,Sion,57,22,0.38596491228070173,0.3951612903225806,-0.10483870967741937,0.0
Annie,Lee Sin,14,5,0.35714285714285715,0.39473684210526316,-0.10526315789473684,0.0
Alistar,K'Sante,14,5,0.35714285714285715,0.39473684210526316,-0.10526315789473684,0.0
Galio,Bard,14,5,0.35714285714285715,0.39473684210526316,-0.10526315789473684,0.0
Corki,Vi,14,5,0.35714285714285715,0.39473684210526316,-0.10526315789473684,0.0
Corki,Viktor,14,5,0.35714285714285715,0.39473684210526316,-0.10526315789473684,0.0
Wukong,Syndra,14,5,0.35714285714285715,0.39473684210526316,-0.10526315789473684,0.0
Naafiri,Nocturne,14,5,0.35714285714285715,0.39473684210526316,-0.10526315789473684,0.0
Kai'Sa,Bard,14,5,0.35714285714285715,0.39473684210526316,-0.10526315789473684,0.0
Rakan,Naafiri,14,5,0.35714285714285715,0.39473684210526316,-0.10526315789473684,0.0
Ahri,Vayne,14,5,0.35714285714285715,0.39473684210526316,-0.10526315789473684,0.0
Galio,Naafiri,14,5,0.35714285714285715,0.39473684210526316,-0.10526315789473684,0.0
Ezreal,Syndra,14,5,0.35714285714285715,0.39473684210526316,-0.10526315789473684,0.0
Smolder,Yunara,14,5,0.35714285714285715,0.39473684210526316,-0.10526315789473684,0.0
Milio,Senna,14,5,0.35714285714285715,0.39473684210526316,-0.10526315789473684,0.0
Skarner,Nocturne,14,5,0.35714285714285715,0.39473684210526316,-0.10526315789473684,0.0
Nautilus,K'Sante,42,16,0.38095238095238093,0.39361702127659576,-0.10638297872340424,0.0
K'Sante,Ryze,37,14,0.3783783783783784,0.39285714285714285,-0.10714285714285715,0.0
Yunara,Bard,37,14,0.3783783783783784,0.39285714285714285,-0.10714285714285715,0.0
Karma,Syndra,9,3,0.3333333333333333,0.39285714285714285,-0.10714285714285715,0.0
Jarvan IV,Vayne,9,3,0.3333333333333333,0.39285714285714285,-0.10714285714285715,0.0
Rakan,Corki,9,3,0.3333333333333333,0.39285714285714285,-0.10714285714285715,0.0
Sivir,Anivia,9,3,0.3333333333333333,0.39285714285714285,-0.10714285714285715,0.0
Skarner,Corki,9,3,0.3333333333333333,0.39285714285714285,-0.10714285714285715,0.0
Ezreal,Rakan,9,3,0.3333333333333333,0.39285714285714285,-0.10714285714285715,0.0
Akali,Neeko,9,3,0.3333333333333333,0.39285714285714285,-0.10714285714285715,0.0
Vi,Sejuani,9,3,0.3333333333333333,0.39285714285714285,-0.10714285714285715,0.0
Gnar,Yorick,9,3,0.3333333333333333,0.39285714285714285,-0.10714285714285715,0.0
Viktor,Trundle,9,3,0.3333333333333333,0.39285714285714285,-0.10714285714285715,0.0
Yorick,Anivia,9,3,0.3333333333333333,0.39285714285714285,-0.10714285714285715,0.0
Galio,Viktor,9,3,0.3333333333333333,0.39285714285714285,-0.10714285714285715,0.0
Gwen,Caitlyn,9,3,0.3333333333333333,0.39285714285714285,-0.10714285714285715,0.0
Nocturne,Annie,9,3,0.3333333333333333,0.39285714285714285,-0.10714285714285715,0.0
Taliyah,Jarvan IV,9,3,0.3333333333333333,0.39285714285714285,-0.10714285714285715,0.0
Aphelios,Lucian,9,3,0.3333333333333333,0.39285714285714285,-0.10714285714285715,0.0
Azir,Lulu,9,3,0.3333333333333333,0.39285714285714285,-0.10714285714285715,0.0
Poppy,Akali,9,3,0.3333333333333333,0.39285714285714285,-0.10714285714285715,0.0
LeBlanc,Wukong,9,3,0.3333333333333333,0.39285714285714285,-0.10714285714285715,0.0
Jhin,Rakan,9,3,0.3333333333333333,0.39285714285714285,-0.10714285714285715,0.0
Ambessa,Alistar,9,3,0.3333333333333333,0.39285714285714285,-0.10714285714285715,0.0
Gnar,Jax,9,3,0.3333333333333333,0.39285714285714285,-0.10714285714285715,0.0
Ahri,Zaahen,9,3,0.3333333333333333,0.39285714285714285,-0.10714285714285715,0.0
Lulu,Xayah,9,3,0.3333333333333333,0.39285714285714285,-0.10714285714285715,0.0
K'Sante,Hwei,9,3,0.3333333333333333,0.39285714285714285,-0.10714285714285715,0.0
Twisted Fate,Karma,9,3,0.3333333333333333,0.39285714285714285,-0.10714285714285715,0.0
Milio,Shen,9,3,0.3333333333333333,0.39285714285714285,-0.10714285714285715,0.0
Orianna,Xayah,9,3,0.3333333333333333,0.39285714285714285,-0.10714285714285715,0.0
Sivir,Jayce,9,3,0.3333333333333333,0.39285714285714285,-0.10714285714285715,0.0
Shen,Lulu,9,3,0.3333333333333333,0.39285714285714285,-0.10714285714285715,0.0
Senna,Xin Zhao,9,3,0.3333333333333333,0.39285714285714285,-0.10714285714285715,0.0
Nautilus,Smolder,9,3,0.3333333333333333,0.39285714285714285,-0.10714285714285715,0.0
Zaahen,K'Sante,9,3,0.3333333333333333,0.39285714285714285,-0.10714285714285715,0.0
Gnar,Rell,9,3,0.3333333333333333,0.39285714285714285,-0.10714285714285715,0.0
Skarner,Olaf,9,3,0.3333333333333333,0.39285714285714285,-0.10714285714285715,0.0
K'Sante,Xayah,9,3,0.3333333333333333,0.39285714285714285,-0.10714285714285715,0.0
Cassiopeia,Galio,9,3,0.3333333333333333,0.39285714285714285,-0.10714285714285715,0.0
Olaf,Cassiopeia,9,3,0.3333333333333333,0.39285714285714285,-0.10714285714285715,0.0
Xin Zhao,Seraphine,60,23,0.38333333333333336,0.3923076923076923,-0.1076923076923077,0.0
K'Sante,Seraphine,32,12,0.375,0.3918918918918919,-0.10810810810810811,0.0
Sion,Zaahen,27,10,0.37037037037037035,0.390625,-0.109375,0.0
K'Sante,Gnar,27,10,0.37037037037037035,0.390625,-0.109375,0.0
Sion,Aurora,27,10,0.37037037037037035,0.390625,-0.109375,0.0
K'Sante,Nocturne,27,10,0.37037037037037035,0.390625,-0.109375,0.0
Ezreal,Nocturne,45,17,0.37777777777777777,0.39,-0.10999999999999999,0.0
Nami,Yunara,40,15,0.375,0.3888888888888889,-0.1111111111111111,0.0
Ambessa,Seraphine,22,8,0.36363636363636365,0.3888888888888889,-0.1111111111111111,0.0
Nautilus,Vi,22,8,0.36363636363636365,0.3888888888888889,-0.1111111111111111,0.0
Aurora,K'Sante,22,8,0.36363636363636365,0.3888888888888889,-0.1111111111111111,0.0
Galio,Jax,4,1,0.25,0.3888888888888889,-0.1111111111111111,0.0
Jax,Ambessa,4,1,0.25,0.3888888888888889,-0.1111111111111111,0.0
Mel,Nami,4,1,0.25,0.3888888888888889,-0.1111111111111111,0.0
Wukong,Thresh,4,1,0.25,0.3888888888888889,-0.1111111111111111,0.0
Bard,Vayne,4,1,0.25,0.3888888888888889,-0.1111111111111111,0.0
Ambessa,Mel,4,1,0.25,0.3888888888888889,-0.1111111111111111,0.0
Ezreal,Tristana,4,1,0.25,0.3888888888888889,-0.1111111111111111,0.0
Thresh,Jarvan IV,4,1,0.25,0.3888888888888889,-0.1111111111111111,0.0
Syndra,Naafiri,4,1,0.25,0.3888888888888889,-0.1111111111111111,0.0
Ambessa,Yorick,4,1,0.25,0.3888888888888889,-0.1111111111111111,0.0
Gnar,Alistar,4,1,0.25,0.3888888888888889,-0.1111111111111111,0.0
Sivir,Vayne,4,1,0.25,0.3888888888888889,-0.1111111111111111,0.0
Azir,Ambessa,4,1,0.25,0.3888888888888889,-0.1111111111111111,0.0
Zoe,Corki,4,1,0.25,0.3888888888888889,-0.1111111111111111,0.0
Zoe,Pantheon,4,1,0.25,0.3888888888888889,-0.1111111111111111,0.0
Irelia,Wukong,4,1,0.25,0.3888888888888889,-0.1111111111111111,0.0
Draven,K'Sante,4,1,0.25,0.3888888888888889,-0.1111111111111111,0.0
Braum,Tristana,4,1,0.25,0.3888888888888889,-0.1111111111111111,0.0
Taliyah,Akali,4,1,0.25,0.3888888888888889,-0.1111111111111111,0.0
Vayne,Varus,4,1,0.25,0.3888888888888889,-0.1111111111111111,0.0
Caitlyn,Jax,4,1,0.25,0.3888888888888889,-0.1111111111111111,0.0
Pantheon,Sejuani,4,1,0.25,0.3888888888888889,-0.1111111111111111,0.0
Vi,Gragas,4,1,0.25,0.3888888888888889,-0.1111111111111111,0.0
Vayne,Taliyah,4,1,0.25,0.3888888888888889,-0.1111111111111111,0.0
Sejuani,Ahri,4,1,0.25,0.3888888888888889,-0.1111111111111111,0.0
Jhin,Sejuani,4,1,0.25,0.3888888888888889,-0.1111111111111111,0.0
Corki,Olaf,4,1,0.25,0.3888888888888889,-0.1111111111111111,0.0
Yorick,Naafiri,4,1,0.25,0.3888888888888889,-0.1111111111111111,0.0
Braum,K'Sante,4,1,0.25,0.3888888888888889,-0.1111111111111111,0.0
Dr. Mundo,Akali,4,1,0.25,0.3888888888888889,-0.1111111111111111,0.0
Akali,Hwei,4,1,0.25,0.3888888888888889,-0.1111111111111111,0.0
Lee Sin,Gwen,4,1,0.25,0.3888888888888889,-0.1111111111111111,0.0
Ashe,Dr. Mundo,4,1,0.25,0.3888888888888889,-0.1111111111111111,0.0
Maokai,Milio,4,1,0.25,0.3888888888888889,-0.1111111111111111,0.0
Nautilus,Ziggs,4,1,0.25,0.3888888888888889,-0.1111111111111111,0.0
Gwen,Trundle,4,1,0.25,0.3888888888888889,-0.1111111111111111,0.0
Viktor,Braum,4,1,0.25,0.3888888888888889,-0.1111111111111111,0.0
Renata Glasc,Karma,4,1,0.25,0.3888888888888889,-0.1111111111111111,0.0
Yorick,Rell,4,1,0.25,0.3888888888888889,-0.1111111111111111,0.0
Yorick,Ziggs,4,1,0.25,0.3888888888888889,-0.1111111111111111,0.0
Ambessa,Pyke,4,1,0.25,0.3888888888888889,-0.1111111111111111,0.0
Camille,Skarner,4,1,0.25,0.3888888888888889,-0.1111111111111111,0.0
Vayne,Lee Sin,4,1,0.25,0.3888888888888889,-0.1111111111111111,0.0
Malphite,Vayne,4,1,0.25,0.3888888888888889,-0.1111111111111111,0.0
LeBlanc,Akali,4,1,0.25,0.3888888888888889,-0.1111111111111111,0.0
LeBlanc,Leona,4,1,0.25,0.3888888888888889,-0.1111111111111111,0.0
Lucian,Alistar,4,1,0.25,0.3888888888888889,-0.1111111111111111,0.0
Sylas,Ryze,4,1,0.25,0.3888888888888889,-0.1111111111111111,0.0
Rek'Sai,Naafiri,4,1,0.25,0.3888888888888889,-0.1111111111111111,0.0
Ahri,Maokai,4,1,0.25,0.3888888888888889,-0.1111111111111111,0.0
Gwen,Naafiri,4,1,0.25,0.3888888888888889,-0.1111111111111111,0.0
Varus,Maokai,4,1,0.25,0.3888888888888889,-0.1111111111111111,0.0
Renekton,Rek'Sai,4,1,0.25,0.3888888888888889,-0.1111111111111111,0.0
Lux,Naafiri,4,1,0.25,0.3888888888888889,-0.1111111111111111,0.0
Cho'Gath,Ashe,4,1,0.25,0.3888888888888889,-0.1111111111111111,0.0
Smolder,Nami,4,1,0.25,0.3888888888888889,-0.1111111111111111,0.0
Varus,Mel,4,1,0.25,0.3888888888888889,-0.1111111111111111,0.0
Cho'Gath,Karma,4,1,0.25,0.3888888888888889,-0.1111111111111111,0.0
Leona,Neeko,4,1,0.25,0.3888888888888889,-0.1111111111111111,0.0
Senna,Orianna,4,1,0.25,0.3888888888888889,-0.1111111111111111,0.0
Rell,Aphelios,4,1,0.25,0.3888888888888889,-0.1111111111111111,0.0
Taliyah,Dr. Mundo,4,1,0.25,0.3888888888888889,-0.1111111111111111,0.0
Senna,Annie,4,1,0.25,0.3888888888888889,-0.1111111111111111,0.0
Pantheon,Kog'Maw,4,1,0.25,0.3888888888888889,-0.1111111111111111,0.0
Trundle,Hwei,4,1,0.25,0.3888888888888889,-0.1111111111111111,0.0
Vi,Twisted Fate,4,1,0.25,0.3888888888888889,-0.1111111111111111,0.0
Yuumi,Nocturne,4,1,0.25,0.3888888888888889,-0.1111111111111111,0.0
Orianna,Gragas,4,1,0.25,0.3888888888888889,-0.1111111111111111,0.0
Rakan,Hwei,4,1,0.25,0.3888888888888889,-0.1111111111111111,0.0
Sivir,Smolder,4,1,0.25,0.3888888888888889,-0.1111111111111111,0.0
Azir,Twisted Fate,4,1,0.25,0.3888888888888889,-0.1111111111111111,0.0
Azir,Renekton,4,1,0.25,0.3888888888888889,-0.1111111111111111,0.0
Yorick,Pyke,4,1,0.25,0.3888888888888889,-0.1111111111111111,0.0
Kai'Sa,Poppy,4,1,0.25,0.3888888888888889,-0.1111111111111111,0.0
Ezreal,Pyke,4,1,0.25,0.3888888888888889,-0.1111111111111111,0.0
Xayah,Ezreal,4,1,0.25,0.3888888888888889,-0.1111111111111111,0.0
Tahm Kench,Nocturne,4,1,0.25,0.3888888888888889,-0.1111111111111111,0.0
Xayah,Akali,4,1,0.25,0.3888888888888889,-0.1111111111111111,0.0
Maokai,Xin Zhao,4,1,0.25,0.3888888888888889,-0.1111111111111111,0.0
Yuumi,Nami,4,1,0.25,0.3888888888888889,-0.1111111111111111,0.0
Zed,Ornn,4,1,0.25,0.3888888888888889,-0.1111111111111111,0.0
Viktor,Dr. Mundo,4,1,0.25,0.3888888888888889,-0.1111111111111111,0.0
Smolder,Vayne,4,1,0.25,0.3888888888888889,-0.1111111111111111,0.0
Milio,Ornn,4,1,0.25,0.3888888888888889,-0.1111111111111111,0.0
Kai'Sa,Renata Glasc,4,1,0.25,0.3888888888888889,-0.1111111111111111,0.0
Yorick,Poppy,4,1,0.25,0.3888888888888889,-0.1111111111111111,0.0
Zaahen,Kalista,4,1,0.25,0.3888888888888889,-0.1111111111111111,0.0
Vayne,Anivia,4,1,0.25,0.3888888888888889,-0.1111111111111111,0.0
Kalista,Ambessa,4,1,0.25,0.3888888888888889,-0.1111111111111111,0.0
Braum,Ezreal,4,1,0.25,0.3888888888888889,-0.1111111111111111,0.0
Braum,Naafiri,4,1,0.25,0.3888888888888889,-0.1111111111111111,0.0
K'Sante,LeBlanc,4,1,0.25,0.3888888888888889,-0.1111111111111111,0.0
Yuumi,Lulu,4,1,0.25,0.3888888888888889,-0.1111111111111111,0.0
Yuumi,Yunara,4,1,0.25,0.3888888888888889,-0.1111111111111111,0.0
Zeri,Gwen,4,1,0.25,0.3888888888888889,-0.1111111111111111,0.0
Tristana,Corki,4,1,0.25,0.3888888888888889,-0.1111111111111111,0.0
Cassiopeia,Kha'Zix,4,1,0.25,0.3888888888888889,-0.1111111111111111,0.0
Ornn,Rakan,4,1,0.25,0.3888888888888889,-0.1111111111111111,0.0
Lulu,Sejuani,4,1,0.25,0.3888888888888889,-0.1111111111111111,0.0
Taliyah,Alistar,4,1,0.25,0.3888888888888889,-0.1111111111111111,0.0
Azir,Senna,4,1,0.25,0.3888888888888889,-0.1111111111111111,0.0
Senna,Smolder,4,1,0.25,0.3888888888888889,-0.1111111111111111,0.0
Twisted Fate,Taliyah,4,1,0.25,0.3888888888888889,-0.1111111111111111,0.0
Aatrox,Akali,4,1,0.25,0.3888888888888889,-0.1111111111111111,0.0
Miss Fortune,Taliyah,4,1,0.25,0.3888888888888889,-0.1111111111111111,0.0
Varus,Aphelios,4,1,0.25,0.3888888888888889,-0.1111111111111111,0.0
Neeko,Camille,4,1,0.25,0.3888888888888889,-0.1111111111111111,0.0
Yone,Aurora,4,1,0.25,0.3888888888888889,-0.1111111111111111,0.0
Gnar,Poppy,4,1,0.25,0.3888888888888889,-0.1111111111111111,0.0
Miss Fortune,Nami,4,1,0.25,0.3888888888888889,-0.1111111111111111,0.0
Gwen,Varus,4,1,0.25,0.3888888888888889,-0.1111111111111111,0.0
Malphite,Ryze,4,1,0.25,0.3888888888888889,-0.1111111111111111,0.0
Jhin,Maokai,4,1,0.25,0.3888888888888889,-0.1111111111111111,0.0
Nautilus,LeBlanc,4,1,0.25,0.3888888888888889,-0.1111111111111111,0.0
Poppy,Jax,4,1,0.25,0.3888888888888889,-0.1111111111111111,0.0
Rell,Hwei,4,1,0.25,0.3888888888888889,-0.1111111111111111,0.0
Elise,Jhin,4,1,0.25,0.3888888888888889,-0.1111111111111111,0.0
Maokai,Gnar,4,1,0.25,0.3888888888888889,-0.1111111111111111,0.0
Thresh,Aatrox,4,1,0.25,0.3888888888888889,-0.1111111111111111,0.0
Rell,Zaahen,4,1,0.25,0.3888888888888889,-0.1111111111111111,0.0
Karma,Shen,4,1,0.25,0.3888888888888889,-0.1111111111111111,0.0
Miss Fortune,Gwen,4,1,0.25,0.3888888888888889,-0.1111111111111111,0.0
Sylas,Yunara,4,1,0.25,0.3888888888888889,-0.1111111111111111,0.0
Gnar,Blitzcrank,4,1,0.25,0.3888888888888889,-0.1111111111111111,0.0
Zed,Anivia,4,1,0.25,0.3888888888888889,-0.1111111111111111,0.0
Poppy,Bard,4,1,0.25,0.3888888888888889,-0.1111111111111111,0.0
Twisted Fate,Olaf,4,1,0.25,0.3888888888888889,-0.1111111111111111,0.0
Galio,Rakan,4,1,0.25,0.3888888888888889,-0.1111111111111111,0.0
Azir,Kennen,4,1,0.25,0.3888888888888889,-0.1111111111111111,0.0
Miss Fortune,Jarvan IV,4,1,0.25,0.3888888888888889,-0.1111111111111111,0.0
Corki,Senna,4,1,0.25,0.3888888888888889,-0.1111111111111111,0.0
Lux,Aurora,4,1,0.25,0.3888888888888889,-0.1111111111111111,0.0
Syndra,Sylas,4,1,0.25,0.3888888888888889,-0.1111111111111111,0.0
Sion,Jax,4,1,0.25,0.3888888888888889,-0.1111111111111111,0.0
Maokai,Annie,4,1,0.25,0.3888888888888889,-0.1111111111111111,0.0
Twisted Fate,Rakan,4,1,0.25,0.3888888888888889,-0.1111111111111111,0.0
Yorick,Sivir,4,1,0.25,0.3888888888888889,-0.1111111111111111,0.0
Skarner,Ziggs,4,1,0.25,0.3888888888888889,-0.1111111111111111,0.0
Zaahen,Trundle,4,1,0.25,0.3888888888888889,-0.1111111111111111,0.0
Lee Sin,Leona,4,1,0.25,0.3888888888888889,-0.1111111111111111,0.0
Pyke,Pantheon,4,1,0.25,0.3888888888888889,-0.1111111111111111,0.0
Miss Fortune,Rakan,4,1,0.25,0.3888888888888889,-0.1111111111111111,0.0
Varus,Shen,4,1,0.25,0.3888888888888889,-0.1111111111111111,0.0
Naafiri,Leona,4,1,0.25,0.3888888888888889,-0.1111111111111111,0.0
Olaf,Renekton,4,1,0.25,0.3888888888888889,-0.1111111111111111,0.0
Karma,Galio,4,1,0.25,0.3888888888888889,-0.1111111111111111,0.0
Neeko,Yuumi,4,1,0.25,0.3888888888888889,-0.1111111111111111,0.0
Skarner,Hwei,4,1,0.25,0.3888888888888889,-0.1111111111111111,0.0
Jhin,Sylas,4,1,0.25,0.3888888888888889,-0.1111111111111111,0.0
Xin Zhao,Poppy,4,1,0.25,0.3888888888888889,-0.1111111111111111,0.0
Hwei,Naafiri,4,1,0.25,0.3888888888888889,-0.1111111111111111,0.0
Rek'Sai,Jarvan IV,4,1,0.25,0.3888888888888889,-0.1111111111111111,0.0
Thresh,Cassiopeia,4,1,0.25,0.3888888888888889,-0.1111111111111111,0.0
Syndra,Maokai,4,1,0.25,0.3888888888888889,-0.1111111111111111,0.0
Lee Sin,Rakan,4,1,0.25,0.3888888888888889,-0.1111111111111111,0.0
Wukong,Nasus,4,1,0.25,0.3888888888888889,-0.1111111111111111,0.0
Shyvana,Cassiopeia,4,1,0.25,0.3888888888888889,-0.1111111111111111,0.0
Mel,Aatrox,4,1,0.25,0.3888888888888889,-0.1111111111111111,0.0
Lux,Sion,4,1,0.25,0.3888888888888889,-0.1111111111111111,0.0
Galio,Olaf,4,1,0.25,0.3888888888888889,-0.1111111111111111,0.0
Tristana,Smolder,4,1,0.25,0.3888888888888889,-0.1111111111111111,0.0
Tristana,Taliyah,4,1,0.25,0.3888888888888889,-0.1111111111111111,0.0
Orianna,Zeri,4,1,0.25,0.3888888888888889,-0.1111111111111111,0.0
Akali,Trundle,4,1,0.25,0.3888888888888889,-0.1111111111111111,0.0
Poppy,Yone,4,1,0.25,0.3888888888888889,-0.1111111111111111,0.0
Gnar,Rek'Sai,4,1,0.25,0.3888888888888889,-0.1111111111111111,0.0
Jayce,Sylas,4,1,0.25,0.3888888888888889,-0.1111111111111111,0.0
Senna,Sylas,4,1,0.25,0.3888888888888889,-0.1111111111111111,0.0
Maokai,Amumu,4,1,0.25,0.3888888888888889,-0.1111111111111111,0.0
Smolder,Amumu,4,1,0.25,0.3888888888888889,-0.1111111111111111,0.0
Galio,Nasus,4,1,0.25,0.3888888888888889,-0.1111111111111111,0.0
Ziggs,Jhin,4,1,0.25,0.3888888888888889,-0.1111111111111111,0.0
Twisted Fate,Malphite,4,1,0.25,0.3888888888888889,-0.1111111111111111,0.0
Sivir,Malphite,4,1,0.25,0.3888888888888889,-0.1111111111111111,0.0
Maokai,Veigar,4,1,0.25,0.3888888888888889,-0.1111111111111111,0.0
Camille,Jarvan IV,4,1,0.25,0.3888888888888889,-0.1111111111111111,0.0
Senna,Miss Fortune,4,1,0.25,0.3888888888888889,-0.1111111111111111,0.0
Caitlyn,Vayne,4,1,0.25,0.3888888888888889,-0.1111111111111111,0.0
Rek'Sai,Annie,4,1,0.25,0.3888888888888889,-0.1111111111111111,0.0
Jax,Jinx,4,1,0.25,0.3888888888888889,-0.1111111111111111,0.0
Braum,Amumu,4,1,0.25,0.3888888888888889,-0.1111111111111111,0.0
Senna,Zaahen,4,1,0.25,0.3888888888888889,-0.1111111111111111,0.0
Kog'Maw,Aphelios,4,1,0.25,0.3888888888888889,-0.1111111111111111,0.0
Sejuani,Renekton,4,1,0.25,0.3888888888888889,-0.1111111111111111,0.0
Skarner,Zyra,4,1,0.25,0.3888888888888889,-0.1111111111111111,0.0
Sejuani,Akali,4,1,0.25,0.3888888888888889,-0.1111111111111111,0.0
Trundle,Xayah,4,1,0.25,0.3888888888888889,-0.1111111111111111,0.0
Mel,Akali,4,1,0.25,0.3888888888888889,-0.1111111111111111,0.0
Twisted Fate,Alistar,4,1,0.25,0.3888888888888889,-0.1111111111111111,0.0
Nautilus,Rell,35,13,0.37142857142857144,0.3875,-0.11249999999999999,0.0
Orianna,Jarvan IV,35,13,0.37142857142857144,0.3875,-0.11249999999999999,0.0
Sion,Ashe,35,13,0.37142857142857144,0.3875,-0.11249999999999999,0.0
Jhin,Cassiopeia,17,6,0.35294117647058826,0.38636363636363635,-0.11363636363636365,0.0
Lulu,Yunara,17,6,0.35294117647058826,0.38636363636363635,-0.11363636363636365,0.0
Wukong,Taliyah,17,6,0.35294117647058826,0.38636363636363635,-0.11363636363636365,0.0
Taliyah,Seraphine,17,6,0.35294117647058826,0.38636363636363635,-0.11363636363636365,0.0
Vi,Xayah,17,6,0.35294117647058826,0.38636363636363635,-0.11363636363636365,0.0
Ahri,Skarner,17,6,0.35294117647058826,0.38636363636363635,-0.11363636363636365,0.0
Vi,Jayce,17,6,0.35294117647058826,0.38636363636363635,-0.11363636363636365,0.0
Neeko,Ryze,17,6,0.35294117647058826,0.38636363636363635,-0.11363636363636365,0.0
Bard,Rakan,17,6,0.35294117647058826,0.38636363636363635,-0.11363636363636365,0.0
Senna,Ashe,17,6,0.35294117647058826,0.38636363636363635,-0.11363636363636365,0.0
Lucian,Anivia,17,6,0.35294117647058826,0.38636363636363635,-0.11363636363636365,0.0
Ambessa,Annie,17,6,0.35294117647058826,0.38636363636363635,-0.11363636363636365,0.0
Seraphine,Anivia,17,6,0.35294117647058826,0.38636363636363635,-0.11363636363636365,0.0
Jhin,Jarvan IV,30,11,0.36666666666666664,0.38571428571428573,-0.11428571428571427,0.0
Vi,Bard,30,11,0.36666666666666664,0.38571428571428573,-0.11428571428571427,0.0
Ezreal,Kai'Sa,43,16,0.37209302325581395,0.3854166666666667,-0.11458333333333331,0.0
Xin Zhao,Trundle,25,9,0.36,0.38333333333333336,-0.11666666666666664,0.0
Skarner,Jhin,25,9,0.36,0.38333333333333336,-0.11666666666666664,0.0
Lulu,Vi,25,9,0.36,0.38333333333333336,-0.11666666666666664,0.0
Karma,Gnar,25,9,0.36,0.38333333333333336,-0.11666666666666664,0.0
Ambessa,Milio,25,9,0.36,0.38333333333333336,-0.11666666666666664,0.0
LeBlanc,Bard,12,4,0.3333333333333333,0.38235294117647056,-0.11764705882352944,0.0
Lulu,Naafiri,12,4,0.3333333333333333,0.38235294117647056,-0.11764705882352944,0.0
Taliyah,Lee Sin,12,4,0.3333333333333333,0.38235294117647056,-0.11764705882352944,0.0
Aatrox,Bard,12,4,0.3333333333333333,0.38235294117647056,-0.11764705882352944,0.0
Aatrox,Ezreal,12,4,0.3333333333333333,0.38235294117647056,-0.11764705882352944,0.0
Yorick,Vi,12,4,0.3333333333333333,0.38235294117647056,-0.11764705882352944,0.0
Yorick,Varus,12,4,0.3333333333333333,0.38235294117647056,-0.11764705882352944,0.0
Aurora,Ornn,12,4,0.3333333333333333,0.38235294117647056,-0.11764705882352944,0.0
Naafiri,Trundle,12,4,0.3333333333333333,0.38235294117647056,-0.11764705882352944,0.0
Azir,Neeko,12,4,0.3333333333333333,0.38235294117647056,-0.11764705882352944,0.0
Varus,Rell,12,4,0.3333333333333333,0.38235294117647056,-0.11764705882352944,0.0
Rell,Ambessa,12,4,0.3333333333333333,0.38235294117647056,-0.11764705882352944,0.0
Varus,Anivia,12,4,0.3333333333333333,0.38235294117647056,-0.11764705882352944,0.0
Mel,Caitlyn,12,4,0.3333333333333333,0.38235294117647056,-0.11764705882352944,0.0
Rell,Renekton,12,4,0.3333333333333333,0.38235294117647056,-0.11764705882352944,0.0
Skarner,Trundle,12,4,0.3333333333333333,0.38235294117647056,-0.11764705882352944,0.0
Caitlyn,Cassiopeia,12,4,0.3333333333333333,0.38235294117647056,-0.11764705882352944,0.0
Viktor,Orianna,33,12,0.36363636363636365,0.3815789473684211,-0.11842105263157893,0.0
Sion,Vi,33,12,0.36363636363636365,0.3815789473684211,-0.11842105263157893,0.0
Xin Zhao,Caitlyn,41,15,0.36585365853658536,0.3804347826086957,-0.11956521739130432,0.0
Neeko,Vi,20,7,0.35,0.38,-0.12,0.0
Miss Fortune,Gnar,20,7,0.35,0.38,-0.12,0.0
Varus,Neeko,20,7,0.35,0.38,-0.12,0.0
Nautilus,Ezreal,49,18,0.3673469387755102,0.37962962962962965,-0.12037037037037035,0.0
Wukong,Lucian,28,10,0.35714285714285715,0.3787878787878788,-0.12121212121212122,0.0
Jarvan IV,Ahri,36,13,0.3611111111111111,0.3780487804878049,-0.12195121951219512,0.0
Pantheon,Bard,52,19,0.36538461538461536,0.37719298245614036,-0.12280701754385964,0.0
Aurora,Annie,31,11,0.3548387096774194,0.375,-0.125,0.0
Viktor,Rumble,31,11,0.3548387096774194,0.375,-0.125,0.0
Nami,Ashe,23,8,0.34782608695652173,0.375,-0.125,0.0
Sion,Lee Sin,23,8,0.34782608695652173,0.375,-0.125,0.0
Rumble,Cassiopeia,23,8,0.34782608695652173,0.375,-0.125,0.0
Nautilus,Galio,15,5,0.3333333333333333,0.375,-0.125,0.0
Ambessa,Ashe,15,5,0.3333333333333333,0.375,-0.125,0.0
Yunara,Naafiri,15,5,0.3333333333333333,0.375,-0.125,0.0
Corki,Pantheon,15,5,0.3333333333333333,0.375,-0.125,0.0
Renekton,Sivir,15,5,0.3333333333333333,0.375,-0.125,0.0
Lulu,Twisted Fate,15,5,0.3333333333333333,0.375,-0.125,0.0
Karma,Azir,15,5,0.3333333333333333,0.375,-0.125,0.0
Naafiri,Caitlyn,15,5,0.3333333333333333,0.375,-0.125,0.0
Azir,Nautilus,15,5,0.3333333333333333,0.375,-0.125,0.0
Rakan,Annie,7,2,0.2857142857142857,0.375,-0.125,0.0
Kai'Sa,Rumble,7,2,0.2857142857142857,0.375,-0.125,0.0
Akali,Galio,7,2,0.2857142857142857,0.375,-0.125,0.0
Kog'Maw,Milio,7,2,0.2857142857142857,0.375,-0.125,0.0
Pantheon,Kennen,7,2,0.2857142857142857,0.375,-0.125,0.0
Alistar,Varus,7,2,0.2857142857142857,0.375,-0.125,0.0
Galio,Lucian,7,2,0.2857142857142857,0.375,-0.125,0.0
Nami,Yone,7,2,0.2857142857142857,0.375,-0.125,0.0
Yone,Seraphine,7,2,0.2857142857142857,0.375,-0.125,0.0
Yuumi,Seraphine,7,2,0.2857142857142857,0.375,-0.125,0.0
Xin Zhao,Smolder,7,2,0.2857142857142857,0.375,-0.125,0.0
Wukong,Alistar,7,2,0.2857142857142857,0.375,-0.125,0.0
Wukong,Gragas,7,2,0.2857142857142857,0.375,-0.125,0.0
Taliyah,Aatrox,7,2,0.2857142857142857,0.375,-0.125,0.0
Nocturne,Rakan,7,2,0.2857142857142857,0.375,-0.125,0.0
Mel,Aurora,7,2,0.2857142857142857,0.375,-0.125,0.0
Taliyah,Olaf,7,2,0.2857142857142857,0.375,-0.125,0.0
Leona,Ziggs,7,2,0.2857142857142857,0.375,-0.125,0.0
Taliyah,Bard,7,2,0.2857142857142857,0.375,-0.125,0.0
Karma,Dr. Mundo,7,2,0.2857142857142857,0.375,-0.125,0.0
Lucian,Ornn,7,2,0.2857142857142857,0.375,-0.125,0.0
Skarner,Leona,7,2,0.2857142857142857,0.375,-0.125,0.0
Jinx,Yunara,7,2,0.2857142857142857,0.375,-0.125,0.0
Karma,Aatrox,7,2,0.2857142857142857,0.375,-0.125,0.0
Leona,Aatrox,7,2,0.2857142857142857,0.375,-0.125,0.0
Syndra,Bard,7,2,0.2857142857142857,0.375,-0.125,0.0
Neeko,Miss Fortune,7,2,0.2857142857142857,0.375,-0.125,0.0
Milio,Lux,7,2,0.2857142857142857,0.375,-0.125,0.0
Annie,Vayne,7,2,0.2857142857142857,0.375,-0.125,0.0
Smolder,Ahri,7,2,0.2857142857142857,0.375,-0.125,0.0
Wukong,Mel,7,2,0.2857142857142857,0.375,-0.125,0.0
Zaahen,Nocturne,7,2,0.2857142857142857,0.375,-0.125,0.0
Lucian,Skarner,7,2,0.2857142857142857,0.375,-0.125,0.0
Wukong,Maokai,7,2,0.2857142857142857,0.375,-0.125,0.0
Leona,Alistar,7,2,0.2857142857142857,0.375,-0.125,0.0
Yuumi,Renekton,7,2,0.2857142857142857,0.375,-0.125,0.0
Leona,Rakan,7,2,0.2857142857142857,0.375,-0.125,0.0
Yunara,Alistar,7,2,0.2857142857142857,0.375,-0.125,0.0
Smolder,Vi,7,2,0.2857142857142857,0.375,-0.125,0.0
Xin Zhao,LeBlanc,7,2,0.2857142857142857,0.375,-0.125,0.0
Maokai,Ezreal,7,2,0.2857142857142857,0.375,-0.125,0.0
Jhin,Gwen,7,2,0.2857142857142857,0.375,-0.125,0.0
Neeko,LeBlanc,7,2,0.2857142857142857,0.375,-0.125,0.0
Aurora,Xayah,7,2,0.2857142857142857,0.375,-0.125,0.0
Xin Zhao,Leona,7,2,0.2857142857142857,0.375,-0.125,0.0
Corki,Trundle,7,2,0.2857142857142857,0.375,-0.125,0.0
Trundle,Rell,7,2,0.2857142857142857,0.375,-0.125,0.0
Hwei,Lulu,7,2,0.2857142857142857,0.375,-0.125,0.0
Jax,Yunara,7,2,0.2857142857142857,0.375,-0.125,0.0
Xin Zhao,Ashe,58,21,0.3620689655172414,0.373015873015873,-0.12698412698412698,0.0
Aurora,Jayce,34,12,0.35294117647058826,0.3717948717948718,-0.1282051282051282,0.0
Ambessa,Vi,26,9,0.34615384615384615,0.3709677419354839,-0.12903225806451613,0.0
Mel,Ashe,45,16,0.35555555555555557,0.37,-0.13,0.0
Lulu,Aatrox,18,6,0.3333333333333333,0.3695652173913043,-0.13043478260869568,0.0
Syndra,Seraphine,18,6,0.3333333333333333,0.3695652173913043,-0.13043478260869568,0.0
Sion,Anivia,18,6,0.3333333333333333,0.3695652173913043,-0.13043478260869568,0.0
Ambessa,Ryze,18,6,0.3333333333333333,0.3695652173913043,-0.13043478260869568,0.0
Lee Sin,Nami,18,6,0.3333333333333333,0.3695652173913043,-0.13043478260869568,0.0
Aurora,Jarvan IV,48,17,0.3541666666666667,0.36792452830188677,-0.13207547169811323,0.0
Sion,Seraphine,40,14,0.35,0.36666666666666664,-0.13333333333333336,0.0
Sion,Bard,40,14,0.35,0.36666666666666664,-0.13333333333333336,0.0
Corki,Aatrox,10,3,0.3,0.36666666666666664,-0.13333333333333336,0.0
Orianna,LeBlanc,10,3,0.3,0.36666666666666664,-0.13333333333333336,0.0
Ryze,Yone,10,3,0.3,0.36666666666666664,-0.13333333333333336,0.0
Yuumi,Ashe,10,3,0.3,0.36666666666666664,-0.13333333333333336,0.0
Alistar,Jarvan IV,10,3,0.3,0.36666666666666664,-0.13333333333333336,0.0
Ashe,Twisted Fate,10,3,0.3,0.36666666666666664,-0.13333333333333336,0.0
Gnar,Aatrox,10,3,0.3,0.36666666666666664,-0.13333333333333336,0.0
Mel,Sion,10,3,0.3,0.36666666666666664,-0.13333333333333336,0.0
Ambessa,Anivia,10,3,0.3,0.36666666666666664,-0.13333333333333336,0.0
Cassiopeia,Hwei,10,3,0.3,0.36666666666666664,-0.13333333333333336,0.0
Dr. Mundo,Sion,10,3,0.3,0.36666666666666664,-0.13333333333333336,0.0
Azir,Lee Sin,10,3,0.3,0.36666666666666664,-0.13333333333333336,0.0
Corki,Varus,10,3,0.3,0.36666666666666664,-0.13333333333333336,0.0
Varus,Akali,10,3,0.3,0.36666666666666664,-0.13333333333333336,0.0
Aatrox,Anivia,10,3,0.3,0.36666666666666664,-0.13333333333333336,0.0
Anivia,Twisted Fate,10,3,0.3,0.36666666666666664,-0.13333333333333336,0.0
Senna,Ryze,10,3,0.3,0.36666666666666664,-0.13333333333333336,0.0
Viktor,Hwei,10,3,0.3,0.36666666666666664,-0.13333333333333336,0.0
Mel,Annie,10,3,0.3,0.36666666666666664,-0.13333333333333336,0.0
Smolder,Lulu,10,3,0.3,0.36666666666666664,-0.13333333333333336,0.0
Ambessa,Aatrox,10,3,0.3,0.36666666666666664,-0.13333333333333336,0.0
Sion,Vayne,10,3,0.3,0.36666666666666664,-0.13333333333333336,0.0
Akali,Ahri,10,3,0.3,0.36666666666666664,-0.13333333333333336,0.0
Rakan,Anivia,10,3,0.3,0.36666666666666664,-0.13333333333333336,0.0
Maokai,Nautilus,10,3,0.3,0.36666666666666664,-0.13333333333333336,0.0
Caitlyn,Ziggs,10,3,0.3,0.36666666666666664,-0.13333333333333336,0.0
Sivir,Wukong,10,3,0.3,0.36666666666666664,-0.13333333333333336,0.0
Rell,Neeko,10,3,0.3,0.36666666666666664,-0.13333333333333336,0.0
Gnar,Vayne,21,7,0.3333333333333333,0.36538461538461536,-0.13461538461538464,0.0
Renekton,Ezreal,21,7,0.3333333333333333,0.36538461538461536,-0.13461538461538464,0.0
Jhin,Nami,21,7,0.3333333333333333,0.36538461538461536,-0.13461538461538464,0.0
Lucian,Rumble,35,12,0.34285714285714286,0.3625,-0.1375,0.0
Nami,Pantheon,24,8,0.3333333333333333,0.3620689655172414,-0.13793103448275862,0.0
Yunara,Neeko,24,8,0.3333333333333333,0.3620689655172414,-0.13793103448275862,0.0
Ezreal,Seraphine,49,17,0.3469387755102041,0.3611111111111111,-0.1388888888888889,0.0
Varus,Renekton,13,4,0.3076923076923077,0.3611111111111111,-0.1388888888888889,0.0
Hwei,Sion,13,4,0.3076923076923077,0.3611111111111111,-0.1388888888888889,0.0
Jhin,Vi,13,4,0.3076923076923077,0.3611111111111111,-0.1388888888888889,0.0
Lulu,Lee Sin,13,4,0.3076923076923077,0.3611111111111111,-0.1388888888888889,0.0
Wukong,Galio,13,4,0.3076923076923077,0.3611111111111111,-0.1388888888888889,0.0
Milio,Xayah,13,4,0.3076923076923077,0.3611111111111111,-0.1388888888888889,0.0
Gwen,Bard,13,4,0.3076923076923077,0.3611111111111111,-0.1388888888888889,0.0
Ahri,Orianna,13,4,0.3076923076923077,0.3611111111111111,-0.1388888888888889,0.0
Neeko,Lee Sin,13,4,0.3076923076923077,0.3611111111111111,-0.1388888888888889,0.0
Jhin,Miss Fortune,13,4,0.3076923076923077,0.3611111111111111,-0.1388888888888889,0.0
Skarner,Jarvan IV,13,4,0.3076923076923077,0.3611111111111111,-0.1388888888888889,0.0
Lucian,Senna,13,4,0.3076923076923077,0.3611111111111111,-0.1388888888888889,0.0
Lee Sin,Anivia,13,4,0.3076923076923077,0.3611111111111111,-0.1388888888888889,0.0
Syndra,Ashe,13,4,0.3076923076923077,0.3611111111111111,-0.1388888888888889,0.0
Nami,Twisted Fate,13,4,0.3076923076923077,0.3611111111111111,-0.1388888888888889,0.0
Neeko,Xin Zhao,27,9,0.3333333333333333,0.359375,-0.140625,0.0
Naafiri,Gnar,27,9,0.3333333333333333,0.359375,-0.140625,0.0
K'Sante,Ahri,27,9,0.3333333333333333,0.359375,-0.140625,0.0
Rumble,Galio,30,10,0.3333333333333333,0.35714285714285715,-0.14285714285714285,0.0
Orianna,Caitlyn,16,5,0.3125,0.35714285714285715,-0.14285714285714285,0.0
Naafiri,Wukong,16,5,0.3125,0.35714285714285715,-0.14285714285714285,0.0
Jhin,Sivir,16,5,0.3125,0.35714285714285715,-0.14285714285714285,0.0
Nocturne,Lucian,16,5,0.3125,0.35714285714285715,-0.14285714285714285,0.0
Nami,Anivia,16,5,0.3125,0.35714285714285715,-0.14285714285714285,0.0
Renekton,Akali,16,5,0.3125,0.35714285714285715,-0.14285714285714285,0.0
Gnar,Corki,16,5,0.3125,0.35714285714285715,-0.14285714285714285,0.0
Rell,Ryze,16,5,0.3125,0.35714285714285715,-0.14285714285714285,0.0
Thresh,Ryze,2,0,0.0,0.35714285714285715,-0.14285714285714285,0.0
Xin Zhao,Irelia,2,0,0.0,0.35714285714285715,-0.14285714285714285,0.0
LeBlanc,Tristana,2,0,0.0,0.35714285714285715,-0.14285714285714285,0.0
Thresh,Mel,2,0,0.0,0.35714285714285715,-0.14285714285714285,0.0
Thresh,Tristana,2,0,0.0,0.35714285714285715,-0.14285714285714285,0.0
Jhin,Lissandra,2,0,0.0,0.35714285714285715,-0.14285714285714285,0.0
Vi,Pyke,2,0,0.0,0.35714285714285715,-0.14285714285714285,0.0
Blitzcrank,Bard,2,0,0.0,0.35714285714285715,-0.14285714285714285,0.0
Ekko,Bard,2,0,0.0,0.35714285714285715,-0.14285714285714285,0.0
Ekko,Jarvan IV,2,0,0.0,0.35714285714285715,-0.14285714285714285,0.0
Jax,Olaf,2,0,0.0,0.35714285714285715,-0.14285714285714285,0.0
Alistar,Irelia,2,0,0.0,0.35714285714285715,-0.14285714285714285,0.0
LeBlanc,Irelia,2,0,0.0,0.35714285714285715,-0.14285714285714285,0.0
Ryze,Sejuani,2,0,0.0,0.35714285714285715,-0.14285714285714285,0.0
Gnar,Nidalee,2,0,0.0,0.35714285714285715,-0.14285714285714285,0.0
Corki,Aphelios,2,0,0.0,0.35714285714285715,-0.14285714285714285,0.0
Miss Fortune,Alistar,2,0,0.0,0.35714285714285715,-0.14285714285714285,0.0
Sylas,LeBlanc,2,0,0.0,0.35714285714285715,-0.14285714285714285,0.0
Kennen,Zoe,2,0,0.0,0.35714285714285715,-0.14285714285714285,0.0
Camille,Kai'Sa,2,0,0.0,0.35714285714285715,-0.14285714285714285,0.0
Camille,Nautilus,2,0,0.0,0.35714285714285715,-0.14285714285714285,0.0
Cho'Gath,Kai'Sa,2,0,0.0,0.35714285714285715,-0.14285714285714285,0.0
Seraphine,Lillia,2,0,0.0,0.35714285714285715,-0.14285714285714285,0.0
Aatrox,Qiyana,2,0,0.0,0.35714285714285715,-0.14285714285714285,0.0
Shen,Aurora,2,0,0.0,0.35714285714285715,-0.14285714285714285,0.0
Alistar,Smolder,2,0,0.0,0.35714285714285715,-0.14285714285714285,0.0
Lee Sin,Aurelion Sol,2,0,0.0,0.35714285714285715,-0.14285714285714285,0.0
Kindred,Sion,2,0,0.0,0.35714285714285715,-0.14285714285714285,0.0
Nocturne,Camille,2,0,0.0,0.35714285714285715,-0.14285714285714285,0.0
Nocturne,Irelia,2,0,0.0,0.35714285714285715,-0.14285714285714285,0.0
Zeri,Vi,2,0,0.0,0.35714285714285715,-0.14285714285714285,0.0
Ambessa,Rek'Sai,2,0,0.0,0.35714285714285715,-0.14285714285714285,0.0
Mel,Smolder,2,0,0.0,0.35714285714285715,-0.14285714285714285,0.0
Amumu,Hwei,2,0,0.0,0.35714285714285715,-0.14285714285714285,0.0
Gragas,Hwei,2,0,0.0,0.35714285714285715,-0.14285714285714285,0.0
Leona,Rell,2,0,0.0,0.35714285714285715,-0.14285714285714285,0.0
Leona,Twisted Fate,2,0,0.0,0.35714285714285715,-0.14285714285714285,0.0
Zaahen,Taliyah,2,0,0.0,0.35714285714285715,-0.14285714285714285,0.0
Aphelios,Milio,2,0,0.0,0.35714285714285715,-0.14285714285714285,0.0
Xin Zhao,Kha'Zix,2,0,0.0,0.35714285714285715,-0.14285714285714285,0.0
Yorick,Jax,2,0,0.0,0.35714285714285715,-0.14285714285714285,0.0
Xerath,Bard,2,0,0.0,0.35714285714285715,-0.14285714285714285,0.0
Xerath,Nocturne,2,0,0.0,0.35714285714285715,-0.14285714285714285,0.0
Ziggs,Vayne,2,0,0.0,0.35714285714285715,-0.14285714285714285,0.0
Pantheon,Brand,2,0,0.0,0.35714285714285715,-0.14285714285714285,0.0
Sylas,Yasuo,2,0,0.0,0.35714285714285715,-0.14285714285714285,0.0
Taric,Gnar,2,0,0.0,0.35714285714285715,-0.14285714285714285,0.0
Kalista,Anivia,2,0,0.0,0.35714285714285715,-0.14285714285714285,0.0
Jayce,Rek'Sai,2,0,0.0,0.35714285714285715,-0.14285714285714285,0.0
Gwen,Kennen,2,0,0.0,0.35714285714285715,-0.14285714285714285,0.0
Gwen,Zed,2,0,0.0,0.35714285714285715,-0.14285714285714285,0.0
Vi,Maokai,2,0,0.0,0.35714285714285715,-0.14285714285714285,0.0
Rakan,Fiora,2,0,0.0,0.35714285714285715,-0.14285714285714285,0.0
Ziggs,Kai'Sa,2,0,0.0,0.35714285714285715,-0.14285714285714285,0.0
Elise,Ahri,2,0,0.0,0.35714285714285715,-0.14285714285714285,0.0
Gnar,Gangplank,2,0,0.0,0.35714285714285715,-0.14285714285714285,0.0
Nautilus,Gangplank,2,0,0.0,0.35714285714285715,-0.14285714285714285,0.0
Vladimir,Lucian,2,0,0.0,0.35714285714285715,-0.14285714285714285,0.0
Vladimir,Malphite,2,0,0.0,0.35714285714285715,-0.14285714285714285,0.0
Wukong,Gangplank,2,0,0.0,0.35714285714285715,-0.14285714285714285,0.0
Lulu,Sivir,2,0,0.0,0.35714285714285715,-0.14285714285714285,0.0
Twisted Fate,Lux,2,0,0.0,0.35714285714285715,-0.14285714285714285,0.0
Rumble,Samira,2,0,0.0,0.35714285714285715,-0.14285714285714285,0.0
Hwei,Smolder,2,0,0.0,0.35714285714285715,-0.14285714285714285,0.0
Pyke,Olaf,2,0,0.0,0.35714285714285715,-0.14285714285714285,0.0
Aurelion Sol,Nami,2,0,0.0,0.35714285714285715,-0.14285714285714285,0.0
Cho'Gath,Orianna,2,0,0.0,0.35714285714285715,-0.14285714285714285,0.0
Ezreal,Urgot,2,0,0.0,0.35714285714285715,-0.14285714285714285,0.0
Yasuo,K'Sante,2,0,0.0,0.35714285714285715,-0.14285714285714285,0.0
Rek'Sai,Ryze,2,0,0.0,0.35714285714285715,-0.14285714285714285,0.0
Draven,Milio,2,0,0.0,0.35714285714285715,-0.14285714285714285,0.0
Vladimir,Twisted Fate,2,0,0.0,0.35714285714285715,-0.14285714285714285,0.0
Zaahen,Dr. Mundo,2,0,0.0,0.35714285714285715,-0.14285714285714285,0.0
Cho'Gath,Viktor,2,0,0.0,0.35714285714285715,-0.14285714285714285,0.0
Cho'Gath,Kalista,2,0,0.0,0.35714285714285715,-0.14285714285714285,0.0
Sett,Nautilus,2,0,0.0,0.35714285714285715,-0.14285714285714285,0.0
Sivir,Kassadin,2,0,0.0,0.35714285714285715,-0.14285714285714285,0.0
Cho'Gath,Dr. Mundo,2,0,0.0,0.35714285714285715,-0.14285714285714285,0.0
Cho'Gath,Lulu,2,0,0.0,0.35714285714285715,-0.14285714285714285,0.0
Cho'Gath,Ryze,2,0,0.0,0.35714285714285715,-0.14285714285714285,0.0
Wukong,Lillia,2,0,0.0,0.35714285714285715,-0.14285714285714285,0.0
Senna,Aatrox,2,0,0.0,0.35714285714285715,-0.14285714285714285,0.0
Xerath,Wukong,2,0,0.0,0.35714285714285715,-0.14285714285714285,0.0
Azir,Soraka,2,0,0.0,0.35714285714285715,-0.14285714285714285,0.0
Maokai,Kog'Maw,2,0,0.0,0.35714285714285715,-0.14285714285714285,0.0
Maokai,Soraka,2,0,0.0,0.35714285714285715,-0.14285714285714285,0.0
Smolder,Samira,2,0,0.0,0.35714285714285715,-0.14285714285714285,0.0
Viego,Leona,2,0,0.0,0.35714285714285715,-0.14285714285714285,0.0
Yuumi,Twisted Fate,2,0,0.0,0.35714285714285715,-0.14285714285714285,0.0
Varus,Xayah,2,0,0.0,0.35714285714285715,-0.14285714285714285,0.0
Corki,Nidalee,2,0,0.0,0.35714285714285715,-0.14285714285714285,0.0
Nami,Nidalee,2,0,0.0,0.35714285714285715,-0.14285714285714285,0.0
Shen,Nocturne,2,0,0.0,0.35714285714285715,-0.14285714285714285,0.0
Shen,Vayne,2,0,0.0,0.35714285714285715,-0.14285714285714285,0.0
Zeri,Bard,2,0,0.0,0.35714285714285715,-0.14285714285714285,0.0
Zeri,Gnar,2,0,0.0,0.35714285714285715,-0.14285714285714285,0.0
Azir,Miss Fortune,2,0,0.0,0.35714285714285715,-0.14285714285714285,0.0
Lee Sin,Poppy,2,0,0.0,0.35714285714285715,-0.14285714285714285,0.0
Rumble,Poppy,2,0,0.0,0.35714285714285715,-0.14285714285714285,0.0
Mel,Vayne,2,0,0.0,0.35714285714285715,-0.14285714285714285,0.0
Zoe,Rumble,2,0,0.0,0.35714285714285715,-0.14285714285714285,0.0
Garen,Bard,2,0,0.0,0.35714285714285715,-0.14285714285714285,0.0
LeBlanc,Ryze,2,0,0.0,0.35714285714285715,-0.14285714285714285,0.0
Graves,Jarvan IV,2,0,0.0,0.35714285714285715,-0.14285714285714285,0.0
Rakan,Yasuo,2,0,0.0,0.35714285714285715,-0.14285714285714285,0.0
Dr. Mundo,Nami,2,0,0.0,0.35714285714285715,-0.14285714285714285,0.0
Fiora,Lulu,2,0,0.0,0.35714285714285715,-0.14285714285714285,0.0
Kayn,Ezreal,2,0,0.0,0.35714285714285715,-0.14285714285714285,0.0
Smolder,Twisted Fate,2,0,0.0,0.35714285714285715,-0.14285714285714285,0.0
Kai'Sa,Kalista,2,0,0.0,0.35714285714285715,-0.14285714285714285,0.0
Yorick,Ashe,2,0,0.0,0.35714285714285715,-0.14285714285714285,0.0
Yorick,Qiyana,2,0,0.0,0.35714285714285715,-0.14285714285714285,0.0
Yorick,Sion,2,0,0.0,0.35714285714285715,-0.14285714285714285,0.0
Renata Glasc,Ambessa,2,0,0.0,0.35714285714285715,-0.14285714285714285,0.0
Alistar,LeBlanc,2,0,0.0,0.35714285714285715,-0.14285714285714285,0.0
Naafiri,Irelia,2,0,0.0,0.35714285714285715,-0.14285714285714285,0.0
Smolder,Irelia,2,0,0.0,0.35714285714285715,-0.14285714285714285,0.0
Jinx,Bard,2,0,0.0,0.35714285714285715,-0.14285714285714285,0.0
Yorick,Smolder,2,0,0.0,0.35714285714285715,-0.14285714285714285,0.0
Zoe,Jayce,2,0,0.0,0.35714285714285715,-0.14285714285714285,0.0
Rek'Sai,Sion,2,0,0.0,0.35714285714285715,-0.14285714285714285,0.0
Zeri,Yone,2,0,0.0,0.35714285714285715,-0.14285714285714285,0.0
Xin Zhao,Kog'Maw,2,0,0.0,0.35714285714285715,-0.14285714285714285,0.0
Hwei,Elise,2,0,0.0,0.35714285714285715,-0.14285714285714285,0.0
Skarner,Elise,2,0,0.0,0.35714285714285715,-0.14285714285714285,0.0
Karma,Kled,2,0,0.0,0.35714285714285715,-0.14285714285714285,0.0
Jhin,Malphite,2,0,0.0,0.35714285714285715,-0.14285714285714285,0.0
Renekton,Renata Glasc,2,0,0.0,0.35714285714285715,-0.14285714285714285,0.0
Malzahar,Akali,2,0,0.0,0.35714285714285715,-0.14285714285714285,0.0
Malzahar,Ambessa,2,0,0.0,0.35714285714285715,-0.14285714285714285,0.0
Malzahar,Sivir,2,0,0.0,0.35714285714285715,-0.14285714285714285,0.0
Vladimir,Varus,2,0,0.0,0.35714285714285715,-0.14285714285714285,0.0
Kha'Zix,Caitlyn,2,0,0.0,0.35714285714285715,-0.14285714285714285,0.0
Yone,Caitlyn,2,0,0.0,0.35714285714285715,-0.14285714285714285,0.0
Rakan,Kog'Maw,2,0,0.0,0.35714285714285715,-0.14285714285714285,0.0
Shen,Ahri,2,0,0.0,0.35714285714285715,-0.14285714285714285,0.0
Lulu,Kassadin,2,0,0.0,0.35714285714285715,-0.14285714285714285,0.0
Vi,Tahm Kench,2,0,0.0,0.35714285714285715,-0.14285714285714285,0.0
Braum,Akali,2,0,0.0,0.35714285714285715,-0.14285714285714285,0.0
Jinx,Naafiri,2,0,0.0,0.35714285714285715,-0.14285714285714285,0.0
Viego,Kai'Sa,2,0,0.0,0.35714285714285715,-0.14285714285714285,0.0
Dr. Mundo,Alistar,2,0,0.0,0.35714285714285715,-0.14285714285714285,0.0
Rakan,Mel,2,0,0.0,0.35714285714285715,-0.14285714285714285,0.0
Sion,Vel'Koz,2,0,0.0,0.35714285714285715,-0.14285714285714285,0.0
Kayn,Aurora,2,0,0.0,0.35714285714285715,-0.14285714285714285,0.0
Smolder,Braum,2,0,0.0,0.35714285714285715,-0.14285714285714285,0.0
Ryze,Zac,2,0,0.0,0.35714285714285715,-0.14285714285714285,0.0
Sion,Zac,2,0,0.0,0.35714285714285715,-0.14285714285714285,0.0
Shen,Kai'Sa,2,0,0.0,0.35714285714285715,-0.14285714285714285,0.0
Jarvan IV,Trundle,2,0,0.0,0.35714285714285715,-0.14285714285714285,0.0
Kai'Sa,Brand,2,0,0.0,0.35714285714285715,-0.14285714285714285,0.0
Vi,Malphite,2,0,0.0,0.35714285714285715,-0.14285714285714285,0.0
LeBlanc,Aurelion Sol,2,0,0.0,0.35714285714285715,-0.14285714285714285,0.0
Olaf,Lucian,2,0,0.0,0.35714285714285715,-0.14285714285714285,0.0
Olaf,Milio,2,0,0.0,0.35714285714285715,-0.14285714285714285,0.0
Yone,Kai'Sa,2,0,0.0,0.35714285714285715,-0.14285714285714285,0.0
Shyvana,Seraphine,2,0,0.0,0.35714285714285715,-0.14285714285714285,0.0
Galio,Kalista,2,0,0.0,0.35714285714285715,-0.14285714285714285,0.0
Jarvan IV,Renata Glasc,2,0,0.0,0.35714285714285715,-0.14285714285714285,0.0
Smolder,Gragas,2,0,0.0,0.35714285714285715,-0.14285714285714285,0.0
Akali,Irelia,2,0,0.0,0.35714285714285715,-0.14285714285714285,0.0
Akali,Lillia,2,0,0.0,0.35714285714285715,-0.14285714285714285,0.0
Thresh,Trundle,2,0,0.0,0.35714285714285715,-0.14285714285714285,0.0
Thresh,Vi,2,0,0.0,0.35714285714285715,-0.14285714285714285,0.0
Thresh,Viktor,2,0,0.0,0.35714285714285715,-0.14285714285714285,0.0
Yunara,Sivir,2,0,0.0,0.35714285714285715,-0.14285714285714285,0.0
Nautilus,Ivern,2,0,0.0,0.35714285714285715,-0.14285714285714285,0.0
Zoe,Vayne,2,0,0.0,0.35714285714285715,-0.14285714285714285,0.0
Karma,Xerath,2,0,0.0,0.35714285714285715,-0.14285714285714285,0.0
Yone,Neeko,2,0,0.0,0.35714285714285715,-0.14285714285714285,0.0
Leona,Lucian,2,0,0.0,0.35714285714285715,-0.14285714285714285,0.0
Smolder,Lucian,2,0,0.0,0.35714285714285715,-0.14285714285714285,0.0
Azir,Gragas,2,0,0.0,0.35714285714285715,-0.14285714285714285,0.0
Cho'Gath,Akali,2,0,0.0,0.35714285714285715,-0.14285714285714285,0.0
Thresh,Sion,2,0,0.0,0.35714285714285715,-0.14285714285714285,0.0
Taliyah,LeBlanc,2,0,0.0,0.35714285714285715,-0.14285714285714285,0.0
LeBlanc,Anivia,2,0,0.0,0.35714285714285715,-0.14285714285714285,0.0
Dr. Mundo,Sejuani,2,0,0.0,0.35714285714285715,-0.14285714285714285,0.0
Hwei,Twisted Fate,2,0,0.0,0.35714285714285715,-0.14285714285714285,0.0
Rakan,Sylas,2,0,0.0,0.35714285714285715,-0.14285714285714285,0.0
Sejuani,Nocturne,2,0,0.0,0.35714285714285715,-0.14285714285714285,0.0
Camille,Xayah,2,0,0.0,0.35714285714285715,-0.14285714285714285,0.0
K'Sante,Renata Glasc,2,0,0.0,0.35714285714285715,-0.14285714285714285,0.0
Yone,Braum,2,0,0.0,0.35714285714285715,-0.14285714285714285,0.0
Senna,Varus,2,0,0.0,0.35714285714285715,-0.14285714285714285,0.0
Aurora,Shyvana,2,0,0.0,0.35714285714285715,-0.14285714285714285,0.0
K'Sante,Zyra,2,0,0.0,0.35714285714285715,-0.14285714285714285,0.0
Ornn,Olaf,2,0,0.0,0.35714285714285715,-0.14285714285714285,0.0
Yone,Mel,2,0,0.0,0.35714285714285715,-0.14285714285714285,0.0
Poppy,Vladimir,2,0,0.0,0.35714285714285715,-0.14285714285714285,0.0
Vi,Vladimir,2,0,0.0,0.35714285714285715,-0.14285714285714285,0.0
Olaf,Aatrox,2,0,0.0,0.35714285714285715,-0.14285714285714285,0.0
Smolder,Annie,2,0,0.0,0.35714285714285715,-0.14285714285714285,0.0
Anivia,Braum,2,0,0.0,0.35714285714285715,-0.14285714285714285,0.0
Jax,Cassiopeia,2,0,0.0,0.35714285714285715,-0.14285714285714285,0.0
Shyvana,Orianna,2,0,0.0,0.35714285714285715,-0.14285714285714285,0.0
Jhin,Illaoi,2,0,0.0,0.35714285714285715,-0.14285714285714285,0.0
Renekton,Illaoi,2,0,0.0,0.35714285714285715,-0.14285714285714285,0.0
Ahri,Irelia,2,0,0.0,0.35714285714285715,-0.14285714285714285,0.0
Gnar,Lux,2,0,0.0,0.35714285714285715,-0.14285714285714285,0.0
Pantheon,Lux,2,0,0.0,0.35714285714285715,-0.14285714285714285,0.0
Kled,Lucian,2,0,0.0,0.35714285714285715,-0.14285714285714285,0.0
Qiyana,K'Sante,2,0,0.0,0.35714285714285715,-0.14285714285714285,0.0
Mordekaiser,Naafiri,2,0,0.0,0.35714285714285715,-0.14285714285714285,0.0
Viego,Ashe,2,0,0.0,0.35714285714285715,-0.14285714285714285,0.0
Braum,Nocturne,2,0,0.0,0.35714285714285715,-0.14285714285714285,0.0
Illaoi,Miss Fortune,2,0,0.0,0.35714285714285715,-0.14285714285714285,0.0
Kassadin,Nocturne,2,0,0.0,0.35714285714285715,-0.14285714285714285,0.0
Smolder,Miss Fortune,2,0,0.0,0.35714285714285715,-0.14285714285714285,0.0
Zaahen,Yuumi,2,0,0.0,0.35714285714285715,-0.14285714285714285,0.0
Yasuo,Seraphine,2,0,0.0,0.35714285714285715,-0.14285714285714285,0.0
Camille,Annie,2,0,0.0,0.35714285714285715,-0.14285714285714285,0.0
Alistar,Soraka,2,0,0.0,0.35714285714285715,-0.14285714285714285,0.0
Elise,Naafiri,2,0,0.0,0.35714285714285715,-0.14285714285714285,0.0
Zed,Kai'Sa,2,0,0.0,0.35714285714285715,-0.14285714285714285,0.0
Aurora,Zeri,2,0,0.0,0.35714285714285715,-0.14285714285714285,0.0
Ahri,Nasus,2,0,0.0,0.35714285714285715,-0.14285714285714285,0.0
Yunara,Nasus,2,0,0.0,0.35714285714285715,-0.14285714285714285,0.0
Nautilus,Renata Glasc,2,0,0.0,0.35714285714285715,-0.14285714285714285,0.0
Sylas,Skarner,2,0,0.0,0.35714285714285715,-0.14285714285714285,0.0
Sylas,Taliyah,2,0,0.0,0.35714285714285715,-0.14285714285714285,0.0
Cassiopeia,Shen,2,0,0.0,0.35714285714285715,-0.14285714285714285,0.0
Miss Fortune,Shen,2,0,0.0,0.35714285714285715,-0.14285714285714285,0.0
Nautilus,Shen,2,0,0.0,0.35714285714285715,-0.14285714285714285,0.0
Malphite,Lux,2,0,0.0,0.35714285714285715,-0.14285714285714285,0.0
Jarvan IV,Yuumi,2,0,0.0,0.35714285714285715,-0.14285714285714285,0.0
LeBlanc,Yuumi,2,0,0.0,0.35714285714285715,-0.14285714285714285,0.0
Kennen,Aurora,2,0,0.0,0.35714285714285715,-0.14285714285714285,0.0
Mel,Leona,2,0,0.0,0.35714285714285715,-0.14285714285714285,0.0
Smolder,Sylas,2,0,0.0,0.35714285714285715,-0.14285714285714285,0.0
Volibear,Taliyah,2,0,0.0,0.35714285714285715,-0.14285714285714285,0.0
Dr. Mundo,Kai'Sa,2,0,0.0,0.35714285714285715,-0.14285714285714285,0.0
Nautilus,Lillia,2,0,0.0,0.35714285714285715,-0.14285714285714285,0.0
Zoe,Lulu,2,0,0.0,0.35714285714285715,-0.14285714285714285,0.0
Camille,Hwei,2,0,0.0,0.35714285714285715,-0.14285714285714285,0.0
Blitzcrank,Aphelios,2,0,0.0,0.35714285714285715,-0.14285714285714285,0.0
Sylas,Rell,2,0,0.0,0.35714285714285715,-0.14285714285714285,0.0
Zed,Jarvan IV,2,0,0.0,0.35714285714285715,-0.14285714285714285,0.0
Aatrox,Volibear,2,0,0.0,0.35714285714285715,-0.14285714285714285,0.0
Caitlyn,Volibear,2,0,0.0,0.35714285714285715,-0.14285714285714285,0.0
Jarvan IV,Jinx,2,0,0.0,0.35714285714285715,-0.14285714285714285,0.0
Ryze,Poppy,2,0,0.0,0.35714285714285715,-0.14285714285714285,0.0
Kayn,K'Sante,2,0,0.0,0.35714285714285715,-0.14285714285714285,0.0
Qiyana,Rek'Sai,2,0,0.0,0.35714285714285715,-0.14285714285714285,0.0
Varus,Rek'Sai,2,0,0.0,0.35714285714285715,-0.14285714285714285,0.0
Ambessa,Thresh,2,0,0.0,0.35714285714285715,-0.14285714285714285,0.0
Yuumi,Annie,2,0,0.0,0.35714285714285715,-0.14285714285714285,0.0
Nocturne,Vayne,2,0,0.0,0.35714285714285715,-0.14285714285714285,0.0
Lee Sin,Shen,2,0,0.0,0.35714285714285715,-0.14285714285714285,0.0
Neeko,Cho'Gath,2,0,0.0,0.35714285714285715,-0.14285714285714285,0.0
Jarvan IV,Kennen,2,0,0.0,0.35714285714285715,-0.14285714285714285,0.0
Lux,Zaahen,2,0,0.0,0.35714285714285715,-0.14285714285714285,0.0
Poppy,Jhin,2,0,0.0,0.35714285714285715,-0.14285714285714285,0.0
Irelia,Varus,2,0,0.0,0.35714285714285715,-0.14285714285714285,0.0
Smolder,Milio,2,0,0.0,0.35714285714285715,-0.14285714285714285,0.0
Kennen,Olaf,2,0,0.0,0.35714285714285715,-0.14285714285714285,0.0
Yasuo,Akali,2,0,0.0,0.35714285714285715,-0.14285714285714285,0.0
Hwei,Mel,2,0,0.0,0.35714285714285715,-0.14285714285714285,0.0
Leona,Taliyah,2,0,0.0,0.35714285714285715,-0.14285714285714285,0.0
Cho'Gath,Corki,2,0,0.0,0.35714285714285715,-0.14285714285714285,0.0
Cho'Gath,Nami,2,0,0.0,0.35714285714285715,-0.14285714285714285,0.0
Brand,Karma,2,0,0.0,0.35714285714285715,-0.14285714285714285,0.0
Brand,Ryze,2,0,0.0,0.35714285714285715,-0.14285714285714285,0.0
Tristana,Sion,2,0,0.0,0.35714285714285715,-0.14285714285714285,0.0
Darius,Nautilus,2,0,0.0,0.35714285714285715,-0.14285714285714285,0.0
Dr. Mundo,Azir,2,0,0.0,0.35714285714285715,-0.14285714285714285,0.0
Viego,Galio,2,0,0.0,0.35714285714285715,-0.14285714285714285,0.0
Rek'Sai,Cassiopeia,2,0,0.0,0.35714285714285715,-0.14285714285714285,0.0
Brand,Orianna,2,0,0.0,0.35714285714285715,-0.14285714285714285,0.0
Darius,Cassiopeia,2,0,0.0,0.35714285714285715,-0.14285714285714285,0.0
Xin Zhao,Gangplank,2,0,0.0,0.35714285714285715,-0.14285714285714285,0.0
Shyvana,Galio,2,0,0.0,0.35714285714285715,-0.14285714285714285,0.0
Varus,Renata Glasc,2,0,0.0,0.35714285714285715,-0.14285714285714285,0.0
Viego,Blitzcrank,2,0,0.0,0.35714285714285715,-0.14285714285714285,0.0
Alistar,Malphite,2,0,0.0,0.35714285714285715,-0.14285714285714285,0.0
Seraphine,Aphelios,2,0,0.0,0.35714285714285715,-0.14285714285714285,0.0
Xin Zhao,Aphelios,2,0,0.0,0.35714285714285715,-0.14285714285714285,0.0
Kennen,Ashe,2,0,0.0,0.35714285714285715,-0.14285714285714285,0.0
Jinx,Ezreal,2,0,0.0,0.35714285714285715,-0.14285714285714285,0.0
Jinx,Viktor,2,0,0.0,0.35714285714285715,-0.14285714285714285,0.0
Vi,Fiora,2,0,0.0,0.35714285714285715,-0.14285714285714285,0.0
Morgana,Leona,2,0,0.0,0.35714285714285715,-0.14285714285714285,0.0
Leona,Thresh,2,0,0.0,0.35714285714285715,-0.14285714285714285,0.0
Thresh,Nautilus,2,0,0.0,0.35714285714285715,-0.14285714285714285,0.0
Miss Fortune,Shyvana,2,0,0.0,0.35714285714285715,-0.14285714285714285,0.0
Braum,Rakan,2,0,0.0,0.35714285714285715,-0.14285714285714285,0.0
Xerath,Varus,2,0,0.0,0.35714285714285715,-0.14285714285714285,0.0
Braum,Olaf,2,0,0.0,0.35714285714285715,-0.14285714285714285,0.0
Darius,Sivir,2,0,0.0,0.35714285714285715,-0.14285714285714285,0.0
Darius,Trundle,2,0,0.0,0.35714285714285715,-0.14285714285714285,0.0
Veigar,Sivir,2,0,0.0,0.35714285714285715,-0.14285714285714285,0.0
Veigar,Vayne,2,0,0.0,0.35714285714285715,-0.14285714285714285,0.0
Camille,Rakan,2,0,0.0,0.35714285714285715,-0.14285714285714285,0.0
Ashe,Rek'Sai,2,0,0.0,0.35714285714285715,-0.14285714285714285,0.0
Wukong,Lux,2,0,0.0,0.35714285714285715,-0.14285714285714285,0.0
Gragas,Neeko,2,0,0.0,0.35714285714285715,-0.14285714285714285,0.0
Ornn,Kha'Zix,2,0,0.0,0.35714285714285715,-0.14285714285714285,0.0
Zeri,Taliyah,2,0,0.0,0.35714285714285715,-0.14285714285714285,0.0
Gnar,Qiyana,2,0,0.0,0.35714285714285715,-0.14285714285714285,0.0
Sejuani,Karma,2,0,0.0,0.35714285714285715,-0.14285714285714285,0.0
Sejuani,Ornn,2,0,0.0,0.35714285714285715,-0.14285714285714285,0.0
Kog'Maw,Naafiri,2,0,0.0,0.35714285714285715,-0.14285714285714285,0.0
Bel'Veth,Sion,2,0,0.0,0.35714285714285715,-0.14285714285714285,0.0
Fiora,Sion,2,0,0.0,0.35714285714285715,-0.14285714285714285,0.0
Camille,Alistar,2,0,0.0,0.35714285714285715,-0.14285714285714285,0.0
Camille,Aurora,2,0,0.0,0.35714285714285715,-0.14285714285714285,0.0
Elise,Wukong,2,0,0.0,0.35714285714285715,-0.14285714285714285,0.0
Morgana,Hwei,2,0,0.0,0.35714285714285715,-0.14285714285714285,0.0
Trundle,Viego,2,0,0.0,0.35714285714285715,-0.14285714285714285,0.0
Zoe,Yorick,2,0,0.0,0.35714285714285715,-0.14285714285714285,0.0
Azir,Malphite,2,0,0.0,0.35714285714285715,-0.14285714285714285,0.0
Lulu,Gragas,2,0,0.0,0.35714285714285715,-0.14285714285714285,0.0
Tristana,Gwen,2,0,0.0,0.35714285714285715,-0.14285714285714285,0.0
Tristana,Seraphine,2,0,0.0,0.35714285714285715,-0.14285714285714285,0.0
Fizz,Xin Zhao,2,0,0.0,0.35714285714285715,-0.14285714285714285,0.0
Maokai,Nocturne,2,0,0.0,0.35714285714285715,-0.14285714285714285,0.0
Malphite,Ornn,2,0,0.0,0.35714285714285715,-0.14285714285714285,0.0
LeBlanc,Trundle,2,0,0.0,0.35714285714285715,-0.14285714285714285,0.0
Sejuani,Trundle,2,0,0.0,0.35714285714285715,-0.14285714285714285,0.0
Draven,Renekton,2,0,0.0,0.35714285714285715,-0.14285714285714285,0.0
Sylas,Tristana,2,0,0.0,0.35714285714285715,-0.14285714285714285,0.0
Braum,Syndra,2,0,0.0,0.35714285714285715,-0.14285714285714285,0.0
Kindred,LeBlanc,2,0,0.0,0.35714285714285715,-0.14285714285714285,0.0
Kindred,Nautilus,2,0,0.0,0.35714285714285715,-0.14285714285714285,0.0
Hwei,Nasus,2,0,0.0,0.35714285714285715,-0.14285714285714285,0.0
Vladimir,Caitlyn,2,0,0.0,0.35714285714285715,-0.14285714285714285,0.0
Ahri,Veigar,2,0,0.0,0.35714285714285715,-0.14285714285714285,0.0
Yunara,Draven,2,0,0.0,0.35714285714285715,-0.14285714285714285,0.0
Naafiri,Janna,2,0,0.0,0.35714285714285715,-0.14285714285714285,0.0
Braum,Malphite,2,0,0.0,0.35714285714285715,-0.14285714285714285,0.0
Tristana,Viktor,2,0,0.0,0.35714285714285715,-0.14285714285714285,0.0
Qiyana,Cassiopeia,2,0,0.0,0.35714285714285715,-0.14285714285714285,0.0
Skarner,Zaahen,2,0,0.0,0.35714285714285715,-0.14285714285714285,0.0
Maokai,Kai'Sa,2,0,0.0,0.35714285714285715,-0.14285714285714285,0.0
Rell,Amumu,2,0,0.0,0.35714285714285715,-0.14285714285714285,0.0
Karthus,Gwen,2,0,0.0,0.35714285714285715,-0.14285714285714285,0.0
Maokai,Cho'Gath,2,0,0.0,0.35714285714285715,-0.14285714285714285,0.0
Kayle,Nautilus,2,0,0.0,0.35714285714285715,-0.14285714285714285,0.0
Nasus,Yuumi,2,0,0.0,0.35714285714285715,-0.14285714285714285,0.0
Nautilus,Yuumi,2,0,0.0,0.35714285714285715,-0.14285714285714285,0.0
Gwen,Twisted Fate,2,0,0.0,0.35714285714285715,-0.14285714285714285,0.0
Bard,Urgot,2,0,0.0,0.35714285714285715,-0.14285714285714285,0.0
Xin Zhao,Urgot,2,0,0.0,0.35714285714285715,-0.14285714285714285,0.0
Jinx,Varus,2,0,0.0,0.35714285714285715,-0.14285714285714285,0.0
Garen,K'Sante,2,0,0.0,0.35714285714285715,-0.14285714285714285,0.0
Tristana,Yuumi,2,0,0.0,0.35714285714285715,-0.14285714285714285,0.0
Leona,Jarvan IV,2,0,0.0,0.35714285714285715,-0.14285714285714285,0.0
Zeri,Galio,2,0,0.0,0.35714285714285715,-0.14285714285714285,0.0
Lux,Gragas,2,0,0.0,0.35714285714285715,-0.14285714285714285,0.0
Olaf,Syndra,2,0,0.0,0.35714285714285715,-0.14285714285714285,0.0
Ahri,Kled,2,0,0.0,0.35714285714285715,-0.14285714285714285,0.0
K'Sante,Kled,2,0,0.0,0.35714285714285715,-0.14285714285714285,0.0
Miss Fortune,Malzahar,2,0,0.0,0.35714285714285715,-0.14285714285714285,0.0
Miss Fortune,Veigar,2,0,0.0,0.35714285714285715,-0.14285714285714285,0.0
Naafiri,Malzahar,2,0,0.0,0.35714285714285715,-0.14285714285714285,0.0
Rumble,Irelia,2,0,0.0,0.35714285714285715,-0.14285714285714285,0.0
Rumble,Veigar,2,0,0.0,0.35714285714285715,-0.14285714285714285,0.0
Mordekaiser,Sion,2,0,0.0,0.35714285714285715,-0.14285714285714285,0.0
Skarner,Shyvana,2,0,0.0,0.35714285714285715,-0.14285714285714285,0.0
Yunara,Shyvana,2,0,0.0,0.35714285714285715,-0.14285714285714285,0.0
Miss Fortune,Xayah,2,0,0.0,0.35714285714285715,-0.14285714285714285,0.0
Tahm Kench,Karma,2,0,0.0,0.35714285714285715,-0.14285714285714285,0.0
Yorick,Zaahen,2,0,0.0,0.35714285714285715,-0.14285714285714285,0.0
Camille,Milio,2,0,0.0,0.35714285714285715,-0.14285714285714285,0.0
Gwen,Amumu,2,0,0.0,0.35714285714285715,-0.14285714285714285,0.0
Maokai,Ornn,2,0,0.0,0.35714285714285715,-0.14285714285714285,0.0
Mel,Amumu,2,0,0.0,0.35714285714285715,-0.14285714285714285,0.0
Ziggs,Nocturne,2,0,0.0,0.35714285714285715,-0.14285714285714285,0.0
Jayce,Kha'Zix,2,0,0.0,0.35714285714285715,-0.14285714285714285,0.0
Volibear,Milio,2,0,0.0,0.35714285714285715,-0.14285714285714285,0.0
Malzahar,Seraphine,2,0,0.0,0.35714285714285715,-0.14285714285714285,0.0
Malzahar,Viktor,2,0,0.0,0.35714285714285715,-0.14285714285714285,0.0
Lissandra,Bard,2,0,0.0,0.35714285714285715,-0.14285714285714285,0.0
Lissandra,Caitlyn,2,0,0.0,0.35714285714285715,-0.14285714285714285,0.0
Kai'Sa,Yorick,2,0,0.0,0.35714285714285715,-0.14285714285714285,0.0
Yone,Shen,2,0,0.0,0.35714285714285715,-0.14285714285714285,0.0
Renata Glasc,Alistar,2,0,0.0,0.35714285714285715,-0.14285714285714285,0.0
Mordekaiser,Zeri,2,0,0.0,0.35714285714285715,-0.14285714285714285,0.0
Malphite,Ezreal,2,0,0.0,0.35714285714285715,-0.14285714285714285,0.0
Shyvana,Mel,2,0,0.0,0.35714285714285715,-0.14285714285714285,0.0
Yunara,Zyra,2,0,0.0,0.35714285714285715,-0.14285714285714285,0.0
Veigar,Orianna,2,0,0.0,0.35714285714285715,-0.14285714285714285,0.0
Karma,Nasus,2,0,0.0,0.35714285714285715,-0.14285714285714285,0.0
Rek'Sai,Rakan,2,0,0.0,0.35714285714285715,-0.14285714285714285,0.0
Rek'Sai,Xayah,2,0,0.0,0.35714285714285715,-0.14285714285714285,0.0
Thresh,Rakan,2,0,0.0,0.35714285714285715,-0.14285714285714285,0.0
K'Sante,Nidalee,2,0,0.0,0.35714285714285715,-0.14285714285714285,0.0
Volibear,Annie,2,0,0.0,0.35714285714285715,-0.14285714285714285,0.0
Sion,Lillia,2,0,0.0,0.35714285714285715,-0.14285714285714285,0.0
Anivia,Xerath,2,0,0.0,0.35714285714285715,-0.14285714285714285,0.0
Irelia,Neeko,2,0,0.0,0.35714285714285715,-0.14285714285714285,0.0
Ornn,Braum,2,0,0.0,0.35714285714285715,-0.14285714285714285,0.0
Skarner,Braum,2,0,0.0,0.35714285714285715,-0.14285714285714285,0.0
Tristana,Nocturne,2,0,0.0,0.35714285714285715,-0.14285714285714285,0.0
Veigar,Amumu,2,0,0.0,0.35714285714285715,-0.14285714285714285,0.0
Kog'Maw,Ahri,2,0,0.0,0.35714285714285715,-0.14285714285714285,0.0
Kog'Maw,K'Sante,2,0,0.0,0.35714285714285715,-0.14285714285714285,0.0
Viktor,Hecarim,2,0,0.0,0.35714285714285715,-0.14285714285714285,0.0
Lee Sin,Maokai,2,0,0.0,0.35714285714285715,-0.14285714285714285,0.0
Rek'Sai,Ezreal,2,0,0.0,0.35714285714285715,-0.14285714285714285,0.0
Kalista,Annie,2,0,0.0,0.35714285714285715,-0.14285714285714285,0.0
Ambessa,Irelia,2,0,0.0,0.35714285714285715,-0.14285714285714285,0.0
Jinx,Ashe,2,0,0.0,0.35714285714285715,-0.14285714285714285,0.0
Jarvan IV,Nidalee,2,0,0.0,0.35714285714285715,-0.14285714285714285,0.0
LeBlanc,Aphelios,2,0,0.0,0.35714285714285715,-0.14285714285714285,0.0
Nocturne,Volibear,2,0,0.0,0.35714285714285715,-0.14285714285714285,0.0
Ahri,Amumu,2,0,0.0,0.35714285714285715,-0.14285714285714285,0.0
Shen,Amumu,2,0,0.0,0.35714285714285715,-0.14285714285714285,0.0
Fiora,Aatrox,2,0,0.0,0.35714285714285715,-0.14285714285714285,0.0
Fiora,Orianna,2,0,0.0,0.35714285714285715,-0.14285714285714285,0.0
Lulu,Yasuo,2,0,0.0,0.35714285714285715,-0.14285714285714285,0.0
Skarner,Yasuo,2,0,0.0,0.35714285714285715,-0.14285714285714285,0.0
Syndra,Zyra,2,0,0.0,0.35714285714285715,-0.14285714285714285,0.0
Ahri,Mordekaiser,2,0,0.0,0.35714285714285715,-0.14285714285714285,0.0
Brand,Seraphine,2,0,0.0,0.35714285714285715,-0.14285714285714285,0.0
Fizz,Lulu,2,0,0.0,0.35714285714285715,-0.14285714285714285,0.0
Ambessa,Xerath,2,0,0.0,0.35714285714285715,-0.14285714285714285,0.0
Azir,Veigar,2,0,0.0,0.35714285714285715,-0.14285714285714285,0.0
Ambessa,Nasus,2,0,0.0,0.35714285714285715,-0.14285714285714285,0.0
Ambessa,Draven,2,0,0.0,0.35714285714285715,-0.14285714285714285,0.0
Sejuani,Caitlyn,2,0,0.0,0.35714285714285715,-0.14285714285714285,0.0
Tristana,Caitlyn,2,0,0.0,0.35714285714285715,-0.14285714285714285,0.0
Yorick,Ornn,2,0,0.0,0.35714285714285715,-0.14285714285714285,0.0
Zyra,Jayce,2,0,0.0,0.35714285714285715,-0.14285714285714285,0.0
Zyra,Miss Fortune,2,0,0.0,0.35714285714285715,-0.14285714285714285,0.0
Zyra,Rumble,2,0,0.0,0.35714285714285715,-0.14285714285714285,0.0
Ambessa,Yuumi,2,0,0.0,0.35714285714285715,-0.14285714285714285,0.0
Viego,Aatrox,2,0,0.0,0.35714285714285715,-0.14285714285714285,0.0
Yuumi,Poppy,2,0,0.0,0.35714285714285715,-0.14285714285714285,0.0
Zeri,Poppy,2,0,0.0,0.35714285714285715,-0.14285714285714285,0.0
Zeri,Ziggs,2,0,0.0,0.35714285714285715,-0.14285714285714285,0.0
Dr. Mundo,Aatrox,2,0,0.0,0.35714285714285715,-0.14285714285714285,0.0
Shyvana,K'Sante,2,0,0.0,0.35714285714285715,-0.14285714285714285,0.0
Shyvana,Nocturne,2,0,0.0,0.35714285714285715,-0.14285714285714285,0.0
Brand,Varus,2,0,0.0,0.35714285714285715,-0.14285714285714285,0.0
Gragas,Seraphine,2,0,0.0,0.35714285714285715,-0.14285714285714285,0.0
Rumble,Lux,2,0,0.0,0.35714285714285715,-0.14285714285714285,0.0
Thresh,Maokai,2,0,0.0,0.35714285714285715,-0.14285714285714285,0.0
Syndra,Thresh,2,0,0.0,0.35714285714285715,-0.14285714285714285,0.0
Aphelios,Ashe,2,0,0.0,0.35714285714285715,-0.14285714285714285,0.0
Rumble,Graves,2,0,0.0,0.35714285714285715,-0.14285714285714285,0.0
Sejuani,Smolder,2,0,0.0,0.35714285714285715,-0.14285714285714285,0.0
Wukong,Shen,2,0,0.0,0.35714285714285715,-0.14285714285714285,0.0
Galio,Yorick,2,0,0.0,0.35714285714285715,-0.14285714285714285,0.0
Kindred,Lulu,2,0,0.0,0.35714285714285715,-0.14285714285714285,0.0
Kindred,Yunara,2,0,0.0,0.35714285714285715,-0.14285714285714285,0.0
Camille,Galio,2,0,0.0,0.35714285714285715,-0.14285714285714285,0.0
Yasuo,Trundle,2,0,0.0,0.35714285714285715,-0.14285714285714285,0.0
Zaahen,Soraka,2,0,0.0,0.35714285714285715,-0.14285714285714285,0.0
Azir,Jinx,2,0,0.0,0.35714285714285715,-0.14285714285714285,0.0
Caitlyn,Kled,2,0,0.0,0.35714285714285715,-0.14285714285714285,0.0
Camille,Sejuani,2,0,0.0,0.35714285714285715,-0.14285714285714285,0.0
Camille,Viktor,2,0,0.0,0.35714285714285715,-0.14285714285714285,0.0
Zeri,Corki,2,0,0.0,0.35714285714285715,-0.14285714285714285,0.0
Hwei,Leona,2,0,0.0,0.35714285714285715,-0.14285714285714285,0.0
Maokai,Ziggs,2,0,0.0,0.35714285714285715,-0.14285714285714285,0.0
Karma,Xayah,2,0,0.0,0.35714285714285715,-0.14285714285714285,0.0
Tryndamere,Aurora,2,0,0.0,0.35714285714285715,-0.14285714285714285,0.0
Tryndamere,Karma,2,0,0.0,0.35714285714285715,-0.14285714285714285,0.0
Tryndamere,Skarner,2,0,0.0,0.35714285714285715,-0.14285714285714285,0.0
Qiyana,Nocturne,2,0,0.0,0.35714285714285715,-0.14285714285714285,0.0
Mel,Jax,2,0,0.0,0.35714285714285715,-0.14285714285714285,0.0
Xayah,Rakan,2,0,0.0,0.35714285714285715,-0.14285714285714285,0.0
Smolder,Malphite,2,0,0.0,0.35714285714285715,-0.14285714285714285,0.0
Bard,Irelia,2,0,0.0,0.35714285714285715,-0.14285714285714285,0.0
Senna,Mel,2,0,0.0,0.35714285714285715,-0.14285714285714285,0.0
Twisted Fate,Xayah,2,0,0.0,0.35714285714285715,-0.14285714285714285,0.0
Yunara,Kha'Zix,2,0,0.0,0.35714285714285715,-0.14285714285714285,0.0
Kai'Sa,Nasus,2,0,0.0,0.35714285714285715,-0.14285714285714285,0.0
Zed,Renekton,2,0,0.0,0.35714285714285715,-0.14285714285714285,0.0
Azir,Darius,2,0,0.0,0.35714285714285715,-0.14285714285714285,0.0
Nocturne,Kennen,2,0,0.0,0.35714285714285715,-0.14285714285714285,0.0
Camille,Malzahar,2,0,0.0,0.35714285714285715,-0.14285714285714285,0.0
Xin Zhao,Lissandra,2,0,0.0,0.35714285714285715,-0.14285714285714285,0.0
Yorick,Miss Fortune,2,0,0.0,0.35714285714285715,-0.14285714285714285,0.0
Ivern,Lucian,2,0,0.0,0.35714285714285715,-0.14285714285714285,0.0
Ivern,Milio,2,0,0.0,0.35714285714285715,-0.14285714285714285,0.0
Kog'Maw,Jax,2,0,0.0,0.35714285714285715,-0.14285714285714285,0.0
Fiora,Varus,2,0,0.0,0.35714285714285715,-0.14285714285714285,0.0
Ziggs,Olaf,2,0,0.0,0.35714285714285715,-0.14285714285714285,0.0
Shen,Gnar,2,0,0.0,0.35714285714285715,-0.14285714285714285,0.0
Camille,Olaf,2,0,0.0,0.35714285714285715,-0.14285714285714285,0.0
Miss Fortune,Olaf,2,0,0.0,0.35714285714285715,-0.14285714285714285,0.0
Pyke,Kai'Sa,2,0,0.0,0.35714285714285715,-0.14285714285714285,0.0
Lux,Renekton,2,0,0.0,0.35714285714285715,-0.14285714285714285,0.0
Nautilus,Yasuo,2,0,0.0,0.35714285714285715,-0.14285714285714285,0.0
Zyra,Yone,2,0,0.0,0.35714285714285715,-0.14285714285714285,0.0
Cho'Gath,Renekton,2,0,0.0,0.35714285714285715,-0.14285714285714285,0.0
Tristana,Jinx,2,0,0.0,0.35714285714285715,-0.14285714285714285,0.0
K'Sante,Zoe,2,0,0.0,0.35714285714285715,-0.14285714285714285,0.0
Viego,Rengar,2,0,0.0,0.35714285714285715,-0.14285714285714285,0.0
Viego,Varus,2,0,0.0,0.35714285714285715,-0.14285714285714285,0.0
Aphelios,Ezreal,2,0,0.0,0.35714285714285715,-0.14285714285714285,0.0
Jayce,Ashe,47,16,0.3404255319148936,0.3557692307692308,-0.14423076923076922,0.0
Nautilus,Bard,33,11,0.3333333333333333,0.35526315789473684,-0.14473684210526316,0.0
Milio,Rumble,33,11,0.3333333333333333,0.35526315789473684,-0.14473684210526316,0.0
Ahri,Ashe,19,6,0.3157894736842105,0.3541666666666667,-0.14583333333333331,0.0
Yunara,Nautilus,19,6,0.3157894736842105,0.3541666666666667,-0.14583333333333331,0.0
Wukong,Ornn,19,6,0.3157894736842105,0.3541666666666667,-0.14583333333333331,0.0
Aurora,Akali,19,6,0.3157894736842105,0.3541666666666667,-0.14583333333333331,0.0
Ambessa,Gnar,22,7,0.3181818181818182,0.35185185185185186,-0.14814814814814814,0.0
Varus,Naafiri,22,7,0.3181818181818182,0.35185185185185186,-0.14814814814814814,0.0
Bard,Anivia,22,7,0.3181818181818182,0.35185185185185186,-0.14814814814814814,0.0
Viktor,Ashe,22,7,0.3181818181818182,0.35185185185185186,-0.14814814814814814,0.0
Ahri,Ryze,22,7,0.3181818181818182,0.35185185185185186,-0.14814814814814814,0.0
Jhin,Bard,42,14,0.3333333333333333,0.35106382978723405,-0.14893617021276595,0.0
Milio,Jarvan IV,45,15,0.3333333333333333,0.35,-0.15000000000000002,0.0
Xin Zhao,Anivia,25,8,0.32,0.35,-0.15000000000000002,0.0
Viktor,Lulu,25,8,0.32,0.35,-0.15000000000000002,0.0
Lulu,Nautilus,25,8,0.32,0.35,-0.15000000000000002,0.0
Varus,Galio,5,1,0.2,0.35,-0.15000000000000002,0.0
Gwen,Karma,5,1,0.2,0.35,-0.15000000000000002,0.0
Zoe,Neeko,5,1,0.2,0.35,-0.15000000000000002,0.0
Zoe,Trundle,5,1,0.2,0.35,-0.15000000000000002,0.0
Alistar,Galio,5,1,0.2,0.35,-0.15000000000000002,0.0
Mel,Yunara,5,1,0.2,0.35,-0.15000000000000002,0.0
Rell,Jax,5,1,0.2,0.35,-0.15000000000000002,0.0
Syndra,Corki,5,1,0.2,0.35,-0.15000000000000002,0.0
Jayce,Twisted Fate,5,1,0.2,0.35,-0.15000000000000002,0.0
LeBlanc,Sejuani,5,1,0.2,0.35,-0.15000000000000002,0.0
Sion,Sejuani,5,1,0.2,0.35,-0.15000000000000002,0.0
Cassiopeia,Alistar,5,1,0.2,0.35,-0.15000000000000002,0.0
Wukong,Trundle,5,1,0.2,0.35,-0.15000000000000002,0.0
Karma,Sylas,5,1,0.2,0.35,-0.15000000000000002,0.0
Yone,Varus,5,1,0.2,0.35,-0.15000000000000002,0.0
Nami,Shen,5,1,0.2,0.35,-0.15000000000000002,0.0
Orianna,Gwen,5,1,0.2,0.35,-0.15000000000000002,0.0
Maokai,Ryze,5,1,0.2,0.35,-0.15000000000000002,0.0
Cassiopeia,Ziggs,5,1,0.2,0.35,-0.15000000000000002,0.0
Sivir,Gragas,5,1,0.2,0.35,-0.15000000000000002,0.0
Gwen,Anivia,5,1,0.2,0.35,-0.15000000000000002,0.0
Kalista,Karma,5,1,0.2,0.35,-0.15000000000000002,0.0
Pantheon,Olaf,5,1,0.2,0.35,-0.15000000000000002,0.0
Caitlyn,Pyke,5,1,0.2,0.35,-0.15000000000000002,0.0
Azir,Jax,5,1,0.2,0.35,-0.15000000000000002,0.0
Gwen,Milio,5,1,0.2,0.35,-0.15000000000000002,0.0
Akali,Vayne,5,1,0.2,0.35,-0.15000000000000002,0.0
Miss Fortune,Cassiopeia,5,1,0.2,0.35,-0.15000000000000002,0.0
Leona,Nocturne,5,1,0.2,0.35,-0.15000000000000002,0.0
Dr. Mundo,Syndra,5,1,0.2,0.35,-0.15000000000000002,0.0
LeBlanc,Nocturne,5,1,0.2,0.35,-0.15000000000000002,0.0
Gwen,Leona,5,1,0.2,0.35,-0.15000000000000002,0.0
Jinx,Lee Sin,5,1,0.2,0.35,-0.15000000000000002,0.0
Gragas,Akali,5,1,0.2,0.35,-0.15000000000000002,0.0
Corki,Jax,5,1,0.2,0.35,-0.15000000000000002,0.0
Rell,Vi,5,1,0.2,0.35,-0.15000000000000002,0.0
Tristana,Bard,5,1,0.2,0.35,-0.15000000000000002,0.0
Syndra,Annie,5,1,0.2,0.35,-0.15000000000000002,0.0
Zaahen,Galio,5,1,0.2,0.35,-0.15000000000000002,0.0
Smolder,K'Sante,5,1,0.2,0.35,-0.15000000000000002,0.0
Ziggs,Bard,5,1,0.2,0.35,-0.15000000000000002,0.0
Rek'Sai,Jhin,5,1,0.2,0.35,-0.15000000000000002,0.0
Cho'Gath,Ornn,5,1,0.2,0.35,-0.15000000000000002,0.0
Sion,Kalista,5,1,0.2,0.35,-0.15000000000000002,0.0
Milio,Skarner,5,1,0.2,0.35,-0.15000000000000002,0.0
Azir,Kog'Maw,5,1,0.2,0.35,-0.15000000000000002,0.0
K'Sante,Olaf,5,1,0.2,0.35,-0.15000000000000002,0.0
Viktor,Qiyana,5,1,0.2,0.35,-0.15000000000000002,0.0
Yuumi,Ahri,5,1,0.2,0.35,-0.15000000000000002,0.0
Orianna,Miss Fortune,5,1,0.2,0.35,-0.15000000000000002,0.0
Brand,Xin Zhao,5,1,0.2,0.35,-0.15000000000000002,0.0
Maokai,Anivia,5,1,0.2,0.35,-0.15000000000000002,0.0
Yuumi,Corki,5,1,0.2,0.35,-0.15000000000000002,0.0
Yone,Ornn,5,1,0.2,0.35,-0.15000000000000002,0.0
Azir,Shen,5,1,0.2,0.35,-0.15000000000000002,0.0
Vi,Dr. Mundo,5,1,0.2,0.35,-0.15000000000000002,0.0
Smolder,LeBlanc,5,1,0.2,0.35,-0.15000000000000002,0.0
Jayce,Braum,5,1,0.2,0.35,-0.15000000000000002,0.0
Yorick,Neeko,5,1,0.2,0.35,-0.15000000000000002,0.0
Rek'Sai,Bard,5,1,0.2,0.35,-0.15000000000000002,0.0
Skarner,Yone,5,1,0.2,0.35,-0.15000000000000002,0.0
Maokai,Caitlyn,5,1,0.2,0.35,-0.15000000000000002,0.0
Jinx,Anivia,5,1,0.2,0.35,-0.15000000000000002,0.0
Ambessa,Shen,5,1,0.2,0.35,-0.15000000000000002,0.0
Galio,Twisted Fate,5,1,0.2,0.35,-0.15000000000000002,0.0
Ornn,Annie,5,1,0.2,0.35,-0.15000000000000002,0.0
Naafiri,Senna,5,1,0.2,0.35,-0.15000000000000002,0.0
Braum,Lee Sin,5,1,0.2,0.35,-0.15000000000000002,0.0
Galio,Trundle,5,1,0.2,0.35,-0.15000000000000002,0.0
Malphite,Viktor,5,1,0.2,0.35,-0.15000000000000002,0.0
Senna,Braum,5,1,0.2,0.35,-0.15000000000000002,0.0
Jinx,Rakan,5,1,0.2,0.35,-0.15000000000000002,0.0
Xayah,Smolder,5,1,0.2,0.35,-0.15000000000000002,0.0
Maokai,Corki,5,1,0.2,0.35,-0.15000000000000002,0.0
Syndra,Lucian,5,1,0.2,0.35,-0.15000000000000002,0.0
Orianna,Annie,5,1,0.2,0.35,-0.15000000000000002,0.0
Seraphine,Poppy,5,1,0.2,0.35,-0.15000000000000002,0.0
Jarvan IV,Sejuani,5,1,0.2,0.35,-0.15000000000000002,0.0
Leona,Viktor,5,1,0.2,0.35,-0.15000000000000002,0.0
Camille,Sion,5,1,0.2,0.35,-0.15000000000000002,0.0
Tristana,Ornn,5,1,0.2,0.35,-0.15000000000000002,0.0
Miss Fortune,Ahri,5,1,0.2,0.35,-0.15000000000000002,0.0
Gwen,Rakan,5,1,0.2,0.35,-0.15000000000000002,0.0
Ornn,Cassiopeia,5,1,0.2,0.35,-0.15000000000000002,0.0
Jhin,Shen,5,1,0.2,0.35,-0.15000000000000002,0.0
Ornn,Miss Fortune,5,1,0.2,0.35,-0.15000000000000002,0.0
Ambessa,Ezreal,28,9,0.32142857142857145,0.3484848484848485,-0.1515151515151515,0.0
Milio,Cassiopeia,28,9,0.32142857142857145,0.3484848484848485,-0.1515151515151515,0.0
Renekton,Aurora,28,9,0.32142857142857145,0.3484848484848485,-0.1515151515151515,0.0
Orianna,Bard,31,10,0.3225806451612903,0.3472222222222222,-0.1527777777777778,0.0
Syndra,Sion,8,2,0.25,0.34615384615384615,-0.15384615384615385,0.0
Ambessa,Rakan,8,2,0.25,0.34615384615384615,-0.15384615384615385,0.0
Xayah,Gnar,8,2,0.25,0.34615384615384615,-0.15384615384615385,0.0
Naafiri,Alistar,8,2,0.25,0.34615384615384615,-0.15384615384615385,0.0
Lulu,Galio,8,2,0.25,0.34615384615384615,-0.15384615384615385,0.0
Kai'Sa,Milio,8,2,0.25,0.34615384615384615,-0.15384615384615385,0.0
Ahri,Rell,8,2,0.25,0.34615384615384615,-0.15384615384615385,0.0
LeBlanc,Varus,8,2,0.25,0.34615384615384615,-0.15384615384615385,0.0
Taliyah,Rakan,8,2,0.25,0.34615384615384615,-0.15384615384615385,0.0
Corki,Sejuani,8,2,0.25,0.34615384615384615,-0.15384615384615385,0.0
Ornn,Orianna,8,2,0.25,0.34615384615384615,-0.15384615384615385,0.0
Mel,Renekton,8,2,0.25,0.34615384615384615,-0.15384615384615385,0.0
Yorick,Annie,8,2,0.25,0.34615384615384615,-0.15384615384615385,0.0
Pantheon,Vayne,8,2,0.25,0.34615384615384615,-0.15384615384615385,0.0
Leona,Jayce,8,2,0.25,0.34615384615384615,-0.15384615384615385,0.0
Miss Fortune,Rell,8,2,0.25,0.34615384615384615,-0.15384615384615385,0.0
Sylas,Neeko,8,2,0.25,0.34615384615384615,-0.15384615384615385,0.0
Aatrox,Rumble,8,2,0.25,0.34615384615384615,-0.15384615384615385,0.0
Aatrox,Rell,8,2,0.25,0.34615384615384615,-0.15384615384615385,0.0
Skarner,Aatrox,8,2,0.25,0.34615384615384615,-0.15384615384615385,0.0
Mel,Karma,8,2,0.25,0.34615384615384615,-0.15384615384615385,0.0
Mel,Lee Sin,8,2,0.25,0.34615384615384615,-0.15384615384615385,0.0
Yorick,Cassiopeia,8,2,0.25,0.34615384615384615,-0.15384615384615385,0.0
Twisted Fate,Renekton,8,2,0.25,0.34615384615384615,-0.15384615384615385,0.0
Pyke,Seraphine,8,2,0.25,0.34615384615384615,-0.15384615384615385,0.0
Azir,Seraphine,8,2,0.25,0.34615384615384615,-0.15384615384615385,0.0
Sylas,Lulu,8,2,0.25,0.34615384615384615,-0.15384615384615385,0.0
LeBlanc,Rell,8,2,0.25,0.34615384615384615,-0.15384615384615385,0.0
Ezreal,Shen,8,2,0.25,0.34615384615384615,-0.15384615384615385,0.0
Smolder,Varus,8,2,0.25,0.34615384615384615,-0.15384615384615385,0.0
Orianna,Alistar,8,2,0.25,0.34615384615384615,-0.15384615384615385,0.0
Rell,Nami,8,2,0.25,0.34615384615384615,-0.15384615384615385,0.0
Olaf,Gnar,8,2,0.25,0.34615384615384615,-0.15384615384615385,0.0
Orianna,Akali,40,13,0.325,0.34444444444444444,-0.15555555555555556,0.0
Xayah,Nami,11,3,0.2727272727272727,0.34375,-0.15625,0.0
K'Sante,Anivia,11,3,0.2727272727272727,0.34375,-0.15625,0.0
Jhin,Zaahen,11,3,0.2727272727272727,0.34375,-0.15625,0.0
Yorick,Ezreal,11,3,0.2727272727272727,0.34375,-0.15625,0.0
Nami,Sivir,11,3,0.2727272727272727,0.34375,-0.15625,0.0
Miss Fortune,Milio,11,3,0.2727272727272727,0.34375,-0.15625,0.0
Yunara,Twisted Fate,11,3,0.2727272727272727,0.34375,-0.15625,0.0
Smolder,Ezreal,11,3,0.2727272727272727,0.34375,-0.15625,0.0
Naafiri,Ahri,11,3,0.2727272727272727,0.34375,-0.15625,0.0
Azir,Yunara,11,3,0.2727272727272727,0.34375,-0.15625,0.0
Zaahen,Ryze,11,3,0.2727272727272727,0.34375,-0.15625,0.0
Nautilus,Ahri,11,3,0.2727272727272727,0.34375,-0.15625,0.0
K'Sante,Trundle,14,4,0.2857142857142857,0.34210526315789475,-0.15789473684210525,0.0
Lee Sin,Vi,14,4,0.2857142857142857,0.34210526315789475,-0.15789473684210525,0.0
Mel,Viktor,14,4,0.2857142857142857,0.34210526315789475,-0.15789473684210525,0.0
Renekton,Zaahen,14,4,0.2857142857142857,0.34210526315789475,-0.15789473684210525,0.0
Seraphine,Twisted Fate,14,4,0.2857142857142857,0.34210526315789475,-0.15789473684210525,0.0
Sylas,Viktor,14,4,0.2857142857142857,0.34210526315789475,-0.15789473684210525,0.0
Syndra,Jhin,14,4,0.2857142857142857,0.34210526315789475,-0.15789473684210525,0.0
Rell,Ashe,14,4,0.2857142857142857,0.34210526315789475,-0.15789473684210525,0.0
Azir,Gnar,14,4,0.2857142857142857,0.34210526315789475,-0.15789473684210525,0.0
Jhin,Ahri,14,4,0.2857142857142857,0.34210526315789475,-0.15789473684210525,0.0
Nautilus,Syndra,14,4,0.2857142857142857,0.34210526315789475,-0.15789473684210525,0.0
Wukong,Kai'Sa,17,5,0.29411764705882354,0.3409090909090909,-0.15909090909090912,0.0
Ahri,Seraphine,17,5,0.29411764705882354,0.3409090909090909,-0.15909090909090912,0.0
Annie,Anivia,17,5,0.29411764705882354,0.3409090909090909,-0.15909090909090912,0.0
Ryze,Trundle,17,5,0.29411764705882354,0.3409090909090909,-0.15909090909090912,0.0
Gnar,Malphite,17,5,0.29411764705882354,0.3409090909090909,-0.15909090909090912,0.0
Yunara,Cassiopeia,17,5,0.29411764705882354,0.3409090909090909,-0.15909090909090912,0.0
Vi,Renekton,17,5,0.29411764705882354,0.3409090909090909,-0.15909090909090912,0.0
Jayce,Jarvan IV,20,6,0.3,0.34,-0.15999999999999998,0.0
Jayce,Anivia,20,6,0.3,0.34,-0.15999999999999998,0.0
Renekton,Jarvan IV,20,6,0.3,0.34,-0.15999999999999998,0.0
Nami,Seraphine,23,7,0.30434782608695654,0.3392857142857143,-0.1607142857142857,0.0
Lulu,Neeko,23,7,0.30434782608695654,0.3392857142857143,-0.1607142857142857,0.0
Renekton,Neeko,23,7,0.30434782608695654,0.3392857142857143,-0.1607142857142857,0.0
Azir,Ryze,23,7,0.30434782608695654,0.3392857142857143,-0.1607142857142857,0.0
Renekton,Lee Sin,26,8,0.3076923076923077,0.3387096774193548,-0.16129032258064518,0.0
Xin Zhao,Akali,26,8,0.3076923076923077,0.3387096774193548,-0.16129032258064518,0.0
Aurora,Nocturne,26,8,0.3076923076923077,0.3387096774193548,-0.16129032258064518,0.0
Lulu,Bard,26,8,0.3076923076923077,0.3387096774193548,-0.16129032258064518,0.0
Jayce,Annie,32,10,0.3125,0.33783783783783783,-0.16216216216216217,0.0
Lucian,Caitlyn,42,13,0.30952380952380953,0.32978723404255317,-0.17021276595744683,0.0
Sion,Nocturne,24,7,0.2916666666666667,0.3275862068965517,-0.1724137931034483,0.0
Sion,Ahri,24,7,0.2916666666666667,0.3275862068965517,-0.1724137931034483,0.0
Corki,Ryze,21,6,0.2857142857142857,0.3269230769230769,-0.17307692307692307,0.0
Lulu,Caitlyn,21,6,0.2857142857142857,0.3269230769230769,-0.17307692307692307,0.0
Wukong,Caitlyn,21,6,0.2857142857142857,0.3269230769230769,-0.17307692307692307,0.0
Aurora,Caitlyn,21,6,0.2857142857142857,0.3269230769230769,-0.17307692307692307,0.0
Varus,Gnar,18,5,0.2777777777777778,0.32608695652173914,-0.17391304347826086,0.0
Nautilus,Akali,18,5,0.2777777777777778,0.32608695652173914,-0.17391304347826086,0.0
Yunara,Orianna,18,5,0.2777777777777778,0.32608695652173914,-0.17391304347826086,0.0
Jayce,Viktor,18,5,0.2777777777777778,0.32608695652173914,-0.17391304347826086,0.0
Ornn,Bard,15,4,0.26666666666666666,0.325,-0.175,0.0
Jhin,Twisted Fate,15,4,0.26666666666666666,0.325,-0.175,0.0
Lucian,Xayah,15,4,0.26666666666666666,0.325,-0.175,0.0
Yorick,Rumble,15,4,0.26666666666666666,0.325,-0.175,0.0
Viktor,Aatrox,15,4,0.26666666666666666,0.325,-0.175,0.0
Lulu,Trundle,15,4,0.26666666666666666,0.325,-0.175,0.0
Corki,Seraphine,12,3,0.25,0.3235294117647059,-0.1764705882352941,0.0
Nautilus,Nami,12,3,0.25,0.3235294117647059,-0.1764705882352941,0.0
Ahri,Anivia,12,3,0.25,0.3235294117647059,-0.1764705882352941,0.0
Syndra,Jarvan IV,12,3,0.25,0.3235294117647059,-0.1764705882352941,0.0
Caitlyn,Yorick,12,3,0.25,0.3235294117647059,-0.1764705882352941,0.0
Sivir,Ryze,12,3,0.25,0.3235294117647059,-0.1764705882352941,0.0
Braum,Varus,12,3,0.25,0.3235294117647059,-0.1764705882352941,0.0
Ahri,Corki,12,3,0.25,0.3235294117647059,-0.1764705882352941,0.0
Miss Fortune,Lucian,12,3,0.25,0.3235294117647059,-0.1764705882352941,0.0
Milio,Taliyah,12,3,0.25,0.3235294117647059,-0.1764705882352941,0.0
Mel,Ahri,12,3,0.25,0.3235294117647059,-0.1764705882352941,0.0
Taliyah,Nami,12,3,0.25,0.3235294117647059,-0.1764705882352941,0.0
Miss Fortune,Ezreal,12,3,0.25,0.3235294117647059,-0.1764705882352941,0.0
Orianna,Rakan,12,3,0.25,0.3235294117647059,-0.1764705882352941,0.0
Yunara,Rakan,12,3,0.25,0.3235294117647059,-0.1764705882352941,0.0
Syndra,Cassiopeia,12,3,0.25,0.3235294117647059,-0.1764705882352941,0.0
Renekton,Corki,9,2,0.2222222222222222,0.32142857142857145,-0.17857142857142855,0.0
Ornn,Caitlyn,9,2,0.2222222222222222,0.32142857142857145,-0.17857142857142855,0.0
Mel,K'Sante,9,2,0.2222222222222222,0.32142857142857145,-0.17857142857142855,0.0
Aurora,Alistar,9,2,0.2222222222222222,0.32142857142857145,-0.17857142857142855,0.0
Zeri,Ashe,9,2,0.2222222222222222,0.32142857142857145,-0.17857142857142855,0.0
Ahri,Ziggs,9,2,0.2222222222222222,0.32142857142857145,-0.17857142857142855,0.0
Wukong,Malphite,9,2,0.2222222222222222,0.32142857142857145,-0.17857142857142855,0.0
Lucian,Shen,9,2,0.2222222222222222,0.32142857142857145,-0.17857142857142855,0.0
Leona,Sion,9,2,0.2222222222222222,0.32142857142857145,-0.17857142857142855,0.0
Jax,Milio,9,2,0.2222222222222222,0.32142857142857145,-0.17857142857142855,0.0
Trundle,Neeko,9,2,0.2222222222222222,0.32142857142857145,-0.17857142857142855,0.0
Rumble,Anivia,28,8,0.2857142857142857,0.3181818181818182,-0.18181818181818182,0.0
Renekton,Bard,28,8,0.2857142857142857,0.3181818181818182,-0.18181818181818182,0.0
Gwen,Aatrox,6,1,0.16666666666666666,0.3181818181818182,-0.18181818181818182,0.0
Sylas,Ornn,6,1,0.16666666666666666,0.3181818181818182,-0.18181818181818182,0.0
Jhin,Galio,6,1,0.16666666666666666,0.3181818181818182,-0.18181818181818182,0.0
Zoe,Aurora,6,1,0.16666666666666666,0.3181818181818182,-0.18181818181818182,0.0
Nautilus,Olaf,6,1,0.16666666666666666,0.3181818181818182,-0.18181818181818182,0.0
Ezreal,Gwen,6,1,0.16666666666666666,0.3181818181818182,-0.18181818181818182,0.0
Yorick,Skarner,6,1,0.16666666666666666,0.3181818181818182,-0.18181818181818182,0.0
Zeri,Seraphine,6,1,0.16666666666666666,0.3181818181818182,-0.18181818181818182,0.0
Camille,Ambessa,6,1,0.16666666666666666,0.3181818181818182,-0.18181818181818182,0.0
Leona,Vi,6,1,0.16666666666666666,0.3181818181818182,-0.18181818181818182,0.0
Rell,Galio,6,1,0.16666666666666666,0.3181818181818182,-0.18181818181818182,0.0
Leona,Ahri,6,1,0.16666666666666666,0.3181818181818182,-0.18181818181818182,0.0
Rell,Kai'Sa,6,1,0.16666666666666666,0.3181818181818182,-0.18181818181818182,0.0
Akali,Twisted Fate,6,1,0.16666666666666666,0.3181818181818182,-0.18181818181818182,0.0
Karma,Hwei,6,1,0.16666666666666666,0.3181818181818182,-0.18181818181818182,0.0
Rek'Sai,Nocturne,6,1,0.16666666666666666,0.3181818181818182,-0.18181818181818182,0.0
Twisted Fate,Cassiopeia,6,1,0.16666666666666666,0.3181818181818182,-0.18181818181818182,0.0
Rell,Lulu,6,1,0.16666666666666666,0.3181818181818182,-0.18181818181818182,0.0
Braum,Renekton,6,1,0.16666666666666666,0.3181818181818182,-0.18181818181818182,0.0
Wukong,Zeri,6,1,0.16666666666666666,0.3181818181818182,-0.18181818181818182,0.0
Zaahen,Vayne,6,1,0.16666666666666666,0.3181818181818182,-0.18181818181818182,0.0
Smolder,Renekton,6,1,0.16666666666666666,0.3181818181818182,-0.18181818181818182,0.0
Trundle,Orianna,6,1,0.16666666666666666,0.3181818181818182,-0.18181818181818182,0.0
Aurora,Poppy,6,1,0.16666666666666666,0.3181818181818182,-0.18181818181818182,0.0
Mel,Jhin,6,1,0.16666666666666666,0.3181818181818182,-0.18181818181818182,0.0
Aphelios,Sion,6,1,0.16666666666666666,0.3181818181818182,-0.18181818181818182,0.0
Yunara,Senna,6,1,0.16666666666666666,0.3181818181818182,-0.18181818181818182,0.0
Rell,Rakan,6,1,0.16666666666666666,0.3181818181818182,-0.18181818181818182,0.0
Neeko,Gwen,6,1,0.16666666666666666,0.3181818181818182,-0.18181818181818182,0.0
Olaf,Naafiri,6,1,0.16666666666666666,0.3181818181818182,-0.18181818181818182,0.0
Taliyah,Corki,6,1,0.16666666666666666,0.3181818181818182,-0.18181818181818182,0.0
Ambessa,Senna,6,1,0.16666666666666666,0.3181818181818182,-0.18181818181818182,0.0
Kog'Maw,Cassiopeia,6,1,0.16666666666666666,0.3181818181818182,-0.18181818181818182,0.0
Caitlyn,Alistar,6,1,0.16666666666666666,0.3181818181818182,-0.18181818181818182,0.0
Renekton,Caitlyn,25,7,0.28,0.31666666666666665,-0.18333333333333335,0.0
Jarvan IV,Annie,25,7,0.28,0.31666666666666665,-0.18333333333333335,0.0
Orianna,Karma,25,7,0.28,0.31666666666666665,-0.18333333333333335,0.0
Aurora,Bard,41,12,0.2926829268292683,0.31521739130434784,-0.18478260869565216,0.0
Aurora,Twisted Fate,22,6,0.2727272727272727,0.3148148148148148,-0.18518518518518517,0.0
Neeko,Ahri,22,6,0.2727272727272727,0.3148148148148148,-0.18518518518518517,0.0
Yunara,Caitlyn,22,6,0.2727272727272727,0.3148148148148148,-0.18518518518518517,0.0
Nami,Akali,19,5,0.2631578947368421,0.3125,-0.1875,0.0
Milio,Anivia,19,5,0.2631578947368421,0.3125,-0.1875,0.0
Thresh,Caitlyn,3,0,0.0,0.3125,-0.1875,0.0
LeBlanc,Lulu,3,0,0.0,0.3125,-0.1875,0.0
Ahri,Yasuo,3,0,0.0,0.3125,-0.1875,0.0
Zeri,Anivia,3,0,0.0,0.3125,-0.1875,0.0
Braum,Zoe,3,0,0.0,0.3125,-0.1875,0.0
Taliyah,Kennen,3,0,0.0,0.3125,-0.1875,0.0
Neeko,Jax,3,0,0.0,0.3125,-0.1875,0.0
Xayah,Sejuani,3,0,0.0,0.3125,-0.1875,0.0
Ezreal,Sejuani,3,0,0.0,0.3125,-0.1875,0.0
Rumble,Yone,3,0,0.0,0.3125,-0.1875,0.0
Sejuani,Skarner,3,0,0.0,0.3125,-0.1875,0.0
Vi,Lux,3,0,0.0,0.3125,-0.1875,0.0
Kennen,Vi,3,0,0.0,0.3125,-0.1875,0.0
Ashe,Lillia,3,0,0.0,0.3125,-0.1875,0.0
Camille,Zed,3,0,0.0,0.3125,-0.1875,0.0
Maokai,Lucian,3,0,0.0,0.3125,-0.1875,0.0
Kindred,Kai'Sa,3,0,0.0,0.3125,-0.1875,0.0
Miss Fortune,Hwei,3,0,0.0,0.3125,-0.1875,0.0
Gwen,Sivir,3,0,0.0,0.3125,-0.1875,0.0
Kalista,Nami,3,0,0.0,0.3125,-0.1875,0.0
Ryze,Ziggs,3,0,0.0,0.3125,-0.1875,0.0
Neeko,Kha'Zix,3,0,0.0,0.3125,-0.1875,0.0
Kalista,Akali,3,0,0.0,0.3125,-0.1875,0.0
Orianna,Malphite,3,0,0.0,0.3125,-0.1875,0.0
Renata Glasc,Akali,3,0,0.0,0.3125,-0.1875,0.0
Ornn,Akali,3,0,0.0,0.3125,-0.1875,0.0
Ziggs,Ezreal,3,0,0.0,0.3125,-0.1875,0.0
Kalista,Ezreal,3,0,0.0,0.3125,-0.1875,0.0
Yuumi,Ryze,3,0,0.0,0.3125,-0.1875,0.0
Volibear,Sion,3,0,0.0,0.3125,-0.1875,0.0
Zaahen,Lee Sin,3,0,0.0,0.3125,-0.1875,0.0
Ziggs,Viktor,3,0,0.0,0.3125,-0.1875,0.0
Vladimir,Milio,3,0,0.0,0.3125,-0.1875,0.0
Azir,Olaf,3,0,0.0,0.3125,-0.1875,0.0
Aurelion Sol,Ryze,3,0,0.0,0.3125,-0.1875,0.0
Cho'Gath,Seraphine,3,0,0.0,0.3125,-0.1875,0.0
Mel,Orianna,3,0,0.0,0.3125,-0.1875,0.0
Yasuo,Bard,3,0,0.0,0.3125,-0.1875,0.0
Rek'Sai,Jax,3,0,0.0,0.3125,-0.1875,0.0
Leona,Anivia,3,0,0.0,0.3125,-0.1875,0.0
Annie,Dr. Mundo,3,0,0.0,0.3125,-0.1875,0.0
Rell,Malphite,3,0,0.0,0.3125,-0.1875,0.0
Kennen,Aatrox,3,0,0.0,0.3125,-0.1875,0.0
Milio,Hwei,3,0,0.0,0.3125,-0.1875,0.0
Shen,Caitlyn,3,0,0.0,0.3125,-0.1875,0.0
Azir,Naafiri,3,0,0.0,0.3125,-0.1875,0.0
Leona,Jax,3,0,0.0,0.3125,-0.1875,0.0
Azir,Akali,3,0,0.0,0.3125,-0.1875,0.0
Brand,Ezreal,3,0,0.0,0.3125,-0.1875,0.0
Ryze,Kalista,3,0,0.0,0.3125,-0.1875,0.0
Zed,Corki,3,0,0.0,0.3125,-0.1875,0.0
Rell,Kalista,3,0,0.0,0.3125,-0.1875,0.0
Thresh,Bard,3,0,0.0,0.3125,-0.1875,0.0
Lissandra,Rakan,3,0,0.0,0.3125,-0.1875,0.0
Camille,Ahri,3,0,0.0,0.3125,-0.1875,0.0
Azir,LeBlanc,3,0,0.0,0.3125,-0.1875,0.0
Twisted Fate,Braum,3,0,0.0,0.3125,-0.1875,0.0
Trundle,Gragas,3,0,0.0,0.3125,-0.1875,0.0
Neeko,Zac,3,0,0.0,0.3125,-0.1875,0.0
Shyvana,Ashe,3,0,0.0,0.3125,-0.1875,0.0
Shyvana,Xin Zhao,3,0,0.0,0.3125,-0.1875,0.0
Renekton,Rumble,3,0,0.0,0.3125,-0.1875,0.0
Draven,Nami,3,0,0.0,0.3125,-0.1875,0.0
Braum,Vayne,3,0,0.0,0.3125,-0.1875,0.0
Thresh,Kai'Sa,3,0,0.0,0.3125,-0.1875,0.0
Maokai,Neeko,3,0,0.0,0.3125,-0.1875,0.0
Syndra,LeBlanc,3,0,0.0,0.3125,-0.1875,0.0
Gwen,Rell,3,0,0.0,0.3125,-0.1875,0.0
Twisted Fate,Jinx,3,0,0.0,0.3125,-0.1875,0.0
Brand,Wukong,3,0,0.0,0.3125,-0.1875,0.0
Camille,Wukong,3,0,0.0,0.3125,-0.1875,0.0
Nami,Pyke,3,0,0.0,0.3125,-0.1875,0.0
Sylas,Lee Sin,3,0,0.0,0.3125,-0.1875,0.0
Galio,Kai'Sa,3,0,0.0,0.3125,-0.1875,0.0
Shyvana,Vayne,3,0,0.0,0.3125,-0.1875,0.0
Mordekaiser,Ornn,3,0,0.0,0.3125,-0.1875,0.0
Ezreal,Yuumi,3,0,0.0,0.3125,-0.1875,0.0
Yasuo,Orianna,3,0,0.0,0.3125,-0.1875,0.0
Vi,Nasus,3,0,0.0,0.3125,-0.1875,0.0
Viktor,Lux,3,0,0.0,0.3125,-0.1875,0.0
Zoe,Jarvan IV,3,0,0.0,0.3125,-0.1875,0.0
Corki,Vayne,3,0,0.0,0.3125,-0.1875,0.0
Renekton,Dr. Mundo,3,0,0.0,0.3125,-0.1875,0.0
Renekton,Sylas,3,0,0.0,0.3125,-0.1875,0.0
Sylas,Trundle,3,0,0.0,0.3125,-0.1875,0.0
Tristana,Rakan,3,0,0.0,0.3125,-0.1875,0.0
Darius,Wukong,3,0,0.0,0.3125,-0.1875,0.0
Fiora,Wukong,3,0,0.0,0.3125,-0.1875,0.0
Zyra,Orianna,3,0,0.0,0.3125,-0.1875,0.0
Ashe,Blitzcrank,3,0,0.0,0.3125,-0.1875,0.0
Lissandra,Kai'Sa,3,0,0.0,0.3125,-0.1875,0.0
Aphelios,Nautilus,3,0,0.0,0.3125,-0.1875,0.0
Veigar,Ryze,3,0,0.0,0.3125,-0.1875,0.0
Camille,Sylas,3,0,0.0,0.3125,-0.1875,0.0
Pyke,Aatrox,3,0,0.0,0.3125,-0.1875,0.0
Karma,Lux,3,0,0.0,0.3125,-0.1875,0.0
Gragas,Nocturne,3,0,0.0,0.3125,-0.1875,0.0
Kog'Maw,Yunara,3,0,0.0,0.3125,-0.1875,0.0
Senna,Vayne,3,0,0.0,0.3125,-0.1875,0.0
Skarner,Malphite,3,0,0.0,0.3125,-0.1875,0.0
Lulu,Draven,3,0,0.0,0.3125,-0.1875,0.0
Ryze,Lux,3,0,0.0,0.3125,-0.1875,0.0
Mordekaiser,Amumu,3,0,0.0,0.3125,-0.1875,0.0
Jax,Qiyana,3,0,0.0,0.3125,-0.1875,0.0
Camille,Vi,3,0,0.0,0.3125,-0.1875,0.0
Seraphine,Nasus,3,0,0.0,0.3125,-0.1875,0.0
Leona,Galio,3,0,0.0,0.3125,-0.1875,0.0
Aatrox,Alistar,3,0,0.0,0.3125,-0.1875,0.0
Kindred,Trundle,3,0,0.0,0.3125,-0.1875,0.0
Camille,Lucian,3,0,0.0,0.3125,-0.1875,0.0
Ziggs,LeBlanc,3,0,0.0,0.3125,-0.1875,0.0
Kennen,Naafiri,3,0,0.0,0.3125,-0.1875,0.0
Sejuani,Shen,3,0,0.0,0.3125,-0.1875,0.0
Maokai,Galio,3,0,0.0,0.3125,-0.1875,0.0
Seraphine,Blitzcrank,3,0,0.0,0.3125,-0.1875,0.0
Kalista,Cassiopeia,3,0,0.0,0.3125,-0.1875,0.0
Malphite,Amumu,3,0,0.0,0.3125,-0.1875,0.0
Jax,Shen,3,0,0.0,0.3125,-0.1875,0.0
Kog'Maw,Nocturne,3,0,0.0,0.3125,-0.1875,0.0
Viego,Cassiopeia,3,0,0.0,0.3125,-0.1875,0.0
Kog'Maw,Rell,3,0,0.0,0.3125,-0.1875,0.0
Tristana,Anivia,3,0,0.0,0.3125,-0.1875,0.0
Yorick,Xayah,3,0,0.0,0.3125,-0.1875,0.0
Leona,Yone,3,0,0.0,0.3125,-0.1875,0.0
Ambessa,Kennen,3,0,0.0,0.3125,-0.1875,0.0
Ahri,Sivir,16,4,0.25,0.30952380952380953,-0.19047619047619047,0.0
Lucian,Rakan,16,4,0.25,0.30952380952380953,-0.19047619047619047,0.0
Neeko,Ezreal,29,8,0.27586206896551724,0.3088235294117647,-0.19117647058823528,0.0
Ahri,Rakan,13,3,0.23076923076923078,0.3055555555555556,-0.19444444444444442,0.0
Xin Zhao,Rakan,13,3,0.23076923076923078,0.3055555555555556,-0.19444444444444442,0.0
Ryze,Rakan,13,3,0.23076923076923078,0.3055555555555556,-0.19444444444444442,0.0
Milio,Caitlyn,36,10,0.2777777777777778,0.3048780487804878,-0.1951219512195122,0.0
Wukong,Seraphine,33,9,0.2727272727272727,0.3026315789473684,-0.19736842105263158,0.0
Ezreal,Milio,40,11,0.275,0.3,-0.2,0.0
Jhin,Corki,20,5,0.25,0.3,-0.2,0.0
Lee Sin,Ahri,10,2,0.2,0.3,-0.2,0.0
Wukong,Hwei,10,2,0.2,0.3,-0.2,0.0
Nami,Sejuani,10,2,0.2,0.3,-0.2,0.0
Karma,Kai'Sa,10,2,0.2,0.3,-0.2,0.0
Orianna,Aatrox,10,2,0.2,0.3,-0.2,0.0
Neeko,Ashe,10,2,0.2,0.3,-0.2,0.0
Jhin,Lucian,10,2,0.2,0.3,-0.2,0.0
Zeri,Xin Zhao,10,2,0.2,0.3,-0.2,0.0
Galio,Ashe,10,2,0.2,0.3,-0.2,0.0
Ezreal,Lucian,44,12,0.2727272727272727,0.29591836734693877,-0.20408163265306123,0.0
Nautilus,Trundle,17,4,0.23529411764705882,0.29545454545454547,-0.20454545454545453,0.0
Jayce,Seraphine,41,11,0.2682926829268293,0.29347826086956524,-0.20652173913043476,0.0
Ambessa,Tristana,7,1,0.14285714285714285,0.2916666666666667,-0.20833333333333331,0.0
Xayah,Galio,7,1,0.14285714285714285,0.2916666666666667,-0.20833333333333331,0.0
Jax,Gragas,7,1,0.14285714285714285,0.2916666666666667,-0.20833333333333331,0.0
Corki,Yone,7,1,0.14285714285714285,0.2916666666666667,-0.20833333333333331,0.0
Renekton,Vayne,7,1,0.14285714285714285,0.2916666666666667,-0.20833333333333331,0.0
Mel,Jarvan IV,7,1,0.14285714285714285,0.2916666666666667,-0.20833333333333331,0.0
Ahri,Rek'Sai,7,1,0.14285714285714285,0.2916666666666667,-0.20833333333333331,0.0
Zaahen,Yunara,7,1,0.14285714285714285,0.2916666666666667,-0.20833333333333331,0.0
K'Sante,Leona,7,1,0.14285714285714285,0.2916666666666667,-0.20833333333333331,0.0
Leona,Kai'Sa,7,1,0.14285714285714285,0.2916666666666667,-0.20833333333333331,0.0
Zaahen,Viktor,7,1,0.14285714285714285,0.2916666666666667,-0.20833333333333331,0.0
Kai'Sa,Skarner,7,1,0.14285714285714285,0.2916666666666667,-0.20833333333333331,0.0
Sion,Ziggs,7,1,0.14285714285714285,0.2916666666666667,-0.20833333333333331,0.0
Senna,Renekton,7,1,0.14285714285714285,0.2916666666666667,-0.20833333333333331,0.0
Ryze,Xayah,7,1,0.14285714285714285,0.2916666666666667,-0.20833333333333331,0.0
Cassiopeia,Vayne,7,1,0.14285714285714285,0.2916666666666667,-0.20833333333333331,0.0
Taliyah,Jhin,7,1,0.14285714285714285,0.2916666666666667,-0.20833333333333331,0.0
Leona,Rumble,7,1,0.14285714285714285,0.2916666666666667,-0.20833333333333331,0.0
Aurora,Anivia,14,3,0.21428571428571427,0.2894736842105263,-0.21052631578947367,0.0
Viktor,Anivia,14,3,0.21428571428571427,0.2894736842105263,-0.21052631578947367,0.0
Wukong,Anivia,14,3,0.21428571428571427,0.2894736842105263,-0.21052631578947367,0.0
Jhin,Nocturne,21,5,0.23809523809523808,0.28846153846153844,-0.21153846153846156,0.0
Skarner,Bard,21,5,0.23809523809523808,0.28846153846153844,-0.21153846153846156,0.0
Naafiri,Bard,21,5,0.23809523809523808,0.28846153846153844,-0.21153846153846156,0.0
Jarvan IV,Anivia,21,5,0.23809523809523808,0.28846153846153844,-0.21153846153846156,0.0
Nocturne,Milio,18,4,0.2222222222222222,0.2826086956521739,-0.2173913043478261,0.0
Jhin,Vayne,11,2,0.18181818181818182,0.28125,-0.21875,0.0
Galio,Nami,11,2,0.18181818181818182,0.28125,-0.21875,0.0
Cassiopeia,Trundle,11,2,0.18181818181818182,0.28125,-0.21875,0.0
Corki,Akali,11,2,0.18181818181818182,0.28125,-0.21875,0.0
Aurora,Kai'Sa,11,2,0.18181818181818182,0.28125,-0.21875,0.0
Lee Sin,Rell,11,2,0.18181818181818182,0.28125,-0.21875,0.0
Varus,Syndra,11,2,0.18181818181818182,0.28125,-0.21875,0.0
Rell,Orianna,11,2,0.18181818181818182,0.28125,-0.21875,0.0
Jhin,Rell,11,2,0.18181818181818182,0.28125,-0.21875,0.0
Kai'Sa,Caitlyn,4,0,0.0,0.2777777777777778,-0.2222222222222222,0.0
Sylas,Vayne,4,0,0.0,0.2777777777777778,-0.2222222222222222,0.0
Mel,Zaahen,4,0,0.0,0.2777777777777778,-0.2222222222222222,0.0
Zoe,Nami,4,0,0.0,0.2777777777777778,-0.2222222222222222,0.0
Aatrox,Twisted Fate,4,0,0.0,0.2777777777777778,-0.2222222222222222,0.0
Rumble,Sejuani,4,0,0.0,0.2777777777777778,-0.2222222222222222,0.0
Jayce,Xayah,4,0,0.0,0.2777777777777778,-0.2222222222222222,0.0
Rakan,Ashe,4,0,0.0,0.2777777777777778,-0.2222222222222222,0.0
Rakan,Seraphine,4,0,0.0,0.2777777777777778,-0.2222222222222222,0.0
Gragas,Xin Zhao,4,0,0.0,0.2777777777777778,-0.2222222222222222,0.0
Kennen,Milio,4,0,0.0,0.2777777777777778,-0.2222222222222222,0.0
Jayce,Irelia,4,0,0.0,0.2777777777777778,-0.2222222222222222,0.0
Kalista,Wukong,4,0,0.0,0.2777777777777778,-0.2222222222222222,0.0
Renata Glasc,Wukong,4,0,0.0,0.2777777777777778,-0.2222222222222222,0.0
Sivir,Ornn,4,0,0.0,0.2777777777777778,-0.2222222222222222,0.0
Miss Fortune,Vi,4,0,0.0,0.2777777777777778,-0.2222222222222222,0.0
Gwen,Lucian,4,0,0.0,0.2777777777777778,-0.2222222222222222,0.0
Gwen,Ryze,4,0,0.0,0.2777777777777778,-0.2222222222222222,0.0
Smolder,Gnar,4,0,0.0,0.2777777777777778,-0.2222222222222222,0.0
Ezreal,Kha'Zix,4,0,0.0,0.2777777777777778,-0.2222222222222222,0.0
Miss Fortune,Malphite,4,0,0.0,0.2777777777777778,-0.2222222222222222,0.0
Sylas,Malphite,4,0,0.0,0.2777777777777778,-0.2222222222222222,0.0
Cho'Gath,Xin Zhao,4,0,0.0,0.2777777777777778,-0.2222222222222222,0.0
Smolder,Pantheon,4,0,0.0,0.2777777777777778,-0.2222222222222222,0.0
Yasuo,Anivia,4,0,0.0,0.2777777777777778,-0.2222222222222222,0.0
Akali,Jax,4,0,0.0,0.2777777777777778,-0.2222222222222222,0.0
Ahri,Pyke,4,0,0.0,0.2777777777777778,-0.2222222222222222,0.0
Lulu,Soraka,4,0,0.0,0.2777777777777778,-0.2222222222222222,0.0
Pyke,Sivir,4,0,0.0,0.2777777777777778,-0.2222222222222222,0.0
Mel,Rumble,4,0,0.0,0.2777777777777778,-0.2222222222222222,0.0
Zed,Nami,4,0,0.0,0.2777777777777778,-0.2222222222222222,0.0
Rakan,Gragas,4,0,0.0,0.2777777777777778,-0.2222222222222222,0.0
Mel,Bard,4,0,0.0,0.2777777777777778,-0.2222222222222222,0.0
Gwen,Azir,4,0,0.0,0.2777777777777778,-0.2222222222222222,0.0
Neeko,Zeri,4,0,0.0,0.2777777777777778,-0.2222222222222222,0.0
Sylas,Bard,4,0,0.0,0.2777777777777778,-0.2222222222222222,0.0
Camille,Gnar,4,0,0.0,0.2777777777777778,-0.2222222222222222,0.0
Varus,Kalista,4,0,0.0,0.2777777777777778,-0.2222222222222222,0.0
Senna,Seraphine,4,0,0.0,0.2777777777777778,-0.2222222222222222,0.0
Rell,Vayne,4,0,0.0,0.2777777777777778,-0.2222222222222222,0.0
Smolder,Anivia,4,0,0.0,0.2777777777777778,-0.2222222222222222,0.0
Senna,Rell,4,0,0.0,0.2777777777777778,-0.2222222222222222,0.0
Jinx,Xayah,4,0,0.0,0.2777777777777778,-0.2222222222222222,0.0
Ziggs,Neeko,4,0,0.0,0.2777777777777778,-0.2222222222222222,0.0
Jax,Rakan,4,0,0.0,0.2777777777777778,-0.2222222222222222,0.0
Lulu,Orianna,15,3,0.2,0.275,-0.22499999999999998,0.0
Vi,Rakan,15,3,0.2,0.275,-0.22499999999999998,0.0
Wukong,Cassiopeia,15,3,0.2,0.275,-0.22499999999999998,0.0
Ornn,Nautilus,15,3,0.2,0.275,-0.22499999999999998,0.0
Xayah,Corki,8,1,0.125,0.2692307692307692,-0.23076923076923078,0.0
Wukong,Gwen,8,1,0.125,0.2692307692307692,-0.23076923076923078,0.0
Kennen,Renekton,8,1,0.125,0.2692307692307692,-0.23076923076923078,0.0
Aatrox,Renekton,8,1,0.125,0.2692307692307692,-0.23076923076923078,0.0
Naafiri,Kai'Sa,8,1,0.125,0.2692307692307692,-0.23076923076923078,0.0
Karma,Rell,8,1,0.125,0.2692307692307692,-0.23076923076923078,0.0
Camille,Seraphine,8,1,0.125,0.2692307692307692,-0.23076923076923078,0.0
Rell,Nocturne,8,1,0.125,0.2692307692307692,-0.23076923076923078,0.0
Orianna,Kai'Sa,8,1,0.125,0.2692307692307692,-0.23076923076923078,0.0
Mel,Cassiopeia,8,1,0.125,0.2692307692307692,-0.23076923076923078,0.0
Camille,Ashe,8,1,0.125,0.2692307692307692,-0.23076923076923078,0.0
Renekton,Shen,8,1,0.125,0.2692307692307692,-0.23076923076923078,0.0
Karma,LeBlanc,8,1,0.125,0.2692307692307692,-0.23076923076923078,0.0
Milio,Rakan,12,2,0.16666666666666666,0.2647058823529412,-0.23529411764705882,0.0
Taliyah,Vi,12,2,0.16666666666666666,0.2647058823529412,-0.23529411764705882,0.0
Neeko,Seraphine,13,2,0.15384615384615385,0.25,-0.25,0.0
Ambessa,Cassiopeia,9,1,0.1111111111111111,0.25,-0.25,0.0
Lulu,Gwen,9,1,0.1111111111111111,0.25,-0.25,0.0
Sylas,Varus,9,1,0.1111111111111111,0.25,-0.25,0.0
Shen,Vi,9,1,0.1111111111111111,0.25,-0.25,0.0
Rell,Ornn,9,1,0.1111111111111111,0.25,-0.25,0.0
Orianna,Vayne,9,1,0.1111111111111111,0.25,-0.25,0.0
Xin Zhao,Olaf,9,1,0.1111111111111111,0.25,-0.25,0.0
Mel,Skarner,9,1,0.1111111111111111,0.25,-0.25,0.0
Mel,Gnar,5,0,0.0,0.25,-0.25,0.0
Sylas,Sion,5,0,0.0,0.25,-0.25,0.0
Kennen,Lucian,5,0,0.0,0.25,-0.25,0.0
Vi,Rek'Sai,5,0,0.0,0.25,-0.25,0.0
Smolder,Jhin,5,0,0.0,0.25,-0.25,0.0
Leona,Xayah,5,0,0.0,0.25,-0.25,0.0
Taliyah,Sejuani,5,0,0.0,0.25,-0.25,0.0
Lulu,Vayne,5,0,0.0,0.25,-0.25,0.0
Rell,Milio,5,0,0.0,0.25,-0.25,0.0
Brand,Ahri,5,0,0.0,0.25,-0.25,0.0
Camille,Xin Zhao,5,0,0.0,0.25,-0.25,0.0
Galio,Aatrox,5,0,0.0,0.25,-0.25,0.0
Syndra,Milio,5,0,0.0,0.25,-0.25,0.0
Mel,Xin Zhao,22,4,0.18181818181818182,0.24074074074074073,-0.2592592592592593,0.0
Ambessa,Skarner,14,2,0.14285714285714285,0.23684210526315788,-0.26315789473684215,0.0
Azir,Jarvan IV,14,2,0.14285714285714285,0.23684210526315788,-0.26315789473684215,0.0
Ambessa,Vayne,10,1,0.1,0.23333333333333334,-0.26666666666666666,0.0
Maokai,Naafiri,10,1,0.1,0.23333333333333334,-0.26666666666666666,0.0
Wukong,Lee Sin,23,4,0.17391304347826086,0.23214285714285715,-0.26785714285714285,0.0
Jayce,Rakan,6,0,0.0,0.22727272727272727,-0.2727272727272727,0.0
Yuumi,Xin Zhao,6,0,0.0,0.22727272727272727,-0.2727272727272727,0.0
Draven,Lucian,6,0,0.0,0.22727272727272727,-0.2727272727272727,0.0
Jayce,Olaf,7,0,0.0,0.20833333333333334,-0.29166666666666663,0.0
Azir,Corki,7,0,0.0,0.20833333333333334,-0.29166666666666663,0.0
Rell,Lucian,7,0,0.0,0.20833333333333334,-0.29166666666666663,0.0
Smolder,Aurora,7,0,0.0,0.20833333333333334,-0.29166666666666663,0.0
Skarner,Vayne,7,0,0.0,0.20833333333333334,-0.29166666666666663,0.0
Yunara,Trundle,12,1,0.08333333333333333,0.20588235294117646,-0.29411764705882354,0.0
Nautilus,Vayne,13,1,0.07692307692307693,0.19444444444444445,-0.3055555555555556,0.0
Karma,Vayne,8,0,0.0,0.19230769230769232,-0.3076923076923077,0.0
Taliyah,Xayah,8,0,0.0,0.19230769230769232,-0.3076923076923077,0.0
Yunara,Vayne,8,0,0.0,0.19230769230769232,-0.3076923076923077,0.0
Azir,Nami,10,0,0.0,0.16666666666666666,-0.33333333333333337,0.0
