match_id,date,patch,team,player,champion,role,case_context,op_losing_team,winning_opponent,key_rune,key_rune_usage_rate,champion_role_games,item_signature,item_inventory,rare_items,unusual_rune_flag,rare_item_flag,exception_note
LPL/2026 Season/Split 2_Week 6_7_2,2026-05-09 10:12:00,26.09,Invictus Gaming,Breathe,Renekton,Top,winning_opponent,Ninjas in Pyjamas.CN,Invictus Gaming,Press the Attack,0.10344827586206896,116,Stridebreaker + Spear of Shojin + B. F. Sword,"Stridebreaker, Spear of Shojin, B. F. Sword, Plated Steelcaps, Steel Sigil",B. F. Sword,True,True,key rune 'Press the Attack' is low-frequency for Renekton Top: 10.3% (12/116) rare item(s): B. F. Sword:11.2%(13/116)
Nexus League/2026 Season/Spring Split_Week 6_8_1,2026-05-17 13:08:00,26.09,Lille Esport,Melyap,Ryze,Mid,winning_opponent,Crystal Rose (French Team),Lille Esport,Stormraider's Surge,0.11917098445595854,193,Needlessly Large Rod + Needlessly Large Rod + Seeker's Armguard,"Needlessly Large Rod, Needlessly Large Rod, Seeker's Armguard, Rod of Ages, Seraph's Embrace, Chainlaced Crushers",Seeker's Armguard,True,True,key rune 'Stormraider's Surge' is low-frequency for Ryze Mid: 11.9% (23/193) rare item(s): Seeker's Armguard:6.7%(13/193)
LES/2026 Season/Spring Split_Week 7_2_2,2026-05-20 17:54:00,26.10,Team Heretics Academy,Lure,Miss Fortune,Bot,winning_opponent,Barça eSports,Team Heretics Academy,First Strike,0.08571428571428572,70,Youmuu's Ghostblade + Edge of Night + Axiom Arc,"Youmuu's Ghostblade, Edge of Night, Axiom Arc, Doran's Blade, Serrated Dirk, The Collector","Youmuu's Ghostblade, Edge of Night, Axiom Arc, Serrated Dirk",True,True,key rune 'First Strike' is low-frequency for Miss Fortune Bot: 8.6% (6/70) rare item(s): Youmuu's Ghostblade:1.4%(1/70); Edge of Night:2.9%(2/70); Axiom Arc:1.4%(1/70); Serrated Dirk:4.3%(3/70)
VCS/2026 Season/Summer Season_Week 2_5_2,2026-05-22 10:56:00,26.09,Saigon Warriors,AisyL,Aurora,Mid,winning_opponent,Saigon Dino,Saigon Warriors,Deathfire Touch,0.04964539007092199,141,Void Staff + Spellslinger's Shoes + Zhonya's Hourglass,"Void Staff, Spellslinger's Shoes, Zhonya's Hourglass, Mejai's Soulstealer, Liandry's Torment, Blackfire Torch","Void Staff, Zhonya's Hourglass, Mejai's Soulstealer, Liandry's Torment, Blackfire Torch",True,True,key rune 'Deathfire Touch' is low-frequency for Aurora Mid: 5.0% (7/141) rare item(s): Void Staff:13.5%(19/141); Zhonya's Hourglass:9.9%(14/141); Mejai's Soulstealer:10.6%(15/141); Liandry's Torment:6.4%(9/141); Blackfire Torch:0.7%(1/141)
LCP/2026 Season/Split 2 Playoffs_Round 1_1_2,2026-05-23 10:10:00,26.10,MVK Esports,Kratos,Gnar,Top,winning_opponent,CTBC Flying Oyster,MVK Esports,Lethal Tempo,0.1875,128,Sterak's Gage + Trinity Force + Control Ward,"Sterak's Gage, Trinity Force, Control Ward, Plated Steelcaps, Black Cleaver",Control Ward,True,True,key rune 'Lethal Tempo' is low-frequency for Gnar Top: 18.8% (24/128) rare item(s): Control Ward:19.5%(25/128)
LCP/2026 Season/Split 2 Playoffs_Round 1_1_2,2026-05-23 10:10:00,26.10,MVK Esports,Harky,Caitlyn,Bot,winning_opponent,CTBC Flying Oyster,MVK Esports,Fleet Footwork,0.07746478873239436,142,Hexoptics C44 + Infinity Edge + Rapid Firecannon,"Hexoptics C44, Infinity Edge, Rapid Firecannon, Doran's Bow, Cloak of Agility, B. F. Sword","Cloak of Agility, B. F. Sword",True,True,key rune 'Fleet Footwork' is low-frequency for Caitlyn Bot: 7.7% (11/142) rare item(s): Cloak of Agility:14.8%(21/142); B. F. Sword:14.8%(21/142)
LCS/2026 Season/Spring Playoffs_Round 1_1_3,2026-05-23 21:50:00,26.10,FlyQuest,Gakgos,K'Sante,Top,winning_opponent,Cloud9,FlyQuest,Aftershock,0.125,136,"Doran's Helm + Jak'Sho, The Protean + Mercury's Treads","Doran's Helm, Jak'Sho, The Protean, Mercury's Treads, Kindlegem, Iceborn Gauntlet",Kindlegem,True,True,key rune 'Aftershock' is low-frequency for K'Sante Top: 12.5% (17/136) rare item(s): Kindlegem:8.1%(11/136)
NLC/2026 Season/Spring Split_Day 2_2_1,2026-05-27 17:05:00,26.10,Ruddy Corporation,Kaermo,Sion,Top,winning_opponent,Arctic Pandas,Ruddy Corporation,Arcane Comet,0.029069767441860465,172,Protoplasm Harness + Unending Despair + Spirit Visage,"Protoplasm Harness, Unending Despair, Spirit Visage, Chain Vest, Negatron Cloak, Plated Steelcaps","Protoplasm Harness, Chain Vest, Negatron Cloak",True,True,key rune 'Arcane Comet' is low-frequency for Sion Top: 2.9% (5/172) rare item(s): Protoplasm Harness:3.5%(6/172); Chain Vest:17.4%(30/172); Negatron Cloak:19.2%(33/172)
North American Challengers League/2026 Season/Spring Playoffs_Round 3_1_3,2026-05-28 22:00:00,26.10,NRG,Phymini,Hwei,Mid,winning_opponent,Winthrop University,NRG,Summon Aery,0.07894736842105263,38,Oblivion Orb + Seeker's Armguard + Hextech Rocketbelt,"Oblivion Orb, Seeker's Armguard, Hextech Rocketbelt, Shadowflame, Luden's Echo, Spellslinger's Shoes","Oblivion Orb, Seeker's Armguard, Luden's Echo",True,True,key rune 'Summon Aery' is low-frequency for Hwei Mid: 7.9% (3/38) rare item(s): Oblivion Orb:13.2%(5/38); Seeker's Armguard:10.5%(4/38); Luden's Echo:13.2%(5/38)
LES/2026 Season/Spring Playoffs_Semifinals_2_4,2026-06-04 18:07:00,26.10,Movistar KOI Fénix,NightSlayer,Zaahen,Top,winning_opponent,UCAM Esports,Movistar KOI Fénix,Conqueror,0.23684210526315788,38,Stridebreaker + Plated Steelcaps + Death's Dance,"Stridebreaker, Plated Steelcaps, Death's Dance, Sundered Sky, Null-Magic Mantle, Executioner's Calling","Null-Magic Mantle, Executioner's Calling",True,True,key rune 'Conqueror' is low-frequency for Zaahen Top: 23.7% (9/38) rare item(s): Null-Magic Mantle:2.6%(1/38); Executioner's Calling:5.3%(2/38)
NLC/2026 Season/Spring Playoffs_Finals_1_2,2026-06-05 17:00:00,26.11,Verdant,Furuy,Taliyah,Mid,winning_opponent,Ruddy Corporation,Verdant,Stormraider's Surge,0.15625,32,Doran's Ring + Zhonya's Hourglass + Cosmic Drive,"Doran's Ring, Zhonya's Hourglass, Cosmic Drive, Crimson Lucidity, Blackfire Torch, Blasting Wand","Doran's Ring, Zhonya's Hourglass, Cosmic Drive, Blasting Wand",True,True,key rune 'Stormraider's Surge' is low-frequency for Taliyah Mid: 15.6% (5/32) rare item(s): Doran's Ring:15.6%(5/32); Zhonya's Hourglass:15.6%(5/32); Cosmic Drive:6.2%(2/32); Blasting Wand:3.1%(1/32)
EMEA Masters/2026 Season/Spring Play-In_Round 2_4_1,2026-06-08 16:35:00,26.11,Ruddy Corporation,Kaermo,Sion,Top,winning_opponent,Bomba Team,Ruddy Corporation,Arcane Comet,0.045454545454545456,88,Spectre's Cowl + Unending Despair + Plated Steelcaps,"Spectre's Cowl, Unending Despair, Plated Steelcaps, Control Ward, Spirit Visage, Frozen Heart","Spectre's Cowl, Frozen Heart",True,True,key rune 'Arcane Comet' is low-frequency for Sion Top: 4.5% (4/88) rare item(s): Spectre's Cowl:5.7%(5/88); Frozen Heart:6.8%(6/88)
EMEA Masters/2026 Season/Spring Play-In_Round 3_6_1,2026-06-08 18:05:00,26.11,Frites Esports Club,Wolorz,Anivia,Mid,winning_opponent,FN Esports,Frites Esports Club,Deathfire Touch,0.22727272727272727,44,Rod of Ages + Seraph's Embrace + Control Ward,"Rod of Ages, Seraph's Embrace, Control Ward, Dark Seal, Bloodletter's Curse, Crimson Lucidity","Bloodletter's Curse, Crimson Lucidity",True,True,key rune 'Deathfire Touch' is low-frequency for Anivia Mid: 22.7% (10/44) rare item(s): Bloodletter's Curse:6.8%(3/44); Crimson Lucidity:13.6%(6/44)
EMEA Masters/2026 Season/Spring Main Event_Groups Day 2_8_2,2026-06-11 18:31:00,26.11,WLGaming Esports,SMURFE,K'Sante,Top,winning_opponent,Partizan Sangal,WLGaming Esports,Aftershock,0.2111111111111111,90,"Control Ward + Randuin's Omen + Jak'Sho, The Protean","Control Ward, Randuin's Omen, Jak'Sho, The Protean, Doran's Helm, Zeke's Convergence, Plated Steelcaps","Randuin's Omen, Zeke's Convergence",True,True,key rune 'Aftershock' is low-frequency for K'Sante Top: 21.1% (19/90) rare item(s): Randuin's Omen:17.8%(16/90); Zeke's Convergence:12.2%(11/90)
2026 Asian Games/Qualifier_Day 1_1_1,2026-06-12 05:10:00,26.11,Hong Kong (National Team),Chau,Jayce,Top,winning_opponent,Malaysia (National Team),Hong Kong (National Team),Conqueror,0.07547169811320754,53,Youmuu's Ghostblade + Edge of Night + Muramana,"Youmuu's Ghostblade, Edge of Night, Muramana, Mercury's Treads, Serylda's Grudge, Steel Sigil","Edge of Night, Mercury's Treads, Steel Sigil",True,True,key rune 'Conqueror' is low-frequency for Jayce Top: 7.5% (4/53) rare item(s): Edge of Night:18.9%(10/53); Mercury's Treads:18.9%(10/53); Steel Sigil:3.8%(2/53)
VCS/2026 Season/Summer Playoffs_Round 2_1_1,2026-06-13 10:07:00,26.11,Saigon Warriors,AisyL,Akali,Mid,winning_opponent,ZEN Esports (Vietnamese Team),Saigon Warriors,Conqueror,0.11627906976744186,43,Rabadon's Deathcap + Banshee's Veil + Hextech Rocketbelt,"Rabadon's Deathcap, Banshee's Veil, Hextech Rocketbelt, Void Staff, Spellslinger's Shoes, Shadowflame","Banshee's Veil, Void Staff",True,True,key rune 'Conqueror' is low-frequency for Akali Mid: 11.6% (5/43) rare item(s): Banshee's Veil:2.3%(1/43); Void Staff:14.0%(6/43)
EMEA Masters/2026 Season/Spring Main Event_Quarterfinals_2_3,2026-06-13 16:35:00,26.11,G2 NORD,Toasty,Taliyah,Mid,winning_opponent,Solary,G2 NORD,Summon Aery,0.21875,32,Hextech Rocketbelt + Seeker's Armguard + Needlessly Large Rod,"Hextech Rocketbelt, Seeker's Armguard, Needlessly Large Rod, Crimson Lucidity, Blackfire Torch, Cryptbloom","Seeker's Armguard, Needlessly Large Rod",True,True,key rune 'Summon Aery' is low-frequency for Taliyah Mid: 21.9% (7/32) rare item(s): Seeker's Armguard:6.2%(2/32); Needlessly Large Rod:18.8%(6/32)
LCS/2026 Season/Spring Playoffs_Round 3_1_1,2026-06-13 20:15:00,26.11,Team Liquid,CoreJJ,Rakan,Support,winning_opponent,Cloud9,Team Liquid,Electrocute,0.03571428571428571,56,Mikael's Blessing + Mercury's Treads + Solstice Sleigh,"Mikael's Blessing, Mercury's Treads, Solstice Sleigh, Dark Seal, Zeke's Convergence",Dark Seal,True,True,key rune 'Electrocute' is low-frequency for Rakan Support: 3.6% (2/56) rare item(s): Dark Seal:3.6%(2/56)
LCK/2026 Season/Road to MSI_Round 4_1_4,2026-06-14 09:36:00,26.11,Gen.G,Kiin,Gangplank,Top,winning_opponent,T1,Gen.G,Grasp of the Undying,0.2,5,Serpent's Fang + Pickaxe + Mortal Reminder,"Serpent's Fang, Pickaxe, Mortal Reminder, Essence Reaver, Plated Steelcaps","Serpent's Fang, Pickaxe, Plated Steelcaps",True,True,key rune 'Grasp of the Undying' is low-frequency for Gangplank Top: 20.0% (1/5) rare item(s): Serpent's Fang:20.0%(1/5); Pickaxe:20.0%(1/5); Plated Steelcaps:20.0%(1/5)
VCS/2026 Season/Summer Playoffs_Round 1_3_1,2026-06-14 10:13:00,26.11,SN CyberCore Esports,Vin,Orianna,Mid,winning_opponent,Saigon Dino,SN CyberCore Esports,Arcane Comet,0.16666666666666666,54,Hextech Rocketbelt + Zhonya's Hourglass + Rabadon's Deathcap,"Hextech Rocketbelt, Zhonya's Hourglass, Rabadon's Deathcap, Dark Seal, Blackfire Torch, Swiftmarch","Zhonya's Hourglass, Swiftmarch",True,True,key rune 'Arcane Comet' is low-frequency for Orianna Mid: 16.7% (9/54) rare item(s): Zhonya's Hourglass:11.1%(6/54); Swiftmarch:7.4%(4/54)
Hitpoint 2nd Division Challengers/2026 Season/Spring Playoffs_Finals_1_4,2026-06-14 12:59:00,26.11,Ethereal Enigmas,DON WAGOD,Ryze,Mid,winning_opponent,Priority,Ethereal Enigmas,Stormraider's Surge,0.054945054945054944,91,Actualizer + Crimson Lucidity + Seraph's Embrace,"Actualizer, Crimson Lucidity, Seraph's Embrace, Doran's Ring, Rod of Ages, Needlessly Large Rod",Crimson Lucidity,True,True,key rune 'Stormraider's Surge' is low-frequency for Ryze Mid: 5.5% (5/91) rare item(s): Crimson Lucidity:19.8%(18/91)
LCK/2026 Season/Rounds 1-2_Week 6_2_2,2026-05-06 11:22:00,26.09,Hanwha Life Esports,Zeus,Jayce,Top,winning_opponent,DN SOOPers,Hanwha Life Esports,Grasp of the Undying,0.5523809523809524,105,Doran's Blade + Black Cleaver + Muramana,"Doran's Blade, Black Cleaver, Muramana, The Brutalizer, Serpent's Fang, Boots of Swiftness",The Brutalizer,False,True,rare item(s): The Brutalizer:2.9%(3/105)
LCK/2026 Season/Rounds 1-2_Week 6_2_2,2026-05-06 11:22:00,26.09,Hanwha Life Esports,Kanavi,Nocturne,Jungle,winning_opponent,DN SOOPers,Hanwha Life Esports,Conqueror,0.7851239669421488,121,Stridebreaker + Experimental Hexplate + Control Ward,"Stridebreaker, Experimental Hexplate, Control Ward, Guardian Angel, Warden's Mail, Mercury's Treads",Warden's Mail,False,True,rare item(s): Warden's Mail:3.3%(4/121)
LCK/2026 Season/Rounds 1-2_Week 6_2_2,2026-05-06 11:22:00,26.09,Hanwha Life Esports,Zeka,Twisted Fate,Mid,winning_opponent,DN SOOPers,Hanwha Life Esports,Unsealed Spellbook,0.4772727272727273,44,Rapid Firecannon + Needlessly Large Rod + Zhonya's Hourglass,"Rapid Firecannon, Needlessly Large Rod, Zhonya's Hourglass, Swiftmarch, Lich Bane, Rod of Ages",Needlessly Large Rod,False,True,rare item(s): Needlessly Large Rod:11.4%(5/44)
LCK/2026 Season/Rounds 1-2_Week 6_2_2,2026-05-06 11:22:00,26.09,Hanwha Life Esports,Delight,Milio,Support,winning_opponent,DN SOOPers,Hanwha Life Esports,Summon Aery,1.0,152,Ionian Boots of Lucidity + Glowing Mote + Dream Maker,"Ionian Boots of Lucidity, Glowing Mote, Dream Maker, Echoes of Helia, Moonstone Renewer, Ardent Censer",Glowing Mote,False,True,rare item(s): Glowing Mote:13.2%(20/152)
LES/2026 Season/Spring Split_Week 5_2_1,2026-05-06 17:58:00,26.09,Barça eSports,selenex,Rumble,Top,winning_opponent,GIANTX iTero,Barça eSports,Deathfire Touch,0.7125748502994012,167,Hextech Rocketbelt + Seeker's Armguard + Control Ward,"Hextech Rocketbelt, Seeker's Armguard, Control Ward, Rabadon's Deathcap, Shadowflame, Sorcerer's Shoes","Hextech Rocketbelt, Seeker's Armguard, Rabadon's Deathcap, Shadowflame, Sorcerer's Shoes",False,True,rare item(s): Hextech Rocketbelt:15.0%(25/167); Seeker's Armguard:6.0%(10/167); Rabadon's Deathcap:8.4%(14/167); Shadowflame:15.0%(25/167); Sorcerer's Shoes:16.8%(28/167)
LES/2026 Season/Spring Split_Week 5_2_1,2026-05-06 17:58:00,26.09,Barça eSports,KoIdo,Vi,Jungle,winning_opponent,GIANTX iTero,Barça eSports,Conqueror,0.9934640522875817,153,Black Cleaver + Sundered Sky + Control Ward,"Black Cleaver, Sundered Sky, Control Ward, Abyssal Mask, Pickaxe, Mercury's Treads","Abyssal Mask, Pickaxe",False,True,rare item(s): Abyssal Mask:2.0%(3/153); Pickaxe:6.5%(10/153)
LES/2026 Season/Spring Split_Week 5_2_1,2026-05-06 17:58:00,26.09,Barça eSports,Macaquinho,Orianna,Mid,winning_opponent,GIANTX iTero,Barça eSports,Arcane Comet,0.3669724770642202,109,Rabadon's Deathcap + Shattered Armguard + Mejai's Soulstealer,"Rabadon's Deathcap, Shattered Armguard, Mejai's Soulstealer, Luden's Echo, Spellslinger's Shoes, Shadowflame","Shattered Armguard, Mejai's Soulstealer",False,True,rare item(s): Shattered Armguard:10.1%(11/109); Mejai's Soulstealer:11.9%(13/109)
LES/2026 Season/Spring Split_Week 5_2_1,2026-05-06 17:58:00,26.09,Barça eSports,Oscure,Nami,Support,winning_opponent,GIANTX iTero,Barça eSports,Summon Aery,1.0,148,Shurelya's Battlesong + Imperial Mandate + Dream Maker,"Shurelya's Battlesong, Imperial Mandate, Dream Maker, Ionian Boots of Lucidity, Echoes of Helia, Amplifying Tome","Shurelya's Battlesong, Amplifying Tome",False,True,rare item(s): Shurelya's Battlesong:12.2%(18/148); Amplifying Tome:16.2%(24/148)
Rift Legends/2026 Season/Spring Split_Week 5_4_2,2026-05-06 18:23:00,26.09,Barcząca Esports,Agresivoo,Yorick,Top,winning_opponent,Bomba Team,Barcząca Esports,Grasp of the Undying,0.8846153846153846,52,Maw of Malmortius + Guardian Angel + Boots of Swiftness,"Maw of Malmortius, Guardian Angel, Boots of Swiftness, Trinity Force, Caulfield's Warhammer, Executioner's Calling","Maw of Malmortius, Guardian Angel, Boots of Swiftness, Caulfield's Warhammer, Executioner's Calling",False,True,rare item(s): Maw of Malmortius:7.7%(4/52); Guardian Angel:3.8%(2/52); Boots of Swiftness:7.7%(4/52); Caulfield's Warhammer:3.8%(2/52); Executioner's Calling:3.8%(2/52)
Rift Legends/2026 Season/Spring Split_Week 5_4_2,2026-05-06 18:23:00,26.09,Barcząca Esports,mikusik,Aatrox,Jungle,winning_opponent,Bomba Team,Barcząca Esports,Conqueror,1.0,33,Sterak's Gage + Sundered Sky + Plated Steelcaps,"Sterak's Gage, Sundered Sky, Plated Steelcaps, Death's Dance, Cloth Armor",Cloth Armor,False,True,rare item(s): Cloth Armor:15.2%(5/33)
Rift Legends/2026 Season/Spring Split_Week 5_4_2,2026-05-06 18:23:00,26.09,Barcząca Esports,Artoria,Annie,Mid,winning_opponent,Bomba Team,Barcząca Esports,Electrocute,0.4523809523809524,126,Hextech Rocketbelt + Seeker's Armguard + Spellslinger's Shoes,"Hextech Rocketbelt, Seeker's Armguard, Spellslinger's Shoes, Malignance, Dark Seal",Seeker's Armguard,False,True,rare item(s): Seeker's Armguard:5.6%(7/126)
Rift Legends/2026 Season/Spring Split_Week 5_4_2,2026-05-06 18:23:00,26.09,Barcząca Esports,Woolite,Ashe,Bot,winning_opponent,Bomba Team,Barcząca Esports,Lethal Tempo,0.9938271604938271,162,Doran's Blade + Phantom Dancer + B. F. Sword,"Doran's Blade, Phantom Dancer, B. F. Sword, Executioner's Calling, Hexoptics C44",Executioner's Calling,False,True,rare item(s): Executioner's Calling:5.6%(9/162)
Rift Legends/2026 Season/Spring Split_Week 5_4_2,2026-05-06 18:23:00,26.09,Barcząca Esports,Jactroll,Lulu,Support,winning_opponent,Bomba Team,Barcząca Esports,Summon Aery,0.9869281045751634,153,Mikael's Blessing + Ionian Boots of Lucidity + Dream Maker,"Mikael's Blessing, Ionian Boots of Lucidity, Dream Maker, Forbidden Idol, Fiendish Codex",Fiendish Codex,False,True,rare item(s): Fiendish Codex:9.2%(14/153)
Rift Legends/2026 Season/Spring Split_Week 5_6_2,2026-05-07 18:35:00,26.09,Anonymo Esports,HeSSZero,Rumble,Top,winning_opponent,LODIS (Polish Team),Anonymo Esports,Deathfire Touch,0.7125748502994012,167,Liandry's Torment + Oblivion Orb + Needlessly Large Rod,"Liandry's Torment, Oblivion Orb, Needlessly Large Rod, Mercury's Treads, Bloodletter's Curse, Riftmaker","Oblivion Orb, Mercury's Treads, Riftmaker",False,True,rare item(s): Oblivion Orb:9.6%(16/167); Mercury's Treads:16.8%(28/167); Riftmaker:19.8%(33/167)
Rift Legends/2026 Season/Spring Split_Week 5_6_2,2026-05-07 18:35:00,26.09,Anonymo Esports,Joki37,Nocturne,Jungle,winning_opponent,LODIS (Polish Team),Anonymo Esports,Conqueror,0.7851239669421488,121,Black Cleaver + Control Ward + Stridebreaker,"Black Cleaver, Control Ward, Stridebreaker, Experimental Hexplate, Mercury's Treads, Serpent's Fang",Serpent's Fang,False,True,rare item(s): Serpent's Fang:1.7%(2/121)
Rift Legends/2026 Season/Spring Split_Week 5_6_2,2026-05-07 18:35:00,26.09,Anonymo Esports,Sobek,Ryze,Mid,winning_opponent,LODIS (Polish Team),Anonymo Esports,Deathfire Touch,0.8393782383419689,193,Zhonya's Hourglass + Seraph's Embrace + Actualizer,"Zhonya's Hourglass, Seraph's Embrace, Actualizer, Rod of Ages, Chainlaced Crushers",Zhonya's Hourglass,False,True,rare item(s): Zhonya's Hourglass:18.1%(35/193)
Rift Legends/2026 Season/Spring Split_Week 5_6_2,2026-05-07 18:35:00,26.09,Anonymo Esports,ejsner,Ashe,Bot,winning_opponent,LODIS (Polish Team),Anonymo Esports,Lethal Tempo,0.9938271604938271,162,Hexoptics C44 + Quicksilver Sash + Phantom Dancer,"Hexoptics C44, Quicksilver Sash, Phantom Dancer, Lord Dominik's Regards, Infinity Edge, Vampiric Scepter","Quicksilver Sash, Vampiric Scepter",False,True,rare item(s): Quicksilver Sash:2.5%(4/162); Vampiric Scepter:13.0%(21/162)
Rift Legends/2026 Season/Spring Split_Week 5_6_2,2026-05-07 18:35:00,26.09,Anonymo Esports,Raxxo,Neeko,Support,winning_opponent,LODIS (Polish Team),Anonymo Esports,Arcane Comet,0.9823008849557522,113,Celestial Opposition + Hextech Rocketbelt + Ionian Boots of Lucidity,"Celestial Opposition, Hextech Rocketbelt, Ionian Boots of Lucidity, Abyssal Mask, Kindlegem, Forbidden Idol","Abyssal Mask, Kindlegem, Forbidden Idol",False,True,rare item(s): Abyssal Mask:5.3%(6/113); Kindlegem:14.2%(16/113); Forbidden Idol:1.8%(2/113)
North American Challengers League/2026 Season/Spring Season_Week 7_6_2,2026-05-08 23:08:00,26.09,Citadel Gaming,Strai,Gragas,Top,winning_opponent,Apex Mission Impossible,Citadel Gaming,Stormraider's Surge,0.3333333333333333,27,Seraph's Embrace + Hextech Rocketbelt + Lich Bane,"Seraph's Embrace, Hextech Rocketbelt, Lich Bane, Ionian Boots of Lucidity, Needlessly Large Rod",Lich Bane,False,True,rare item(s): Lich Bane:11.1%(3/27)
North American Challengers League/2026 Season/Spring Season_Week 7_6_2,2026-05-08 23:08:00,26.09,Citadel Gaming,Griffin,Xin Zhao,Jungle,winning_opponent,Apex Mission Impossible,Citadel Gaming,Conqueror,0.991701244813278,241,Black Cleaver + Sundered Sky + Null-Magic Mantle,"Black Cleaver, Sundered Sky, Null-Magic Mantle, Death's Dance, Mercury's Treads","Null-Magic Mantle, Death's Dance",False,True,rare item(s): Null-Magic Mantle:4.6%(11/241); Death's Dance:12.4%(30/241)
North American Challengers League/2026 Season/Spring Season_Week 7_6_2,2026-05-08 23:08:00,26.09,Citadel Gaming,Bradley,Azir,Mid,winning_opponent,Apex Mission Impossible,Citadel Gaming,Lethal Tempo,0.9444444444444444,72,Spellslinger's Shoes + Nashor's Tooth + Rabadon's Deathcap,"Spellslinger's Shoes, Nashor's Tooth, Rabadon's Deathcap, Shadowflame, Blighting Jewel",Blighting Jewel,False,True,rare item(s): Blighting Jewel:12.5%(9/72)
North American Challengers League/2026 Season/Spring Season_Week 7_6_2,2026-05-08 23:08:00,26.09,Citadel Gaming,Array,Smolder,Bot,winning_opponent,Apex Mission Impossible,Citadel Gaming,Deathfire Touch,0.9545454545454546,44,Infinity Edge + Essence Reaver + Black Cleaver,"Infinity Edge, Essence Reaver, Black Cleaver, Rapid Firecannon, B. F. Sword","Infinity Edge, B. F. Sword",False,True,rare item(s): Infinity Edge:6.8%(3/44); B. F. Sword:6.8%(3/44)
LPL/2026 Season/Split 2_Week 6_7_2,2026-05-09 10:12:00,26.09,Invictus Gaming,Nia,Ryze,Mid,winning_opponent,Ninjas in Pyjamas.CN,Invictus Gaming,Deathfire Touch,0.8393782383419689,193,Seraph's Embrace + Actualizer + Rod of Ages,"Seraph's Embrace, Actualizer, Rod of Ages, Shattered Armguard, Chainlaced Crushers",Shattered Armguard,False,True,rare item(s): Shattered Armguard:10.9%(21/193)
LPL/2026 Season/Split 2_Week 6_7_2,2026-05-09 10:12:00,26.09,Invictus Gaming,JiaQi,Ashe,Bot,winning_opponent,Ninjas in Pyjamas.CN,Invictus Gaming,Lethal Tempo,0.9938271604938271,162,Infinity Edge + Hexoptics C44 + Phantom Dancer,"Infinity Edge, Hexoptics C44, Phantom Dancer, Quicksilver Sash, Doran's Bow",Quicksilver Sash,False,True,rare item(s): Quicksilver Sash:2.5%(4/162)
LPL/2026 Season/Split 2_Week 6_7_2,2026-05-09 10:12:00,26.09,Invictus Gaming,Meiko,Lulu,Support,winning_opponent,Ninjas in Pyjamas.CN,Invictus Gaming,Summon Aery,0.9869281045751634,153,Mikael's Blessing + Ardent Censer + Ionian Boots of Lucidity,"Mikael's Blessing, Ardent Censer, Ionian Boots of Lucidity, Dream Maker, Ruby Crystal, Glowing Mote","Ruby Crystal, Glowing Mote",False,True,rare item(s): Ruby Crystal:3.3%(5/153); Glowing Mote:10.5%(16/153)
TCL/2026 Season/Spring Split_Week 6_2_2,2026-05-11 17:47:00,26.09,Team Phoenix (Turkish Team),Hecabrand,Sion,Top,winning_opponent,BoostGate Esports,Team Phoenix (Turkish Team),Grasp of the Undying,0.9209039548022598,177,Doran's Shield + Randuin's Omen + Unending Despair,"Doran's Shield, Randuin's Omen, Unending Despair, Bramble Vest, Plated Steelcaps, Kaenic Rookern","Doran's Shield, Randuin's Omen",False,True,rare item(s): Doran's Shield:17.5%(31/177); Randuin's Omen:14.1%(25/177)
TCL/2026 Season/Spring Split_Week 6_2_2,2026-05-11 17:47:00,26.09,Team Phoenix (Turkish Team),meto,Aatrox,Jungle,winning_opponent,BoostGate Esports,Team Phoenix (Turkish Team),Conqueror,1.0,33,Plated Steelcaps + Sundered Sky + Executioner's Calling,"Plated Steelcaps, Sundered Sky, Executioner's Calling, Death's Dance, Steel Sigil, Sterak's Gage",Executioner's Calling,False,True,rare item(s): Executioner's Calling:3.0%(1/33)
TCL/2026 Season/Spring Split_Week 6_2_2,2026-05-11 17:47:00,26.09,Team Phoenix (Turkish Team),SmallBugi,Ahri,Mid,winning_opponent,BoostGate Esports,Team Phoenix (Turkish Team),Electrocute,0.9457364341085271,129,Rabadon's Deathcap + Zhonya's Hourglass + Hextech Rocketbelt,"Rabadon's Deathcap, Zhonya's Hourglass, Hextech Rocketbelt, Dark Seal, Chainlaced Crushers, Malignance",Zhonya's Hourglass,False,True,rare item(s): Zhonya's Hourglass:14.7%(19/129)
TCL/2026 Season/Spring Split_Week 6_2_2,2026-05-11 17:47:00,26.09,Team Phoenix (Turkish Team),Bmoooo,Bard,Support,winning_opponent,BoostGate Esports,Team Phoenix (Turkish Team),Electrocute,0.945273631840796,201,Echoes of Helia + Mercury's Treads + Bloodsong,"Echoes of Helia, Mercury's Treads, Bloodsong, Protoplasm Harness, Kindlegem, Cloth Armor","Echoes of Helia, Protoplasm Harness, Cloth Armor",False,True,rare item(s): Echoes of Helia:6.0%(12/201); Protoplasm Harness:3.0%(6/201); Cloth Armor:19.4%(39/201)
LFL/2026 Season/Spring Playoffs_Round 1_5_2,2026-05-13 17:08:00,26.09,Esprit Shōnen,Leny,Ambessa,Top,winning_opponent,Ici Japon Corp. Esport,Esprit Shōnen,Grasp of the Undying,0.8023255813953488,86,Mercury's Treads + Ruby Crystal + Spear of Shojin,"Mercury's Treads, Ruby Crystal, Spear of Shojin, Death's Dance, Long Sword, Eclipse","Ruby Crystal, Long Sword",False,True,rare item(s): Ruby Crystal:3.5%(3/86); Long Sword:19.8%(17/86)
LFL/2026 Season/Spring Playoffs_Round 1_5_2,2026-05-13 17:08:00,26.09,Esprit Shōnen,xKenzuke,Hwei,Mid,winning_opponent,Ici Japon Corp. Esport,Esprit Shōnen,Deathfire Touch,0.6153846153846154,39,Rabadon's Deathcap + Blackfire Torch + Zhonya's Hourglass,"Rabadon's Deathcap, Blackfire Torch, Zhonya's Hourglass, Liandry's Torment, Dark Seal, Crimson Lucidity",Zhonya's Hourglass,False,True,rare item(s): Zhonya's Hourglass:15.4%(6/39)
LFL/2026 Season/Spring Playoffs_Round 1_5_2,2026-05-13 17:08:00,26.09,Esprit Shōnen,Booshi,Ashe,Bot,winning_opponent,Ici Japon Corp. Esport,Esprit Shōnen,Lethal Tempo,0.9938271604938271,162,Doran's Blade + Kraken Slayer + Runaan's Hurricane,"Doran's Blade, Kraken Slayer, Runaan's Hurricane, Hexoptics C44, Lord Dominik's Regards, Cloak of Agility",Runaan's Hurricane,False,True,rare item(s): Runaan's Hurricane:4.3%(7/162)
TCL/2026 Season/Spring Split_Week 6_5_1,2026-05-15 14:31:00,26.09,Team Phoenix (Turkish Team),Hecabrand,Anivia,Top,winning_opponent,Ozarox Esports,Team Phoenix (Turkish Team),Electrocute,0.3548387096774194,31,Needlessly Large Rod + Hextech Rocketbelt + Seeker's Armguard,"Needlessly Large Rod, Hextech Rocketbelt, Seeker's Armguard, Verdant Barrier, Boots of Swiftness, Rod of Ages","Needlessly Large Rod, Hextech Rocketbelt, Seeker's Armguard, Verdant Barrier",False,True,rare item(s): Needlessly Large Rod:16.1%(5/31); Hextech Rocketbelt:12.9%(4/31); Seeker's Armguard:3.2%(1/31); Verdant Barrier:3.2%(1/31)
TCL/2026 Season/Spring Split_Week 6_5_1,2026-05-15 14:31:00,26.09,Team Phoenix (Turkish Team),meto,Jarvan IV,Jungle,winning_opponent,Ozarox Esports,Team Phoenix (Turkish Team),Conqueror,0.995260663507109,211,Sterak's Gage + Spectre's Cowl + Death's Dance,"Sterak's Gage, Spectre's Cowl, Death's Dance, Sundered Sky, Plated Steelcaps","Sterak's Gage, Spectre's Cowl, Death's Dance",False,True,rare item(s): Sterak's Gage:4.7%(10/211); Spectre's Cowl:3.3%(7/211); Death's Dance:6.2%(13/211)
TCL/2026 Season/Spring Split_Week 6_5_1,2026-05-15 14:31:00,26.09,Team Phoenix (Turkish Team),SmallBugi,Orianna,Mid,winning_opponent,Ozarox Esports,Team Phoenix (Turkish Team),Summon Aery,0.3944954128440367,109,Rabadon's Deathcap + Dark Seal + Shattered Armguard,"Rabadon's Deathcap, Dark Seal, Shattered Armguard, Luden's Echo, Spellslinger's Shoes, Shadowflame",Shattered Armguard,False,True,rare item(s): Shattered Armguard:10.1%(11/109)
TCL/2026 Season/Spring Split_Week 6_5_1,2026-05-15 14:31:00,26.09,Team Phoenix (Turkish Team),Raen1,Ezreal,Bot,winning_opponent,Ozarox Esports,Team Phoenix (Turkish Team),Lethal Tempo,0.897119341563786,243,Frozen Heart + Muramana + Trinity Force,"Frozen Heart, Muramana, Trinity Force, Serylda's Grudge, Endless Hunger, Null-Magic Mantle","Frozen Heart, Null-Magic Mantle",False,True,rare item(s): Frozen Heart:0.8%(2/243); Null-Magic Mantle:0.4%(1/243)
TCL/2026 Season/Spring Split_Week 6_5_1,2026-05-15 14:31:00,26.09,Team Phoenix (Turkish Team),Bmoooo,Bard,Support,winning_opponent,Ozarox Esports,Team Phoenix (Turkish Team),Electrocute,0.945273631840796,201,Locket of the Iron Solari + Boots of Swiftness + Bloodsong,"Locket of the Iron Solari, Boots of Swiftness, Bloodsong, Dead Man's Plate, Fiendish Codex, Forbidden Idol","Fiendish Codex, Forbidden Idol",False,True,rare item(s): Fiendish Codex:3.5%(7/201); Forbidden Idol:9.5%(19/201)
LPL/2026 Season/Split 2_Week 7_9_1,2026-05-16 09:11:00,26.09,ThunderTalk Gaming,Keshi,K'Sante,Top,winning_opponent,EDward Gaming,ThunderTalk Gaming,Grasp of the Undying,0.7861635220125787,159,"Jak'Sho, The Protean + Kaenic Rookern + Randuin's Omen","Jak'Sho, The Protean, Kaenic Rookern, Randuin's Omen, Mercury's Treads, Control Ward",Randuin's Omen,False,True,rare item(s): Randuin's Omen:8.8%(14/159)
LPL/2026 Season/Split 2_Week 7_9_1,2026-05-16 09:11:00,26.09,ThunderTalk Gaming,Junhao,Xin Zhao,Jungle,winning_opponent,EDward Gaming,ThunderTalk Gaming,Conqueror,0.991701244813278,241,Sundered Sky + Black Cleaver + Hexdrinker,"Sundered Sky, Black Cleaver, Hexdrinker, Mercury's Treads, Caulfield's Warhammer","Hexdrinker, Caulfield's Warhammer",False,True,rare item(s): Hexdrinker:6.2%(15/241); Caulfield's Warhammer:6.6%(16/241)
LPL/2026 Season/Split 2_Week 7_9_1,2026-05-16 09:11:00,26.09,ThunderTalk Gaming,Heru,Annie,Mid,winning_opponent,EDward Gaming,ThunderTalk Gaming,Electrocute,0.4523809523809524,126,Malignance + Hextech Rocketbelt + Seeker's Armguard,"Malignance, Hextech Rocketbelt, Seeker's Armguard, Swiftmarch, Amplifying Tome","Seeker's Armguard, Amplifying Tome",False,True,rare item(s): Seeker's Armguard:5.6%(7/126); Amplifying Tome:15.1%(19/126)
LPL/2026 Season/Split 2_Week 7_9_1,2026-05-16 09:11:00,26.09,ThunderTalk Gaming,Ahn,Ashe,Bot,winning_opponent,EDward Gaming,ThunderTalk Gaming,Lethal Tempo,0.9938271604938271,162,Infinity Edge + Kraken Slayer + Mortal Reminder,"Infinity Edge, Kraken Slayer, Mortal Reminder, Runaan's Hurricane",Runaan's Hurricane,False,True,rare item(s): Runaan's Hurricane:4.3%(7/162)
LPL/2026 Season/Split 2_Week 7_9_1,2026-05-16 09:11:00,26.09,ThunderTalk Gaming,Feather,Seraphine,Support,winning_opponent,EDward Gaming,ThunderTalk Gaming,Summon Aery,0.9580838323353293,167,Mikael's Blessing + Echoes of Helia + Ionian Boots of Lucidity,"Mikael's Blessing, Echoes of Helia, Ionian Boots of Lucidity, Dream Maker, Tear of the Goddess, Faerie Charm",Faerie Charm,False,True,rare item(s): Faerie Charm:5.4%(9/167)
Hitpoint Masters/2026 Season/Spring Split_Week 4_4_1,2026-05-16 16:46:00,26.10,Nightbirds,SLT,Vayne,Top,winning_opponent,eSuba,Nightbirds,Lethal Tempo,0.9302325581395349,43,Stormrazor + Essence Reaver + Experimental Hexplate,"Stormrazor, Essence Reaver, Experimental Hexplate, Cloak of Agility, Berserker's Greaves, Doran's Blade",Doran's Blade,False,True,rare item(s): Doran's Blade:18.6%(8/43)
Hitpoint Masters/2026 Season/Spring Split_Week 4_4_1,2026-05-16 16:46:00,26.10,Nightbirds,Strode,Ezreal,Bot,winning_opponent,eSuba,Nightbirds,Lethal Tempo,0.9565217391304348,207,Doran's Blade + Tunneler + Serylda's Grudge,"Doran's Blade, Tunneler, Serylda's Grudge, Endless Hunger, Muramana, Trinity Force",Tunneler,False,True,rare item(s): Tunneler:11.1%(23/207)
Hitpoint Masters/2026 Season/Spring Split_Week 4_4_1,2026-05-16 16:46:00,26.10,Nightbirds,denyk,Nami,Support,winning_opponent,eSuba,Nightbirds,Summon Aery,1.0,102,Solstice Sleigh + Forbidden Idol + Shurelya's Battlesong,"Solstice Sleigh, Forbidden Idol, Shurelya's Battlesong, Imperial Mandate, Boots of Swiftness, Fiendish Codex","Shurelya's Battlesong, Boots of Swiftness, Fiendish Codex",False,True,rare item(s): Shurelya's Battlesong:14.7%(15/102); Boots of Swiftness:2.0%(2/102); Fiendish Codex:11.8%(12/102)
Nexus League/2026 Season/Spring Split_Week 6_8_1,2026-05-17 13:08:00,26.09,Lille Esport,Sukru,Renekton,Top,winning_opponent,Crystal Rose (French Team),Lille Esport,Conqueror,0.896551724137931,116,Death's Dance + Spear of Shojin + Pickaxe,"Death's Dance, Spear of Shojin, Pickaxe, Black Cleaver, Plated Steelcaps","Death's Dance, Pickaxe",False,True,rare item(s): Death's Dance:13.8%(16/116); Pickaxe:17.2%(20/116)
Nexus League/2026 Season/Spring Split_Week 6_8_1,2026-05-17 13:08:00,26.09,Lille Esport,Evangelyne,Corki,Bot,winning_opponent,Crystal Rose (French Team),Lille Esport,Conqueror,0.941747572815534,103,Trinity Force + Muramana + Black Cleaver,"Trinity Force, Muramana, Black Cleaver, Ruby Crystal, Doran's Blade","Black Cleaver, Ruby Crystal",False,True,rare item(s): Black Cleaver:3.9%(4/103); Ruby Crystal:2.9%(3/103)
Nexus League/2026 Season/Spring Split_Week 6_8_1,2026-05-17 13:08:00,26.09,Lille Esport,Satto,Nami,Support,winning_opponent,Crystal Rose (French Team),Lille Esport,Summon Aery,1.0,148,Solstice Sleigh + Imperial Mandate + Shurelya's Battlesong,"Solstice Sleigh, Imperial Mandate, Shurelya's Battlesong, Oblivion Orb, Boots of Swiftness","Shurelya's Battlesong, Oblivion Orb, Boots of Swiftness",False,True,rare item(s): Shurelya's Battlesong:12.2%(18/148); Oblivion Orb:19.6%(29/148); Boots of Swiftness:2.7%(4/148)
LES/2026 Season/Spring Split_Week 7_2_2,2026-05-20 17:54:00,26.10,Team Heretics Academy,Papiteero,Varus,Top,winning_opponent,Barça eSports,Team Heretics Academy,Press the Attack,0.5,32,Doran's Blade + Dusk and Dawn + Nashor's Tooth,"Doran's Blade, Dusk and Dawn, Nashor's Tooth, Berserker's Greaves, Needlessly Large Rod, Needlessly Large Rod","Nashor's Tooth, Berserker's Greaves, Needlessly Large Rod, Needlessly Large Rod",False,True,rare item(s): Nashor's Tooth:6.2%(2/32); Berserker's Greaves:3.1%(1/32); Needlessly Large Rod:12.5%(4/32); Needlessly Large Rod:12.5%(4/32)
LES/2026 Season/Spring Split_Week 7_2_2,2026-05-20 17:54:00,26.10,Team Heretics Academy,Lurox,Wukong,Jungle,winning_opponent,Barça eSports,Team Heretics Academy,Conqueror,0.9938271604938271,162,Sundered Sky + Trinity Force + Pickaxe,"Sundered Sky, Trinity Force, Pickaxe, Mercury's Treads, Phage, Glowing Mote","Pickaxe, Phage, Glowing Mote",False,True,rare item(s): Pickaxe:11.1%(18/162); Phage:5.6%(9/162); Glowing Mote:2.5%(4/162)
LES/2026 Season/Spring Split_Week 7_2_2,2026-05-20 17:54:00,26.10,Team Heretics Academy,Mercy9,Cassiopeia,Mid,winning_opponent,Barça eSports,Team Heretics Academy,Deathfire Touch,0.9318181818181818,132,Shattered Armguard + Seraph's Embrace + Rod of Ages,"Shattered Armguard, Seraph's Embrace, Rod of Ages, Chainlaced Crushers, Rylai's Crystal Scepter",Shattered Armguard,False,True,rare item(s): Shattered Armguard:6.1%(8/132)
LES/2026 Season/Spring Split_Week 7_2_2,2026-05-20 17:54:00,26.10,Team Heretics Academy,Batuuu,Rell,Support,winning_opponent,Barça eSports,Team Heretics Academy,Aftershock,0.7763157894736842,76,Celestial Opposition + Zeke's Convergence + Mercury's Treads,"Celestial Opposition, Zeke's Convergence, Mercury's Treads, Doran's Helm, Protoplasm Harness, Ruby Crystal",Doran's Helm,False,True,rare item(s): Doran's Helm:6.6%(5/76)
LJL/2026 Season/Spring Series_Week 4_2_1,2026-05-21 10:03:00,26.10,New Meta,HRK,Xin Zhao,Jungle,winning_opponent,Rising Gaming,New Meta,Conqueror,0.9326424870466321,193,Mercury's Treads + Titanic Hydra + Dusk and Dawn,"Mercury's Treads, Titanic Hydra, Dusk and Dawn, Haunting Guise",Haunting Guise,False,True,rare item(s): Haunting Guise:3.1%(6/193)
LJL/2026 Season/Spring Series_Week 4_2_1,2026-05-21 10:03:00,26.10,New Meta,Alps,Sylas,Mid,winning_opponent,Rising Gaming,New Meta,Conqueror,0.84375,32,Amplifying Tome + Hextech Rocketbelt + Refillable Potion,"Amplifying Tome, Hextech Rocketbelt, Refillable Potion, Riftmaker, Chainlaced Crushers, Doran's Shield","Amplifying Tome, Refillable Potion, Doran's Shield",False,True,rare item(s): Amplifying Tome:18.8%(6/32); Refillable Potion:6.2%(2/32); Doran's Shield:3.1%(1/32)
LJL/2026 Season/Spring Series_Week 4_2_1,2026-05-21 10:03:00,26.10,New Meta,uKyo,Karma,Support,winning_opponent,Rising Gaming,New Meta,Summon Aery,0.717391304347826,138,Ionian Boots of Lucidity + Echoes of Helia + Dream Maker,"Ionian Boots of Lucidity, Echoes of Helia, Dream Maker, Moonstone Renewer, Ruby Crystal, Glowing Mote","Ruby Crystal, Glowing Mote",False,True,rare item(s): Ruby Crystal:7.2%(10/138); Glowing Mote:8.7%(12/138)
LFL/2026 Season/Spring Playoffs_Round 2_3_2,2026-05-21 16:56:00,26.10,Galions,Carlsen,Renekton,Top,winning_opponent,Esprit Shōnen,Galions,Conqueror,0.8974358974358975,117,Steel Sigil + Black Cleaver + Mercury's Treads,"Steel Sigil, Black Cleaver, Mercury's Treads, Caulfield's Warhammer, Sterak's Gage, Spirit Visage","Caulfield's Warhammer, Spirit Visage",False,True,rare item(s): Caulfield's Warhammer:5.1%(6/117); Spirit Visage:11.1%(13/117)
LFL/2026 Season/Spring Playoffs_Round 2_3_2,2026-05-21 16:56:00,26.10,Galions,Thayger,Zaahen,Jungle,winning_opponent,Esprit Shōnen,Galions,Conqueror,1.0,23,Sundered Sky + Trinity Force + Death's Dance,"Sundered Sky, Trinity Force, Death's Dance, Control Ward, Hexdrinker, Mercury's Treads",Hexdrinker,False,True,rare item(s): Hexdrinker:13.0%(3/23)
LFL/2026 Season/Spring Playoffs_Round 2_3_2,2026-05-21 16:56:00,26.10,Galions,OMON,Annie,Mid,winning_opponent,Esprit Shōnen,Galions,Deathfire Touch,0.6226415094339622,106,Malignance + Crimson Lucidity + Dark Seal,"Malignance, Crimson Lucidity, Dark Seal, Cryptbloom, Rabadon's Deathcap","Cryptbloom, Rabadon's Deathcap",False,True,rare item(s): Cryptbloom:4.7%(5/106); Rabadon's Deathcap:14.2%(15/106)
LFL/2026 Season/Spring Playoffs_Round 2_3_2,2026-05-21 16:56:00,26.10,Galions,HARPOON,Ashe,Bot,winning_opponent,Esprit Shōnen,Galions,Lethal Tempo,0.9886363636363636,176,Doran's Bow + Phantom Dancer + Hexoptics C44,"Doran's Bow, Phantom Dancer, Hexoptics C44, Infinity Edge, Cloak of Agility, Last Whisper",Last Whisper,False,True,rare item(s): Last Whisper:9.7%(17/176)
LFL/2026 Season/Spring Playoffs_Round 2_3_2,2026-05-21 16:56:00,26.10,Galions,Zoelys,Seraphine,Support,winning_opponent,Esprit Shōnen,Galions,Summon Aery,0.98125,160,Dream Maker + Diadem of Songs + Echoes of Helia,"Dream Maker, Diadem of Songs, Echoes of Helia, Moonstone Renewer, Ionian Boots of Lucidity, Ruby Crystal",Ruby Crystal,False,True,rare item(s): Ruby Crystal:7.5%(12/160)
VCS/2026 Season/Summer Season_Week 2_5_2,2026-05-22 10:56:00,26.09,Saigon Warriors,Nern,Gnar,Top,winning_opponent,Saigon Dino,Saigon Warriors,Fleet Footwork,0.9090909090909091,165,Recurve Bow + Plated Steelcaps + Sterak's Gage,"Recurve Bow, Plated Steelcaps, Sterak's Gage, Trinity Force, Black Cleaver, Negatron Cloak",Recurve Bow,False,True,rare item(s): Recurve Bow:13.3%(22/165)
VCS/2026 Season/Summer Season_Week 2_5_2,2026-05-22 10:56:00,26.09,Saigon Warriors,j1n5,Skarner,Jungle,winning_opponent,Saigon Dino,Saigon Warriors,Grasp of the Undying,0.797752808988764,89,Bandlepipes + Protoplasm Harness + Unending Despair,"Bandlepipes, Protoplasm Harness, Unending Despair, Mercury's Treads, Kindlegem, Thornmail",Thornmail,False,True,rare item(s): Thornmail:6.7%(6/89)
VCS/2026 Season/Summer Season_Week 2_5_2,2026-05-22 10:56:00,26.09,Saigon Warriors,Aomine,Lucian,Bot,winning_opponent,Saigon Dino,Saigon Warriors,Press the Attack,0.9302325581395349,172,Mortal Reminder + Navori Flickerblade + Infinity Edge,"Mortal Reminder, Navori Flickerblade, Infinity Edge, Essence Reaver, Phage","Mortal Reminder, Phage",False,True,rare item(s): Mortal Reminder:16.9%(29/172); Phage:0.6%(1/172)
Benelux Ascend Series/2026 Season/Spring Playoffs_Round 1_4_2,2026-05-22 18:59:00,26.10,ZennIT Academy,Kalenz,Ornn,Top,winning_opponent,FUSE,ZennIT Academy,Grasp of the Undying,0.8392857142857143,56,Warden's Mail + Plated Steelcaps + Doran's Helm,"Warden's Mail, Plated Steelcaps, Doran's Helm, Unending Despair, Kaenic Rookern, Giant's Belt",Warden's Mail,False,True,rare item(s): Warden's Mail:12.5%(7/56)
Benelux Ascend Series/2026 Season/Spring Playoffs_Round 1_4_2,2026-05-22 18:59:00,26.10,ZennIT Academy,Xio,Hwei,Mid,winning_opponent,FUSE,ZennIT Academy,Deathfire Touch,0.3684210526315789,38,Rabadon's Deathcap + Shadowflame + Luden's Echo,"Rabadon's Deathcap, Shadowflame, Luden's Echo, Oblivion Orb, Void Staff, Immortal Path","Rabadon's Deathcap, Luden's Echo, Oblivion Orb, Void Staff, Immortal Path",False,True,rare item(s): Rabadon's Deathcap:15.8%(6/38); Luden's Echo:13.2%(5/38); Oblivion Orb:13.2%(5/38); Void Staff:13.2%(5/38); Immortal Path:2.6%(1/38)
Benelux Ascend Series/2026 Season/Spring Playoffs_Round 1_4_2,2026-05-22 18:59:00,26.10,ZennIT Academy,Khaydarin,Ashe,Bot,winning_opponent,FUSE,ZennIT Academy,Lethal Tempo,0.9886363636363636,176,Hexoptics C44 + Phantom Dancer + Bloodthirster,"Hexoptics C44, Phantom Dancer, Bloodthirster, Lord Dominik's Regards, Infinity Edge",Bloodthirster,False,True,rare item(s): Bloodthirster:5.7%(10/176)
North American Challengers League/2026 Season/Spring Playoffs_Round 2_1_2,2026-05-22 20:55:00,26.10,CCG Esports,Fiji,Yorick,Top,winning_opponent,NRG,CCG Esports,Grasp of the Undying,0.9259259259259259,54,Black Cleaver + Hullbreaker + Chain Vest,"Black Cleaver, Hullbreaker, Chain Vest, Maw of Malmortius, Plated Steelcaps, Null-Magic Mantle","Black Cleaver, Hullbreaker, Maw of Malmortius, Null-Magic Mantle",False,True,rare item(s): Black Cleaver:9.3%(5/54); Hullbreaker:5.6%(3/54); Maw of Malmortius:3.7%(2/54); Null-Magic Mantle:7.4%(4/54)
North American Challengers League/2026 Season/Spring Playoffs_Round 2_1_2,2026-05-22 20:55:00,26.10,CCG Esports,Dardoch,Jarvan IV,Jungle,winning_opponent,NRG,CCG Esports,Conqueror,1.0,166,Black Cleaver + Sundered Sky + Kindlegem,"Black Cleaver, Sundered Sky, Kindlegem, Death's Dance, Mercury's Treads, Null-Magic Mantle","Kindlegem, Death's Dance, Null-Magic Mantle",False,True,rare item(s): Kindlegem:2.4%(4/166); Death's Dance:10.2%(17/166); Null-Magic Mantle:3.6%(6/166)
North American Challengers League/2026 Season/Spring Playoffs_Round 2_1_2,2026-05-22 20:55:00,26.10,CCG Esports,AoJune,Galio,Mid,winning_opponent,NRG,CCG Esports,Stormraider's Surge,0.6551724137931034,58,Riftmaker + Hextech Rocketbelt + Hollow Radiance,"Riftmaker, Hextech Rocketbelt, Hollow Radiance, Dark Seal, Spellslinger's Shoes",Spellslinger's Shoes,False,True,rare item(s): Spellslinger's Shoes:15.5%(9/58)
North American Challengers League/2026 Season/Spring Playoffs_Round 2_1_2,2026-05-22 20:55:00,26.10,CCG Esports,Cody Sun,Zeri,Bot,winning_opponent,NRG,CCG Esports,Lethal Tempo,0.9375,32,Hexoptics C44 + Lord Dominik's Regards + Infinity Edge,"Hexoptics C44, Lord Dominik's Regards, Infinity Edge, Long Sword, Fiendhunter Bolts",Long Sword,False,True,rare item(s): Long Sword:15.6%(5/32)
LCP/2026 Season/Split 2 Playoffs_Round 1_1_2,2026-05-23 10:10:00,26.10,MVK Esports,Gury,Lee Sin,Jungle,winning_opponent,CTBC Flying Oyster,MVK Esports,Conqueror,1.0,123,Eclipse + Sundered Sky + Control Ward,"Eclipse, Sundered Sky, Control Ward, Plated Steelcaps, Guardian Angel, Long Sword",Long Sword,False,True,rare item(s): Long Sword:18.7%(23/123)
LCP/2026 Season/Split 2 Playoffs_Round 1_1_2,2026-05-23 10:10:00,26.10,MVK Esports,Seany,Aurora,Mid,winning_opponent,CTBC Flying Oyster,MVK Esports,Electrocute,0.9905660377358491,106,Shadowflame + Bloodletter's Curse + Hextech Rocketbelt,"Shadowflame, Bloodletter's Curse, Hextech Rocketbelt, Mejai's Soulstealer, Spellslinger's Shoes, Control Ward","Bloodletter's Curse, Mejai's Soulstealer, Control Ward",False,True,rare item(s): Bloodletter's Curse:0.9%(1/106); Mejai's Soulstealer:9.4%(10/106); Control Ward:14.2%(15/106)
LIT/2026 Season/Summer Promotion_Semifinals_2_3,2026-05-23 19:13:00,26.10,P11 Esports,Demo,Vayne,Top,winning_opponent,StoneHenge Esports,P11 Esports,Lethal Tempo,0.9302325581395349,43,Doran's Bow + Stormrazor + B. F. Sword,"Doran's Bow, Stormrazor, B. F. Sword, Plated Steelcaps, Essence Reaver, Experimental Hexplate",B. F. Sword,False,True,rare item(s): B. F. Sword:18.6%(8/43)
LIT/2026 Season/Summer Promotion_Semifinals_2_3,2026-05-23 19:13:00,26.10,P11 Esports,Keyross,Wukong,Jungle,winning_opponent,StoneHenge Esports,P11 Esports,Conqueror,0.9938271604938271,162,Sundered Sky + Trinity Force + Plated Steelcaps,"Sundered Sky, Trinity Force, Plated Steelcaps, Death's Dance, Guardian Angel, Kindlegem","Guardian Angel, Kindlegem",False,True,rare item(s): Guardian Angel:19.1%(31/162); Kindlegem:3.7%(6/162)
LIT/2026 Season/Summer Promotion_Semifinals_2_3,2026-05-23 19:13:00,26.10,P11 Esports,Budino,Hwei,Mid,winning_opponent,StoneHenge Esports,P11 Esports,Deathfire Touch,0.3684210526315789,38,Shattered Armguard + Needlessly Large Rod + Blackfire Torch,"Shattered Armguard, Needlessly Large Rod, Blackfire Torch, Spellslinger's Shoes, Liandry's Torment, Void Staff","Shattered Armguard, Void Staff",False,True,rare item(s): Shattered Armguard:5.3%(2/38); Void Staff:13.2%(5/38)
LIT/2026 Season/Summer Promotion_Semifinals_2_3,2026-05-23 19:13:00,26.10,P11 Esports,Huubiii,Ashe,Bot,winning_opponent,StoneHenge Esports,P11 Esports,Lethal Tempo,0.9886363636363636,176,Lord Dominik's Regards + Hexoptics C44 + Phantom Dancer,"Lord Dominik's Regards, Hexoptics C44, Phantom Dancer, Blade of the Ruined King, Infinity Edge",Blade of the Ruined King,False,True,rare item(s): Blade of the Ruined King:0.6%(1/176)
LCS/2026 Season/Spring Playoffs_Round 1_1_3,2026-05-23 21:50:00,26.10,FlyQuest,Gryffinn,Shyvana,Jungle,winning_opponent,Cloud9,FlyQuest,Press the Attack,0.5833333333333334,12,Trinity Force + Control Ward + Mercury's Treads,"Trinity Force, Control Ward, Mercury's Treads, Death's Dance, Tunneler, Spear of Shojin",Tunneler,False,True,rare item(s): Tunneler:8.3%(1/12)
LCS/2026 Season/Spring Playoffs_Round 1_1_3,2026-05-23 21:50:00,26.10,FlyQuest,Massu,Sivir,Bot,winning_opponent,Cloud9,FlyQuest,Lethal Tempo,1.0,69,Doran's Bow + Essence Reaver + Infinity Edge,"Doran's Bow, Essence Reaver, Infinity Edge, Immortal Shieldbow, Zeal","Immortal Shieldbow, Zeal",False,True,rare item(s): Immortal Shieldbow:2.9%(2/69); Zeal:2.9%(2/69)
Comic Con Baltics 2026_Finals_1_4,2026-05-24 11:16:00,26.10,Wilderness Gaming,Krytybu,Volibear,Top,winning_opponent,Kenty,Wilderness Gaming,Lethal Tempo,0.3333333333333333,6,Doran's Ring + Dusk and Dawn + Warden's Mail,"Doran's Ring, Dusk and Dawn, Warden's Mail, Spirit Visage, Zeke's Convergence, Ionian Boots of Lucidity","Zeke's Convergence, Ionian Boots of Lucidity",False,True,rare item(s): Zeke's Convergence:16.7%(1/6); Ionian Boots of Lucidity:16.7%(1/6)
Comic Con Baltics 2026_Finals_1_4,2026-05-24 11:16:00,26.10,Wilderness Gaming,Ploxy,Maokai,Jungle,winning_opponent,Kenty,Wilderness Gaming,First Strike,0.5769230769230769,26,Bloodletter's Curse + Liandry's Torment + Protoplasm Harness,"Bloodletter's Curse, Liandry's Torment, Protoplasm Harness, Mercury's Treads, Unending Despair, Ruby Crystal","Protoplasm Harness, Unending Despair, Ruby Crystal",False,True,rare item(s): Protoplasm Harness:19.2%(5/26); Unending Despair:11.5%(3/26); Ruby Crystal:19.2%(5/26)
Comic Con Baltics 2026_Finals_1_4,2026-05-24 11:16:00,26.10,Wilderness Gaming,Nomi,Caitlyn,Bot,winning_opponent,Kenty,Wilderness Gaming,Lethal Tempo,0.9014084507042254,142,B. F. Sword + Hexoptics C44 + Infinity Edge,"B. F. Sword, Hexoptics C44, Infinity Edge, Rapid Firecannon, Lord Dominik's Regards, Vampiric Scepter","B. F. Sword, Vampiric Scepter",False,True,rare item(s): B. F. Sword:14.8%(21/142); Vampiric Scepter:11.3%(16/142)
Comic Con Baltics 2026_Finals_1_4,2026-05-24 11:16:00,26.10,Wilderness Gaming,Zoophobias,Thresh,Support,winning_opponent,Kenty,Wilderness Gaming,Aftershock,0.38461538461538464,13,Mikael's Blessing + Celestial Opposition + Kindlegem,"Mikael's Blessing, Celestial Opposition, Kindlegem, Knight's Vow, Null-Magic Mantle, Ionian Boots of Lucidity",Null-Magic Mantle,False,True,rare item(s): Null-Magic Mantle:15.4%(2/13)
LIT/2026 Season/Summer Promotion_Finals_1_1,2026-05-24 16:11:00,26.10,P11 Esports,Demo,Sion,Top,winning_opponent,Epitomy Esports,P11 Esports,Grasp of the Undying,0.9476744186046512,172,"Doran's Helm + Mercury's Treads + Jak'Sho, The Protean","Doran's Helm, Mercury's Treads, Jak'Sho, The Protean, Null-Magic Mantle, Kaenic Rookern, Unending Despair","Doran's Helm, Null-Magic Mantle",False,True,rare item(s): Doran's Helm:18.0%(31/172); Null-Magic Mantle:7.0%(12/172)
LIT/2026 Season/Summer Promotion_Finals_1_1,2026-05-24 16:11:00,26.10,P11 Esports,Keyross,Zaahen,Jungle,winning_opponent,Epitomy Esports,P11 Esports,Conqueror,1.0,23,Sundered Sky + Trinity Force + Plated Steelcaps,"Sundered Sky, Trinity Force, Plated Steelcaps, Guardian Angel",Guardian Angel,False,True,rare item(s): Guardian Angel:13.0%(3/23)
LIT/2026 Season/Summer Promotion_Finals_1_1,2026-05-24 16:11:00,26.10,P11 Esports,Budino,Ryze,Mid,winning_opponent,Epitomy Esports,P11 Esports,Deathfire Touch,0.9367816091954023,174,Actualizer + Seraph's Embrace + Armored Advance,"Actualizer, Seraph's Embrace, Armored Advance, Rod of Ages",Armored Advance,False,True,rare item(s): Armored Advance:1.7%(3/174)
LIT/2026 Season/Summer Promotion_Finals_1_1,2026-05-24 16:11:00,26.10,P11 Esports,Huubiii,Zeri,Bot,winning_opponent,Epitomy Esports,P11 Esports,Lethal Tempo,0.9375,32,Lord Dominik's Regards + Infinity Edge + Runaan's Hurricane,"Lord Dominik's Regards, Infinity Edge, Runaan's Hurricane, Vampiric Scepter, Yun Tal Wildarrows","Vampiric Scepter, Yun Tal Wildarrows",False,True,rare item(s): Vampiric Scepter:9.4%(3/32); Yun Tal Wildarrows:15.6%(5/32)
CBLOL/2026 Season/Split 1 Playoffs_Round 4_1_2,2026-05-24 17:02:00,26.10,FURIA,Guigo,Sion,Top,winning_opponent,RED Canids,FURIA,Grasp of the Undying,0.9476744186046512,172,Tunneler + Randuin's Omen + Force of Nature,"Tunneler, Randuin's Omen, Force of Nature, Bramble Vest, Plated Steelcaps, Unending Despair","Tunneler, Randuin's Omen, Force of Nature",False,True,rare item(s): Tunneler:1.7%(3/172); Randuin's Omen:14.0%(24/172); Force of Nature:3.5%(6/172)
CBLOL/2026 Season/Split 1 Playoffs_Round 4_1_2,2026-05-24 17:02:00,26.10,FURIA,Tatu,Lee Sin,Jungle,winning_opponent,RED Canids,FURIA,Conqueror,1.0,123,Sundered Sky + Caulfield's Warhammer + Hexdrinker,"Sundered Sky, Caulfield's Warhammer, Hexdrinker, Mercury's Treads, Guardian Angel, Black Cleaver","Caulfield's Warhammer, Hexdrinker",False,True,rare item(s): Caulfield's Warhammer:6.5%(8/123); Hexdrinker:4.1%(5/123)
CBLOL/2026 Season/Split 1 Playoffs_Round 4_1_2,2026-05-24 17:02:00,26.10,FURIA,Ayu,Ashe,Bot,winning_opponent,RED Canids,FURIA,Lethal Tempo,0.9886363636363636,176,B. F. Sword + Phantom Dancer + Doran's Bow,"B. F. Sword, Phantom Dancer, Doran's Bow, Mortal Reminder, Cloak of Agility, Hexoptics C44",B. F. Sword,False,True,rare item(s): B. F. Sword:19.9%(35/176)
CBLOL/2026 Season/Split 1 Playoffs_Round 4_1_2,2026-05-24 17:02:00,26.10,FURIA,JoJo,Lulu,Support,winning_opponent,RED Canids,FURIA,Summon Aery,1.0,130,Ardent Censer + Mikael's Blessing + Dream Maker,"Ardent Censer, Mikael's Blessing, Dream Maker, Ionian Boots of Lucidity, Oblivion Orb, Kindlegem",Oblivion Orb,False,True,rare item(s): Oblivion Orb:11.5%(15/130)
LEC/2026 Season/Spring Playoffs_Round 3_1_5,2026-05-25 18:29:00,26.10,G2 Esports,SkewMond,Pantheon,Jungle,winning_opponent,Movistar KOI,G2 Esports,Conqueror,1.0,126,Sundered Sky + Guardian Angel + Negatron Cloak,"Sundered Sky, Guardian Angel, Negatron Cloak, Plated Steelcaps, Black Cleaver",Negatron Cloak,False,True,rare item(s): Negatron Cloak:3.2%(4/126)
LEC/2026 Season/Spring Playoffs_Round 3_1_5,2026-05-25 18:29:00,26.10,G2 Esports,Caps,Sylas,Mid,winning_opponent,Movistar KOI,G2 Esports,Conqueror,0.84375,32,Hextech Rocketbelt + Rabadon's Deathcap + Zhonya's Hourglass,"Hextech Rocketbelt, Rabadon's Deathcap, Zhonya's Hourglass, Crimson Lucidity, Shadowflame, Amplifying Tome","Rabadon's Deathcap, Shadowflame, Amplifying Tome",False,True,rare item(s): Rabadon's Deathcap:12.5%(4/32); Shadowflame:15.6%(5/32); Amplifying Tome:18.8%(6/32)
LEC/2026 Season/Spring Playoffs_Round 3_1_5,2026-05-25 18:29:00,26.10,G2 Esports,Hans Sama,Jinx,Bot,winning_opponent,Movistar KOI,G2 Esports,Lethal Tempo,1.0,25,Infinity Edge + Mortal Reminder + Phantom Dancer,"Infinity Edge, Mortal Reminder, Phantom Dancer, Guardian Angel, Hexoptics C44, Long Sword","Mortal Reminder, Long Sword",False,True,rare item(s): Mortal Reminder:20.0%(5/25); Long Sword:20.0%(5/25)
LEC/2026 Season/Spring Playoffs_Round 3_1_5,2026-05-25 18:29:00,26.10,G2 Esports,Labrov,Soraka,Support,winning_opponent,Movistar KOI,G2 Esports,Summon Aery,1.0,7,Mikael's Blessing + Solstice Sleigh + Moonstone Renewer,"Mikael's Blessing, Solstice Sleigh, Moonstone Renewer, Ionian Boots of Lucidity, Ardent Censer","Mikael's Blessing, Ardent Censer",False,True,rare item(s): Mikael's Blessing:14.3%(1/7); Ardent Censer:14.3%(1/7)
LCK/2026 Season/Rounds 1-2_Week 9_1_2,2026-05-27 09:12:00,26.10,Gen.G,Kiin,Yorick,Top,winning_opponent,Hanwha Life Esports,Gen.G,Grasp of the Undying,0.9259259259259259,54,"Jak'Sho, The Protean + Pickaxe + Spear of Shojin","Jak'Sho, The Protean, Pickaxe, Spear of Shojin, Trinity Force, Mercury's Treads",Pickaxe,False,True,rare item(s): Pickaxe:16.7%(9/54)
LCK/2026 Season/Rounds 1-2_Week 9_1_2,2026-05-27 09:12:00,26.10,Gen.G,Ruler,Lucian,Bot,winning_opponent,Hanwha Life Esports,Gen.G,Press the Attack,0.9583333333333334,144,Infinity Edge + Essence Reaver + Navori Flickerblade,"Infinity Edge, Essence Reaver, Navori Flickerblade, Lord Dominik's Regards, Vampiric Scepter, Doran's Bow",Vampiric Scepter,False,True,rare item(s): Vampiric Scepter:4.9%(7/144)
LCK/2026 Season/Rounds 1-2_Week 9_1_2,2026-05-27 09:12:00,26.10,Gen.G,Duro,Milio,Support,winning_opponent,Hanwha Life Esports,Gen.G,Summon Aery,1.0,146,Echoes of Helia + Dream Maker + Oblivion Orb,"Echoes of Helia, Dream Maker, Oblivion Orb, Ionian Boots of Lucidity, Moonstone Renewer",Oblivion Orb,False,True,rare item(s): Oblivion Orb:19.2%(28/146)
NLC/2026 Season/Spring Split_Day 2_2_1,2026-05-27 17:05:00,26.10,Ruddy Corporation,Markus,Naafiri,Jungle,winning_opponent,Arctic Pandas,Ruddy Corporation,Conqueror,0.9896907216494846,97,Guardian Angel + Death's Dance + Serpent's Fang,"Guardian Angel, Death's Dance, Serpent's Fang, Black Cleaver, Voltaic Cyclosword, Mercury's Treads",Guardian Angel,False,True,rare item(s): Guardian Angel:18.6%(18/97)
NLC/2026 Season/Spring Split_Day 2_2_1,2026-05-27 17:05:00,26.10,Ruddy Corporation,MadsF,Ashe,Bot,winning_opponent,Arctic Pandas,Ruddy Corporation,Lethal Tempo,0.9886363636363636,176,Infinity Edge + B. F. Sword + Phantom Dancer,"Infinity Edge, B. F. Sword, Phantom Dancer, Guardian Angel, Hexoptics C44, Mortal Reminder","B. F. Sword, Guardian Angel",False,True,rare item(s): B. F. Sword:19.9%(35/176); Guardian Angel:10.8%(19/176)
NLC/2026 Season/Spring Split_Day 2_2_1,2026-05-27 17:05:00,26.10,Ruddy Corporation,FredSpaghet,Milio,Support,winning_opponent,Arctic Pandas,Ruddy Corporation,Summon Aery,1.0,146,Ionian Boots of Lucidity + Redemption + Dawncore,"Ionian Boots of Lucidity, Redemption, Dawncore, Dream Maker, Echoes of Helia, Moonstone Renewer","Redemption, Dawncore",False,True,rare item(s): Redemption:11.6%(17/146); Dawncore:2.7%(4/146)
Esports Balkan League/2026 Season/Spring Playoffs_Round 4_2_4,2026-05-27 18:42:00,26.10,Magaza Esports,Archfiend,Renekton,Top,winning_opponent,The Secret Club,Magaza Esports,Conqueror,0.8974358974358975,117,Warden's Mail + Sterak's Gage + Mercury's Treads,"Warden's Mail, Sterak's Gage, Mercury's Treads, Guardian Angel, Black Cleaver, Giant's Belt","Warden's Mail, Guardian Angel, Giant's Belt",False,True,rare item(s): Warden's Mail:6.0%(7/117); Guardian Angel:14.5%(17/117); Giant's Belt:0.9%(1/117)
Esports Balkan League/2026 Season/Spring Playoffs_Round 4_2_4,2026-05-27 18:42:00,26.10,Magaza Esports,Metroflox,Skarner,Jungle,winning_opponent,The Secret Club,Magaza Esports,Grasp of the Undying,0.8765432098765432,81,Bandlepipes + Protoplasm Harness + Negatron Cloak,"Bandlepipes, Protoplasm Harness, Negatron Cloak, Mercury's Treads, Unending Despair, Chain Vest","Negatron Cloak, Chain Vest",False,True,rare item(s): Negatron Cloak:13.6%(11/81); Chain Vest:6.2%(5/81)
Esports Balkan League/2026 Season/Spring Playoffs_Round 4_2_4,2026-05-27 18:42:00,26.10,Magaza Esports,FSZ,LeBlanc,Mid,winning_opponent,The Secret Club,Magaza Esports,Electrocute,1.0,31,Needlessly Large Rod + Void Staff + Crimson Lucidity,"Needlessly Large Rod, Void Staff, Crimson Lucidity, Shadowflame, Luden's Echo",Crimson Lucidity,False,True,rare item(s): Crimson Lucidity:6.5%(2/31)
Esports Balkan League/2026 Season/Spring Playoffs_Round 4_2_4,2026-05-27 18:42:00,26.10,Magaza Esports,Crem,Smolder,Bot,winning_opponent,The Secret Club,Magaza Esports,Deathfire Touch,1.0,31,Infinity Edge + Guardian Angel + Black Cleaver,"Infinity Edge, Guardian Angel, Black Cleaver, Rapid Firecannon, Essence Reaver, Endless Hunger","Infinity Edge, Guardian Angel",False,True,rare item(s): Infinity Edge:19.4%(6/31); Guardian Angel:6.5%(2/31)
Esports Balkan League/2026 Season/Spring Playoffs_Round 4_2_4,2026-05-27 18:42:00,26.10,Magaza Esports,justcan,Braum,Support,winning_opponent,The Secret Club,Magaza Esports,Guardian,0.6842105263157895,38,Force of Nature + Plated Steelcaps + Celestial Opposition,"Force of Nature, Plated Steelcaps, Celestial Opposition, Knight's Vow, Locket of the Iron Solari",Force of Nature,False,True,rare item(s): Force of Nature:2.6%(1/38)
Streamers Clash/Season 4_Day 7_5_1,2026-05-28 19:54:00,26.10,VEDICI DEEMONS,AmfikCZ,Sion,Top,winning_opponent,SILNĚJŠÍ SE XNAPYM,VEDICI DEEMONS,Grasp of the Undying,0.9476744186046512,172,"Doran's Shield + Jak'Sho, The Protean + Glacial Buckler","Doran's Shield, Jak'Sho, The Protean, Glacial Buckler, Warden's Mail, Plated Steelcaps, Sunfire Aegis","Doran's Shield, Glacial Buckler, Warden's Mail, Sunfire Aegis",False,True,rare item(s): Doran's Shield:13.4%(23/172); Glacial Buckler:1.2%(2/172); Warden's Mail:15.1%(26/172); Sunfire Aegis:9.9%(17/172)
Streamers Clash/Season 4_Day 7_5_1,2026-05-28 19:54:00,26.10,VEDICI DEEMONS,Toybu,Ryze,Mid,winning_opponent,SILNĚJŠÍ SE XNAPYM,VEDICI DEEMONS,Deathfire Touch,0.9367816091954023,174,Actualizer + Void Staff + Seraph's Embrace,"Actualizer, Void Staff, Seraph's Embrace, Chainlaced Crushers, Rabadon's Deathcap, Rod of Ages","Void Staff, Rabadon's Deathcap",False,True,rare item(s): Void Staff:6.9%(12/174); Rabadon's Deathcap:8.6%(15/174)
Streamers Clash/Season 4_Day 7_5_1,2026-05-28 19:54:00,26.10,VEDICI DEEMONS,Chmelda,Tristana,Bot,winning_opponent,SILNĚJŠÍ SE XNAPYM,VEDICI DEEMONS,Lethal Tempo,1.0,18,Navori Flickerblade + Yun Tal Wildarrows + Control Ward,"Navori Flickerblade, Yun Tal Wildarrows, Control Ward, Lord Dominik's Regards, Infinity Edge",Control Ward,False,True,rare item(s): Control Ward:16.7%(3/18)
Streamers Clash/Season 4_Day 7_5_1,2026-05-28 19:54:00,26.10,VEDICI DEEMONS,DeeThane,Yuumi,Support,winning_opponent,SILNĚJŠÍ SE XNAPYM,VEDICI DEEMONS,Summon Aery,0.92,25,Dream Maker + Ardent Censer + Moonstone Renewer,"Dream Maker, Ardent Censer, Moonstone Renewer, Imperial Mandate",Imperial Mandate,False,True,rare item(s): Imperial Mandate:8.0%(2/25)
North American Challengers League/2026 Season/Spring Playoffs_Round 3_1_3,2026-05-28 22:00:00,26.10,NRG,Zamudo,Renekton,Top,winning_opponent,Winthrop University,NRG,Conqueror,0.8974358974358975,117,Control Ward + Guardian Angel + Sterak's Gage,"Control Ward, Guardian Angel, Sterak's Gage, Black Cleaver, Eclipse, Plated Steelcaps","Guardian Angel, Eclipse",False,True,rare item(s): Guardian Angel:14.5%(17/117); Eclipse:7.7%(9/117)
North American Challengers League/2026 Season/Spring Playoffs_Round 3_1_3,2026-05-28 22:00:00,26.10,NRG,Kisno,Trundle,Jungle,winning_opponent,Winthrop University,NRG,Press the Attack,0.9466666666666667,75,Dead Man's Plate + Trinity Force + Mercury's Treads,"Dead Man's Plate, Trinity Force, Mercury's Treads, Giant's Belt, Spirit Visage, Warden's Mail","Giant's Belt, Warden's Mail",False,True,rare item(s): Giant's Belt:13.3%(10/75); Warden's Mail:9.3%(7/75)
North American Challengers League/2026 Season/Spring Playoffs_Round 3_1_3,2026-05-28 22:00:00,26.10,NRG,Sushee,Lucian,Bot,winning_opponent,Winthrop University,NRG,Press the Attack,0.9583333333333334,144,B. F. Sword + Essence Reaver + Navori Flickerblade,"B. F. Sword, Essence Reaver, Navori Flickerblade, Serpent's Fang, Lord Dominik's Regards",Serpent's Fang,False,True,rare item(s): Serpent's Fang:11.1%(16/144)
North American Challengers League/2026 Season/Spring Playoffs_Round 3_1_3,2026-05-28 22:00:00,26.10,NRG,Spica,Milio,Support,winning_opponent,Winthrop University,NRG,Summon Aery,1.0,146,Echoes of Helia + Redemption + Dream Maker,"Echoes of Helia, Redemption, Dream Maker, Moonstone Renewer, Ionian Boots of Lucidity, Forbidden Idol",Redemption,False,True,rare item(s): Redemption:11.6%(17/146)
LPL/2026 Season/Split 2 Playoffs_Round 1_1_3,2026-05-29 08:05:00,26.10,JD Gaming,JunJia,Nocturne,Jungle,winning_opponent,ThunderTalk Gaming,JD Gaming,Conqueror,0.74,100,Experimental Hexplate + Black Cleaver + Serpent's Fang,"Experimental Hexplate, Black Cleaver, Serpent's Fang, Plated Steelcaps, Steel Sigil, Control Ward","Black Cleaver, Serpent's Fang",False,True,rare item(s): Black Cleaver:19.0%(19/100); Serpent's Fang:7.0%(7/100)
LPL/2026 Season/Split 2 Playoffs_Round 1_1_3,2026-05-29 08:05:00,26.10,JD Gaming,HongQ,Viktor,Mid,winning_opponent,ThunderTalk Gaming,JD Gaming,Deathfire Touch,0.952,125,Liandry's Torment + Bloodletter's Curse + Blackfire Torch,"Liandry's Torment, Bloodletter's Curse, Blackfire Torch, Hextech Rocketbelt, Swiftmarch","Bloodletter's Curse, Swiftmarch",False,True,rare item(s): Bloodletter's Curse:4.0%(5/125); Swiftmarch:10.4%(13/125)
LPL/2026 Season/Split 2 Playoffs_Round 1_1_3,2026-05-29 08:05:00,26.10,JD Gaming,GALA,Ashe,Bot,winning_opponent,ThunderTalk Gaming,JD Gaming,Lethal Tempo,0.9886363636363636,176,Infinity Edge + Kraken Slayer + Hexoptics C44,"Infinity Edge, Kraken Slayer, Hexoptics C44, Phantom Dancer, Doran's Bow, Control Ward",Control Ward,False,True,rare item(s): Control Ward:18.2%(32/176)
LPL/2026 Season/Split 2 Playoffs_Round 1_1_3,2026-05-29 08:05:00,26.10,JD Gaming,Vampire,Lulu,Support,winning_opponent,ThunderTalk Gaming,JD Gaming,Summon Aery,1.0,130,Mikael's Blessing + Ardent Censer + Ionian Boots of Lucidity,"Mikael's Blessing, Ardent Censer, Ionian Boots of Lucidity, Oblivion Orb, Dream Maker, Amplifying Tome","Oblivion Orb, Amplifying Tome",False,True,rare item(s): Oblivion Orb:11.5%(15/130); Amplifying Tome:13.8%(18/130)
NLC/2026 Season/Spring Playoffs_Round 1_1_3,2026-05-29 17:56:00,26.10,Deer Gaming,Virtuso,Akali,Top,winning_opponent,Ruddy Corporation,Deer Gaming,Electrocute,0.75,8,Hextech Gunblade + Zhonya's Hourglass + Shadowflame,"Hextech Gunblade, Zhonya's Hourglass, Shadowflame, Sorcerer's Shoes, Oblivion Orb",Oblivion Orb,False,True,rare item(s): Oblivion Orb:12.5%(1/8)
NLC/2026 Season/Spring Playoffs_Round 1_1_3,2026-05-29 17:56:00,26.10,Deer Gaming,Hankat,Lee Sin,Jungle,winning_opponent,Ruddy Corporation,Deer Gaming,Conqueror,1.0,123,Mercury's Treads + Eclipse + Black Cleaver,"Mercury's Treads, Eclipse, Black Cleaver, Sundered Sky, Long Sword",Long Sword,False,True,rare item(s): Long Sword:18.7%(23/123)
NLC/2026 Season/Spring Playoffs_Round 1_1_3,2026-05-29 17:56:00,26.10,Deer Gaming,Scuffed,Syndra,Mid,winning_opponent,Ruddy Corporation,Deer Gaming,Arcane Comet,0.37735849056603776,53,Cryptbloom + Cosmic Drive + Shattered Armguard,"Cryptbloom, Cosmic Drive, Shattered Armguard, Chainlaced Crushers, Blackfire Torch, Dark Seal","Shattered Armguard, Chainlaced Crushers",False,True,rare item(s): Shattered Armguard:11.3%(6/53); Chainlaced Crushers:7.5%(4/53)
NLC/2026 Season/Spring Playoffs_Round 1_1_3,2026-05-29 17:56:00,26.10,Deer Gaming,Kakarot,Xayah,Bot,winning_opponent,Ruddy Corporation,Deer Gaming,Lethal Tempo,0.44680851063829785,47,Mortal Reminder + Stormrazor + Navori Flickerblade,"Mortal Reminder, Stormrazor, Navori Flickerblade, Infinity Edge","Mortal Reminder, Stormrazor",False,True,rare item(s): Mortal Reminder:14.9%(7/47); Stormrazor:17.0%(8/47)
NLC/2026 Season/Spring Playoffs_Round 1_1_3,2026-05-29 17:56:00,26.10,Deer Gaming,uden,Rell,Support,winning_opponent,Ruddy Corporation,Deer Gaming,Aftershock,0.7763157894736842,76,Celestial Opposition + Locket of the Iron Solari + Chain Vest,"Celestial Opposition, Locket of the Iron Solari, Chain Vest, Kindlegem, Protoplasm Harness, Mercury's Treads",Chain Vest,False,True,rare item(s): Chain Vest:5.3%(4/76)
Benelux Ascend Series/2026 Season/Spring Playoffs_Round 2_1_4,2026-05-29 20:18:00,26.10,FUSE,luukbingo,Olaf,Top,winning_opponent,RED OUAT,FUSE,Conqueror,1.0,23,Sterak's Gage + Sundered Sky + Ravenous Hydra,"Sterak's Gage, Sundered Sky, Ravenous Hydra, Death's Dance, Gluttonous Greaves","Sterak's Gage, Sundered Sky, Ravenous Hydra, Gluttonous Greaves",False,True,rare item(s): Sterak's Gage:17.4%(4/23); Sundered Sky:13.0%(3/23); Ravenous Hydra:17.4%(4/23); Gluttonous Greaves:8.7%(2/23)
Benelux Ascend Series/2026 Season/Spring Playoffs_Round 2_1_4,2026-05-29 20:18:00,26.10,FUSE,Bloopy,Lee Sin,Jungle,winning_opponent,RED OUAT,FUSE,Conqueror,1.0,123,Ruby Crystal + Tunneler + Death's Dance,"Ruby Crystal, Tunneler, Death's Dance, Sundered Sky, Eclipse, Plated Steelcaps","Ruby Crystal, Tunneler, Death's Dance",False,True,rare item(s): Ruby Crystal:8.1%(10/123); Tunneler:4.1%(5/123); Death's Dance:18.7%(23/123)
Benelux Ascend Series/2026 Season/Spring Playoffs_Round 2_1_4,2026-05-29 20:18:00,26.10,FUSE,Mikano,Aphelios,Bot,winning_opponent,RED OUAT,FUSE,Press the Attack,0.64,25,Infinity Edge + Stormrazor + Mortal Reminder,"Infinity Edge, Stormrazor, Mortal Reminder, Hexoptics C44, Long Sword, Doran's Blade",Mortal Reminder,False,True,rare item(s): Mortal Reminder:16.0%(4/25)
Benelux Ascend Series/2026 Season/Spring Playoffs_Round 2_1_4,2026-05-29 20:18:00,26.10,FUSE,Strongside,Lulu,Support,winning_opponent,RED OUAT,FUSE,Summon Aery,1.0,130,Dream Maker + Mikael's Blessing + Redemption,"Dream Maker, Mikael's Blessing, Redemption, Ionian Boots of Lucidity, Ardent Censer, Kindlegem",Redemption,False,True,rare item(s): Redemption:20.0%(26/130)
CBLOL/2026 Season/Split 1 Playoffs_Round 3_1_2,2026-05-30 17:07:00,26.11,Fluxo W7M,curty,Renekton,Top,winning_opponent,LØS,Fluxo W7M,Conqueror,0.9574468085106383,47,Plated Steelcaps + Control Ward + Stridebreaker,"Plated Steelcaps, Control Ward, Stridebreaker, Steel Sigil, Sterak's Gage",Steel Sigil,False,True,rare item(s): Steel Sigil:17.0%(8/47)
CBLOL/2026 Season/Split 1 Playoffs_Round 3_1_2,2026-05-30 17:07:00,26.11,Fluxo W7M,Peach,Xin Zhao,Jungle,winning_opponent,LØS,Fluxo W7M,Conqueror,0.9746835443037974,79,Titanic Hydra + Spectre's Cowl + Sterak's Gage,"Titanic Hydra, Spectre's Cowl, Sterak's Gage, Sundered Sky, Plated Steelcaps","Spectre's Cowl, Sterak's Gage",False,True,rare item(s): Spectre's Cowl:7.6%(6/79); Sterak's Gage:3.8%(3/79)
CBLOL/2026 Season/Split 1 Playoffs_Round 3_1_2,2026-05-30 17:07:00,26.11,Fluxo W7M,cody,Ryze,Mid,winning_opponent,LØS,Fluxo W7M,Deathfire Touch,0.945054945054945,91,Actualizer + Chainlaced Crushers + Seraph's Embrace,"Actualizer, Chainlaced Crushers, Seraph's Embrace, Rod of Ages, Amplifying Tome",Amplifying Tome,False,True,rare item(s): Amplifying Tome:16.5%(15/91)
CBLOL/2026 Season/Split 1 Playoffs_Round 3_1_2,2026-05-30 17:07:00,26.11,Fluxo W7M,BAO,Miss Fortune,Bot,winning_opponent,LØS,Fluxo W7M,Press the Attack,1.0,25,Doran's Blade + Bloodthirster + Hexoptics C44,"Doran's Blade, Bloodthirster, Hexoptics C44, Cloak of Agility, Mortal Reminder","Doran's Blade, Hexoptics C44",False,True,rare item(s): Doran's Blade:8.0%(2/25); Hexoptics C44:8.0%(2/25)
LCP/2026 Season/Split 2 Playoffs_Round 3_1_3,2026-05-31 10:54:00,26.10,Deep Cross Gaming,Flauren,Jayce,Top,winning_opponent,Team Secret Whales,Deep Cross Gaming,Stormraider's Surge,0.2777777777777778,90,Doran's Blade + Black Cleaver + Long Sword,"Doran's Blade, Black Cleaver, Long Sword, Muramana, Serpent's Fang, Boots of Swiftness",Long Sword,False,True,rare item(s): Long Sword:18.9%(17/90)
LCP/2026 Season/Split 2 Playoffs_Round 3_1_3,2026-05-31 10:54:00,26.10,Deep Cross Gaming,HongSuo,Orianna,Mid,winning_opponent,Team Secret Whales,Deep Cross Gaming,Arcane Comet,0.3103448275862069,116,Shadowflame + Hextech Rocketbelt + Chainlaced Crushers,"Shadowflame, Hextech Rocketbelt, Chainlaced Crushers, Blackfire Torch, Doran's Ring, Control Ward","Chainlaced Crushers, Control Ward",False,True,rare item(s): Chainlaced Crushers:16.4%(19/116); Control Ward:16.4%(19/116)
LCP/2026 Season/Split 2 Playoffs_Round 3_1_3,2026-05-31 10:54:00,26.10,Deep Cross Gaming,Feng,Miss Fortune,Bot,winning_opponent,Team Secret Whales,Deep Cross Gaming,Press the Attack,0.9,70,Mortal Reminder + Pickaxe + Doran's Bow,"Mortal Reminder, Pickaxe, Doran's Bow, Bloodthirster, The Collector",Pickaxe,False,True,rare item(s): Pickaxe:14.3%(10/70)
Circuito Desafiante/2026 Season/Split 2 Promotion_Round 1_2_1,2026-06-02 21:47:00,26.11,Barulhinhos,Snalt,K'Sante,Top,winning_opponent,Marere Invokers,Barulhinhos,Grasp of the Undying,0.7888888888888889,90,Doran's Shield + Kaenic Rookern + Iceborn Gauntlet,"Doran's Shield, Kaenic Rookern, Iceborn Gauntlet, Plated Steelcaps, Frozen Heart, Cloth Armor","Doran's Shield, Frozen Heart, Cloth Armor",False,True,rare item(s): Doran's Shield:2.2%(2/90); Frozen Heart:5.6%(5/90); Cloth Armor:13.3%(12/90)
Circuito Desafiante/2026 Season/Split 2 Promotion_Round 1_2_1,2026-06-02 21:47:00,26.11,Barulhinhos,Mateus,Xin Zhao,Jungle,winning_opponent,Marere Invokers,Barulhinhos,Conqueror,0.9746835443037974,79,Black Cleaver + Sundered Sky + Control Ward,"Black Cleaver, Sundered Sky, Control Ward, Spectre's Cowl, Plated Steelcaps, Death's Dance",Spectre's Cowl,False,True,rare item(s): Spectre's Cowl:7.6%(6/79)
Circuito Desafiante/2026 Season/Split 2 Promotion_Round 1_2_1,2026-06-02 21:47:00,26.11,Barulhinhos,random,Aurora,Mid,winning_opponent,Marere Invokers,Barulhinhos,Electrocute,1.0,53,Zhonya's Hourglass + Needlessly Large Rod + Void Staff,"Zhonya's Hourglass, Needlessly Large Rod, Void Staff, Stormsurge, Dark Seal, Spellslinger's Shoes","Zhonya's Hourglass, Void Staff",False,True,rare item(s): Zhonya's Hourglass:7.5%(4/53); Void Staff:17.0%(9/53)
Circuito Desafiante/2026 Season/Split 2 Promotion_Round 1_2_1,2026-06-02 21:47:00,26.11,Barulhinhos,Vahvel,Milio,Support,winning_opponent,Marere Invokers,Barulhinhos,Summon Aery,0.9333333333333333,75,Dream Maker + Echoes of Helia + Moonstone Renewer,"Dream Maker, Echoes of Helia, Moonstone Renewer, Ionian Boots of Lucidity, Fiendish Codex, Forbidden Idol",Fiendish Codex,False,True,rare item(s): Fiendish Codex:9.3%(7/75)
LJL/2026 Season/Spring Series_Week 6_2_3,2026-06-03 12:13:00,26.10,Uwinks,tol2,Gragas,Top,winning_opponent,New Meta,Uwinks,Stormraider's Surge,0.4375,16,Seeker's Armguard + Rod of Ages + Needlessly Large Rod,"Seeker's Armguard, Rod of Ages, Needlessly Large Rod, Ionian Boots of Lucidity, Oblivion Orb, Fimbulwinter","Seeker's Armguard, Needlessly Large Rod",False,True,rare item(s): Seeker's Armguard:6.2%(1/16); Needlessly Large Rod:18.8%(3/16)
LJL/2026 Season/Spring Series_Week 6_2_3,2026-06-03 12:13:00,26.10,Uwinks,Jericho,Xerath,Mid,winning_opponent,New Meta,Uwinks,Arcane Comet,0.8,5,Luden's Echo + Needlessly Large Rod + Oblivion Orb,"Luden's Echo, Needlessly Large Rod, Oblivion Orb, Dark Seal, Spellslinger's Shoes, Horizon Focus",Oblivion Orb,False,True,rare item(s): Oblivion Orb:20.0%(1/5)
LJL/2026 Season/Spring Series_Week 6_2_3,2026-06-03 12:13:00,26.10,Uwinks,Gimi,Yunara,Bot,winning_opponent,New Meta,Uwinks,Lethal Tempo,1.0,120,Kraken Slayer + Fiendhunter Bolts + Immortal Shieldbow,"Kraken Slayer, Fiendhunter Bolts, Immortal Shieldbow, Mortal Reminder, Cloak of Agility, B. F. Sword","Immortal Shieldbow, Mortal Reminder, Cloak of Agility",False,True,rare item(s): Immortal Shieldbow:5.0%(6/120); Mortal Reminder:12.5%(15/120); Cloak of Agility:19.2%(23/120)
LJL/2026 Season/Spring Series_Week 6_2_3,2026-06-03 12:13:00,26.10,Uwinks,f4ke,Braum,Support,winning_opponent,New Meta,Uwinks,Unsealed Spellbook,0.2894736842105263,38,Solstice Sleigh + Locket of the Iron Solari + Bandlepipes,"Solstice Sleigh, Locket of the Iron Solari, Bandlepipes, Ionian Boots of Lucidity, Knight's Vow",Ionian Boots of Lucidity,False,True,rare item(s): Ionian Boots of Lucidity:5.3%(2/38)
LES/2026 Season/Spring Playoffs_Semifinals_1_2,2026-06-03 15:57:00,26.10,Team Heretics Academy,Papiteero,Vayne,Top,winning_opponent,Barça eSports,Team Heretics Academy,Lethal Tempo,0.9302325581395349,43,Infinity Edge + Experimental Hexplate + Quicksilver Sash,"Infinity Edge, Experimental Hexplate, Quicksilver Sash, Stormrazor, Trinity Force, Berserker's Greaves","Infinity Edge, Quicksilver Sash",False,True,rare item(s): Infinity Edge:9.3%(4/43); Quicksilver Sash:11.6%(5/43)
LES/2026 Season/Spring Playoffs_Semifinals_1_2,2026-06-03 15:57:00,26.10,Team Heretics Academy,Mercy9,Viktor,Mid,winning_opponent,Barça eSports,Team Heretics Academy,Deathfire Touch,0.952,125,Zhonya's Hourglass + Chainlaced Crushers + Cosmic Drive,"Zhonya's Hourglass, Chainlaced Crushers, Cosmic Drive, Cryptbloom, Rod of Ages","Chainlaced Crushers, Cosmic Drive, Cryptbloom, Rod of Ages",False,True,rare item(s): Chainlaced Crushers:17.6%(22/125); Cosmic Drive:3.2%(4/125); Cryptbloom:3.2%(4/125); Rod of Ages:11.2%(14/125)
LES/2026 Season/Spring Playoffs_Semifinals_1_2,2026-06-03 15:57:00,26.10,Team Heretics Academy,Lure,Ezreal,Bot,winning_opponent,Barça eSports,Team Heretics Academy,Lethal Tempo,0.9565217391304348,207,Endless Hunger + Trinity Force + Control Ward,"Endless Hunger, Trinity Force, Control Ward, Spear of Shojin, Muramana",Control Ward,False,True,rare item(s): Control Ward:15.5%(32/207)
LES/2026 Season/Spring Playoffs_Semifinals_1_2,2026-06-03 15:57:00,26.10,Team Heretics Academy,Batuuu,Alistar,Support,winning_opponent,Barça eSports,Team Heretics Academy,Unsealed Spellbook,0.6981132075471698,53,Celestial Opposition + Zeke's Convergence + Locket of the Iron Solari,"Celestial Opposition, Zeke's Convergence, Locket of the Iron Solari, Boots of Swiftness, Ruby Crystal",Ruby Crystal,False,True,rare item(s): Ruby Crystal:18.9%(10/53)
Arabian League/2026 Season/Summer Promotion_Round 1_3_1,2026-06-03 16:06:00,26.11,NextGeneration Esports,MegaJ,Kennen,Top,winning_opponent,GnG Amazigh,NextGeneration Esports,First Strike,0.2857142857142857,7,Shadowflame + Hextech Rocketbelt + Zhonya's Hourglass,"Shadowflame, Hextech Rocketbelt, Zhonya's Hourglass, Void Staff, Rabadon's Deathcap, Sorcerer's Shoes",Rabadon's Deathcap,False,True,rare item(s): Rabadon's Deathcap:14.3%(1/7)
Arabian League/2026 Season/Summer Promotion_Round 1_3_1,2026-06-03 16:06:00,26.11,NextGeneration Esports,Kaine,Ryze,Mid,winning_opponent,GnG Amazigh,NextGeneration Esports,Deathfire Touch,0.945054945054945,91,Shattered Armguard + Seraph's Embrace + Actualizer,"Shattered Armguard, Seraph's Embrace, Actualizer, Rod of Ages, Crimson Lucidity, Needlessly Large Rod","Shattered Armguard, Crimson Lucidity",False,True,rare item(s): Shattered Armguard:13.2%(12/91); Crimson Lucidity:19.8%(18/91)
Arabian League/2026 Season/Summer Promotion_Round 1_3_1,2026-06-03 16:06:00,26.11,NextGeneration Esports,Bipolar,Ezreal,Bot,winning_opponent,GnG Amazigh,NextGeneration Esports,Lethal Tempo,0.9741379310344828,116,Zhonya's Hourglass + Trinity Force + Muramana,"Zhonya's Hourglass, Trinity Force, Muramana, Endless Hunger, Spear of Shojin, Executioner's Calling","Zhonya's Hourglass, Executioner's Calling",False,True,rare item(s): Zhonya's Hourglass:0.9%(1/116); Executioner's Calling:1.7%(2/116)
Arabian League/2026 Season/Summer Promotion_Round 1_3_1,2026-06-03 16:06:00,26.11,NextGeneration Esports,Sundax,Alistar,Support,winning_opponent,GnG Amazigh,NextGeneration Esports,Aftershock,0.3829787234042553,47,Celestial Opposition + Bramble Vest + Boots of Swiftness,"Celestial Opposition, Bramble Vest, Boots of Swiftness, Zeke's Convergence, Abyssal Mask, Kindlegem","Bramble Vest, Abyssal Mask",False,True,rare item(s): Bramble Vest:2.1%(1/47); Abyssal Mask:4.3%(2/47)
LES/2026 Season/Spring Playoffs_Semifinals_2_4,2026-06-04 18:07:00,26.10,Movistar KOI Fénix,13,Smolder,Bot,winning_opponent,UCAM Esports,Movistar KOI Fénix,Deathfire Touch,1.0,31,Essence Reaver + Spear of Shojin + Zeal,"Essence Reaver, Spear of Shojin, Zeal, Doran's Blade, Black Cleaver, Dagger","Zeal, Dagger",False,True,rare item(s): Zeal:12.9%(4/31); Dagger:3.2%(1/31)
Circuito Desafiante/2026 Season/Split 2 Promotion_Round 1_3_1,2026-06-04 20:05:00,26.11,Marere Invokers,Kairos748,Anivia,Mid,winning_opponent,Kuma eSports B,Marere Invokers,Electrocute,0.75,44,Amplifying Tome + Hextech Rocketbelt + Rod of Ages,"Amplifying Tome, Hextech Rocketbelt, Rod of Ages, Swiftmarch, Zhonya's Hourglass, Malignance","Amplifying Tome, Hextech Rocketbelt",False,True,rare item(s): Amplifying Tome:11.4%(5/44); Hextech Rocketbelt:13.6%(6/44)
Circuito Desafiante/2026 Season/Split 2 Promotion_Round 1_3_1,2026-06-04 20:05:00,26.11,Marere Invokers,Rosa,Varus,Bot,winning_opponent,Kuma eSports B,Marere Invokers,Lethal Tempo,0.3076923076923077,39,Doran's Bow + Zhonya's Hourglass + Guinsoo's Rageblade,"Doran's Bow, Zhonya's Hourglass, Guinsoo's Rageblade, Statikk Shiv, Terminus",Zhonya's Hourglass,False,True,rare item(s): Zhonya's Hourglass:7.7%(3/39)
Circuito Desafiante/2026 Season/Split 2 Promotion_Round 1_3_1,2026-06-04 20:05:00,26.11,Marere Invokers,elkinhoo,Nautilus,Support,winning_opponent,Kuma eSports B,Marere Invokers,Aftershock,0.9207920792079208,101,Celestial Opposition + Locket of the Iron Solari + Bandlepipes,"Celestial Opposition, Locket of the Iron Solari, Bandlepipes, Ruby Crystal, Ionian Boots of Lucidity, Doran's Helm","Bandlepipes, Ionian Boots of Lucidity, Doran's Helm",False,True,rare item(s): Bandlepipes:9.9%(10/101); Ionian Boots of Lucidity:3.0%(3/101); Doran's Helm:4.0%(4/101)
NLC/2026 Season/Spring Playoffs_Finals_1_2,2026-06-05 17:00:00,26.11,Verdant,bobista,Gangplank,Top,winning_opponent,Ruddy Corporation,Verdant,Deathfire Touch,0.8,5,Immortal Shieldbow + Infinity Edge + Negatron Cloak,"Immortal Shieldbow, Infinity Edge, Negatron Cloak, Ionian Boots of Lucidity, Essence Reaver",Negatron Cloak,False,True,rare item(s): Negatron Cloak:20.0%(1/5)
NLC/2026 Season/Spring Playoffs_Finals_1_2,2026-06-05 17:00:00,26.11,Verdant,NoName,Xin Zhao,Jungle,winning_opponent,Ruddy Corporation,Verdant,Conqueror,0.9746835443037974,79,Dusk and Dawn + Titanic Hydra + Death's Dance,"Dusk and Dawn, Titanic Hydra, Death's Dance, Kindlegem, Slightly Magical Footwear, Spectre's Cowl","Dusk and Dawn, Kindlegem, Slightly Magical Footwear, Spectre's Cowl",False,True,rare item(s): Dusk and Dawn:16.5%(13/79); Kindlegem:6.3%(5/79); Slightly Magical Footwear:16.5%(13/79); Spectre's Cowl:7.6%(6/79)
NLC/2026 Season/Spring Playoffs_Finals_1_2,2026-06-05 17:00:00,26.11,Verdant,Mishi,Senna,Bot,winning_opponent,Ruddy Corporation,Verdant,Deathfire Touch,0.5581395348837209,43,Hexoptics C44 + Cloak of Agility + Doran's Helm,"Hexoptics C44, Cloak of Agility, Doran's Helm, Negatron Cloak, Black Cleaver, Statikk Shiv",Negatron Cloak,False,True,rare item(s): Negatron Cloak:2.3%(1/43)
NLC/2026 Season/Spring Playoffs_Finals_1_2,2026-06-05 17:00:00,26.11,Verdant,guggu,Nautilus,Support,winning_opponent,Ruddy Corporation,Verdant,Aftershock,0.9207920792079208,101,Ruby Crystal + Knight's Vow + Locket of the Iron Solari,"Ruby Crystal, Knight's Vow, Locket of the Iron Solari, Bloodsong, Null-Magic Mantle, Mercury's Treads","Bloodsong, Null-Magic Mantle",False,True,rare item(s): Bloodsong:15.8%(16/101); Null-Magic Mantle:14.9%(15/101)
LCS/2026 Season/Spring Playoffs_Round 2_1_1,2026-06-06 20:09:00,26.11,Team Liquid,Morgan,Sion,Top,winning_opponent,FlyQuest,Team Liquid,Grasp of the Undying,0.9431818181818182,88,"Warden's Mail + Control Ward + Jak'Sho, The Protean","Warden's Mail, Control Ward, Jak'Sho, The Protean, Unending Despair, Spirit Visage, Plated Steelcaps",Warden's Mail,False,True,rare item(s): Warden's Mail:6.8%(6/88)
LCS/2026 Season/Spring Playoffs_Round 2_1_1,2026-06-06 20:09:00,26.11,Team Liquid,Josedeodo,Jarvan IV,Jungle,winning_opponent,FlyQuest,Team Liquid,Conqueror,1.0,89,Black Cleaver + Sundered Sky + Hexdrinker,"Black Cleaver, Sundered Sky, Hexdrinker, Mercury's Treads, Guardian Angel, Spirit Visage","Hexdrinker, Spirit Visage",False,True,rare item(s): Hexdrinker:5.6%(5/89); Spirit Visage:1.1%(1/89)
LCS/2026 Season/Spring Playoffs_Round 2_1_1,2026-06-06 20:09:00,26.11,Team Liquid,Quid,Orianna,Mid,winning_opponent,FlyQuest,Team Liquid,Summon Aery,0.6666666666666666,54,Seraph's Embrace + Stormsurge + Hextech Rocketbelt,"Seraph's Embrace, Stormsurge, Hextech Rocketbelt, Shadowflame, Needlessly Large Rod, Spellslinger's Shoes","Seraph's Embrace, Stormsurge",False,True,rare item(s): Seraph's Embrace:18.5%(10/54); Stormsurge:5.6%(3/54)
LCS/2026 Season/Spring Playoffs_Round 2_1_1,2026-06-06 20:09:00,26.11,Team Liquid,Yeon,Xayah,Bot,winning_opponent,FlyQuest,Team Liquid,Conqueror,0.7894736842105263,38,Mercurial Scimitar + Navori Flickerblade + Lord Dominik's Regards,"Mercurial Scimitar, Navori Flickerblade, Lord Dominik's Regards, Stormrazor, Infinity Edge","Mercurial Scimitar, Stormrazor",False,True,rare item(s): Mercurial Scimitar:7.9%(3/38); Stormrazor:10.5%(4/38)
LCS/2026 Season/Spring Playoffs_Round 2_1_1,2026-06-06 20:09:00,26.11,Team Liquid,CoreJJ,Rakan,Support,winning_opponent,FlyQuest,Team Liquid,Guardian,0.5892857142857143,56,Knight's Vow + Locket of the Iron Solari + Solstice Sleigh,"Knight's Vow, Locket of the Iron Solari, Solstice Sleigh, Oblivion Orb, Mercury's Treads, Mejai's Soulstealer","Oblivion Orb, Mejai's Soulstealer",False,True,rare item(s): Oblivion Orb:5.4%(3/56); Mejai's Soulstealer:1.8%(1/56)
Hitpoint 2nd Division Challengers/2026 Season/Spring Playoffs_Round 2_1_3,2026-06-07 12:00:00,26.10,Andromeda Gaming,TalentLess,Ahri,Mid,winning_opponent,Priority,Andromeda Gaming,Electrocute,0.9568965517241379,116,Doran's Ring + Hextech Rocketbelt + Spellslinger's Shoes,"Doran's Ring, Hextech Rocketbelt, Spellslinger's Shoes, Malignance, Haunting Guise, Fated Ashes","Haunting Guise, Fated Ashes",False,True,rare item(s): Haunting Guise:0.9%(1/116); Fated Ashes:0.9%(1/116)
Hitpoint 2nd Division Challengers/2026 Season/Spring Playoffs_Round 2_1_3,2026-06-07 12:00:00,26.10,Andromeda Gaming,skakavka,Varus,Bot,winning_opponent,Priority,Andromeda Gaming,Arcane Comet,0.6410256410256411,78,Youmuu's Ghostblade + Muramana + Edge of Night,"Youmuu's Ghostblade, Muramana, Edge of Night, Serpent's Fang, Long Sword, Doran's Bow",Long Sword,False,True,rare item(s): Long Sword:17.9%(14/78)
Hitpoint 2nd Division Challengers/2026 Season/Spring Playoffs_Round 2_1_3,2026-06-07 12:00:00,26.10,Andromeda Gaming,Cherry,Nami,Support,winning_opponent,Priority,Andromeda Gaming,Summon Aery,1.0,102,Dream Maker + Mikael's Blessing + Imperial Mandate,"Dream Maker, Mikael's Blessing, Imperial Mandate, Ionian Boots of Lucidity, Bandleglass Mirror, Glowing Mote","Bandleglass Mirror, Glowing Mote",False,True,rare item(s): Bandleglass Mirror:11.8%(12/102); Glowing Mote:6.9%(7/102)
LCS/2026 Season/Spring Playoffs_Round 2_2_1,2026-06-07 20:11:00,26.11,LYON (2024 American Team),Dhokla,Renekton,Top,winning_opponent,Cloud9,LYON (2024 American Team),Conqueror,0.9574468085106383,47,Spirit Visage + Stridebreaker + Steel Sigil,"Spirit Visage, Stridebreaker, Steel Sigil, Black Cleaver, Plated Steelcaps, Sterak's Gage","Spirit Visage, Steel Sigil",False,True,rare item(s): Spirit Visage:8.5%(4/47); Steel Sigil:17.0%(8/47)
LCS/2026 Season/Spring Playoffs_Round 2_2_1,2026-06-07 20:11:00,26.11,LYON (2024 American Team),Inspired,Wukong,Jungle,winning_opponent,Cloud9,LYON (2024 American Team),Conqueror,1.0,86,Control Ward + Sundered Sky + Guardian Angel,"Control Ward, Sundered Sky, Guardian Angel, Serylda's Grudge, Trinity Force, Mercury's Treads",Serylda's Grudge,False,True,rare item(s): Serylda's Grudge:1.2%(1/86)
LCS/2026 Season/Spring Playoffs_Round 2_2_1,2026-06-07 20:11:00,26.11,LYON (2024 American Team),Saint,Ryze,Mid,winning_opponent,Cloud9,LYON (2024 American Team),Deathfire Touch,0.945054945054945,91,Actualizer + Blighting Jewel + Zhonya's Hourglass,"Actualizer, Blighting Jewel, Zhonya's Hourglass, Rod of Ages, Seraph's Embrace, Chainlaced Crushers","Blighting Jewel, Zhonya's Hourglass",False,True,rare item(s): Blighting Jewel:4.4%(4/91); Zhonya's Hourglass:17.6%(16/91)
LCS/2026 Season/Spring Playoffs_Round 2_2_1,2026-06-07 20:11:00,26.11,LYON (2024 American Team),Berserker,Lucian,Bot,winning_opponent,Cloud9,LYON (2024 American Team),Press the Attack,0.9733333333333334,75,Black Cleaver + Essence Reaver + Infinity Edge,"Black Cleaver, Essence Reaver, Infinity Edge, Navori Flickerblade, Guardian Angel","Black Cleaver, Guardian Angel",False,True,rare item(s): Black Cleaver:9.3%(7/75); Guardian Angel:9.3%(7/75)
LCS/2026 Season/Spring Playoffs_Round 2_2_1,2026-06-07 20:11:00,26.11,LYON (2024 American Team),Isles,Milio,Support,winning_opponent,Cloud9,LYON (2024 American Team),Summon Aery,0.9333333333333333,75,Forbidden Idol + Shurelya's Battlesong + Dream Maker,"Forbidden Idol, Shurelya's Battlesong, Dream Maker, Echoes of Helia, Ardent Censer, Ionian Boots of Lucidity",Shurelya's Battlesong,False,True,rare item(s): Shurelya's Battlesong:13.3%(10/75)
EMEA Masters/2026 Season/Spring Play-In_Round 1_1_1,2026-06-08 15:12:00,26.11,Karmine Corp Blue,Tao,Rumble,Top,winning_opponent,Partizan Sangal,Karmine Corp Blue,First Strike,0.31313131313131315,99,Liandry's Torment + Zhonya's Hourglass + Rabadon's Deathcap,"Liandry's Torment, Zhonya's Hourglass, Rabadon's Deathcap, Plated Steelcaps, Bloodletter's Curse, Mejai's Soulstealer","Rabadon's Deathcap, Mejai's Soulstealer",False,True,rare item(s): Rabadon's Deathcap:11.1%(11/99); Mejai's Soulstealer:4.0%(4/99)
EMEA Masters/2026 Season/Spring Play-In_Round 1_1_1,2026-06-08 15:12:00,26.11,Karmine Corp Blue,Yukino,Pantheon,Jungle,winning_opponent,Partizan Sangal,Karmine Corp Blue,Conqueror,1.0,64,Black Cleaver + Control Ward + Sundered Sky,"Black Cleaver, Control Ward, Sundered Sky, Guardian Angel, Mercury's Treads, Hexdrinker",Hexdrinker,False,True,rare item(s): Hexdrinker:4.7%(3/64)
EMEA Masters/2026 Season/Spring Play-In_Round 1_1_1,2026-06-08 15:12:00,26.11,Karmine Corp Blue,Kamiloo,Cassiopeia,Mid,winning_opponent,Partizan Sangal,Karmine Corp Blue,Deathfire Touch,1.0,71,Needlessly Large Rod + Seraph's Embrace + Needlessly Large Rod,"Needlessly Large Rod, Seraph's Embrace, Needlessly Large Rod, Chainlaced Crushers, Rod of Ages, Void Staff",Void Staff,False,True,rare item(s): Void Staff:14.1%(10/71)
EMEA Masters/2026 Season/Spring Play-In_Round 1_1_1,2026-06-08 15:12:00,26.11,Karmine Corp Blue,Looki,Jhin,Bot,winning_opponent,Partizan Sangal,Karmine Corp Blue,Fleet Footwork,0.9420289855072463,69,Doran's Blade + Infinity Edge + The Collector,"Doran's Blade, Infinity Edge, The Collector, Pickaxe, Lord Dominik's Regards","The Collector, Pickaxe",False,True,rare item(s): The Collector:18.8%(13/69); Pickaxe:15.9%(11/69)
EMEA Masters/2026 Season/Spring Play-In_Round 1_1_1,2026-06-08 15:12:00,26.11,Karmine Corp Blue,Prime,Nautilus,Support,winning_opponent,Partizan Sangal,Karmine Corp Blue,Aftershock,0.9207920792079208,101,Celestial Opposition + Mercury's Treads + Kindlegem,"Celestial Opposition, Mercury's Treads, Kindlegem, Locket of the Iron Solari, Chain Vest, Rejuvenation Bead","Chain Vest, Rejuvenation Bead",False,True,rare item(s): Chain Vest:7.9%(8/101); Rejuvenation Bead:2.0%(2/101)
EMEA Masters/2026 Season/Spring Play-In_Round 2_4_1,2026-06-08 16:35:00,26.11,Ruddy Corporation,Markus,Wukong,Jungle,winning_opponent,Bomba Team,Ruddy Corporation,Conqueror,1.0,86,Hexdrinker + Abyssal Mask + Death's Dance,"Hexdrinker, Abyssal Mask, Death's Dance, Sundered Sky, Trinity Force, Mercury's Treads","Hexdrinker, Abyssal Mask, Death's Dance",False,True,rare item(s): Hexdrinker:15.1%(13/86); Abyssal Mask:1.2%(1/86); Death's Dance:15.1%(13/86)
EMEA Masters/2026 Season/Spring Play-In_Round 2_4_1,2026-06-08 16:35:00,26.11,Ruddy Corporation,Ag0nyPain,Orianna,Mid,winning_opponent,Bomba Team,Ruddy Corporation,Summon Aery,0.6666666666666666,54,Doran's Ring + Luden's Echo + Hextech Alternator,"Doran's Ring, Luden's Echo, Hextech Alternator, Stormsurge, Dark Seal, Spellslinger's Shoes","Hextech Alternator, Stormsurge",False,True,rare item(s): Hextech Alternator:7.4%(4/54); Stormsurge:5.6%(3/54)
EMEA Masters/2026 Season/Spring Play-In_Round 2_4_1,2026-06-08 16:35:00,26.11,Ruddy Corporation,MadsF,Ezreal,Bot,winning_opponent,Bomba Team,Ruddy Corporation,Lethal Tempo,0.9741379310344828,116,Muramana + Caulfield's Warhammer + Endless Hunger,"Muramana, Caulfield's Warhammer, Endless Hunger, Trinity Force, Long Sword, Doran's Blade",Doran's Blade,False,True,rare item(s): Doran's Blade:16.4%(19/116)
EMEA Masters/2026 Season/Spring Play-In_Round 2_4_1,2026-06-08 16:35:00,26.11,Ruddy Corporation,FredSpaghet,Rakan,Support,winning_opponent,Bomba Team,Ruddy Corporation,Guardian,0.5892857142857143,56,Ionian Boots of Lucidity + Locket of the Iron Solari + Knight's Vow,"Ionian Boots of Lucidity, Locket of the Iron Solari, Knight's Vow, Solstice Sleigh, Cloth Armor, Ruby Crystal","Cloth Armor, Ruby Crystal",False,True,rare item(s): Cloth Armor:19.6%(11/56); Ruby Crystal:14.3%(8/56)
EMEA Masters/2026 Season/Spring Play-In_Round 3_3_1,2026-06-08 18:04:00,26.11,Bomba Team,frajgo,Rumble,Top,winning_opponent,Otter Side,Bomba Team,First Strike,0.31313131313131315,99,Liandry's Torment + Riftmaker + Zhonya's Hourglass,"Liandry's Torment, Riftmaker, Zhonya's Hourglass, Cloth Armor, Plated Steelcaps",Cloth Armor,False,True,rare item(s): Cloth Armor:1.0%(1/99)
EMEA Masters/2026 Season/Spring Play-In_Round 3_3_1,2026-06-08 18:04:00,26.11,Bomba Team,Guli,Wukong,Jungle,winning_opponent,Otter Side,Bomba Team,Conqueror,1.0,86,Trinity Force + Sundered Sky + Black Cleaver,"Trinity Force, Sundered Sky, Black Cleaver, Mercury's Treads, Long Sword, Control Ward",Long Sword,False,True,rare item(s): Long Sword:19.8%(17/86)
EMEA Masters/2026 Season/Spring Play-In_Round 3_3_1,2026-06-08 18:04:00,26.11,Bomba Team,Mrozku,Anivia,Mid,winning_opponent,Otter Side,Bomba Team,Electrocute,0.75,44,Doran's Ring + Liandry's Torment + Seraph's Embrace,"Doran's Ring, Liandry's Torment, Seraph's Embrace, Swiftmarch, Rod of Ages",Doran's Ring,False,True,rare item(s): Doran's Ring:18.2%(8/44)
EMEA Masters/2026 Season/Spring Play-In_Round 3_3_1,2026-06-08 18:04:00,26.11,Bomba Team,Odi11,Corki,Bot,winning_opponent,Otter Side,Bomba Team,Conqueror,1.0,20,Lord Dominik's Regards + Pickaxe + Trinity Force,"Lord Dominik's Regards, Pickaxe, Trinity Force, Doran's Blade, Muramana",Doran's Blade,False,True,rare item(s): Doran's Blade:20.0%(4/20)
EMEA Masters/2026 Season/Spring Play-In_Round 3_6_1,2026-06-08 18:05:00,26.11,Frites Esports Club,NuQ,Twisted Fate,Top,winning_opponent,FN Esports,Frites Esports Club,Lethal Tempo,1.0,6,Yun Tal Wildarrows + Doran's Bow + Rapid Firecannon,"Yun Tal Wildarrows, Doran's Bow, Rapid Firecannon, Kraken Slayer, Pickaxe, Plated Steelcaps",Pickaxe,False,True,rare item(s): Pickaxe:16.7%(1/6)
EMEA Masters/2026 Season/Spring Play-In_Round 3_6_1,2026-06-08 18:05:00,26.11,Frites Esports Club,Cboi,Skarner,Jungle,winning_opponent,FN Esports,Frites Esports Club,Grasp of the Undying,0.7878787878787878,33,Knight's Vow + Protoplasm Harness + Bandlepipes,"Knight's Vow, Protoplasm Harness, Bandlepipes, Slightly Magical Footwear, Cloth Armor","Knight's Vow, Slightly Magical Footwear, Cloth Armor",False,True,rare item(s): Knight's Vow:12.1%(4/33); Slightly Magical Footwear:9.1%(3/33); Cloth Armor:18.2%(6/33)
EMEA Masters/2026 Season/Spring Play-In_Round 3_6_1,2026-06-08 18:05:00,26.11,Frites Esports Club,FlickeR,Ezreal,Bot,winning_opponent,FN Esports,Frites Esports Club,Lethal Tempo,0.9741379310344828,116,Trinity Force + Spear of Shojin + Caulfield's Warhammer,"Trinity Force, Spear of Shojin, Caulfield's Warhammer, Pickaxe, Muramana, Doran's Bow",Pickaxe,False,True,rare item(s): Pickaxe:14.7%(17/116)
EMEA Masters/2026 Season/Spring Play-In_Round 3_6_1,2026-06-08 18:05:00,26.11,Frites Esports Club,Seal,Bard,Support,winning_opponent,FN Esports,Frites Esports Club,Electrocute,0.958904109589041,73,Kindlegem + Celestial Opposition + Locket of the Iron Solari,"Kindlegem, Celestial Opposition, Locket of the Iron Solari, Mercury's Treads, Chain Vest",Chain Vest,False,True,rare item(s): Chain Vest:2.7%(2/73)
Esports World Cup 2026/Online Qualifiers/South America_Round 2_1_3,2026-06-08 21:06:00,26.11,Vivo Keyd Stars,zekas,Yorick,Top,winning_opponent,LØS,Vivo Keyd Stars,Grasp of the Undying,0.9629629629629629,27,Plated Steelcaps + Pickaxe + Trinity Force,"Plated Steelcaps, Pickaxe, Trinity Force, Tunneler, Doran's Shield","Pickaxe, Tunneler",False,True,rare item(s): Pickaxe:18.5%(5/27); Tunneler:14.8%(4/27)
Esports World Cup 2026/Online Qualifiers/South America_Round 2_1_3,2026-06-08 21:06:00,26.11,Vivo Keyd Stars,Disamis,Jarvan IV,Jungle,winning_opponent,LØS,Vivo Keyd Stars,Conqueror,1.0,89,Black Cleaver + Mercury's Treads + Control Ward,"Black Cleaver, Mercury's Treads, Control Ward, Sundered Sky, Null-Magic Mantle, Death's Dance","Null-Magic Mantle, Death's Dance",False,True,rare item(s): Null-Magic Mantle:6.7%(6/89); Death's Dance:5.6%(5/89)
Esports World Cup 2026/Online Qualifiers/South America_Round 2_1_3,2026-06-08 21:06:00,26.11,Vivo Keyd Stars,Mireu,Aurora,Mid,winning_opponent,LØS,Vivo Keyd Stars,Electrocute,1.0,53,Hextech Rocketbelt + Stormsurge + Void Staff,"Hextech Rocketbelt, Stormsurge, Void Staff, Amplifying Tome, Dark Seal, Crimson Lucidity","Void Staff, Crimson Lucidity",False,True,rare item(s): Void Staff:17.0%(9/53); Crimson Lucidity:9.4%(5/53)
Esports World Cup 2026/Online Qualifiers/South America_Round 2_1_3,2026-06-08 21:06:00,26.11,Vivo Keyd Stars,scamber,Leona,Support,winning_opponent,LØS,Vivo Keyd Stars,Aftershock,1.0,34,Bandlepipes + Locket of the Iron Solari + Celestial Opposition,"Bandlepipes, Locket of the Iron Solari, Celestial Opposition, Boots of Swiftness, Giant's Belt","Bandlepipes, Boots of Swiftness, Giant's Belt",False,True,rare item(s): Bandlepipes:14.7%(5/34); Boots of Swiftness:2.9%(1/34); Giant's Belt:11.8%(4/34)
2026 Asia Masters_Day 2_2_2,2026-06-09 08:41:00,26.11,T1 Esports Academy,Haetae,Yorick,Top,winning_opponent,Bilibili Gaming Junior,T1 Esports Academy,Grasp of the Undying,0.9629629629629629,27,Caulfield's Warhammer + Spear of Shojin + Trinity Force,"Caulfield's Warhammer, Spear of Shojin, Trinity Force, Plated Steelcaps, Steel Sigil, Pickaxe","Caulfield's Warhammer, Steel Sigil, Pickaxe",False,True,rare item(s): Caulfield's Warhammer:7.4%(2/27); Steel Sigil:3.7%(1/27); Pickaxe:18.5%(5/27)
2026 Asia Masters_Day 2_2_2,2026-06-09 08:41:00,26.11,T1 Esports Academy,Painter,Vi,Jungle,winning_opponent,Bilibili Gaming Junior,T1 Esports Academy,Conqueror,0.9117647058823529,68,Sundered Sky + Black Cleaver + Control Ward,"Sundered Sky, Black Cleaver, Control Ward, Plated Steelcaps, Cloth Armor, B. F. Sword","Cloth Armor, B. F. Sword",False,True,rare item(s): Cloth Armor:5.9%(4/68); B. F. Sword:8.8%(6/68)
2026 Asia Masters_Day 2_2_2,2026-06-09 08:41:00,26.11,T1 Esports Academy,Cypher,Yunara,Bot,winning_opponent,Bilibili Gaming Junior,T1 Esports Academy,Lethal Tempo,1.0,45,Doran's Bow + Kraken Slayer + Fiendhunter Bolts,"Doran's Bow, Kraken Slayer, Fiendhunter Bolts, Executioner's Calling, Infinity Edge",Executioner's Calling,False,True,rare item(s): Executioner's Calling:2.2%(1/45)
Liga Regional Sur/2026 Season/Split 1 Playoffs_Finals_1_1,2026-06-09 20:07:00,26.11,Volticons,Chordy,Sion,Top,winning_opponent,Golden Lions,Volticons,Grasp of the Undying,0.9431818181818182,88,Unending Despair + Sunfire Aegis + Mercury's Treads,"Unending Despair, Sunfire Aegis, Mercury's Treads, Giant's Belt, Negatron Cloak","Sunfire Aegis, Mercury's Treads, Giant's Belt, Negatron Cloak",False,True,rare item(s): Sunfire Aegis:13.6%(12/88); Mercury's Treads:18.2%(16/88); Giant's Belt:15.9%(14/88); Negatron Cloak:14.8%(13/88)
Liga Regional Sur/2026 Season/Split 1 Playoffs_Finals_1_1,2026-06-09 20:07:00,26.11,Volticons,DiDi,Ryze,Mid,winning_opponent,Golden Lions,Volticons,Deathfire Touch,0.945054945054945,91,Seraph's Embrace + Rod of Ages + Zhonya's Hourglass,"Seraph's Embrace, Rod of Ages, Zhonya's Hourglass, Dark Seal, Chainlaced Crushers","Zhonya's Hourglass, Dark Seal",False,True,rare item(s): Zhonya's Hourglass:17.6%(16/91); Dark Seal:4.4%(4/91)
Liga Regional Sur/2026 Season/Split 1 Playoffs_Finals_1_1,2026-06-09 20:07:00,26.11,Volticons,ianshaka,Sivir,Bot,winning_opponent,Golden Lions,Volticons,Lethal Tempo,0.9791666666666666,48,Yun Tal Wildarrows + Navori Flickerblade + Infinity Edge,"Yun Tal Wildarrows, Navori Flickerblade, Infinity Edge, Lord Dominik's Regards, Control Ward, Doran's Bow",Control Ward,False,True,rare item(s): Control Ward:18.8%(9/48)
Liga Regional Sur/2026 Season/Split 1 Playoffs_Finals_1_1,2026-06-09 20:07:00,26.11,Volticons,camilo,Karma,Support,winning_opponent,Golden Lions,Volticons,Arcane Comet,0.3472222222222222,72,Echoes of Helia + Mikael's Blessing + Ruby Crystal,"Echoes of Helia, Mikael's Blessing, Ruby Crystal, Fiendish Codex, Dream Maker, Ionian Boots of Lucidity","Ruby Crystal, Fiendish Codex",False,True,rare item(s): Ruby Crystal:9.7%(7/72); Fiendish Codex:6.9%(5/72)
Esports World Cup 2026/Online Qualifiers/South America_Round 2_4_1,2026-06-10 21:23:00,26.11,LØS,Curse,Jarvan IV,Jungle,winning_opponent,paiN Gaming,LØS,Conqueror,1.0,89,Control Ward + Sundered Sky + Black Cleaver,"Control Ward, Sundered Sky, Black Cleaver, Guardian Angel, Ruby Crystal, Mercury's Treads",Ruby Crystal,False,True,rare item(s): Ruby Crystal:4.5%(4/89)
Esports World Cup 2026/Online Qualifiers/South America_Round 2_4_1,2026-06-10 21:23:00,26.11,LØS,Feisty,Orianna,Mid,winning_opponent,paiN Gaming,LØS,Summon Aery,0.6666666666666666,54,Hextech Rocketbelt + Seeker's Armguard + Crimson Lucidity,"Hextech Rocketbelt, Seeker's Armguard, Crimson Lucidity, Blackfire Torch, Dark Seal",Seeker's Armguard,False,True,rare item(s): Seeker's Armguard:1.9%(1/54)
Esports World Cup 2026/Online Qualifiers/South America_Round 2_4_1,2026-06-10 21:23:00,26.11,LØS,Duduhh,Lucian,Bot,winning_opponent,paiN Gaming,LØS,Press the Attack,0.9733333333333334,75,Mortal Reminder + Essence Reaver + Navori Flickerblade,"Mortal Reminder, Essence Reaver, Navori Flickerblade, Infinity Edge, Serrated Dirk","Mortal Reminder, Serrated Dirk",False,True,rare item(s): Mortal Reminder:18.7%(14/75); Serrated Dirk:4.0%(3/75)
Esports World Cup 2026/Online Qualifiers/South America_Round 2_4_1,2026-06-10 21:23:00,26.11,LØS,Ackerman,Milio,Support,winning_opponent,paiN Gaming,LØS,Summon Aery,0.9333333333333333,75,Dream Maker + Shurelya's Battlesong + Ionian Boots of Lucidity,"Dream Maker, Shurelya's Battlesong, Ionian Boots of Lucidity, Echoes of Helia, Aether Wisp, Forbidden Idol","Shurelya's Battlesong, Aether Wisp",False,True,rare item(s): Shurelya's Battlesong:13.3%(10/75); Aether Wisp:10.7%(8/75)
EMEA Masters/2026 Season/Spring Main Event_Groups Day 2_2_3,2026-06-11 16:43:00,26.11,Galions,Thayger,Wukong,Jungle,winning_opponent,G2 NORD,Galions,Conqueror,1.0,86,Sundered Sky + Trinity Force + Plated Steelcaps,"Sundered Sky, Trinity Force, Plated Steelcaps, Death's Dance, Long Sword","Death's Dance, Long Sword",False,True,rare item(s): Death's Dance:15.1%(13/86); Long Sword:19.8%(17/86)
EMEA Masters/2026 Season/Spring Main Event_Groups Day 2_2_3,2026-06-11 16:43:00,26.11,Galions,OMON,Ahri,Mid,winning_opponent,G2 NORD,Galions,Electrocute,0.9848484848484849,66,Hextech Rocketbelt + Malignance + Dark Seal,"Hextech Rocketbelt, Malignance, Dark Seal, Doran's Ring, Spellslinger's Shoes, Shadowflame",Doran's Ring,False,True,rare item(s): Doran's Ring:15.2%(10/66)
EMEA Masters/2026 Season/Spring Main Event_Groups Day 2_2_3,2026-06-11 16:43:00,26.11,Galions,HARPOON,Varus,Bot,winning_opponent,G2 NORD,Galions,Lethal Tempo,0.3076923076923077,39,Doran's Blade + Shattered Armguard + Locket of the Iron Solari,"Doran's Blade, Shattered Armguard, Locket of the Iron Solari, Experimental Hexplate, Guinsoo's Rageblade, Terminus","Shattered Armguard, Locket of the Iron Solari, Experimental Hexplate",False,True,rare item(s): Shattered Armguard:5.1%(2/39); Locket of the Iron Solari:2.6%(1/39); Experimental Hexplate:10.3%(4/39)
EMEA Masters/2026 Season/Spring Main Event_Groups Day 2_2_3,2026-06-11 16:43:00,26.11,Galions,Zoelys,Renata Glasc,Support,winning_opponent,G2 NORD,Galions,Guardian,0.6666666666666666,9,Celestial Opposition + Locket of the Iron Solari + Bandlepipes,"Celestial Opposition, Locket of the Iron Solari, Bandlepipes, Ionian Boots of Lucidity, Faerie Charm, Fiendish Codex","Faerie Charm, Fiendish Codex",False,True,rare item(s): Faerie Charm:11.1%(1/9); Fiendish Codex:11.1%(1/9)
EMEA Masters/2026 Season/Spring Main Event_Groups Day 2_8_2,2026-06-11 18:31:00,26.11,WLGaming Esports,Pallet,Jarvan IV,Jungle,winning_opponent,Partizan Sangal,WLGaming Esports,Conqueror,1.0,89,Mercury's Treads + Warden's Mail + Guardian Angel,"Mercury's Treads, Warden's Mail, Guardian Angel, Sundered Sky, Black Cleaver",Warden's Mail,False,True,rare item(s): Warden's Mail:6.7%(6/89)
EMEA Masters/2026 Season/Spring Main Event_Groups Day 2_8_2,2026-06-11 18:31:00,26.11,WLGaming Esports,Tsiper,Annie,Mid,winning_opponent,Partizan Sangal,WLGaming Esports,Electrocute,0.5384615384615384,39,Hextech Rocketbelt + Shadowflame + Seeker's Armguard,"Hextech Rocketbelt, Shadowflame, Seeker's Armguard, Crimson Lucidity, Malignance, Dark Seal",Seeker's Armguard,False,True,rare item(s): Seeker's Armguard:5.1%(2/39)
EMEA Masters/2026 Season/Spring Main Event_Groups Day 2_8_2,2026-06-11 18:31:00,26.11,WLGaming Esports,Unkn0wn,Lucian,Bot,winning_opponent,Partizan Sangal,WLGaming Esports,Press the Attack,0.9733333333333334,75,Bloodthirster + Essence Reaver + Infinity Edge,"Bloodthirster, Essence Reaver, Infinity Edge, Navori Flickerblade, Mortal Reminder, Guardian Angel","Bloodthirster, Mortal Reminder, Guardian Angel",False,True,rare item(s): Bloodthirster:9.3%(7/75); Mortal Reminder:18.7%(14/75); Guardian Angel:9.3%(7/75)
EMEA Masters/2026 Season/Spring Main Event_Groups Day 2_8_2,2026-06-11 18:31:00,26.11,WLGaming Esports,Speedy1,Yuumi,Support,winning_opponent,Partizan Sangal,WLGaming Esports,Summon Aery,1.0,6,Knight's Vow + Mikael's Blessing + Dream Maker,"Knight's Vow, Mikael's Blessing, Dream Maker, Ardent Censer, Kindlegem",Knight's Vow,False,True,rare item(s): Knight's Vow:16.7%(1/6)
Esports World Cup 2026/Online Qualifiers/South America_Round 3_1_2,2026-06-11 22:14:00,26.11,LØS,Zest,Gwen,Top,winning_opponent,LOUD,LØS,Conqueror,1.0,14,Doran's Ring + Zhonya's Hourglass + Nashor's Tooth,"Doran's Ring, Zhonya's Hourglass, Nashor's Tooth, Mercury's Treads, Riftmaker, Void Staff",Doran's Ring,False,True,rare item(s): Doran's Ring:14.3%(2/14)
Esports World Cup 2026/Online Qualifiers/South America_Round 3_1_2,2026-06-11 22:14:00,26.11,LØS,Curse,Pantheon,Jungle,winning_opponent,LOUD,LØS,Conqueror,1.0,64,Tunneler + Sundered Sky + Black Cleaver,"Tunneler, Sundered Sky, Black Cleaver, Mercury's Treads, Guardian Angel, Pickaxe","Tunneler, Pickaxe",False,True,rare item(s): Tunneler:7.8%(5/64); Pickaxe:6.2%(4/64)
Esports World Cup 2026/Online Qualifiers/South America_Round 3_1_2,2026-06-11 22:14:00,26.11,LØS,Feisty,Viktor,Mid,winning_opponent,LOUD,LØS,Deathfire Touch,0.9538461538461539,65,Hextech Rocketbelt + Shattered Armguard + Needlessly Large Rod,"Hextech Rocketbelt, Shattered Armguard, Needlessly Large Rod, Chainlaced Crushers, Blackfire Torch","Shattered Armguard, Chainlaced Crushers",False,True,rare item(s): Shattered Armguard:1.5%(1/65); Chainlaced Crushers:20.0%(13/65)
Esports World Cup 2026/Online Qualifiers/South America_Round 3_1_2,2026-06-11 22:14:00,26.11,LØS,Ackerman,Nautilus,Support,winning_opponent,LOUD,LØS,Aftershock,0.9207920792079208,101,Celestial Opposition + Locket of the Iron Solari + Zeke's Convergence,"Celestial Opposition, Locket of the Iron Solari, Zeke's Convergence, Mercury's Treads, Kindlegem, Chain Vest","Zeke's Convergence, Chain Vest",False,True,rare item(s): Zeke's Convergence:5.9%(6/101); Chain Vest:7.9%(8/101)
2026 Asian Games/Qualifier_Day 1_1_1,2026-06-12 05:10:00,26.11,Hong Kong (National Team),Tsang,Trundle,Jungle,winning_opponent,Malaysia (National Team),Hong Kong (National Team),Press the Attack,0.9512195121951219,41,Mercury's Treads + Trinity Force + Control Ward,"Mercury's Treads, Trinity Force, Control Ward, Spectre's Cowl, Dead Man's Plate",Spectre's Cowl,False,True,rare item(s): Spectre's Cowl:14.6%(6/41)
2026 Asian Games/Qualifier_Day 1_1_1,2026-06-12 05:10:00,26.11,Hong Kong (National Team),Ng,Cassiopeia,Mid,winning_opponent,Malaysia (National Team),Hong Kong (National Team),Deathfire Touch,1.0,71,Hextech Alternator + Rod of Ages + Seraph's Embrace,"Hextech Alternator, Rod of Ages, Seraph's Embrace, Dark Seal, Immortal Path","Hextech Alternator, Dark Seal, Immortal Path",False,True,rare item(s): Hextech Alternator:4.2%(3/71); Dark Seal:5.6%(4/71); Immortal Path:1.4%(1/71)
2026 Asian Games/Qualifier_Day 1_1_1,2026-06-12 05:10:00,26.11,Hong Kong (National Team),Li,Jhin,Bot,winning_opponent,Malaysia (National Team),Hong Kong (National Team),Fleet Footwork,0.9420289855072463,69,Youmuu's Ghostblade + Control Ward + Rapid Firecannon,"Youmuu's Ghostblade, Control Ward, Rapid Firecannon, Stormrazor, Mortal Reminder","Control Ward, Mortal Reminder",False,True,rare item(s): Control Ward:18.8%(13/69); Mortal Reminder:18.8%(13/69)
2026 Asian Games/Qualifier_Day 1_1_1,2026-06-12 05:10:00,26.11,Hong Kong (National Team),Ling,Bard,Support,winning_opponent,Malaysia (National Team),Hong Kong (National Team),Electrocute,0.958904109589041,73,Mikael's Blessing + Locket of the Iron Solari + Bloodsong,"Mikael's Blessing, Locket of the Iron Solari, Bloodsong, Mercury's Treads, Kindlegem, Cloth Armor",Cloth Armor,False,True,rare item(s): Cloth Armor:16.4%(12/73)
2026 Asian Games/Qualifier_Day 2_1_1,2026-06-13 05:10:00,26.11,United Arab Emirates (National Team),Alsuwaidi,Rumble,Top,winning_opponent,Pakistan (National Team),United Arab Emirates (National Team),Deathfire Touch,0.5757575757575758,99,Doran's Ring + Liandry's Torment + Shadowflame,"Doran's Ring, Liandry's Torment, Shadowflame, Sorcerer's Shoes, Dark Seal, Haunting Guise","Shadowflame, Sorcerer's Shoes, Dark Seal, Haunting Guise",False,True,rare item(s): Shadowflame:13.1%(13/99); Sorcerer's Shoes:10.1%(10/99); Dark Seal:17.2%(17/99); Haunting Guise:5.1%(5/99)
2026 Asian Games/Qualifier_Day 2_1_1,2026-06-13 05:10:00,26.11,United Arab Emirates (National Team),EAldhaheri,Lee Sin,Jungle,winning_opponent,Pakistan (National Team),United Arab Emirates (National Team),Conqueror,1.0,63,Ionian Boots of Lucidity + Sundered Sky + Black Cleaver,"Ionian Boots of Lucidity, Sundered Sky, Black Cleaver, Long Sword, Long Sword",Ionian Boots of Lucidity,False,True,rare item(s): Ionian Boots of Lucidity:3.2%(2/63)
2026 Asian Games/Qualifier_Day 2_1_1,2026-06-13 05:10:00,26.11,United Arab Emirates (National Team),KAldhaheri,Ezreal,Bot,winning_opponent,Pakistan (National Team),United Arab Emirates (National Team),Lethal Tempo,0.9741379310344828,116,Doran's Bow + Muramana + Refillable Potion,"Doran's Bow, Muramana, Refillable Potion, Trinity Force, Long Sword",Refillable Potion,False,True,rare item(s): Refillable Potion:5.2%(6/116)
LJL/2026 Season/Spring Series_Semifinals_1_2,2026-06-13 09:09:00,26.11,Rising Gaming,YellowYoshi,K'Sante,Top,winning_opponent,Arneb,Rising Gaming,Grasp of the Undying,0.7888888888888889,90,"Iceborn Gauntlet + Jak'Sho, The Protean + Protoplasm Harness","Iceborn Gauntlet, Jak'Sho, The Protean, Protoplasm Harness, Mercury's Treads, Spirit Visage","Protoplasm Harness, Spirit Visage",False,True,rare item(s): Protoplasm Harness:4.4%(4/90); Spirit Visage:12.2%(11/90)
LJL/2026 Season/Spring Series_Semifinals_1_2,2026-06-13 09:09:00,26.11,Rising Gaming,Ankochan,Pantheon,Jungle,winning_opponent,Arneb,Rising Gaming,Conqueror,1.0,64,Mercury's Treads + Sundered Sky + Black Cleaver,"Mercury's Treads, Sundered Sky, Black Cleaver, Cloth Armor, Maw of Malmortius","Cloth Armor, Maw of Malmortius",False,True,rare item(s): Cloth Armor:4.7%(3/64); Maw of Malmortius:9.4%(6/64)
LJL/2026 Season/Spring Series_Semifinals_1_2,2026-06-13 09:09:00,26.11,Rising Gaming,Ramune,Ryze,Mid,winning_opponent,Arneb,Rising Gaming,Deathfire Touch,0.945054945054945,91,Seraph's Embrace + Zhonya's Hourglass + Chainlaced Crushers,"Seraph's Embrace, Zhonya's Hourglass, Chainlaced Crushers, Rod of Ages, Needlessly Large Rod",Zhonya's Hourglass,False,True,rare item(s): Zhonya's Hourglass:17.6%(16/91)
LJL/2026 Season/Spring Series_Semifinals_1_2,2026-06-13 09:09:00,26.11,Rising Gaming,Archer,Yunara,Bot,winning_opponent,Arneb,Rising Gaming,Lethal Tempo,1.0,45,Kraken Slayer + Phantom Dancer + Mercurial Scimitar,"Kraken Slayer, Phantom Dancer, Mercurial Scimitar, Infinity Edge, Bloodthirster","Phantom Dancer, Mercurial Scimitar, Bloodthirster",False,True,rare item(s): Phantom Dancer:13.3%(6/45); Mercurial Scimitar:8.9%(4/45); Bloodthirster:13.3%(6/45)
LJL/2026 Season/Spring Series_Semifinals_1_2,2026-06-13 09:09:00,26.11,Rising Gaming,Patch,Alistar,Support,winning_opponent,Arneb,Rising Gaming,Unsealed Spellbook,0.574468085106383,47,Locket of the Iron Solari + Zeke's Convergence + Knight's Vow,"Locket of the Iron Solari, Zeke's Convergence, Knight's Vow, Celestial Opposition, Mercury's Treads",Mercury's Treads,False,True,rare item(s): Mercury's Treads:19.1%(9/47)
VCS/2026 Season/Summer Playoffs_Round 2_1_1,2026-06-13 10:07:00,26.11,Saigon Warriors,j1n5,Pantheon,Jungle,winning_opponent,ZEN Esports (Vietnamese Team),Saigon Warriors,Conqueror,1.0,64,Black Cleaver + Guardian Angel + Maw of Malmortius,"Black Cleaver, Guardian Angel, Maw of Malmortius, Sundered Sky, Mercury's Treads, Death's Dance","Maw of Malmortius, Death's Dance",False,True,rare item(s): Maw of Malmortius:9.4%(6/64); Death's Dance:9.4%(6/64)
VCS/2026 Season/Summer Playoffs_Round 2_1_1,2026-06-13 10:07:00,26.11,Saigon Warriors,Aomine,Ziggs,Bot,winning_opponent,ZEN Esports (Vietnamese Team),Saigon Warriors,Arcane Comet,0.9285714285714286,14,Banshee's Veil + Luden's Echo + Void Staff,"Banshee's Veil, Luden's Echo, Void Staff, Fiendish Codex, Shadowflame, Rabadon's Deathcap","Banshee's Veil, Fiendish Codex",False,True,rare item(s): Banshee's Veil:7.1%(1/14); Fiendish Codex:7.1%(1/14)
EMEA Masters/2026 Season/Spring Main Event_Quarterfinals_2_3,2026-06-13 16:35:00,26.11,G2 NORD,Shelfmade,Rumble,Top,winning_opponent,Solary,G2 NORD,Deathfire Touch,0.5757575757575758,99,Shadowflame + Hextech Rocketbelt + Zhonya's Hourglass,"Shadowflame, Hextech Rocketbelt, Zhonya's Hourglass, Plated Steelcaps, Mejai's Soulstealer, Liandry's Torment","Shadowflame, Hextech Rocketbelt, Mejai's Soulstealer",False,True,rare item(s): Shadowflame:13.1%(13/99); Hextech Rocketbelt:16.2%(16/99); Mejai's Soulstealer:4.0%(4/99)
EMEA Masters/2026 Season/Spring Main Event_Quarterfinals_2_3,2026-06-13 16:35:00,26.11,G2 NORD,Markoon,Jarvan IV,Jungle,winning_opponent,Solary,G2 NORD,Conqueror,1.0,89,Black Cleaver + Steel Sigil + Sundered Sky,"Black Cleaver, Steel Sigil, Sundered Sky, Plated Steelcaps, Guardian Angel, Pickaxe",Pickaxe,False,True,rare item(s): Pickaxe:7.9%(7/89)
EMEA Masters/2026 Season/Spring Main Event_Quarterfinals_2_3,2026-06-13 16:35:00,26.11,G2 NORD,rin,Yunara,Bot,winning_opponent,Solary,G2 NORD,Lethal Tempo,1.0,45,Doran's Helm + Hexoptics C44 + Kraken Slayer,"Doran's Helm, Hexoptics C44, Kraken Slayer, Infinity Edge, Fiendhunter Bolts, Mortal Reminder","Doran's Helm, Mortal Reminder",False,True,rare item(s): Doran's Helm:6.7%(3/45); Mortal Reminder:20.0%(9/45)
EMEA Masters/2026 Season/Spring Main Event_Quarterfinals_2_3,2026-06-13 16:35:00,26.11,G2 NORD,Tockimo,Blitzcrank,Support,winning_opponent,Solary,G2 NORD,Unsealed Spellbook,0.625,8,Kindlegem + Locket of the Iron Solari + Bloodsong,"Kindlegem, Locket of the Iron Solari, Bloodsong, Null-Magic Mantle, Boots of Swiftness, Zeke's Convergence",Null-Magic Mantle,False,True,rare item(s): Null-Magic Mantle:12.5%(1/8)
Esports World Cup 2026/Online Qualifiers/South America_Round 4_2_2,2026-06-13 17:03:00,26.11,LØS,Zest,Gwen,Top,winning_opponent,Vivo Keyd Stars,LØS,Conqueror,1.0,14,Imperial Mandate + Zhonya's Hourglass + Riftmaker,"Imperial Mandate, Zhonya's Hourglass, Riftmaker, Void Staff, Nashor's Tooth, Mercury's Treads",Imperial Mandate,False,True,rare item(s): Imperial Mandate:7.1%(1/14)
Esports World Cup 2026/Online Qualifiers/South America_Round 4_2_2,2026-06-13 17:03:00,26.11,LØS,Curse,Wukong,Jungle,winning_opponent,Vivo Keyd Stars,LØS,Conqueror,1.0,86,Mercury's Treads + Guardian Angel + Trinity Force,"Mercury's Treads, Guardian Angel, Trinity Force, Black Cleaver, Death's Dance",Death's Dance,False,True,rare item(s): Death's Dance:15.1%(13/86)
Esports World Cup 2026/Online Qualifiers/South America_Round 4_2_2,2026-06-13 17:03:00,26.11,LØS,Feisty,Ahri,Mid,winning_opponent,Vivo Keyd Stars,LØS,Electrocute,0.9848484848484849,66,Crimson Lucidity + Hextech Rocketbelt + Needlessly Large Rod,"Crimson Lucidity, Hextech Rocketbelt, Needlessly Large Rod, Malignance, Dark Seal, Morellonom",Morellonom,False,True,rare item(s): Morellonom:1.5%(1/66)
Esports World Cup 2026/Online Qualifiers/South America_Round 4_2_2,2026-06-13 17:03:00,26.11,LØS,Duduhh,Xayah,Bot,winning_opponent,Vivo Keyd Stars,LØS,Conqueror,0.7894736842105263,38,Essence Reaver + Quicksilver Sash + Navori Flickerblade,"Essence Reaver, Quicksilver Sash, Navori Flickerblade, Infinity Edge, Lord Dominik's Regards, Control Ward","Quicksilver Sash, Control Ward",False,True,rare item(s): Quicksilver Sash:2.6%(1/38); Control Ward:18.4%(7/38)
LCS/2026 Season/Spring Playoffs_Round 3_1_1,2026-06-13 20:15:00,26.11,Team Liquid,Josedeodo,Lee Sin,Jungle,winning_opponent,Cloud9,Team Liquid,Conqueror,1.0,63,Mercury's Treads + Sundered Sky + Black Cleaver,"Mercury's Treads, Sundered Sky, Black Cleaver, Guardian Angel, Tunneler",Tunneler,False,True,rare item(s): Tunneler:3.2%(2/63)
LCS/2026 Season/Spring Playoffs_Round 3_1_1,2026-06-13 20:15:00,26.11,Team Liquid,Quid,Ryze,Mid,winning_opponent,Cloud9,Team Liquid,Deathfire Touch,0.945054945054945,91,Rod of Ages + Blasting Wand + Actualizer,"Rod of Ages, Blasting Wand, Actualizer, Seraph's Embrace, Blighting Jewel, Chainlaced Crushers","Blasting Wand, Blighting Jewel",False,True,rare item(s): Blasting Wand:7.7%(7/91); Blighting Jewel:4.4%(4/91)
LCK/2026 Season/Road to MSI_Round 4_1_4,2026-06-14 09:36:00,26.11,Gen.G,Canyon,Xin Zhao,Jungle,winning_opponent,T1,Gen.G,Conqueror,0.9746835443037974,79,Steel Sigil + B. F. Sword + Sundered Sky,"Steel Sigil, B. F. Sword, Sundered Sky, Black Cleaver, Mercury's Treads",B. F. Sword,False,True,rare item(s): B. F. Sword:8.9%(7/79)
LCK/2026 Season/Road to MSI_Round 4_1_4,2026-06-14 09:36:00,26.11,Gen.G,Chovy,Ahri,Mid,winning_opponent,T1,Gen.G,Electrocute,0.9848484848484849,66,Hextech Rocketbelt + Shattered Armguard + Malignance,"Hextech Rocketbelt, Shattered Armguard, Malignance, Chainlaced Crushers, Needlessly Large Rod, Needlessly Large Rod",Shattered Armguard,False,True,rare item(s): Shattered Armguard:6.1%(4/66)
LCK/2026 Season/Road to MSI_Round 4_1_4,2026-06-14 09:36:00,26.11,Gen.G,Ruler,Ezreal,Bot,winning_opponent,T1,Gen.G,Lethal Tempo,0.9741379310344828,116,Trinity Force + Spear of Shojin + Endless Hunger,"Trinity Force, Spear of Shojin, Endless Hunger, Muramana, Last Whisper, Control Ward","Last Whisper, Control Ward",False,True,rare item(s): Last Whisper:18.1%(21/116); Control Ward:18.1%(21/116)
LCK/2026 Season/Road to MSI_Round 4_1_4,2026-06-14 09:36:00,26.11,Gen.G,Duro,Karma,Support,winning_opponent,T1,Gen.G,Summon Aery,0.6527777777777778,72,Mikael's Blessing + Dream Maker + Echoes of Helia,"Mikael's Blessing, Dream Maker, Echoes of Helia, Ionian Boots of Lucidity, Oblivion Orb, Bandleglass Mirror","Oblivion Orb, Bandleglass Mirror",False,True,rare item(s): Oblivion Orb:15.3%(11/72); Bandleglass Mirror:13.9%(10/72)
VCS/2026 Season/Summer Playoffs_Round 1_3_1,2026-06-14 10:13:00,26.11,SN CyberCore Esports,RyuK2,Jax,Top,winning_opponent,Saigon Dino,SN CyberCore Esports,Grasp of the Undying,0.75,16,Caulfield's Warhammer + Zhonya's Hourglass + Trinity Force,"Caulfield's Warhammer, Zhonya's Hourglass, Trinity Force, Sundered Sky, Mercury's Treads, Frozen Heart","Caulfield's Warhammer, Frozen Heart",False,True,rare item(s): Caulfield's Warhammer:6.2%(1/16); Frozen Heart:6.2%(1/16)
VCS/2026 Season/Summer Playoffs_Round 1_3_1,2026-06-14 10:13:00,26.11,SN CyberCore Esports,nTnT,Jarvan IV,Jungle,winning_opponent,Saigon Dino,SN CyberCore Esports,Conqueror,1.0,89,Control Ward + Tunneler + Black Cleaver,"Control Ward, Tunneler, Black Cleaver, Guardian Angel, Sundered Sky, Mercury's Treads",Tunneler,False,True,rare item(s): Tunneler:4.5%(4/89)
VCS/2026 Season/Summer Playoffs_Round 1_3_1,2026-06-14 10:13:00,26.11,SN CyberCore Esports,Vit,Jhin,Bot,winning_opponent,Saigon Dino,SN CyberCore Esports,Fleet Footwork,0.9420289855072463,69,Youmuu's Ghostblade + Guardian Angel + Doran's Bow,"Youmuu's Ghostblade, Guardian Angel, Doran's Bow, Rapid Firecannon, Stormrazor, Infinity Edge","Guardian Angel, Doran's Bow",False,True,rare item(s): Guardian Angel:10.1%(7/69); Doran's Bow:15.9%(11/69)
VCS/2026 Season/Summer Playoffs_Round 1_3_1,2026-06-14 10:13:00,26.11,SN CyberCore Esports,Shogun,Nautilus,Support,winning_opponent,Saigon Dino,SN CyberCore Esports,Aftershock,0.9207920792079208,101,Protoplasm Harness + Locket of the Iron Solari + Bloodsong,"Protoplasm Harness, Locket of the Iron Solari, Bloodsong, Mercury's Treads, Bramble Vest, Null-Magic Mantle","Bloodsong, Bramble Vest, Null-Magic Mantle",False,True,rare item(s): Bloodsong:15.8%(16/101); Bramble Vest:4.0%(4/101); Null-Magic Mantle:14.9%(15/101)
Hitpoint 2nd Division Challengers/2026 Season/Spring Playoffs_Finals_1_4,2026-06-14 12:59:00,26.11,Ethereal Enigmas,kobe67,Gnar,Top,winning_opponent,Priority,Ethereal Enigmas,Fleet Footwork,0.6774193548387096,62,Plated Steelcaps + Doran's Blade + Sterak's Gage,"Plated Steelcaps, Doran's Blade, Sterak's Gage, Trinity Force, Phage, Ruby Crystal",Phage,False,True,rare item(s): Phage:1.6%(1/62)
Hitpoint 2nd Division Challengers/2026 Season/Spring Playoffs_Finals_1_4,2026-06-14 12:59:00,26.11,Ethereal Enigmas,Reedfoo,Kalista,Bot,winning_opponent,Priority,Ethereal Enigmas,Lethal Tempo,0.875,8,Refillable Potion + Giant's Belt + Statikk Shiv,"Refillable Potion, Giant's Belt, Statikk Shiv, Guinsoo's Rageblade, Terminus, Doran's Bow",Refillable Potion,False,True,rare item(s): Refillable Potion:12.5%(1/8)
Hitpoint 2nd Division Challengers/2026 Season/Spring Playoffs_Finals_1_4,2026-06-14 12:59:00,26.11,Ethereal Enigmas,Sobakk,Nautilus,Support,winning_opponent,Priority,Ethereal Enigmas,Aftershock,0.9207920792079208,101,Locket of the Iron Solari + Mercury's Treads + Knight's Vow,"Locket of the Iron Solari, Mercury's Treads, Knight's Vow, Solstice Sleigh",Solstice Sleigh,False,True,rare item(s): Solstice Sleigh:6.9%(7/101)
EMEA Masters/2026 Season/Spring Main Event_Semifinals_1_1,2026-06-14 15:01:00,26.11,Solary,Zicssi,Wukong,Jungle,winning_opponent,UCAM Esports,Solary,Conqueror,1.0,86,Slightly Magical Footwear + Trinity Force + Black Cleaver,"Slightly Magical Footwear, Trinity Force, Black Cleaver, Long Sword, Sundered Sky","Slightly Magical Footwear, Long Sword",False,True,rare item(s): Slightly Magical Footwear:9.3%(8/86); Long Sword:19.8%(17/86)
EMEA Masters/2026 Season/Spring Main Event_Semifinals_1_1,2026-06-14 15:01:00,26.11,Solary,Aetinoth,Lucian,Bot,winning_opponent,UCAM Esports,Solary,Press the Attack,0.9733333333333334,75,Doran's Bow + Essence Reaver + Cloak of Agility,"Doran's Bow, Essence Reaver, Cloak of Agility, Navori Flickerblade, Infinity Edge, Long Sword",Long Sword,False,True,rare item(s): Long Sword:17.3%(13/75)
LCK/2026 Season/Rounds 1-2_Week 6_2_2,2026-05-06 11:22:00,26.09,Hanwha Life Esports,Gumayusi,Lucian,Bot,winning_opponent,DN SOOPers,Hanwha Life Esports,Press the Attack,0.9302325581395349,172,Infinity Edge + Navori Flickerblade + Lord Dominik's Regards,"Infinity Edge, Navori Flickerblade, Lord Dominik's Regards, Essence Reaver",,False,False,No low-frequency rune/item signal versus same champion-role patch baseline.
LES/2026 Season/Spring Split_Week 5_2_1,2026-05-06 17:58:00,26.09,Barça eSports,Legolas,Ezreal,Bot,winning_opponent,GIANTX iTero,Barça eSports,Lethal Tempo,0.897119341563786,243,Serylda's Grudge + Long Sword + Endless Hunger,"Serylda's Grudge, Long Sword, Endless Hunger, Spear of Shojin, Muramana, Trinity Force",,False,False,No low-frequency rune/item signal versus same champion-role patch baseline.
North American Challengers League/2026 Season/Spring Season_Week 7_6_2,2026-05-08 23:08:00,26.09,Citadel Gaming,Keel,Karma,Support,winning_opponent,Apex Mission Impossible,Citadel Gaming,Arcane Comet,0.36363636363636365,154,Moonstone Renewer + Ionian Boots of Lucidity + Dream Maker,"Moonstone Renewer, Ionian Boots of Lucidity, Dream Maker, Echoes of Helia, Redemption",,False,False,No low-frequency rune/item signal versus same champion-role patch baseline.
LPL/2026 Season/Split 2_Week 6_7_2,2026-05-09 10:12:00,26.09,Invictus Gaming,Wei,Xin Zhao,Jungle,winning_opponent,Ninjas in Pyjamas.CN,Invictus Gaming,Conqueror,0.991701244813278,241,Titanic Hydra + Sundered Sky + Mercury's Treads,"Titanic Hydra, Sundered Sky, Mercury's Treads, Steel Sigil, Long Sword",,False,False,No low-frequency rune/item signal versus same champion-role patch baseline.
TCL/2026 Season/Spring Split_Week 6_2_2,2026-05-11 17:47:00,26.09,Team Phoenix (Turkish Team),Raen1,Varus,Bot,winning_opponent,BoostGate Esports,Team Phoenix (Turkish Team),Arcane Comet,0.6842105263157895,76,Muramana + Serylda's Grudge + Youmuu's Ghostblade,"Muramana, Serylda's Grudge, Youmuu's Ghostblade, Doran's Blade, Edge of Night, Serpent's Fang",,False,False,No low-frequency rune/item signal versus same champion-role patch baseline.
LFL/2026 Season/Spring Playoffs_Round 1_5_2,2026-05-13 17:08:00,26.09,Esprit Shōnen,Kobs,Xin Zhao,Jungle,winning_opponent,Ici Japon Corp. Esport,Esprit Shōnen,Conqueror,0.991701244813278,241,Titanic Hydra + Black Cleaver + Mercury's Treads,"Titanic Hydra, Black Cleaver, Mercury's Treads, Guardian Angel, Steel Sigil",,False,False,No low-frequency rune/item signal versus same champion-role patch baseline.
LFL/2026 Season/Spring Playoffs_Round 1_5_2,2026-05-13 17:08:00,26.09,Esprit Shōnen,Mxe,Braum,Support,winning_opponent,Ici Japon Corp. Esport,Esprit Shōnen,Guardian,0.6296296296296297,27,Locket of the Iron Solari + Celestial Opposition + Plated Steelcaps,"Locket of the Iron Solari, Celestial Opposition, Plated Steelcaps, Knight's Vow, Kindlegem",,False,False,No low-frequency rune/item signal versus same champion-role patch baseline.
Hitpoint Masters/2026 Season/Spring Split_Week 4_4_1,2026-05-16 16:46:00,26.10,Nightbirds,Savero,Pantheon,Jungle,winning_opponent,eSuba,Nightbirds,Conqueror,1.0,126,Mercury's Treads + Black Cleaver + Guardian Angel,"Mercury's Treads, Black Cleaver, Guardian Angel, Sundered Sky",,False,False,No low-frequency rune/item signal versus same champion-role patch baseline.
Hitpoint Masters/2026 Season/Spring Split_Week 4_4_1,2026-05-16 16:46:00,26.10,Nightbirds,Vasco,Ryze,Mid,winning_opponent,eSuba,Nightbirds,Deathfire Touch,0.9367816091954023,174,Doran's Ring + Actualizer + Needlessly Large Rod,"Doran's Ring, Actualizer, Needlessly Large Rod, Rod of Ages, Seraph's Embrace, Swiftmarch",,False,False,No low-frequency rune/item signal versus same champion-role patch baseline.
Nexus League/2026 Season/Spring Split_Week 6_8_1,2026-05-17 13:08:00,26.09,Lille Esport,Shido,Wukong,Jungle,winning_opponent,Crystal Rose (French Team),Lille Esport,Conqueror,1.0,122,Sundered Sky + Plated Steelcaps + Steel Sigil,"Sundered Sky, Plated Steelcaps, Steel Sigil, Trinity Force, Long Sword, Long Sword",,False,False,No low-frequency rune/item signal versus same champion-role patch baseline.
LJL/2026 Season/Spring Series_Week 4_2_1,2026-05-21 10:03:00,26.10,New Meta,advance,Irelia,Top,winning_opponent,Rising Gaming,New Meta,Conqueror,0.9090909090909091,11,Blade of the Ruined King + Hullbreaker + Mercury's Treads,"Blade of the Ruined King, Hullbreaker, Mercury's Treads, Wit's End",,False,False,No low-frequency rune/item signal versus same champion-role patch baseline.
LJL/2026 Season/Spring Series_Week 4_2_1,2026-05-21 10:03:00,26.10,New Meta,suyahime,Jhin,Bot,winning_opponent,Rising Gaming,New Meta,Fleet Footwork,0.8991596638655462,119,Stormrazor + Rapid Firecannon + Youmuu's Ghostblade,"Stormrazor, Rapid Firecannon, Youmuu's Ghostblade, Doran's Blade",,False,False,No low-frequency rune/item signal versus same champion-role patch baseline.
VCS/2026 Season/Summer Season_Week 2_5_2,2026-05-22 10:56:00,26.09,Saigon Warriors,Kairi,Milio,Support,winning_opponent,Saigon Dino,Saigon Warriors,Summon Aery,1.0,152,Dream Maker + Ionian Boots of Lucidity + Echoes of Helia,"Dream Maker, Ionian Boots of Lucidity, Echoes of Helia, Ardent Censer, Moonstone Renewer",,False,False,No low-frequency rune/item signal versus same champion-role patch baseline.
Benelux Ascend Series/2026 Season/Spring Playoffs_Round 1_4_2,2026-05-22 18:59:00,26.10,ZennIT Academy,0ri,Kha'Zix,Jungle,winning_opponent,FUSE,ZennIT Academy,First Strike,1.0,8,Voltaic Cyclosword + Umbral Glaive + Ionian Boots of Lucidity,"Voltaic Cyclosword, Umbral Glaive, Ionian Boots of Lucidity, Edge of Night, Serylda's Grudge, Serrated Dirk",,False,False,No low-frequency rune/item signal versus same champion-role patch baseline.
Benelux Ascend Series/2026 Season/Spring Playoffs_Round 1_4_2,2026-05-22 18:59:00,26.10,ZennIT Academy,Sjedow,Seraphine,Support,winning_opponent,FUSE,ZennIT Academy,Summon Aery,0.98125,160,Moonstone Renewer + Ionian Boots of Lucidity + Dream Maker,"Moonstone Renewer, Ionian Boots of Lucidity, Dream Maker, Diadem of Songs, Echoes of Helia, Forbidden Idol",,False,False,No low-frequency rune/item signal versus same champion-role patch baseline.
North American Challengers League/2026 Season/Spring Playoffs_Round 2_1_2,2026-05-22 20:55:00,26.10,CCG Esports,Only35,Karma,Support,winning_opponent,NRG,CCG Esports,Summon Aery,0.717391304347826,138,Redemption + Ionian Boots of Lucidity + Dream Maker,"Redemption, Ionian Boots of Lucidity, Dream Maker, Moonstone Renewer, Forbidden Idol, Forbidden Idol",,False,False,No low-frequency rune/item signal versus same champion-role patch baseline.
LCP/2026 Season/Split 2 Playoffs_Round 1_1_2,2026-05-23 10:10:00,26.10,MVK Esports,SiuLoong,Pyke,Support,winning_opponent,CTBC Flying Oyster,MVK Esports,Hail of Blades,1.0,22,Celestial Opposition + Umbral Glaive + Tunneler,"Celestial Opposition, Umbral Glaive, Tunneler, Boots of Swiftness, Serrated Dirk",,False,False,No low-frequency rune/item signal versus same champion-role patch baseline.
LIT/2026 Season/Summer Promotion_Semifinals_2_3,2026-05-23 19:13:00,26.10,P11 Esports,Pinguino,Blitzcrank,Support,winning_opponent,StoneHenge Esports,P11 Esports,Glacial Augment,0.7142857142857143,7,Mikael's Blessing + Celestial Opposition + Locket of the Iron Solari,"Mikael's Blessing, Celestial Opposition, Locket of the Iron Solari, Boots of Swiftness, Glacial Buckler, Cloth Armor",,False,False,No low-frequency rune/item signal versus same champion-role patch baseline.
LCS/2026 Season/Spring Playoffs_Round 1_1_3,2026-05-23 21:50:00,26.10,FlyQuest,Quad,Sylas,Mid,winning_opponent,Cloud9,FlyQuest,Conqueror,0.84375,32,Hextech Rocketbelt + Zhonya's Hourglass + Chainlaced Crushers,"Hextech Rocketbelt, Zhonya's Hourglass, Chainlaced Crushers, Dark Seal, Riftmaker",,False,False,No low-frequency rune/item signal versus same champion-role patch baseline.
LCS/2026 Season/Spring Playoffs_Round 1_1_3,2026-05-23 21:50:00,26.10,FlyQuest,Cryogen,Lulu,Support,winning_opponent,Cloud9,FlyQuest,Summon Aery,1.0,130,Dream Maker + Ardent Censer + Ionian Boots of Lucidity,"Dream Maker, Ardent Censer, Ionian Boots of Lucidity, Bandleglass Mirror, Mikael's Blessing",,False,False,No low-frequency rune/item signal versus same champion-role patch baseline.
Comic Con Baltics 2026_Finals_1_4,2026-05-24 11:16:00,26.10,Wilderness Gaming,Valiant,Jayce,Mid,winning_opponent,Kenty,Wilderness Gaming,Electrocute,0.8333333333333334,6,Youmuu's Ghostblade + Doran's Blade + Serrated Dirk,"Youmuu's Ghostblade, Doran's Blade, Serrated Dirk, Serylda's Grudge, Chainlaced Crushers, Muramana",,False,False,No low-frequency rune/item signal versus same champion-role patch baseline.
LIT/2026 Season/Summer Promotion_Finals_1_1,2026-05-24 16:11:00,26.10,P11 Esports,Pinguino,Braum,Support,winning_opponent,Epitomy Esports,P11 Esports,Guardian,0.6842105263157895,38,Knight's Vow + Celestial Opposition + Locket of the Iron Solari,"Knight's Vow, Celestial Opposition, Locket of the Iron Solari, Mercury's Treads, Kindlegem",,False,False,No low-frequency rune/item signal versus same champion-role patch baseline.
CBLOL/2026 Season/Split 1 Playoffs_Round 4_1_2,2026-05-24 17:02:00,26.10,FURIA,Tutsz,Twisted Fate,Mid,winning_opponent,RED Canids,FURIA,Arcane Comet,0.7,50,Rod of Ages + Chainlaced Crushers + Rabadon's Deathcap,"Rod of Ages, Chainlaced Crushers, Rabadon's Deathcap, Lich Bane, Dark Seal, Rapid Firecannon",,False,False,No low-frequency rune/item signal versus same champion-role patch baseline.
LEC/2026 Season/Spring Playoffs_Round 3_1_5,2026-05-25 18:29:00,26.10,G2 Esports,BrokenBlade,Malphite,Top,winning_opponent,Movistar KOI,G2 Esports,Arcane Comet,0.7777777777777778,27,Kaenic Rookern + Plated Steelcaps + Sunfire Aegis,"Kaenic Rookern, Plated Steelcaps, Sunfire Aegis, Frozen Heart",,False,False,No low-frequency rune/item signal versus same champion-role patch baseline.
LCK/2026 Season/Rounds 1-2_Week 9_1_2,2026-05-27 09:12:00,26.10,Gen.G,Canyon,Vi,Jungle,winning_opponent,Hanwha Life Esports,Gen.G,Conqueror,0.9558823529411765,136,Steel Sigil + Black Cleaver + Sundered Sky,"Steel Sigil, Black Cleaver, Sundered Sky, Mercury's Treads",,False,False,No low-frequency rune/item signal versus same champion-role patch baseline.
LCK/2026 Season/Rounds 1-2_Week 9_1_2,2026-05-27 09:12:00,26.10,Gen.G,Chovy,Ahri,Mid,winning_opponent,Hanwha Life Esports,Gen.G,Electrocute,0.9568965517241379,116,Hextech Rocketbelt + Shadowflame + Rabadon's Deathcap,"Hextech Rocketbelt, Shadowflame, Rabadon's Deathcap, Dark Seal, Spellslinger's Shoes, Malignance",,False,False,No low-frequency rune/item signal versus same champion-role patch baseline.
NLC/2026 Season/Spring Split_Day 2_2_1,2026-05-27 17:05:00,26.10,Ruddy Corporation,Ag0nyPain,Mel,Mid,winning_opponent,Arctic Pandas,Ruddy Corporation,Arcane Comet,0.6551724137931034,29,Rabadon's Deathcap + Hextech Rocketbelt + Void Staff,"Rabadon's Deathcap, Hextech Rocketbelt, Void Staff, Blackfire Torch, Spellslinger's Shoes, Mejai's Soulstealer",,False,False,No low-frequency rune/item signal versus same champion-role patch baseline.
Streamers Clash/Season 4_Day 7_5_1,2026-05-28 19:54:00,26.10,VEDICI DEEMONS,Dao,Kayn,Jungle,winning_opponent,SILNĚJŠÍ SE XNAPYM,VEDICI DEEMONS,First Strike,0.3333333333333333,3,Death's Dance + Voltaic Cyclosword + Pickaxe,"Death's Dance, Voltaic Cyclosword, Pickaxe, Spirit Visage, Phage, Mercury's Treads",,False,False,No low-frequency rune/item signal versus same champion-role patch baseline.
LPL/2026 Season/Split 2 Playoffs_Round 1_1_3,2026-05-29 08:05:00,26.10,JD Gaming,Xiaoxu,Shen,Top,winning_opponent,ThunderTalk Gaming,JD Gaming,Grasp of the Undying,0.9655172413793104,29,Titanic Hydra + Dusk and Dawn + Bandlepipes,"Titanic Hydra, Dusk and Dawn, Bandlepipes, Mercury's Treads, Cloth Armor",,False,False,No low-frequency rune/item signal versus same champion-role patch baseline.
Benelux Ascend Series/2026 Season/Spring Playoffs_Round 2_1_4,2026-05-29 20:18:00,26.10,FUSE,Scopes,Mel,Mid,winning_opponent,RED OUAT,FUSE,Arcane Comet,0.6551724137931034,29,Zhonya's Hourglass + Shadowflame + Needlessly Large Rod,"Zhonya's Hourglass, Shadowflame, Needlessly Large Rod, Crimson Lucidity, Luden's Echo, Needlessly Large Rod",,False,False,No low-frequency rune/item signal versus same champion-role patch baseline.
CBLOL/2026 Season/Split 1 Playoffs_Round 3_1_2,2026-05-30 17:07:00,26.11,Fluxo W7M,Momochi,Nautilus,Support,winning_opponent,LØS,Fluxo W7M,Aftershock,0.9207920792079208,101,Locket of the Iron Solari + Knight's Vow + Celestial Opposition,"Locket of the Iron Solari, Knight's Vow, Celestial Opposition, Plated Steelcaps, Kindlegem",,False,False,No low-frequency rune/item signal versus same champion-role patch baseline.
LCP/2026 Season/Split 2 Playoffs_Round 3_1_3,2026-05-31 10:54:00,26.10,Deep Cross Gaming,Pop9,Rek'Sai,Jungle,winning_opponent,Team Secret Whales,Deep Cross Gaming,Conqueror,0.5555555555555556,18,Spear of Shojin + Stridebreaker + Steel Sigil,"Spear of Shojin, Stridebreaker, Steel Sigil, Mercury's Treads",,False,False,No low-frequency rune/item signal versus same champion-role patch baseline.
LCP/2026 Season/Split 2 Playoffs_Round 3_1_3,2026-05-31 10:54:00,26.10,Deep Cross Gaming,ShiauC,Rell,Support,winning_opponent,Team Secret Whales,Deep Cross Gaming,Aftershock,0.7763157894736842,76,Celestial Opposition + Mercury's Treads + Ruby Crystal,"Celestial Opposition, Mercury's Treads, Ruby Crystal, Cloth Armor, Zeke's Convergence, Kindlegem",,False,False,No low-frequency rune/item signal versus same champion-role patch baseline.
Circuito Desafiante/2026 Season/Split 2 Promotion_Round 1_2_1,2026-06-02 21:47:00,26.11,Barulhinhos,sant,Lucian,Bot,winning_opponent,Marere Invokers,Barulhinhos,Press the Attack,0.9733333333333334,75,Essence Reaver + Navori Flickerblade + Lord Dominik's Regards,"Essence Reaver, Navori Flickerblade, Lord Dominik's Regards, B. F. Sword",,False,False,No low-frequency rune/item signal versus same champion-role patch baseline.
LJL/2026 Season/Spring Series_Week 6_2_3,2026-06-03 12:13:00,26.10,Uwinks,Elative,Pantheon,Jungle,winning_opponent,New Meta,Uwinks,Conqueror,1.0,126,Guardian Angel + Black Cleaver + Sundered Sky,"Guardian Angel, Black Cleaver, Sundered Sky, Mercury's Treads",,False,False,No low-frequency rune/item signal versus same champion-role patch baseline.
LES/2026 Season/Spring Playoffs_Semifinals_1_2,2026-06-03 15:57:00,26.10,Team Heretics Academy,Lurox,Jarvan IV,Jungle,winning_opponent,Barça eSports,Team Heretics Academy,Conqueror,1.0,166,Black Cleaver + Mercury's Treads + Control Ward,"Black Cleaver, Mercury's Treads, Control Ward, Guardian Angel, Sundered Sky",,False,False,No low-frequency rune/item signal versus same champion-role patch baseline.
Arabian League/2026 Season/Summer Promotion_Round 1_3_1,2026-06-03 16:06:00,26.11,NextGeneration Esports,Fr0m02Her0,Jarvan IV,Jungle,winning_opponent,GnG Amazigh,NextGeneration Esports,Conqueror,1.0,89,Black Cleaver + Sundered Sky + Plated Steelcaps,"Black Cleaver, Sundered Sky, Plated Steelcaps, Steel Sigil, Guardian Angel",,False,False,No low-frequency rune/item signal versus same champion-role patch baseline.
LES/2026 Season/Spring Playoffs_Semifinals_2_4,2026-06-04 18:07:00,26.10,Movistar KOI Fénix,Time,Poppy,Jungle,winning_opponent,UCAM Esports,Movistar KOI Fénix,Stormraider's Surge,0.8571428571428571,7,Mercury's Treads + Sundered Sky + Dead Man's Plate,"Mercury's Treads, Sundered Sky, Dead Man's Plate, Winged Moonplate, Negatron Cloak",,False,False,No low-frequency rune/item signal versus same champion-role patch baseline.
LES/2026 Season/Spring Playoffs_Semifinals_2_4,2026-06-04 18:07:00,26.10,Movistar KOI Fénix,Fresskowy,Cassiopeia,Mid,winning_opponent,UCAM Esports,Movistar KOI Fénix,Deathfire Touch,0.9318181818181818,132,Liandry's Torment + Seraph's Embrace + Rod of Ages,"Liandry's Torment, Seraph's Embrace, Rod of Ages, Doran's Ring, Chainlaced Crushers",,False,False,No low-frequency rune/item signal versus same champion-role patch baseline.
LES/2026 Season/Spring Playoffs_Semifinals_2_4,2026-06-04 18:07:00,26.10,Movistar KOI Fénix,Myrtus,Rell,Support,winning_opponent,UCAM Esports,Movistar KOI Fénix,Aftershock,0.7763157894736842,76,Celestial Opposition + Protoplasm Harness + Plated Steelcaps,"Celestial Opposition, Protoplasm Harness, Plated Steelcaps, Zeke's Convergence, Kindlegem, Ruby Crystal",,False,False,No low-frequency rune/item signal versus same champion-role patch baseline.
Circuito Desafiante/2026 Season/Split 2 Promotion_Round 1_3_1,2026-06-04 20:05:00,26.11,Marere Invokers,Yozan,Ambessa,Top,winning_opponent,Kuma eSports B,Marere Invokers,Grasp of the Undying,0.7777777777777778,36,Black Cleaver + Eclipse + Plated Steelcaps,"Black Cleaver, Eclipse, Plated Steelcaps, Steel Sigil, Long Sword",,False,False,No low-frequency rune/item signal versus same champion-role patch baseline.
Circuito Desafiante/2026 Season/Split 2 Promotion_Round 1_3_1,2026-06-04 20:05:00,26.11,Marere Invokers,guga fighter,Wukong,Jungle,winning_opponent,Kuma eSports B,Marere Invokers,Conqueror,1.0,86,Mercury's Treads + Trinity Force + Sundered Sky,"Mercury's Treads, Trinity Force, Sundered Sky, Guardian Angel",,False,False,No low-frequency rune/item signal versus same champion-role patch baseline.
Hitpoint 2nd Division Challengers/2026 Season/Spring Playoffs_Round 2_1_3,2026-06-07 12:00:00,26.10,Andromeda Gaming,Palco,Riven,Top,winning_opponent,Priority,Andromeda Gaming,Conqueror,1.0,4,Sundered Sky + Ionian Boots of Lucidity + Axiom Arc,"Sundered Sky, Ionian Boots of Lucidity, Axiom Arc, Ruby Crystal, Long Sword, Doran's Blade",,False,False,No low-frequency rune/item signal versus same champion-role patch baseline.
Hitpoint 2nd Division Challengers/2026 Season/Spring Playoffs_Round 2_1_3,2026-06-07 12:00:00,26.10,Andromeda Gaming,Pongo,Nocturne,Jungle,winning_opponent,Priority,Andromeda Gaming,Conqueror,0.74,100,Stridebreaker + Experimental Hexplate + Steel Sigil,"Stridebreaker, Experimental Hexplate, Steel Sigil, Mercury's Treads",,False,False,No low-frequency rune/item signal versus same champion-role patch baseline.
EMEA Masters/2026 Season/Spring Play-In_Round 3_3_1,2026-06-08 18:04:00,26.11,Bomba Team,minemaciek,Rell,Support,winning_opponent,Otter Side,Bomba Team,Aftershock,0.9491525423728814,59,Mercury's Treads + Locket of the Iron Solari + Celestial Opposition,"Mercury's Treads, Locket of the Iron Solari, Celestial Opposition, Zeke's Convergence, Ruby Crystal",,False,False,No low-frequency rune/item signal versus same champion-role patch baseline.
Esports World Cup 2026/Online Qualifiers/South America_Round 2_1_3,2026-06-08 21:06:00,26.11,Vivo Keyd Stars,ceo,Ashe,Bot,winning_opponent,LØS,Vivo Keyd Stars,Lethal Tempo,0.9605263157894737,76,Kraken Slayer + Hexoptics C44 + Phantom Dancer,"Kraken Slayer, Hexoptics C44, Phantom Dancer, Mortal Reminder",,False,False,No low-frequency rune/item signal versus same champion-role patch baseline.
2026 Asia Masters_Day 2_2_2,2026-06-09 08:41:00,26.11,T1 Esports Academy,Guti,Ahri,Mid,winning_opponent,Bilibili Gaming Junior,T1 Esports Academy,Electrocute,0.9848484848484849,66,Shadowflame + Hextech Rocketbelt + Malignance,"Shadowflame, Hextech Rocketbelt, Malignance, Spellslinger's Shoes, Dark Seal",,False,False,No low-frequency rune/item signal versus same champion-role patch baseline.
2026 Asia Masters_Day 2_2_2,2026-06-09 08:41:00,26.11,T1 Esports Academy,Cloud,Alistar,Support,winning_opponent,Bilibili Gaming Junior,T1 Esports Academy,Unsealed Spellbook,0.574468085106383,47,Locket of the Iron Solari + Celestial Opposition + Zeke's Convergence,"Locket of the Iron Solari, Celestial Opposition, Zeke's Convergence, Boots of Swiftness",,False,False,No low-frequency rune/item signal versus same champion-role patch baseline.
Liga Regional Sur/2026 Season/Split 1 Playoffs_Finals_1_1,2026-06-09 20:07:00,26.11,Volticons,martote,Aatrox,Jungle,winning_opponent,Golden Lions,Volticons,Conqueror,1.0,15,Mercury's Treads + Control Ward + Sterak's Gage,"Mercury's Treads, Control Ward, Sterak's Gage, Sundered Sky, Death's Dance",,False,False,No low-frequency rune/item signal versus same champion-role patch baseline.
Esports World Cup 2026/Online Qualifiers/South America_Round 2_4_1,2026-06-10 21:23:00,26.11,LØS,Zest,Sylas,Top,winning_opponent,paiN Gaming,LØS,Grasp of the Undying,1.0,2,Hextech Rocketbelt + Zhonya's Hourglass + Fiendish Codex,"Hextech Rocketbelt, Zhonya's Hourglass, Fiendish Codex, Ionian Boots of Lucidity, Riftmaker, Haunting Guise",,False,False,No low-frequency rune/item signal versus same champion-role patch baseline.
EMEA Masters/2026 Season/Spring Main Event_Groups Day 2_2_3,2026-06-11 16:43:00,26.11,Galions,Carlsen,Rumble,Top,winning_opponent,G2 NORD,Galions,Deathfire Touch,0.5757575757575758,99,Zhonya's Hourglass + Doran's Ring + Liandry's Torment,"Zhonya's Hourglass, Doran's Ring, Liandry's Torment, Amplifying Tome, Plated Steelcaps",,False,False,No low-frequency rune/item signal versus same champion-role patch baseline.
Esports World Cup 2026/Online Qualifiers/South America_Round 3_1_2,2026-06-11 22:14:00,26.11,LØS,Duduhh,Senna,Bot,winning_opponent,LOUD,LØS,Deathfire Touch,0.5581395348837209,43,Statikk Shiv + Black Cleaver + Rapid Firecannon,"Statikk Shiv, Black Cleaver, Rapid Firecannon, B. F. Sword, Pickaxe, Cloak of Agility",,False,False,No low-frequency rune/item signal versus same champion-role patch baseline.
2026 Asian Games/Qualifier_Day 2_1_1,2026-06-13 05:10:00,26.11,United Arab Emirates (National Team),Almazrouei,Jayce,Mid,winning_opponent,Pakistan (National Team),United Arab Emirates (National Team),Electrocute,1.0,4,Crimson Lucidity + Muramana + Youmuu's Ghostblade,"Crimson Lucidity, Muramana, Youmuu's Ghostblade, Caulfield's Warhammer, Doran's Blade, Long Sword",,False,False,No low-frequency rune/item signal versus same champion-role patch baseline.
2026 Asian Games/Qualifier_Day 2_1_1,2026-06-13 05:10:00,26.11,United Arab Emirates (National Team),Almatrooshi,Zoe,Support,winning_opponent,Pakistan (National Team),United Arab Emirates (National Team),Electrocute,1.0,1,Celestial Opposition + Ionian Boots of Lucidity + Dark Seal,"Celestial Opposition, Ionian Boots of Lucidity, Dark Seal, Imperial Mandate, Fiendish Codex",,False,False,No low-frequency rune/item signal versus same champion-role patch baseline.
VCS/2026 Season/Summer Playoffs_Round 2_1_1,2026-06-13 10:07:00,26.11,Saigon Warriors,Nern,Jayce,Top,winning_opponent,ZEN Esports (Vietnamese Team),Saigon Warriors,Grasp of the Undying,0.49056603773584906,53,Voltaic Cyclosword + Serpent's Fang + Youmuu's Ghostblade,"Voltaic Cyclosword, Serpent's Fang, Youmuu's Ghostblade, Muramana, Boots of Swiftness, Serylda's Grudge",,False,False,No low-frequency rune/item signal versus same champion-role patch baseline.
VCS/2026 Season/Summer Playoffs_Round 2_1_1,2026-06-13 10:07:00,26.11,Saigon Warriors,Kairi,Rakan,Support,winning_opponent,ZEN Esports (Vietnamese Team),Saigon Warriors,Unsealed Spellbook,0.3392857142857143,56,Celestial Opposition + Locket of the Iron Solari + Mikael's Blessing,"Celestial Opposition, Locket of the Iron Solari, Mikael's Blessing, Mercury's Treads, Zeke's Convergence",,False,False,No low-frequency rune/item signal versus same champion-role patch baseline.
Esports World Cup 2026/Online Qualifiers/South America_Round 4_2_2,2026-06-13 17:03:00,26.11,LØS,Ackerman,Rakan,Support,winning_opponent,Vivo Keyd Stars,LØS,Guardian,0.5892857142857143,56,Celestial Opposition + Mikael's Blessing + Locket of the Iron Solari,"Celestial Opposition, Mikael's Blessing, Locket of the Iron Solari, Knight's Vow, Mercury's Treads",,False,False,No low-frequency rune/item signal versus same champion-role patch baseline.
LCS/2026 Season/Spring Playoffs_Round 3_1_1,2026-06-13 20:15:00,26.11,Team Liquid,Morgan,Zaahen,Top,winning_opponent,Cloud9,Team Liquid,Grasp of the Undying,0.6666666666666666,15,Stridebreaker + Control Ward + Death's Dance,"Stridebreaker, Control Ward, Death's Dance, Trinity Force, Mercury's Treads",,False,False,No low-frequency rune/item signal versus same champion-role patch baseline.
LCS/2026 Season/Spring Playoffs_Round 3_1_1,2026-06-13 20:15:00,26.11,Team Liquid,Yeon,Xayah,Bot,winning_opponent,Cloud9,Team Liquid,Conqueror,0.7894736842105263,38,Navori Flickerblade + Essence Reaver + Mortal Reminder,"Navori Flickerblade, Essence Reaver, Mortal Reminder, Infinity Edge",,False,False,No low-frequency rune/item signal versus same champion-role patch baseline.
Hitpoint 2nd Division Challengers/2026 Season/Spring Playoffs_Finals_1_4,2026-06-14 12:59:00,26.11,Ethereal Enigmas,Trila,Shyvana,Jungle,winning_opponent,Priority,Ethereal Enigmas,Press the Attack,1.0,4,Spear of Shojin + Trinity Force + Long Sword,"Spear of Shojin, Trinity Force, Long Sword, Pickaxe, Plated Steelcaps, Cloth Armor",,False,False,No low-frequency rune/item signal versus same champion-role patch baseline.
EMEA Masters/2026 Season/Spring Main Event_Semifinals_1_1,2026-06-14 15:01:00,26.11,Solary,Kryze,Anivia,Top,winning_opponent,UCAM Esports,Solary,Electrocute,0.75,4,Malignance + Shattered Armguard + Rod of Ages,"Malignance, Shattered Armguard, Rod of Ages, Boots of Swiftness",,False,False,No low-frequency rune/item signal versus same champion-role patch baseline.
EMEA Masters/2026 Season/Spring Main Event_Semifinals_1_1,2026-06-14 15:01:00,26.11,Solary,Jool,Annie,Mid,winning_opponent,UCAM Esports,Solary,Electrocute,0.5384615384615384,39,Hextech Rocketbelt + Dark Seal + Swiftmarch,"Hextech Rocketbelt, Dark Seal, Swiftmarch, Doran's Ring, Malignance",,False,False,No low-frequency rune/item signal versus same champion-role patch baseline.
EMEA Masters/2026 Season/Spring Main Event_Semifinals_1_1,2026-06-14 15:01:00,26.11,Solary,Piero,Milio,Support,winning_opponent,UCAM Esports,Solary,Summon Aery,0.9333333333333333,75,Dream Maker + Ardent Censer + Moonstone Renewer,"Dream Maker, Ardent Censer, Moonstone Renewer, Ionian Boots of Lucidity",,False,False,No low-frequency rune/item signal versus same champion-role patch baseline.
