match_id,side_proxy,team,old_picks,scoreboard_picks,corrected,scoreboard_pick_count
Arabian League 2nd Division/2026 Season/Spring Split_Week 4_2_1,blue,Victorious Demons,Ambessa + Ezreal + Bard + Galio + Renekton,Renekton + Ambessa + Galio + Ezreal + Bard,False,5
Arabian League 2nd Division/2026 Season/Spring Split_Week 4_2_1,red,Lunaris Esports (MENA Team),Nocturne + Varus + Nautilus + LeBlanc + Jax,Jax + Nocturne + LeBlanc + Varus + Nautilus,False,5
Arabian League 2nd Division/2026 Season/Spring Split_Week 4_1_1,blue,Team Depressed,Pantheon + Corki + Nami + Gwen + Syndra,Gwen + Pantheon + Syndra + Corki + Nami,False,5
Arabian League 2nd Division/2026 Season/Spring Split_Week 4_1_1,red,Pegasus Esports,Aatrox + Sion + Karma + Yunara + Mel,Sion + Aatrox + Mel + Yunara + Karma,False,5
Arabian League 2nd Division/2026 Season/Spring Split_Week 4_2_2,blue,Lunaris Esports (MENA Team),Orianna + Xin Zhao + Kai'Sa + Thresh + Gnar,Gnar + Xin Zhao + Orianna + Kai'Sa + Thresh,False,5
Arabian League 2nd Division/2026 Season/Spring Split_Week 4_2_2,red,Victorious Demons,Wukong + Ryze + Caitlyn + Morgana + Irelia,Irelia + Wukong + Ryze + Caitlyn + Morgana,False,5
Arabian League 2nd Division/2026 Season/Spring Split_Week 4_1_2,blue,Pegasus Esports,K'Sante + Xin Zhao + Ezreal + Zoe + Rakan,K'Sante + Xin Zhao + Zoe + Ezreal + Rakan,False,5
Arabian League 2nd Division/2026 Season/Spring Split_Week 4_1_2,red,Team Depressed,Ambessa + Neeko + Trundle + Kai'Sa + Annie,Ambessa + Trundle + Annie + Kai'Sa + Neeko,False,5
Arabian League 2nd Division/2026 Season/Spring Split_Week 4_1_3,blue,Team Depressed,Jarvan IV + Sylas + Bard + Dr. Mundo + Jhin,Dr. Mundo + Jarvan IV + Sylas + Jhin + Bard,False,5
Arabian League 2nd Division/2026 Season/Spring Split_Week 4_1_3,red,Pegasus Esports,Nocturne + Ornn + Braum + Cassiopeia + Vayne,Ornn + Nocturne + Cassiopeia + Vayne + Braum,False,5
Arabian League/2026 Season/Spring Split_Last Stand_1_1,blue,One More Esports,Jarvan IV + Tristana + Lulu + Gnar + Mel,Gnar + Jarvan IV + Mel + Tristana + Lulu,False,5
Arabian League/2026 Season/Spring Split_Last Stand_1_1,red,JSK Esports,LeBlanc + Ezreal + Naafiri + Thresh + Ambessa,Ambessa + Naafiri + LeBlanc + Ezreal + Thresh,False,5
Arabian League/2026 Season/Spring Split_Last Stand_1_2,blue,One More Esports,Seraphine + Ashe + Wukong + Annie + Renekton,Renekton + Wukong + Annie + Ashe + Seraphine,False,5
Arabian League/2026 Season/Spring Split_Last Stand_1_2,red,JSK Esports,Nami + Corki + Skarner + Ahri + Jayce,Jayce + Skarner + Ahri + Corki + Nami,False,5
Arabian League/2026 Season/Spring Split_Last Stand_2_1,blue,3BL Esports,Xin Zhao + Nautilus + Kai'Sa + Aurora + Sion,Sion + Xin Zhao + Aurora + Kai'Sa + Nautilus,False,5
Arabian League/2026 Season/Spring Split_Last Stand_2_1,red,GnG Amazigh,Jarvan IV + Yunara + Braum + Viktor + Zaahen,Zaahen + Jarvan IV + Viktor + Yunara + Braum,False,5
Arabian League/2026 Season/Spring Split_Last Stand_2_2,blue,GnG Amazigh,Ryze + K'Sante + Naafiri + Rakan + Xayah,K'Sante + Naafiri + Ryze + Xayah + Rakan,False,5
Arabian League/2026 Season/Spring Split_Last Stand_2_2,red,3BL Esports,Syndra + Wukong + Gnar + Corki + Nami,Gnar + Wukong + Syndra + Corki + Nami,False,5
Arabian League/2026 Season/Spring Split_Last Stand_2_3,blue,3BL Esports,Karma + Galio + Sivir + Lissandra + Lee Sin,Galio + Lee Sin + Lissandra + Sivir + Karma,False,5
Arabian League/2026 Season/Spring Split_Last Stand_2_3,red,GnG Amazigh,Jhin + Rumble + Alistar + Ahri + Vi,Rumble + Vi + Ahri + Jhin + Alistar,False,5
LCP/2026 Season/Split 2_Week 5_1_1,blue,Ground Zero Gaming,Jarvan IV + Ashe + Seraphine + Yorick + Cassiopeia,Ambessa + Xin Zhao + Ryze + Lucian + Milio,True,5
LCP/2026 Season/Split 2_Week 5_1_1,red,MVK Esports,Ryze + Xin Zhao + Ambessa + Lucian + Milio,Yorick + Jarvan IV + Cassiopeia + Ashe + Seraphine,True,5
LCP/2026 Season/Split 2_Week 5_1_2,blue,Ground Zero Gaming,Rumble + Naafiri + Hwei + Jhin + Pyke,Sion + Vi + Orianna + Varus + Nautilus,True,5
LCP/2026 Season/Split 2_Week 5_1_2,red,MVK Esports,Varus + Orianna + Sion + Vi + Nautilus,Rumble + Naafiri + Hwei + Jhin + Pyke,True,5
LCP/2026 Season/Split 2_Week 5_2_1,blue,Deep Cross Gaming,Karma + Ryze + Sivir + Naafiri + Gnar,Vayne + Jarvan IV + Anivia + Ezreal + Alistar,True,5
LCP/2026 Season/Split 2_Week 5_2_1,red,GAM Esports,Ezreal + Jarvan IV + Anivia + Alistar + Vayne,Gnar + Naafiri + Ryze + Sivir + Karma,True,5
LCP/2026 Season/Split 2_Week 5_2_2,blue,Deep Cross Gaming,Pantheon + Yorick + Bard + Aurora + Corki,Jayce + Xin Zhao + Twisted Fate + Jhin + Blitzcrank,True,5
LCP/2026 Season/Split 2_Week 5_2_2,red,GAM Esports,Xin Zhao + Jayce + Twisted Fate + Jhin + Blitzcrank,Yorick + Pantheon + Aurora + Corki + Bard,True,5
LCP/2026 Season/Split 2_Week 5_2_3,blue,Deep Cross Gaming,Annie + Renekton + Wukong + Xayah + Lulu,Renekton + Wukong + Annie + Xayah + Lulu,False,5
LCP/2026 Season/Split 2_Week 5_2_3,red,GAM Esports,Galio + Lee Sin + Gwen + Yunara + Milio,Gwen + Lee Sin + Galio + Yunara + Milio,False,5
LEC/2026 Season/Spring Season_Week 6_1_1,blue,Team Heretics,Seraphine + Jarvan IV + Ezreal + Rumble + Azir,Ambessa + Nocturne + Aurora + Caitlyn + Bard,True,5
LEC/2026 Season/Spring Season_Week 6_1_1,red,Fnatic,Bard + Nocturne + Caitlyn + Aurora + Ambessa,Rumble + Jarvan IV + Azir + Ezreal + Seraphine,True,5
LEC/2026 Season/Spring Season_Week 6_1_2,blue,Fnatic,Lulu + Yunara + Zaahen + Viktor + Gnar,Gnar + Zaahen + Viktor + Yunara + Lulu,False,5
LEC/2026 Season/Spring Season_Week 6_1_2,red,Team Heretics,Lucian + Xin Zhao + Nami + Mel + Irelia,Irelia + Xin Zhao + Mel + Lucian + Nami,False,5
CBLOL/2026 Season/Split 1_Week 6_1_1,blue,paiN Gaming,Rumble + Vi + Ahri + Lucian + Milio,Rumble + Vi + Ahri + Lucian + Milio,False,5
CBLOL/2026 Season/Split 1_Week 6_1_1,red,Leviatan,Nocturne + Neeko + K'Sante + Lissandra + Kai'Sa,K'Sante + Nocturne + Lissandra + Kai'Sa + Neeko,False,5
CBLOL/2026 Season/Split 1_Week 6_1_2,blue,paiN Gaming,Pantheon + Corki + Nami + Sion + Aurora,Sion + Pantheon + Aurora + Corki + Nami,False,5
CBLOL/2026 Season/Split 1_Week 6_1_2,red,Leviatan,Skarner + Ezreal + Nautilus + Renekton + Zoe,Renekton + Skarner + Zoe + Ezreal + Nautilus,False,5
LEC/2026 Season/Spring Season_Week 6_2_1,blue,SK Gaming,Pantheon + Jhin + Rell + Shyvana + Ekko,Shyvana + Pantheon + Ekko + Jhin + Rell,False,5
LEC/2026 Season/Spring Season_Week 6_2_1,red,Team Vitality,Caitlyn + Jarvan IV + Azir + Bard + Jayce,Jayce + Jarvan IV + Azir + Caitlyn + Bard,False,5
LEC/2026 Season/Spring Season_Week 6_2_2,blue,SK Gaming,Ezreal + Nami + Xin Zhao + Ahri + Gnar,Anivia + Vi + Yasuo + Kai'Sa + Rakan,True,5
LEC/2026 Season/Spring Season_Week 6_2_2,red,Team Vitality,Kai'Sa + Vi + Rakan + Anivia + Yasuo,Gnar + Xin Zhao + Ahri + Ezreal + Nami,True,5
CBLOL/2026 Season/Split 1_Week 6_2_1,blue,RED Canids,Xin Zhao + Annie + K'Sante + Zeri + Yuumi,Rumble + Trundle + Anivia + Varus + Alistar,True,5
CBLOL/2026 Season/Split 1_Week 6_2_1,red,FURIA,Varus + Rumble + Trundle + Anivia + Alistar,K'Sante + Xin Zhao + Annie + Zeri + Yuumi,True,5
Arabian League 2nd Division/2026 Season/Spring Split_Week 4_4_1,blue,Pyramid IV Esports,Ambessa + Kai'Sa + Olaf + Rell + Hwei,Olaf + Ambessa + Hwei + Kai'Sa + Rell,False,5
Arabian League 2nd Division/2026 Season/Spring Split_Week 4_4_1,red,Lunaris Esports (MENA Team),Wukong + Ezreal + Nautilus + Jax + Ahri,Jax + Wukong + Ahri + Ezreal + Nautilus,False,5
Arabian League 2nd Division/2026 Season/Spring Split_Week 4_5_1,blue,Victorious Demons,Ryze + Jarvan IV + Neeko + Corki + Ornn,Ornn + Jarvan IV + Ryze + Corki + Neeko,False,5
Arabian League 2nd Division/2026 Season/Spring Split_Week 4_5_1,red,NextGeneration Esports,Syndra + Wukong + K'Sante + Nami + Caitlyn,K'Sante + Wukong + Syndra + Caitlyn + Nami,False,5
Arabian League 2nd Division/2026 Season/Spring Split_Week 4_3_1,blue,JSK Academy,Caitlyn + Wukong + Neeko + Galio + Gwen,Gwen + Wukong + Galio + Caitlyn + Neeko,False,5
Arabian League 2nd Division/2026 Season/Spring Split_Week 4_3_1,red,Team Depressed,Ezreal + Xin Zhao + Bard + Akali + Taliyah,Akali + Xin Zhao + Taliyah + Ezreal + Bard,False,5
LEC/2026 Season/Spring Season_Week 6_2_3,blue,Team Vitality,Ryze + Lulu + Kog'Maw + Zaahen + Irelia,Aatrox + Wukong + Syndra + Lucian + Milio,True,5
LEC/2026 Season/Spring Season_Week 6_2_3,red,SK Gaming,Lucian + Milio + Syndra + Wukong + Aatrox,Ryze + Zaahen + Irelia + Kog'Maw + Lulu,True,5
Arabian League 2nd Division/2026 Season/Spring Split_Week 4_4_2,blue,Lunaris Esports (MENA Team),Orianna + Vi + Rumble + Draven + Thresh,Rumble + Vi + Orianna + Draven + Thresh,False,5
Arabian League 2nd Division/2026 Season/Spring Split_Week 4_4_2,red,Pyramid IV Esports,Xin Zhao + LeBlanc + K'Sante + Tristana + Braum,K'Sante + Xin Zhao + LeBlanc + Tristana + Braum,False,5
CBLOL/2026 Season/Split 1_Week 6_2_2,blue,RED Canids,Nocturne + Lucian + Nami + Renekton + Ryze,Renekton + Nocturne + Ryze + Lucian + Nami,False,5
CBLOL/2026 Season/Split 1_Week 6_2_2,red,FURIA,Orianna + Milio + Caitlyn + Pantheon + Gnar,Gnar + Pantheon + Orianna + Caitlyn + Milio,False,5
Arabian League 2nd Division/2026 Season/Spring Split_Week 4_3_2,blue,JSK Academy,Jarvan IV + Lulu + Tristana + Sion + Zoe,Sion + Jarvan IV + Zoe + Tristana + Lulu,False,5
Arabian League 2nd Division/2026 Season/Spring Split_Week 4_3_2,red,Team Depressed,Yunara + Pantheon + Braum + Orianna + Ambessa,Ambessa + Pantheon + Orianna + Yunara + Braum,False,5
Arabian League 2nd Division/2026 Season/Spring Split_Week 4_5_2,blue,Victorious Demons,Bard + Ezreal + Pantheon + Taliyah + Rumble,Rumble + Pantheon + Taliyah + Ezreal + Bard,False,5
Arabian League 2nd Division/2026 Season/Spring Split_Week 4_5_2,red,NextGeneration Esports,Xin Zhao + Ashe + Seraphine + Akali + Kennen,Kennen + Xin Zhao + Akali + Ashe + Seraphine,False,5
CBLOL/2026 Season/Split 1_Week 6_2_3,blue,FURIA,Aatrox + Neeko + Jhin + Jayce + Aurora,Sion + Zaahen + Twisted Fate + Yunara + Lulu,True,5
CBLOL/2026 Season/Split 1_Week 6_2_3,red,RED Canids,Yunara + Lulu + Zaahen + Twisted Fate + Sion,Aatrox + Jayce + Aurora + Jhin + Neeko,True,5
LCS/2026 Season/Spring Season_Week 5_1_1,blue,Dignitas,Seraphine + Ezreal + Annie + Ornn + Wukong,Rumble + Jarvan IV + Hwei + Ashe + Lulu,True,5
LCS/2026 Season/Spring Season_Week 5_1_1,red,Cloud9,Ashe + Jarvan IV + Lulu + Rumble + Hwei,Ornn + Wukong + Annie + Ezreal + Seraphine,True,5
Arabian League 2nd Division/2026 Season/Spring Split_Week 4_5_3,blue,NextGeneration Esports,Gragas + Sejuani + Irelia + Varus + Thresh,Gragas + Sejuani + Irelia + Varus + Thresh,False,5
Arabian League 2nd Division/2026 Season/Spring Split_Week 4_5_3,red,Victorious Demons,Vayne + Jax + LeBlanc + Yunara + Alistar,Vayne + Jax + LeBlanc + Yunara + Alistar,False,5
LCS/2026 Season/Spring Season_Week 5_1_2,blue,Cloud9,Varus + Nocturne + Neeko + Caitlyn + Galio,Varus + Nocturne + Galio + Caitlyn + Neeko,False,5
LCS/2026 Season/Spring Season_Week 5_1_2,red,Dignitas,Lucian + Taliyah + Nami + Xin Zhao + Jax,Jax + Xin Zhao + Taliyah + Lucian + Nami,False,5
LCS/2026 Season/Spring Season_Week 5_1_3,blue,Dignitas,Vi + Xayah + Rakan + Sion + Viktor,Sion + Vi + Viktor + Xayah + Rakan,False,5
LCS/2026 Season/Spring Season_Week 5_1_3,red,Cloud9,Sejuani + Corki + Cassiopeia + Alistar + Gnar,Gnar + Sejuani + Cassiopeia + Corki + Alistar,False,5
LCS/2026 Season/Spring Season_Week 5_2_1,blue,Disguised,Seraphine + Ashe + Ornn + Yone + Sejuani,Rumble + Pantheon + Ryze + Ezreal + Nami,True,5
LCS/2026 Season/Spring Season_Week 5_2_1,red,Team Liquid,Rumble + Pantheon + Ryze + Nami + Ezreal,Ornn + Sejuani + Yone + Ashe + Seraphine,True,5
LCS/2026 Season/Spring Season_Week 5_2_2,blue,Team Liquid,Annie + Xayah + Rakan + Gragas + Lee Sin,Gragas + Lee Sin + Annie + Xayah + Rakan,False,5
LCS/2026 Season/Spring Season_Week 5_2_2,red,Disguised,Taliyah + Vi + Jayce + Kai'Sa + Alistar,Jayce + Vi + Taliyah + Kai'Sa + Alistar,False,5
LPL/2026 Season/Split 2_Week 5_12_1,blue,LNG Esports,Ezreal + Bard + Jarvan IV + Jayce + Aurora,Yorick + Lee Sin + Annie + Yunara + Karma,True,5
LPL/2026 Season/Split 2_Week 5_12_1,red,ThunderTalk Gaming,Karma + Annie + Lee Sin + Yunara + Yorick,Jayce + Jarvan IV + Aurora + Ezreal + Bard,True,5
LCP/2026 Season/Split 2_Week 5_3_1,blue,Fukuoka SoftBank HAWKS gaming,Jarvan IV + Anivia + Renekton + Varus + Bard,Zaahen + Xin Zhao + Ryze + Yunara + Pyke,True,5
LCP/2026 Season/Split 2_Week 5_3_1,red,DetonatioN FocusMe,Ryze + Xin Zhao + Zaahen + Yunara + Pyke,Renekton + Jarvan IV + Anivia + Varus + Bard,True,5
LPL/2026 Season/Split 2_Week 5_12_2,blue,LNG Esports,Seraphine + Pantheon + Ashe + Nidalee + Taliyah,Gnar + Xin Zhao + Ahri + Varus + Rakan,True,5
LPL/2026 Season/Split 2_Week 5_12_2,red,ThunderTalk Gaming,Xin Zhao + Varus + Gnar + Rakan + Ahri,Nidalee + Pantheon + Taliyah + Ashe + Seraphine,True,5
LCP/2026 Season/Split 2_Week 5_3_2,blue,DetonatioN FocusMe,Rumble + Lucian + Milio + Viktor + Skarner,Rumble + Skarner + Viktor + Lucian + Milio,False,5
LCP/2026 Season/Split 2_Week 5_3_2,red,Fukuoka SoftBank HAWKS gaming,Yorick + Vi + Aurora + Xayah + Rakan,Yorick + Vi + Aurora + Xayah + Rakan,False,5
LPL/2026 Season/Split 2_Week 5_12_3,blue,ThunderTalk Gaming,Rumble + Aphelios + Lulu + Yone + Sejuani,K'Sante + Maokai + Ryze + Corki + Nami,True,5
LPL/2026 Season/Split 2_Week 5_12_3,red,LNG Esports,Corki + Nami + K'Sante + Maokai + Ryze,Rumble + Sejuani + Yone + Aphelios + Lulu,True,5
LCP/2026 Season/Split 2_Week 5_3_3,blue,DetonatioN FocusMe,Naafiri + Ashe + Seraphine + K'Sante + Taliyah,Vayne + Wukong + Annie + Mel + Shen,True,5
LCP/2026 Season/Split 2_Week 5_3_3,red,Fukuoka SoftBank HAWKS gaming,Wukong + Annie + Mel + Shen + Vayne,K'Sante + Naafiri + Taliyah + Ashe + Seraphine,True,5
LPL/2026 Season/Split 2_Week 5_13_1,blue,Ninjas in Pyjamas.CN,Jarvan IV + Corki + Nami + Gnar + Ryze,Jayce + Nocturne + Annie + Yunara + Lulu,True,5
LPL/2026 Season/Split 2_Week 5_13_1,red,Bilibili Gaming,Annie + Lulu + Yunara + Nocturne + Jayce,Gnar + Jarvan IV + Ryze + Corki + Nami,True,5
LCP/2026 Season/Split 2_Week 5_4_1,blue,CTBC Flying Oyster,Varus + Karma + Xin Zhao + Sivir + Ryze,Rumble + Trundle + Cassiopeia + Ezreal + Nautilus,True,5
LCP/2026 Season/Split 2_Week 5_4_1,red,Team Secret Whales,Rumble + Ezreal + Nautilus + Trundle + Cassiopeia,Varus + Xin Zhao + Ryze + Sivir + Karma,True,5
LPL/2026 Season/Split 2_Week 5_13_2,blue,Bilibili Gaming,Vi + Anivia + Ahri + Jhin + Seraphine,Rumble + Sejuani + Yone + Caitlyn + Bard,True,5
LPL/2026 Season/Split 2_Week 5_13_2,red,Ninjas in Pyjamas.CN,Rumble + Bard + Caitlyn + Sejuani + Yone,Anivia + Vi + Ahri + Jhin + Seraphine,True,5
LCP/2026 Season/Split 2_Week 5_4_2,blue,CTBC Flying Oyster,Annie + Corki + Nami + Sejuani + Jayce,Jayce + Sejuani + Annie + Corki + Nami,False,5
LCP/2026 Season/Split 2_Week 5_4_2,red,Team Secret Whales,Lucian + Milio + Hwei + Skarner + Olaf,Olaf + Skarner + Hwei + Lucian + Milio,False,5
LPL/2026 Season/Split 2_Week 5_13_3,blue,Ninjas in Pyjamas.CN,Varus + Xin Zhao + LeBlanc + Alistar + Sion,Aurora + Pantheon + Sylas + Miss Fortune + Gragas,True,5
LPL/2026 Season/Split 2_Week 5_13_3,red,Bilibili Gaming,Aurora + Pantheon + Miss Fortune + Gragas + Sylas,Sion + Xin Zhao + LeBlanc + Varus + Alistar,True,5
LCP/2026 Season/Split 2_Week 5_4_3,blue,Team Secret Whales,Vi + Lulu + Yunara + Taliyah + Yorick,Gnar + Naafiri + Aurora + Caitlyn + Lux,True,5
LCP/2026 Season/Split 2_Week 5_4_3,red,CTBC Flying Oyster,Naafiri + Aurora + Gnar + Caitlyn + Lux,Yorick + Vi + Taliyah + Yunara + Lulu,True,5
LEC/2026 Season/Spring Season_Week 6_3_1,blue,Team Heretics,Seraphine + Ashe + Rumble + Pantheon + Anivia,Jayce + Nocturne + Aurora + Zeri + Yuumi,True,5
LEC/2026 Season/Spring Season_Week 6_3_1,red,Shifters,Aurora + Nocturne + Jayce + Zeri + Yuumi,Rumble + Pantheon + Anivia + Ashe + Seraphine,True,5
CBLOL/2026 Season/Split 1_Week 6_3_1,blue,Fluxo W7M,Pantheon + Sivir + Bard + Cassiopeia + K'Sante,K'Sante + Pantheon + Cassiopeia + Sivir + Bard,False,5
CBLOL/2026 Season/Split 1_Week 6_3_1,red,LØS,Varus + Trundle + Alistar + Ryze + Gnar,Gnar + Trundle + Ryze + Varus + Alistar,False,5
LEC/2026 Season/Spring Season_Week 6_3_2,blue,Team Heretics,Varus + Neeko + Ambessa + Skarner + Annie,Ambessa + Skarner + Annie + Varus + Neeko,False,5
LEC/2026 Season/Spring Season_Week 6_3_2,red,Shifters,Ezreal + Bard + Wukong + Ahri + Gnar,Gnar + Wukong + Ahri + Ezreal + Bard,False,5
CBLOL/2026 Season/Split 1_Week 6_3_2,blue,LØS,Vi + Lucian + Milio + Renekton + Zoe,Kennen + Xin Zhao + Ahri + Ezreal + Nautilus,True,5
CBLOL/2026 Season/Split 1_Week 6_3_2,red,Fluxo W7M,Xin Zhao + Ezreal + Nautilus + Ahri + Kennen,Renekton + Vi + Zoe + Lucian + Milio,True,5
LEC/2026 Season/Spring Season_Week 6_4_1,blue,Natus Vincere,Karma + Caitlyn + Xin Zhao + Ryze + Rumble,Rumble + Xin Zhao + Ryze + Caitlyn + Karma,False,5
LEC/2026 Season/Spring Season_Week 6_4_1,red,G2 Esports,Ezreal + Pantheon + Nami + Annie + Ornn,Ornn + Pantheon + Annie + Ezreal + Nami,False,5
CBLOL/2026 Season/Split 1_Week 6_3_3,blue,LØS,Aatrox + Yunara + Lulu + Ambessa + Azir,Camille + Nocturne + Viktor + Corki + Nami,True,5
CBLOL/2026 Season/Split 1_Week 6_3_3,red,Fluxo W7M,Corki + Nami + Nocturne + Viktor + Camille,Ambessa + Aatrox + Azir + Yunara + Lulu,True,5
LEC/2026 Season/Spring Season_Week 6_4_2,blue,G2 Esports,Orianna + Yunara + Lulu + K'Sante + Trundle,K'Sante + Trundle + Orianna + Yunara + Lulu,False,5
LEC/2026 Season/Spring Season_Week 6_4_2,red,Natus Vincere,Lucian + Milio + Viktor + Wukong + Ambessa,Ambessa + Wukong + Viktor + Lucian + Milio,False,5
Arabian League 2nd Division/2026 Season/Spring Split_Week 4_6_1,blue,3BL Galaxy Academy,Karma + Caitlyn + Aatrox + Orianna + Xin Zhao,Aatrox + Xin Zhao + Orianna + Caitlyn + Karma,False,5
Arabian League 2nd Division/2026 Season/Spring Split_Week 4_6_1,red,Pegasus Esports,Sion + Ezreal + Bard + Jarvan IV + Sylas,Sion + Jarvan IV + Sylas + Ezreal + Bard,False,5
CBLOL/2026 Season/Split 1_Week 6_4_1,blue,LOUD,Nocturne + Rumble + Ahri + Corki + Nami,K'Sante + Pantheon + Orianna + Ezreal + Neeko,True,5
CBLOL/2026 Season/Split 1_Week 6_4_1,red,Vivo Keyd Stars,Pantheon + Orianna + K'Sante + Neeko + Ezreal,Rumble + Nocturne + Ahri + Corki + Nami,True,5
Arabian League 2nd Division/2026 Season/Spring Split_Week 4_6_2,blue,Pegasus Esports,K'Sante + Kai'Sa + Nautilus + Lillia + Zed,K'Sante + Lillia + Zed + Kai'Sa + Nautilus,False,5
Arabian League 2nd Division/2026 Season/Spring Split_Week 4_6_2,red,3BL Galaxy Academy,Ashe + Seraphine + Zac + Camille + Cho'Gath,Camille + Zac + Cho'Gath + Ashe + Seraphine,False,5
CBLOL/2026 Season/Split 1_Week 6_4_2,blue,LOUD,Caitlyn + Milio + Akali + Aatrox + Ornn,Renekton + Qiyana + Ryze + Jhin + Bard,True,5
CBLOL/2026 Season/Split 1_Week 6_4_2,red,Vivo Keyd Stars,Ryze + Bard + Jhin + Renekton + Qiyana,Ornn + Aatrox + Akali + Caitlyn + Milio,True,5
LCS/2026 Season/Spring Season_Week 5_3_1,blue,LYON (2024 American Team),Varus + Ryze + Xin Zhao + Nautilus + K'Sante,K'Sante + Xin Zhao + Ryze + Varus + Nautilus,False,5
LCS/2026 Season/Spring Season_Week 5_3_1,red,Sentinels,Jarvan IV + Rumble + Yone + Lucian + Braum,Rumble + Jarvan IV + Yone + Lucian + Braum,False,5
LCS/2026 Season/Spring Season_Week 5_3_2,blue,LYON (2024 American Team),Orianna + Corki + Nami + Renekton + Dr. Mundo,Gnar + Pantheon + Akali + Sivir + Bard,True,5
LCS/2026 Season/Spring Season_Week 5_3_2,red,Sentinels,Pantheon + Bard + Akali + Sivir + Gnar,Renekton + Dr. Mundo + Orianna + Corki + Nami,True,5
LCS/2026 Season/Spring Season_Week 5_4_1,blue,Shopify Rebellion,Bard + Pantheon + Jhin + Viktor + Anivia,Gragas + Nocturne + Annie + Ezreal + Neeko,True,5
LCS/2026 Season/Spring Season_Week 5_4_1,red,FlyQuest,Ezreal + Neeko + Nocturne + Annie + Gragas,Anivia + Pantheon + Viktor + Jhin + Bard,True,5
LCS/2026 Season/Spring Season_Week 5_4_2,blue,Shopify Rebellion,Seraphine + Ashe + Rumble + Shen + Ahri,K'Sante + Vi + Aurora + Corki + Nami,True,5
LCS/2026 Season/Spring Season_Week 5_4_2,red,FlyQuest,Corki + Nami + Aurora + Vi + K'Sante,Rumble + Shen + Ahri + Ashe + Seraphine,True,5
LCS/2026 Season/Spring Season_Week 5_4_3,blue,Shopify Rebellion,Jarvan IV + Nautilus + Jayce + Smolder + Hwei,Sion + Xin Zhao + Akali + Caitlyn + Alistar,True,5
LCS/2026 Season/Spring Season_Week 5_4_3,red,FlyQuest,Caitlyn + Xin Zhao + Sion + Alistar + Akali,Jayce + Jarvan IV + Hwei + Smolder + Nautilus,True,5
LCK CL/2026 Season/Rounds 1-2_Week 6_1_1,blue,DN SOOPers Challengers,Orianna + Yunara + Lulu + Sion + Lee Sin,Gwen + Nocturne + Aurelion Sol + Ezreal + Neeko,True,5
LCK CL/2026 Season/Rounds 1-2_Week 6_1_1,red,Dplus Kia Challengers,Nocturne + Neeko + Ezreal + Aurelion Sol + Gwen,Sion + Lee Sin + Orianna + Yunara + Lulu,True,5
LCK CL/2026 Season/Rounds 1-2_Week 6_1_2,blue,DN SOOPers Challengers,Pantheon + Yorick + Bard + Annie + Caitlyn,Jayce + Jarvan IV + Ryze + Jhin + Leona,True,5
LCK CL/2026 Season/Rounds 1-2_Week 6_1_2,red,Dplus Kia Challengers,Jayce + Jarvan IV + Ryze + Jhin + Leona,Yorick + Pantheon + Annie + Caitlyn + Bard,True,5
LCK CL/2026 Season/Rounds 1-2_Week 6_2_1,blue,KT Rolster Challengers,Vi + Yunara + Lulu + Jayce + Anivia,Jayce + Vi + Anivia + Yunara + Lulu,False,5
LCK CL/2026 Season/Rounds 1-2_Week 6_2_1,red,Kiwoom DRX Challengers,Ezreal + Pantheon + Neeko + Annie + Yorick,Yorick + Pantheon + Annie + Ezreal + Neeko,False,5
Esports World Cup 2026/Online Qualifiers/Korea_Play-In_1_1,blue,Kiwoom DRX,Bard + Akali + Pantheon + Miss Fortune + Gnar,Renekton + Xin Zhao + Annie + Lucian + Milio,True,5
Esports World Cup 2026/Online Qualifiers/Korea_Play-In_1_1,red,DN SOOPers,Lucian + Annie + Milio + Xin Zhao + Renekton,Gnar + Pantheon + Akali + Miss Fortune + Bard,True,5
LCK CL/2026 Season/Rounds 1-2_Week 6_2_2,blue,Kiwoom DRX Challengers,Ryze + Lucian + Milio + Twisted Fate + Dr. Mundo,Twisted Fate + Dr. Mundo + Ryze + Lucian + Milio,False,5
LCK CL/2026 Season/Rounds 1-2_Week 6_2_2,red,KT Rolster Challengers,Ashe + Seraphine + Gnar + Corki + Maokai,Gnar + Maokai + Corki + Ashe + Seraphine,False,5
LJL/2026 Season/Spring Series_Week 2_1_1,blue,Arneb,Ryze + Nautilus + Lee Sin + Ashe + Ornn,Ornn + Lee Sin + Ryze + Ashe + Nautilus,False,5
LJL/2026 Season/Spring Series_Week 2_1_1,red,Rising Gaming,Orianna + Nocturne + Renekton + Seraphine + Jhin,Renekton + Nocturne + Orianna + Jhin + Seraphine,False,5
Esports World Cup 2026/Online Qualifiers/Korea_Play-In_1_2,blue,Kiwoom DRX,Aurora + Yunara + Lulu + Sion + Wukong,Sion + Wukong + Aurora + Yunara + Lulu,False,5
Esports World Cup 2026/Online Qualifiers/Korea_Play-In_1_2,red,DN SOOPers,Ezreal + Neeko + Ahri + Lee Sin + Gwen,Gwen + Lee Sin + Ahri + Ezreal + Neeko,False,5
Esports World Cup 2026/Online Qualifiers/Korea_Play-In_1_3,blue,Kiwoom DRX,Jarvan IV + Sivir + Nautilus + Jayce + Cassiopeia,Jayce + Jarvan IV + Cassiopeia + Sivir + Nautilus,False,5
Esports World Cup 2026/Online Qualifiers/Korea_Play-In_1_3,red,DN SOOPers,Ziggs + Vi + Yone + Rell + K'Sante,K'Sante + Vi + Yone + Ziggs + Rell,False,5
LJL/2026 Season/Spring Series_Week 2_1_2,blue,Rising Gaming,Rumble + Pantheon + Ezreal + Bard + Viktor,Rumble + Pantheon + Viktor + Ezreal + Bard,False,5
LJL/2026 Season/Spring Series_Week 2_1_2,red,Arneb,Galio + Jarvan IV + Sivir + Rell + Ahri,Galio + Jarvan IV + Ahri + Sivir + Rell,False,5
LCK CL/2026 Season/Rounds 1-2_Week 6_3_1,blue,Hanwha Life Esports Challengers,Jarvan IV + Caitlyn + Bard + Sion + Viktor,Gwen + Xin Zhao + Orianna + Lucian + Milio,True,5
LCK CL/2026 Season/Rounds 1-2_Week 6_3_1,red,T1 Esports Academy,Orianna + Lucian + Milio + Xin Zhao + Gwen,Sion + Jarvan IV + Viktor + Caitlyn + Bard,True,5
LJL/2026 Season/Spring Series_Week 2_1_3,blue,Arneb,Annie + Wukong + Miss Fortune + Malphite + Braum,Malphite + Wukong + Annie + Miss Fortune + Braum,False,5
LJL/2026 Season/Spring Series_Week 2_1_3,red,Rising Gaming,Xin Zhao + Caitlyn + Zoe + Gnar + Milio,Gnar + Xin Zhao + Zoe + Caitlyn + Milio,False,5
LCK CL/2026 Season/Rounds 1-2_Week 6_3_2,blue,T1 Esports Academy,Rumble + Neeko + Wukong + Kai'Sa + Akali,Ambessa + Vi + Annie + Jhin + Alistar,True,5
LCK CL/2026 Season/Rounds 1-2_Week 6_3_2,red,Hanwha Life Esports Challengers,Ambessa + Vi + Annie + Jhin + Alistar,Rumble + Wukong + Akali + Kai'Sa + Neeko,True,5
Esports World Cup 2026/Online Qualifiers/Korea_Round 1_1_1,blue,BNK FEARX,Jarvan IV + Ashe + Seraphine + Viktor + Renekton,Renekton + Jarvan IV + Viktor + Ashe + Seraphine,False,5
Esports World Cup 2026/Online Qualifiers/Korea_Round 1_1_1,red,KT Rolster,Lucian + Milio + Pantheon + Mel + Vayne,Vayne + Pantheon + Mel + Lucian + Milio,False,5
LJL/2026 Season/Spring Series_Week 2_2_1,blue,RAYN Clocks,Viktor + Karma + Sivir + Wukong + Jax,Jax + Wukong + Viktor + Sivir + Karma,False,5
LJL/2026 Season/Spring Series_Week 2_2_1,red,Uwinks,Syndra + Ezreal + Nautilus + Lee Sin + Gragas,Gragas + Lee Sin + Syndra + Ezreal + Nautilus,False,5
Esports World Cup 2026/Online Qualifiers/Korea_Round 1_1_2,blue,BNK FEARX,Ryze + Jayce + Nocturne + Alistar + Jhin,K'Sante + Naafiri + Annie + Ezreal + Neeko,True,5
Esports World Cup 2026/Online Qualifiers/Korea_Round 1_1_2,red,KT Rolster,Annie + Neeko + Ezreal + K'Sante + Naafiri,Jayce + Nocturne + Ryze + Jhin + Alistar,True,5
LJL/2026 Season/Spring Series_Week 2_2_2,blue,Uwinks,Nocturne + Alistar + Hwei + Kai'Sa + Sion,Sion + Nocturne + Hwei + Kai'Sa + Alistar,False,5
LJL/2026 Season/Spring Series_Week 2_2_2,red,RAYN Clocks,Neeko + Aurora + Kindred + Miss Fortune + Gwen,Gwen + Kindred + Aurora + Miss Fortune + Neeko,False,5
Esports World Cup 2026/Online Qualifiers/Korea_Round 1_2_1,blue,HANJIN BRION,Bard + Anivia + Trundle + Sivir + Sion,Gwen + Xin Zhao + Annie + Jhin + Elise,True,5
Esports World Cup 2026/Online Qualifiers/Korea_Round 1_2_1,red,T1,Xin Zhao + Jhin + Elise + Annie + Gwen,Sion + Trundle + Anivia + Sivir + Bard,True,5
Esports World Cup 2026/Online Qualifiers/Korea_Round 1_2_2,blue,T1,Nocturne + Mel + Pyke + Jayce + Ziggs,Irelia + Jarvan IV + Azir + Ashe + Camille,True,5
Esports World Cup 2026/Online Qualifiers/Korea_Round 1_2_2,red,HANJIN BRION,Ashe + Jarvan IV + Azir + Camille + Irelia,Jayce + Nocturne + Ziggs + Mel + Pyke,True,5
LEC/2026 Season/Spring Season_Week 6_5_1,blue,Team Vitality,Rumble + Kai'Sa + Vi + Rell + Viktor,Rumble + Vi + Viktor + Kai'Sa + Rell,False,5
LEC/2026 Season/Spring Season_Week 6_5_1,red,Fnatic,Xin Zhao + Ezreal + Ornn + Ryze + Braum,Ornn + Xin Zhao + Ryze + Ezreal + Braum,False,5
LEC/2026 Season/Spring Season_Week 6_5_2,blue,Fnatic,Caitlyn + Skarner + Seraphine + K'Sante + Aurora,K'Sante + Skarner + Aurora + Caitlyn + Seraphine,False,5
LEC/2026 Season/Spring Season_Week 6_5_2,red,Team Vitality,Pantheon + Bard + Jhin + Syndra + Twisted Fate,Twisted Fate + Pantheon + Syndra + Jhin + Bard,False,5
LEC/2026 Season/Spring Season_Week 6_5_3,blue,Team Vitality,Milio + Lucian + Aatrox + Annie + Varus,Varus + Aatrox + Annie + Lucian + Milio,False,5
LEC/2026 Season/Spring Season_Week 6_5_3,red,Fnatic,Yunara + Lulu + Naafiri + Taliyah + Gnar,Gnar + Naafiri + Taliyah + Yunara + Lulu,False,5
LEC/2026 Season/Spring Season_Week 6_6_1,blue,Movistar KOI,Jarvan IV + Azir + Jayce + Kalista + Renata Glasc,Jayce + Jarvan IV + Azir + Kalista + Renata Glasc,False,5
LEC/2026 Season/Spring Season_Week 6_6_1,red,Shifters,Lucian + Pantheon + Milio + Taliyah + Irelia,Irelia + Pantheon + Taliyah + Lucian + Milio,False,5
LEC/2026 Season/Spring Season_Week 6_6_2,blue,Movistar KOI,Karma + Ezreal + Gnar + Dr. Mundo + Viktor,Shyvana + Xin Zhao + Sylas + Ashe + Seraphine,True,5
LEC/2026 Season/Spring Season_Week 6_6_2,red,Shifters,Ashe + Xin Zhao + Seraphine + Shyvana + Sylas,Gnar + Dr. Mundo + Viktor + Ezreal + Karma,True,5
LEC/2026 Season/Spring Season_Week 6_6_3,blue,Movistar KOI,Varus + Vi + Anivia + Kai'Sa + Rakan,Varus + Vi + Anivia + Kai'Sa + Rakan,False,5
LEC/2026 Season/Spring Season_Week 6_6_3,red,Shifters,Nocturne + Zeri + Bard + Ahri + Naafiri,Naafiri + Nocturne + Ahri + Zeri + Bard,False,5
Circuito Desafiante/2026 Season/Split 1 Playoffs_Round 1_1_1,blue,INTZ,Varus + Xin Zhao + Annie + Lucian + Milio,Yorick + Aatrox + Cassiopeia + Ezreal + Bard,True,5
Circuito Desafiante/2026 Season/Split 1 Playoffs_Round 1_1_1,red,Estral Esports,Aatrox + Bard + Ezreal + Cassiopeia + Yorick,Varus + Xin Zhao + Annie + Lucian + Milio,True,5
Circuito Desafiante/2026 Season/Split 1 Playoffs_Round 1_1_2,blue,Estral Esports,Jarvan IV + Yunara + Lulu + Mel + K'Sante,K'Sante + Jarvan IV + Mel + Yunara + Lulu,False,5
Circuito Desafiante/2026 Season/Split 1 Playoffs_Round 1_1_2,red,INTZ,Pantheon + Seraphine + Ashe + Aurora + Twisted Fate,Twisted Fate + Pantheon + Aurora + Ashe + Seraphine,False,5
Circuito Desafiante/2026 Season/Split 1 Playoffs_Round 1_1_3,blue,INTZ,Karma + Sivir + Wukong + Taliyah + Rek'Sai,Rek'Sai + Wukong + Taliyah + Sivir + Karma,False,5
Circuito Desafiante/2026 Season/Split 1 Playoffs_Round 1_1_3,red,Estral Esports,Ahri + Vi + Ambessa + Kalista + Renata Glasc,Ambessa + Vi + Ahri + Kalista + Renata Glasc,False,5
Circuito Desafiante/2026 Season/Split 1 Playoffs_Round 1_2_1,blue,Vivo Keyd Stars Academy,Annie + Ashe + Seraphine + Jayce + Skarner,Jayce + Skarner + Annie + Ashe + Seraphine,False,5
Circuito Desafiante/2026 Season/Split 1 Playoffs_Round 1_2_1,red,7REX,Corki + Nami + Aurora + Wukong + Sion,Sion + Wukong + Aurora + Corki + Nami,False,5
Liga Regional Norte/2026 Season/Split 1 Playoffs_Round 1_3_1,blue,Zeu5 Esports,Smolder + Xin Zhao + Ahri + Tahm Kench + Sion,Sion + Xin Zhao + Ahri + Smolder + Tahm Kench,False,5
Liga Regional Norte/2026 Season/Split 1 Playoffs_Round 1_3_1,red,Polar Squad Esports,Ezreal + Jarvan IV + Mel + Ambessa + Rell,Ambessa + Jarvan IV + Mel + Ezreal + Rell,False,5
Circuito Desafiante/2026 Season/Split 1 Playoffs_Round 1_2_2,blue,Vivo Keyd Stars Academy,Varus + Vi + Ahri + Neeko + Gnar,Gnar + Vi + Ahri + Varus + Neeko,False,5
Circuito Desafiante/2026 Season/Split 1 Playoffs_Round 1_2_2,red,7REX,Yunara + Jarvan IV + Lulu + Taliyah + Vayne,Vayne + Jarvan IV + Taliyah + Yunara + Lulu,False,5
Liga Regional Norte/2026 Season/Split 1 Playoffs_Round 1_3_2,blue,Zeu5 Esports,Seraphine + Rumble + Vi + Sivir + Aurora,Ornn + Nocturne + Akali + Ashe + Morgana,True,5
Liga Regional Norte/2026 Season/Split 1 Playoffs_Round 1_3_2,red,Polar Squad Esports,Nocturne + Ashe + Ornn + Morgana + Akali,Rumble + Vi + Aurora + Sivir + Seraphine,True,5
Liga Regional Norte/2026 Season/Split 1 Playoffs_Round 1_3_3,blue,Zeu5 Esports,Pantheon + Kalista + Taliyah + Gragas + Amumu,Gragas + Pantheon + Taliyah + Kalista + Amumu,False,5
Liga Regional Norte/2026 Season/Split 1 Playoffs_Round 1_3_3,red,Polar Squad Esports,Lucian + Nami + Lee Sin + Hwei + Olaf,Olaf + Lee Sin + Hwei + Lucian + Nami,False,5
Liga Regional Norte/2026 Season/Split 1 Playoffs_Round 1_3_4,blue,Polar Squad Esports,Trundle + Bard + Jhin + Galio + Yorick,Renekton + Naafiri + Annie + Yunara + Lulu,True,5
Liga Regional Norte/2026 Season/Split 1 Playoffs_Round 1_3_4,red,Zeu5 Esports,Lulu + Yunara + Annie + Naafiri + Renekton,Yorick + Trundle + Galio + Jhin + Bard,True,5
LCK CL/2026 Season/Rounds 1-2_Week 6_4_1,blue,Nongshim Esports Academy,Pantheon + Lucian + Milio + Ahri + Jayce,Sion + Xin Zhao + Aurora + Ashe + Seraphine,True,5
LCK CL/2026 Season/Rounds 1-2_Week 6_4_1,red,BNK FEARX Youth,Ashe + Seraphine + Xin Zhao + Aurora + Sion,Jayce + Pantheon + Ahri + Lucian + Milio,True,5
Esports World Cup 2026/Online Qualifiers/Korea_Round 1_3_1,blue,DN SOOPers,Karma + Pantheon + Jhin + Ahri + Renekton,Renekton + Pantheon + Ahri + Jhin + Karma,False,5
Esports World Cup 2026/Online Qualifiers/Korea_Round 1_3_1,red,Hanwha Life Esports,Jarvan IV + Caitlyn + Bard + Aurora + Vayne,Vayne + Jarvan IV + Aurora + Caitlyn + Bard,False,5
LJL/2026 Season/Spring Series_Week 2_3_1,blue,L Guide Gaming,Rumble + Ezreal + Bard + Annie + Lee Sin,Rumble + Lee Sin + Annie + Ezreal + Bard,False,5
LJL/2026 Season/Spring Series_Week 2_3_1,red,DetonatioN FocusMe Academy,Jarvan IV + Karma + Kai'Sa + Aurora + Hwei,Aurora + Jarvan IV + Hwei + Kai'Sa + Karma,False,5
Esports World Cup 2026/Online Qualifiers/Korea_Round 1_3_2,blue,Hanwha Life Esports,Jayce + Vi + Ziggs + Rell + Twisted Fate,Jayce + Vi + Twisted Fate + Ziggs + Rell,False,5
Esports World Cup 2026/Online Qualifiers/Korea_Round 1_3_2,red,DN SOOPers,Ryze + Lee Sin + Yorick + Miss Fortune + Leona,Yorick + Lee Sin + Ryze + Miss Fortune + Leona,False,5
LCK CL/2026 Season/Rounds 1-2_Week 6_4_2,blue,BNK FEARX Youth,Nocturne + Ezreal + Neeko + Zaahen + Ryze,Zaahen + Nocturne + Ryze + Ezreal + Neeko,False,5
LCK CL/2026 Season/Rounds 1-2_Week 6_4_2,red,Nongshim Esports Academy,Yunara + Lulu + Vi + Renekton + Taliyah,Renekton + Vi + Taliyah + Yunara + Lulu,False,5
Esports World Cup 2026/Online Qualifiers/Asia-Pacific_Round 1_2_1,blue,GAM Esports,Ryze + Nocturne + Jayce + Corki + Neeko,Jayce + Nocturne + Ryze + Corki + Neeko,False,5
Esports World Cup 2026/Online Qualifiers/Asia-Pacific_Round 1_2_1,red,Deep Cross Gaming,Jarvan IV + Bard + Sion + Azir + Jhin,Sion + Jarvan IV + Azir + Jhin + Bard,False,5
Esports World Cup 2026/Online Qualifiers/Asia-Pacific_Round 1_1_1,blue,DetonatioN FocusMe,Ryze + Nocturne + Ambessa + Bard + Caitlyn,Ambessa + Nocturne + Ryze + Caitlyn + Bard,False,5
Esports World Cup 2026/Online Qualifiers/Asia-Pacific_Round 1_1_1,red,Team Secret (Vietnamese Team),Rumble + Anivia + Ezreal + Xin Zhao + Pyke,Rumble + Xin Zhao + Anivia + Ezreal + Pyke,False,5
LJL/2026 Season/Spring Series_Week 2_3_2,blue,L Guide Gaming,Ryze + Lucian + Milio + Jax + Kha'Zix,Jax + Kha'Zix + Ryze + Lucian + Milio,False,5
LJL/2026 Season/Spring Series_Week 2_3_2,red,DetonatioN FocusMe Academy,Azir + Xin Zhao + Neeko + Aphelios + Gwen,Gwen + Xin Zhao + Azir + Aphelios + Neeko,False,5
LCK CL/2026 Season/Rounds 1-2_Week 6_4_3,blue,Nongshim Esports Academy,Gnar + Lee Sin + Jhin + Twisted Fate + Camille,Gnar + Lee Sin + Twisted Fate + Jhin + Camille,False,5
LCK CL/2026 Season/Rounds 1-2_Week 6_4_3,red,BNK FEARX Youth,Vayne + Bard + Skarner + Miss Fortune + Syndra,Vayne + Skarner + Syndra + Miss Fortune + Bard,False,5
Esports World Cup 2026/Online Qualifiers/Korea_Round 1_4_1,blue,Dplus Kia,Jarvan IV + Bard + Caitlyn + Twisted Fate + Jayce,Jayce + Jarvan IV + Twisted Fate + Caitlyn + Bard,False,5
Esports World Cup 2026/Online Qualifiers/Korea_Round 1_4_1,red,Nongshim RedForce,Ezreal + Neeko + Ryze + Pantheon + Sion,Sion + Pantheon + Ryze + Ezreal + Neeko,False,5
Esports World Cup 2026/Online Qualifiers/Asia-Pacific_Round 1_1_2,blue,Team Secret (Vietnamese Team),Lucian + Nami + Aurora + Lee Sin + Renekton,Sion + Jarvan IV + Akali + Aphelios + Milio,True,5
Esports World Cup 2026/Online Qualifiers/Asia-Pacific_Round 1_1_2,red,DetonatioN FocusMe,Milio + Jarvan IV + Aphelios + Akali + Sion,Renekton + Lee Sin + Aurora + Lucian + Nami,True,5
Esports World Cup 2026/Online Qualifiers/Asia-Pacific_Round 1_2_2,blue,GAM Esports,Karma + Naafiri + Ezreal + Yorick + Galio,Yorick + Naafiri + Galio + Ezreal + Karma,False,5
Esports World Cup 2026/Online Qualifiers/Asia-Pacific_Round 1_2_2,red,Deep Cross Gaming,Varus + Vi + Ahri + Rell + Jax,Jax + Vi + Ahri + Varus + Rell,False,5
LJL/2026 Season/Spring Series_Week 2_4_1,blue,FENNEL,Karma + Ezreal + Pantheon + Hwei + K'Sante,K'Sante + Pantheon + Hwei + Ezreal + Karma,False,5
LJL/2026 Season/Spring Series_Week 2_4_1,red,New Meta,Vi + Cassiopeia + Nautilus + Sivir + Kayle,Kayle + Vi + Cassiopeia + Sivir + Nautilus,False,5
LCK CL/2026 Season/Rounds 1-2_Week 6_5_1,blue,HANJIN BRION Challengers,Nocturne + Yunara + Lulu + Ambessa + Aurora,Ambessa + Nocturne + Aurora + Yunara + Lulu,False,5
LCK CL/2026 Season/Rounds 1-2_Week 6_5_1,red,Gen.G Global Academy,Azir + Pantheon + K'Sante + Lucian + Nami,K'Sante + Pantheon + Azir + Lucian + Nami,False,5
Esports World Cup 2026/Online Qualifiers/Asia-Pacific_Round 1_2_3,blue,Deep Cross Gaming,Orianna + Poppy + Vayne + Kalista + Renata Glasc,Vayne + Poppy + Orianna + Kalista + Renata Glasc,False,5
Esports World Cup 2026/Online Qualifiers/Asia-Pacific_Round 1_2_3,red,GAM Esports,Akali + Wukong + Malphite + Lucian + Nami,Malphite + Wukong + Akali + Lucian + Nami,False,5
Esports World Cup 2026/Online Qualifiers/Korea_Round 1_4_2,blue,Dplus Kia,Annie + Miss Fortune + Nautilus + Wukong + Gnar,Tristana + Xin Zhao + Cassiopeia + Lucian + Milio,True,5
Esports World Cup 2026/Online Qualifiers/Korea_Round 1_4_2,red,Nongshim RedForce,Lucian + Milio + Xin Zhao + Cassiopeia + Tristana,Gnar + Wukong + Annie + Miss Fortune + Nautilus,True,5
LJL/2026 Season/Spring Series_Week 2_4_2,blue,New Meta,Lucian + Irelia + Milio + Annie + Xin Zhao,Irelia + Xin Zhao + Annie + Lucian + Milio,False,5
LJL/2026 Season/Spring Series_Week 2_4_2,red,FENNEL,Yunara + Ryze + Lulu + Wukong + Renekton,Renekton + Wukong + Ryze + Yunara + Lulu,False,5
LCK CL/2026 Season/Rounds 1-2_Week 6_5_2,blue,HANJIN BRION Challengers,Jarvan IV + Bard + Caitlyn + Mel + Gnar,Gnar + Jarvan IV + Mel + Caitlyn + Bard,False,5
LCK CL/2026 Season/Rounds 1-2_Week 6_5_2,red,Gen.G Global Academy,Ashe + Seraphine + Taliyah + Xin Zhao + Twisted Fate,Twisted Fate + Xin Zhao + Taliyah + Ashe + Seraphine,False,5
Hellenic Legends League/2026 Season/Spring Split_Week 6_1_1,blue,GOAL,Rumble + Jhin + Wukong + Leona + Akali,Rumble + Wukong + Akali + Jhin + Leona,False,5
Hellenic Legends League/2026 Season/Spring Split_Week 6_1_1,red,Team Insidious,Nocturne + Ezreal + Karma + Ornn + LeBlanc,Ornn + Nocturne + LeBlanc + Ezreal + Karma,False,5
Hitpoint Masters/2026 Season/Spring Split_Week 3_1_1,blue,eSuba,Orianna + Nocturne + Bard + Kai'Sa + K'Sante,K'Sante + Nocturne + Orianna + Kai'Sa + Bard,False,5
Hitpoint Masters/2026 Season/Spring Split_Week 3_1_1,red,Onion Team,Yunara + Xerath + Leona + Wukong + Gnar,Gnar + Wukong + Xerath + Yunara + Leona,False,5
Hellenic Legends League/2026 Season/Spring Split_Week 6_1_2,blue,Team Insidious,Xin Zhao + Ashe + Seraphine + Sion + Syndra,Sion + Xin Zhao + Syndra + Ashe + Seraphine,False,5
Hellenic Legends League/2026 Season/Spring Split_Week 6_1_2,red,GOAL,Corki + Dr. Mundo + Rell + Jayce + Gwen,Jayce + Dr. Mundo + Gwen + Corki + Rell,False,5
TCL/2026 Season/Spring Split_Week 5_1_1,blue,Dark Passage,Karma + Jhin + Wukong + Syndra + Sion,Sion + Wukong + Syndra + Jhin + Karma,False,5
TCL/2026 Season/Spring Split_Week 5_1_1,red,Bushido Wildcats,Pantheon + Corki + Nami + Aurora + Ornn,Ornn + Pantheon + Aurora + Corki + Nami,False,5
Hitpoint Masters/2026 Season/Spring Split_Week 3_1_2,blue,eSuba,Karma + Jhin + Syndra + Talon + Sion,Sion + Talon + Syndra + Jhin + Karma,False,5
Hitpoint Masters/2026 Season/Spring Split_Week 3_1_2,red,Onion Team,Ezreal + Varus + Dr. Mundo + Rakan + Ornn,Ornn + Dr. Mundo + Varus + Ezreal + Rakan,False,5
Prime League 1st Division/2026 Season/Spring Split_Week 6_1_1,blue,Eintracht Spandau,Ezreal + Pantheon + Karma + Vayne + Ahri,Vayne + Pantheon + Ahri + Ezreal + Karma,False,5
Prime League 1st Division/2026 Season/Spring Split_Week 6_1_1,red,E WIE EINFACH E-SPORTS,Jarvan IV + Ziggs + Leona + Gnar + Aurora,Gnar + Jarvan IV + Aurora + Ziggs + Leona,False,5
Rift Legends/2026 Season/Spring Split_Week 5_1_1,blue,DOCISK,Pantheon + Smolder + Sion + Sylas + Taric,Sion + Pantheon + Sylas + Smolder + Taric,False,5
Rift Legends/2026 Season/Spring Split_Week 5_1_1,red,Anonymo Esports,Ezreal + Neeko + Yasuo + Gnar + Brand,Gnar + Brand + Yasuo + Ezreal + Neeko,False,5
Hellenic Legends League/2026 Season/Spring Split_Week 6_2_1,blue,The ParadOx,Xin Zhao + Pantheon + Kai'Sa + Alistar + Ornn,Ornn + Pantheon + Xin Zhao + Kai'Sa + Alistar,False,5
Hellenic Legends League/2026 Season/Spring Split_Week 6_2_1,red,ALMO Players,Nocturne + Aurora + Lucian + Rell + Ambessa,Ambessa + Nocturne + Aurora + Lucian + Rell,False,5
TCL/2026 Season/Spring Split_Week 5_1_2,blue,Bushido Wildcats,Lulu + Yunara + Aatrox + Anivia + Gnar,Gnar + Aatrox + Anivia + Yunara + Lulu,False,5
TCL/2026 Season/Spring Split_Week 5_1_2,red,Dark Passage,Bard + Jarvan IV + Aphelios + Ryze + Quinn,Quinn + Jarvan IV + Ryze + Aphelios + Bard,False,5
Hitpoint Masters/2026 Season/Spring Split_Week 3_2_1,blue,Bohemian Guardians,Rumble + Nautilus + Kalista + Viktor + Nocturne,Rumble + Nocturne + Viktor + Kalista + Nautilus,False,5
Hitpoint Masters/2026 Season/Spring Split_Week 3_2_1,red,EXILE esports,Ezreal + Karma + Pantheon + Anivia + Diana,Anivia + Pantheon + Diana + Ezreal + Karma,False,5
Prime League 1st Division/2026 Season/Spring Split_Week 6_1_2,blue,Eintracht Spandau,Bard + Nocturne + Jhin + Rumble + Malzahar,Rumble + Nocturne + Malzahar + Jhin + Bard,False,5
Prime League 1st Division/2026 Season/Spring Split_Week 6_1_2,red,E WIE EINFACH E-SPORTS,Caitlyn + Neeko + Dr. Mundo + LeBlanc + Yorick,Yorick + Dr. Mundo + LeBlanc + Caitlyn + Neeko,False,5
Arabian League/2026 Season/Spring Split_Last Stand_3_1,blue,GnG Amazigh,K'Sante + Jhin + Nautilus + Sylas + Rengar,K'Sante + Rengar + Sylas + Jhin + Nautilus,False,5
Arabian League/2026 Season/Spring Split_Last Stand_3_1,red,JSK Esports,Ashe + Seraphine + Dr. Mundo + Ryze + Aatrox,Aatrox + Dr. Mundo + Ryze + Ashe + Seraphine,False,5
Rift Legends/2026 Season/Spring Split_Week 5_1_2,blue,Anonymo Esports,Karma + Xin Zhao + Ryze + Ashe + Rek'Sai,Rek'Sai + Xin Zhao + Ryze + Ashe + Karma,False,5
Rift Legends/2026 Season/Spring Split_Week 5_1_2,red,DOCISK,Lucian + Naafiri + Ahri + Yuumi + Jayce,Naafiri + Jayce + Ahri + Lucian + Yuumi,False,5
Hellenic Legends League/2026 Season/Spring Split_Week 6_2_2,blue,ALMO Players,Orianna + Bard + Caitlyn + Skarner + Gwen,Gwen + Skarner + Orianna + Caitlyn + Bard,False,5
Hellenic Legends League/2026 Season/Spring Split_Week 6_2_2,red,The ParadOx,Jarvan IV + Yunara + Leona + Zed + Kennen,Kennen + Jarvan IV + Zed + Yunara + Leona,False,5
TCL/2026 Season/Spring Split_Week 5_2_1,blue,Misa Esports,Orianna + Corki + Nami + Naafiri + Sion,Sion + Naafiri + Orianna + Corki + Nami,False,5
TCL/2026 Season/Spring Split_Week 5_2_1,red,PCIFIC Esports,Jarvan IV + Ezreal + Ryze + Neeko + Volibear,Volibear + Jarvan IV + Ryze + Ezreal + Neeko,False,5
Hitpoint Masters/2026 Season/Spring Split_Week 3_2_2,blue,EXILE esports,Singed + Lee Sin + Orianna + Yunara + Lulu,Singed + Lee Sin + Orianna + Yunara + Lulu,False,5
Hitpoint Masters/2026 Season/Spring Split_Week 3_2_2,red,Bohemian Guardians,Gnar + Zaahen + Azir + Jinx + Milio,Gnar + Zaahen + Azir + Jinx + Milio,False,5
Road Of Legends/2026 Season/Spring Split_Week 6_1_1,blue,ZennIT,Xin Zhao + Yunara + Lulu + Sion + Azir,Sion + Xin Zhao + Azir + Yunara + Lulu,False,5
Road Of Legends/2026 Season/Spring Split_Week 6_1_1,red,Dynasty,Pantheon + Orianna + Jhin + Bard + Ornn,Ornn + Pantheon + Orianna + Jhin + Bard,False,5
Prime League 1st Division/2026 Season/Spring Split_Week 6_2_1,blue,Berlin International Gaming,Pantheon + Corki + Nami + K'Sante + Cassiopeia,K'Sante + Pantheon + Cassiopeia + Corki + Nami,False,5
Prime League 1st Division/2026 Season/Spring Split_Week 6_2_1,red,Unicorns of Love Sexy Edition,Yunara + Jarvan IV + Lulu + Annie + Jayce,Jayce + Jarvan IV + Annie + Yunara + Lulu,False,5
Arabian League/2026 Season/Spring Split_Last Stand_3_2,blue,JSK Esports,Karma + Skarner + Akali + Smolder + Gnar,Gnar + Skarner + Akali + Smolder + Karma,False,5
Arabian League/2026 Season/Spring Split_Last Stand_3_2,red,GnG Amazigh,Xin Zhao + Orianna + Yunara + Rakan + Ambessa,Ambessa + Xin Zhao + Orianna + Yunara + Rakan,False,5
TCL/2026 Season/Spring Split_Week 5_2_2,blue,Misa Esports,Xin Zhao + Caitlyn + Bard + Gragas + Twisted Fate,Gragas + Xin Zhao + Twisted Fate + Caitlyn + Bard,False,5
TCL/2026 Season/Spring Split_Week 5_2_2,red,PCIFIC Esports,Lucian + Milio + Aatrox + Akali + Gnar,Gnar + Aatrox + Akali + Lucian + Milio,False,5
Rift Legends/2026 Season/Spring Split_Week 5_2_1,blue,Forsaken (Polish Team),Ashe + Rumble + Lee Sin + Syndra + Camille,Rumble + Lee Sin + Syndra + Ashe + Camille,False,5
Rift Legends/2026 Season/Spring Split_Week 5_2_1,red,LODIS (Polish Team),Seraphine + Senna + Ryze + Skarner + Akali,Ryze + Skarner + Akali + Senna + Seraphine,False,5
Road Of Legends/2026 Season/Spring Split_Week 6_1_2,blue,Dynasty,Karma + Swain + Zed + Naafiri + Maokai,Maokai + Naafiri + Zed + Swain + Karma,False,5
Road Of Legends/2026 Season/Spring Split_Week 6_1_2,red,ZennIT,Vi + Rakan + Ahri + Varus + Gwen,Gwen + Vi + Ahri + Varus + Rakan,False,5
Prime League 1st Division/2026 Season/Spring Split_Week 6_2_2,blue,Unicorns of Love Sexy Edition,Karma + Sivir + Sion + Ryze + Lee Sin,Ryze + Lee Sin + Sion + Sivir + Karma,False,5
Prime League 1st Division/2026 Season/Spring Split_Week 6_2_2,red,Berlin International Gaming,Ezreal + Aatrox + Bard + Rumble + Hwei,Rumble + Aatrox + Hwei + Ezreal + Bard,False,5
Road Of Legends/2026 Season/Spring Split_Week 6_2_1,blue,mCon esports,Rumble + Jax + Varus + Yone + Pyke,Rumble + Jax + Yone + Varus + Pyke,False,5
Road Of Legends/2026 Season/Spring Split_Week 6_2_1,red,The Bandits,Vayne + Xin Zhao + Karma + Corki + Syndra,Vayne + Xin Zhao + Syndra + Corki + Karma,False,5
Arabian League/2026 Season/Spring Split_Last Stand_4_1,blue,One More Esports,Orianna + Xin Zhao + K'Sante + Varus + Bard,K'Sante + Xin Zhao + Orianna + Varus + Bard,False,5
Arabian League/2026 Season/Spring Split_Last Stand_4_1,red,3BL Esports,Caitlyn + Jarvan IV + Akali + Sion + Nami,Sion + Jarvan IV + Akali + Caitlyn + Nami,False,5
Prime League 1st Division/2026 Season/Spring Split_Week 6_2_3,blue,Berlin International Gaming,Lucian + Gnar + Aurora + Sona + Wukong,Gnar + Wukong + Aurora + Lucian + Sona,False,5
Prime League 1st Division/2026 Season/Spring Split_Week 6_2_3,red,Unicorns of Love Sexy Edition,Viktor + Draven + Xin Zhao + Milio + Jax,Jax + Xin Zhao + Viktor + Draven + Milio,False,5
Rift Legends/2026 Season/Spring Split_Week 5_2_2,blue,LODIS (Polish Team),Jarvan IV + Corki + Nami + Twisted Fate + K'Sante,K'Sante + Jarvan IV + Twisted Fate + Corki + Nami,False,5
Rift Legends/2026 Season/Spring Split_Week 5_2_2,red,Forsaken (Polish Team),Yunara + Lulu + Ahri + Wukong + Gnar,Gnar + Wukong + Ahri + Yunara + Lulu,False,5
Road Of Legends/2026 Season/Spring Split_Week 6_2_2,blue,mCon esports,Ryze + Ambessa + Jhin + Zyra + Rakan,Ambessa + Zyra + Ryze + Jhin + Rakan,False,5
Road Of Legends/2026 Season/Spring Split_Week 6_2_2,red,The Bandits,Viktor + Ezreal + Fiora + Wukong + Nautilus,Fiora + Wukong + Viktor + Ezreal + Nautilus,False,5
Arabian League/2026 Season/Spring Split_Last Stand_4_2,blue,One More Esports,Karma + Zaahen + Ziggs + Nilah + Gnar,Gnar + Zaahen + Ziggs + Nilah + Karma,False,5
Arabian League/2026 Season/Spring Split_Last Stand_4_2,red,3BL Esports,Nautilus + Wukong + Kai'Sa + Viktor + Malphite,Malphite + Wukong + Viktor + Kai'Sa + Nautilus,False,5
Road Of Legends/2026 Season/Spring Split_Week 6_2_3,blue,The Bandits,Sion + Leona + Ashe + Ahri + Vladimir,Vladimir + Sion + Ahri + Ashe + Leona,False,5
Road Of Legends/2026 Season/Spring Split_Week 6_2_3,red,mCon esports,Bard + Aurora + Zaahen + Senna + Aatrox,Aatrox + Zaahen + Aurora + Senna + Bard,False,5
Circuito Desafiante/2026 Season/Split 1 Playoffs_Round 2_1_1,blue,INTZ,Bard + Aatrox + Orianna + Jhin + Rumble,Rumble + Aatrox + Orianna + Jhin + Bard,False,5
Circuito Desafiante/2026 Season/Split 1 Playoffs_Round 2_1_1,red,KaBuM! Ilha das Lendas,Varus + Anivia + Viktor + Vi + Sion,Sion + Vi + Viktor + Varus + Anivia,False,5
Liga Regional Sur/2026 Season/Split 1 Playoffs_Round 1_3_1,blue,Seven Dark,Karma + Caitlyn + Aatrox + K'Sante + Ryze,Rumble + Xin Zhao + Viktor + Ezreal + Bard,True,5
Liga Regional Sur/2026 Season/Split 1 Playoffs_Round 1_3_1,red,9z Globant,Ezreal + Xin Zhao + Bard + Rumble + Viktor,K'Sante + Aatrox + Ryze + Caitlyn + Karma,True,5
Rift Legends/2026 Season/Spring Split_Week 5_2_3,blue,Forsaken (Polish Team),Azir + Lucian + Milio + Sion + Kha'Zix,Sion + Kha'Zix + Azir + Lucian + Milio,False,5
Rift Legends/2026 Season/Spring Split_Week 5_2_3,red,LODIS (Polish Team),Anivia + Ezreal + Vi + Bard + Swain,Swain + Vi + Anivia + Ezreal + Bard,False,5
Circuito Desafiante/2026 Season/Split 1 Playoffs_Round 2_1_2,blue,INTZ,Nocturne + Neeko + Aurora + Corki + Renekton,Rek'Sai + Wukong + Annie + Yunara + Alistar,True,5
Circuito Desafiante/2026 Season/Split 1 Playoffs_Round 2_1_2,red,KaBuM! Ilha das Lendas,Wukong + Annie + Alistar + Yunara + Rek'Sai,Renekton + Nocturne + Aurora + Corki + Neeko,True,5
Liga Regional Sur/2026 Season/Split 1 Playoffs_Round 1_3_2,blue,Seven Dark,Nocturne + Sylas + Renekton + Yunara + Lulu,Renekton + Nocturne + Sylas + Yunara + Lulu,False,5
Liga Regional Sur/2026 Season/Split 1 Playoffs_Round 1_3_2,red,9z Globant,Neeko + Ahri + Ornn + Jarvan IV + Xayah,Ornn + Jarvan IV + Ahri + Xayah + Neeko,False,5
Circuito Desafiante/2026 Season/Split 1 Playoffs_Round 2_1_3,blue,INTZ,Jarvan IV + Miss Fortune + Ahri + Leona + Ambessa,Gnar + Pantheon + LeBlanc + Caitlyn + Elise,True,5
Circuito Desafiante/2026 Season/Split 1 Playoffs_Round 2_1_3,red,KaBuM! Ilha das Lendas,Pantheon + Caitlyn + Elise + LeBlanc + Gnar,Ambessa + Jarvan IV + Ahri + Miss Fortune + Leona,True,5
Liga Regional Sur/2026 Season/Split 1 Playoffs_Round 1_3_3,blue,Seven Dark,Lucian + Milio + Malphite + Hwei + Gangplank,Gnar + Wukong + Vladimir + Miss Fortune + Nautilus,True,5
Liga Regional Sur/2026 Season/Split 1 Playoffs_Round 1_3_3,red,9z Globant,Miss Fortune + Wukong + Nautilus + Gnar + Vladimir,Gangplank + Malphite + Hwei + Lucian + Milio,True,5
Circuito Desafiante/2026 Season/Split 1 Playoffs_Round 2_2_1,blue,Vivo Keyd Stars Academy,Annie + Ashe + Seraphine + K'Sante + Rek'Sai,K'Sante + Rek'Sai + Annie + Ashe + Seraphine,False,5
Circuito Desafiante/2026 Season/Split 1 Playoffs_Round 2_2_1,red,RED Academy,Viktor + Lee Sin + Rumble + Lucian + Milio,Rumble + Lee Sin + Viktor + Lucian + Milio,False,5
Circuito Desafiante/2026 Season/Split 1 Playoffs_Round 2_2_2,blue,Vivo Keyd Stars Academy,Varus + Aatrox + Lulu + Azir + Renekton,Jayce + Jarvan IV + Orianna + Sivir + Neeko,True,5
Circuito Desafiante/2026 Season/Split 1 Playoffs_Round 2_2_2,red,RED Academy,Sivir + Jarvan IV + Orianna + Neeko + Jayce,Renekton + Aatrox + Azir + Varus + Lulu,True,5
LCK/2026 Season/Rounds 1-2_Week 6_1_1,blue,Nongshim RedForce,Nocturne + Ezreal + Neeko + Sion + Ryze,Sion + Nocturne + Ryze + Ezreal + Neeko,False,5
LCK/2026 Season/Rounds 1-2_Week 6_1_1,red,Gen.G,Xin Zhao + Seraphine + Ashe + Renekton + Cassiopeia,Renekton + Xin Zhao + Cassiopeia + Ashe + Seraphine,False,5
LJL/2026 Season/Spring Series_Week 2_5_1,blue,Rising Gaming,Seraphine + Ashe + Ryze + Wukong + K'Sante,K'Sante + Wukong + Ryze + Ashe + Seraphine,False,5
LJL/2026 Season/Spring Series_Week 2_5_1,red,Uwinks,Ezreal + Nautilus + Hwei + Lee Sin + Gnar,Gnar + Lee Sin + Hwei + Ezreal + Nautilus,False,5
LJL/2026 Season/Spring Series_Week 2_5_2,blue,Rising Gaming,Rumble + Vi + Orianna + Yunara + Bard,Rumble + Vi + Orianna + Yunara + Bard,False,5
LJL/2026 Season/Spring Series_Week 2_5_2,red,Uwinks,Anivia + Pantheon + Syndra + Tristana + Rell,Anivia + Pantheon + Syndra + Tristana + Rell,False,5
Esports World Cup 2026/Online Qualifiers/Asia-Pacific_Round 1_4_1,blue,Fukuoka SoftBank HAWKS gaming,Ezreal + Karma + Xin Zhao + Aurora + Malphite,Malphite + Xin Zhao + Aurora + Ezreal + Karma,False,5
Esports World Cup 2026/Online Qualifiers/Asia-Pacific_Round 1_4_1,red,MVK Esports,Ashe + Seraphine + Trundle + Gnar + Sylas,Gnar + Trundle + Sylas + Ashe + Seraphine,False,5
Esports World Cup 2026/Online Qualifiers/Asia-Pacific_Round 1_3_1,blue,CTBC Flying Oyster,Ezreal + Xin Zhao + Nautilus + Jayce + Aurora,Jayce + Xin Zhao + Aurora + Ezreal + Nautilus,False,5
Esports World Cup 2026/Online Qualifiers/Asia-Pacific_Round 1_3_1,red,Ground Zero Gaming,Naafiri + Seraphine + Ashe + Ryze + Yorick,Yorick + Naafiri + Ryze + Ashe + Seraphine,False,5
LCK/2026 Season/Rounds 1-2_Week 6_1_2,blue,Gen.G,Karma + Skarner + Jhin + Gnar + Mel,Gnar + Skarner + Mel + Jhin + Karma,False,5
LCK/2026 Season/Rounds 1-2_Week 6_1_2,red,Nongshim RedForce,Pantheon + Nautilus + Miss Fortune + Azir + Twisted Fate,Twisted Fate + Pantheon + Azir + Miss Fortune + Nautilus,False,5
LPL/2026 Season/Split 2_Week 6_1_1,blue,Team WE,Jarvan IV + Bard + Cassiopeia + Miss Fortune + Sion,Ambessa + Lee Sin + Ryze + Ezreal + Neeko,True,5
LPL/2026 Season/Split 2_Week 6_1_1,red,Invictus Gaming,Ezreal + Ryze + Neeko + Lee Sin + Ambessa,Sion + Jarvan IV + Cassiopeia + Miss Fortune + Bard,True,5
LJL/2026 Season/Spring Series_Week 2_5_3,blue,Rising Gaming,Caitlyn + Sion + Nami + Azir + Xin Zhao,Sion + Xin Zhao + Azir + Caitlyn + Nami,False,5
LJL/2026 Season/Spring Series_Week 2_5_3,red,Uwinks,Neeko + Nocturne + Kai'Sa + Zaahen + Aurora,Zaahen + Nocturne + Aurora + Kai'Sa + Neeko,False,5
Esports World Cup 2026/Online Qualifiers/Asia-Pacific_Round 1_4_2,blue,Fukuoka SoftBank HAWKS gaming,Lee Sin + Caitlyn + Lux + Cassiopeia + Sion,Sion + Lee Sin + Cassiopeia + Caitlyn + Lux,False,5
Esports World Cup 2026/Online Qualifiers/Asia-Pacific_Round 1_4_2,red,MVK Esports,Lucian + Milio + Naafiri + Annie + Twisted Fate,Twisted Fate + Naafiri + Annie + Lucian + Milio,False,5
Esports World Cup 2026/Online Qualifiers/Asia-Pacific_Round 1_3_2,blue,Ground Zero Gaming,Rumble + Yunara + Lulu + Skarner + Viktor,Rumble + Skarner + Viktor + Yunara + Lulu,False,5
Esports World Cup 2026/Online Qualifiers/Asia-Pacific_Round 1_3_2,red,CTBC Flying Oyster,Jarvan IV + K'Sante + Orianna + Rell + Samira,K'Sante + Jarvan IV + Orianna + Samira + Rell,False,5
LPL/2026 Season/Split 2_Week 6_1_2,blue,Team WE,Nocturne + Sylas + Jayce + Yunara + Lulu,Yorick + Vi + Ahri + Corki + Nami,True,5
LPL/2026 Season/Split 2_Week 6_1_2,red,Invictus Gaming,Ahri + Vi + Yorick + Nami + Corki,Jayce + Nocturne + Sylas + Yunara + Lulu,True,5
LCK/2026 Season/Rounds 1-2_Week 6_2_1,blue,DN SOOPers,Pantheon + Karma + Jhin + Ahri + Renekton,Renekton + Pantheon + Ahri + Jhin + Karma,False,5
LCK/2026 Season/Rounds 1-2_Week 6_2_1,red,Hanwha Life Esports,Bard + Caitlyn + Xin Zhao + Aurora + Gnar,Gnar + Xin Zhao + Aurora + Caitlyn + Bard,False,5
LJL/2026 Season/Spring Series_Week 2_6_1,blue,Arneb,Sion + Pantheon + Ezreal + Smolder + Bard,Sion + Pantheon + Smolder + Ezreal + Bard,False,5
LJL/2026 Season/Spring Series_Week 2_6_1,red,RAYN Clocks,Gwen + Jarvan IV + Kai'Sa + Galio + Hwei,Gwen + Jarvan IV + Hwei + Kai'Sa + Galio,False,5
LPL/2026 Season/Split 2_Week 6_1_3,blue,Team WE,Annie + Xin Zhao + Renekton + Kai'Sa + Alistar,K'Sante + Pantheon + Akali + Sivir + Braum,True,5
LPL/2026 Season/Split 2_Week 6_1_3,red,Invictus Gaming,Akali + Pantheon + K'Sante + Sivir + Braum,Renekton + Xin Zhao + Annie + Kai'Sa + Alistar,True,5
Esports World Cup 2026/Online Qualifiers/Asia-Pacific_Round 1_3_3,blue,CTBC Flying Oyster,Pantheon + Annie + Gnar + Kai'Sa + Amumu,Gnar + Pantheon + Annie + Kai'Sa + Amumu,False,5
Esports World Cup 2026/Online Qualifiers/Asia-Pacific_Round 1_3_3,red,Ground Zero Gaming,Nocturne + Neeko + Vayne + Twisted Fate + Jhin,Vayne + Nocturne + Twisted Fate + Jhin + Neeko,False,5
LCK/2026 Season/Rounds 1-2_Week 6_2_2,blue,Hanwha Life Esports,Nocturne + Lucian + Milio + Twisted Fate + Jayce,Jayce + Nocturne + Twisted Fate + Lucian + Milio,False,5
LCK/2026 Season/Rounds 1-2_Week 6_2_2,red,DN SOOPers,Ryze + Naafiri + Nautilus + Senna + K'Sante,K'Sante + Naafiri + Ryze + Senna + Nautilus,False,5
LJL/2026 Season/Spring Series_Week 2_6_2,blue,RAYN Clocks,Nocturne + Viktor + Nautilus + Aatrox + Varus,Aatrox + Nocturne + Viktor + Varus + Nautilus,False,5
LJL/2026 Season/Spring Series_Week 2_6_2,red,Arneb,Naafiri + Orianna + Rell + Skarner + Jhin,Skarner + Naafiri + Orianna + Jhin + Rell,False,5
LPL/2026 Season/Split 2_Week 6_2_1,blue,JD Gaming,Varus + Azir + Pantheon + Corki + Pyke,Olaf + Jarvan IV + Ryze + Jhin + Bard,True,5
LPL/2026 Season/Split 2_Week 6_2_1,red,Top Esports,Jarvan IV + Jhin + Bard + Ryze + Olaf,Varus + Pantheon + Azir + Corki + Pyke,True,5
LPL/2026 Season/Split 2_Week 6_2_2,blue,JD Gaming,Vi + Jayce + Ahri + Alistar + Miss Fortune,Sion + Wukong + Annie + Ezreal + Neeko,True,5
LPL/2026 Season/Split 2_Week 6_2_2,red,Top Esports,Ezreal + Annie + Sion + Neeko + Wukong,Jayce + Vi + Ahri + Miss Fortune + Alistar,True,5
Hellenic Legends League/2026 Season/Spring Split_Week 6_3_1,blue,Gamespace Mediterranean College Esports,Varus + Zaahen + Neeko + Annie + Renekton,Renekton + Zaahen + Annie + Varus + Neeko,False,5
Hellenic Legends League/2026 Season/Spring Split_Week 6_3_1,red,WLGaming Esports,Ezreal + Xin Zhao + Bard + Aurora + Syndra,Aurora + Xin Zhao + Syndra + Ezreal + Bard,False,5
LPL/2026 Season/Split 2_Week 6_2_3,blue,JD Gaming,Seraphine + Yunara + Xin Zhao + Viktor + Renekton,Gnar + Trundle + Cassiopeia + Ashe + Lulu,True,5
LPL/2026 Season/Split 2_Week 6_2_3,red,Top Esports,Ashe + Lulu + Trundle + Cassiopeia + Gnar,Renekton + Xin Zhao + Viktor + Yunara + Seraphine,True,5
Hellenic Legends League/2026 Season/Spring Split_Week 6_3_2,blue,WLGaming Esports,Jarvan IV + Lulu + Rumble + Zeri + Ryze,Rumble + Jarvan IV + Ryze + Zeri + Lulu,False,5
Hellenic Legends League/2026 Season/Spring Split_Week 6_3_2,red,Gamespace Mediterranean College Esports,Wukong + Yunara + Ornn + Rakan + Azir,Ornn + Wukong + Azir + Yunara + Rakan,False,5
Hitpoint Masters/2026 Season/Spring Split_Week 3_3_1,blue,CITA Kaizen,Pantheon + Yunara + Lulu + Aurelion Sol + K'Sante,K'Sante + Pantheon + Aurelion Sol + Yunara + Lulu,False,5
Hitpoint Masters/2026 Season/Spring Split_Week 3_3_1,red,Nightbirds,Ezreal + Jarvan IV + Ryze + Nami + Gnar,Gnar + Jarvan IV + Ryze + Ezreal + Nami,False,5
TCL/2026 Season/Spring Split_Week 5_3_1,blue,SU Esports,Orianna + Ashe + Seraphine + Xin Zhao + Sion,Sion + Xin Zhao + Orianna + Ashe + Seraphine,False,5
TCL/2026 Season/Spring Split_Week 5_3_1,red,Team Phoenix (Turkish Team),Jarvan IV + Neeko + Mel + Jhin + Cho'Gath,Cho'Gath + Jarvan IV + Mel + Jhin + Neeko,False,5
Hellenic Legends League/2026 Season/Spring Split_Week 6_4_1,blue,ALMO Players,Nocturne + Kai'Sa + Nautilus + Sylas + Urgot,Urgot + Nocturne + Sylas + Kai'Sa + Nautilus,False,5
Hellenic Legends League/2026 Season/Spring Split_Week 6_4_1,red,Team Insidious,Ezreal + Vi + Orianna + Alistar + K'Sante,K'Sante + Vi + Orianna + Ezreal + Alistar,False,5
Hitpoint Masters/2026 Season/Spring Split_Week 3_3_2,blue,Nightbirds,Rumble + Zaahen + Aurora + Lucian + Milio,Rumble + Zaahen + Aurora + Lucian + Milio,False,5
Hitpoint Masters/2026 Season/Spring Split_Week 3_3_2,red,CITA Kaizen,Galio + Vi + Ahri + Varus + Neeko,Galio + Vi + Ahri + Varus + Neeko,False,5
Rift Legends/2026 Season/Spring Split_Week 5_3_1,blue,devils.one inStreamly,Ezreal + Pantheon + Nami + Ahri + K'Sante,K'Sante + Pantheon + Ahri + Ezreal + Nami,False,5
Rift Legends/2026 Season/Spring Split_Week 5_3_1,red,GLORE,Smolder + Xin Zhao + Bard + Azir + Gnar,Gnar + Xin Zhao + Azir + Smolder + Bard,False,5
Prime League 1st Division/2026 Season/Spring Split_Week 6_3_1,blue,G2 NORD,Jarvan IV + Ashe + Seraphine + Rumble + Ryze,Rumble + Jarvan IV + Ryze + Ashe + Seraphine,False,5
Prime League 1st Division/2026 Season/Spring Split_Week 6_3_1,red,VfB eSports,Naafiri + Lucian + Milio + Aurora + Ornn,Ornn + Naafiri + Aurora + Lucian + Milio,False,5
LES/2026 Season/Spring Split_Week 5_1_1,blue,LUA Gaming,Orianna + Pantheon + Kai'Sa + Rumble + Alistar,Rumble + Pantheon + Orianna + Kai'Sa + Alistar,False,5
LES/2026 Season/Spring Split_Week 5_1_1,red,Falke Esports,Ezreal + Nocturne + Akali + Nautilus + Aurora,Aurora + Nocturne + Akali + Ezreal + Nautilus,False,5
TCL/2026 Season/Spring Split_Week 5_3_2,blue,SU Esports,Karma + Vi + Sivir + Syndra + Rumble,Rumble + Vi + Syndra + Sivir + Karma,False,5
TCL/2026 Season/Spring Split_Week 5_3_2,red,Team Phoenix (Turkish Team),Aatrox + Varus + Alistar + Viktor + Tristana,Varus + Aatrox + Viktor + Tristana + Alistar,False,5
Hitpoint Masters/2026 Season/Spring Split_Week 3_3_3,blue,Nightbirds,Viktor + Skarner + Jhin + Aatrox + Rell,Aatrox + Skarner + Viktor + Jhin + Rell,False,5
Hitpoint Masters/2026 Season/Spring Split_Week 3_3_3,red,CITA Kaizen,Bard + Xin Zhao + Sion + Syndra + Smolder,Sion + Xin Zhao + Syndra + Smolder + Bard,False,5
Prime League 1st Division/2026 Season/Spring Split_Week 6_3_2,blue,G2 NORD,Bard + Varus + Xin Zhao + K'Sante + Anivia,K'Sante + Xin Zhao + Anivia + Varus + Bard,False,5
Prime League 1st Division/2026 Season/Spring Split_Week 6_3_2,red,VfB eSports,Nautilus + Lee Sin + Annie + Ziggs + Yasuo,Yasuo + Lee Sin + Annie + Ziggs + Nautilus,False,5
Arabian League/2026 Season/Spring Split_Last Stand_5_1,blue,3BL Esports,Xin Zhao + Caitlyn + Bard + Syndra + Ornn,Ornn + Xin Zhao + Syndra + Caitlyn + Bard,False,5
Arabian League/2026 Season/Spring Split_Last Stand_5_1,red,JSK Esports,Ashe + Seraphine + Wukong + Ryze + Aatrox,Aatrox + Wukong + Ryze + Ashe + Seraphine,False,5
LES/2026 Season/Spring Split_Week 5_1_2,blue,LUA Gaming,Varus + Wukong + Ahri + Yunara + Lulu,Varus + Wukong + Ahri + Yunara + Lulu,False,5
LES/2026 Season/Spring Split_Week 5_1_2,red,Falke Esports,Renekton + Jarvan IV + Mel + Ashe + Seraphine,Renekton + Jarvan IV + Mel + Ashe + Seraphine,False,5
LFL/2026 Season/Spring Playoffs_Round 1_1_1,blue,Esprit Shōnen,Ezreal + Nocturne + Nami + Azir + Gnar,Gnar + Nocturne + Azir + Ezreal + Nami,False,5
LFL/2026 Season/Spring Playoffs_Round 1_1_1,red,TLN Pirates,Karma + Xin Zhao + Yunara + Anivia + Sion,Sion + Xin Zhao + Anivia + Yunara + Karma,False,5
Hellenic Legends League/2026 Season/Spring Split_Week 6_4_2,blue,Team Insidious,Pantheon + Caitlyn + Bard + Syndra + Jayce,Jayce + Pantheon + Syndra + Caitlyn + Bard,False,5
Hellenic Legends League/2026 Season/Spring Split_Week 6_4_2,red,ALMO Players,Yunara + Lulu + Skarner + Aurora + Malphite,Malphite + Skarner + Aurora + Yunara + Lulu,False,5
Rift Legends/2026 Season/Spring Split_Week 5_3_2,blue,devils.one inStreamly,Karma + Ryze + Jhin + Nocturne + Ornn,Ornn + Nocturne + Ryze + Jhin + Karma,False,5
Rift Legends/2026 Season/Spring Split_Week 5_3_2,red,GLORE,Seraphine + Ashe + Anivia + Rek'Sai + Zaahen,Zaahen + Rek'Sai + Anivia + Ashe + Seraphine,False,5
Esports Balkan League/2026 Season/Spring Playoffs_Round 1_1_1,blue,TQ DURPA KASHLQ,Xin Zhao + Ezreal + Karma + Zaahen + Syndra,Zaahen + Xin Zhao + Syndra + Ezreal + Karma,False,5
Esports Balkan League/2026 Season/Spring Playoffs_Round 1_1_1,red,Partizan Sangal,Ashe + Seraphine + Ryze + Nocturne + Vayne,Vayne + Nocturne + Ryze + Ashe + Seraphine,False,5
TCL/2026 Season/Spring Split_Week 5_4_1,blue,Ozarox Esports,Ashe + Pantheon + Seraphine + Akali + Ambessa,Ambessa + Pantheon + Akali + Ashe + Seraphine,False,5
TCL/2026 Season/Spring Split_Week 5_4_1,red,BoostGate Esports,Jarvan IV + Lucian + Milio + Rumble + Jayce,Rumble + Jarvan IV + Jayce + Lucian + Milio,False,5
Esports Balkan League/2026 Season/Spring Playoffs_Round 1_1_2,blue,Partizan Sangal,Lucian + Pantheon + Milio + Twisted Fate + Jayce,Jayce + Pantheon + Twisted Fate + Lucian + Milio,False,5
Esports Balkan League/2026 Season/Spring Playoffs_Round 1_1_2,red,TQ DURPA KASHLQ,Draven + Nami + Wukong + Anivia + Vladimir,Vladimir + Wukong + Anivia + Draven + Nami,False,5
Prime League 1st Division/2026 Season/Spring Split_Week 6_4_1,blue,ROSSMANN Centaurs,Ryze + Corki + Nami + Lee Sin + Ornn,Ornn + Lee Sin + Ryze + Corki + Nami,False,5
Prime League 1st Division/2026 Season/Spring Split_Week 6_4_1,red,TeamOrangeGaming,Ezreal + Jarvan IV + Karma + Syndra + Aatrox,Aatrox + Jarvan IV + Syndra + Ezreal + Karma,False,5
LFL/2026 Season/Spring Playoffs_Round 1_1_2,blue,TLN Pirates,Pantheon + Lucian + Milio + K'Sante + Viktor,K'Sante + Pantheon + Viktor + Lucian + Milio,False,5
LFL/2026 Season/Spring Playoffs_Round 1_1_2,red,Esprit Shōnen,Rumble + Vi + Nautilus + Jhin + Yone,Rumble + Vi + Yone + Jhin + Nautilus,False,5
Arabian League/2026 Season/Spring Split_Last Stand_5_2,blue,3BL Esports,Karma + Akali + Rek'Sai + Smolder + Zaahen,Rek'Sai + Zaahen + Akali + Smolder + Karma,False,5
Arabian League/2026 Season/Spring Split_Last Stand_5_2,red,JSK Esports,Viktor + Nami + Dr. Mundo + Yunara + Jax,Jax + Dr. Mundo + Viktor + Yunara + Nami,False,5
LES/2026 Season/Spring Split_Week 5_1_3,blue,Falke Esports,Ornn + Naafiri + Taliyah + Lucian + Milio,Ornn + Naafiri + Taliyah + Lucian + Milio,False,5
LES/2026 Season/Spring Split_Week 5_1_3,red,LUA Gaming,Shen + Vi + Viktor + Kalista + Renata Glasc,Shen + Vi + Viktor + Kalista + Renata Glasc,False,5
Hitpoint Masters/2026 Season/Spring Split_Week 3_4_1,blue,Onion Team,Ezreal + Rakan + Naafiri + Jayce + Ahri,Jayce + Naafiri + Ahri + Ezreal + Rakan,False,5
Hitpoint Masters/2026 Season/Spring Split_Week 3_4_1,red,BRUTE,Karma + Jarvan IV + Vayne + Gnar + Syndra,Gnar + Jarvan IV + Syndra + Vayne + Karma,False,5
Benelux Ascend Series/2026 Season/Spring Split_Week 6_1_1,blue,SNOOZE Esports,Ezreal + Cho'Gath + Ryze + Nami + Gnar,Gnar + Cho'Gath + Ryze + Ezreal + Nami,False,5
Benelux Ascend Series/2026 Season/Spring Split_Week 6_1_1,red,TAKA ASCEND,Karma + Xin Zhao + Kai'Sa + Viktor + Ornn,Ornn + Xin Zhao + Viktor + Kai'Sa + Karma,False,5
TCL/2026 Season/Spring Split_Week 5_4_2,blue,Ozarox Esports,Ryze + Kalista + Renata Glasc + Sejuani + Renekton,Renekton + Sejuani + Ryze + Kalista + Renata Glasc,False,5
TCL/2026 Season/Spring Split_Week 5_4_2,red,BoostGate Esports,Naafiri + Jhin + Bard + Aurelion Sol + Sion,Sion + Naafiri + Aurelion Sol + Jhin + Bard,False,5
Rift Legends/2026 Season/Spring Split_Week 5_4_1,blue,Barcząca Esports,Jarvan IV + Sion + Ryze + Caitlyn + Bard,Sion + Jarvan IV + Ryze + Caitlyn + Bard,False,5
Rift Legends/2026 Season/Spring Split_Week 5_4_1,red,Bomba Team,Ezreal + Rumble + Anivia + Wukong + Rell,Rumble + Wukong + Anivia + Ezreal + Rell,False,5
Esports Balkan League/2026 Season/Spring Playoffs_Round 1_2_1,blue,Lenovo Legion Honvéd,Ambessa + Nautilus + Ezreal + Renekton + Hwei,Renekton + Ambessa + Hwei + Ezreal + Nautilus,False,5
Esports Balkan League/2026 Season/Spring Playoffs_Round 1_2_1,red,SPIKE Syndicate,Karma + Xin Zhao + Yunara + K'Sante + Ryze,K'Sante + Xin Zhao + Ryze + Yunara + Karma,False,5
LFL/2026 Season/Spring Playoffs_Round 1_2_1,blue,Karmine Corp Blue,Pantheon + Jhin + Bard + K'Sante + Taliyah,K'Sante + Pantheon + Taliyah + Jhin + Bard,False,5
LFL/2026 Season/Spring Playoffs_Round 1_2_1,red,Ici Japon Corp. Esport,Yunara + Rumble + Nautilus + Aurora + Skarner,Rumble + Skarner + Aurora + Yunara + Nautilus,False,5
Arabian League/2026 Season/Spring Split_Last Stand_5_3,blue,3BL Esports,Nocturne + Neeko + Sion + Kai'Sa + Anivia,Anivia + Nocturne + Sion + Kai'Sa + Neeko,False,5
Arabian League/2026 Season/Spring Split_Last Stand_5_3,red,JSK Esports,Orianna + Naafiri + K'Sante + Ezreal + Leona,K'Sante + Naafiri + Orianna + Ezreal + Leona,False,5
Hitpoint Masters/2026 Season/Spring Split_Week 3_4_2,blue,BRUTE,Xin Zhao + Ornn + Nautilus + Kalista + Kassadin,Ornn + Xin Zhao + Kassadin + Kalista + Nautilus,False,5
Hitpoint Masters/2026 Season/Spring Split_Week 3_4_2,red,Onion Team,Seraphine + Rumble + Sivir + Sett + Cho'Gath,Rumble + Sett + Cho'Gath + Sivir + Seraphine,False,5
LES/2026 Season/Spring Split_Week 5_2_1,blue,Barça eSports,Orianna + Ezreal + Nami + Vi + Rumble,Rumble + Vi + Orianna + Ezreal + Nami,False,5
LES/2026 Season/Spring Split_Week 5_2_1,red,GIANTX iTero,Viktor + Jarvan IV + Nautilus + Senna + Aurora,Aurora + Jarvan IV + Viktor + Senna + Nautilus,False,5
Prime League 1st Division/2026 Season/Spring Split_Week 6_4_2,blue,TeamOrangeGaming,Yunara + Gnar + Skarner + Pyke + Viktor,Gnar + Skarner + Viktor + Yunara + Pyke,False,5
Prime League 1st Division/2026 Season/Spring Split_Week 6_4_2,red,ROSSMANN Centaurs,Lucian + Vi + Milio + K'Sante + Ahri,K'Sante + Vi + Ahri + Lucian + Milio,False,5
Benelux Ascend Series/2026 Season/Spring Split_Week 6_2_1,blue,Frost Tails,Yunara + Jarvan IV + Annie + Cho'Gath + Rell,Cho'Gath + Jarvan IV + Annie + Yunara + Rell,False,5
Benelux Ascend Series/2026 Season/Spring Split_Week 6_2_1,red,FUSE,Ryze + Aphelios + Lulu + Naafiri + Dr. Mundo,Dr. Mundo + Naafiri + Ryze + Aphelios + Lulu,False,5
Benelux Ascend Series/2026 Season/Spring Split_Week 6_1_2,blue,SNOOZE Esports,Ahri + Yunara + Lillia + Dr. Mundo + Braum,Dr. Mundo + Lillia + Ahri + Yunara + Braum,False,5
Benelux Ascend Series/2026 Season/Spring Split_Week 6_1_2,red,TAKA ASCEND,Taliyah + Wukong + Lulu + K'Sante + Zeri,K'Sante + Wukong + Taliyah + Zeri + Lulu,False,5
Rift Legends/2026 Season/Spring Split_Week 5_4_2,blue,Barcząca Esports,Ashe + Aatrox + Lulu + Yorick + Annie,Yorick + Aatrox + Annie + Ashe + Lulu,False,5
Rift Legends/2026 Season/Spring Split_Week 5_4_2,red,Bomba Team,Xin Zhao + Seraphine + Senna + Jayce + Gwen,Gwen + Xin Zhao + Jayce + Senna + Seraphine,False,5
Esports Balkan League/2026 Season/Spring Playoffs_Round 1_2_2,blue,Lenovo Legion Honvéd,Naafiri + Miss Fortune + Rell + Gnar + Xerath,Gnar + Naafiri + Xerath + Miss Fortune + Rell,False,5
Esports Balkan League/2026 Season/Spring Playoffs_Round 1_2_2,red,SPIKE Syndicate,Ashe + Seraphine + Wukong + Viktor + Malphite,Malphite + Wukong + Viktor + Ashe + Seraphine,False,5
LFL/2026 Season/Spring Playoffs_Round 1_2_2,blue,Ici Japon Corp. Esport,Ryze + Nocturne + Sion + Corki + Nami,Sion + Nocturne + Ryze + Corki + Nami,False,5
LFL/2026 Season/Spring Playoffs_Round 1_2_2,red,Karmine Corp Blue,Jarvan IV + Varus + Aatrox + Viktor + Alistar,Aatrox + Jarvan IV + Viktor + Varus + Alistar,False,5
Hitpoint Masters/2026 Season/Spring Split_Week 3_4_3,blue,BRUTE,Pantheon + Lulu + Yasuo + Azir + Maokai,Maokai + Pantheon + Azir + Yasuo + Lulu,False,5
Hitpoint Masters/2026 Season/Spring Split_Week 3_4_3,red,Onion Team,Yunara + Wukong + Soraka + Sion + Kog'Maw,Sion + Wukong + Kog'Maw + Yunara + Soraka,False,5
LES/2026 Season/Spring Split_Week 5_2_2,blue,GIANTX iTero,Kennen + Trundle + Annie + Lucian + Milio,Kennen + Trundle + Annie + Lucian + Milio,False,5
LES/2026 Season/Spring Split_Week 5_2_2,red,Barça eSports,Renekton + Aatrox + Hwei + Caitlyn + Bard,Renekton + Aatrox + Hwei + Caitlyn + Bard,False,5
Arabian League/2026 Season/Spring Split_Last Stand_6_1,blue,One More Esports,Orianna + Yunara + Lulu + Jayce + Wukong,Jayce + Wukong + Orianna + Yunara + Lulu,False,5
Arabian League/2026 Season/Spring Split_Last Stand_6_1,red,GnG Amazigh,Ezreal + Karma + Akali + Xin Zhao + K'Sante,K'Sante + Xin Zhao + Akali + Ezreal + Karma,False,5
Benelux Ascend Series/2026 Season/Spring Split_Week 6_2_2,blue,FUSE,Ambessa + Viego + Syndra + Smolder + Alistar,Ambessa + Viego + Smolder + Syndra + Alistar,False,5
Benelux Ascend Series/2026 Season/Spring Split_Week 6_2_2,red,Frost Tails,Sion + Lillia + Renekton + Leona + Samira,Renekton + Lillia + Sion + Samira + Leona,False,5
Rift Legends/2026 Season/Spring Split_Week 5_4_3,blue,Barcząca Esports,Milio + Nocturne + Aphelios + Twisted Fate + Renekton,Renekton + Nocturne + Twisted Fate + Aphelios + Milio,False,5
Rift Legends/2026 Season/Spring Split_Week 5_4_3,red,Bomba Team,Lucian + Vi + Yuumi + Akali + Jax,Jax + Vi + Akali + Lucian + Yuumi,False,5
Esports Balkan League/2026 Season/Spring Playoffs_Round 1_2_3,blue,SPIKE Syndicate,Vi + Corki + Cassiopeia + Rakan + Aatrox,Aatrox + Vi + Cassiopeia + Corki + Rakan,False,5
Esports Balkan League/2026 Season/Spring Playoffs_Round 1_2_3,red,Lenovo Legion Honvéd,Pantheon + Aurora + Sivir + Leona + Zoe,Aurora + Pantheon + Zoe + Sivir + Leona,False,5
Benelux Ascend Series/2026 Season/Spring Split_Week 6_1_3,blue,SNOOZE Esports,Aurora + Xayah + Rakan + Gragas + Skarner,Gragas + Skarner + Aurora + Xayah + Rakan,False,5
Benelux Ascend Series/2026 Season/Spring Split_Week 6_1_3,red,TAKA ASCEND,Orianna + Pantheon + Varus + Leona + Sion,Sion + Pantheon + Orianna + Varus + Leona,False,5
Benelux Ascend Series/2026 Season/Spring Split_Week 6_2_3,blue,Frost Tails,Karma + Caitlyn + Wukong + K'Sante + Aurora,K'Sante + Wukong + Aurora + Caitlyn + Karma,False,5
Benelux Ascend Series/2026 Season/Spring Split_Week 6_2_3,red,FUSE,Nautilus + Kai'Sa + Ornn + Olaf + Akali,Ornn + Olaf + Akali + Kai'Sa + Nautilus,False,5
North American Challengers League/2026 Season/Spring Season_Week 7_1_1,blue,NRG,Bard + Jhin + Trundle + Anivia + Ornn,Rumble + Pantheon + Hwei + Caitlyn + Karma,True,5
North American Challengers League/2026 Season/Spring Season_Week 7_1_1,red,Conviction,Caitlyn + Pantheon + Karma + Rumble + Hwei,Ornn + Trundle + Anivia + Jhin + Bard,True,5
Arabian League/2026 Season/Spring Split_Last Stand_6_2,blue,GnG Amazigh,Nocturne + Rumble + Yone + Sivir + Rakan,Rumble + Nocturne + Yone + Sivir + Rakan,False,5
Arabian League/2026 Season/Spring Split_Last Stand_6_2,red,One More Esports,Hwei + Dr. Mundo + Zaahen + Smolder + Alistar,Dr. Mundo + Zaahen + Hwei + Smolder + Alistar,False,5
North American Challengers League/2026 Season/Spring Season_Week 7_1_2,blue,NRG,Nocturne + Jayce + Aurora + Yunara + Nidalee,Jayce + Nocturne + Aurora + Yunara + Nidalee,False,5
North American Challengers League/2026 Season/Spring Season_Week 7_1_2,red,Conviction,Corki + Nami + Sion + Viktor + Shen,Sion + Shen + Viktor + Corki + Nami,False,5
Arabian League/2026 Season/Spring Split_Last Stand_6_3,blue,One More Esports,Viktor + Jhin + Zac + Ambessa + Blitzcrank,Ambessa + Zac + Viktor + Jhin + Blitzcrank,False,5
Arabian League/2026 Season/Spring Split_Last Stand_6_3,red,GnG Amazigh,Zoe + Caitlyn + Bard + Qiyana + Renekton,Renekton + Qiyana + Zoe + Caitlyn + Bard,False,5
North American Challengers League/2026 Season/Spring Season_Week 7_2_1,blue,Dorado Gaming,Karma + Pantheon + Jayce + Sivir + Anivia,Sion + Jarvan IV + Annie + Ezreal + Neeko,True,5
North American Challengers League/2026 Season/Spring Season_Week 7_2_1,red,Supernova,Ezreal + Jarvan IV + Sion + Annie + Neeko,Jayce + Pantheon + Anivia + Sivir + Karma,True,5
North American Challengers League/2026 Season/Spring Season_Week 7_2_2,blue,Supernova,Rumble + Vi + Nautilus + Corki + Taliyah,Ambessa + Sejuani + Yone + Lucian + Milio,True,5
North American Challengers League/2026 Season/Spring Season_Week 7_2_2,red,Dorado Gaming,Lucian + Milio + Ambessa + Sejuani + Yone,Rumble + Vi + Taliyah + Corki + Nautilus,True,5
North American Challengers League/2026 Season/Spring Season_Week 7_2_3,blue,Dorado Gaming,Bard + Xin Zhao + Caitlyn + Vayne + Ryze,Gnar + Shen + Ahri + Yunara + Lulu,True,5
North American Challengers League/2026 Season/Spring Season_Week 7_2_3,red,Supernova,Yunara + Lulu + Ahri + Gnar + Shen,Vayne + Xin Zhao + Ryze + Caitlyn + Bard,True,5
LCK CL/2026 Season/Rounds 1-2_Week 6_6_1,blue,Gen.G Global Academy,Jarvan IV + Yunara + Lulu + Annie + Jayce,K'Sante + Nocturne + Aurora + Lucian + Milio,True,5
LCK CL/2026 Season/Rounds 1-2_Week 6_6_1,red,BNK FEARX Youth,Lucian + Nocturne + Milio + Aurora + K'Sante,Jayce + Jarvan IV + Annie + Yunara + Lulu,True,5
LCK CL/2026 Season/Rounds 1-2_Week 6_7_1,blue,T1 Esports Academy,Jarvan IV + Jhin + Anivia + Jayce + Ryze,Jayce + Jarvan IV + Ryze + Jhin + Anivia,False,5
LCK CL/2026 Season/Rounds 1-2_Week 6_7_1,red,Nongshim Esports Academy,Xin Zhao + Bard + Ezreal + Twisted Fate + Sion,Sion + Xin Zhao + Twisted Fate + Ezreal + Bard,False,5
LCK CL/2026 Season/Rounds 1-2_Week 6_8_1,blue,Hanwha Life Esports Challengers,Nocturne + Bard + Ezreal + Gnar + Azir,Gnar + Nocturne + Azir + Ezreal + Bard,False,5
LCK CL/2026 Season/Rounds 1-2_Week 6_8_1,red,Kiwoom DRX Challengers,Orianna + Neeko + Zeri + Skarner + Twisted Fate,Twisted Fate + Skarner + Orianna + Zeri + Neeko,False,5
LCK CL/2026 Season/Rounds 1-2_Week 6_6_2,blue,Gen.G Global Academy,Vi + Mel + Nautilus + Gnar + Yone,Gnar + Vi + Yone + Mel + Nautilus,False,5
LCK CL/2026 Season/Rounds 1-2_Week 6_6_2,red,BNK FEARX Youth,Ashe + Seraphine + Xin Zhao + Anivia + Cassiopeia,Anivia + Xin Zhao + Cassiopeia + Ashe + Seraphine,False,5
LCK CL/2026 Season/Rounds 1-2_Week 6_7_2,blue,Nongshim Esports Academy,Vi + Ashe + Seraphine + Aurora + Ambessa,Gnar + Skarner + Annie + Lucian + Milio,True,5
LCK CL/2026 Season/Rounds 1-2_Week 6_7_2,red,T1 Esports Academy,Lucian + Milio + Skarner + Gnar + Annie,Ambessa + Vi + Aurora + Ashe + Seraphine,True,5
LCK CL/2026 Season/Rounds 1-2_Week 6_8_2,blue,Hanwha Life Esports Challengers,Vi + Lucian + Milio + Renekton + Mel,K'Sante + Xin Zhao + Aurora + Ashe + Seraphine,True,5
LCK CL/2026 Season/Rounds 1-2_Week 6_8_2,red,Kiwoom DRX Challengers,Xin Zhao + Ashe + Seraphine + Aurora + K'Sante,Renekton + Vi + Mel + Lucian + Milio,True,5
LCK CL/2026 Season/Rounds 1-2_Week 6_6_3,blue,Gen.G Global Academy,Orianna + Bard + Miss Fortune + Renekton + Naafiri,Sion + Trundle + Azir + Jhin + Karma,True,5
LCK CL/2026 Season/Rounds 1-2_Week 6_6_3,red,BNK FEARX Youth,Jhin + Karma + Azir + Trundle + Sion,Renekton + Naafiri + Orianna + Miss Fortune + Bard,True,5
LCK/2026 Season/Rounds 1-2_Week 6_3_1,blue,KT Rolster,Orianna + Xin Zhao + Bard + Jhin + Sion,Zaahen + Jarvan IV + Ryze + Ashe + Seraphine,True,5
LCK/2026 Season/Rounds 1-2_Week 6_3_1,red,Dplus Kia,Ashe + Jarvan IV + Seraphine + Ryze + Zaahen,Sion + Xin Zhao + Orianna + Jhin + Bard,True,5
LCK/2026 Season/Rounds 1-2_Week 6_3_2,blue,KT Rolster,Jayce + Caitlyn + Lux + Viktor + Skarner,Yorick + Naafiri + Taliyah + Yunara + Lulu,True,5
LCK/2026 Season/Rounds 1-2_Week 6_3_2,red,Dplus Kia,Yunara + Lulu + Yorick + Naafiri + Taliyah,Jayce + Skarner + Viktor + Caitlyn + Lux,True,5
Esports World Cup 2026/Online Qualifiers/Asia-Pacific_Round 2_1_1,blue,Team Secret (Vietnamese Team),Ryze + Lee Sin + Jayce + Jhin + Pyke,Yorick + Jarvan IV + Anivia + Sivir + Karma,True,5
Esports World Cup 2026/Online Qualifiers/Asia-Pacific_Round 2_1_1,red,GAM Esports,Anivia + Jarvan IV + Yorick + Karma + Sivir,Jayce + Lee Sin + Ryze + Jhin + Pyke,True,5
Esports World Cup 2026/Online Qualifiers/Asia-Pacific_Round 2_2_1,blue,Fukuoka SoftBank HAWKS gaming,Rumble + Lee Sin + Aurora + Alistar + Kai'Sa,K'Sante + Jarvan IV + Ryze + Yunara + Poppy,True,5
Esports World Cup 2026/Online Qualifiers/Asia-Pacific_Round 2_2_1,red,CTBC Flying Oyster,K'Sante + Jarvan IV + Ryze + Yunara + Poppy,Rumble + Lee Sin + Aurora + Kai'Sa + Alistar,True,5
LPL/2026 Season/Split 2_Week 6_3_1,blue,Team WE,Orianna + Nocturne + Sion + Yunara + Nami,Rumble + Jarvan IV + Akali + Corki + Rakan,True,5
LPL/2026 Season/Split 2_Week 6_3_1,red,Weibo Gaming,Rumble + Jarvan IV + Akali + Corki + Rakan,Sion + Nocturne + Orianna + Yunara + Nami,True,5
Esports World Cup 2026/Online Qualifiers/Asia-Pacific_Round 2_2_2,blue,Fukuoka SoftBank HAWKS gaming,Ashe + Xin Zhao + Seraphine + Renekton + Ahri,Zaahen + Skarner + Taliyah + Zeri + Yuumi,True,5
Esports World Cup 2026/Online Qualifiers/Asia-Pacific_Round 2_2_2,red,CTBC Flying Oyster,Zeri + Yuumi + Skarner + Taliyah + Zaahen,Renekton + Xin Zhao + Ahri + Ashe + Seraphine,True,5
LPL/2026 Season/Split 2_Week 6_3_2,blue,Team WE,Ezreal + Pantheon + Annie + Neeko + Renekton,K'Sante + Lee Sin + Ryze + Caitlyn + Bard,True,5
LPL/2026 Season/Split 2_Week 6_3_2,red,Weibo Gaming,Bard + Ryze + Lee Sin + Caitlyn + K'Sante,Renekton + Pantheon + Annie + Ezreal + Neeko,True,5
Esports World Cup 2026/Online Qualifiers/Asia-Pacific_Round 2_1_2,blue,Team Secret (Vietnamese Team),Ezreal + Nautilus + Akali + Trundle + Jax,Jax + Trundle + Akali + Ezreal + Nautilus,False,5
Esports World Cup 2026/Online Qualifiers/Asia-Pacific_Round 2_1_2,red,GAM Esports,Lucian + Orianna + Xin Zhao + Leona + Gnar,Gnar + Xin Zhao + Orianna + Lucian + Leona,False,5
LCK/2026 Season/Rounds 1-2_Week 6_4_1,blue,BNK FEARX,Nocturne + Neeko + Jhin + Gnar + Ryze,Renekton + Pantheon + Anivia + Ezreal + Bard,True,5
LCK/2026 Season/Rounds 1-2_Week 6_4_1,red,HANJIN BRION,Bard + Ezreal + Pantheon + Renekton + Anivia,Gnar + Nocturne + Ryze + Jhin + Neeko,True,5
Esports World Cup 2026/Online Qualifiers/Asia-Pacific_Round 2_2_3,blue,CTBC Flying Oyster,Orianna + Lucian + Milio + Sion + Malphite,Varus + Wukong + Akali + Miss Fortune + Rell,True,5
Esports World Cup 2026/Online Qualifiers/Asia-Pacific_Round 2_2_3,red,Fukuoka SoftBank HAWKS gaming,Akali + Varus + Wukong + Rell + Miss Fortune,Sion + Malphite + Orianna + Lucian + Milio,True,5
LCK/2026 Season/Rounds 1-2_Week 6_4_2,blue,HANJIN BRION,Lucian + Trundle + Milio + Aurora + Zaahen,Zaahen + Trundle + Aurora + Lucian + Milio,False,5
LCK/2026 Season/Rounds 1-2_Week 6_4_2,red,BNK FEARX,Ashe + Seraphine + Vi + Ambessa + Ahri,Ambessa + Vi + Ahri + Ashe + Seraphine,False,5
LPL/2026 Season/Split 2_Week 6_3_3,blue,Team WE,Karma + Jhin + Cassiopeia + Trundle + Vayne,Jayce + Naafiri + Mel + Lucian + Milio,True,5
LPL/2026 Season/Split 2_Week 6_3_3,red,Weibo Gaming,Lucian + Milio + Jayce + Mel + Naafiri,Vayne + Trundle + Cassiopeia + Jhin + Karma,True,5
LPL/2026 Season/Split 2_Week 6_4_1,blue,Anyone's Legend,Annie + Nocturne + Sion + Corki + Nami,Rumble + Skarner + Azir + Jhin + Bard,True,5
LPL/2026 Season/Split 2_Week 6_4_1,red,Ninjas in Pyjamas.CN,Jhin + Rumble + Bard + Azir + Skarner,Sion + Nocturne + Annie + Corki + Nami,True,5
Hellenic Legends League/2026 Season/Spring Split_Week 6_5_1,blue,Team Phantasma,Nocturne + Rumble + Ahri + Corki + Nami,Rumble + Nocturne + Ahri + Corki + Nami,False,5
Hellenic Legends League/2026 Season/Spring Split_Week 6_5_1,red,WLGaming Esports,Pantheon + Ezreal + Sion + Zoe + Neeko,Sion + Pantheon + Zoe + Ezreal + Neeko,False,5
LPL/2026 Season/Split 2_Week 6_4_2,blue,Ninjas in Pyjamas.CN,Milio + Pantheon + Sivir + Mel + Gnar,Jayce + Lee Sin + Twisted Fate + Lucian + Nautilus,True,5
LPL/2026 Season/Split 2_Week 6_4_2,red,Anyone's Legend,Lucian + Nautilus + Lee Sin + Twisted Fate + Jayce,Gnar + Pantheon + Mel + Sivir + Milio,True,5
Hellenic Legends League/2026 Season/Spring Split_Week 6_5_2,blue,WLGaming Esports,Ryze + Lulu + Yunara + Xin Zhao + Kennen,Kennen + Xin Zhao + Ryze + Yunara + Lulu,False,5
Hellenic Legends League/2026 Season/Spring Split_Week 6_5_2,red,Team Phantasma,Bard + Caitlyn + Anivia + Varus + Dr. Mundo,Varus + Dr. Mundo + Anivia + Caitlyn + Bard,False,5
TCL/2026 Season/Spring Split_Week 5_5_1,blue,Misa Esports,Orianna + Xin Zhao + Sion + Ezreal + Bard,Sion + Xin Zhao + Orianna + Ezreal + Bard,False,5
TCL/2026 Season/Spring Split_Week 5_5_1,red,Dark Passage,Pantheon + Ahri + Garen + Jhin + Pyke,Garen + Pantheon + Ahri + Jhin + Pyke,False,5
Prime League 1st Division/2026 Season/Spring Split_Week 6_5_1,blue,Eintracht Frankfurt,Orianna + Kai'Sa + Neeko + Wukong + Jayce,Jayce + Wukong + Orianna + Kai'Sa + Neeko,False,5
Prime League 1st Division/2026 Season/Spring Split_Week 6_5_1,red,Eintracht Spandau,Azir + Ezreal + Nami + Aatrox + Sion,Sion + Aatrox + Azir + Ezreal + Nami,False,5
LES/2026 Season/Spring Split_Week 5_3_1,blue,UB Alma Mater,Rumble + Jarvan IV + Bard + Xayah + Aurora,Rumble + Jarvan IV + Aurora + Xayah + Bard,False,5
LES/2026 Season/Spring Split_Week 5_3_1,red,UCAM Esports,Ambessa + Pantheon + Ezreal + Nautilus + LeBlanc,Ambessa + Pantheon + LeBlanc + Ezreal + Nautilus,False,5
TCL/2026 Season/Spring Split_Week 5_5_2,blue,Misa Esports,Nocturne + Rumble + Akali + Lucian + Milio,Rumble + Nocturne + Akali + Lucian + Milio,False,5
TCL/2026 Season/Spring Split_Week 5_5_2,red,Dark Passage,Dr. Mundo + Azir + Xayah + Tahm Kench + Soraka,Tahm Kench + Dr. Mundo + Azir + Xayah + Soraka,False,5
Rift Legends/2026 Season/Spring Split_Week 5_5_1,blue,Bomba Team,Xin Zhao + Ezreal + Ahri + Leona + Jayce,Jayce + Xin Zhao + Ahri + Ezreal + Leona,False,5
Rift Legends/2026 Season/Spring Split_Week 5_5_1,red,GLORE,Wukong + Aurora + Nami + Brand + K'Sante,K'Sante + Wukong + Aurora + Brand + Nami,False,5
Hellenic Legends League/2026 Season/Spring Split_Week 6_6_1,blue,Spartans EU,Caitlyn + Nautilus + Ryze + Sion + Vi,Sion + Vi + Ryze + Caitlyn + Nautilus,False,5
Hellenic Legends League/2026 Season/Spring Split_Week 6_6_1,red,Gamespace Mediterranean College Esports,Ezreal + Karma + Hwei + Xin Zhao + Gwen,Gwen + Xin Zhao + Hwei + Ezreal + Karma,False,5
LES/2026 Season/Spring Split_Week 5_3_2,blue,UB Alma Mater,Sion + Aatrox + Ryze + Ziggs + Maokai,Sion + Aatrox + Ryze + Ziggs + Maokai,False,5
LES/2026 Season/Spring Split_Week 5_3_2,red,UCAM Esports,Jayce + Xin Zhao + Anivia + Kalista + Leona,Jayce + Xin Zhao + Anivia + Kalista + Leona,False,5
Prime League 1st Division/2026 Season/Spring Split_Week 6_5_2,blue,Eintracht Spandau,Lucian + Skarner + Milio + Rumble + Anivia,Rumble + Skarner + Anivia + Lucian + Milio,False,5
Prime League 1st Division/2026 Season/Spring Split_Week 6_5_2,red,Eintracht Frankfurt,Pantheon + Yunara + Lulu + Annie + Gnar,Gnar + Pantheon + Annie + Yunara + Lulu,False,5
Esports Balkan League/2026 Season/Spring Playoffs_Round 1_3_1,blue,Washed Gaming,Seraphine + Wukong + Ashe + Renekton + Azir,Renekton + Wukong + Azir + Ashe + Seraphine,False,5
Esports Balkan League/2026 Season/Spring Playoffs_Round 1_3_1,red,Magaza Esports,Lucian + Xin Zhao + Milio + Mel + Ornn,Ornn + Xin Zhao + Mel + Lucian + Milio,False,5
LFL/2026 Season/Spring Playoffs_Round 1_3_1,blue,Galions,Jarvan IV + Ashe + Seraphine + Rumble + Viktor,Rumble + Jarvan IV + Viktor + Ashe + Seraphine,False,5
LFL/2026 Season/Spring Playoffs_Round 1_3_1,red,Vitality.Bee,Ezreal + Vi + Bard + Mel + Ambessa,Ambessa + Vi + Mel + Ezreal + Bard,False,5
LIT/2026 Season/Spring Playoffs_Semifinals_1_1,blue,HMBLE,Lee Sin + Lucian + Milio + Ryze + Gwen,Gwen + Lee Sin + Ryze + Lucian + Milio,False,5
LIT/2026 Season/Spring Playoffs_Semifinals_1_1,red,Colossal Gaming,Jarvan IV + Corki + Nami + K'Sante + LeBlanc,K'Sante + Jarvan IV + LeBlanc + Corki + Nami,False,5
Rift Legends/2026 Season/Spring Split_Week 5_5_2,blue,Bomba Team,Ryze + Jarvan IV + Bard + Yasuo + Smolder,Ryze + Jarvan IV + Yasuo + Smolder + Bard,False,5
Rift Legends/2026 Season/Spring Split_Week 5_5_2,red,GLORE,Ashe + Hwei + Graves + Rakan + Viktor,Viktor + Graves + Hwei + Ashe + Rakan,False,5
Hellenic Legends League/2026 Season/Spring Split_Week 6_6_2,blue,Gamespace Mediterranean College Esports,Rumble + Lucian + Dr. Mundo + Yuumi + Zed,Rumble + Dr. Mundo + Zed + Lucian + Yuumi,False,5
Hellenic Legends League/2026 Season/Spring Split_Week 6_6_2,red,Spartans EU,Corki + Pantheon + Ornn + Nami + Viktor,Ornn + Pantheon + Viktor + Corki + Nami,False,5
TCL/2026 Season/Spring Split_Week 5_6_1,blue,Bushido Wildcats,Karma + Rumble + Caitlyn + Nocturne + Aurora,Rumble + Nocturne + Aurora + Caitlyn + Karma,False,5
TCL/2026 Season/Spring Split_Week 5_6_1,red,PCIFIC Esports,Nautilus + Jarvan IV + Jhin + Anivia + Akali,Anivia + Jarvan IV + Akali + Jhin + Nautilus,False,5
Esports Balkan League/2026 Season/Spring Playoffs_Round 1_3_2,blue,Magaza Esports,Ambessa + Shaco + Ezreal + Ryze + Jarvan IV,Ambessa + Jarvan IV + Ryze + Ezreal + Shaco,False,5
Esports Balkan League/2026 Season/Spring Playoffs_Round 1_3_2,red,Washed Gaming,Lulu + Yunara + K'Sante + Vi + Syndra,K'Sante + Vi + Syndra + Yunara + Lulu,False,5
LFL/2026 Season/Spring Playoffs_Round 1_3_2,blue,Galions,Yunara + Lulu + Nocturne + Ryze + Renekton,Renekton + Nocturne + Ryze + Yunara + Lulu,False,5
LFL/2026 Season/Spring Playoffs_Round 1_3_2,red,Vitality.Bee,Caitlyn + Anivia + Ahri + Naafiri + Fiora,Fiora + Naafiri + Ahri + Caitlyn + Anivia,False,5
LES/2026 Season/Spring Split_Week 5_4_1,blue,Team Heretics Academy,Gnar + Nocturne + Ahri + Caitlyn + Bard,Gnar + Nocturne + Ahri + Caitlyn + Bard,False,5
LES/2026 Season/Spring Split_Week 5_4_1,red,Movistar KOI Fénix,Ambessa + Pantheon + Aurora + Jhin + Neeko,Ambessa + Pantheon + Aurora + Jhin + Neeko,False,5
LIT/2026 Season/Spring Playoffs_Semifinals_1_2,blue,HMBLE,Ezreal + Nocturne + Neeko + Vayne + Twisted Fate,Vayne + Nocturne + Twisted Fate + Ezreal + Neeko,False,5
LIT/2026 Season/Spring Playoffs_Semifinals_1_2,red,Colossal Gaming,Smolder + Karma + Ahri + Gnar + Kayn,Gnar + Kayn + Ahri + Smolder + Karma,False,5
Prime League 1st Division/2026 Season/Spring Split_Week 6_6_1,blue,Berlin International Gaming,Jarvan IV + Lucian + Milio + Rumble + Yone,Rumble + Jarvan IV + Yone + Lucian + Milio,False,5
Prime League 1st Division/2026 Season/Spring Split_Week 6_6_1,red,Kaufland Hangry Knights,Ezreal + Bard + Naafiri + Azir + Ornn,Ornn + Naafiri + Azir + Ezreal + Bard,False,5
Road Of Legends/2026 Season/Spring Split_Week 6_3_1,blue,Senshi eSports (Benelux Team),Rumble + Xin Zhao + Viktor + Lucian + Milio,Rumble + Xin Zhao + Viktor + Lucian + Milio,False,5
Road Of Legends/2026 Season/Spring Split_Week 6_3_1,red,Once Upon A Team,Jarvan IV + K'Sante + Zoe + Ashe + Seraphine,K'Sante + Jarvan IV + Zoe + Ashe + Seraphine,False,5
TCL/2026 Season/Spring Split_Week 5_6_2,blue,PCIFIC Esports,Lulu + Aatrox + Yunara + K'Sante + Azir,K'Sante + Aatrox + Azir + Yunara + Lulu,False,5
TCL/2026 Season/Spring Split_Week 5_6_2,red,Bushido Wildcats,Xin Zhao + Ahri + Sion + Neeko + Kai'Sa,Sion + Xin Zhao + Ahri + Kai'Sa + Neeko,False,5
Rift Legends/2026 Season/Spring Split_Week 5_6_1,blue,LODIS (Polish Team),Orianna + Lucian + Milio + Sion + Naafiri,Sion + Naafiri + Orianna + Lucian + Milio,False,5
Rift Legends/2026 Season/Spring Split_Week 5_6_1,red,Anonymo Esports,Caitlyn + Jarvan IV + Karma + Galio + Gnar,Gnar + Jarvan IV + Galio + Caitlyn + Karma,False,5
LIT/2026 Season/Spring Playoffs_Semifinals_1_3,blue,HMBLE,Jayce + Kalista + Renata Glasc + Poppy + Cassiopeia,Jayce + Poppy + Cassiopeia + Kalista + Renata Glasc,False,5
LIT/2026 Season/Spring Playoffs_Semifinals_1_3,red,Colossal Gaming,Kai'Sa + Zaahen + Rell + Aurora + Yorick,Yorick + Zaahen + Aurora + Kai'Sa + Rell,False,5
Esports Balkan League/2026 Season/Spring Playoffs_Round 1_4_1,blue,The Secret Club,Ryze + Pantheon + Bard + Jhin + Rumble,Rumble + Pantheon + Ryze + Jhin + Bard,False,5
Esports Balkan League/2026 Season/Spring Playoffs_Round 1_4_1,red,Team Spawn Peek,Syndra + Xin Zhao + Nami + Corki + Ornn,Ornn + Xin Zhao + Syndra + Corki + Nami,False,5
LES/2026 Season/Spring Split_Week 5_4_2,blue,Movistar KOI Fénix,Ashe + Xin Zhao + Seraphine + Yorick + Azir,Yorick + Xin Zhao + Azir + Ashe + Seraphine,False,5
LES/2026 Season/Spring Split_Week 5_4_2,red,Team Heretics Academy,Ezreal + Jayce + Anivia + Mel + Shen,Shen + Jayce + Mel + Ezreal + Anivia,False,5
LFL/2026 Season/Spring Playoffs_Round 1_4_1,blue,ZYB Esport,Karma + Vayne + Jax + Azir + Gnar,Gnar + Jax + Azir + Vayne + Karma,False,5
LFL/2026 Season/Spring Playoffs_Round 1_4_1,red,Solary,Ezreal + Xin Zhao + Nami + Anivia + Taliyah,Anivia + Xin Zhao + Taliyah + Ezreal + Nami,False,5
Prime League 1st Division/2026 Season/Spring Split_Week 6_6_2,blue,Berlin International Gaming,Seraphine + Ashe + Cassiopeia + Sion + Qiyana,Cassiopeia + Qiyana + Sion + Ashe + Seraphine,False,5
Prime League 1st Division/2026 Season/Spring Split_Week 6_6_2,red,Kaufland Hangry Knights,Xin Zhao + Lulu + Yunara + Viktor + Yorick,Yorick + Xin Zhao + Viktor + Yunara + Lulu,False,5
Road Of Legends/2026 Season/Spring Split_Week 6_4_1,blue,Frites Esports Club,Jarvan IV + Rumble + Aurora + Xayah + Rakan,Rumble + Jarvan IV + Aurora + Xayah + Rakan,False,5
Road Of Legends/2026 Season/Spring Split_Week 6_4_1,red,Myth Esports,Yunara + Vi + Sion + Ahri + Lulu,Sion + Vi + Ahri + Yunara + Lulu,False,5
LPLOL/2026 Season/Spring Split_Week 2_1_1,blue,Dream Esports,Ambessa + Smolder + Karma + Dr. Mundo + Ahri,Dr. Mundo + Ambessa + Ahri + Smolder + Karma,False,5
LPLOL/2026 Season/Spring Split_Week 2_1_1,red,Ronaldo Team,Vi + Kalista + Renata Glasc + Sion + Taliyah,Sion + Vi + Taliyah + Kalista + Renata Glasc,False,5
Road Of Legends/2026 Season/Spring Split_Week 6_3_2,blue,Once Upon A Team,Orianna + Naafiri + Jayce + Alistar + Smolder,Jayce + Naafiri + Orianna + Smolder + Alistar,False,5
Road Of Legends/2026 Season/Spring Split_Week 6_3_2,red,Senshi eSports (Benelux Team),Ambessa + LeBlanc + Irelia + Kai'Sa + Bard,Irelia + Ambessa + LeBlanc + Kai'Sa + Bard,False,5
TCL/2026 Season/Spring Split_Week 5_6_3,blue,Bushido Wildcats,Nami + Viktor + Corki + Wukong + Kennen,Kennen + Wukong + Viktor + Corki + Nami,False,5
TCL/2026 Season/Spring Split_Week 5_6_3,red,PCIFIC Esports,Lucian + Ryze + Milio + Vi + Yone,Ryze + Vi + Yone + Lucian + Milio,False,5
Rift Legends/2026 Season/Spring Split_Week 5_6_2,blue,Anonymo Esports,Ryze + Ashe + Neeko + Nocturne + Rumble,Rumble + Nocturne + Ryze + Ashe + Neeko,False,5
Rift Legends/2026 Season/Spring Split_Week 5_6_2,red,LODIS (Polish Team),Seraphine + Anivia + Senna + Skarner + Swain,Swain + Skarner + Anivia + Senna + Seraphine,False,5
Esports Balkan League/2026 Season/Spring Playoffs_Round 1_4_2,blue,The Secret Club,Seraphine + Pyke + Jayce + Anivia + Sion,Sion + Jayce + Anivia + Seraphine + Pyke,False,5
Esports Balkan League/2026 Season/Spring Playoffs_Round 1_4_2,red,Team Spawn Peek,Ashe + Karma + Wukong + Annie + Ambessa,Ambessa + Wukong + Annie + Ashe + Karma,False,5
LFL/2026 Season/Spring Playoffs_Round 1_4_2,blue,ZYB Esport,Pantheon + Cassiopeia + Sion + Jinx + Thresh,Sion + Pantheon + Cassiopeia + Jinx + Thresh,False,5
LFL/2026 Season/Spring Playoffs_Round 1_4_2,red,Solary,Ryze + Skarner + Zaahen + Bard + Aphelios,Zaahen + Skarner + Ryze + Aphelios + Bard,False,5
Road Of Legends/2026 Season/Spring Split_Week 6_4_2,blue,Frites Esports Club,Lucian + Milio + Anivia + Akali + Skarner,Anivia + Skarner + Akali + Lucian + Milio,False,5
Road Of Legends/2026 Season/Spring Split_Week 6_4_2,red,Myth Esports,Rell + Xin Zhao + Kai'Sa + Viktor + Sett,Sett + Xin Zhao + Viktor + Kai'Sa + Rell,False,5
LPLOL/2026 Season/Spring Split_Week 2_2_1,blue,Crusaders,Orianna + Naafiri + Nautilus + Ezreal + Ambessa,Ambessa + Naafiri + Orianna + Ezreal + Nautilus,False,5
LPLOL/2026 Season/Spring Split_Week 2_2_1,red,GTZ Esports,Jarvan IV + Viktor + Braum + Varus + Ornn,Ornn + Jarvan IV + Viktor + Varus + Braum,False,5
North American Challengers League/2026 Season/Spring Season_Week 7_3_1,blue,Blue Otter,Pantheon + Aurora + Nautilus + Jhin + Rumble,Rumble + Pantheon + Aurora + Jhin + Nautilus,False,5
North American Challengers League/2026 Season/Spring Season_Week 7_3_1,red,Conviction,Seraphine + Ashe + Xin Zhao + Twisted Fate + K'Sante,K'Sante + Xin Zhao + Twisted Fate + Ashe + Seraphine,False,5
LPLOL/2026 Season/Spring Split_Week 2_3_1,blue,Otter Side,Karma + Rumble + Sivir + Pantheon + Ahri,Rumble + Pantheon + Ahri + Sivir + Karma,False,5
LPLOL/2026 Season/Spring Split_Week 2_3_1,red,Francesinhas,Ezreal + Orianna + Sion + Lee Sin + Nami,Sion + Lee Sin + Orianna + Ezreal + Nami,False,5
North American Challengers League/2026 Season/Spring Season_Week 7_3_2,blue,Blue Otter,Jarvan IV + Ahri + Sion + Xayah + Rakan,Sion + Jarvan IV + Ahri + Xayah + Rakan,False,5
North American Challengers League/2026 Season/Spring Season_Week 7_3_2,red,Conviction,Vi + Lucian + Nami + Aatrox + Lissandra,Aatrox + Vi + Lissandra + Lucian + Nami,False,5
LPLOL/2026 Season/Spring Split_Week 2_4_1,blue,Bubliki,Xin Zhao + Nami + Corki + Hwei + Ornn,Ornn + Xin Zhao + Hwei + Corki + Nami,False,5
LPLOL/2026 Season/Spring Split_Week 2_4_1,red,ZeroZone Gaming,Lee Sin + Karma + Aurora + Jhin + Zed,Aurora + Lee Sin + Zed + Jhin + Karma,False,5
North American Challengers League/2026 Season/Spring Season_Week 7_3_3,blue,Conviction,Karma + Jayce + Smolder + Trundle + Syndra,Jayce + Trundle + Syndra + Smolder + Karma,False,5
North American Challengers League/2026 Season/Spring Season_Week 7_3_3,red,Blue Otter,Ezreal + Wukong + Yorick + Leona + Zoe,Yorick + Wukong + Zoe + Ezreal + Leona,False,5
North American Challengers League/2026 Season/Spring Season_Week 7_4_1,blue,CCG Esports,Karma + Xin Zhao + Lucian + Anivia + Sion,Sion + Xin Zhao + Anivia + Lucian + Karma,False,5
North American Challengers League/2026 Season/Spring Season_Week 7_4_1,red,NRG,Jarvan IV + Ashe + Seraphine + Ryze + Rek'Sai,Rek'Sai + Jarvan IV + Ryze + Ashe + Seraphine,False,5
North American Challengers League/2026 Season/Spring Season_Week 7_4_2,blue,CCG Esports,Pantheon + Neeko + Ezreal + Annie + Skarner,Skarner + Pantheon + Annie + Ezreal + Neeko,False,5
North American Challengers League/2026 Season/Spring Season_Week 7_4_2,red,NRG,Caitlyn + Naafiri + Rumble + Aurora + Morgana,Rumble + Naafiri + Aurora + Caitlyn + Morgana,False,5
North American Challengers League/2026 Season/Spring Season_Week 7_4_3,blue,NRG,Yunara + Nautilus + Jayce + K'Sante + Nidalee,Fiora + Wukong + Viktor + Senna + Leona,True,5
North American Challengers League/2026 Season/Spring Season_Week 7_4_3,red,CCG Esports,Senna + Wukong + Viktor + Leona + Fiora,K'Sante + Nidalee + Jayce + Yunara + Nautilus,True,5
LCK CL/2026 Season/Rounds 1-2_Week 6_9_1,blue,KT Rolster Challengers,Orianna + Ashe + Seraphine + K'Sante + Xin Zhao,Vayne + Vi + LeBlanc + Ezreal + Bard,True,5
LCK CL/2026 Season/Rounds 1-2_Week 6_9_1,red,Dplus Kia Challengers,Ezreal + Vi + Bard + LeBlanc + Vayne,K'Sante + Xin Zhao + Orianna + Ashe + Seraphine,True,5
LCK CL/2026 Season/Rounds 1-2_Week 6_10_1,blue,HANJIN BRION Challengers,Lulu + Yunara + Xin Zhao + Sion + Aurora,Gnar + Nocturne + Syndra + Ashe + Seraphine,True,5
LCK CL/2026 Season/Rounds 1-2_Week 6_10_1,red,DN SOOPers Challengers,Nocturne + Ashe + Seraphine + Gnar + Syndra,Sion + Xin Zhao + Aurora + Yunara + Lulu,True,5
LCK CL/2026 Season/Rounds 1-2_Week 6_9_2,blue,KT Rolster Challengers,Jarvan IV + Yunara + Nautilus + Sion + Akali,Sion + Jarvan IV + Akali + Yunara + Nautilus,False,5
LCK CL/2026 Season/Rounds 1-2_Week 6_9_2,red,Dplus Kia Challengers,Lucian + Milio + Ryze + Skarner + Zaahen,Zaahen + Skarner + Ryze + Lucian + Milio,False,5
LCK CL/2026 Season/Rounds 1-2_Week 6_10_2,blue,HANJIN BRION Challengers,Pantheon + Azir + Ezreal + Rell + Anivia,Irelia + Maokai + Jayce + Jhin + Bard,True,5
LCK CL/2026 Season/Rounds 1-2_Week 6_10_2,red,DN SOOPers Challengers,Bard + Jhin + Jayce + Maokai + Irelia,Anivia + Pantheon + Azir + Ezreal + Rell,True,5
LCK CL/2026 Season/Rounds 1-2_Week 6_10_3,blue,HANJIN BRION Challengers,Vi + Kai'Sa + Neeko + K'Sante + Akali,Ambessa + Wukong + Annie + Aphelios + Milio,True,5
LCK CL/2026 Season/Rounds 1-2_Week 6_10_3,red,DN SOOPers Challengers,Wukong + Annie + Ambessa + Aphelios + Milio,K'Sante + Vi + Akali + Kai'Sa + Neeko,True,5
LCK/2026 Season/Rounds 1-2_Week 6_5_1,blue,T1,Ashe + Xin Zhao + Seraphine + Jayce + Ahri,Jayce + Xin Zhao + Ahri + Ashe + Seraphine,False,5
LCK/2026 Season/Rounds 1-2_Week 6_5_1,red,DN SOOPers,Ziggs + Vi + Yone + Camille + K'Sante,K'Sante + Vi + Yone + Ziggs + Camille,False,5
LCK/2026 Season/Rounds 1-2_Week 6_5_2,blue,T1,Orianna + Jarvan IV + Neeko + Sivir + Renekton,Renekton + Jarvan IV + Orianna + Sivir + Neeko,False,5
LCK/2026 Season/Rounds 1-2_Week 6_5_2,red,DN SOOPers,Akali + Nocturne + Jhin + Rakan + Gnar,Gnar + Nocturne + Akali + Jhin + Rakan,False,5
LPL/2026 Season/Split 2_Week 6_5_1,blue,LNG Esports,Karma + Ezreal + Ryze + Jarvan IV + Yorick,Sion + Xin Zhao + Annie + Lucian + Milio,True,5
LPL/2026 Season/Split 2_Week 6_5_1,red,Ultra Prime,Xin Zhao + Lucian + Milio + Annie + Sion,Yorick + Jarvan IV + Ryze + Ezreal + Karma,True,5
LPL/2026 Season/Split 2_Week 6_5_2,blue,LNG Esports,Seraphine + Pantheon + Ashe + Aurora + Udyr,Vayne + Lee Sin + Cassiopeia + Jhin + Bard,True,5
LPL/2026 Season/Split 2_Week 6_5_2,red,Ultra Prime,Bard + Jhin + Cassiopeia + Lee Sin + Vayne,Udyr + Pantheon + Aurora + Ashe + Seraphine,True,5
LCK/2026 Season/Rounds 1-2_Week 6_6_1,blue,Gen.G,Karma + Jhin + Pantheon + Sion + Anivia,Sion + Pantheon + Anivia + Jhin + Karma,False,5
LCK/2026 Season/Rounds 1-2_Week 6_6_1,red,Kiwoom DRX,Ezreal + Jarvan IV + Ryze + Seraphine + Gnar,Gnar + Jarvan IV + Ryze + Ezreal + Seraphine,False,5
LPL/2026 Season/Split 2_Week 6_5_3,blue,LNG Esports,Nocturne + Zeri + Yuumi + Ahri + K'Sante,Gwen + Trundle + Yone + Yunara + Lulu,True,5
LPL/2026 Season/Split 2_Week 6_5_3,red,Ultra Prime,Yunara + Lulu + Yone + Trundle + Gwen,K'Sante + Nocturne + Ahri + Zeri + Yuumi,True,5
LCK/2026 Season/Rounds 1-2_Week 6_6_2,blue,Gen.G,Annie + Kog'Maw + Lulu + Shen + Naafiri,Shen + Naafiri + Annie + Kog'Maw + Lulu,False,5
LCK/2026 Season/Rounds 1-2_Week 6_6_2,red,Kiwoom DRX,Lucian + Milio + Xin Zhao + Renekton + Viktor,Renekton + Xin Zhao + Viktor + Lucian + Milio,False,5
LPL/2026 Season/Split 2_Week 6_6_1,blue,JD Gaming,Ezreal + Seraphine + Vi + Sion + Aurora,Ambessa + Jarvan IV + Ryze + Jhin + Karma,True,5
LPL/2026 Season/Split 2_Week 6_6_1,red,Bilibili Gaming,Karma + Jarvan IV + Jhin + Ryze + Ambessa,Sion + Vi + Aurora + Ezreal + Seraphine,True,5
LPL/2026 Season/Split 2_Week 6_6_2,blue,JD Gaming,Rumble + Caitlyn + Elise + Pantheon + Viktor,K'Sante + Skarner + Hwei + Miss Fortune + Bard,True,5
LPL/2026 Season/Split 2_Week 6_6_2,red,Bilibili Gaming,K'Sante + Bard + Miss Fortune + Skarner + Hwei,Rumble + Pantheon + Viktor + Caitlyn + Elise,True,5
LEC/2026 Season/Spring Season_Week 7_1_1,blue,G2 Esports,Karma + Pantheon + Azir + Jhin + Sion,Kled + Skarner + LeBlanc + Ezreal + Nami,True,5
LEC/2026 Season/Spring Season_Week 7_1_1,red,Karmine Corp,Ezreal + Nami + LeBlanc + Skarner + Kled,Sion + Pantheon + Azir + Jhin + Karma,True,5
LEC/2026 Season/Spring Season_Week 7_1_2,blue,G2 Esports,Ashe + Seraphine + Ryze + Xin Zhao + Aurora,Gnar + Olaf + Annie + Caitlyn + Bard,True,5
LEC/2026 Season/Spring Season_Week 7_1_2,red,Karmine Corp,Caitlyn + Bard + Annie + Gnar + Olaf,Aurora + Xin Zhao + Ryze + Ashe + Seraphine,True,5
Arabian League/2026 Season/Spring Split_Last Chance_1_1,blue,Baam Esports,Karma + Wukong + Varus + Galio + Jhin,Varus + Wukong + Galio + Jhin + Karma,False,5
Arabian League/2026 Season/Spring Split_Last Chance_1_1,red,3BL Esports,Yunara + Xin Zhao + Nami + Viktor + Malphite,Malphite + Xin Zhao + Viktor + Yunara + Nami,False,5
LIT/2026 Season/Spring Playoffs_Round 4_1_1,blue,GMBLERS Esports,Ezreal + Xin Zhao + Nautilus + Aurora + Renekton,Renekton + Xin Zhao + Aurora + Ezreal + Nautilus,False,5
LIT/2026 Season/Spring Playoffs_Round 4_1_1,red,Zena Esports,Nocturne + Ashe + Seraphine + Gwen + Galio,Gwen + Nocturne + Galio + Ashe + Seraphine,False,5
LEC/2026 Season/Spring Season_Week 7_2_1,blue,Movistar KOI,Vi + Ezreal + Karma + Rumble + Viktor,Rumble + Vi + Viktor + Ezreal + Karma,False,5
LEC/2026 Season/Spring Season_Week 7_2_1,red,GIANTX,Nocturne + Caitlyn + Nautilus + Akali + Sion,Sion + Nocturne + Akali + Caitlyn + Nautilus,False,5
LIT/2026 Season/Spring Playoffs_Round 4_1_2,blue,GMBLERS Esports,Yunara + Vi + Lulu + Rumble + Ryze,Rumble + Vi + Ryze + Yunara + Lulu,False,5
LIT/2026 Season/Spring Playoffs_Round 4_1_2,red,Zena Esports,Pantheon + Lucian + Milio + Aatrox + Viktor,Aatrox + Pantheon + Viktor + Lucian + Milio,False,5
Arabian League/2026 Season/Spring Split_Last Chance_1_2,blue,3BL Esports,Nocturne + Aurora + Neeko + Tristana + Sion,Sion + Nocturne + Aurora + Tristana + Neeko,False,5
Arabian League/2026 Season/Spring Split_Last Chance_1_2,red,Baam Esports,Jarvan IV + Corki + Ahri + Bard + K'Sante,K'Sante + Jarvan IV + Ahri + Corki + Bard,False,5
Benelux Ascend Series/2026 Season/Spring Split_Week 6_3_1,blue,ZennIT Academy,Orianna + Ezreal + Karma + Qiyana + Ornn,Ornn + Qiyana + Orianna + Ezreal + Karma,False,5
Benelux Ascend Series/2026 Season/Spring Split_Week 6_3_1,red,Mind Blue eSports,Ashe + Seraphine + LeBlanc + Pantheon + Dr. Mundo,Dr. Mundo + Pantheon + LeBlanc + Ashe + Seraphine,False,5
LEC/2026 Season/Spring Season_Week 7_2_2,blue,Movistar KOI,Jarvan IV + Kalista + Renata Glasc + Shen + Anivia,Shen + Jarvan IV + Anivia + Kalista + Renata Glasc,False,5
LEC/2026 Season/Spring Season_Week 7_2_2,red,GIANTX,Lucian + Milio + Skarner + Renekton + Azir,Renekton + Skarner + Azir + Lucian + Milio,False,5
Arabian League/2026 Season/Spring Split_Last Chance_1_3,blue,Baam Esports,Pantheon + Ashe + Seraphine + Aatrox + Ryze,Aatrox + Pantheon + Ryze + Ashe + Seraphine,False,5
Arabian League/2026 Season/Spring Split_Last Chance_1_3,red,3BL Esports,Skarner + Caitlyn + Nautilus + Gnar + Hwei,Gnar + Skarner + Hwei + Caitlyn + Nautilus,False,5
Benelux Ascend Series/2026 Season/Spring Split_Week 6_4_1,blue,Soul's Heart Esport,Caitlyn + Milio + Jarvan IV + Galio + Gnar,Gnar + Jarvan IV + Galio + Caitlyn + Milio,False,5
Benelux Ascend Series/2026 Season/Spring Split_Week 6_4_1,red,RED OUAT,Pantheon + Ashe + Neeko + Ahri + Malphite,Malphite + Pantheon + Ahri + Ashe + Neeko,False,5
LIT/2026 Season/Spring Playoffs_Round 4_1_3,blue,Zena Esports,Wukong + Bard + Sivir + Akali + Ambessa,Ambessa + Wukong + Akali + Sivir + Bard,False,5
LIT/2026 Season/Spring Playoffs_Round 4_1_3,red,GMBLERS Esports,Varus + Jarvan IV + Rell + Malzahar + K'Sante,K'Sante + Jarvan IV + Malzahar + Varus + Rell,False,5
Arabian League 2nd Division/2026 Season/Spring Split_Week 5_2_1,blue,NextGeneration Esports,Xin Zhao + Braum + Varus + Kennen + Syndra,Kennen + Xin Zhao + Syndra + Varus + Braum,False,5
Arabian League 2nd Division/2026 Season/Spring Split_Week 5_2_1,red,Lunaris Esports (MENA Team),Wukong + Nautilus + Vladimir + Twisted Fate + Jayce,Jayce + Wukong + Twisted Fate + Vladimir + Nautilus,False,5
Benelux Ascend Series/2026 Season/Spring Split_Week 6_3_2,blue,ZennIT Academy,Rumble + Nautilus + Jhin + Yone + Kha'Zix,Rumble + Kha'Zix + Yone + Jhin + Nautilus,False,5
Benelux Ascend Series/2026 Season/Spring Split_Week 6_3_2,red,Mind Blue eSports,Caitlyn + Bard + Jarvan IV + Anivia + Cassiopeia,Anivia + Jarvan IV + Cassiopeia + Caitlyn + Bard,False,5
Arabian League 2nd Division/2026 Season/Spring Split_Week 5_2_2,blue,Lunaris Esports (MENA Team),Rumble + Shen + Rakan + Xayah + LeBlanc,Rumble + Shen + LeBlanc + Xayah + Rakan,False,5
Arabian League 2nd Division/2026 Season/Spring Split_Week 5_2_2,red,NextGeneration Esports,Ornn + Vi + Lulu + Kog'Maw + Ahri,Ornn + Vi + Ahri + Kog'Maw + Lulu,False,5
Arabian League/2026 Season/Spring Split_Last Chance_1_4,blue,Baam Esports,Lulu + Rumble + Vi + Annie + Xayah,Rumble + Vi + Annie + Xayah + Lulu,False,5
Arabian League/2026 Season/Spring Split_Last Chance_1_4,red,3BL Esports,Aphelios + Ambessa + Tahm Kench + Sejuani + Kassadin,Ambessa + Sejuani + Kassadin + Aphelios + Tahm Kench,False,5
Benelux Ascend Series/2026 Season/Spring Split_Week 6_4_2,blue,RED OUAT,Ambessa + Nautilus + Sivir + Nocturne + Taliyah,Ambessa + Nocturne + Taliyah + Sivir + Nautilus,False,5
Benelux Ascend Series/2026 Season/Spring Split_Week 6_4_2,red,Soul's Heart Esport,Zaahen + Seraphine + Naafiri + Kai'Sa + Alistar,Zaahen + Naafiri + Seraphine + Kai'Sa + Alistar,False,5
LIT/2026 Season/Spring Playoffs_Round 4_1_4,blue,GMBLERS Esports,Corki + Nami + Skarner + Anivia + Yorick,Yorick + Skarner + Anivia + Corki + Nami,False,5
LIT/2026 Season/Spring Playoffs_Round 4_1_4,red,Zena Esports,Karma + Jhin + Lee Sin + Ahri + Gnar,Gnar + Lee Sin + Ahri + Jhin + Karma,False,5
Arabian League/2026 Season/Spring Split_Last Chance_1_5,blue,3BL Esports,Jinx + Braum + Viego + Cassiopeia + Gragas,Gragas + Viego + Cassiopeia + Jinx + Braum,False,5
Arabian League/2026 Season/Spring Split_Last Chance_1_5,red,Baam Esports,Naafiri + Kai'Sa + Akali + Renata Glasc + Yorick,Yorick + Naafiri + Akali + Kai'Sa + Renata Glasc,False,5
LIT/2026 Season/Spring Playoffs_Round 4_1_5,blue,Zena Esports,Neeko + Dr. Mundo + Graves + Kai'Sa + Leona,Dr. Mundo + Graves + Neeko + Kai'Sa + Leona,False,5
LIT/2026 Season/Spring Playoffs_Round 4_1_5,red,GMBLERS Esports,Sion + Trundle + Syndra + Xayah + Alistar,Sion + Trundle + Syndra + Xayah + Alistar,False,5
North American Challengers League/2026 Season/Spring Season_Week 7_5_1,blue,Maryville University,Orianna + Xin Zhao + Jayce + Nautilus + Kai'Sa,K'Sante + Jarvan IV + Ryze + Ezreal + Bard,True,5
North American Challengers League/2026 Season/Spring Season_Week 7_5_1,red,Winthrop University,Bard + Ezreal + Jarvan IV + Ryze + K'Sante,Jayce + Xin Zhao + Orianna + Kai'Sa + Nautilus,True,5
North American Challengers League/2026 Season/Spring Season_Week 7_5_2,blue,Maryville University,Varus + Lee Sin + Annie + Jhin + Rakan,Naafiri + Pantheon + Mel + Corki + Nami,True,5
North American Challengers League/2026 Season/Spring Season_Week 7_5_2,red,Winthrop University,Pantheon + Nami + Corki + Mel + Naafiri,Varus + Lee Sin + Annie + Jhin + Rakan,True,5
North American Challengers League/2026 Season/Spring Season_Week 7_6_1,blue,Citadel Gaming,Ezreal + Skarner + Rumble + Ahri + Nami,Rumble + Skarner + Ahri + Ezreal + Nami,False,5
North American Challengers League/2026 Season/Spring Season_Week 7_6_1,red,Apex Mission Impossible,Bard + Pantheon + Yorick + Varus + Mel,Yorick + Pantheon + Mel + Varus + Bard,False,5
North American Challengers League/2026 Season/Spring Season_Week 7_6_2,blue,Citadel Gaming,Orianna + Trundle + Senna + Rakan + Jax,Gragas + Xin Zhao + Azir + Smolder + Karma,True,5
North American Challengers League/2026 Season/Spring Season_Week 7_6_2,red,Apex Mission Impossible,Xin Zhao + Karma + Smolder + Azir + Gragas,Jax + Trundle + Orianna + Senna + Rakan,True,5
LCK Academy Series/2026 Season/1st Championship Playoffs_Round 1_1_1,blue,Dplus Kia Youth,Nocturne + Ziggs + Aurora + Rell + Gnar,Gnar + Nocturne + Aurora + Ziggs + Rell,False,5
LCK Academy Series/2026 Season/1st Championship Playoffs_Round 1_1_1,red,KT Rolster Academy,Ashe + Seraphine + Xin Zhao + Ahri + Jayce,Jayce + Xin Zhao + Ahri + Ashe + Seraphine,False,5
LCK Academy Series/2026 Season/1st Championship Playoffs_Round 1_1_2,blue,KT Rolster Academy,Jarvan IV + Lucian + Nami + Renekton + Taliyah,Renekton + Jarvan IV + Taliyah + Lucian + Nami,False,5
LCK Academy Series/2026 Season/1st Championship Playoffs_Round 1_1_2,red,Dplus Kia Youth,Milio + Lee Sin + Aphelios + K'Sante + Twisted Fate,K'Sante + Lee Sin + Twisted Fate + Aphelios + Milio,False,5
LCK Academy Series/2026 Season/1st Championship Playoffs_Round 1_1_3,blue,KT Rolster Academy,Karma + Jhin + Annie + Sion + Qiyana,Sion + Qiyana + Annie + Jhin + Karma,False,5
LCK Academy Series/2026 Season/1st Championship Playoffs_Round 1_1_3,red,Dplus Kia Youth,Bard + Ambessa + Caitlyn + Vi + Vel'Koz,Ambessa + Vi + Vel'Koz + Caitlyn + Bard,False,5
LCK Academy Series/2026 Season/1st Championship Playoffs_Round 1_1_4,blue,KT Rolster Academy,Varus + Wukong + Rakan + Yunara + Galio,Varus + Wukong + Galio + Yunara + Rakan,False,5
LCK Academy Series/2026 Season/1st Championship Playoffs_Round 1_1_4,red,Dplus Kia Youth,Naafiri + Neeko + Azir + Yasuo + Gragas,Gragas + Naafiri + Azir + Yasuo + Neeko,False,5
LCK/2026 Season/Rounds 1-2_Week 6_7_1,blue,KT Rolster,Jarvan IV + Mel + Skarner + Olaf + Aurora,Jayce + Xin Zhao + Taliyah + Ashe + Seraphine,True,5
LCK/2026 Season/Rounds 1-2_Week 6_7_1,red,BNK FEARX,Ashe + Seraphine + Xin Zhao + Jayce + Taliyah,Olaf + Jarvan IV + Aurora + Mel + Skarner,True,5
LCK Academy Series/2026 Season/1st Championship Playoffs_Round 1_2_1,blue,DN SOOPers Academy,Rumble + Vi + Ryze + Corki + Nami,Rumble + Vi + Ryze + Corki + Nami,False,5
LCK Academy Series/2026 Season/1st Championship Playoffs_Round 1_2_1,red,Gen.G Scholars,Nocturne + Lucian + Milio + Anivia + Sion,Sion + Nocturne + Anivia + Lucian + Milio,False,5
LCK/2026 Season/Rounds 1-2_Week 6_7_2,blue,KT Rolster,Vi + Yunara + Lulu + K'Sante + Ahri,K'Sante + Vi + Ahri + Yunara + Lulu,False,5
LCK/2026 Season/Rounds 1-2_Week 6_7_2,red,BNK FEARX,Bard + Renekton + Caitlyn + Wukong + Lissandra,Renekton + Wukong + Lissandra + Caitlyn + Bard,False,5
Hitpoint 2nd Division Challengers/2026 Season/Spring Split_Week 3_1_1,blue,KIA.eSuba Academy,Karma + Pantheon + Caitlyn + Taliyah + K'Sante,K'Sante + Pantheon + Taliyah + Caitlyn + Karma,False,5
Hitpoint 2nd Division Challengers/2026 Season/Spring Split_Week 3_1_1,red,CITA Kaizen Academy,Xin Zhao + Nami + Azir + Lucian + Cho'Gath,Cho'Gath + Xin Zhao + Azir + Lucian + Nami,False,5
LPL/2026 Season/Split 2_Week 6_7_1,blue,Invictus Gaming,Orianna + Vi + Sion + Jhin + Bard,Gwen + Nocturne + Akali + Sivir + Karma,True,5
LPL/2026 Season/Split 2_Week 6_7_1,red,Ninjas in Pyjamas.CN,Nocturne + Karma + Akali + Gwen + Sivir,Sion + Vi + Orianna + Jhin + Bard,True,5
LCP/2026 Season/Split 2_Week 6_1_1,blue,Ground Zero Gaming,Ashe + Xin Zhao + Seraphine + Ornn + Aurora,Rumble + Jarvan IV + Ryze + Varus + Rell,True,5
LCP/2026 Season/Split 2_Week 6_1_1,red,CTBC Flying Oyster,Rumble + Jarvan IV + Varus + Rell + Ryze,Ornn + Xin Zhao + Aurora + Ashe + Seraphine,True,5
LCK Academy Series/2026 Season/1st Championship Playoffs_Round 1_2_2,blue,Gen.G Scholars,Ezreal + Pyke + Naafiri + Gnar + Viktor,Gnar + Naafiri + Viktor + Ezreal + Pyke,False,5
LCK Academy Series/2026 Season/1st Championship Playoffs_Round 1_2_2,red,DN SOOPers Academy,Xin Zhao + Seraphine + Sivir + Aurora + Twisted Fate,Twisted Fate + Xin Zhao + Aurora + Sivir + Seraphine,False,5
Nexus League/2026 Season/Spring Split_Week 5_1_1,blue,Karmine Corp Blue Stars,Orianna + Xin Zhao + Braum + Ezreal + Aurora,Aurora + Xin Zhao + Orianna + Ezreal + Braum,False,5
Nexus League/2026 Season/Spring Split_Week 5_1_1,red,Project Conquerors,Viktor + Nautilus + Smolder + Kayn + Ambessa,Ambessa + Kayn + Viktor + Smolder + Nautilus,False,5
Hitpoint 2nd Division Challengers/2026 Season/Spring Split_Week 3_1_2,blue,KIA.eSuba Academy,Yunara + Nocturne + Ryze + Neeko + Sion,Sion + Nocturne + Ryze + Yunara + Neeko,False,5
Hitpoint 2nd Division Challengers/2026 Season/Spring Split_Week 3_1_2,red,CITA Kaizen Academy,Smolder + Seraphine + Wukong + Aurora + Zac,Zac + Wukong + Aurora + Smolder + Seraphine,False,5
LCP/2026 Season/Split 2_Week 6_1_2,blue,CTBC Flying Oyster,Vi + Leona + Kai'Sa + Annie + Sion,Sion + Vi + Annie + Kai'Sa + Leona,False,5
LCP/2026 Season/Split 2_Week 6_1_2,red,Ground Zero Gaming,Jayce + Ziggs + Shen + Skarner + Gwen,Gwen + Skarner + Jayce + Ziggs + Shen,False,5
LPL/2026 Season/Split 2_Week 6_7_2,blue,Ninjas in Pyjamas.CN,Ashe + Lulu + Xin Zhao + Renekton + Ryze,Gnar + Shyvana + Annie + Senna + Seraphine,True,5
LPL/2026 Season/Split 2_Week 6_7_2,red,Invictus Gaming,Seraphine + Annie + Senna + Shyvana + Gnar,Renekton + Xin Zhao + Ryze + Ashe + Lulu,True,5
Hellenic Challengers Cup/2026 Season/Spring Playoffs_Semifinals_1_1,blue,Zerolag Esports,Orianna + Ezreal + Karma + Olaf + Trundle,Olaf + Trundle + Orianna + Ezreal + Karma,False,5
Hellenic Challengers Cup/2026 Season/Spring Playoffs_Semifinals_1_1,red,The ParadOx Academy,Sion + Jarvan IV + Nautilus + Seraphine + Anivia,Sion + Jarvan IV + Anivia + Seraphine + Nautilus,False,5
LCK/2026 Season/Rounds 1-2_Week 6_8_1,blue,HANJIN BRION,Jarvan IV + Caitlyn + Bard + Ambessa + Annie,Rumble + Xin Zhao + Ryze + Lucian + Milio,True,5
LCK/2026 Season/Rounds 1-2_Week 6_8_1,red,Nongshim RedForce,Rumble + Lucian + Milio + Ryze + Xin Zhao,Ambessa + Jarvan IV + Annie + Caitlyn + Bard,True,5
Hellenic Challengers Cup/2026 Season/Spring Playoffs_Semifinals_2_1,blue,Paranormal Invaders,Taliyah + Sion + Jhin + Renekton + Nami,Renekton + Taliyah + Sion + Jhin + Nami,False,5
Hellenic Challengers Cup/2026 Season/Spring Playoffs_Semifinals_2_1,red,EKSI EPTA,Bard + Caitlyn + Ryze + Pantheon + K'Sante,K'Sante + Pantheon + Ryze + Caitlyn + Bard,False,5
LCK Academy Series/2026 Season/1st Championship Playoffs_Round 1_2_3,blue,Gen.G Scholars,Jarvan IV + Yunara + Lulu + Galio + Renekton,Renekton + Jarvan IV + Galio + Yunara + Lulu,False,5
LCK Academy Series/2026 Season/1st Championship Playoffs_Round 1_2_3,red,DN SOOPers Academy,Ahri + Lee Sin + Bard + Smolder + K'Sante,K'Sante + Lee Sin + Ahri + Smolder + Bard,False,5
Hellenic Challengers Cup/2026 Season/Spring Playoffs_Semifinals_1_2,blue,Zerolag Esports,Ryze + Pantheon + Kai'Sa + Thresh + Aatrox,Aatrox + Pantheon + Ryze + Kai'Sa + Thresh,False,5
Hellenic Challengers Cup/2026 Season/Spring Playoffs_Semifinals_1_2,red,The ParadOx Academy,Wukong + Akali + Xayah + Lulu + K'Sante,K'Sante + Wukong + Akali + Xayah + Lulu,False,5
LCK/2026 Season/Rounds 1-2_Week 6_8_2,blue,HANJIN BRION,Pantheon + Miss Fortune + Nautilus + Twisted Fate + Aurora,Twisted Fate + Pantheon + Aurora + Miss Fortune + Nautilus,False,5
LCK/2026 Season/Rounds 1-2_Week 6_8_2,red,Nongshim RedForce,Ashe + Seraphine + Skarner + Gnar + Taliyah,Gnar + Skarner + Taliyah + Ashe + Seraphine,False,5
Nexus League/2026 Season/Spring Split_Week 5_2_1,blue,Galions Sharks,Sion + Rumble + Gwen + Kai'Sa + Nautilus,Rumble + Gwen + Sion + Kai'Sa + Nautilus,False,5
Nexus League/2026 Season/Spring Split_Week 5_2_1,red,Crystal Rose (French Team),Aatrox + Xin Zhao + Viktor + Jhin + Alistar,Aatrox + Xin Zhao + Viktor + Jhin + Alistar,False,5
LPL/2026 Season/Split 2_Week 6_8_1,blue,Team WE,Ezreal + Ryze + Bard + Jayce + Lee Sin,Jayce + Lee Sin + Ryze + Ezreal + Bard,False,5
LPL/2026 Season/Split 2_Week 6_8_1,red,Top Esports,Jarvan IV + Karma + Annie + Jhin + K'Sante,K'Sante + Jarvan IV + Annie + Jhin + Karma,False,5
Hitpoint 2nd Division Challengers/2026 Season/Spring Split_Week 3_2_1,blue,Priority,Jayce + Ezreal + Bard + Sion + Jarvan IV,Sion + Jarvan IV + Jayce + Ezreal + Bard,False,5
Hitpoint 2nd Division Challengers/2026 Season/Spring Split_Week 3_2_1,red,EXILE esports Academy,Karma + Viktor + Xin Zhao + Varus + Cho'Gath,Cho'Gath + Xin Zhao + Viktor + Varus + Karma,False,5
LCP/2026 Season/Split 2_Week 6_2_1,blue,Team Secret Whales,Rumble + Jhin + Bard + Aurora + Pantheon,Rumble + Pantheon + Aurora + Jhin + Bard,False,5
LCP/2026 Season/Split 2_Week 6_2_1,red,MVK Esports,Ezreal + Karma + Naafiri + Ornn + Viktor,Ornn + Naafiri + Viktor + Ezreal + Karma,False,5
LCK Academy Series/2026 Season/1st Championship Playoffs_Round 1_2_4,blue,DN SOOPers Academy,Pantheon + Kai'Sa + Nautilus + Akali + Ambessa,Ambessa + Pantheon + Akali + Kai'Sa + Nautilus,False,5
LCK Academy Series/2026 Season/1st Championship Playoffs_Round 1_2_4,red,Gen.G Scholars,Jhin + Skarner + Leona + Brand + Vayne,Vayne + Skarner + Brand + Jhin + Leona,False,5
Hellenic Challengers Cup/2026 Season/Spring Playoffs_Semifinals_2_2,blue,EKSI EPTA,Karma + Ezreal + Xin Zhao + Anivia + Ornn,Ornn + Xin Zhao + Anivia + Ezreal + Karma,False,5
Hellenic Challengers Cup/2026 Season/Spring Playoffs_Semifinals_2_2,red,Paranormal Invaders,Yunara + Lulu + Dr. Mundo + Viktor + Aatrox,Aatrox + Dr. Mundo + Viktor + Yunara + Lulu,False,5
Hellenic Challengers Cup/2026 Season/Spring Playoffs_Semifinals_1_3,blue,Zerolag Esports,Varus + Annie + Yorick + Nami + Zac,Yorick + Zac + Annie + Varus + Nami,False,5
Hellenic Challengers Cup/2026 Season/Spring Playoffs_Semifinals_1_3,red,The ParadOx Academy,Udyr + Aphelios + Zed + Neeko + Rakan,Udyr + Neeko + Zed + Aphelios + Rakan,False,5
Hitpoint 2nd Division Challengers/2026 Season/Spring Split_Week 3_2_2,blue,EXILE esports Academy,Caitlyn + Mel + Neeko + Dr. Mundo + Rumble,Rumble + Dr. Mundo + Mel + Caitlyn + Neeko,False,5
Hitpoint 2nd Division Challengers/2026 Season/Spring Split_Week 3_2_2,red,Priority,Jhin + Ahri + Malphite + Skarner + Camille,Malphite + Skarner + Ahri + Jhin + Camille,False,5
Nexus League/2026 Season/Spring Split_Week 5_3_1,blue,Lausanne-Sport Esports,Karma + Jhin + Jayce + Gwen + Rek'Sai,Gwen + Rek'Sai + Jayce + Jhin + Karma,False,5
Nexus League/2026 Season/Spring Split_Week 5_3_1,red,Caldya Esport,Nocturne + Caitlyn + Bard + Yorick + Viktor,Yorick + Nocturne + Viktor + Caitlyn + Bard,False,5
LCP/2026 Season/Split 2_Week 6_2_2,blue,Team Secret Whales,Vi + Lucian + Milio + Cassiopeia + Gnar,Malphite + Trundle + Ahri + Varus + Nautilus,True,5
LCP/2026 Season/Split 2_Week 6_2_2,red,MVK Esports,Varus + Trundle + Nautilus + Ahri + Malphite,Gnar + Vi + Cassiopeia + Lucian + Milio,True,5
LPL/2026 Season/Split 2_Week 6_8_2,blue,Team WE,Pantheon + Lucian + Milio + Aatrox + LeBlanc,Aatrox + Pantheon + LeBlanc + Lucian + Milio,False,5
LPL/2026 Season/Split 2_Week 6_8_2,red,Top Esports,Xin Zhao + Aurora + Ambessa + Corki + Nami,Ambessa + Xin Zhao + Aurora + Corki + Nami,False,5
Hellenic Challengers Cup/2026 Season/Spring Playoffs_Semifinals_2_3,blue,Paranormal Invaders,Ashe + Seraphine + Lee Sin + LeBlanc + Olaf,Olaf + Lee Sin + LeBlanc + Ashe + Seraphine,False,5
Hellenic Challengers Cup/2026 Season/Spring Playoffs_Semifinals_2_3,red,EKSI EPTA,Jarvan IV + Varus + Aurelion Sol + Milio + Lucian,Varus + Jarvan IV + Aurelion Sol + Lucian + Milio,False,5
Hitpoint 2nd Division Challengers/2026 Season/Spring Split_Week 3_2_3,blue,EXILE esports Academy,Gnar + Zyra + Yone + Yunara + Lulu,Gnar + Zyra + Yone + Yunara + Lulu,False,5
Hitpoint 2nd Division Challengers/2026 Season/Spring Split_Week 3_2_3,red,Priority,Ornn + Wukong + Azir + Kai'Sa + Pantheon,Ornn + Wukong + Azir + Kai'Sa + Pantheon,False,5
Nexus League/2026 Season/Spring Split_Week 5_4_1,blue,Lille Esport,Xin Zhao + Ashe + Seraphine + K'Sante + Ryze,K'Sante + Xin Zhao + Ryze + Ashe + Seraphine,False,5
Nexus League/2026 Season/Spring Split_Week 5_4_1,red,Zephyr Esport,Jarvan IV + Corki + Nami + Syndra + Gnar,Gnar + Jarvan IV + Syndra + Corki + Nami,False,5
Hellenic Challengers Cup/2026 Season/Spring Playoffs_Semifinals_2_4,blue,EKSI EPTA,Syndra + Wukong + Smolder + Gnar + Tahm Kench,Gnar + Wukong + Syndra + Smolder + Tahm Kench,False,5
Hellenic Challengers Cup/2026 Season/Spring Playoffs_Semifinals_2_4,red,Paranormal Invaders,Nocturne + Ahri + Nautilus + Kai'Sa + Vayne,Vayne + Nocturne + Ahri + Kai'Sa + Nautilus,False,5
LEC/2026 Season/Spring Season_Week 7_3_1,blue,GIANTX,Rumble + Skarner + Ezreal + Nami + Yone,Rumble + Skarner + Yone + Ezreal + Nami,False,5
LEC/2026 Season/Spring Season_Week 7_3_1,red,G2 Esports,Ornn + Pantheon + Lulu + Sivir + Aurora,Ornn + Pantheon + Aurora + Sivir + Lulu,False,5
LEC/2026 Season/Spring Season_Week 7_3_2,blue,G2 Esports,Neeko + Wukong + Kai'Sa + Gnar + Galio,Gnar + Wukong + Galio + Kai'Sa + Neeko,False,5
LEC/2026 Season/Spring Season_Week 7_3_2,red,GIANTX,Bard + Jarvan IV + Xayah + LeBlanc + Renekton,Renekton + Jarvan IV + LeBlanc + Xayah + Bard,False,5
CBLOL/2026 Season/Split 1 Playoffs_Round 1_1_1,blue,LOUD,Rumble + Ashe + Seraphine + Zaahen + Orianna,K'Sante + Aatrox + Ryze + Caitlyn + Karma,True,5
CBLOL/2026 Season/Split 1 Playoffs_Round 1_1_1,red,Vivo Keyd Stars,Ryze + K'Sante + Aatrox + Caitlyn + Karma,Rumble + Zaahen + Orianna + Ashe + Seraphine,True,5
LEC/2026 Season/Spring Season_Week 7_4_1,blue,Karmine Corp,Pantheon + Ashe + Seraphine + Jayce + Taliyah,Jayce + Pantheon + Taliyah + Ashe + Seraphine,False,5
LEC/2026 Season/Spring Season_Week 7_4_1,red,Movistar KOI,Azir + Bard + Caitlyn + Skarner + Shyvana,Shyvana + Skarner + Azir + Caitlyn + Bard,False,5
CBLOL/2026 Season/Split 1 Playoffs_Round 1_1_2,blue,LOUD,Jarvan IV + Galio + Jayce + Xayah + Rakan,Sion + Vi + Ahri + Kalista + Renata Glasc,True,5
CBLOL/2026 Season/Split 1 Playoffs_Round 1_1_2,red,Vivo Keyd Stars,Vi + Ahri + Sion + Kalista + Renata Glasc,Jayce + Jarvan IV + Galio + Xayah + Rakan,True,5
LEC/2026 Season/Spring Season_Week 7_4_2,blue,Karmine Corp,Orianna + Corki + Nami + Wukong + Renekton,Renekton + Wukong + Orianna + Corki + Nami,False,5
LEC/2026 Season/Spring Season_Week 7_4_2,red,Movistar KOI,Rumble + Vi + Akali + Kai'Sa + Neeko,Rumble + Vi + Akali + Kai'Sa + Neeko,False,5
CBLOL/2026 Season/Split 1 Playoffs_Round 1_1_3,blue,LOUD,Lucian + Nami + Yorick + Poppy + Viktor,Gnar + Trundle + LeBlanc + Draven + Milio,True,5
CBLOL/2026 Season/Split 1 Playoffs_Round 1_1_3,red,Vivo Keyd Stars,Gnar + Milio + Draven + LeBlanc + Trundle,Yorick + Poppy + Viktor + Lucian + Nami,True,5
LEC/2026 Season/Spring Season_Week 7_4_3,blue,Movistar KOI,Karma + Ezreal + Ryze + Trundle + Zeri,Zeri + Trundle + Ryze + Ezreal + Karma,False,5
LEC/2026 Season/Spring Season_Week 7_4_3,red,Karmine Corp,Lulu + Sivir + Annie + Gnar + Kha'Zix,Gnar + Kha'Zix + Annie + Sivir + Lulu,False,5
Arabian League 2nd Division/2026 Season/Spring Split_Week 5_4_2,blue,Pyramid IV Esports,Jarvan IV + Darius + Kalista + Orianna + Vayne,Darius + Vayne + Orianna + Kalista + Jarvan IV,False,5
Arabian League 2nd Division/2026 Season/Spring Split_Week 5_4_2,red,Pegasus Esports,Sion + Zaahen + Yunara + Braum + Ryze,Sion + Zaahen + Ryze + Yunara + Braum,False,5
Arabian League 2nd Division/2026 Season/Spring Split_Week 5_3_1,blue,3BL Galaxy Academy,Smolder + Nami + Jarvan IV + Syndra + Renekton,Renekton + Jarvan IV + Syndra + Smolder + Nami,False,5
Arabian League 2nd Division/2026 Season/Spring Split_Week 5_3_1,red,JSK Academy,Karma + Caitlyn + Pantheon + Ahri + Gragas,Gragas + Pantheon + Ahri + Caitlyn + Karma,False,5
CBLOL/2026 Season/Split 1 Playoffs_Round 1_1_4,blue,Vivo Keyd Stars,Naafiri + Bard + Jhin + Rek'Sai + Aurora,Ambessa + Skarner + Syndra + Sivir + Neeko,True,5
CBLOL/2026 Season/Split 1 Playoffs_Round 1_1_4,red,LOUD,Skarner + Neeko + Sivir + Ambessa + Syndra,Rek'Sai + Naafiri + Aurora + Jhin + Bard,True,5
Arabian League 2nd Division/2026 Season/Spring Split_Week 5_3_2,blue,JSK Academy,Varus + Lillia + Irelia + Kog'Maw + Lulu,Varus + Lillia + Irelia + Kog'Maw + Lulu,False,5
Arabian League 2nd Division/2026 Season/Spring Split_Week 5_3_2,red,3BL Galaxy Academy,Ashe + Wukong + Akali + Rakan + Malphite,Malphite + Wukong + Akali + Ashe + Rakan,False,5
Arabian League 2nd Division/2026 Season/Spring Split_Week 5_4_3,blue,Pyramid IV Esports,Viktor + Trundle + Kai'Sa + Vi + Rell,Trundle + Vi + Viktor + Kai'Sa + Rell,False,5
Arabian League 2nd Division/2026 Season/Spring Split_Week 5_4_3,red,Pegasus Esports,Syndra + K'Sante + Aphelios + Naafiri + Thresh,K'Sante + Naafiri + Syndra + Aphelios + Thresh,False,5
LCS/2026 Season/Spring Season_Week 6_1_1,blue,Shopify Rebellion,Ryze + Ezreal + Neeko + Dr. Mundo + Rumble,Rumble + Dr. Mundo + Ryze + Ezreal + Neeko,False,5
LCS/2026 Season/Spring Season_Week 6_1_1,red,Sentinels,Bard + Cassiopeia + Caitlyn + Skarner + K'Sante,K'Sante + Skarner + Cassiopeia + Caitlyn + Bard,False,5
LCS/2026 Season/Spring Season_Week 6_1_2,blue,Shopify Rebellion,Pantheon + Corki + Nami + Taliyah + Jayce,Jayce + Pantheon + Taliyah + Corki + Nami,False,5
LCS/2026 Season/Spring Season_Week 6_1_2,red,Sentinels,Ashe + Seraphine + Naafiri + Viktor + Ornn,Ornn + Naafiri + Viktor + Ashe + Seraphine,False,5
LCS/2026 Season/Spring Season_Week 6_2_1,blue,Dignitas,Rumble + Xin Zhao + Ryze + Smolder + Nami,Ornn + Vi + Taliyah + Ashe + Seraphine,True,5
LCS/2026 Season/Spring Season_Week 6_2_1,red,Disguised,Ashe + Seraphine + Ornn + Taliyah + Vi,Rumble + Xin Zhao + Ryze + Smolder + Nami,True,5
LCS/2026 Season/Spring Season_Week 6_2_2,blue,Disguised,Orianna + Poppy + Ezreal + Nautilus + Shen,Sion + Jarvan IV + Akali + Yunara + Lulu,True,5
LCS/2026 Season/Spring Season_Week 6_2_2,red,Dignitas,Akali + Jarvan IV + Sion + Yunara + Lulu,Shen + Poppy + Orianna + Ezreal + Nautilus,True,5
LCK Academy Series/2026 Season/1st Championship Playoffs_Round 2_1_1,blue,T1 Esports Academy Rookies,Rumble + Xin Zhao + Annie + Kalista + Renata Glasc,Rumble + Xin Zhao + Annie + Kalista + Renata Glasc,False,5
LCK Academy Series/2026 Season/1st Championship Playoffs_Round 2_1_1,red,Gen.G Scholars,Lucian + Jarvan IV + Milio + Sion + Ryze,Sion + Jarvan IV + Ryze + Lucian + Milio,False,5
LCK Academy Series/2026 Season/1st Championship Playoffs_Round 2_1_2,blue,Gen.G Scholars,Ezreal + Lee Sin + Jayce + Twisted Fate + Neeko,Jayce + Lee Sin + Twisted Fate + Ezreal + Neeko,False,5
LCK Academy Series/2026 Season/1st Championship Playoffs_Round 2_1_2,red,T1 Esports Academy Rookies,Bard + Aurora + Yorick + Skarner + Jhin,Yorick + Skarner + Aurora + Jhin + Bard,False,5
LCK Academy Series/2026 Season/1st Championship Playoffs_Round 2_1_3,blue,T1 Esports Academy Rookies,Nocturne + Nautilus + Miss Fortune + Renekton + Azir,Renekton + Nocturne + Azir + Miss Fortune + Nautilus,False,5
LCK Academy Series/2026 Season/1st Championship Playoffs_Round 2_1_3,red,Gen.G Scholars,Corki + Nami + Akali + Trundle + Gnar,Gnar + Trundle + Akali + Corki + Nami,False,5
LCK Academy Series/2026 Season/1st Championship Playoffs_Round 2_1_4,blue,Gen.G Scholars,Pantheon + Vayne + Yunara + Anivia + Alistar,Vayne + Pantheon + Anivia + Yunara + Alistar,False,5
LCK Academy Series/2026 Season/1st Championship Playoffs_Round 2_1_4,red,T1 Esports Academy Rookies,K'Sante + Viego + Ahri + Sivir + Poppy,K'Sante + Viego + Ahri + Sivir + Poppy,False,5
LCK/2026 Season/Rounds 1-2_Week 6_9_1,blue,T1,Rumble + Seraphine + Trundle + Caitlyn + Sylas,Yorick + Xin Zhao + Twisted Fate + Ashe + Lulu,True,5
LCK/2026 Season/Rounds 1-2_Week 6_9_1,red,Dplus Kia,Ashe + Xin Zhao + Lulu + Twisted Fate + Yorick,Rumble + Trundle + Sylas + Caitlyn + Seraphine,True,5
LCK Academy Series/2026 Season/1st Championship Playoffs_Round 2_1_5,blue,Gen.G Scholars,Ambessa + Naafiri + Brand + Xayah + Rakan,Ambessa + Naafiri + Brand + Xayah + Rakan,False,5
LCK Academy Series/2026 Season/1st Championship Playoffs_Round 2_1_5,red,T1 Esports Academy Rookies,Maokai + Yone + Ziggs + Zaahen + Rell,Zaahen + Maokai + Yone + Ziggs + Rell,False,5
LCK/2026 Season/Rounds 1-2_Week 6_9_2,blue,T1,Lucian + Milio + Jarvan IV + Sion + Viktor,Ambessa + Vi + Anivia + Ezreal + Neeko,True,5
LCK/2026 Season/Rounds 1-2_Week 6_9_2,red,Dplus Kia,Vi + Ezreal + Neeko + Anivia + Ambessa,Sion + Jarvan IV + Viktor + Lucian + Milio,True,5
LPL/2026 Season/Split 2_Week 6_9_1,blue,Ninjas in Pyjamas.CN,Varus + Karma + Ezreal + Trundle + Azir,Anivia + Qiyana + Ryze + Lucian + Milio,True,5
LPL/2026 Season/Split 2_Week 6_9_1,red,Weibo Gaming,Lucian + Milio + Ryze + Anivia + Qiyana,Varus + Trundle + Azir + Ezreal + Karma,True,5
Hitpoint 2nd Division Challengers/2026 Season/Spring Split_Week 3_3_1,blue,Ethereal Enigmas,Jarvan IV + Lucian + Nami + Anivia + Ahri,Anivia + Jarvan IV + Ahri + Lucian + Nami,False,5
Hitpoint 2nd Division Challengers/2026 Season/Spring Split_Week 3_3_1,red,Diversion Gaming,Ezreal + Seraphine + Vi + Renekton + Akali,Renekton + Vi + Akali + Ezreal + Seraphine,False,5
LCP/2026 Season/Split 2_Week 6_3_1,blue,DetonatioN FocusMe,Jarvan IV + Lucian + Milio + Mel + Renekton,Renekton + Jarvan IV + Mel + Lucian + Milio,False,5
LCP/2026 Season/Split 2_Week 6_3_1,red,Deep Cross Gaming,Lee Sin + Bard + Caitlyn + Annie + Gnar,Gnar + Lee Sin + Annie + Caitlyn + Bard,False,5
LCK Academy Series/2026 Season/1st Championship Playoffs_Round 2_2_1,blue,Hanwha Life Esports Academy,Nocturne + Lucian + Milio + Ahri + K'Sante,K'Sante + Nocturne + Ahri + Lucian + Milio,False,5
LCK Academy Series/2026 Season/1st Championship Playoffs_Round 2_2_1,red,Dplus Kia Youth,Bard + Vi + Caitlyn + Aurora + Rek'Sai,Rek'Sai + Vi + Aurora + Caitlyn + Bard,False,5
Hitpoint 2nd Division Challengers/2026 Season/Spring Split_Week 3_3_2,blue,Ethereal Enigmas,Taliyah + Ivern + Caitlyn + Leona + Aatrox,Aatrox + Ivern + Taliyah + Caitlyn + Leona,False,5
Hitpoint 2nd Division Challengers/2026 Season/Spring Split_Week 3_3_2,red,Diversion Gaming,Wukong + Orianna + Jinx + Nautilus + Darius,Darius + Wukong + Orianna + Jinx + Nautilus,False,5
LCP/2026 Season/Split 2_Week 6_3_2,blue,Deep Cross Gaming,Ashe + Seraphine + Xin Zhao + Zoe + Ambessa,Vayne + Trundle + Aurora + Jhin + Karma,True,5
LCP/2026 Season/Split 2_Week 6_3_2,red,DetonatioN FocusMe,Jhin + Karma + Trundle + Aurora + Vayne,Ambessa + Xin Zhao + Zoe + Ashe + Seraphine,True,5
Nexus League/2026 Season/Spring Split_Week 5_5_1,blue,Crystal Rose (French Team),Aurelion Sol + Gragas + Naafiri + Varus + Neeko,Gragas + Naafiri + Aurelion Sol + Varus + Neeko,False,5
Nexus League/2026 Season/Spring Split_Week 5_5_1,red,Caldya Esport,Vi + Anivia + Sion + Corki + Nami,Sion + Vi + Anivia + Corki + Nami,False,5
LPL/2026 Season/Split 2_Week 6_9_2,blue,Weibo Gaming,Annie + Yunara + Lulu + Gwen + Naafiri,Sion + Vi + Viktor + Jhin + Bard,True,5
LPL/2026 Season/Split 2_Week 6_9_2,red,Ninjas in Pyjamas.CN,Vi + Viktor + Sion + Jhin + Bard,Gwen + Naafiri + Annie + Yunara + Lulu,True,5
Hellenic Challengers Cup/2026 Season/Spring Playoffs_Finals_1_1,blue,Zerolag Esports,Ezreal + Jarvan IV + Nami + Xerath + Sion,Sion + Jarvan IV + Xerath + Ezreal + Nami,False,5
Hellenic Challengers Cup/2026 Season/Spring Playoffs_Finals_1_1,red,EKSI EPTA,Karma + Viktor + Sivir + Xin Zhao + Ornn,Ornn + Xin Zhao + Viktor + Sivir + Karma,False,5
LCK Academy Series/2026 Season/1st Championship Playoffs_Round 2_2_2,blue,Hanwha Life Esports Academy,Jarvan IV + Ryze + Jayce + Corki + Nami,Jayce + Jarvan IV + Ryze + Corki + Nami,False,5
LCK Academy Series/2026 Season/1st Championship Playoffs_Round 2_2_2,red,Dplus Kia Youth,Annie + Lee Sin + Yorick + Lulu + Yunara,Yorick + Lee Sin + Annie + Yunara + Lulu,False,5
LCK/2026 Season/Rounds 1-2_Week 6_10_1,blue,Kiwoom DRX,Jarvan IV + Gnar + Ryze + Miss Fortune + Nautilus,Gnar + Jarvan IV + Ryze + Miss Fortune + Nautilus,False,5
LCK/2026 Season/Rounds 1-2_Week 6_10_1,red,Hanwha Life Esports,Bard + Xin Zhao + Cassiopeia + Tristana + Sivir,Tristana + Xin Zhao + Cassiopeia + Sivir + Bard,False,5
Nexus League/2026 Season/Spring Split_Week 5_6_1,blue,Lille Esport,Xin Zhao + Varus + Nautilus + Viktor + K'Sante,K'Sante + Xin Zhao + Viktor + Varus + Nautilus,False,5
Nexus League/2026 Season/Spring Split_Week 5_6_1,red,Galions Sharks,Karma + Ezreal + Zaahen + Annie + Gwen,Gwen + Zaahen + Annie + Ezreal + Karma,False,5
Hellenic Challengers Cup/2026 Season/Spring Playoffs_Finals_1_2,blue,EKSI EPTA,Ryze + Wukong + Bard + Jhin + Gnar,Gnar + Wukong + Ryze + Jhin + Bard,False,5
Hellenic Challengers Cup/2026 Season/Spring Playoffs_Finals_1_2,red,Zerolag Esports,Orianna + Nocturne + Nautilus + Lucian + Malphite,Malphite + Nocturne + Orianna + Lucian + Nautilus,False,5
LCP/2026 Season/Split 2_Week 6_4_1,blue,Fukuoka SoftBank HAWKS gaming,Rumble + Lucian + Milio + Aurora + Pantheon,Rumble + Pantheon + Aurora + Lucian + Milio,False,5
LCP/2026 Season/Split 2_Week 6_4_1,red,GAM Esports,Jarvan IV + Varus + Ambessa + Bard + Ahri,Ambessa + Jarvan IV + Ahri + Varus + Bard,False,5
LCK/2026 Season/Rounds 1-2_Week 6_10_2,blue,Kiwoom DRX,Rumble + Vi + Ahri + Ashe + Seraphine,Anivia + Lee Sin + Annie + Lucian + Nami,True,5
LCK/2026 Season/Rounds 1-2_Week 6_10_2,red,Hanwha Life Esports,Anivia + Lucian + Annie + Lee Sin + Nami,Rumble + Vi + Ahri + Ashe + Seraphine,True,5
LCK Academy Series/2026 Season/1st Championship Playoffs_Round 2_2_3,blue,Hanwha Life Esports Academy,Varus + Maokai + Yone + Gwen + Alistar,Gwen + Maokai + Yone + Varus + Alistar,False,5
LCK Academy Series/2026 Season/1st Championship Playoffs_Round 2_2_3,red,Dplus Kia Youth,Naafiri + Azir + Neeko + Sion + Jhin,Sion + Naafiri + Azir + Jhin + Neeko,False,5
LPL/2026 Season/Split 2_Week 6_10_1,blue,JD Gaming,Karma + Vi + Ezreal + Cassiopeia + Aurora,Rumble + Naafiri + Annie + Varus + Nautilus,True,5
LPL/2026 Season/Split 2_Week 6_10_1,red,Anyone's Legend,Varus + Nautilus + Rumble + Annie + Naafiri,Aurora + Vi + Cassiopeia + Ezreal + Karma,True,5
Hitpoint 2nd Division Challengers/2026 Season/Spring Split_Week 3_4_1,blue,CITA Kaizen Academy,Zac + Wukong + Aurora + Lucian + Nami,Zac + Wukong + Aurora + Lucian + Nami,False,5
Hitpoint 2nd Division Challengers/2026 Season/Spring Split_Week 3_4_1,red,Andromeda Gaming,Yone + Xin Zhao + Ryze + Smolder + Leona,Yone + Xin Zhao + Ryze + Smolder + Leona,False,5
LCP/2026 Season/Split 2_Week 6_4_2,blue,Fukuoka SoftBank HAWKS gaming,Ezreal + Nautilus + Jayce + Naafiri + Hwei,K'Sante + Xin Zhao + Annie + Ashe + Seraphine,True,5
LCP/2026 Season/Split 2_Week 6_4_2,red,GAM Esports,Ashe + Seraphine + Xin Zhao + Annie + K'Sante,Jayce + Naafiri + Hwei + Ezreal + Nautilus,True,5
Nexus League/2026 Season/Spring Split_Week 5_7_1,blue,Karmine Corp Blue Stars,Xin Zhao + Corki + Nami + K'Sante + LeBlanc,K'Sante + Xin Zhao + LeBlanc + Corki + Nami,False,5
Nexus League/2026 Season/Spring Split_Week 5_7_1,red,Zephyr Esport,Ezreal + Jarvan IV + Nautilus + Syndra + Rumble,Rumble + Jarvan IV + Syndra + Ezreal + Nautilus,False,5
LCK/2026 Season/Rounds 1-2_Week 6_10_3,blue,Hanwha Life Esports,Varus + Nocturne + Aurora + Poppy + K'Sante,Jax + Pantheon + Sylas + Yunara + Lulu,True,5
LCK/2026 Season/Rounds 1-2_Week 6_10_3,red,Kiwoom DRX,Lulu + Yunara + Jax + Sylas + Pantheon,K'Sante + Nocturne + Aurora + Varus + Poppy,True,5
Hellenic Challengers Cup/2026 Season/Spring Playoffs_Finals_1_3,blue,Zerolag Esports,Ashe + Vi + Seraphine + Lux + Olaf,Olaf + Vi + Lux + Ashe + Seraphine,False,5
Hellenic Challengers Cup/2026 Season/Spring Playoffs_Finals_1_3,red,EKSI EPTA,Lulu + Yunara + Mel + Varus + Naafiri,Varus + Naafiri + Mel + Yunara + Lulu,False,5
LPL/2026 Season/Split 2_Week 6_10_2,blue,Anyone's Legend,Orianna + Lucian + Milio + Malphite + Ambessa,Vayne + Xin Zhao + Ryze + Ashe + Seraphine,True,5
LPL/2026 Season/Split 2_Week 6_10_2,red,JD Gaming,Ashe + Seraphine + Ryze + Xin Zhao + Vayne,Ambessa + Malphite + Orianna + Lucian + Milio,True,5
Hitpoint 2nd Division Challengers/2026 Season/Spring Split_Week 3_4_2,blue,Andromeda Gaming,Gragas + Vi + LeBlanc + Xayah + Rakan,Gragas + Vi + LeBlanc + Xayah + Rakan,False,5
Hitpoint 2nd Division Challengers/2026 Season/Spring Split_Week 3_4_2,red,CITA Kaizen Academy,Rumble + Pantheon + Azir + Caitlyn + Bard,Rumble + Pantheon + Azir + Caitlyn + Bard,False,5
Nexus League/2026 Season/Spring Split_Week 5_8_1,blue,Project Conquerors,Ezreal + Skarner + Nautilus + Hwei + Renekton,Renekton + Skarner + Hwei + Ezreal + Nautilus,False,5
Nexus League/2026 Season/Spring Split_Week 5_8_1,red,Lausanne-Sport Esports,Vi + Kai'Sa + Rell + Viktor + Kennen,Kennen + Vi + Viktor + Kai'Sa + Rell,False,5
LEC/2026 Season/Spring Season_Week 7_5_1,blue,GIANTX,Varus + Nocturne + Ryze + Neeko + Renekton,Renekton + Nocturne + Ryze + Varus + Neeko,False,5
LEC/2026 Season/Spring Season_Week 7_5_1,red,Karmine Corp,Aurora + Pantheon + Lulu + Zeri + Anivia,Aurora + Pantheon + Anivia + Zeri + Lulu,False,5
Hellenic Challengers Cup/2026 Season/Spring Playoffs_Finals_1_4,blue,EKSI EPTA,Pantheon + Aurora + Smolder + Poppy + Renekton,Renekton + Pantheon + Aurora + Smolder + Poppy,False,5
Hellenic Challengers Cup/2026 Season/Spring Playoffs_Finals_1_4,red,Zerolag Esports,Kai'Sa + Skarner + Akali + Rell + Jax,Jax + Skarner + Akali + Kai'Sa + Rell,False,5
LPL/2026 Season/Split 2_Week 6_10_3,blue,JD Gaming,Azir + Skarner + Gnar + Jhin + Anivia,Jax + Maokai + Yone + Caitlyn + Elise,True,5
LPL/2026 Season/Split 2_Week 6_10_3,red,Anyone's Legend,Yone + Maokai + Jax + Caitlyn + Elise,Gnar + Skarner + Azir + Jhin + Anivia,True,5
Hitpoint 2nd Division Challengers/2026 Season/Spring Split_Week 3_4_3,blue,Andromeda Gaming,Cho'Gath + Nocturne + Orianna + Kai'Sa + Thresh,Cho'Gath + Nocturne + Orianna + Kai'Sa + Thresh,False,5
Hitpoint 2nd Division Challengers/2026 Season/Spring Split_Week 3_4_3,red,CITA Kaizen Academy,Sion + Aatrox + Akali + Ezreal + Karma,Sion + Aatrox + Akali + Ezreal + Karma,False,5
LEC/2026 Season/Spring Season_Week 7_5_2,blue,Karmine Corp,Bard + Vi + Caitlyn + Viktor + Cassiopeia,Cassiopeia + Vi + Viktor + Caitlyn + Bard,False,5
LEC/2026 Season/Spring Season_Week 7_5_2,red,GIANTX,Ezreal + Karma + Skarner + Gnar + Azir,Gnar + Skarner + Azir + Ezreal + Karma,False,5
LEC/2026 Season/Spring Season_Week 7_5_3,blue,Karmine Corp,Xin Zhao + Lucian + Nami + Jax + Ahri,Brand + Naafiri + Sylas + Corki + Nautilus,True,5
LEC/2026 Season/Spring Season_Week 7_5_3,red,GIANTX,Corki + Naafiri + Nautilus + Brand + Sylas,Jax + Xin Zhao + Ahri + Lucian + Nami,True,5
CBLOL/2026 Season/Split 1 Playoffs_Round 1_2_1,blue,Fluxo W7M,Pantheon + Lucian + Milio + Zoe + Renekton,Renekton + Pantheon + Zoe + Lucian + Milio,False,5
CBLOL/2026 Season/Split 1 Playoffs_Round 1_2_1,red,LØS,Trundle + Bard + Caitlyn + Viktor + Kennen,Kennen + Trundle + Viktor + Caitlyn + Bard,False,5
LEC/2026 Season/Spring Season_Week 7_6_1,blue,G2 Esports,Karma + Ezreal + Ornn + Ryze + Nocturne,Ornn + Nocturne + Ryze + Ezreal + Karma,False,5
LEC/2026 Season/Spring Season_Week 7_6_1,red,Movistar KOI,Rumble + Pantheon + Yunara + Rakan + Azir,Rumble + Pantheon + Azir + Yunara + Rakan,False,5
CBLOL/2026 Season/Split 1 Playoffs_Round 1_2_2,blue,Fluxo W7M,Rumble + Nocturne + Ryze + Corki + Nami,K'Sante + Jarvan IV + Ahri + Ezreal + Alistar,True,5
CBLOL/2026 Season/Split 1 Playoffs_Round 1_2_2,red,LØS,Jarvan IV + Ezreal + K'Sante + Ahri + Alistar,Rumble + Nocturne + Ryze + Corki + Nami,True,5
CBLOL/2026 Season/Split 1 Playoffs_Round 1_2_3,blue,Fluxo W7M,Aatrox + Xayah + Rakan + LeBlanc + Ambessa,Ambessa + Aatrox + LeBlanc + Xayah + Rakan,False,5
CBLOL/2026 Season/Split 1 Playoffs_Round 1_2_3,red,LØS,Neeko + Xin Zhao + Yunara + Taliyah + Gnar,Gnar + Xin Zhao + Taliyah + Yunara + Neeko,False,5
LEC/2026 Season/Spring Season_Week 7_6_2,blue,Movistar KOI,Jarvan IV + Nautilus + Kai'Sa + Gnar + Lissandra,Gnar + Jarvan IV + Lissandra + Kai'Sa + Nautilus,False,5
LEC/2026 Season/Spring Season_Week 7_6_2,red,G2 Esports,Lulu + Skarner + Sivir + Ahri + Vayne,Vayne + Skarner + Ahri + Sivir + Lulu,False,5
CBLOL/2026 Season/Split 1 Playoffs_Round 1_2_4,blue,Fluxo W7M,Varus + Zaahen + Nautilus + Cassiopeia + Gwen,Gwen + Zaahen + Cassiopeia + Varus + Nautilus,False,5
CBLOL/2026 Season/Split 1 Playoffs_Round 1_2_4,red,LØS,Sivir + Naafiri + Rell + Annie + Vayne,Vayne + Naafiri + Annie + Sivir + Rell,False,5
LEC/2026 Season/Spring Season_Week 7_6_3,blue,G2 Esports,Seraphine + Miss Fortune + K'Sante + LeBlanc + Lee Sin,K'Sante + Lee Sin + LeBlanc + Miss Fortune + Seraphine,False,5
LEC/2026 Season/Spring Season_Week 7_6_3,red,Movistar KOI,Ashe + Anivia + Xin Zhao + Rell + Galio,Anivia + Xin Zhao + Galio + Ashe + Rell,False,5
CBLOL/2026 Season/Split 1 Playoffs_Round 1_2_5,blue,Fluxo W7M,Sion + Jinx + Thresh + Yone + Maokai,Sion + Maokai + Yone + Jinx + Thresh,False,5
CBLOL/2026 Season/Split 1 Playoffs_Round 1_2_5,red,LØS,Aphelios + Skarner + Lulu + Twisted Fate + Olaf,Olaf + Skarner + Twisted Fate + Aphelios + Lulu,False,5
LCS/2026 Season/Spring Season_Week 6_3_1,blue,FlyQuest,Karma + Ezreal + Vi + K'Sante + Annie,Rumble + Shen + Cassiopeia + Lucian + Milio,True,5
LCS/2026 Season/Spring Season_Week 6_3_1,red,Cloud9,Lucian + Milio + Shen + Rumble + Cassiopeia,K'Sante + Vi + Annie + Ezreal + Karma,True,5
LCS/2026 Season/Spring Season_Week 6_3_2,blue,FlyQuest,Seraphine + Xin Zhao + Senna + Renekton + Viktor,Sion + Jarvan IV + Aurora + Ashe + Lulu,True,5
LCS/2026 Season/Spring Season_Week 6_3_2,red,Cloud9,Ashe + Jarvan IV + Lulu + Aurora + Sion,Renekton + Xin Zhao + Viktor + Senna + Seraphine,True,5
LCS/2026 Season/Spring Season_Week 6_3_3,blue,Cloud9,Bard + Jhin + Anivia + Dr. Mundo + Hwei,Gnar + Sejuani + Twisted Fate + Corki + Nami,True,5
LCS/2026 Season/Spring Season_Week 6_3_3,red,FlyQuest,Corki + Nami + Sejuani + Gnar + Twisted Fate,Anivia + Dr. Mundo + Hwei + Jhin + Bard,True,5
LCS/2026 Season/Spring Season_Week 6_4_1,blue,Team Liquid,Karma + Jarvan IV + Ezreal + Twisted Fate + Jayce,Gragas + Xin Zhao + Aurora + Ashe + Seraphine,True,5
LCS/2026 Season/Spring Season_Week 6_4_1,red,LYON (2024 American Team),Ashe + Seraphine + Xin Zhao + Aurora + Gragas,Jayce + Jarvan IV + Twisted Fate + Ezreal + Karma,True,5
LCS/2026 Season/Spring Season_Week 6_4_2,blue,LYON (2024 American Team),Rumble + Caitlyn + Neeko + Yone + Skarner,Ryze + Vi + Ahri + Lucian + Milio,True,5
LCS/2026 Season/Spring Season_Week 6_4_2,red,Team Liquid,Ryze + Lucian + Milio + Vi + Ahri,Rumble + Skarner + Yone + Caitlyn + Neeko,True,5
LCS/2026 Season/Spring Season_Week 6_4_3,blue,Team Liquid,Nocturne + Corki + Nami + Anivia + Sylas,Jax + Sejuani + Viktor + Xayah + Rakan,True,5
LCS/2026 Season/Spring Season_Week 6_4_3,red,LYON (2024 American Team),Xayah + Rakan + Viktor + Sejuani + Jax,Anivia + Nocturne + Sylas + Corki + Nami,True,5
LCK CL/2026 Season/Rounds 1-2_Week 7_1_1,blue,Nongshim Esports Academy,Pantheon + Jayce + Orianna + Yunara + Lulu,Sion + Vi + Ryze + Ezreal + Neeko,True,5
LCK CL/2026 Season/Rounds 1-2_Week 7_1_1,red,Kiwoom DRX Challengers,Ezreal + Neeko + Vi + Sion + Ryze,Jayce + Pantheon + Orianna + Yunara + Lulu,True,5
LCK CL/2026 Season/Rounds 1-2_Week 7_1_2,blue,Kiwoom DRX Challengers,Varus + Lee Sin + Annie + Ashe + Seraphine,Varus + Lee Sin + Annie + Ashe + Seraphine,False,5
LCK CL/2026 Season/Rounds 1-2_Week 7_1_2,red,Nongshim Esports Academy,Gnar + Miss Fortune + Nautilus + Cassiopeia + Xin Zhao,Gnar + Xin Zhao + Cassiopeia + Miss Fortune + Nautilus,False,5
LCK CL/2026 Season/Rounds 1-2_Week 7_1_3,blue,Nongshim Esports Academy,Lucian + Milio + Twisted Fate + Renekton + Maokai,Renekton + Maokai + Twisted Fate + Lucian + Milio,False,5
LCK CL/2026 Season/Rounds 1-2_Week 7_1_3,red,Kiwoom DRX Challengers,Caitlyn + Aurora + Nami + Trundle + Jax,Jax + Trundle + Aurora + Caitlyn + Nami,False,5
LCK CL/2026 Season/Rounds 1-2_Week 7_2_1,blue,Gen.G Global Academy,Pantheon + Nautilus + Mel + Gnar + Aurora,Gnar + Pantheon + Aurora + Mel + Nautilus,False,5
LCK CL/2026 Season/Rounds 1-2_Week 7_2_1,red,T1 Esports Academy,Ashe + Seraphine + Xin Zhao + Sion + Annie,Sion + Xin Zhao + Annie + Ashe + Seraphine,False,5
LCK CL/2026 Season/Rounds 1-2_Week 7_2_2,blue,T1 Esports Academy,Nocturne + Ezreal + Neeko + Renekton + Ahri,Renekton + Nocturne + Ahri + Ezreal + Neeko,False,5
LCK CL/2026 Season/Rounds 1-2_Week 7_2_2,red,Gen.G Global Academy,Yunara + Lulu + Jarvan IV + K'Sante + LeBlanc,K'Sante + Jarvan IV + LeBlanc + Yunara + Lulu,False,5
LCK CL/2026 Season/Rounds 1-2_Week 7_3_1,blue,DN SOOPers Challengers,Nocturne + Jayce + Ahri + Yunara + Lulu,K'Sante + Xin Zhao + Orianna + Ezreal + Bard,True,5
LCK CL/2026 Season/Rounds 1-2_Week 7_3_1,red,BNK FEARX Youth,Orianna + Bard + Ezreal + K'Sante + Xin Zhao,Jayce + Nocturne + Ahri + Yunara + Lulu,True,5
LCK CL/2026 Season/Rounds 1-2_Week 7_3_2,blue,DN SOOPers Challengers,Pantheon + Miss Fortune + Nautilus + Sion + Aurora,Gwen + Skarner + Anivia + Lucian + Milio,True,5
LCK CL/2026 Season/Rounds 1-2_Week 7_3_2,red,BNK FEARX Youth,Lucian + Milio + Skarner + Anivia + Gwen,Sion + Pantheon + Aurora + Miss Fortune + Nautilus,True,5
TCL/2026 Season/Spring Split_Week 6_1_1,blue,SU Esports,Jarvan IV + Jinx + Lulu + Ryze + Gwen,Gwen + Jarvan IV + Ryze + Jinx + Lulu,False,5
TCL/2026 Season/Spring Split_Week 6_1_1,red,Ozarox Esports,Xin Zhao + Nami + Lucian + Sion + Anivia,Sion + Xin Zhao + Anivia + Lucian + Nami,False,5
Prime League 1st Division/2026 Season/Spring Split_Week 7_1_1,blue,Eintracht Frankfurt,Ezreal + Xin Zhao + Nami + Sion + Ahri,Sion + Xin Zhao + Ahri + Ezreal + Nami,False,5
Prime League 1st Division/2026 Season/Spring Split_Week 7_1_1,red,G2 NORD,Karma + Pantheon + Sivir + Aurora + Gwen,Gwen + Pantheon + Aurora + Sivir + Karma,False,5
Hitpoint 2nd Division Challengers/2026 Season/Spring Split_Week 4_1_1,blue,Andromeda Gaming,Wukong + Ambessa + Ahri + Xayah + Pyke,Ambessa + Wukong + Ahri + Xayah + Pyke,False,5
Hitpoint 2nd Division Challengers/2026 Season/Spring Split_Week 4_1_1,red,Ethereal Enigmas,Camille + Jarvan IV + Taliyah + Brand + Nami,Camille + Jarvan IV + Taliyah + Brand + Nami,False,5
TCL/2026 Season/Spring Split_Week 6_1_2,blue,Ozarox Esports,Rumble + Kalista + Renata Glasc + Zaahen + Viktor,Rumble + Zaahen + Viktor + Kalista + Renata Glasc,False,5
TCL/2026 Season/Spring Split_Week 6_1_2,red,SU Esports,K'Sante + Vi + Ahri + Rell + Aphelios,K'Sante + Vi + Ahri + Aphelios + Rell,False,5
Prime League 1st Division/2026 Season/Spring Split_Week 7_1_2,blue,G2 NORD,Seraphine + Rumble + Ashe + Annie + Lee Sin,Rumble + Lee Sin + Annie + Ashe + Seraphine,False,5
Prime League 1st Division/2026 Season/Spring Split_Week 7_1_2,red,Eintracht Frankfurt,Jayce + Ziggs + Pyke + K'Sante + Sylas,K'Sante + Jayce + Sylas + Ziggs + Pyke,False,5
Hitpoint 2nd Division Challengers/2026 Season/Spring Split_Week 4_1_2,blue,Andromeda Gaming,Ivern + Nautilus + Yone + Kai'Sa + Sylas,Sylas + Ivern + Yone + Kai'Sa + Nautilus,False,5
Hitpoint 2nd Division Challengers/2026 Season/Spring Split_Week 4_1_2,red,Ethereal Enigmas,Azir + Nunu &amp; Willump + Braum + Gnar + Caitlyn,Gnar + Nunu &amp; Willump + Azir + Caitlyn + Braum,False,5
TCL/2026 Season/Spring Split_Week 6_2_1,blue,BoostGate Esports,Xin Zhao + Gnar + Aurora + Yunara + Lulu,Gnar + Xin Zhao + Aurora + Yunara + Lulu,False,5
TCL/2026 Season/Spring Split_Week 6_2_1,red,Team Phoenix (Turkish Team),Renekton + Naafiri + Sylas + Xayah + Rakan,Renekton + Naafiri + Sylas + Xayah + Rakan,False,5
Hitpoint 2nd Division Challengers/2026 Season/Spring Split_Week 4_1_3,blue,Ethereal Enigmas,Xin Zhao + Aurora + Bard + Jhin + Akali,Aurora + Xin Zhao + Akali + Jhin + Bard,False,5
Hitpoint 2nd Division Challengers/2026 Season/Spring Split_Week 4_1_3,red,Andromeda Gaming,Seraphine + Ashe + Viktor + Hecarim + Lee Sin,Lee Sin + Hecarim + Viktor + Ashe + Seraphine,False,5
Prime League 1st Division/2026 Season/Spring Split_Week 7_2_1,blue,Kaufland Hangry Knights,Karma + Caitlyn + Rumble + Nocturne + Annie,Rumble + Nocturne + Annie + Caitlyn + Karma,False,5
Prime League 1st Division/2026 Season/Spring Split_Week 7_2_1,red,TeamOrangeGaming,Ezreal + Skarner + Bard + Varus + Azir,Varus + Skarner + Azir + Ezreal + Bard,False,5
TCL/2026 Season/Spring Split_Week 6_2_2,blue,BoostGate Esports,Jarvan IV + Caitlyn + Senna + Gwen + Viktor,Gwen + Jarvan IV + Viktor + Caitlyn + Senna,False,5
TCL/2026 Season/Spring Split_Week 6_2_2,red,Team Phoenix (Turkish Team),Aatrox + Bard + Varus + Sion + Ahri,Sion + Aatrox + Ahri + Varus + Bard,False,5
Hitpoint 2nd Division Challengers/2026 Season/Spring Split_Week 4_2_1,blue,EXILE esports Academy,Syndra + Xin Zhao + Ezreal + Nami + Volibear,Volibear + Xin Zhao + Syndra + Ezreal + Nami,False,5
Hitpoint 2nd Division Challengers/2026 Season/Spring Split_Week 4_2_1,red,Rugby Club Havířov,Ashe + Seraphine + Viktor + Pantheon + Sion,Sion + Pantheon + Viktor + Ashe + Seraphine,False,5
Prime League 1st Division/2026 Season/Spring Split_Week 7_2_2,blue,Kaufland Hangry Knights,Aurora + Jayce + Gnar + Kai'Sa + Neeko,Gnar + Jayce + Aurora + Kai'Sa + Neeko,False,5
Prime League 1st Division/2026 Season/Spring Split_Week 7_2_2,red,TeamOrangeGaming,Yunara + Xin Zhao + Ahri + Shyvana + Blitzcrank,Shyvana + Xin Zhao + Ahri + Yunara + Blitzcrank,False,5
Hitpoint 2nd Division Challengers/2026 Season/Spring Split_Week 4_2_2,blue,Rugby Club Havířov,K'Sante + Braum + Smolder + Sylas + Anivia,K'Sante + Sylas + Anivia + Smolder + Braum,False,5
Hitpoint 2nd Division Challengers/2026 Season/Spring Split_Week 4_2_2,red,EXILE esports Academy,Gnar + Varus + Nautilus + Zyra + Zed,Gnar + Zyra + Zed + Varus + Nautilus,False,5
TCL/2026 Season/Spring Split_Week 6_2_3,blue,Team Phoenix (Turkish Team),Ashe + Anivia + Ornn + Yone + Qiyana,Ornn + Qiyana + Yone + Ashe + Anivia,False,5
TCL/2026 Season/Spring Split_Week 6_2_3,red,BoostGate Esports,Seraphine + Jhin + Olaf + Mel + Wukong,Olaf + Wukong + Mel + Jhin + Seraphine,False,5
Prime League 1st Division/2026 Season/Spring Split_Week 7_2_3,blue,TeamOrangeGaming,Vi + Smolder + LeBlanc + Shen + Aatrox,Aatrox + Vi + LeBlanc + Smolder + Shen,False,5
Prime League 1st Division/2026 Season/Spring Split_Week 7_2_3,red,Kaufland Hangry Knights,Corki + Jarvan IV + Nami + Viktor + Ambessa,Ambessa + Jarvan IV + Viktor + Corki + Nami,False,5
Hitpoint 2nd Division Challengers/2026 Season/Spring Split_Week 4_2_3,blue,Rugby Club Havířov,Gwen + Vi + LeBlanc + Xayah + Poppy,Gwen + Vi + LeBlanc + Xayah + Poppy,False,5
Hitpoint 2nd Division Challengers/2026 Season/Spring Split_Week 4_2_3,red,EXILE esports Academy,Jarvan IV + Cho'Gath + Vladimir + Yunara + Bard,Cho'Gath + Jarvan IV + Vladimir + Yunara + Bard,False,5
Circuito Desafiante/2026 Season/Split 1 Playoffs_Round 1_3_1,blue,Ei Nerd Esports,Jarvan IV + Caitlyn + Karma + LeBlanc + Rumble,Ornn + Wukong + Aurora + Lucian + Milio,True,5
Circuito Desafiante/2026 Season/Split 1 Playoffs_Round 1_3_1,red,Estral Esports,Lucian + Milio + Aurora + Wukong + Ornn,Rumble + Jarvan IV + LeBlanc + Caitlyn + Karma,True,5
Circuito Desafiante/2026 Season/Split 1 Playoffs_Round 1_3_2,blue,Estral Esports,Annie + Aatrox + Twisted Fate + Kai'Sa + Rakan,Twisted Fate + Aatrox + Annie + Kai'Sa + Rakan,False,5
Circuito Desafiante/2026 Season/Split 1 Playoffs_Round 1_3_2,red,Ei Nerd Esports,Xin Zhao + Galio + Olaf + Nami + Corki,Olaf + Xin Zhao + Galio + Corki + Nami,False,5
Circuito Desafiante/2026 Season/Split 1 Playoffs_Round 1_3_3,blue,Estral Esports,K'Sante + Neeko + Skarner + Yunara + Zoe,Vayne + Pantheon + Orianna + Jinx + Alistar,True,5
Circuito Desafiante/2026 Season/Split 1 Playoffs_Round 1_3_3,red,Ei Nerd Esports,Orianna + Pantheon + Alistar + Vayne + Jinx,K'Sante + Skarner + Zoe + Yunara + Neeko,True,5
Liga Regional Norte/2026 Season/Split 1 Playoffs_Round 1_4_1,blue,LYON Academy,Jarvan IV + Nautilus + Varus + Jax + Ryze,Ornn + Xin Zhao + Aurora + Lucian + Braum,True,5
Liga Regional Norte/2026 Season/Split 1 Playoffs_Round 1_4_1,red,SDM Tigres,Xin Zhao + Lucian + Braum + Ornn + Aurora,Jax + Jarvan IV + Ryze + Varus + Nautilus,True,5
Liga Regional Norte/2026 Season/Split 1 Playoffs_Round 1_4_2,blue,SDM Tigres,Rumble + Sivir + Lulu + Trundle + Anivia,Ambessa + Vi + Orianna + Ezreal + Neeko,True,5
Liga Regional Norte/2026 Season/Split 1 Playoffs_Round 1_4_2,red,LYON Academy,Ezreal + Vi + Neeko + Ambessa + Orianna,Rumble + Trundle + Anivia + Sivir + Lulu,True,5
Liga Regional Norte/2026 Season/Split 1 Playoffs_Round 1_4_3,blue,LYON Academy,Smolder + LeBlanc + Aatrox + Tahm Kench + K'Sante,K'Sante + Aatrox + LeBlanc + Smolder + Tahm Kench,False,5
Liga Regional Norte/2026 Season/Split 1 Playoffs_Round 1_4_3,red,SDM Tigres,Pantheon + Jinx + Annie + Thresh + Vayne,Vayne + Pantheon + Annie + Jinx + Thresh,False,5
LCK CL/2026 Season/Rounds 1-2_Week 7_4_1,blue,KT Rolster Challengers,Jarvan IV + Sivir + Bard + Aurora + Ambessa,Rumble + Xin Zhao + Tristana + Ezreal + Neeko,True,5
LCK CL/2026 Season/Rounds 1-2_Week 7_4_1,red,Hanwha Life Esports Challengers,Rumble + Ezreal + Neeko + Xin Zhao + Tristana,Ambessa + Jarvan IV + Aurora + Sivir + Bard,True,5
Esports World Cup 2026/Online Qualifiers/Korea_Round 2_1_1,blue,T1,Rumble + Jarvan IV + Aurora + Caitlyn + Neeko,Galio + Xin Zhao + Akali + Ashe + Seraphine,True,5
Esports World Cup 2026/Online Qualifiers/Korea_Round 2_1_1,red,BNK FEARX,Ashe + Seraphine + Xin Zhao + Galio + Akali,Rumble + Jarvan IV + Aurora + Caitlyn + Neeko,True,5
Esports World Cup 2026/Online Qualifiers/Korea_Round 2_1_2,blue,BNK FEARX,Lucian + Milio + Twisted Fate + Renekton + Wukong,Gnar + Nocturne + Ryze + Yunara + Lulu,True,5
Esports World Cup 2026/Online Qualifiers/Korea_Round 2_1_2,red,T1,Yunara + Nocturne + Lulu + Ryze + Gnar,Renekton + Wukong + Twisted Fate + Lucian + Milio,True,5
LCK CL/2026 Season/Rounds 1-2_Week 7_4_2,blue,KT Rolster Challengers,Yunara + Skarner + Nautilus + Kennen + Orianna,Kennen + Skarner + Orianna + Yunara + Nautilus,False,5
LCK CL/2026 Season/Rounds 1-2_Week 7_4_2,red,Hanwha Life Esports Challengers,Pantheon + Lulu + Xayah + Gnar + Azir,Gnar + Pantheon + Azir + Xayah + Lulu,False,5
LPL/2026 Season/Split 2_Week 7_1_1,blue,Ninjas in Pyjamas.CN,Nocturne + Cassiopeia + Gnar + Corki + Nami,Gnar + Nocturne + Cassiopeia + Corki + Nami,False,5
LPL/2026 Season/Split 2_Week 7_1_1,red,Top Esports,Lucian + Annie + Milio + Ambessa + Lee Sin,Ambessa + Lee Sin + Annie + Lucian + Milio,False,5
Esports World Cup 2026/Online Qualifiers/Asia-Pacific_Round 1_5_1,blue,DetonatioN FocusMe,Jarvan IV + Jhin + Karma + Renekton + Aurora,Renekton + Jarvan IV + Aurora + Jhin + Karma,False,5
Esports World Cup 2026/Online Qualifiers/Asia-Pacific_Round 1_5_1,red,Deep Cross Gaming,Lee Sin + Bard + Ryze + Miss Fortune + Gnar,Gnar + Lee Sin + Ryze + Miss Fortune + Bard,False,5
Esports World Cup 2026/Online Qualifiers/Asia-Pacific_Round 1_6_1,blue,Ground Zero Gaming,Xin Zhao + Mel + Nautilus + Jax + Anivia,Jax + Xin Zhao + Anivia + Mel + Nautilus,False,5
Esports World Cup 2026/Online Qualifiers/Asia-Pacific_Round 1_6_1,red,MVK Esports,Ashe + Trundle + Braum + Cassiopeia + Renekton,Renekton + Trundle + Cassiopeia + Ashe + Braum,False,5
Esports World Cup 2026/Online Qualifiers/Korea_Round 2_2_1,blue,Hanwha Life Esports,Orianna + Lucian + Milio + Sion + Naafiri,Sion + Naafiri + Orianna + Lucian + Milio,False,5
Esports World Cup 2026/Online Qualifiers/Korea_Round 2_2_1,red,Dplus Kia,Nocturne + Ashe + Seraphine + Twisted Fate + Ambessa,Ambessa + Nocturne + Twisted Fate + Ashe + Seraphine,False,5
LPL/2026 Season/Split 2_Week 7_1_2,blue,Ninjas in Pyjamas.CN,Lulu + Azir + Yunara + Renekton + Shyvana,Renekton + Shyvana + Azir + Yunara + Lulu,False,5
LPL/2026 Season/Split 2_Week 7_1_2,red,Top Esports,Orianna + Ezreal + Neeko + Xin Zhao + Vayne,Vayne + Xin Zhao + Orianna + Ezreal + Neeko,False,5
LCK CL/2026 Season/Rounds 1-2_Week 7_5_1,blue,Dplus Kia Challengers,Jarvan IV + Lucian + Milio + Aurora + Jayce,Yorick + Xin Zhao + Annie + Caitlyn + Bard,True,5
LCK CL/2026 Season/Rounds 1-2_Week 7_5_1,red,HANJIN BRION Challengers,Bard + Caitlyn + Xin Zhao + Annie + Yorick,Jayce + Jarvan IV + Aurora + Lucian + Milio,True,5
Esports World Cup 2026/Online Qualifiers/Asia-Pacific_Round 1_5_2,blue,Deep Cross Gaming,Rumble + Vi + Ahri + Corki + Rell,Rumble + Vi + Ahri + Corki + Rell,False,5
Esports World Cup 2026/Online Qualifiers/Asia-Pacific_Round 1_5_2,red,DetonatioN FocusMe,Pantheon + Ezreal + K'Sante + Akali + Alistar,K'Sante + Pantheon + Akali + Ezreal + Alistar,False,5
Esports World Cup 2026/Online Qualifiers/Asia-Pacific_Round 1_6_2,blue,Ground Zero Gaming,Ryze + Varus + Ambessa + Skarner + Bard,Ambessa + Skarner + Ryze + Varus + Bard,False,5
Esports World Cup 2026/Online Qualifiers/Asia-Pacific_Round 1_6_2,red,MVK Esports,Pantheon + Annie + Gnar + Jhin + Karma,Gnar + Pantheon + Annie + Jhin + Karma,False,5
Esports World Cup 2026/Online Qualifiers/Korea_Round 2_2_2,blue,Hanwha Life Esports,Jarvan IV + Jhin + Nautilus + Sylas + Renekton,Renekton + Jarvan IV + Sylas + Jhin + Nautilus,False,5
Esports World Cup 2026/Online Qualifiers/Korea_Round 2_2_2,red,Dplus Kia,Xin Zhao + Bard + Ezreal + Viktor + Illaoi,Illaoi + Xin Zhao + Viktor + Ezreal + Bard,False,5
LPL/2026 Season/Split 2_Week 7_1_3,blue,Top Esports,Ryze + Naafiri + Jayce + Sivir + Nautilus,K'Sante + Maokai + Yone + Jhin + Rell,True,5
LPL/2026 Season/Split 2_Week 7_1_3,red,Ninjas in Pyjamas.CN,Yone + Maokai + K'Sante + Jhin + Rell,Jayce + Naafiri + Ryze + Sivir + Nautilus,True,5
LCK CL/2026 Season/Rounds 1-2_Week 7_5_2,blue,HANJIN BRION Challengers,Ashe + Lulu + Pantheon + Taliyah + Renekton,Renekton + Pantheon + Taliyah + Ashe + Lulu,False,5
LCK CL/2026 Season/Rounds 1-2_Week 7_5_2,red,Dplus Kia Challengers,Seraphine + Vi + Ryze + Ezreal + Gnar,Gnar + Vi + Ryze + Ezreal + Seraphine,False,5
Esports World Cup 2026/Online Qualifiers/Korea_Round 2_2_3,blue,Dplus Kia,Vi + Caitlyn + Lux + Cassiopeia + Irelia,Irelia + Vi + Cassiopeia + Caitlyn + Lux,False,5
Esports World Cup 2026/Online Qualifiers/Korea_Round 2_2_3,red,Hanwha Life Esports,Yunara + Lulu + Gnar + Ahri + Pantheon,Gnar + Pantheon + Ahri + Yunara + Lulu,False,5
LPL/2026 Season/Split 2_Week 7_2_1,blue,Bilibili Gaming,Jarvan IV + Karma + Caitlyn + Jax + Ryze,Gnar + Pantheon + Twisted Fate + Lucian + Milio,True,5
LPL/2026 Season/Split 2_Week 7_2_1,red,Invictus Gaming,Lucian + Milio + Gnar + Twisted Fate + Pantheon,Jax + Jarvan IV + Ryze + Caitlyn + Karma,True,5
LPL/2026 Season/Split 2_Week 7_2_2,blue,Invictus Gaming,Orianna + Xin Zhao + Sion + Sivir + Bard,Ambessa + Vi + Viktor + Corki + Alistar,True,5
LPL/2026 Season/Split 2_Week 7_2_2,red,Bilibili Gaming,Vi + Corki + Ambessa + Viktor + Alistar,Sion + Xin Zhao + Orianna + Sivir + Bard,True,5
LPL/2026 Season/Split 2_Week 7_2_3,blue,Bilibili Gaming,Lulu + Wukong + Yunara + Yorick + Aurora,Jayce + Lee Sin + Cassiopeia + Ziggs + Nautilus,True,5
LPL/2026 Season/Split 2_Week 7_2_3,red,Invictus Gaming,Jayce + Nautilus + Ziggs + Lee Sin + Cassiopeia,Yorick + Wukong + Aurora + Yunara + Lulu,True,5
TCL/2026 Season/Spring Split_Week 6_3_1,blue,Misa Esports,Xin Zhao + Ezreal + Neeko + Kled + Ryze,Kled + Xin Zhao + Ryze + Ezreal + Neeko,False,5
TCL/2026 Season/Spring Split_Week 6_3_1,red,Bushido Wildcats,Pantheon + Kai'Sa + Sion + Milio + Lucian,Sion + Pantheon + Kai'Sa + Lucian + Milio,False,5
Prime League 1st Division/2026 Season/Spring Split_Week 7_3_1,blue,VfB eSports,Ryze + Xin Zhao + Ziggs + Gnar + Bard,Gnar + Xin Zhao + Ryze + Ziggs + Bard,False,5
Prime League 1st Division/2026 Season/Spring Split_Week 7_3_1,red,E WIE EINFACH E-SPORTS,Varus + Naafiri + Sion + Azir + Leona,Sion + Naafiri + Azir + Varus + Leona,False,5
Hitpoint 2nd Division Challengers/2026 Season/Spring Split_Week 4_3_1,blue,Diversion Gaming,Xin Zhao + Vi + Taliyah + Xayah + Thresh,Xin Zhao + Vi + Taliyah + Xayah + Thresh,False,5
Hitpoint 2nd Division Challengers/2026 Season/Spring Split_Week 4_3_1,red,Priority,Olaf + Skarner + Azir + Kai'Sa + Lulu,Olaf + Skarner + Azir + Kai'Sa + Lulu,False,5
TCL/2026 Season/Spring Split_Week 6_3_2,blue,Misa Esports,Caitlyn + Pyke + Aurora + Lee Sin + K'Sante,K'Sante + Lee Sin + Aurora + Caitlyn + Pyke,False,5
TCL/2026 Season/Spring Split_Week 6_3_2,red,Bushido Wildcats,Rumble + Bard + Mel + Qiyana + Jayce,Rumble + Qiyana + Jayce + Mel + Bard,False,5
Prime League 1st Division/2026 Season/Spring Split_Week 7_3_2,blue,E WIE EINFACH E-SPORTS,Jarvan IV + Ashe + Seraphine + LeBlanc + Renekton,Renekton + Jarvan IV + LeBlanc + Ashe + Seraphine,False,5
Prime League 1st Division/2026 Season/Spring Split_Week 7_3_2,red,VfB eSports,Lucian + Lee Sin + Milio + Ahri + Udyr,Udyr + Lee Sin + Ahri + Lucian + Milio,False,5
Arabian League/2026 Season/Spring Playoffs_Round 1_1_1,blue,Baam Esports,Milio + Caitlyn + Xin Zhao + Ornn + Annie,Ornn + Xin Zhao + Annie + Caitlyn + Milio,False,5
Arabian League/2026 Season/Spring Playoffs_Round 1_1_1,red,Dragons Esports,Jarvan IV + Lucian + Nami + Rumble + Mel,Rumble + Jarvan IV + Mel + Lucian + Nami,False,5
Hitpoint 2nd Division Challengers/2026 Season/Spring Split_Week 4_3_2,blue,Diversion Gaming,Mordekaiser + Jarvan IV + Ryze + Ezreal + Bard,Mordekaiser + Jarvan IV + Ryze + Ezreal + Bard,False,5
Hitpoint 2nd Division Challengers/2026 Season/Spring Split_Week 4_3_2,red,Priority,Ornn + Naafiri + Viktor + Lucian + Nami,Ornn + Naafiri + Viktor + Lucian + Nami,False,5
TCL/2026 Season/Spring Split_Week 6_3_3,blue,Misa Esports,Ashe + Zaahen + Braum + LeBlanc + Gragas,Gragas + Zaahen + LeBlanc + Ashe + Braum,False,5
TCL/2026 Season/Spring Split_Week 6_3_3,red,Bushido Wildcats,Rell + Viego + Ahri + Smolder + Poppy,Poppy + Viego + Ahri + Smolder + Rell,False,5
Prime League 1st Division/2026 Season/Spring Split_Week 7_3_3,blue,E WIE EINFACH E-SPORTS,Nocturne + Rumble + Aurora + Rell + Miss Fortune,Rumble + Nocturne + Aurora + Miss Fortune + Rell,False,5
Prime League 1st Division/2026 Season/Spring Split_Week 7_3_3,red,VfB eSports,Skarner + Smolder + Kassadin + Illaoi + Braum,Illaoi + Skarner + Kassadin + Smolder + Braum,False,5
Road Of Legends/2026 Season/Spring Split_Week 7_1_1,blue,Frites Esports Club,Lucian + Jarvan IV + Milio + Aurora + Rumble,Rumble + Jarvan IV + Aurora + Lucian + Milio,False,5
Road Of Legends/2026 Season/Spring Split_Week 7_1_1,red,mCon esports,Ashe + Xin Zhao + Seraphine + Ahri + Yorick,Yorick + Xin Zhao + Ahri + Ashe + Seraphine,False,5
Hitpoint 2nd Division Challengers/2026 Season/Spring Split_Week 4_4_1,blue,Rugby Club Havířov,Karma + Pantheon + Ezreal + Zaahen + Katarina,Zaahen + Pantheon + Katarina + Ezreal + Karma,False,5
Hitpoint 2nd Division Challengers/2026 Season/Spring Split_Week 4_4_1,red,CITA Kaizen Academy,Syndra + Xin Zhao + Sion + Lucian + Yuumi,Sion + Xin Zhao + Syndra + Lucian + Yuumi,False,5
TCL/2026 Season/Spring Split_Week 6_4_1,blue,PCIFIC Esports,Orianna + Ashe + Seraphine + Varus + Wukong,Varus + Wukong + Orianna + Ashe + Seraphine,False,5
TCL/2026 Season/Spring Split_Week 6_4_1,red,Dark Passage,Jhin + LeBlanc + Sylas + Ambessa + Yasuo,Yasuo + Ambessa + LeBlanc + Jhin + Sylas,False,5
Prime League 1st Division/2026 Season/Spring Split_Week 7_4_1,blue,ROSSMANN Centaurs,Pantheon + Ezreal + Camille + Viktor + Ornn,Ornn + Pantheon + Viktor + Ezreal + Camille,False,5
Prime League 1st Division/2026 Season/Spring Split_Week 7_4_1,red,Unicorns of Love Sexy Edition,Caitlyn + Bard + Xin Zhao + Annie + Gnar,Gnar + Xin Zhao + Annie + Caitlyn + Bard,False,5
Road Of Legends/2026 Season/Spring Split_Week 7_1_2,blue,Frites Esports Club,Bard + Caitlyn + Anivia + Sion + Trundle,Sion + Trundle + Anivia + Caitlyn + Bard,False,5
Road Of Legends/2026 Season/Spring Split_Week 7_1_2,red,mCon esports,Yunara + Lulu + Vi + Hwei + Gwen,Gwen + Vi + Hwei + Yunara + Lulu,False,5
Road Of Legends/2026 Season/Spring Split_Week 7_2_1,blue,Dynasty,Naafiri + Kalista + Renata Glasc + Gragas + Viktor,Gragas + Naafiri + Viktor + Kalista + Renata Glasc,False,5
Road Of Legends/2026 Season/Spring Split_Week 7_2_1,red,Senshi eSports (Benelux Team),Xin Zhao + Ezreal + Karma + Aatrox + Akali,Aatrox + Xin Zhao + Akali + Ezreal + Karma,False,5
Hitpoint 2nd Division Challengers/2026 Season/Spring Split_Week 4_4_2,blue,Rugby Club Havířov,Ornn + Maokai + Ryze + Smolder + Soraka,Ornn + Maokai + Ryze + Smolder + Soraka,False,5
Hitpoint 2nd Division Challengers/2026 Season/Spring Split_Week 4_4_2,red,CITA Kaizen Academy,Rumble + Wukong + Viktor + Sivir + Alistar,Rumble + Wukong + Viktor + Sivir + Alistar,False,5
TCL/2026 Season/Spring Split_Week 6_4_2,blue,PCIFIC Esports,Ryze + Naafiri + Nautilus + Kai'Sa + Anivia,Anivia + Naafiri + Ryze + Kai'Sa + Nautilus,False,5
TCL/2026 Season/Spring Split_Week 6_4_2,red,Dark Passage,Viktor + Nidalee + Corki + Elise + Zed,Nidalee + Zed + Viktor + Corki + Elise,False,5
Arabian League/2026 Season/Spring Playoffs_Round 1_2_1,blue,FN Esports,Rumble + Ezreal + Neeko + Wukong + Ahri,Rumble + Wukong + Ahri + Ezreal + Neeko,False,5
Arabian League/2026 Season/Spring Playoffs_Round 1_2_1,red,Anubis Gaming,Ashe + Jarvan IV + Seraphine + Akali + Vayne,Vayne + Jarvan IV + Akali + Ashe + Seraphine,False,5
Prime League 1st Division/2026 Season/Spring Split_Week 7_4_2,blue,ROSSMANN Centaurs,Aurora + Sivir + Lulu + Sion + Lee Sin,Sion + Lee Sin + Aurora + Sivir + Lulu,False,5
Prime League 1st Division/2026 Season/Spring Split_Week 7_4_2,red,Unicorns of Love Sexy Edition,Varus + Nautilus + Zeri + Cassiopeia + Skarner,Varus + Skarner + Cassiopeia + Zeri + Nautilus,False,5
Road Of Legends/2026 Season/Spring Split_Week 7_2_2,blue,Senshi eSports (Benelux Team),Jarvan IV + Bard + Ornn + Yunara + Ryze,Ornn + Jarvan IV + Ryze + Yunara + Bard,False,5
Road Of Legends/2026 Season/Spring Split_Week 7_2_2,red,Dynasty,Rumble + Vi + Smolder + Alistar + Ambessa,Rumble + Vi + Ambessa + Smolder + Alistar,False,5
Hitpoint 2nd Division Challengers/2026 Season/Spring Split_Week 4_4_3,blue,Rugby Club Havířov,Jarvan IV + Ashe + K'Sante + Cassiopeia + Poppy,K'Sante + Jarvan IV + Cassiopeia + Ashe + Poppy,False,5
Hitpoint 2nd Division Challengers/2026 Season/Spring Split_Week 4_4_3,red,CITA Kaizen Academy,Yunara + Lulu + Akali + Gnar + Aatrox,Gnar + Aatrox + Akali + Yunara + Lulu,False,5
Arabian League/2026 Season/Spring Playoffs_Round 1_2_2,blue,Anubis Gaming,Aurora + Jhin + Vi + Anivia + Gnar,Gnar + Vi + Aurora + Jhin + Anivia,False,5
Arabian League/2026 Season/Spring Playoffs_Round 1_2_2,red,FN Esports,Caitlyn + Xin Zhao + Nami + Ryze + K'Sante,K'Sante + Xin Zhao + Ryze + Caitlyn + Nami,False,5
Circuito Desafiante/2026 Season/Split 1 Playoffs_Round 1_4_1,blue,7REX,Rumble + Naafiri + Orianna + Caitlyn + Nami,Ambessa + Xin Zhao + Galio + Ezreal + Karma,True,5
Circuito Desafiante/2026 Season/Split 1 Playoffs_Round 1_4_1,red,paiN Gaming Academy,Ezreal + Karma + Galio + Xin Zhao + Ambessa,Rumble + Naafiri + Orianna + Caitlyn + Nami,True,5
Road Of Legends/2026 Season/Spring Split_Week 7_2_3,blue,Dynasty,Pantheon + Nautilus + Varus + K'Sante + Taliyah,K'Sante + Pantheon + Taliyah + Varus + Nautilus,False,5
Road Of Legends/2026 Season/Spring Split_Week 7_2_3,red,Senshi eSports (Benelux Team),Corki + Nami + Skarner + Aurora + Gnar,Gnar + Skarner + Aurora + Corki + Nami,False,5
Liga Regional Sur/2026 Season/Split 1 Playoffs_Round 1_4_1,blue,The New Kings,Seraphine + Ashe + Xin Zhao + Sion + Ahri,Aatrox + Lee Sin + Ryze + Ezreal + Bard,True,5
Liga Regional Sur/2026 Season/Split 1 Playoffs_Round 1_4_1,red,Malvinas Gaming,Bard + Ezreal + Lee Sin + Ryze + Aatrox,Sion + Xin Zhao + Ahri + Ashe + Seraphine,True,5
Circuito Desafiante/2026 Season/Split 1 Playoffs_Round 1_4_2,blue,7REX,Vi + Yunara + Lulu + Ahri + Sion,Sion + Vi + Ahri + Yunara + Lulu,False,5
Circuito Desafiante/2026 Season/Split 1 Playoffs_Round 1_4_2,red,paiN Gaming Academy,Lucian + Milio + Aurora + Nasus + Gwen,Gwen + Nasus + Aurora + Lucian + Milio,False,5
Liga Regional Sur/2026 Season/Split 1 Playoffs_Round 1_4_2,blue,The New Kings,Caitlyn + Rumble + Nami + Jarvan IV + Akali,Ornn + Vi + LeBlanc + Lucian + Milio,True,5
Liga Regional Sur/2026 Season/Split 1 Playoffs_Round 1_4_2,red,Malvinas Gaming,Lucian + Milio + Ornn + Vi + LeBlanc,Rumble + Jarvan IV + Akali + Caitlyn + Nami,True,5
Circuito Desafiante/2026 Season/Split 1 Playoffs_Round 1_4_3,blue,7REX,Varus + Zaahen + Ryze + Jayce + Renata Glasc,K'Sante + Aatrox + Annie + Sivir + Nautilus,True,5
Circuito Desafiante/2026 Season/Split 1 Playoffs_Round 1_4_3,red,paiN Gaming Academy,Aatrox + Annie + Sivir + Nautilus + K'Sante,Jayce + Zaahen + Ryze + Varus + Renata Glasc,True,5
Liga Regional Sur/2026 Season/Split 1 Playoffs_Round 1_4_3,blue,The New Kings,Orianna + Nautilus + Wukong + Senna + Jayce,Gragas + Naafiri + Viktor + Corki + Neeko,True,5
Liga Regional Sur/2026 Season/Split 1 Playoffs_Round 1_4_3,red,Malvinas Gaming,Viktor + Neeko + Naafiri + Corki + Gragas,Jayce + Wukong + Orianna + Senna + Nautilus,True,5
LCK/2026 Season/Rounds 1-2_Week 7_1_1,blue,T1,Ashe + Xin Zhao + Seraphine + Ryze + Sion,Sion + Xin Zhao + Ryze + Ashe + Seraphine,False,5
LCK/2026 Season/Rounds 1-2_Week 7_1_1,red,Nongshim RedForce,Jarvan IV + Ezreal + Neeko + Twisted Fate + Ambessa,Ambessa + Jarvan IV + Twisted Fate + Ezreal + Neeko,False,5
LCK/2026 Season/Rounds 1-2_Week 7_1_2,blue,Nongshim RedForce,Lucian + K'Sante + Milio + Akali + Wukong,Rumble + Pantheon + Viktor + Corki + Nami,True,5
LCK/2026 Season/Rounds 1-2_Week 7_1_2,red,T1,Pantheon + Rumble + Viktor + Corki + Nami,K'Sante + Wukong + Akali + Lucian + Milio,True,5
Esports World Cup 2026/Online Qualifiers/Asia-Pacific_Round 2_3_1,blue,Deep Cross Gaming,Ezreal + Jarvan IV + Bard + Aurora + Sion,Jayce + Xin Zhao + Ahri + Caitlyn + Karma,True,5
Esports World Cup 2026/Online Qualifiers/Asia-Pacific_Round 2_3_1,red,CTBC Flying Oyster,Karma + Caitlyn + Xin Zhao + Jayce + Ahri,Sion + Jarvan IV + Aurora + Ezreal + Bard,True,5
Esports World Cup 2026/Online Qualifiers/Asia-Pacific_Round 2_4_1,blue,MVK Esports,Ezreal + Nautilus + Ryze + Varus + Lee Sin,K'Sante + Wukong + Cassiopeia + Corki + Braum,True,5
Esports World Cup 2026/Online Qualifiers/Asia-Pacific_Round 2_4_1,red,GAM Esports,Cassiopeia + Corki + Braum + K'Sante + Wukong,Varus + Lee Sin + Ryze + Ezreal + Nautilus,True,5
LPL/2026 Season/Split 2_Week 7_3_1,blue,EDward Gaming,Ezreal + Bard + Pantheon + Twisted Fate + Jayce,K'Sante + Xin Zhao + Annie + Senna + Karma,True,5
LPL/2026 Season/Split 2_Week 7_3_1,red,Oh My God,Xin Zhao + Karma + Annie + Senna + K'Sante,Jayce + Pantheon + Twisted Fate + Ezreal + Bard,True,5
Esports World Cup 2026/Online Qualifiers/Asia-Pacific_Round 2_3_2,blue,Deep Cross Gaming,Lucian + Pantheon + Nami + Ryze + Renekton,Shen + Vi + Taliyah + Zeri + Milio,True,5
Esports World Cup 2026/Online Qualifiers/Asia-Pacific_Round 2_3_2,red,CTBC Flying Oyster,Milio + Vi + Taliyah + Zeri + Shen,Renekton + Pantheon + Ryze + Lucian + Nami,True,5
Esports World Cup 2026/Online Qualifiers/Asia-Pacific_Round 2_4_2,blue,MVK Esports,Jarvan IV + Ornn + Annie + Elise + Kalista,Ornn + Jarvan IV + Annie + Kalista + Elise,False,5
Esports World Cup 2026/Online Qualifiers/Asia-Pacific_Round 2_4_2,red,GAM Esports,Rumble + Naafiri + Bard + Ahri + Jhin,Rumble + Naafiri + Ahri + Jhin + Bard,False,5
VCS/2026 Season/Summer Season_Week 1_1_1,blue,ZEN Esports (Vietnamese Team),Bard + Pantheon + Ezreal + Sion + Azir,Sion + Pantheon + Azir + Ezreal + Bard,False,5
VCS/2026 Season/Summer Season_Week 1_1_1,red,Saigon Warriors,Varus + Jarvan IV + Rumble + Nautilus + Yone,Rumble + Jarvan IV + Yone + Varus + Nautilus,False,5
LCK/2026 Season/Rounds 1-2_Week 7_2_1,blue,Dplus Kia,Jarvan IV + Caitlyn + Lux + Cassiopeia + Sion,Sion + Jarvan IV + Cassiopeia + Caitlyn + Lux,False,5
LCK/2026 Season/Rounds 1-2_Week 7_2_1,red,DN SOOPers,Lucian + Milio + Xin Zhao + Viktor + Gwen,Gwen + Xin Zhao + Viktor + Lucian + Milio,False,5
LPL/2026 Season/Split 2_Week 7_3_2,blue,EDward Gaming,Ryze + Vi + Gnar + Ziggs + Pyke,Renekton + Jarvan IV + Cassiopeia + Yunara + Lulu,True,5
LPL/2026 Season/Split 2_Week 7_3_2,red,Oh My God,Lulu + Jarvan IV + Yunara + Cassiopeia + Renekton,Gnar + Vi + Ryze + Ziggs + Pyke,True,5
VCS/2026 Season/Summer Season_Week 1_1_2,blue,ZEN Esports (Vietnamese Team),Nocturne + Lucian + Milio + Anivia + K'Sante,K'Sante + Nocturne + Anivia + Lucian + Milio,False,5
VCS/2026 Season/Summer Season_Week 1_1_2,red,Saigon Warriors,Neeko + Vi + Kai'Sa + Taliyah + Gnar,Gnar + Vi + Taliyah + Kai'Sa + Neeko,False,5
LCK/2026 Season/Rounds 1-2_Week 7_2_2,blue,Dplus Kia,Ashe + Lulu + Skarner + Gnar + Taliyah,Gnar + Skarner + Taliyah + Ashe + Lulu,False,5
LCK/2026 Season/Rounds 1-2_Week 7_2_2,red,DN SOOPers,Pantheon + Seraphine + Ezreal + Ryze + Sylas,Sylas + Pantheon + Ryze + Ezreal + Seraphine,False,5
LPL/2026 Season/Split 2_Week 7_3_3,blue,Oh My God,Rumble + Nautilus + Jhin + Anivia + Lee Sin,Ambessa + Wukong + Taliyah + Ashe + Seraphine,True,5
LPL/2026 Season/Split 2_Week 7_3_3,red,EDward Gaming,Ashe + Seraphine + Ambessa + Wukong + Taliyah,Rumble + Lee Sin + Anivia + Jhin + Nautilus,True,5
VCS/2026 Season/Summer Season_Week 1_2_1,blue,MVK Esports Academy,Karma + Naafiri + Jhin + Renekton + Zoe,Renekton + Naafiri + Zoe + Jhin + Karma,False,5
VCS/2026 Season/Summer Season_Week 1_2_1,red,Saigon Dino,Jarvan IV + Bard + Sivir + Aurora + Gnar,Gnar + Jarvan IV + Aurora + Sivir + Bard,False,5
LPL/2026 Season/Split 2_Week 7_4_1,blue,Anyone's Legend,Ezreal + Naafiri + Annie + Seraphine + Galio,Galio + Naafiri + Annie + Ezreal + Seraphine,False,5
LPL/2026 Season/Split 2_Week 7_4_1,red,Team WE,Bard + Rumble + Akali + Trundle + Sivir,Rumble + Trundle + Akali + Sivir + Bard,False,5
VCS/2026 Season/Summer Season_Week 1_2_2,blue,Saigon Dino,Ezreal + Vi + Ahri + Sion + Seraphine,Sion + Vi + Ahri + Ezreal + Seraphine,False,5
VCS/2026 Season/Summer Season_Week 1_2_2,red,MVK Esports Academy,Lucian + Xin Zhao + Milio + Taliyah + Ambessa,Ambessa + Xin Zhao + Taliyah + Lucian + Milio,False,5
Hellenic Legends League/2026 Season/Spring Playoffs_Semifinals_1_1,blue,WLGaming Esports,Nocturne + Ezreal + Nami + Annie + Gnar,Gnar + Nocturne + Annie + Ezreal + Nami,False,5
Hellenic Legends League/2026 Season/Spring Playoffs_Semifinals_1_1,red,Team Phantasma,Ashe + Seraphine + Xin Zhao + Ryze + Jayce,Jayce + Xin Zhao + Ryze + Ashe + Seraphine,False,5
LPL/2026 Season/Split 2_Week 7_4_2,blue,Anyone's Legend,Ryze + Lucian + Milio + Shen + Vi,Shen + Vi + Ryze + Lucian + Milio,False,5
LPL/2026 Season/Split 2_Week 7_4_2,red,Team WE,Sion + Xin Zhao + Cassiopeia + Nautilus + Miss Fortune,Sion + Xin Zhao + Cassiopeia + Miss Fortune + Nautilus,False,5
LPL/2026 Season/Split 2_Week 7_4_3,blue,Anyone's Legend,Pantheon + Caitlyn + Lux + Vayne + Viktor,Vayne + Pantheon + Viktor + Caitlyn + Lux,False,5
LPL/2026 Season/Split 2_Week 7_4_3,red,Team WE,Corki + Nami + Jayce + Aurora + Malphite,Jayce + Malphite + Aurora + Corki + Nami,False,5
Hellenic Legends League/2026 Season/Spring Playoffs_Semifinals_1_2,blue,WLGaming Esports,Pantheon + Jhin + Neeko + Renekton + Viktor,Renekton + Pantheon + Viktor + Jhin + Neeko,False,5
Hellenic Legends League/2026 Season/Spring Playoffs_Semifinals_1_2,red,Team Phantasma,Caitlyn + Bard + Dr. Mundo + Azir + Ornn,Ornn + Dr. Mundo + Azir + Caitlyn + Bard,False,5
Hellenic Legends League/2026 Season/Spring Playoffs_Semifinals_1_3,blue,WLGaming Esports,Aurora + Lucian + Yuumi + Wukong + Lissandra,Aurora + Wukong + Lissandra + Lucian + Yuumi,False,5
Hellenic Legends League/2026 Season/Spring Playoffs_Semifinals_1_3,red,Team Phantasma,Jarvan IV + Milio + Aphelios + LeBlanc + Yorick,Yorick + Jarvan IV + LeBlanc + Aphelios + Milio,False,5
Hitpoint 2nd Division Challengers/2026 Season/Spring Split_Week 4_5_1,blue,KIA.eSuba Academy,Karma + Xin Zhao + Caitlyn + Viktor + Ornn,Ornn + Xin Zhao + Viktor + Caitlyn + Karma,False,5
Hitpoint 2nd Division Challengers/2026 Season/Spring Split_Week 4_5_1,red,Diversion Gaming,Ashe + Seraphine + Wukong + Cho'Gath + Ahri,Cho'Gath + Wukong + Ahri + Ashe + Seraphine,False,5
LES/2026 Season/Spring Split_Week 6_1_1,blue,Falke Esports,Pantheon + Kai'Sa + Nautilus + Gnar + Aurora,Kennen + Jarvan IV + Ryze + Ezreal + Braum,True,5
LES/2026 Season/Spring Split_Week 6_1_1,red,Barça eSports,Ezreal + Jarvan IV + Braum + Ryze + Kennen,Gnar + Pantheon + Aurora + Kai'Sa + Nautilus,True,5
Hellenic Legends League/2026 Season/Spring Playoffs_Semifinals_1_4,blue,WLGaming Esports,Karma + Poppy + Mel + Smolder + Ambessa,Ambessa + Poppy + Mel + Smolder + Karma,False,5
Hellenic Legends League/2026 Season/Spring Playoffs_Semifinals_1_4,red,Team Phantasma,Ahri + Vi + Leona + Yunara + Vayne,Vayne + Vi + Ahri + Yunara + Leona,False,5
LES/2026 Season/Spring Split_Week 6_1_2,blue,Falke Esports,Annie + Renekton + Lee Sin + Lulu + Zeri,Jayce + Xin Zhao + Viktor + Varus + Neeko,True,5
LES/2026 Season/Spring Split_Week 6_1_2,red,Barça eSports,Viktor + Xin Zhao + Jayce + Varus + Neeko,Renekton + Lee Sin + Annie + Zeri + Lulu,True,5
Hitpoint 2nd Division Challengers/2026 Season/Spring Split_Week 4_5_2,blue,KIA.eSuba Academy,Ryze + Nami + Smolder + Volibear + Renekton,Renekton + Volibear + Ryze + Smolder + Nami,False,5
Hitpoint 2nd Division Challengers/2026 Season/Spring Split_Week 4_5_2,red,Diversion Gaming,Taliyah + Sylas + Samira + Viego + Garen,Garen + Viego + Taliyah + Samira + Sylas,False,5
Arabian League/2026 Season/Spring Playoffs_Round 1_3_1,blue,Dragons Esports,Jarvan IV + Sion + Bard + Miss Fortune + Ahri,Sion + Jarvan IV + Ahri + Miss Fortune + Bard,False,5
Arabian League/2026 Season/Spring Playoffs_Round 1_3_1,red,FN Esports,Caitlyn + Rumble + Nami + Wukong + Aurora,Rumble + Wukong + Aurora + Caitlyn + Nami,False,5
LFL/2026 Season/Spring Playoffs_Round 1_5_1,blue,Ici Japon Corp. Esport,Pantheon + Rumble + Jhin + Aurora + Rell,Rumble + Pantheon + Aurora + Jhin + Rell,False,5
LFL/2026 Season/Spring Playoffs_Round 1_5_1,red,Esprit Shōnen,Nocturne + Varus + Sion + Bard + Ahri,Sion + Nocturne + Ahri + Varus + Bard,False,5
Esports Balkan League/2026 Season/Spring Playoffs_Round 1_5_1,blue,TQ DURPA KASHLQ,Gnar + Zaahen + Aurora + Ashe + Karma,Gnar + Zaahen + Aurora + Ashe + Karma,False,5
Esports Balkan League/2026 Season/Spring Playoffs_Round 1_5_1,red,SPIKE Syndicate,Malphite + Xin Zhao + Azir + Ezreal + Seraphine,Malphite + Xin Zhao + Azir + Ezreal + Seraphine,False,5
LES/2026 Season/Spring Split_Week 6_2_1,blue,Movistar KOI Fénix,Karma + Ezreal + Rumble + Azir + Vi,Rumble + Vi + Azir + Ezreal + Karma,False,5
LES/2026 Season/Spring Split_Week 6_2_1,red,GIANTX iTero,Seraphine + Ashe + Sion + Zaahen + Annie,Sion + Zaahen + Annie + Ashe + Seraphine,False,5
Hitpoint 2nd Division Challengers/2026 Season/Spring Split_Week 4_5_3,blue,KIA.eSuba Academy,Sion + Kai'Sa + Lillia + Yone + Leona,Sion + Lillia + Yone + Kai'Sa + Leona,False,5
Hitpoint 2nd Division Challengers/2026 Season/Spring Split_Week 4_5_3,red,Diversion Gaming,Ezreal + Dr. Mundo + Kindred + Nautilus + Akali,Dr. Mundo + Kindred + Akali + Ezreal + Nautilus,False,5
Arabian League/2026 Season/Spring Playoffs_Round 1_3_2,blue,FN Esports,Karma + Kog'Maw + Zaahen + K'Sante + Syndra,K'Sante + Zaahen + Syndra + Kog'Maw + Karma,False,5
Arabian League/2026 Season/Spring Playoffs_Round 1_3_2,red,Dragons Esports,Ezreal + Xin Zhao + Seraphine + Mel + Jayce,Jayce + Xin Zhao + Mel + Ezreal + Seraphine,False,5
Hellenic Legends League/2026 Season/Spring Playoffs_Semifinals_1_5,blue,WLGaming Esports,Anivia + Alistar + Trundle + Syndra + Zeri,Anivia + Trundle + Syndra + Zeri + Alistar,False,5
Hellenic Legends League/2026 Season/Spring Playoffs_Semifinals_1_5,red,Team Phantasma,Rumble + Skarner + Rakan + Varus + Sylas,Rumble + Skarner + Sylas + Varus + Rakan,False,5
Benelux Ascend Series/2026 Season/Spring Split_Week 7_1_1,blue,SNOOZE Esports,Aurora + Yunara + Lulu + Jarvan IV + Jayce,Jayce + Jarvan IV + Aurora + Yunara + Lulu,False,5
Benelux Ascend Series/2026 Season/Spring Split_Week 7_1_1,red,Mind Blue eSports,Ashe + Seraphine + Xin Zhao + Zoe + Malphite,Malphite + Xin Zhao + Zoe + Ashe + Seraphine,False,5
LFL/2026 Season/Spring Playoffs_Round 1_5_2,blue,Ici Japon Corp. Esport,Jarvan IV + Senna + Nautilus + Viktor + Camille,Camille + Jarvan IV + Viktor + Senna + Nautilus,False,5
LFL/2026 Season/Spring Playoffs_Round 1_5_2,red,Esprit Shōnen,Xin Zhao + Ashe + Braum + Ambessa + Hwei,Ambessa + Xin Zhao + Hwei + Ashe + Braum,False,5
Esports Balkan League/2026 Season/Spring Playoffs_Round 1_5_2,blue,TQ DURPA KASHLQ,Wukong + K'Sante + Viktor + Sivir + Braum,K'Sante + Wukong + Viktor + Sivir + Braum,False,5
Esports Balkan League/2026 Season/Spring Playoffs_Round 1_5_2,red,SPIKE Syndicate,Rumble + Vi + Hwei + Varus + Alistar,Rumble + Vi + Hwei + Varus + Alistar,False,5
LES/2026 Season/Spring Split_Week 6_2_2,blue,Movistar KOI Fénix,Jarvan IV + Aphelios + Lulu + Akali + Gnar,Gnar + Jarvan IV + Akali + Aphelios + Lulu,False,5
LES/2026 Season/Spring Split_Week 6_2_2,red,GIANTX iTero,Kalista + Wukong + Blitzcrank + Viktor + Varus,Varus + Wukong + Viktor + Kalista + Blitzcrank,False,5
Arabian League/2026 Season/Spring Playoffs_Round 1_3_3,blue,FN Esports,Ashe + Lulu + Dr. Mundo + Irelia + Azir,Irelia + Dr. Mundo + Azir + Ashe + Lulu,False,5
Arabian League/2026 Season/Spring Playoffs_Round 1_3_3,red,Dragons Esports,Milio + Nocturne + Lucian + Gnar + Taliyah,Gnar + Nocturne + Taliyah + Lucian + Milio,False,5
Hitpoint 2nd Division Challengers/2026 Season/Spring Split_Week 4_6_1,blue,Ethereal Enigmas,Jarvan IV + Orianna + Kai'Sa + Gnar + Rell,Gnar + Jarvan IV + Orianna + Kai'Sa + Rell,False,5
Hitpoint 2nd Division Challengers/2026 Season/Spring Split_Week 4_6_1,red,EXILE esports Academy,Naafiri + Ezreal + Zed + Nautilus + Sylas,Sylas + Naafiri + Zed + Ezreal + Nautilus,False,5
Esports Balkan League/2026 Season/Spring Playoffs_Round 1_5_3,blue,SPIKE Syndicate,Caitlyn + Jarvan IV + Ryze + Rell + Aatrox,Aatrox + Jarvan IV + Ryze + Caitlyn + Rell,False,5
Esports Balkan League/2026 Season/Spring Playoffs_Round 1_5_3,red,TQ DURPA KASHLQ,Jinx + Lulu + Anivia + Volibear + Poppy,Poppy + Volibear + Anivia + Jinx + Lulu,False,5
LFL/2026 Season/Spring Playoffs_Round 1_6_1,blue,ZYB Esport,Ezreal + Xin Zhao + Rumble + Nami + Aurora,Rumble + Xin Zhao + Aurora + Ezreal + Nami,False,5
LFL/2026 Season/Spring Playoffs_Round 1_6_1,red,Vitality.Bee,Pantheon + Viktor + Anivia + Varus + Pyke,Anivia + Pantheon + Viktor + Varus + Pyke,False,5
Benelux Ascend Series/2026 Season/Spring Split_Week 7_2_1,blue,ZennIT Academy,Karma + Caitlyn + Pantheon + Viktor + Ornn,Ornn + Pantheon + Viktor + Caitlyn + Karma,False,5
Benelux Ascend Series/2026 Season/Spring Split_Week 7_2_1,red,Soul's Heart Esport,Seraphine + Anivia + Ezreal + Wukong + K'Sante,K'Sante + Wukong + Anivia + Ezreal + Seraphine,False,5
Benelux Ascend Series/2026 Season/Spring Split_Week 7_1_2,blue,SNOOZE Esports,Ahri + Graves + Jhin + Rakan + K'Sante,K'Sante + Graves + Ahri + Jhin + Rakan,False,5
Benelux Ascend Series/2026 Season/Spring Split_Week 7_1_2,red,Mind Blue eSports,Ryze + Varus + Kayn + Alistar + Jinx,Varus + Kayn + Ryze + Jinx + Alistar,False,5
Hitpoint 2nd Division Challengers/2026 Season/Spring Split_Week 4_6_2,blue,Ethereal Enigmas,Seraphine + Ashe + Ryze + Rek'Sai + Renekton,Renekton + Rek'Sai + Ryze + Ashe + Seraphine,False,5
Hitpoint 2nd Division Challengers/2026 Season/Spring Split_Week 4_6_2,red,EXILE esports Academy,Karma + Varus + Ahri + Qiyana + Malphite,Malphite + Qiyana + Ahri + Varus + Karma,False,5
Esports Balkan League/2026 Season/Spring Playoffs_Round 1_6_1,blue,Team Spawn Peek,Rumble + Wukong + Galio + Smolder + Soraka,Rumble + Wukong + Galio + Smolder + Soraka,False,5
Esports Balkan League/2026 Season/Spring Playoffs_Round 1_6_1,red,Washed Gaming,K'Sante + Akali + Skarner + Xayah + Nautilus,K'Sante + Skarner + Akali + Xayah + Nautilus,False,5
LFL/2026 Season/Spring Playoffs_Round 1_6_2,blue,Vitality.Bee,Seraphine + Aatrox + Ashe + Sion + Taliyah,Sion + Aatrox + Taliyah + Ashe + Seraphine,False,5
LFL/2026 Season/Spring Playoffs_Round 1_6_2,red,ZYB Esport,Rell + Jax + Samira + Sejuani + Azir,Jax + Sejuani + Azir + Samira + Rell,False,5
Benelux Ascend Series/2026 Season/Spring Split_Week 7_2_2,blue,Soul's Heart Esport,Rumble + Dr. Mundo + Aurora + Rell + Kai'Sa,Rumble + Dr. Mundo + Aurora + Kai'Sa + Rell,False,5
Benelux Ascend Series/2026 Season/Spring Split_Week 7_2_2,red,ZennIT Academy,Ambessa + Nocturne + Ryze + Lulu + Yunara,Ambessa + Nocturne + Ryze + Yunara + Lulu,False,5
Esports Balkan League/2026 Season/Spring Playoffs_Round 1_6_2,blue,Team Spawn Peek,Xin Zhao + Sivir + Viktor + Rell + Ornn,Ornn + Xin Zhao + Viktor + Sivir + Rell,False,5
Esports Balkan League/2026 Season/Spring Playoffs_Round 1_6_2,red,Washed Gaming,Nocturne + Ezreal + Orianna + Rakan + Olaf,Olaf + Nocturne + Orianna + Ezreal + Rakan,False,5
LFL/2026 Season/Spring Playoffs_Round 1_6_3,blue,ZYB Esport,Kai'Sa + Neeko + Shen + Ambessa + Akali,Ambessa + Shen + Akali + Kai'Sa + Neeko,False,5
LFL/2026 Season/Spring Playoffs_Round 1_6_3,red,Vitality.Bee,Lucian + Vi + Milio + Syndra + Gwen,Gwen + Vi + Syndra + Lucian + Milio,False,5
Esports Balkan League/2026 Season/Spring Playoffs_Round 1_6_3,blue,Washed Gaming,Karma + Vi + Corki + Azir + Aatrox,Aatrox + Vi + Azir + Corki + Karma,False,5
Esports Balkan League/2026 Season/Spring Playoffs_Round 1_6_3,red,Team Spawn Peek,Ashe + Jarvan IV + Seraphine + Aurora + Volibear,Volibear + Jarvan IV + Aurora + Ashe + Seraphine,False,5
LCK CL/2026 Season/Rounds 1-2_Week 7_6_1,blue,KT Rolster Challengers,Jarvan IV + Orianna + Bard + Caitlyn + Renekton,Gnar + Xin Zhao + Akali + Ezreal + Neeko,True,5
LCK CL/2026 Season/Rounds 1-2_Week 7_6_1,red,HANJIN BRION Challengers,Ezreal + Xin Zhao + Akali + Neeko + Gnar,Renekton + Jarvan IV + Orianna + Caitlyn + Bard,True,5
LCK CL/2026 Season/Rounds 1-2_Week 7_7_1,blue,Dplus Kia Challengers,Ashe + Nocturne + Lulu + Mel + Jayce,Jayce + Nocturne + Mel + Ashe + Lulu,False,5
LCK CL/2026 Season/Rounds 1-2_Week 7_7_1,red,BNK FEARX Youth,Seraphine + Xin Zhao + Ezreal + Ahri + K'Sante,K'Sante + Xin Zhao + Ahri + Ezreal + Seraphine,False,5
LCK CL/2026 Season/Rounds 1-2_Week 7_8_1,blue,DN SOOPers Challengers,Orianna + Pantheon + Jayce + Mel + Pyke,Jayce + Pantheon + Orianna + Mel + Pyke,False,5
LCK CL/2026 Season/Rounds 1-2_Week 7_8_1,red,T1 Esports Academy,Ashe + Xin Zhao + Seraphine + Viktor + Skarner,Skarner + Xin Zhao + Viktor + Ashe + Seraphine,False,5
LCK CL/2026 Season/Rounds 1-2_Week 7_6_2,blue,HANJIN BRION Challengers,Vi + Aphelios + Thresh + Aurora + Aatrox,Aatrox + Vi + Aurora + Aphelios + Thresh,False,5
LCK CL/2026 Season/Rounds 1-2_Week 7_6_2,red,KT Rolster Challengers,Yunara + Lulu + Skarner + Ambessa + Taliyah,Ambessa + Skarner + Taliyah + Yunara + Lulu,False,5
LCK CL/2026 Season/Rounds 1-2_Week 7_7_2,blue,BNK FEARX Youth,Lucian + Milio + Wukong + Aurora + Sion,Sion + Wukong + Aurora + Lucian + Milio,False,5
LCK CL/2026 Season/Rounds 1-2_Week 7_7_2,red,Dplus Kia Challengers,Bard + Vi + Caitlyn + Azir + Gnar,Gnar + Vi + Azir + Caitlyn + Bard,False,5
LCK CL/2026 Season/Rounds 1-2_Week 7_8_2,blue,DN SOOPers Challengers,Vi + Lucian + Milio + Ambessa + Taliyah,Ambessa + Vi + Taliyah + Lucian + Milio,False,5
LCK CL/2026 Season/Rounds 1-2_Week 7_8_2,red,T1 Esports Academy,Neeko + Wukong + Ezreal + Gnar + Ahri,Gnar + Wukong + Ahri + Ezreal + Neeko,False,5
LCK CL/2026 Season/Rounds 1-2_Week 7_6_3,blue,HANJIN BRION Challengers,Pantheon + Corki + Nami + Gwen + Azir,K'Sante + Wukong + Mel + Jhin + Anivia,True,5
LCK CL/2026 Season/Rounds 1-2_Week 7_6_3,red,KT Rolster Challengers,Wukong + Anivia + K'Sante + Jhin + Mel,Gwen + Pantheon + Azir + Corki + Nami,True,5
LCK CL/2026 Season/Rounds 1-2_Week 7_8_3,blue,DN SOOPers Challengers,Bard + Caitlyn + Trundle + Renekton + Twisted Fate,Anivia + Naafiri + Aurora + Yunara + Lulu,True,5
LCK CL/2026 Season/Rounds 1-2_Week 7_8_3,red,T1 Esports Academy,Yunara + Lulu + Naafiri + Anivia + Aurora,Renekton + Trundle + Twisted Fate + Caitlyn + Bard,True,5
LCK CL/2026 Season/Rounds 1-2_Week 7_7_3,blue,Dplus Kia Challengers,Nami + Corki + Annie + Naafiri + Skarner,Skarner + Naafiri + Annie + Corki + Nami,False,5
LCK CL/2026 Season/Rounds 1-2_Week 7_7_3,red,BNK FEARX Youth,Sivir + Yuumi + Renekton + Anivia + Maokai,Renekton + Maokai + Anivia + Sivir + Yuumi,False,5
LCK/2026 Season/Rounds 1-2_Week 7_3_1,blue,BNK FEARX,Jarvan IV + Lucian + Milio + Sion + Cassiopeia,Renekton + Vi + Akali + Ashe + Seraphine,True,5
LCK/2026 Season/Rounds 1-2_Week 7_3_1,red,Gen.G,Ashe + Seraphine + Vi + Renekton + Akali,Sion + Jarvan IV + Cassiopeia + Lucian + Milio,True,5
LJL/2026 Season/Spring Series_Week 3_1_1,blue,Uwinks,Viktor + Kai'Sa + Pantheon + Rell + Renekton,Renekton + Pantheon + Viktor + Kai'Sa + Rell,False,5
LJL/2026 Season/Spring Series_Week 3_1_1,red,L Guide Gaming,Ezreal + Lee Sin + Karma + Orianna + Gnar,Gnar + Lee Sin + Orianna + Ezreal + Karma,False,5
LCK/2026 Season/Rounds 1-2_Week 7_3_2,blue,BNK FEARX,Nocturne + Yunara + Lulu + Annie + Gnar,Gnar + Nocturne + Annie + Yunara + Lulu,False,5
LCK/2026 Season/Rounds 1-2_Week 7_3_2,red,Gen.G,Neeko + Wukong + Ryze + Jhin + Vayne,Vayne + Wukong + Ryze + Jhin + Neeko,False,5
Esports World Cup 2026/Online Qualifiers/Asia-Pacific_Round 3_1_1,blue,Deep Cross Gaming,Rumble + Lee Sin + Ryze + Corki + Rell,Rumble + Lee Sin + Ryze + Corki + Rell,False,5
Esports World Cup 2026/Online Qualifiers/Asia-Pacific_Round 3_1_1,red,GAM Esports,Jarvan IV + Ambessa + Cassiopeia + Nautilus + Jhin,Ambessa + Jarvan IV + Cassiopeia + Jhin + Nautilus,False,5
Esports World Cup 2026/Online Qualifiers/Asia-Pacific_Round 4_1_1,blue,Fukuoka SoftBank HAWKS gaming,Jarvan IV + Lucian + Milio + Cassiopeia + Shen,Shen + Jarvan IV + Cassiopeia + Lucian + Milio,False,5
Esports World Cup 2026/Online Qualifiers/Asia-Pacific_Round 4_1_1,red,Team Secret (Vietnamese Team),Ezreal + Lee Sin + Seraphine + Sion + Viktor,Sion + Lee Sin + Viktor + Ezreal + Seraphine,False,5
LPL/2026 Season/Split 2_Week 7_5_1,blue,LNG Esports,Karma + Ezreal + Trundle + Gnar + Annie,Gnar + Trundle + Annie + Ezreal + Karma,False,5
LPL/2026 Season/Split 2_Week 7_5_1,red,LGD Gaming,Nautilus + Skarner + Miss Fortune + Ryze + Twisted Fate,Twisted Fate + Skarner + Ryze + Miss Fortune + Nautilus,False,5
LJL/2026 Season/Spring Series_Week 3_1_2,blue,L Guide Gaming,Varus + Bard + Annie + Rumble + Xin Zhao,Rumble + Xin Zhao + Annie + Varus + Bard,False,5
LJL/2026 Season/Spring Series_Week 3_1_2,red,Uwinks,Ashe + Seraphine + Hwei + Ambessa + Anivia,Anivia + Ambessa + Hwei + Ashe + Seraphine,False,5
Esports World Cup 2026/Online Qualifiers/Asia-Pacific_Round 3_1_2,blue,Deep Cross Gaming,Varus + Pantheon + Aurora + Sivir + Rakan,Yorick + Xin Zhao + Twisted Fate + Ezreal + Bard,True,5
Esports World Cup 2026/Online Qualifiers/Asia-Pacific_Round 3_1_2,red,GAM Esports,Bard + Ezreal + Xin Zhao + Twisted Fate + Yorick,Varus + Pantheon + Aurora + Sivir + Rakan,True,5
Esports World Cup 2026/Online Qualifiers/Asia-Pacific_Round 4_1_2,blue,Fukuoka SoftBank HAWKS gaming,Ryze + Xin Zhao + Renekton + Ziggs + Bard,Gragas + Naafiri + Anivia + Caitlyn + Skarner,True,5
Esports World Cup 2026/Online Qualifiers/Asia-Pacific_Round 4_1_2,red,Team Secret (Vietnamese Team),Anivia + Naafiri + Gragas + Caitlyn + Skarner,Renekton + Xin Zhao + Ryze + Ziggs + Bard,True,5
VCS/2026 Season/Summer Season_Week 1_3_1,blue,SN CyberCore Esports,Jarvan IV + Nautilus + Corki + Akali + Jax,Jax + Jarvan IV + Akali + Corki + Nautilus,False,5
VCS/2026 Season/Summer Season_Week 1_3_1,red,9Gaming,Lucian + Milio + Xin Zhao + Anivia + K'Sante,K'Sante + Xin Zhao + Anivia + Lucian + Milio,False,5
LPL/2026 Season/Split 2_Week 7_5_2,blue,LNG Esports,Nocturne + Lulu + Yunara + Cassiopeia + Yorick,Yorick + Nocturne + Cassiopeia + Yunara + Lulu,False,5
LPL/2026 Season/Split 2_Week 7_5_2,red,LGD Gaming,Lucian + Rumble + Milio + Wukong + Anivia,Rumble + Wukong + Anivia + Lucian + Milio,False,5
LJL/2026 Season/Spring Series_Week 3_2_1,blue,Arneb,Rumble + Rell + Wukong + Viktor + Ezreal,Rumble + Wukong + Viktor + Ezreal + Rell,False,5
LJL/2026 Season/Spring Series_Week 3_2_1,red,FENNEL,Nautilus + Naafiri + Ambessa + Annie + Kai'Sa,Ambessa + Naafiri + Annie + Kai'Sa + Nautilus,False,5
LCK/2026 Season/Rounds 1-2_Week 7_4_1,blue,Kiwoom DRX,Karma + Sivir + Pantheon + Jayce + Annie,Renekton + Xin Zhao + Aurora + Ezreal + Bard,True,5
LCK/2026 Season/Rounds 1-2_Week 7_4_1,red,KT Rolster,Ezreal + Xin Zhao + Bard + Renekton + Aurora,Jayce + Pantheon + Annie + Sivir + Karma,True,5
Esports World Cup 2026/Online Qualifiers/Asia-Pacific_Round 3_1_3,blue,Deep Cross Gaming,Naafiri + Caitlyn + Neeko + Sion + Mel,Shen + Olaf + Annie + Lucian + Milio,True,5
Esports World Cup 2026/Online Qualifiers/Asia-Pacific_Round 3_1_3,red,GAM Esports,Lucian + Milio + Annie + Olaf + Shen,Sion + Naafiri + Mel + Caitlyn + Neeko,True,5
Esports World Cup 2026/Online Qualifiers/Asia-Pacific_Round 4_1_3,blue,Team Secret (Vietnamese Team),Nocturne + Aurora + Neeko + Yunara + Yorick,Cho'Gath + Vi + Ahri + Sivir + Karma,True,5
Esports World Cup 2026/Online Qualifiers/Asia-Pacific_Round 4_1_3,red,Fukuoka SoftBank HAWKS gaming,Ahri + Vi + Karma + Sivir + Cho'Gath,Yorick + Nocturne + Aurora + Yunara + Neeko,True,5
LCK/2026 Season/Rounds 1-2_Week 7_4_2,blue,KT Rolster,Orianna + Yunara + Lulu + Vi + Kennen,Gnar + Jarvan IV + Ryze + Corki + Nami,True,5
LCK/2026 Season/Rounds 1-2_Week 7_4_2,red,Kiwoom DRX,Gnar + Jarvan IV + Ryze + Corki + Nami,Kennen + Vi + Orianna + Yunara + Lulu,True,5
VCS/2026 Season/Summer Season_Week 1_3_2,blue,SN CyberCore Esports,Rumble + Bard + Jhin + Twisted Fate + Trundle,Rumble + Trundle + Twisted Fate + Jhin + Bard,False,5
VCS/2026 Season/Summer Season_Week 1_3_2,red,9Gaming,Aurora + Lulu + Yunara + Zaahen + Ryze,Aurora + Zaahen + Ryze + Yunara + Lulu,False,5
LJL/2026 Season/Spring Series_Week 3_2_2,blue,Arneb,Orianna + Mel + Leona + Xin Zhao + K'Sante,K'Sante + Xin Zhao + Orianna + Mel + Leona,False,5
LJL/2026 Season/Spring Series_Week 3_2_2,red,FENNEL,Seraphine + Ashe + Ryze + Lee Sin + Gwen,Gwen + Lee Sin + Ryze + Ashe + Seraphine,False,5
LPL/2026 Season/Split 2_Week 7_6_1,blue,JD Gaming,Vi + Sion + Cassiopeia + Corki + Nami,Rumble + Naafiri + Yone + Jhin + Karma,True,5
LPL/2026 Season/Split 2_Week 7_6_1,red,Weibo Gaming,Rumble + Naafiri + Yone + Karma + Jhin,Sion + Vi + Cassiopeia + Corki + Nami,True,5
LCK/2026 Season/Rounds 1-2_Week 7_4_3,blue,Kiwoom DRX,Caitlyn + Lux + K'Sante + Poppy + Cassiopeia,K'Sante + Poppy + Cassiopeia + Caitlyn + Lux,False,5
LCK/2026 Season/Rounds 1-2_Week 7_4_3,red,KT Rolster,Neeko + Naafiri + Jhin + Zaahen + Hwei,Zaahen + Naafiri + Hwei + Jhin + Neeko,False,5
VCS/2026 Season/Summer Season_Week 1_4_1,blue,Saigon Dino,Varus + Trundle + Ryze + Rumble + Anivia,Rumble + Trundle + Ryze + Varus + Anivia,False,5
VCS/2026 Season/Summer Season_Week 1_4_1,red,ZEN Esports (Vietnamese Team),Xin Zhao + Bard + Cassiopeia + Corki + Gnar,Gnar + Xin Zhao + Cassiopeia + Corki + Bard,False,5
LJL/2026 Season/Spring Series_Week 3_2_3,blue,FENNEL,Karma + Jhin + Renekton + Azir + Trundle,Renekton + Trundle + Azir + Jhin + Karma,False,5
LJL/2026 Season/Spring Series_Week 3_2_3,red,Arneb,Pantheon + Caitlyn + Ornn + Milio + Aurora,Ornn + Pantheon + Aurora + Caitlyn + Milio,False,5
LPL/2026 Season/Split 2_Week 7_6_2,blue,Weibo Gaming,Twisted Fate + Lucian + Milio + Renekton + Lee Sin,Gnar + Pantheon + Azir + Ashe + Seraphine,True,5
LPL/2026 Season/Split 2_Week 7_6_2,red,JD Gaming,Ashe + Seraphine + Azir + Pantheon + Gnar,Renekton + Lee Sin + Twisted Fate + Lucian + Milio,True,5
VCS/2026 Season/Summer Season_Week 1_4_2,blue,ZEN Esports (Vietnamese Team),Jarvan IV + Jhin + Neeko + Aurora + Renekton,Renekton + Jarvan IV + Aurora + Jhin + Neeko,False,5
VCS/2026 Season/Summer Season_Week 1_4_2,red,Saigon Dino,Naafiri + Ezreal + Annie + Nautilus + Zaahen,Zaahen + Naafiri + Annie + Ezreal + Nautilus,False,5
Hellenic Legends League/2026 Season/Spring Playoffs_Semifinals_2_1,blue,GOAL,Rumble + Jarvan IV + Ezreal + Aurora + Karma,Rumble + Jarvan IV + Aurora + Ezreal + Karma,False,5
Hellenic Legends League/2026 Season/Spring Playoffs_Semifinals_2_1,red,Team Insidious,Anivia + Dr. Mundo + Jhin + Alistar + Ahri,Anivia + Dr. Mundo + Ahri + Jhin + Alistar,False,5
LPL/2026 Season/Split 2_Week 7_6_3,blue,JD Gaming,Ryze + Ezreal + Neeko + Jayce + K'Sante,Zaahen + Skarner + Taliyah + Caitlyn + Bard,True,5
LPL/2026 Season/Split 2_Week 7_6_3,red,Weibo Gaming,Bard + Taliyah + Caitlyn + Skarner + Zaahen,K'Sante + Jayce + Ryze + Ezreal + Neeko,True,5
Arabian League 2nd Division/2026 Season/Spring Playoffs_Round 1_1_1,blue,Victorious Demons,Orianna + Ezreal + Karma + Wukong + Sion,Sion + Wukong + Orianna + Ezreal + Karma,False,5
Arabian League 2nd Division/2026 Season/Spring Playoffs_Round 1_1_1,red,Pyramid IV Esports,Akali + Xin Zhao + Sivir + Seraphine + K'Sante,K'Sante + Xin Zhao + Akali + Sivir + Seraphine,False,5
Hellenic Legends League/2026 Season/Spring Playoffs_Semifinals_2_2,blue,Team Insidious,Jayce + Trundle + Ziggs + Yone + Rell,Jayce + Trundle + Yone + Ziggs + Rell,False,5
Hellenic Legends League/2026 Season/Spring Playoffs_Semifinals_2_2,red,GOAL,Xin Zhao + K'Sante + Ryze + Nautilus + Sivir,K'Sante + Xin Zhao + Ryze + Sivir + Nautilus,False,5
Arabian League 2nd Division/2026 Season/Spring Playoffs_Round 1_1_2,blue,Victorious Demons,Neeko + Corki + Rumble + Sylas + Aatrox,Rumble + Aatrox + Sylas + Corki + Neeko,False,5
Arabian League 2nd Division/2026 Season/Spring Playoffs_Round 1_1_2,red,Pyramid IV Esports,Ashe + Leona + Ornn + Hecarim + Cassiopeia,Ornn + Hecarim + Cassiopeia + Ashe + Leona,False,5
Esports World Cup 2026/Online Qualifiers/EMEA_Round 4_1_1,blue,Natus Vincere,Ashe + Lulu + Wukong + Sion + Cassiopeia,Sion + Wukong + Cassiopeia + Ashe + Lulu,False,5
Esports World Cup 2026/Online Qualifiers/EMEA_Round 4_1_1,red,G2 Esports,Seraphine + Pantheon + Smolder + Annie + Vayne,Vayne + Pantheon + Annie + Smolder + Seraphine,False,5
Hellenic Legends League/2026 Season/Spring Playoffs_Semifinals_2_3,blue,Team Insidious,Bard + Caitlyn + Irelia + LeBlanc + Kha'Zix,Irelia + Kha'Zix + LeBlanc + Caitlyn + Bard,False,5
Hellenic Legends League/2026 Season/Spring Playoffs_Semifinals_2_3,red,GOAL,Varus + Lucian + Milio + Wukong + Aurelion Sol,Varus + Wukong + Aurelion Sol + Lucian + Milio,False,5
LES/2026 Season/Spring Split_Week 6_3_1,blue,LUA Gaming,Xin Zhao + Caitlyn + Karma + Syndra + Sion,Sion + Xin Zhao + Syndra + Caitlyn + Karma,False,5
LES/2026 Season/Spring Split_Week 6_3_1,red,UCAM Esports,Jarvan IV + Ezreal + Nautilus + Annie + Ambessa,Ambessa + Jarvan IV + Annie + Ezreal + Nautilus,False,5
Esports World Cup 2026/Online Qualifiers/EMEA_Round 4_2_1,blue,Karmine Corp,Orianna + Vi + Galio + Yunara + Nami,Galio + Vi + Orianna + Yunara + Nami,False,5
Esports World Cup 2026/Online Qualifiers/EMEA_Round 4_2_1,red,Movistar KOI,Rumble + Jarvan IV + Ryze + Corki + Rell,Rumble + Jarvan IV + Ryze + Corki + Rell,False,5
Hitpoint 2nd Division Challengers/2026 Season/Spring Split_Week 4_7_1,blue,KIA.eSuba Academy,Ryze + Ashe + Seraphine + Vi + Sion,Sion + Vi + Ryze + Ashe + Seraphine,False,5
Hitpoint 2nd Division Challengers/2026 Season/Spring Split_Week 4_7_1,red,Rugby Club Havířov,Xin Zhao + Ahri + Bard + Varus + Ornn,Ornn + Xin Zhao + Ahri + Varus + Bard,False,5
Esports World Cup 2026/Online Qualifiers/EMEA_Round 4_1_2,blue,G2 Esports,Rumble + Senna + Nautilus + Taliyah + Trundle,Rumble + Trundle + Taliyah + Senna + Nautilus,False,5
Esports World Cup 2026/Online Qualifiers/EMEA_Round 4_1_2,red,Natus Vincere,Ornn + Lucian + Milio + Ryze + Naafiri,Ornn + Naafiri + Ryze + Lucian + Milio,False,5
Esports World Cup 2026/Online Qualifiers/EMEA_Round 4_2_2,blue,Karmine Corp,Seraphine + Ezreal + Anivia + Sion + Naafiri,Sion + Naafiri + Anivia + Ezreal + Seraphine,False,5
Esports World Cup 2026/Online Qualifiers/EMEA_Round 4_2_2,red,Movistar KOI,Xin Zhao + Ashe + Karma + Viktor + Dr. Mundo,Dr. Mundo + Xin Zhao + Viktor + Ashe + Karma,False,5
Arabian League 2nd Division/2026 Season/Spring Playoffs_Round 1_1_3,blue,Victorious Demons,Ryze + Jarvan IV + Pyke + Xayah + Gnar,Gnar + Jarvan IV + Ryze + Xayah + Pyke,False,5
Arabian League 2nd Division/2026 Season/Spring Playoffs_Round 1_1_3,red,Pyramid IV Esports,Bard + Pantheon + Anivia + Tristana + Kennen,Kennen + Pantheon + Anivia + Tristana + Bard,False,5
LES/2026 Season/Spring Split_Week 6_3_2,blue,LUA Gaming,Ornn + Naafiri + Viktor + Lucian + Milio,Ornn + Naafiri + Viktor + Lucian + Milio,False,5
LES/2026 Season/Spring Split_Week 6_3_2,red,UCAM Esports,Rumble + Vi + Orianna + Ashe + Seraphine,Rumble + Vi + Orianna + Ashe + Seraphine,False,5
Esports Balkan League/2026 Season/Spring Playoffs_Round 2_1_1,blue,Lenovo Legion Honvéd,Xin Zhao + Bard + Ezreal + Skarner + Renekton,Renekton + Skarner + Xin Zhao + Ezreal + Bard,False,5
Esports Balkan League/2026 Season/Spring Playoffs_Round 2_1_1,red,Partizan Sangal,Seraphine + Orianna + Ashe + Pantheon + Gnar,Gnar + Pantheon + Orianna + Ashe + Seraphine,False,5
LIT/2026 Season/Spring Playoffs_Round 5_1_1,blue,EKO Esports,Smolder + K'Sante + Ryze + Lee Sin + Nautilus,K'Sante + Lee Sin + Ryze + Smolder + Nautilus,False,5
LIT/2026 Season/Spring Playoffs_Round 5_1_1,red,GMBLERS Esports,Sion + Orianna + Nocturne + Lucian + Milio,Sion + Nocturne + Orianna + Lucian + Milio,False,5
Hitpoint 2nd Division Challengers/2026 Season/Spring Split_Week 4_7_2,blue,KIA.eSuba Academy,Ezreal + Pantheon + Rumble + Hwei + Alistar,Rumble + Pantheon + Hwei + Ezreal + Alistar,False,5
Hitpoint 2nd Division Challengers/2026 Season/Spring Split_Week 4_7_2,red,Rugby Club Havířov,Yunara + Maokai + Akali + Gragas + Neeko,Gragas + Maokai + Akali + Yunara + Neeko,False,5
Hellenic Legends League/2026 Season/Spring Playoffs_Semifinals_2_4,blue,GOAL,Akali + Miss Fortune + Seraphine + Olaf + Renekton,Renekton + Olaf + Akali + Miss Fortune + Seraphine,False,5
Hellenic Legends League/2026 Season/Spring Playoffs_Semifinals_2_4,red,Team Insidious,Skarner + Ashe + Rakan + Yasuo + Kennen,Kennen + Skarner + Yasuo + Ashe + Rakan,False,5
Arabian League 2nd Division/2026 Season/Spring Playoffs_Round 1_2_2,blue,NextGeneration Esports,Karma + Pantheon + Ezreal + Shen + Ahri,Shen + Pantheon + Ahri + Ezreal + Karma,False,5
Arabian League 2nd Division/2026 Season/Spring Playoffs_Round 1_2_2,red,JSK Academy,Xin Zhao + Lulu + Sivir + Sion + LeBlanc,Sion + Xin Zhao + LeBlanc + Sivir + Lulu,False,5
Esports Balkan League/2026 Season/Spring Playoffs_Round 2_1_2,blue,Partizan Sangal,Jarvan IV + Yunara + Lulu + Twisted Fate + Jayce,Jayce + Jarvan IV + Twisted Fate + Yunara + Lulu,False,5
Esports Balkan League/2026 Season/Spring Playoffs_Round 2_1_2,red,Lenovo Legion Honvéd,Aurora + Wukong + Smolder + Karma + Annie,Aurora + Wukong + Annie + Smolder + Karma,False,5
Esports World Cup 2026/Online Qualifiers/EMEA_Round 3_1_1,blue,Galions,Ezreal + Karma + Ryze + Naafiri + Jayce,Sion + Wukong + Taliyah + Lucian + Milio,True,5
Esports World Cup 2026/Online Qualifiers/EMEA_Round 3_1_1,red,Shifters,Lucian + Milio + Taliyah + Wukong + Sion,Jayce + Naafiri + Ryze + Ezreal + Karma,True,5
LES/2026 Season/Spring Split_Week 6_4_1,blue,UB Alma Mater,Sion + Neeko + Varus + Naafiri + Akali,Sion + Naafiri + Akali + Varus + Neeko,False,5
LES/2026 Season/Spring Split_Week 6_4_1,red,Team Heretics Academy,Ezreal + Anivia + Pantheon + Shen + Annie,Shen + Pantheon + Annie + Ezreal + Anivia,False,5
LIT/2026 Season/Spring Playoffs_Round 5_1_2,blue,EKO Esports,Ezreal + Karma + Hwei + Trundle + Swain,Swain + Trundle + Hwei + Ezreal + Karma,False,5
LIT/2026 Season/Spring Playoffs_Round 5_1_2,red,GMBLERS Esports,Xin Zhao + Kai'Sa + Rell + Mel + Ornn,Ornn + Xin Zhao + Mel + Kai'Sa + Rell,False,5
Esports World Cup 2026/Online Qualifiers/EMEA_Round 3_2_1,blue,Solary,Orianna + Smolder + Vi + K'Sante + Nami,K'Sante + Vi + Orianna + Smolder + Nami,False,5
Esports World Cup 2026/Online Qualifiers/EMEA_Round 3_2_1,red,GIANTX,Jarvan IV + Ezreal + Akali + Rakan + Renekton,Renekton + Jarvan IV + Akali + Ezreal + Rakan,False,5
Hellenic Legends League/2026 Season/Spring Playoffs_Semifinals_2_5,blue,Team Insidious,Leona + Kai'Sa + Naafiri + Gnar + Azir,Gnar + Naafiri + Azir + Kai'Sa + Leona,False,5
Hellenic Legends League/2026 Season/Spring Playoffs_Semifinals_2_5,red,GOAL,Corki + Aatrox + Nami + Taliyah + Ambessa,Ambessa + Aatrox + Taliyah + Corki + Nami,False,5
Esports Balkan League/2026 Season/Spring Playoffs_Round 2_2_1,blue,The Secret Club,Rumble + Ezreal + Pantheon + Annie + Bard,Rumble + Pantheon + Annie + Ezreal + Bard,False,5
Esports Balkan League/2026 Season/Spring Playoffs_Round 2_2_1,red,Magaza Esports,K'Sante + Xin Zhao + Aurora + Varus + Nautilus,K'Sante + Xin Zhao + Aurora + Varus + Nautilus,False,5
Arabian League 2nd Division/2026 Season/Spring Playoffs_Round 1_2_3,blue,JSK Academy,Nami + Corki + Skarner + Ornn + Taliyah,Ornn + Skarner + Taliyah + Corki + Nami,False,5
Arabian League 2nd Division/2026 Season/Spring Playoffs_Round 1_2_3,red,NextGeneration Esports,Nautilus + Varus + Vi + Kennen + Katarina,Kennen + Vi + Katarina + Varus + Nautilus,False,5
LIT/2026 Season/Spring Playoffs_Round 5_1_3,blue,EKO Esports,Corki + Nami + Naafiri + Syndra + Yorick,Yorick + Naafiri + Syndra + Corki + Nami,False,5
LIT/2026 Season/Spring Playoffs_Round 5_1_3,red,GMBLERS Esports,Jarvan IV + Senna + Leona + Akali + Shyvana,Shyvana + Jarvan IV + Akali + Senna + Leona,False,5
LES/2026 Season/Spring Split_Week 6_4_2,blue,UB Alma Mater,Ambessa + Xin Zhao + Ahri + Ashe + Seraphine,Ambessa + Xin Zhao + Ahri + Ashe + Seraphine,False,5
LES/2026 Season/Spring Split_Week 6_4_2,red,Team Heretics Academy,Gnar + Dr. Mundo + Orianna + Caitlyn + Karma,Gnar + Dr. Mundo + Orianna + Caitlyn + Karma,False,5
Hitpoint 2nd Division Challengers/2026 Season/Spring Split_Week 4_8_1,blue,CITA Kaizen Academy,Cho'Gath + Xin Zhao + Viktor + Lucian + Yuumi,Cho'Gath + Xin Zhao + Viktor + Lucian + Yuumi,False,5
Hitpoint 2nd Division Challengers/2026 Season/Spring Split_Week 4_8_1,red,Priority,Aurora + Pantheon + Ahri + Corki + Nami,Aurora + Pantheon + Ahri + Corki + Nami,False,5
Esports World Cup 2026/Online Qualifiers/EMEA_Round 3_2_2,blue,Solary,Xin Zhao + Ziggs + Nautilus + Viktor + Jax,Anivia + Pantheon + Galio + Caitlyn + Bard,True,5
Esports World Cup 2026/Online Qualifiers/EMEA_Round 3_2_2,red,GIANTX,Anivia + Caitlyn + Pantheon + Bard + Galio,Jax + Xin Zhao + Viktor + Ziggs + Nautilus,True,5
Road Of Legends/2026 Season/Spring Split_Week 7_3_2,blue,Myth Esports,Aurora + Jarvan IV + Jhin + Sion + Bard,Sion + Jarvan IV + Aurora + Jhin + Bard,False,5
Road Of Legends/2026 Season/Spring Split_Week 7_3_2,red,The Bandits,Yunara + Xin Zhao + Lulu + Ahri + Gwen,Gwen + Xin Zhao + Ahri + Yunara + Lulu,False,5
Esports World Cup 2026/Online Qualifiers/EMEA_Round 3_1_2,blue,Galions,Pantheon + Kai'Sa + Neeko + K'Sante + Viktor,K'Sante + Pantheon + Viktor + Kai'Sa + Neeko,False,5
Esports World Cup 2026/Online Qualifiers/EMEA_Round 3_1_2,red,Shifters,Rumble + Jhin + Rakan + Ahri + Nocturne,Rumble + Nocturne + Ahri + Jhin + Rakan,False,5
LPLOL/2026 Season/Spring Split_Week 3_1_1,blue,Ronaldo Team,Ambessa + Brand + Rell + Naafiri + Viktor,Ambessa + Naafiri + Viktor + Brand + Rell,False,5
LPLOL/2026 Season/Spring Split_Week 3_1_1,red,Otter Side,Ezreal + Vi + Karma + Sion + Ryze,Sion + Vi + Ryze + Ezreal + Karma,False,5
Road Of Legends/2026 Season/Spring Split_Week 7_4_1,blue,ZennIT,Ryze + Ashe + Seraphine + Jarvan IV + K'Sante,K'Sante + Jarvan IV + Ryze + Ashe + Seraphine,False,5
Road Of Legends/2026 Season/Spring Split_Week 7_4_1,red,Once Upon A Team,Pantheon + Annie + Nautilus + Mel + Gnar,Gnar + Pantheon + Annie + Mel + Nautilus,False,5
Esports Balkan League/2026 Season/Spring Playoffs_Round 2_2_2,blue,Magaza Esports,Zaahen + Lulu + Yunara + Skarner + Viktor,Zaahen + Skarner + Viktor + Yunara + Lulu,False,5
Esports Balkan League/2026 Season/Spring Playoffs_Round 2_2_2,red,The Secret Club,Karma + Ryze + Jhin + Ambessa + Jarvan IV,Ambessa + Jarvan IV + Ryze + Jhin + Karma,False,5
Hitpoint 2nd Division Challengers/2026 Season/Spring Split_Week 4_8_2,blue,CITA Kaizen Academy,Azir + Wukong + Sion + Xayah + Rakan,Sion + Wukong + Azir + Xayah + Rakan,False,5
Hitpoint 2nd Division Challengers/2026 Season/Spring Split_Week 4_8_2,red,Priority,Taliyah + Skarner + Aatrox + Lulu + Tristana,Aatrox + Skarner + Taliyah + Tristana + Lulu,False,5
Road Of Legends/2026 Season/Spring Split_Week 7_3_3,blue,The Bandits,Ryze + Ezreal + Wukong + Nautilus + Tryndamere,Tryndamere + Wukong + Ryze + Ezreal + Nautilus,False,5
Road Of Legends/2026 Season/Spring Split_Week 7_3_3,red,Myth Esports,Anivia + Corki + Naafiri + Alistar + Darius,Darius + Naafiri + Anivia + Corki + Alistar,False,5
Arabian League 2nd Division/2026 Season/Spring Playoffs_Round 1_3_1,blue,Victorious Demons,Bard + Pantheon + K'Sante + Jhin + Ahri,K'Sante + Pantheon + Ahri + Jhin + Bard,False,5
Arabian League 2nd Division/2026 Season/Spring Playoffs_Round 1_3_1,red,JSK Academy,Aatrox + Xin Zhao + Lulu + Tristana + Mel,Aatrox + Xin Zhao + Mel + Tristana + Lulu,False,5
Road Of Legends/2026 Season/Spring Split_Week 7_4_2,blue,Once Upon A Team,Lulu + Ambessa + Varus + Syndra + Renekton,Renekton + Ambessa + Syndra + Varus + Lulu,False,5
Road Of Legends/2026 Season/Spring Split_Week 7_4_2,red,ZennIT,Lucian + Milio + Aurora + Naafiri + Ornn,Ornn + Naafiri + Aurora + Lucian + Milio,False,5
LPLOL/2026 Season/Spring Split_Week 3_2_1,blue,Bubliki,Karma + Tristana + Wukong + Ahri + Shen,Shen + Wukong + Ahri + Tristana + Karma,False,5
LPLOL/2026 Season/Spring Split_Week 3_2_1,red,Francesinhas,Naafiri + Ezreal + Nami + Hwei + Fiora,Fiora + Naafiri + Hwei + Ezreal + Nami,False,5
Hitpoint 2nd Division Challengers/2026 Season/Spring Split_Week 4_8_3,blue,Priority,Olaf + Nocturne + Anivia + Ashe + Seraphine,Olaf + Nocturne + Anivia + Ashe + Seraphine,False,5
Hitpoint 2nd Division Challengers/2026 Season/Spring Split_Week 4_8_3,red,CITA Kaizen Academy,Renekton + Sylas + Ryze + Ezreal + Bard,Renekton + Sylas + Ryze + Ezreal + Bard,False,5
Arabian League 2nd Division/2026 Season/Spring Playoffs_Round 1_3_2,blue,Victorious Demons,Karma + Wukong + Ezreal + Dr. Mundo + Aurora,Dr. Mundo + Wukong + Aurora + Ezreal + Karma,False,5
Arabian League 2nd Division/2026 Season/Spring Playoffs_Round 1_3_2,red,JSK Academy,Jarvan IV + Nautilus + Kai'Sa + Ornn + Azir,Ornn + Jarvan IV + Azir + Kai'Sa + Nautilus,False,5
North American Challengers League/2026 Season/Spring Season_Week 8_1_1,blue,Maryville University,Orianna + Karma + Vi + Smolder + Rumble,Galio + Jarvan IV + Azir + Ezreal + Bard,True,5
North American Challengers League/2026 Season/Spring Season_Week 8_1_1,red,Supernova,Jarvan IV + Ezreal + Bard + Azir + Galio,Rumble + Vi + Orianna + Smolder + Karma,True,5
LPLOL/2026 Season/Spring Split_Week 3_3_1,blue,Crusaders,Ryze + Yunara + Lulu + Skarner + Rumble,Rumble + Skarner + Ryze + Yunara + Lulu,False,5
LPLOL/2026 Season/Spring Split_Week 3_3_1,red,Dream Esports,Smolder + Ahri + Nami + Xin Zhao + K'Sante,K'Sante + Xin Zhao + Ahri + Smolder + Nami,False,5
Road Of Legends/2026 Season/Spring Split_Week 7_4_3,blue,Once Upon A Team,Xin Zhao + Ahri + Ezreal + Yuumi + Aatrox,Aatrox + Xin Zhao + Ahri + Ezreal + Yuumi,False,5
Road Of Legends/2026 Season/Spring Split_Week 7_4_3,red,ZennIT,Orianna + Nocturne + Sivir + Neeko + Vayne,Vayne + Nocturne + Orianna + Sivir + Neeko,False,5
Arabian League 2nd Division/2026 Season/Spring Playoffs_Round 1_3_3,blue,JSK Academy,Lucian + Nami + Skarner + Galio + Renekton,Renekton + Skarner + Galio + Lucian + Nami,False,5
Arabian League 2nd Division/2026 Season/Spring Playoffs_Round 1_3_3,red,Victorious Demons,Varus + Ambessa + Rell + Hwei + Viego,Ambessa + Viego + Hwei + Varus + Rell,False,5
North American Challengers League/2026 Season/Spring Season_Week 8_1_2,blue,Maryville University,Lucian + Milio + Wukong + Akali + Jax,Jax + Wukong + Akali + Lucian + Milio,False,5
North American Challengers League/2026 Season/Spring Season_Week 8_1_2,red,Supernova,Ryze + Nautilus + Xin Zhao + Senna + K'Sante,K'Sante + Xin Zhao + Ryze + Senna + Nautilus,False,5
LPLOL/2026 Season/Spring Split_Week 3_4_1,blue,ZeroZone Gaming,Orianna + Yunara + Lulu + Lee Sin + Gnar,Gnar + Lee Sin + Orianna + Yunara + Lulu,False,5
LPLOL/2026 Season/Spring Split_Week 3_4_1,red,GTZ Esports,Akali + Corki + Nami + Pantheon + Malphite,Malphite + Pantheon + Akali + Corki + Nami,False,5
North American Challengers League/2026 Season/Spring Season_Week 8_1_3,blue,Maryville University,Ambessa + Jhin + Neeko + Annie + Naafiri,Ambessa + Naafiri + Annie + Jhin + Neeko,False,5
North American Challengers League/2026 Season/Spring Season_Week 8_1_3,red,Supernova,Caitlyn + Skarner + Anivia + Twisted Fate + Vayne,Vayne + Skarner + Twisted Fate + Caitlyn + Anivia,False,5
North American Challengers League/2026 Season/Spring Season_Week 8_2_1,blue,Conviction,Orianna + Ezreal + Neeko + Rumble + Naafiri,Ambessa + Vi + Ahri + Varus + Bard,True,5
North American Challengers League/2026 Season/Spring Season_Week 8_2_1,red,Dorado Gaming,Varus + Bard + Vi + Ahri + Ambessa,Rumble + Naafiri + Orianna + Ezreal + Neeko,True,5
North American Challengers League/2026 Season/Spring Season_Week 8_2_2,blue,Conviction,Jarvan IV + Caitlyn + Elise + Jayce + Twisted Fate,Jayce + Jarvan IV + Twisted Fate + Caitlyn + Elise,False,5
North American Challengers League/2026 Season/Spring Season_Week 8_2_2,red,Dorado Gaming,Corki + Xin Zhao + Nami + Aurora + Sion,Sion + Xin Zhao + Aurora + Corki + Nami,False,5
LCK CL/2026 Season/Rounds 1-2_Week 7_9_1,blue,Gen.G Global Academy,Lucian + Vi + Milio + Jayce + Viktor,K'Sante + Xin Zhao + Cassiopeia + Yunara + Lulu,True,5
LCK CL/2026 Season/Rounds 1-2_Week 7_9_1,red,Kiwoom DRX Challengers,Yunara + Lulu + Xin Zhao + Cassiopeia + K'Sante,Jayce + Vi + Viktor + Lucian + Milio,True,5
LCK CL/2026 Season/Rounds 1-2_Week 7_10_1,blue,Nongshim Esports Academy,Jarvan IV + Bard + Caitlyn + Gnar + Cassiopeia,Gnar + Jarvan IV + Cassiopeia + Caitlyn + Bard,False,5
LCK CL/2026 Season/Rounds 1-2_Week 7_10_1,red,Hanwha Life Esports Challengers,Xin Zhao + Ezreal + Neeko + Sion + Aurora,Sion + Xin Zhao + Aurora + Ezreal + Neeko,False,5
LCK CL/2026 Season/Rounds 1-2_Week 7_10_2,blue,Nongshim Esports Academy,Lucian + Milio + Anivia + Trundle + Yorick,Jayce + Pantheon + Ryze + Yunara + Lulu,True,5
LCK CL/2026 Season/Rounds 1-2_Week 7_10_2,red,Hanwha Life Esports Challengers,Jayce + Ryze + Pantheon + Yunara + Lulu,Yorick + Trundle + Anivia + Lucian + Milio,True,5
LCK CL/2026 Season/Rounds 1-2_Week 7_9_2,blue,Gen.G Global Academy,Pantheon + Nautilus + Miss Fortune + Yorick + Taliyah,Yorick + Pantheon + Taliyah + Miss Fortune + Nautilus,False,5
LCK CL/2026 Season/Rounds 1-2_Week 7_9_2,red,Kiwoom DRX Challengers,Ezreal + Bard + Skarner + Gnar + Ryze,Gnar + Skarner + Ryze + Ezreal + Bard,False,5
LCK CL/2026 Season/Rounds 1-2_Week 7_10_3,blue,Hanwha Life Esports Challengers,Annie + Renekton + Wukong + Jhin + Nautilus,Renekton + Wukong + Annie + Jhin + Nautilus,False,5
LCK CL/2026 Season/Rounds 1-2_Week 7_10_3,red,Nongshim Esports Academy,Skarner + Miss Fortune + Vayne + Viktor + Alistar,Vayne + Skarner + Viktor + Miss Fortune + Alistar,False,5
LCK/2026 Season/Rounds 1-2_Week 7_5_1,blue,Hanwha Life Esports,Orianna + Caitlyn + Karma + Sion + Lee Sin,Sion + Lee Sin + Orianna + Caitlyn + Karma,False,5
LCK/2026 Season/Rounds 1-2_Week 7_5_1,red,Dplus Kia,Jarvan IV + Ashe + Seraphine + Zyra + Irelia,Irelia + Jarvan IV + Zyra + Ashe + Seraphine,False,5
LJL/2026 Season/Spring Series_Week 3_3_1,blue,Rising Gaming,Bard + Xin Zhao + Ezreal + Taliyah + Gnar,Gnar + Xin Zhao + Taliyah + Ezreal + Bard,False,5
LJL/2026 Season/Spring Series_Week 3_3_1,red,DetonatioN FocusMe Academy,Nautilus + Vi + Kai'Sa + Ahri + Jayce,Jayce + Vi + Ahri + Kai'Sa + Nautilus,False,5
LJL/2026 Season/Spring Series_Week 3_3_2,blue,Rising Gaming,Ambessa + Yunara + Lulu + K'Sante + LeBlanc,K'Sante + Ambessa + LeBlanc + Yunara + Lulu,False,5
LJL/2026 Season/Spring Series_Week 3_3_2,red,DetonatioN FocusMe Academy,Lucian + Milio + Wukong + Akali + Smolder,Smolder + Wukong + Akali + Lucian + Milio,False,5
LCK/2026 Season/Rounds 1-2_Week 7_5_2,blue,Hanwha Life Esports,Lulu + Yunara + Twisted Fate + Nocturne + Jayce,Yorick + Xin Zhao + Cassiopeia + Corki + Nami,True,5
LCK/2026 Season/Rounds 1-2_Week 7_5_2,red,Dplus Kia,Xin Zhao + Corki + Nami + Cassiopeia + Yorick,Jayce + Nocturne + Twisted Fate + Yunara + Lulu,True,5
LPL/2026 Season/Split 2_Week 7_7_1,blue,Ultra Prime,Rumble + Vi + Taliyah + Yunara + Lulu,K'Sante + Jarvan IV + Ryze + Corki + Nami,True,5
LPL/2026 Season/Split 2_Week 7_7_1,red,Oh My God,Jarvan IV + Ryze + K'Sante + Corki + Nami,Rumble + Vi + Taliyah + Yunara + Lulu,True,5
LPL/2026 Season/Split 2_Week 7_7_2,blue,Ultra Prime,Pantheon + Caitlyn + Bard + Akali + Yorick,Yorick + Pantheon + Akali + Caitlyn + Bard,False,5
LPL/2026 Season/Split 2_Week 7_7_2,red,Oh My God,Lucian + Milio + Gnar + Xin Zhao + LeBlanc,Gnar + Xin Zhao + LeBlanc + Lucian + Milio,False,5
LJL/2026 Season/Spring Series_Week 3_4_1,blue,RAYN Clocks,Ezreal + Xin Zhao + Bard + Renekton + Galio,Renekton + Xin Zhao + Galio + Ezreal + Bard,False,5
LJL/2026 Season/Spring Series_Week 3_4_1,red,New Meta,Jarvan IV + Neeko + Kai'Sa + Viktor + Jayce,Jayce + Jarvan IV + Viktor + Kai'Sa + Neeko,False,5
VCS/2026 Season/Summer Season_Week 1_5_1,blue,SN CyberCore Esports,Nocturne + Ornn + Nautilus + Sivir + Aurora,Ornn + Nocturne + Aurora + Sivir + Nautilus,False,5
VCS/2026 Season/Summer Season_Week 1_5_1,red,Saigon Warriors,Bard + Rumble + Ezreal + Trundle + Ryze,Rumble + Trundle + Ryze + Ezreal + Bard,False,5
LCK/2026 Season/Rounds 1-2_Week 7_6_1,blue,HANJIN BRION,Jarvan IV + Ashe + Seraphine + Taliyah + Renekton,Sion + Lee Sin + Ryze + Jhin + Karma,True,5
LCK/2026 Season/Rounds 1-2_Week 7_6_1,red,DN SOOPers,Karma + Jhin + Ryze + Lee Sin + Sion,Renekton + Jarvan IV + Taliyah + Ashe + Seraphine,True,5
VCS/2026 Season/Summer Season_Week 1_5_2,blue,Saigon Warriors,Pantheon + Lucian + Milio + Cassiopeia + Jayce,Jayce + Pantheon + Cassiopeia + Lucian + Milio,False,5
VCS/2026 Season/Summer Season_Week 1_5_2,red,SN CyberCore Esports,Nami + Vi + Corki + Twisted Fate + Yorick,Yorick + Vi + Twisted Fate + Corki + Nami,False,5
LJL/2026 Season/Spring Series_Week 3_4_2,blue,New Meta,Orianna + Lulu + Yunara + Skarner + Ambessa,Ambessa + Skarner + Orianna + Yunara + Lulu,False,5
LJL/2026 Season/Spring Series_Week 3_4_2,red,RAYN Clocks,Karma + Naafiri + Annie + Miss Fortune + Maokai,Maokai + Naafiri + Annie + Miss Fortune + Karma,False,5
LCK/2026 Season/Rounds 1-2_Week 7_6_2,blue,DN SOOPers,Ezreal + Neeko + Xin Zhao + Zaahen + Akali,Ambessa + Vi + Cassiopeia + Corki + Nami,True,5
LCK/2026 Season/Rounds 1-2_Week 7_6_2,red,HANJIN BRION,Cassiopeia + Vi + Ambessa + Corki + Nami,Zaahen + Xin Zhao + Akali + Ezreal + Neeko,True,5
LPL/2026 Season/Split 2_Week 7_8_1,blue,Top Esports,Jarvan IV + Jayce + LeBlanc + Xayah + Rakan,K'Sante + Vi + Cassiopeia + Jhin + Neeko,True,5
LPL/2026 Season/Split 2_Week 7_8_1,red,Bilibili Gaming,Vi + Cassiopeia + K'Sante + Jhin + Neeko,Jayce + Jarvan IV + LeBlanc + Xayah + Rakan,True,5
VCS/2026 Season/Summer Season_Week 1_5_3,blue,Saigon Warriors,Ashe + Naafiri + Lulu + Vayne + Sylas,Vayne + Naafiri + Sylas + Ashe + Lulu,False,5
VCS/2026 Season/Summer Season_Week 1_5_3,red,SN CyberCore Esports,Seraphine + Xin Zhao + Jhin + Gnar + Viktor,Gnar + Xin Zhao + Viktor + Jhin + Seraphine,False,5
LPL/2026 Season/Split 2_Week 7_8_2,blue,Bilibili Gaming,Ryze + Yunara + Lulu + Ambessa + Lee Sin,Gnar + Pantheon + Anivia + Lucian + Milio,True,5
LPL/2026 Season/Split 2_Week 7_8_2,red,Top Esports,Lucian + Milio + Gnar + Pantheon + Anivia,Ambessa + Lee Sin + Ryze + Yunara + Lulu,True,5
VCS/2026 Season/Summer Season_Week 1_6_1,blue,9Gaming,Rumble + Xin Zhao + Seraphine + Kai'Sa + Galio,Rumble + Xin Zhao + Galio + Kai'Sa + Seraphine,False,5
VCS/2026 Season/Summer Season_Week 1_6_1,red,MVK Esports Academy,Ezreal + Naafiri + Nautilus + Sion + Ryze,Sion + Naafiri + Ryze + Ezreal + Nautilus,False,5
LJL/2026 Season/Spring Series_Week 3_4_3,blue,New Meta,Lee Sin + Jhin + Seraphine + Cassiopeia + Tryndamere,Tryndamere + Lee Sin + Cassiopeia + Jhin + Seraphine,False,5
LJL/2026 Season/Spring Series_Week 3_4_3,red,RAYN Clocks,Caitlyn + Rek'Sai + Elise + Sion + Jax,Jax + Rek'Sai + Sion + Caitlyn + Elise,False,5
VCS/2026 Season/Summer Season_Week 1_6_2,blue,MVK Esports Academy,Pantheon + Lucian + Milio + Akali + Renekton,Renekton + Pantheon + Akali + Lucian + Milio,False,5
VCS/2026 Season/Summer Season_Week 1_6_2,red,9Gaming,Nocturne + Lulu + Aphelios + Cassiopeia + K'Sante,K'Sante + Nocturne + Cassiopeia + Aphelios + Lulu,False,5
TCL/2026 Season/Spring Split_Week 6_5_1,blue,Ozarox Esports,Brand + Hecarim + Ekko + Yasuo + Senna,Brand + Hecarim + Ekko + Yasuo + Senna,False,5
TCL/2026 Season/Spring Split_Week 6_5_1,red,Team Phoenix (Turkish Team),Orianna + Jarvan IV + Bard + Ezreal + Anivia,Anivia + Jarvan IV + Orianna + Ezreal + Bard,False,5
Esports World Cup 2026/Online Qualifiers/EMEA_Round 4_3_1,blue,Galions,Lucian + Nami + Wukong + Sion + Cassiopeia,Vayne + Vi + Viktor + Yunara + Milio,True,5
Esports World Cup 2026/Online Qualifiers/EMEA_Round 4_3_1,red,Natus Vincere,Yunara + Milio + Viktor + Vi + Vayne,Sion + Wukong + Cassiopeia + Lucian + Nami,True,5
Hitpoint 2nd Division Challengers/2026 Season/Spring Split_Week 4_9_1,blue,Andromeda Gaming,Xin Zhao + Ezreal + Pyke + Darius + Ryze,Darius + Xin Zhao + Ryze + Ezreal + Pyke,False,5
Hitpoint 2nd Division Challengers/2026 Season/Spring Split_Week 4_9_1,red,EXILE esports Academy,Varus + Wukong + Nautilus + Gangplank + Cassiopeia,Gangplank + Wukong + Cassiopeia + Varus + Nautilus,False,5
TCL/2026 Season/Spring Split_Week 6_5_2,blue,Team Phoenix (Turkish Team),Xin Zhao + Kalista + Renata Glasc + Gwen + Galio,Gwen + Xin Zhao + Galio + Kalista + Renata Glasc,False,5
TCL/2026 Season/Spring Split_Week 6_5_2,red,Ozarox Esports,Shyvana + Mel + Fiddlesticks + Varus + Vayne,Varus + Shyvana + Vayne + Mel + Fiddlesticks,False,5
Esports World Cup 2026/Online Qualifiers/EMEA_Round 4_3_2,blue,Natus Vincere,Seraphine + Ashe + Rumble + Aurora + Ambessa,Rumble + Ambessa + Aurora + Ashe + Seraphine,False,5
Esports World Cup 2026/Online Qualifiers/EMEA_Round 4_3_2,red,Galions,Caitlyn + Bard + Ornn + Naafiri + Annie,Ornn + Naafiri + Annie + Caitlyn + Bard,False,5
Hitpoint 2nd Division Challengers/2026 Season/Spring Split_Week 4_9_2,blue,EXILE esports Academy,Ahri + Talon + Kai'Sa + Twisted Fate + Blitzcrank,Twisted Fate + Talon + Ahri + Kai'Sa + Blitzcrank,False,5
Hitpoint 2nd Division Challengers/2026 Season/Spring Split_Week 4_9_2,red,Andromeda Gaming,Lissandra + Viego + Vayne + Ashe + Leona,Vayne + Viego + Lissandra + Ashe + Leona,False,5
LIT/2026 Season/Spring Playoffs_Semifinals_2_1,blue,Colossal Gaming,Malphite + Nocturne + Orianna + Kai'Sa + Rell,Malphite + Nocturne + Orianna + Kai'Sa + Rell,False,5
LIT/2026 Season/Spring Playoffs_Semifinals_2_1,red,GMBLERS Esports,Xin Zhao + LeBlanc + Xayah + Alistar + Gnar,Gnar + Xin Zhao + LeBlanc + Xayah + Alistar,False,5
Arabian League 2nd Division/2026 Season/Spring Playoffs_Round 2_1_1,blue,NextGeneration Esports,Orianna + Nautilus + Kai'Sa + Sion + Vi,Sion + Vi + Orianna + Kai'Sa + Nautilus,False,5
Arabian League 2nd Division/2026 Season/Spring Playoffs_Round 2_1_1,red,Pyramid IV Esports,Ryze + Bard + Zaahen + Xayah + Gwen,Gwen + Zaahen + Ryze + Xayah + Bard,False,5
TCL/2026 Season/Spring Split_Week 6_6_1,blue,SU Esports,Karma + Sivir + Jarvan IV + Sion + Viktor,Sion + Jarvan IV + Viktor + Sivir + Karma,False,5
TCL/2026 Season/Spring Split_Week 6_6_1,red,BoostGate Esports,Rumble + Ezreal + Seraphine + Pantheon + Aurelion Sol,Rumble + Pantheon + Aurelion Sol + Ezreal + Seraphine,False,5
Esports World Cup 2026/Online Qualifiers/EMEA_Round 4_3_3,blue,Galions,Pantheon + Sivir + Rell + Jayce + Taliyah,Jayce + Pantheon + Taliyah + Sivir + Rell,False,5
Esports World Cup 2026/Online Qualifiers/EMEA_Round 4_3_3,red,Natus Vincere,Neeko + Aatrox + Corki + Renekton + Lissandra,Renekton + Aatrox + Lissandra + Corki + Neeko,False,5
LIT/2026 Season/Spring Playoffs_Semifinals_2_2,blue,Colossal Gaming,Jarvan IV + Varus + Nautilus + Gragas + Viktor,Gragas + Jarvan IV + Viktor + Varus + Nautilus,False,5
LIT/2026 Season/Spring Playoffs_Semifinals_2_2,red,GMBLERS Esports,Lucian + Milio + Wukong + Syndra + Shyvana,Shyvana + Wukong + Syndra + Lucian + Milio,False,5
Benelux Ascend Series/2026 Season/Spring Split_Week 7_3_1,blue,TAKA ASCEND,Xin Zhao + Seraphine + Viktor + Jinx + K'Sante,K'Sante + Xin Zhao + Viktor + Jinx + Seraphine,False,5
Benelux Ascend Series/2026 Season/Spring Split_Week 7_3_1,red,FUSE,Orianna + Lulu + Aphelios + Naafiri + Poppy,Poppy + Naafiri + Orianna + Aphelios + Lulu,False,5
Arabian League 2nd Division/2026 Season/Spring Playoffs_Round 2_1_2,blue,NextGeneration Esports,Seraphine + Ezreal + Lee Sin + LeBlanc + Kennen,Kennen + Lee Sin + LeBlanc + Ezreal + Seraphine,False,5
Arabian League 2nd Division/2026 Season/Spring Playoffs_Round 2_1_2,red,Pyramid IV Esports,Ashe + Aurora + Sejuani + Rell + Irelia,Aurora + Sejuani + Irelia + Ashe + Rell,False,5
LIT/2026 Season/Summer Promotion_Round 1_3_1,blue,DECOY 21,Sion + Ambessa + Azir + Ezreal + Seraphine,Sion + Ambessa + Azir + Ezreal + Seraphine,False,5
LIT/2026 Season/Summer Promotion_Round 1_3_1,red,Epitomy Warriors,Xin Zhao + Ashe + Braum + Shen + Syndra,Shen + Xin Zhao + Syndra + Ashe + Braum,False,5
TCL/2026 Season/Spring Split_Week 6_6_2,blue,BoostGate Esports,Varus + Nautilus + Vi + Hwei + Gnar,Gnar + Vi + Hwei + Varus + Nautilus,False,5
TCL/2026 Season/Spring Split_Week 6_6_2,red,SU Esports,Yunara + Lulu + Naafiri + Aurora + Jax,Jax + Naafiri + Aurora + Yunara + Lulu,False,5
LIT/2026 Season/Summer Promotion_Round 1_2_1,blue,Obsidian Oath,Zaahen + Vi + Ahri + Jinx + Thresh,Zaahen + Vi + Ahri + Jinx + Thresh,False,5
LIT/2026 Season/Summer Promotion_Round 1_2_1,red,Epitomy Esports,Fiora + Aatrox + Viktor + Ezreal + Bard,Fiora + Aatrox + Viktor + Ezreal + Bard,False,5
Esports World Cup 2026/Online Qualifiers/EMEA_Round 4_4_1,blue,Movistar KOI,Varus + Viktor + Skarner + Lucian + Milio,Anivia + Xin Zhao + Cassiopeia + Ezreal + Bard,True,5
Esports World Cup 2026/Online Qualifiers/EMEA_Round 4_4_1,red,GIANTX,Xin Zhao + Anivia + Ezreal + Bard + Cassiopeia,Varus + Skarner + Viktor + Lucian + Milio,True,5
LIT/2026 Season/Spring Playoffs_Semifinals_2_3,blue,Colossal Gaming,Ashe + Nami + Morgana + K'Sante + Naafiri,K'Sante + Morgana + Naafiri + Ashe + Nami,False,5
LIT/2026 Season/Spring Playoffs_Semifinals_2_3,red,GMBLERS Esports,Corki + Leona + Vi + Jayce + Aurora,Jayce + Vi + Aurora + Corki + Leona,False,5
Benelux Ascend Series/2026 Season/Spring Split_Week 7_4_1,blue,RED OUAT,Pantheon + Kai'Sa + Aurora + Sion + Thresh,Sion + Pantheon + Aurora + Kai'Sa + Thresh,False,5
Benelux Ascend Series/2026 Season/Spring Split_Week 7_4_1,red,Frost Tails,Ezreal + Jarvan IV + Annie + Leona + Darius,Darius + Jarvan IV + Annie + Ezreal + Leona,False,5
LPLOL/2026 Season/Spring Split_Week 3_5_1,blue,Dream Esports,Karma + Jarvan IV + Jhin + Syndra + K'Sante,K'Sante + Jarvan IV + Syndra + Jhin + Karma,False,5
LPLOL/2026 Season/Spring Split_Week 3_5_1,red,ZeroZone Gaming,Ashe + Seraphine + Rek'Sai + Taliyah + Gnar,Gnar + Rek'Sai + Taliyah + Ashe + Seraphine,False,5
Arabian League 2nd Division/2026 Season/Spring Playoffs_Round 2_2_1,blue,JSK Academy,Pantheon + Ezreal + Bard + Aatrox + Viktor,Aatrox + Pantheon + Viktor + Ezreal + Bard,False,5
Arabian League 2nd Division/2026 Season/Spring Playoffs_Round 2_2_1,red,NextGeneration Esports,Vi + Varus + Sion + Neeko + Syndra,Sion + Vi + Syndra + Varus + Neeko,False,5
Benelux Ascend Series/2026 Season/Spring Split_Week 7_3_2,blue,FUSE,Karma + Sivir + Ryze + Sion + Jayce,Sion + Jayce + Ryze + Sivir + Karma,False,5
Benelux Ascend Series/2026 Season/Spring Split_Week 7_3_2,red,TAKA ASCEND,Pantheon + Ezreal + Anivia + Rakan + Aatrox,Aatrox + Pantheon + Anivia + Ezreal + Rakan,False,5
LIT/2026 Season/Summer Promotion_Round 1_3_2,blue,Epitomy Warriors,Wukong + Aphelios + Thresh + Renekton + Aurora,Renekton + Wukong + Aurora + Aphelios + Thresh,False,5
LIT/2026 Season/Summer Promotion_Round 1_3_2,red,DECOY 21,Jarvan IV + Caitlyn + Nautilus + Ornn + Cassiopeia,Ornn + Jarvan IV + Cassiopeia + Caitlyn + Nautilus,False,5
TCL/2026 Season/Spring Split_Week 6_6_3,blue,SU Esports,Xin Zhao + Lucian + Milio + Syndra + K'Sante,K'Sante + Xin Zhao + Syndra + Lucian + Milio,False,5
TCL/2026 Season/Spring Split_Week 6_6_3,red,BoostGate Esports,Maokai + Jayce + Jhin + Nami + Vayne,Vayne + Maokai + Jayce + Jhin + Nami,False,5
Esports World Cup 2026/Online Qualifiers/EMEA_Round 4_4_2,blue,Movistar KOI,Ryze + Miss Fortune + Rell + Gnar + Wukong,Shyvana + Trundle + Taliyah + Ashe + Seraphine,True,5
Esports World Cup 2026/Online Qualifiers/EMEA_Round 4_4_2,red,GIANTX,Ashe + Seraphine + Taliyah + Trundle + Shyvana,Gnar + Wukong + Ryze + Miss Fortune + Rell,True,5
LIT/2026 Season/Summer Promotion_Round 1_2_2,blue,Epitomy Esports,Xin Zhao + Corki + Nami + Syndra + Renekton,Renekton + Xin Zhao + Syndra + Corki + Nami,False,5
LIT/2026 Season/Summer Promotion_Round 1_2_2,red,Obsidian Oath,Rek'Sai + Yunara + LeBlanc + Rell + Ornn,Ornn + Rek'Sai + LeBlanc + Yunara + Rell,False,5
LIT/2026 Season/Spring Playoffs_Semifinals_2_4,blue,Colossal Gaming,Yunara + Lulu + Ahri + Dr. Mundo + Brand,Dr. Mundo + Brand + Ahri + Yunara + Lulu,False,5
LIT/2026 Season/Spring Playoffs_Semifinals_2_4,red,GMBLERS Esports,Smolder + Bard + Anivia + Skarner + Renekton,Renekton + Skarner + Anivia + Smolder + Bard,False,5
Hitpoint 2nd Division Challengers/2026 Season/Spring Split_Week 4_10_1,blue,Priority,Viktor + Skarner + Lulu + Zeri + Ornn,Ornn + Skarner + Viktor + Zeri + Lulu,False,5
Hitpoint 2nd Division Challengers/2026 Season/Spring Split_Week 4_10_1,red,KIA.eSuba Academy,Karma + Xin Zhao + Ezreal + Ryze + Renekton,Renekton + Xin Zhao + Ryze + Ezreal + Karma,False,5
Arabian League 2nd Division/2026 Season/Spring Playoffs_Round 2_2_2,blue,NextGeneration Esports,Wukong + Akali + Xayah + Fizz + Rakan,Fizz + Wukong + Akali + Xayah + Rakan,False,5
Arabian League 2nd Division/2026 Season/Spring Playoffs_Round 2_2_2,red,JSK Academy,Nocturne + Orianna + K'Sante + Lucian + Nami,K'Sante + Nocturne + Orianna + Lucian + Nami,False,5
Benelux Ascend Series/2026 Season/Spring Split_Week 7_4_2,blue,RED OUAT,Taliyah + Nocturne + Varus + Rakan + Gnar,Gnar + Nocturne + Taliyah + Varus + Rakan,False,5
Benelux Ascend Series/2026 Season/Spring Split_Week 7_4_2,red,Frost Tails,Smolder + Xerath + Lee Sin + Braum + Nasus,Nasus + Lee Sin + Xerath + Smolder + Braum,False,5
LPLOL/2026 Season/Spring Split_Week 3_6_1,blue,Ronaldo Team,Jarvan IV + Yunara + Lulu + Sion + Cassiopeia,Sion + Jarvan IV + Cassiopeia + Yunara + Lulu,False,5
LPLOL/2026 Season/Spring Split_Week 3_6_1,red,Crusaders,Naafiri + Ezreal + Ryze + Nautilus + Gnar,Gnar + Naafiri + Ryze + Ezreal + Nautilus,False,5
LIT/2026 Season/Summer Promotion_Round 1_2_3,blue,Obsidian Oath,Caitlyn + Braum + Ryze + Wukong + Poppy,Poppy + Wukong + Ryze + Caitlyn + Braum,False,5
LIT/2026 Season/Summer Promotion_Round 1_2_3,red,Epitomy Esports,Nautilus + Mel + Cassiopeia + Pantheon + Olaf,Pantheon + Olaf + Cassiopeia + Mel + Nautilus,False,5
Benelux Ascend Series/2026 Season/Spring Split_Week 7_3_3,blue,TAKA ASCEND,Wukong + Caitlyn + Nami + Renekton + Aurora,Renekton + Wukong + Aurora + Caitlyn + Nami,False,5
Benelux Ascend Series/2026 Season/Spring Split_Week 7_3_3,red,FUSE,Senna + Ambessa + Rell + Syndra + Malphite,Malphite + Ambessa + Syndra + Senna + Rell,False,5
LIT/2026 Season/Spring Playoffs_Semifinals_2_5,blue,GMBLERS Esports,Trundle + Sivir + Rakan + Ryze + Vayne,Vayne + Trundle + Ryze + Sivir + Rakan,False,5
LIT/2026 Season/Spring Playoffs_Semifinals_2_5,red,Colossal Gaming,Karma + Lillia + Miss Fortune + Veigar + Darius,Darius + Lillia + Veigar + Miss Fortune + Karma,False,5
Hitpoint 2nd Division Challengers/2026 Season/Spring Split_Week 4_10_2,blue,Priority,Orianna + Nocturne + Neeko + Kai'Sa + Camille,Ambessa + Sylas + LeBlanc + Xayah + Rakan,True,5
Hitpoint 2nd Division Challengers/2026 Season/Spring Split_Week 4_10_2,red,KIA.eSuba Academy,LeBlanc + Ambessa + Sylas + Rakan + Xayah,Camille + Nocturne + Orianna + Kai'Sa + Neeko,True,5
North American Challengers League/2026 Season/Spring Season_Week 8_3_1,blue,Citadel Gaming,Orianna + Nautilus + Jhin + Gnar + Wukong,K'Sante + Nasus + Azir + Sivir + Bard,True,5
North American Challengers League/2026 Season/Spring Season_Week 8_3_1,red,Winthrop University,Bard + Azir + Sivir + K'Sante + Nasus,Gnar + Wukong + Orianna + Jhin + Nautilus,True,5
LPLOL/2026 Season/Spring Split_Week 3_7_1,blue,Bubliki,Ashe + Seraphine + Nocturne + Renekton + Mel,Renekton + Nocturne + Mel + Ashe + Seraphine,False,5
LPLOL/2026 Season/Spring Split_Week 3_7_1,red,Otter Side,Caitlyn + Bard + Wukong + Gnar + Viktor,Gnar + Wukong + Viktor + Caitlyn + Bard,False,5
North American Challengers League/2026 Season/Spring Season_Week 8_3_2,blue,Citadel Gaming,Jarvan IV + Neeko + Kai'Sa + Ambessa + Ryze,Vayne + Pantheon + Aurora + Smolder + Karma,True,5
North American Challengers League/2026 Season/Spring Season_Week 8_3_2,red,Winthrop University,Smolder + Pantheon + Karma + Aurora + Vayne,Ambessa + Jarvan IV + Ryze + Kai'Sa + Neeko,True,5
LPLOL/2026 Season/Spring Split_Week 3_8_1,blue,Francesinhas,Pantheon + Jhin + Neeko + Aurora + K'Sante,K'Sante + Pantheon + Aurora + Jhin + Neeko,False,5
LPLOL/2026 Season/Spring Split_Week 3_8_1,red,GTZ Esports,Naafiri + Caitlyn + Nautilus + Hwei + Ornn,Ornn + Naafiri + Hwei + Caitlyn + Nautilus,False,5
North American Challengers League/2026 Season/Spring Season_Week 8_4_1,blue,CCG Esports,Karma + Lucian + Xin Zhao + Sejuani + Rumble,Rumble + Sejuani + Xin Zhao + Lucian + Karma,False,5
North American Challengers League/2026 Season/Spring Season_Week 8_4_1,red,Dorado Gaming,Ezreal + Jarvan IV + Orianna + Neeko + K'Sante,K'Sante + Jarvan IV + Orianna + Ezreal + Neeko,False,5
North American Challengers League/2026 Season/Spring Season_Week 8_4_2,blue,CCG Esports,Varus + Bard + Ornn + Rek'Sai + Cassiopeia,Ornn + Rek'Sai + Cassiopeia + Varus + Bard,False,5
North American Challengers League/2026 Season/Spring Season_Week 8_4_2,red,Dorado Gaming,Seraphine + Pantheon + Ashe + Shyvana + Hwei,Shyvana + Pantheon + Hwei + Ashe + Seraphine,False,5
LCK Academy Series/2026 Season/1st Championship Playoffs_Round 3_1_1,blue,Dplus Kia Youth,Jarvan IV + Ashe + Seraphine + Sion + Viktor,Sion + Jarvan IV + Viktor + Ashe + Seraphine,False,5
LCK Academy Series/2026 Season/1st Championship Playoffs_Round 3_1_1,red,Gen.G Scholars,Lucian + Milio + Ryze + Naafiri + Shen,Shen + Naafiri + Ryze + Lucian + Milio,False,5
LCK Academy Series/2026 Season/1st Championship Playoffs_Round 3_1_2,blue,Gen.G Scholars,Varus + Skarner + Aurora + Lulu + Gragas,Gragas + Skarner + Aurora + Varus + Lulu,False,5
LCK Academy Series/2026 Season/1st Championship Playoffs_Round 3_1_2,red,Dplus Kia Youth,Jayce + Pantheon + Twisted Fate + Yunara + Nautilus,Jayce + Pantheon + Twisted Fate + Yunara + Nautilus,False,5
LCK Academy Series/2026 Season/1st Championship Playoffs_Round 3_1_3,blue,Gen.G Scholars,Rumble + Trundle + Bard + Jhin + Brand,Rumble + Trundle + Brand + Jhin + Bard,False,5
LCK Academy Series/2026 Season/1st Championship Playoffs_Round 3_1_3,red,Dplus Kia Youth,Xin Zhao + K'Sante + Annie + Rell + Samira,K'Sante + Xin Zhao + Annie + Samira + Rell,False,5
LCK Academy Series/2026 Season/1st Championship Playoffs_Round 2_3_1,blue,T1 Esports Academy Rookies,Nocturne + Lucian + Milio + Sion + Aurora,Sion + Nocturne + Aurora + Lucian + Milio,False,5
LCK Academy Series/2026 Season/1st Championship Playoffs_Round 2_3_1,red,Hanwha Life Esports Academy,Ezreal + Bard + Xin Zhao + Twisted Fate + Gwen,Gwen + Xin Zhao + Twisted Fate + Ezreal + Bard,False,5
LCK/2026 Season/Rounds 1-2_Week 7_7_1,blue,Gen.G,Ashe + Xin Zhao + Lulu + Yorick + Twisted Fate,Renekton + Skarner + Rumble + Ezreal + Seraphine,True,5
LCK/2026 Season/Rounds 1-2_Week 7_7_1,red,T1,Ezreal + Seraphine + Rumble + Skarner + Renekton,Yorick + Xin Zhao + Twisted Fate + Ashe + Lulu,True,5
LCK Academy Series/2026 Season/1st Championship Playoffs_Round 2_3_2,blue,Hanwha Life Esports Academy,Jarvan IV + Mel + Pyke + Ryze + Jayce,Jayce + Jarvan IV + Ryze + Mel + Pyke,False,5
LCK Academy Series/2026 Season/1st Championship Playoffs_Round 2_3_2,red,T1 Esports Academy Rookies,Ashe + Seraphine + Annie + Aatrox + K'Sante,K'Sante + Aatrox + Annie + Ashe + Seraphine,False,5
LCK/2026 Season/Rounds 1-2_Week 7_7_2,blue,T1,Karma + Jhin + Sion + Annie + Wukong,Ornn + Lee Sin + Anivia + Caitlyn + Lux,True,5
LCK/2026 Season/Rounds 1-2_Week 7_7_2,red,Gen.G,Caitlyn + Lee Sin + Lux + Ornn + Anivia,Sion + Wukong + Annie + Jhin + Karma,True,5
LPL/2026 Season/Split 2_Week 7_9_1,blue,ThunderTalk Gaming,Seraphine + Xin Zhao + Ashe + K'Sante + Annie,K'Sante + Xin Zhao + Annie + Ashe + Seraphine,False,5
LPL/2026 Season/Split 2_Week 7_9_1,red,EDward Gaming,Rumble + Vi + Cassiopeia + Senna + Alistar,Rumble + Vi + Cassiopeia + Senna + Alistar,False,5
LCP/2026 Season/Split 2_Week 7_1_1,blue,Ground Zero Gaming,Ashe + Xin Zhao + Seraphine + Aurora + K'Sante,K'Sante + Xin Zhao + Aurora + Ashe + Seraphine,False,5
LCP/2026 Season/Split 2_Week 7_1_1,red,Deep Cross Gaming,Jarvan IV + Bard + Ryze + Ezreal + Gnar,Gnar + Jarvan IV + Ryze + Ezreal + Bard,False,5
LCK Academy Series/2026 Season/1st Championship Playoffs_Round 2_3_3,blue,T1 Esports Academy Rookies,Rumble + Yunara + Lulu + Trundle + Galio,Rumble + Trundle + Galio + Yunara + Lulu,False,5
LCK Academy Series/2026 Season/1st Championship Playoffs_Round 2_3_3,red,Hanwha Life Esports Academy,Ambessa + Pantheon + Ahri + Corki + Nami,Ambessa + Pantheon + Ahri + Corki + Nami,False,5
LPL/2026 Season/Split 2_Week 7_9_2,blue,ThunderTalk Gaming,Ryze + Corki + Nami + Twisted Fate + Naafiri,Gnar + Jarvan IV + Azir + Jhin + Anivia,True,5
LPL/2026 Season/Split 2_Week 7_9_2,red,EDward Gaming,Jarvan IV + Azir + Gnar + Jhin + Anivia,Twisted Fate + Naafiri + Ryze + Corki + Nami,True,5
LCK/2026 Season/Rounds 1-2_Week 7_7_3,blue,T1,Cassiopeia + Jayce + Vi + Mel + Camille,Jayce + Vi + Cassiopeia + Mel + Camille,False,5
LCK/2026 Season/Rounds 1-2_Week 7_7_3,red,Gen.G,Corki + Pantheon + K'Sante + Neeko + Taliyah,K'Sante + Pantheon + Taliyah + Corki + Neeko,False,5
LCP/2026 Season/Split 2_Week 7_1_2,blue,Ground Zero Gaming,Lee Sin + Nautilus + Jhin + Ambessa + LeBlanc,Ambessa + Lee Sin + LeBlanc + Jhin + Nautilus,False,5
LCP/2026 Season/Split 2_Week 7_1_2,red,Deep Cross Gaming,Varus + Vi + Ahri + Rell + Jayce,Jayce + Vi + Ahri + Varus + Rell,False,5
Nexus League/2026 Season/Spring Split_Week 6_1_1,blue,Crystal Rose (French Team),Varus + Galio + Lee Sin + Leona + Gragas,Gragas + Lee Sin + Galio + Varus + Leona,False,5
Nexus League/2026 Season/Spring Split_Week 6_1_1,red,Lausanne-Sport Esports,Viktor + Kalista + Rek'Sai + Neeko + Olaf,Olaf + Rek'Sai + Viktor + Kalista + Neeko,False,5
Hitpoint Masters/2026 Season/Spring Split_Week 4_1_1,blue,CITA Kaizen,Rumble + Jhin + Bard + Orianna + Kha'Zix,Rumble + Kha'Zix + Orianna + Jhin + Bard,False,5
Hitpoint Masters/2026 Season/Spring Split_Week 4_1_1,red,Bohemian Guardians,Ezreal + Neeko + Ornn + Pantheon + Ryze,Ornn + Pantheon + Ryze + Ezreal + Neeko,False,5
LCP/2026 Season/Split 2_Week 7_1_3,blue,Deep Cross Gaming,Pantheon + Yunara + Lulu + Sion + Taliyah,Sion + Pantheon + Taliyah + Yunara + Lulu,False,5
LCP/2026 Season/Split 2_Week 7_1_3,red,Ground Zero Gaming,Annie + Wukong + Rakan + Zeri + Riven,Riven + Wukong + Annie + Zeri + Rakan,False,5
LPL/2026 Season/Split 2_Week 7_9_3,blue,EDward Gaming,Nocturne + Jayce + Akali + Zeri + Yuumi,Gragas + Wukong + Aurora + Ezreal + Neeko,True,5
LPL/2026 Season/Split 2_Week 7_9_3,red,ThunderTalk Gaming,Ezreal + Aurora + Wukong + Neeko + Gragas,Jayce + Nocturne + Akali + Zeri + Yuumi,True,5
Hitpoint Masters/2026 Season/Spring Split_Week 4_1_2,blue,Bohemian Guardians,Jarvan IV + Seraphine + Ashe + Viktor + Gnar,Gnar + Jarvan IV + Viktor + Ashe + Seraphine,False,5
Hitpoint Masters/2026 Season/Spring Split_Week 4_1_2,red,CITA Kaizen,Yunara + Lulu + Qiyana + Syndra + Malphite,Malphite + Qiyana + Syndra + Yunara + Lulu,False,5
Nexus League/2026 Season/Spring Split_Week 6_2_1,blue,Lille Esport,Pantheon + Varus + Nautilus + Ahri + K'Sante,K'Sante + Pantheon + Ahri + Varus + Nautilus,False,5
Nexus League/2026 Season/Spring Split_Week 6_2_1,red,Caldya Esport,Ezreal + Jarvan IV + Rell + Syndra + Gnar,Gnar + Jarvan IV + Syndra + Ezreal + Rell,False,5
LCK/2026 Season/Rounds 1-2_Week 7_8_1,blue,BNK FEARX,Karma + Caitlyn + Ryze + Pantheon + Jayce,Sion + Jarvan IV + Azir + Ezreal + Nami,True,5
LCK/2026 Season/Rounds 1-2_Week 7_8_1,red,Nongshim RedForce,Ezreal + Jarvan IV + Nami + Azir + Sion,Jayce + Pantheon + Ryze + Caitlyn + Karma,True,5
Hitpoint Masters/2026 Season/Spring Split_Week 4_2_1,blue,EXILE esports,Rumble + Pantheon + Syndra + Smolder + Alistar,Rumble + Pantheon + Syndra + Smolder + Alistar,False,5
Hitpoint Masters/2026 Season/Spring Split_Week 4_2_1,red,BRUTE,Ornn + Xin Zhao + Orianna + Xayah + Nautilus,Ornn + Xin Zhao + Orianna + Xayah + Nautilus,False,5
LCP/2026 Season/Split 2_Week 7_2_1,blue,Fukuoka SoftBank HAWKS gaming,Ezreal + Rumble + Pyke + Sejuani + Yone,Rumble + Sejuani + Yone + Ezreal + Pyke,False,5
LCP/2026 Season/Split 2_Week 7_2_1,red,MVK Esports,Karma + Cassiopeia + Sivir + Ornn + Maokai,Ornn + Maokai + Cassiopeia + Sivir + Karma,False,5
Nexus League/2026 Season/Spring Split_Week 6_3_1,blue,Karmine Corp Blue Stars,Pantheon + Ezreal + Aurora + Karma + Sylas,Aurora + Pantheon + Sylas + Ezreal + Karma,False,5
Nexus League/2026 Season/Spring Split_Week 6_3_1,red,Galions Sharks,Rumble + Zaahen + Ahri + Lucian + Milio,Rumble + Zaahen + Ahri + Lucian + Milio,False,5
LCK/2026 Season/Rounds 1-2_Week 7_8_2,blue,BNK FEARX,Lulu + Nocturne + Gnar + Kog'Maw + Galio,Olaf + Naafiri + Cassiopeia + Yunara + Milio,True,5
LCK/2026 Season/Rounds 1-2_Week 7_8_2,red,Nongshim RedForce,Cassiopeia + Yunara + Milio + Naafiri + Olaf,Gnar + Nocturne + Galio + Kog'Maw + Lulu,True,5
Hitpoint Masters/2026 Season/Spring Split_Week 4_2_2,blue,EXILE esports,Ashe + Sion + Seraphine + Darius + Ahri,Sion + Darius + Ahri + Ashe + Seraphine,False,5
Hitpoint Masters/2026 Season/Spring Split_Week 4_2_2,red,BRUTE,Skarner + Jhin + Fiora + Bel'Veth + Sylas,Fiora + Bel'Veth + Sylas + Jhin + Skarner,False,5
LPL/2026 Season/Split 2_Week 7_10_1,blue,Team WE,Ezreal + Azir + Vi + Seraphine + Renekton,K'Sante + Xin Zhao + Orianna + Sivir + Karma,True,5
LPL/2026 Season/Split 2_Week 7_10_1,red,Ninjas in Pyjamas.CN,Karma + Orianna + Sivir + Xin Zhao + K'Sante,Renekton + Vi + Azir + Ezreal + Seraphine,True,5
LCP/2026 Season/Split 2_Week 7_2_2,blue,Fukuoka SoftBank HAWKS gaming,Lee Sin + Orianna + Yorick + Poppy + Jhin,Yorick + Lee Sin + Orianna + Jhin + Poppy,False,5
LCP/2026 Season/Split 2_Week 7_2_2,red,MVK Esports,Gnar + Wukong + Akali + Mel + Seraphine,Gnar + Wukong + Akali + Mel + Seraphine,False,5
Nexus League/2026 Season/Spring Split_Week 6_4_1,blue,Zephyr Esport,Orianna + Corki + Nami + Naafiri + Sion,Sion + Naafiri + Orianna + Corki + Nami,False,5
Nexus League/2026 Season/Spring Split_Week 6_4_1,red,Project Conquerors,Nocturne + Seraphine + Varus + Viktor + Miss Fortune,Varus + Nocturne + Viktor + Miss Fortune + Seraphine,False,5
LCP/2026 Season/Split 2_Week 7_2_3,blue,Fukuoka SoftBank HAWKS gaming,Caitlyn + Vi + Ahri + Sion + Camille,Sion + Vi + Ahri + Caitlyn + Camille,False,5
LCP/2026 Season/Split 2_Week 7_2_3,red,MVK Esports,Jayce + Ziggs + Aurora + Ambessa + Alistar,Ambessa + Jayce + Aurora + Ziggs + Alistar,False,5
LPL/2026 Season/Split 2_Week 7_10_2,blue,Team WE,Cassiopeia + Caitlyn + Bard + Jayce + Qiyana,Gragas + Trundle + Annie + Corki + Nami,True,5
LPL/2026 Season/Split 2_Week 7_10_2,red,Ninjas in Pyjamas.CN,Corki + Nami + Annie + Trundle + Gragas,Jayce + Qiyana + Cassiopeia + Caitlyn + Bard,True,5
Hitpoint Masters/2026 Season/Spring Split_Week 4_3_1,blue,Onion Team,Ambessa + Vi + Lux + Yunara + Nautilus,Ambessa + Vi + Lux + Yunara + Nautilus,False,5
Hitpoint Masters/2026 Season/Spring Split_Week 4_3_1,red,Meavedron,Ornn + Nocturne + Orianna + Caitlyn + Karma,Ornn + Nocturne + Orianna + Caitlyn + Karma,False,5
LPL/2026 Season/Split 2_Week 7_10_3,blue,Team WE,Ryze + Kog'Maw + Lulu + Naafiri + Sion,Shen + Pantheon + Twisted Fate + Lucian + Milio,True,5
LPL/2026 Season/Split 2_Week 7_10_3,red,Ninjas in Pyjamas.CN,Lucian + Milio + Twisted Fate + Pantheon + Shen,Sion + Naafiri + Ryze + Kog'Maw + Lulu,True,5
Hitpoint Masters/2026 Season/Spring Split_Week 4_3_2,blue,Onion Team,Ezreal + Xin Zhao + Seraphine + Elise + K'Sante,K'Sante + Xin Zhao + Seraphine + Ezreal + Elise,False,5
Hitpoint Masters/2026 Season/Spring Split_Week 4_3_2,red,Meavedron,Wukong + Draven + Rell + Viktor + Gwen,Gwen + Wukong + Viktor + Draven + Rell,False,5
Esports World Cup 2026/Online Qualifiers/EMEA_Round 6_1_1,blue,Karmine Corp,Rumble + Corki + Nami + Aurora + Pantheon,Rumble + Pantheon + Aurora + Corki + Nami,False,5
Esports World Cup 2026/Online Qualifiers/EMEA_Round 6_1_1,red,G2 Esports,Anivia + Jarvan IV + Ezreal + Neeko + Twisted Fate,Anivia + Jarvan IV + Twisted Fate + Ezreal + Neeko,False,5
Esports World Cup 2026/Online Qualifiers/EMEA_Round 5_1_1,blue,Movistar KOI,Pantheon + Caitlyn + Neeko + Sion + Akali,Sion + Pantheon + Akali + Caitlyn + Neeko,False,5
Esports World Cup 2026/Online Qualifiers/EMEA_Round 5_1_1,red,Natus Vincere,Bard + Anivia + Jhin + Skarner + Gnar,Gnar + Skarner + Anivia + Jhin + Bard,False,5
Hitpoint Masters/2026 Season/Spring Split_Week 4_3_3,blue,Onion Team,Sion + Trundle + Miss Fortune + Rakan + Morgana,Sion + Trundle + Morgana + Miss Fortune + Rakan,False,5
Hitpoint Masters/2026 Season/Spring Split_Week 4_3_3,red,Meavedron,Ashe + Viego + Aatrox + Leona + Hwei,Aatrox + Viego + Hwei + Ashe + Leona,False,5
Esports World Cup 2026/Online Qualifiers/EMEA_Round 6_1_2,blue,G2 Esports,Vi + Caitlyn + Karma + K'Sante + Cassiopeia,K'Sante + Vi + Cassiopeia + Caitlyn + Karma,False,5
Esports World Cup 2026/Online Qualifiers/EMEA_Round 6_1_2,red,Karmine Corp,Lulu + Naafiri + Yunara + Annie + Sion,Sion + Naafiri + Annie + Yunara + Lulu,False,5
Esports World Cup 2026/Online Qualifiers/EMEA_Round 5_1_2,blue,Movistar KOI,Seraphine + Ashe + Rumble + Taliyah + Trundle,Rumble + Trundle + Taliyah + Ashe + Seraphine,False,5
Esports World Cup 2026/Online Qualifiers/EMEA_Round 5_1_2,red,Natus Vincere,Varus + Cassiopeia + Nautilus + K'Sante + Qiyana,K'Sante + Qiyana + Cassiopeia + Varus + Nautilus,False,5
CBLOL/2026 Season/Split 1 Playoffs_Round 2_1_1,blue,Fluxo W7M,Bard + Caitlyn + Vi + Gnar + Zoe,Yorick + Jarvan IV + Ryze + Ezreal + Neeko,True,5
CBLOL/2026 Season/Split 1 Playoffs_Round 2_1_1,red,RED Canids,Ezreal + Jarvan IV + Neeko + Ryze + Yorick,Gnar + Vi + Zoe + Caitlyn + Bard,True,5
Arabian League 2nd Division/2026 Season/Spring Playoffs_Finals_1_1,blue,Pyramid IV Esports,Bard + Zaahen + Sivir + Orianna + K'Sante,K'Sante + Zaahen + Orianna + Sivir + Bard,False,5
Arabian League 2nd Division/2026 Season/Spring Playoffs_Finals_1_1,red,NextGeneration Esports,Nautilus + Lee Sin + Ahri + Corki + Gragas,Gragas + Lee Sin + Ahri + Corki + Nautilus,False,5
Hitpoint Masters/2026 Season/Spring Split_Week 4_4_1,blue,eSuba,Ambessa + Skarner + Senna + Cassiopeia + Rell,Ambessa + Skarner + Cassiopeia + Senna + Rell,False,5
Hitpoint Masters/2026 Season/Spring Split_Week 4_4_1,red,Nightbirds,Ezreal + Pantheon + Ryze + Vayne + Nami,Vayne + Pantheon + Ryze + Ezreal + Nami,False,5
Esports World Cup 2026/Online Qualifiers/EMEA_Round 6_1_3,blue,G2 Esports,Ryze + Smolder + Nautilus + Olaf + Malphite,Malphite + Olaf + Ryze + Smolder + Nautilus,False,5
Esports World Cup 2026/Online Qualifiers/EMEA_Round 6_1_3,red,Karmine Corp,Azir + Skarner + Jayce + Rell + Tristana,Skarner + Jayce + Azir + Tristana + Rell,False,5
LIT/2026 Season/Summer Promotion_Round 3_1_1,blue,P11 Esports,Lulu + Wukong + Sivir + Jax + Azir,Jax + Wukong + Azir + Sivir + Lulu,False,5
LIT/2026 Season/Summer Promotion_Round 3_1_1,red,StoneHenge Esports,Varus + Xin Zhao + Orianna + Bard + Gragas,Gragas + Xin Zhao + Orianna + Varus + Bard,False,5
LIT/2026 Season/Summer Promotion_Round 2_1_1,blue,DECOY 21,Karma + Xin Zhao + Sivir + Sylas + Sion,Sion + Xin Zhao + Sylas + Sivir + Karma,False,5
LIT/2026 Season/Summer Promotion_Round 2_1_1,red,Obsidian Oath,Ezreal + Neeko + Ahri + Jarvan IV + Camille,Camille + Jarvan IV + Ahri + Ezreal + Neeko,False,5
LIT/2026 Season/Summer Promotion_Round 3_2_1,blue,Epitomy Esports,Renekton + Xin Zhao + Syndra + Ezreal + Bard,Renekton + Xin Zhao + Syndra + Ezreal + Bard,False,5
LIT/2026 Season/Summer Promotion_Round 3_2_1,red,Huskies Esports,Zaahen + Jarvan IV + Ahri + Ashe + Seraphine,Zaahen + Jarvan IV + Ahri + Ashe + Seraphine,False,5
Arabian League 2nd Division/2026 Season/Spring Playoffs_Finals_1_2,blue,NextGeneration Esports,Wukong + Milio + Lucian + Poppy + Syndra,Poppy + Wukong + Syndra + Lucian + Milio,False,5
Arabian League 2nd Division/2026 Season/Spring Playoffs_Finals_1_2,red,Pyramid IV Esports,Ashe + Seraphine + Pantheon + Renekton + Viktor,Renekton + Pantheon + Viktor + Ashe + Seraphine,False,5
CBLOL/2026 Season/Split 1 Playoffs_Round 2_1_2,blue,Fluxo W7M,Seraphine + Senna + Pantheon + Gwen + Taliyah,Sion + Skarner + Tristana + Ashe + Lulu,True,5
CBLOL/2026 Season/Split 1 Playoffs_Round 2_1_2,red,RED Canids,Ashe + Lulu + Skarner + Sion + Tristana,Gwen + Pantheon + Taliyah + Senna + Seraphine,True,5
Hitpoint Masters/2026 Season/Spring Split_Week 4_4_2,blue,eSuba,K'Sante + Wukong + Aurora + Kai'Sa + Leona,K'Sante + Wukong + Aurora + Kai'Sa + Leona,False,5
Hitpoint Masters/2026 Season/Spring Split_Week 4_4_2,red,Nightbirds,Rumble + Bard + Ahri + Xayah + Lee Sin,Rumble + Lee Sin + Ahri + Xayah + Bard,False,5
LIT/2026 Season/Summer Promotion_Round 3_1_2,blue,StoneHenge Esports,Ashe + Nautilus + Pantheon + Jayce + Aurora,Jayce + Pantheon + Aurora + Ashe + Nautilus,False,5
LIT/2026 Season/Summer Promotion_Round 3_1_2,red,P11 Esports,Seraphine + Ezreal + Zaahen + K'Sante + Akali,K'Sante + Zaahen + Akali + Ezreal + Seraphine,False,5
LIT/2026 Season/Summer Promotion_Round 2_1_2,blue,DECOY 21,Ambessa + Wukong + Xayah + Bard + Galio,Ambessa + Wukong + Galio + Xayah + Bard,False,5
LIT/2026 Season/Summer Promotion_Round 2_1_2,red,Obsidian Oath,Orianna + Nocturne + Yunara + Nami + Renekton,Renekton + Nocturne + Orianna + Yunara + Nami,False,5
CBLOL/2026 Season/Split 1 Playoffs_Round 2_1_3,blue,RED Canids,Karma + Xin Zhao + Smolder + Ahri + Renekton,Jayce + Rek'Sai + Sylas + Jhin + Rakan,True,5
CBLOL/2026 Season/Split 1 Playoffs_Round 2_1_3,red,Fluxo W7M,Jhin + Jayce + Rakan + Rek'Sai + Sylas,Renekton + Xin Zhao + Ahri + Smolder + Karma,True,5
Arabian League 2nd Division/2026 Season/Spring Playoffs_Finals_1_3,blue,Pyramid IV Esports,Xin Zhao + Ezreal + Rakan + Gnar + Akali,Gnar + Xin Zhao + Akali + Ezreal + Rakan,False,5
Arabian League 2nd Division/2026 Season/Spring Playoffs_Finals_1_3,red,NextGeneration Esports,Varus + Jarvan IV + Sion + Rell + Fizz,Fizz + Jarvan IV + Sion + Varus + Rell,False,5
LIT/2026 Season/Summer Promotion_Round 3_1_3,blue,P11 Esports,Ahri + Ambessa + Naafiri + Maokai + Kai'Sa,Ambessa + Naafiri + Ahri + Kai'Sa + Maokai,False,5
LIT/2026 Season/Summer Promotion_Round 3_1_3,red,StoneHenge Esports,Gnar + Nocturne + Taliyah + Corki + Alistar,Gnar + Nocturne + Taliyah + Corki + Alistar,False,5
LIT/2026 Season/Summer Promotion_Round 2_1_3,blue,Obsidian Oath,Rek'Sai + LeBlanc + Blitzcrank + Tristana + Malphite,Malphite + Rek'Sai + LeBlanc + Tristana + Blitzcrank,False,5
LIT/2026 Season/Summer Promotion_Round 2_1_3,red,DECOY 21,Lucian + Milio + Yasuo + Karthus + Ornn,Ornn + Karthus + Yasuo + Lucian + Milio,False,5
CBLOL/2026 Season/Split 1 Playoffs_Round 2_1_4,blue,RED Canids,Nocturne + Orianna + Sivir + Milio + Vayne,Anivia + Dr. Mundo + Azir + Zeri + Alistar,True,5
CBLOL/2026 Season/Split 1 Playoffs_Round 2_1_4,red,Fluxo W7M,Dr. Mundo + Zeri + Alistar + Azir + Anivia,Vayne + Nocturne + Orianna + Sivir + Milio,True,5
Arabian League 2nd Division/2026 Season/Spring Playoffs_Finals_1_4,blue,Pyramid IV Esports,Ornn + Trundle + Leona + Jinx + Hwei,Ornn + Trundle + Hwei + Jinx + Leona,False,5
Arabian League 2nd Division/2026 Season/Spring Playoffs_Finals_1_4,red,NextGeneration Esports,Lulu + Sejuani + Shen + Vayne + LeBlanc,Shen + Sejuani + LeBlanc + Vayne + Lulu,False,5
LCS/2026 Season/Spring Season_Week 7_1_1,blue,Cloud9,Rumble + Yone + Ezreal + Pantheon + Neeko,Aurora + Jarvan IV + Twisted Fate + Varus + Nautilus,True,5
LCS/2026 Season/Spring Season_Week 7_1_1,red,Team Liquid,Varus + Jarvan IV + Twisted Fate + Aurora + Nautilus,Rumble + Pantheon + Yone + Ezreal + Neeko,True,5
LCS/2026 Season/Spring Season_Week 7_1_2,blue,Cloud9,Karma + Caitlyn + Ryze + Xin Zhao + Renekton,Sion + Nocturne + Annie + Ashe + Seraphine,True,5
LCS/2026 Season/Spring Season_Week 7_1_2,red,Team Liquid,Ashe + Seraphine + Annie + Nocturne + Sion,Renekton + Xin Zhao + Ryze + Caitlyn + Karma,True,5
LCS/2026 Season/Spring Season_Week 7_2_1,blue,Shopify Rebellion,Rumble + Lucian + Milio + Olaf + Annie,Rumble + Olaf + Annie + Lucian + Milio,False,5
LCS/2026 Season/Spring Season_Week 7_2_1,red,Disguised,Ashe + Seraphine + Vi + K'Sante + Cassiopeia,K'Sante + Vi + Cassiopeia + Ashe + Seraphine,False,5
LCS/2026 Season/Spring Season_Week 7_2_2,blue,Shopify Rebellion,Bard + Caitlyn + Pantheon + Twisted Fate + Jayce,Sion + Wukong + Anivia + Ezreal + Neeko,True,5
LCS/2026 Season/Spring Season_Week 7_2_2,red,Disguised,Ezreal + Neeko + Wukong + Anivia + Sion,Jayce + Pantheon + Twisted Fate + Caitlyn + Bard,True,5
LCK Academy Series/2026 Season/1st Championship Playoffs_Round 3_2_1,blue,Gen.G Scholars,Jarvan IV + Ashe + Seraphine + Shen + Ryze,Shen + Jarvan IV + Ryze + Ashe + Seraphine,False,5
LCK Academy Series/2026 Season/1st Championship Playoffs_Round 3_2_1,red,T1 Esports Academy Rookies,Lucian + Milio + Xin Zhao + Sion + Annie,Sion + Xin Zhao + Annie + Lucian + Milio,False,5
LCK Academy Series/2026 Season/1st Championship Playoffs_Round 3_2_2,blue,Gen.G Scholars,Ezreal + Pantheon + Nami + Cassiopeia + Renekton,Renekton + Pantheon + Cassiopeia + Ezreal + Nami,False,5
LCK Academy Series/2026 Season/1st Championship Playoffs_Round 3_2_2,red,T1 Esports Academy Rookies,Lulu + Naafiri + Yunara + Akali + Gnar,Gnar + Naafiri + Akali + Yunara + Lulu,False,5
LCK Academy Series/2026 Season/1st Championship Playoffs_Round 3_2_3,blue,T1 Esports Academy Rookies,Jayce + Vi + Ahri + Rell + Draven,Jayce + Vi + Ahri + Draven + Rell,False,5
LCK Academy Series/2026 Season/1st Championship Playoffs_Round 3_2_3,red,Gen.G Scholars,Lee Sin + Aurora + Yorick + Nautilus + Miss Fortune,Yorick + Lee Sin + Aurora + Miss Fortune + Nautilus,False,5
LCK/2026 Season/Rounds 1-2_Week 7_9_1,blue,KT Rolster,Jarvan IV + Miss Fortune + Nautilus + Azir + Sion,Zaahen + Pantheon + Cassiopeia + Sivir + Karma,True,5
LCK/2026 Season/Rounds 1-2_Week 7_9_1,red,Hanwha Life Esports,Karma + Cassiopeia + Sivir + Pantheon + Zaahen,Sion + Jarvan IV + Azir + Miss Fortune + Nautilus,True,5
LCK Academy Series/2026 Season/1st Championship Playoffs_Finals_1_1,blue,Dplus Kia Youth,Nocturne + Nautilus + Gnar + Viktor + Jhin,Gnar + Nocturne + Viktor + Jhin + Nautilus,False,5
LCK Academy Series/2026 Season/1st Championship Playoffs_Finals_1_1,red,T1 Esports Academy Rookies,Caitlyn + Karma + Aatrox + Ryze + Sion,Sion + Aatrox + Ryze + Caitlyn + Karma,False,5
LCK/2026 Season/Rounds 1-2_Week 7_9_2,blue,KT Rolster,Vi + Ziggs + Pyke + Jayce + Taliyah,K'Sante + Lee Sin + Ryze + Ashe + Seraphine,True,5
LCK/2026 Season/Rounds 1-2_Week 7_9_2,red,Hanwha Life Esports,Ashe + Seraphine + Ryze + Lee Sin + K'Sante,Jayce + Vi + Taliyah + Ziggs + Pyke,True,5
LCK Academy Series/2026 Season/1st Championship Playoffs_Finals_1_2,blue,Dplus Kia Youth,Xin Zhao + Ashe + Seraphine + Aurora + Zaahen,Zaahen + Xin Zhao + Aurora + Ashe + Seraphine,False,5
LCK Academy Series/2026 Season/1st Championship Playoffs_Finals_1_2,red,T1 Esports Academy Rookies,Yunara + Lulu + Trundle + Renekton + Akali,Renekton + Trundle + Akali + Yunara + Lulu,False,5
LPL/2026 Season/Split 2_Week 7_11_1,blue,Invictus Gaming,Vi + Lucian + Milio + Sion + Taliyah,Rumble + Naafiri + Ryze + Ashe + Seraphine,True,5
LPL/2026 Season/Split 2_Week 7_11_1,red,JD Gaming,Ashe + Seraphine + Ryze + Rumble + Naafiri,Sion + Vi + Taliyah + Lucian + Milio,True,5
LCP/2026 Season/Split 2_Week 7_3_1,blue,DetonatioN FocusMe,Orianna + Lucian + Milio + K'Sante + Wukong,K'Sante + Wukong + Orianna + Lucian + Milio,False,5
LCP/2026 Season/Split 2_Week 7_3_1,red,Team Secret Whales,Rumble + Jarvan IV + Akali + Seraphine + Senna,Rumble + Jarvan IV + Akali + Senna + Seraphine,False,5
LCK/2026 Season/Rounds 1-2_Week 7_9_3,blue,KT Rolster,Lucian + Renekton + Nami + Skarner + Viktor,Renekton + Skarner + Viktor + Lucian + Nami,False,5
LCK/2026 Season/Rounds 1-2_Week 7_9_3,red,Hanwha Life Esports,Milio + Aurora + Draven + Nocturne + Olaf,Olaf + Nocturne + Aurora + Draven + Milio,False,5
LCK Academy Series/2026 Season/1st Championship Playoffs_Finals_1_3,blue,Dplus Kia Youth,Annie + Naafiri + Ambessa + Xayah + Rakan,Ambessa + Naafiri + Annie + Xayah + Rakan,False,5
LCK Academy Series/2026 Season/1st Championship Playoffs_Finals_1_3,red,T1 Esports Academy Rookies,Jarvan IV + Galio + Gwen + Neeko + Corki,Gwen + Jarvan IV + Galio + Corki + Neeko,False,5
Nexus League/2026 Season/Spring Split_Week 6_5_1,blue,Lausanne-Sport Esports,Karma + Caitlyn + Viktor + Lee Sin + Gnar,Gnar + Lee Sin + Viktor + Caitlyn + Karma,False,5
Nexus League/2026 Season/Spring Split_Week 6_5_1,red,Zephyr Esport,Ezreal + Nami + Jarvan IV + LeBlanc + Jayce,Jayce + Jarvan IV + LeBlanc + Ezreal + Nami,False,5
Hitpoint Masters/2026 Season/Spring Split_Week 4_5_1,blue,Onion Team,Orianna + Wukong + Kai'Sa + Rell + Mordekaiser,Mordekaiser + Wukong + Orianna + Kai'Sa + Rell,False,5
Hitpoint Masters/2026 Season/Spring Split_Week 4_5_1,red,CITA Kaizen,Akali + Yunara + Lulu + Xin Zhao + Gnar,Gnar + Xin Zhao + Akali + Yunara + Lulu,False,5
LCP/2026 Season/Split 2_Week 7_3_2,blue,Team Secret Whales,Karma + Xin Zhao + Jhin + Renekton + Twisted Fate,Renekton + Xin Zhao + Twisted Fate + Jhin + Karma,False,5
LCP/2026 Season/Split 2_Week 7_3_2,red,DetonatioN FocusMe,Lee Sin + Bard + Ryze + Miss Fortune + Zaahen,Zaahen + Lee Sin + Ryze + Miss Fortune + Bard,False,5
LPL/2026 Season/Split 2_Week 7_11_2,blue,Invictus Gaming,Cassiopeia + Jhin + Karma + Trundle + K'Sante,Renekton + Pantheon + Akali + Corki + Nami,True,5
LPL/2026 Season/Split 2_Week 7_11_2,red,JD Gaming,Akali + Pantheon + Renekton + Corki + Nami,K'Sante + Trundle + Cassiopeia + Jhin + Karma,True,5
Hitpoint Masters/2026 Season/Spring Split_Week 4_5_2,blue,Onion Team,Varus + Nautilus + Jinx + Trundle + Renekton,Renekton + Trundle + Varus + Jinx + Nautilus,False,5
Hitpoint Masters/2026 Season/Spring Split_Week 4_5_2,red,CITA Kaizen,Ryze + Ezreal + Lee Sin + Leona + Yorick,Yorick + Lee Sin + Ryze + Ezreal + Leona,False,5
LCK Academy Series/2026 Season/1st Championship Playoffs_Finals_1_4,blue,T1 Esports Academy Rookies,Jayce + Ezreal + Bard + Nidalee + Jax,Jax + Nidalee + Jayce + Ezreal + Bard,False,5
LCK Academy Series/2026 Season/1st Championship Playoffs_Finals_1_4,red,Dplus Kia Youth,Skarner + Yorick + Azir + Rell + Kai'Sa,Yorick + Skarner + Azir + Kai'Sa + Rell,False,5
LCK/2026 Season/Rounds 1-2_Week 7_10_1,blue,HANJIN BRION,Karma + Lee Sin + Annie + Miss Fortune + K'Sante,Renekton + Xin Zhao + Cassiopeia + Ezreal + Bard,True,5
LCK/2026 Season/Rounds 1-2_Week 7_10_1,red,Kiwoom DRX,Ezreal + Cassiopeia + Xin Zhao + Renekton + Bard,K'Sante + Lee Sin + Annie + Miss Fortune + Karma,True,5
LPL/2026 Season/Split 2_Week 7_11_3,blue,JD Gaming,Xin Zhao + Ezreal + Neeko + Gnar + Sylas,Tristana + Skarner + Viktor + Caitlyn + Bard,True,5
LPL/2026 Season/Split 2_Week 7_11_3,red,Invictus Gaming,Caitlyn + Skarner + Bard + Viktor + Tristana,Gnar + Xin Zhao + Sylas + Ezreal + Neeko,True,5
Nexus League/2026 Season/Spring Split_Week 6_6_1,blue,Project Conquerors,Viktor + Skarner + Rumble + Nautilus + Caitlyn,Rumble + Skarner + Viktor + Caitlyn + Nautilus,False,5
Nexus League/2026 Season/Spring Split_Week 6_6_1,red,Galions Sharks,Xin Zhao + Hwei + Sion + Jhin + Leona,Sion + Xin Zhao + Hwei + Jhin + Leona,False,5
LCP/2026 Season/Split 2_Week 7_3_3,blue,DetonatioN FocusMe,Annie + Yunara + Lulu + Sion + Skarner,Sion + Skarner + Annie + Yunara + Lulu,False,5
LCP/2026 Season/Split 2_Week 7_3_3,red,Team Secret Whales,Ahri + Nautilus + Vi + Zeri + Sett,Sett + Vi + Ahri + Zeri + Nautilus,False,5
LCK Academy Series/2026 Season/1st Championship Playoffs_Finals_1_5,blue,Dplus Kia Youth,Vi + Vladimir + Aphelios + Yone + Alistar,Yone + Vi + Vladimir + Aphelios + Alistar,False,5
LCK Academy Series/2026 Season/1st Championship Playoffs_Finals_1_5,red,T1 Esports Academy Rookies,Ahri + Viego + Anivia + Jinx + Poppy,Anivia + Viego + Ahri + Jinx + Poppy,False,5
Hitpoint Masters/2026 Season/Spring Split_Week 4_6_1,blue,Nightbirds,Syndra + Wukong + Renekton + Tristana + Nautilus,Tristana + Wukong + Renekton + Syndra + Nautilus,False,5
Hitpoint Masters/2026 Season/Spring Split_Week 4_6_1,red,Bohemian Guardians,Ambessa + Akali + Gnar + Lucian + Braum,Gnar + Ambessa + Akali + Lucian + Braum,False,5
LCK/2026 Season/Rounds 1-2_Week 7_10_2,blue,HANJIN BRION,Ryze + Vi + Gnar + Yunara + Nautilus,Sion + Nocturne + Anivia + Lucian + Milio,True,5
LCK/2026 Season/Rounds 1-2_Week 7_10_2,red,Kiwoom DRX,Lucian + Milio + Nocturne + Anivia + Sion,Gnar + Vi + Ryze + Yunara + Nautilus,True,5
Nexus League/2026 Season/Spring Split_Week 6_7_1,blue,Caldya Esport,Ahri + Vi + Smolder + Sion + Nami,Sion + Vi + Ahri + Smolder + Nami,False,5
Nexus League/2026 Season/Spring Split_Week 6_7_1,red,Karmine Corp Blue Stars,Varus + Ryze + Skarner + Bard + Jhin,Varus + Skarner + Ryze + Jhin + Bard,False,5
LCP/2026 Season/Split 2_Week 7_4_1,blue,CTBC Flying Oyster,Ezreal + Nautilus + Rumble + Naafiri + Cassiopeia,Rumble + Naafiri + Cassiopeia + Ezreal + Nautilus,False,5
LCP/2026 Season/Split 2_Week 7_4_1,red,GAM Esports,Karma + Lee Sin + Sivir + Ambessa + Akali,Ambessa + Lee Sin + Akali + Sivir + Karma,False,5
LPL/2026 Season/Split 2_Week 7_12_1,blue,Bilibili Gaming,Vi + Ambessa + Twisted Fate + Jhin + Karma,Ambessa + Vi + Twisted Fate + Jhin + Karma,False,5
LPL/2026 Season/Split 2_Week 7_12_1,red,Anyone's Legend,Ryze + Rumble + Naafiri + Corki + Nautilus,Rumble + Naafiri + Ryze + Corki + Nautilus,False,5
Hitpoint Masters/2026 Season/Spring Split_Week 4_6_2,blue,Bohemian Guardians,Rumble + Sejuani + Neeko + Ashe + Irelia,Rumble + Sejuani + Irelia + Ashe + Neeko,False,5
Hitpoint Masters/2026 Season/Spring Split_Week 4_6_2,red,Nightbirds,Varus + Jarvan IV + Annie + Zeri + Yuumi,Varus + Jarvan IV + Annie + Zeri + Yuumi,False,5
LCK/2026 Season/Rounds 1-2_Week 7_10_3,blue,Kiwoom DRX,Caitlyn + Jayce + Elise + Poppy + Viktor,Yorick + Jarvan IV + Taliyah + Jhin + Alistar,True,5
LCK/2026 Season/Rounds 1-2_Week 7_10_3,red,HANJIN BRION,Jarvan IV + Jhin + Yorick + Alistar + Taliyah,Jayce + Poppy + Viktor + Caitlyn + Elise,True,5
LCP/2026 Season/Split 2_Week 7_4_2,blue,CTBC Flying Oyster,Nocturne + Yunara + Lulu + Ahri + Yorick,Renekton + Jayce + Aurora + Lucian + Milio,True,5
LCP/2026 Season/Split 2_Week 7_4_2,red,GAM Esports,Jayce + Lucian + Milio + Aurora + Renekton,Yorick + Nocturne + Ahri + Yunara + Lulu,True,5
Nexus League/2026 Season/Spring Split_Week 6_8_1,blue,Crystal Rose (French Team),Aatrox + Senna + Nautilus + Lee Sin + Annie,Aatrox + Lee Sin + Annie + Senna + Nautilus,False,5
Nexus League/2026 Season/Spring Split_Week 6_8_1,red,Lille Esport,Corki + Nami + Ryze + Wukong + Renekton,Renekton + Wukong + Ryze + Corki + Nami,False,5
Hitpoint Masters/2026 Season/Spring Split_Week 4_7_1,blue,eSuba,Ambessa + Talon + Nautilus + Twitch + LeBlanc,Ambessa + Talon + LeBlanc + Twitch + Nautilus,False,5
Hitpoint Masters/2026 Season/Spring Split_Week 4_7_1,red,BRUTE,Karma + Kindred + Gnar + Pyke + Ahri,Gnar + Kindred + Ahri + Karma + Pyke,False,5
LPL/2026 Season/Split 2_Week 7_12_2,blue,Anyone's Legend,Annie + Lucian + Milio + Gnar + Poppy,Yorick + Pantheon + Akali + Ezreal + Bard,True,5
LPL/2026 Season/Split 2_Week 7_12_2,red,Bilibili Gaming,Ezreal + Bard + Akali + Pantheon + Yorick,Gnar + Poppy + Annie + Lucian + Milio,True,5
LCP/2026 Season/Split 2_Week 7_4_3,blue,CTBC Flying Oyster,Jarvan IV + Caitlyn + Neeko + Mel + Sion,Sion + Jarvan IV + Mel + Caitlyn + Neeko,False,5
LCP/2026 Season/Split 2_Week 7_4_3,red,GAM Esports,Pantheon + Jhin + Pyke + Twisted Fate + Gwen,Gwen + Pantheon + Twisted Fate + Jhin + Pyke,False,5
Hitpoint Masters/2026 Season/Spring Split_Week 4_7_2,blue,eSuba,Zeri + Zyra + Caitlyn + Anivia + Nasus,Nasus + Zyra + Zeri + Caitlyn + Anivia,False,5
Hitpoint Masters/2026 Season/Spring Split_Week 4_7_2,red,BRUTE,Pantheon + Smolder + Rakan + Vladimir + Hwei,Vladimir + Pantheon + Hwei + Smolder + Rakan,False,5
Esports World Cup 2026/Online Qualifiers/EMEA_Round 6_2_1,blue,Movistar KOI,Anivia + Varus + Nocturne + Sivir + Rakan,Varus + Nocturne + Anivia + Sivir + Rakan,False,5
Esports World Cup 2026/Online Qualifiers/EMEA_Round 6_2_1,red,Karmine Corp,Bard + Pantheon + Ezreal + Aurora + Ahri,Aurora + Pantheon + Ahri + Ezreal + Bard,False,5
Hitpoint Masters/2026 Season/Spring Split_Week 4_8_1,blue,Meavedron,Fiora + Wukong + Viktor + Varus + Nautilus,Fiora + Wukong + Viktor + Varus + Nautilus,False,5
Hitpoint Masters/2026 Season/Spring Split_Week 4_8_1,red,EXILE esports,Renekton + Xin Zhao + Xerath + Ashe + Seraphine,Renekton + Xin Zhao + Xerath + Ashe + Seraphine,False,5
Esports World Cup 2026/Online Qualifiers/EMEA_Round 6_2_2,blue,Movistar KOI,Seraphine + Miss Fortune + Cassiopeia + Olaf + Sion,Sion + Olaf + Cassiopeia + Miss Fortune + Seraphine,False,5
Esports World Cup 2026/Online Qualifiers/EMEA_Round 6_2_2,red,Karmine Corp,Ashe + Vi + Taliyah + Vel'Koz + Yone,Yone + Vi + Taliyah + Ashe + Vel'Koz,False,5
CBLOL/2026 Season/Split 1 Playoffs_Round 2_2_1,blue,LOUD,Ashe + Seraphine + Vi + Aurora + Rumble,Rumble + Vi + Aurora + Ashe + Seraphine,False,5
CBLOL/2026 Season/Split 1 Playoffs_Round 2_2_1,red,FURIA,Orianna + Ezreal + Bard + Olaf + Ornn,Ornn + Olaf + Orianna + Ezreal + Bard,False,5
Hitpoint Masters/2026 Season/Spring Split_Week 4_8_2,blue,EXILE esports,Singed + Trundle + Ahri + Yunara + Lulu,Singed + Trundle + Ahri + Yunara + Lulu,False,5
Hitpoint Masters/2026 Season/Spring Split_Week 4_8_2,red,Meavedron,Ambessa + Viego + Veigar + Draven + Leona,Ambessa + Viego + Veigar + Draven + Leona,False,5
Esports World Cup 2026/Online Qualifiers/EMEA_Round 6_2_3,blue,Karmine Corp,Jarvan IV + Rumble + Ryze + Caitlyn + Janna,Rumble + Jarvan IV + Ryze + Caitlyn + Janna,False,5
Esports World Cup 2026/Online Qualifiers/EMEA_Round 6_2_3,red,Movistar KOI,Lulu + Yunara + Galio + Naafiri + Twisted Fate,Galio + Naafiri + Twisted Fate + Yunara + Lulu,False,5
CBLOL/2026 Season/Split 1 Playoffs_Round 2_2_2,blue,FURIA,Milio + Ryze + Lucian + Ambessa + Skarner,Ambessa + Skarner + Ryze + Lucian + Milio,False,5
CBLOL/2026 Season/Split 1 Playoffs_Round 2_2_2,red,LOUD,Caitlyn + Karma + Annie + K'Sante + Lee Sin,K'Sante + Lee Sin + Annie + Caitlyn + Karma,False,5
LIT/2026 Season/Summer Promotion_Semifinals_1_1,blue,Epitomy Esports,Varus + Mel + Nautilus + Olaf + Malphite,Malphite + Olaf + Mel + Varus + Nautilus,False,5
LIT/2026 Season/Summer Promotion_Semifinals_1_1,red,StoneHenge Esports,Seraphine + Ashe + Braum + Wukong + Sylas,Sylas + Wukong + Seraphine + Ashe + Braum,False,5
Esports World Cup 2026/Online Qualifiers/EMEA_Round 6_2_4,blue,Karmine Corp,Azir + Rell + Xin Zhao + Tristana + Shyvana,Gnar + Jax + Viktor + Smolder + Nautilus,True,5
Esports World Cup 2026/Online Qualifiers/EMEA_Round 6_2_4,red,Movistar KOI,Nautilus + Smolder + Viktor + Jax + Gnar,Shyvana + Xin Zhao + Azir + Tristana + Rell,True,5
CBLOL/2026 Season/Split 1 Playoffs_Round 2_2_3,blue,FURIA,Lulu + Cassiopeia + Yunara + Sion + Rek'Sai,Sion + Rek'Sai + Cassiopeia + Yunara + Lulu,False,5
CBLOL/2026 Season/Split 1 Playoffs_Round 2_2_3,red,LOUD,Nami + Corki + Qiyana + Zoe + Gnar,Gnar + Qiyana + Zoe + Corki + Nami,False,5
LIT/2026 Season/Summer Promotion_Semifinals_1_2,blue,StoneHenge Esports,Karma + Draven + Pyke + Nidalee + Jayce,Jayce + Nidalee + Karma + Draven + Pyke,False,5
LIT/2026 Season/Summer Promotion_Semifinals_1_2,red,Epitomy Esports,Hwei + Rell + Syndra + Renekton + Aatrox,Renekton + Aatrox + Syndra + Hwei + Rell,False,5
LCS/2026 Season/Spring Season_Week 7_3_1,blue,Dignitas,Jarvan IV + Caitlyn + Anivia + Lux + Sion,Shen + Xin Zhao + Ryze + Lucian + Milio,True,5
LCS/2026 Season/Spring Season_Week 7_3_1,red,Sentinels,Lucian + Milio + Xin Zhao + Ryze + Shen,Sion + Jarvan IV + Anivia + Caitlyn + Lux,True,5
LCS/2026 Season/Spring Season_Week 7_3_2,blue,Sentinels,Varus + Bard + Skarner + Renekton + Hwei,Renekton + Skarner + Hwei + Varus + Bard,False,5
LCS/2026 Season/Spring Season_Week 7_3_2,red,Dignitas,Naafiri + Seraphine + Ashe + Annie + Ornn,Ornn + Naafiri + Annie + Ashe + Seraphine,False,5
LCS/2026 Season/Spring Season_Week 7_4_1,blue,LYON (2024 American Team),Orianna + Senna + Nautilus + Ambessa + Jayce,Sion + Nocturne + Sylas + Lucian + Milio,True,5
LCS/2026 Season/Spring Season_Week 7_4_1,red,FlyQuest,Nocturne + Lucian + Milio + Sylas + Sion,Jayce + Ambessa + Orianna + Senna + Nautilus,True,5
LCS/2026 Season/Spring Season_Week 7_4_2,blue,FlyQuest,Anivia + Neeko + Caitlyn + Yone + Sejuani,K'Sante + Jarvan IV + Viktor + Corki + Nami,True,5
LCS/2026 Season/Spring Season_Week 7_4_2,red,LYON (2024 American Team),Nami + Jarvan IV + Viktor + Corki + K'Sante,Anivia + Sejuani + Yone + Caitlyn + Neeko,True,5
LCS/2026 Season/Spring Season_Week 7_4_3,blue,LYON (2024 American Team),Lulu + Rumble + Aphelios + Nasus + Annie,Yorick + Vi + Aurora + Yunara + Rakan,True,5
LCS/2026 Season/Spring Season_Week 7_4_3,red,FlyQuest,Yunara + Rakan + Aurora + Vi + Yorick,Rumble + Nasus + Annie + Aphelios + Lulu,True,5
LCK CL/2026 Season/Rounds 1-2_Week 8_1_1,blue,Dplus Kia Challengers,Orianna + Ashe + Seraphine + Sion + Lee Sin,Sion + Lee Sin + Orianna + Ashe + Seraphine,False,5
LCK CL/2026 Season/Rounds 1-2_Week 8_1_1,red,T1 Esports Academy,Bard + Vi + Caitlyn + Annie + Ambessa,Ambessa + Vi + Annie + Caitlyn + Bard,False,5
LCK CL/2026 Season/Rounds 1-2_Week 8_1_2,blue,T1 Esports Academy,Xin Zhao + Lulu + Sivir + Anivia + Jayce,Jayce + Xin Zhao + Anivia + Sivir + Lulu,False,5
LCK CL/2026 Season/Rounds 1-2_Week 8_1_2,red,Dplus Kia Challengers,Neeko + Ezreal + Cassiopeia + Trundle + Yorick,Yorick + Trundle + Cassiopeia + Ezreal + Neeko,False,5
LCK CL/2026 Season/Rounds 1-2_Week 8_2_1,blue,DN SOOPers Challengers,Jarvan IV + Caitlyn + Lux + Sion + Syndra,Gwen + Xin Zhao + Cassiopeia + Lucian + Milio,True,5
LCK CL/2026 Season/Rounds 1-2_Week 8_2_1,red,Kiwoom DRX Challengers,Cassiopeia + Lucian + Milio + Xin Zhao + Gwen,Sion + Jarvan IV + Syndra + Caitlyn + Lux,True,5
Esports World Cup 2026/Online Qualifiers/Korea_Round 1_5_1,blue,KT Rolster,Jarvan IV + Ashe + Seraphine + Sion + Aurora,Jayce + Pantheon + Cassiopeia + Ezreal + Neeko,True,5
Esports World Cup 2026/Online Qualifiers/Korea_Round 1_5_1,red,HANJIN BRION,Cassiopeia + Pantheon + Jayce + Ezreal + Neeko,Sion + Jarvan IV + Aurora + Ashe + Seraphine,True,5
LCK CL/2026 Season/Rounds 1-2_Week 8_2_2,blue,DN SOOPers Challengers,Orianna + Miss Fortune + Nautilus + Vi + Olaf,Olaf + Vi + Orianna + Miss Fortune + Nautilus,False,5
LCK CL/2026 Season/Rounds 1-2_Week 8_2_2,red,Kiwoom DRX Challengers,Ashe + Seraphine + Skarner + Viktor + Gnar,Gnar + Skarner + Viktor + Ashe + Seraphine,False,5
Esports World Cup 2026/Online Qualifiers/Korea_Round 1_5_2,blue,HANJIN BRION,Karma + Sivir + Renekton + Azir + Skarner,Zaahen + Naafiri + Ryze + Jhin + Bard,True,5
Esports World Cup 2026/Online Qualifiers/Korea_Round 1_5_2,red,KT Rolster,Ryze + Jhin + Bard + Zaahen + Naafiri,Renekton + Skarner + Azir + Sivir + Karma,True,5
LCK CL/2026 Season/Rounds 1-2_Week 8_2_3,blue,Kiwoom DRX Challengers,Lulu + Naafiri + Yunara + K'Sante + Galio,Renekton + Wukong + Ryze + Ezreal + Bard,True,5
LCK CL/2026 Season/Rounds 1-2_Week 8_2_3,red,DN SOOPers Challengers,Bard + Ezreal + Ryze + Renekton + Wukong,K'Sante + Naafiri + Galio + Yunara + Lulu,True,5
Esports World Cup 2026/Online Qualifiers/Korea_Round 1_6_1,blue,DN SOOPers,Lucian + Milio + Lee Sin + Anivia + Galio,Rumble + Wukong + Cassiopeia + Yunara + Lulu,True,5
Esports World Cup 2026/Online Qualifiers/Korea_Round 1_6_1,red,Nongshim RedForce,Rumble + Cassiopeia + Wukong + Yunara + Lulu,Anivia + Lee Sin + Galio + Lucian + Milio,True,5
LCK CL/2026 Season/Rounds 1-2_Week 8_3_1,blue,Gen.G Global Academy,Jarvan IV + Ezreal + Neeko + Ambessa + Annie,Sion + Nocturne + Akali + Lucian + Milio,True,5
LCK CL/2026 Season/Rounds 1-2_Week 8_3_1,red,Hanwha Life Esports Challengers,Lucian + Milio + Nocturne + Sion + Akali,Ambessa + Jarvan IV + Annie + Ezreal + Neeko,True,5
Esports World Cup 2026/Online Qualifiers/Korea_Round 1_6_2,blue,DN SOOPers,Ryze + Caitlyn + Bard + K'Sante + Naafiri,K'Sante + Naafiri + Ryze + Caitlyn + Bard,False,5
Esports World Cup 2026/Online Qualifiers/Korea_Round 1_6_2,red,Nongshim RedForce,Ashe + Seraphine + Twisted Fate + Pantheon + Gnar,Gnar + Pantheon + Twisted Fate + Ashe + Seraphine,False,5
LCK CL/2026 Season/Rounds 1-2_Week 8_3_2,blue,Hanwha Life Esports Challengers,Ashe + Xin Zhao + Seraphine + Ryze + Anivia,Anivia + Xin Zhao + Ryze + Ashe + Seraphine,False,5
LCK CL/2026 Season/Rounds 1-2_Week 8_3_2,red,Gen.G Global Academy,Mel + Vi + Nautilus + Gnar + Taliyah,Gnar + Vi + Taliyah + Mel + Nautilus,False,5
Streamers Clash/Season 4_Day 1_1_1,blue,VEDICI DEEMONS,Nautilus + Naafiri + Orianna + Kai'Sa + Amumu,Nautilus + Naafiri + Orianna + Kai'Sa + Amumu,False,5
Streamers Clash/Season 4_Day 1_1_1,red,FREEZŮV WOLT DŮCHOĎÁK,Mordekaiser + Wukong + Maokai + Smolder + Rell,Mordekaiser + Wukong + Maokai + Smolder + Rell,False,5
Streamers Clash/Season 4_Day 1_2_1,blue,HERDYNŮV LANGUSTA TÝM,Nautilus + Mel + Cho'Gath + Gwen + Tristana,Cho'Gath + Gwen + Tristana + Mel + Nautilus,False,5
Streamers Clash/Season 4_Day 1_2_1,red,SPAJKOVI UKRADLI SUPERSTRIKE,Morgana + Maokai + Ornn + Karthus + Yone,Ornn + Karthus + Yone + Morgana + Maokai,False,5
Streamers Clash/Season 4_Day 1_3_1,blue,TYBLÁHO MEWING SOCIETY,Kayle + Braum + Skarner + Galio + Brand,Kayle + Skarner + Galio + Brand + Braum,False,5
Streamers Clash/Season 4_Day 1_3_1,red,NATÁLKY IMAGINÁRNÍ KAMARÁDI,Miss Fortune + Nautilus + Xin Zhao + Nasus + Ahri,Nasus + Xin Zhao + Ahri + Miss Fortune + Nautilus,False,5
Streamers Clash/Season 4_Day 1_4_1,blue,SILNĚJŠÍ SE XNAPYM,Ashe + Nasus + Zaahen + Swain + Nautilus,Nasus + Zaahen + Swain + Ashe + Nautilus,False,5
Streamers Clash/Season 4_Day 1_4_1,red,STOPERCENTNÁ KAMILOVA TUTOFKA,Gwen + Yuumi + Galio + Malzahar + Trundle,Gwen + Trundle + Galio + Malzahar + Yuumi,False,5
Circuito Desafiante/2026 Season/Split 1 Playoffs_Round 2_3_1,blue,Estral Esports,Nocturne + Sivir + Yuumi + Sion + Ahri,Gnar + Pantheon + Aurora + Caitlyn + Karma,True,5
Circuito Desafiante/2026 Season/Split 1 Playoffs_Round 2_3_1,red,RED Academy,Caitlyn + Karma + Pantheon + Aurora + Gnar,Sion + Nocturne + Ahri + Sivir + Yuumi,True,5
Circuito Desafiante/2026 Season/Split 1 Playoffs_Round 2_3_2,blue,Estral Esports,Lucian + Milio + Renekton + Qiyana + Anivia,Renekton + Qiyana + Anivia + Lucian + Milio,False,5
Circuito Desafiante/2026 Season/Split 1 Playoffs_Round 2_3_2,red,RED Academy,Ashe + Aatrox + Seraphine + Jax + Syndra,Jax + Aatrox + Syndra + Ashe + Seraphine,False,5
Circuito Desafiante/2026 Season/Split 1 Playoffs_Round 2_3_3,blue,Estral Esports,Vi + Twisted Fate + Azir + Xayah + Rakan,Twisted Fate + Vi + Azir + Xayah + Rakan,False,5
Circuito Desafiante/2026 Season/Split 1 Playoffs_Round 2_3_3,red,RED Academy,Ryze + Lee Sin + Bard + Gwen + Jhin,Gwen + Lee Sin + Ryze + Jhin + Bard,False,5
Liga Regional Norte/2026 Season/Split 1 Playoffs_Round 2_1_1,blue,SDM Tigres,Varus + Xin Zhao + Neeko + Viktor + Rumble,K'Sante + Nocturne + Orianna + Ezreal + Rell,True,5
Liga Regional Norte/2026 Season/Split 1 Playoffs_Round 2_1_1,red,Zeu5 Esports,Nocturne + Ezreal + Orianna + Rell + K'Sante,Rumble + Xin Zhao + Viktor + Varus + Neeko,True,5
Liga Regional Norte/2026 Season/Split 1 Playoffs_Round 2_1_2,blue,Zeu5 Esports,Jarvan IV + Aphelios + Taliyah + Sion + Milio,Sion + Jarvan IV + Taliyah + Aphelios + Milio,False,5
Liga Regional Norte/2026 Season/Split 1 Playoffs_Round 2_1_2,red,SDM Tigres,Pantheon + Lucian + Nami + Aurora + Gnar,Gnar + Pantheon + Aurora + Lucian + Nami,False,5
Liga Regional Norte/2026 Season/Split 1 Playoffs_Round 2_1_3,blue,Zeu5 Esports,Ambessa + Rakan + Ziggs + Vi + Twisted Fate,Shyvana + Trundle + Ahri + Jhin + Camille,True,5
Liga Regional Norte/2026 Season/Split 1 Playoffs_Round 2_1_3,red,SDM Tigres,Jhin + Trundle + Ahri + Camille + Shyvana,Ambessa + Vi + Twisted Fate + Ziggs + Rakan,True,5
LCK CL/2026 Season/Rounds 1-2_Week 8_4_1,blue,BNK FEARX Youth,Vi + Zeri + Lulu + Viktor + Sion,Gwen + Xin Zhao + Annie + Lucian + Milio,True,5
LCK CL/2026 Season/Rounds 1-2_Week 8_4_1,red,HANJIN BRION Challengers,Lucian + Milio + Xin Zhao + Annie + Gwen,Sion + Vi + Viktor + Zeri + Lulu,True,5
Esports World Cup 2026/Online Qualifiers/Korea_Round 2_3_1,blue,HANJIN BRION,Cassiopeia + Jhin + Bard + Sion + Lee Sin,Gnar + Xin Zhao + Akali + Caitlyn + Karma,True,5
Esports World Cup 2026/Online Qualifiers/Korea_Round 2_3_1,red,Hanwha Life Esports,Karma + Caitlyn + Xin Zhao + Akali + Gnar,Sion + Lee Sin + Cassiopeia + Jhin + Bard,True,5
Esports World Cup 2026/Online Qualifiers/Korea_Round 2_3_2,blue,Hanwha Life Esports,Jarvan IV + Jayce + Ryze + Miss Fortune + Nautilus,K'Sante + Naafiri + Aurora + Ashe + Seraphine,True,5
Esports World Cup 2026/Online Qualifiers/Korea_Round 2_3_2,red,HANJIN BRION,Ashe + Naafiri + Seraphine + K'Sante + Aurora,Jayce + Jarvan IV + Ryze + Miss Fortune + Nautilus,True,5
LCK CL/2026 Season/Rounds 1-2_Week 8_4_2,blue,HANJIN BRION Challengers,Jarvan IV + Ashe + Seraphine + Renekton + Twisted Fate,Renekton + Jarvan IV + Twisted Fate + Ashe + Seraphine,False,5
LCK CL/2026 Season/Rounds 1-2_Week 8_4_2,red,BNK FEARX Youth,Ezreal + Neeko + Nocturne + Aurora + Anivia,Aurora + Nocturne + Anivia + Ezreal + Neeko,False,5
Esports World Cup 2026/Online Qualifiers/Asia-Pacific_Round 4_2_1,blue,Fukuoka SoftBank HAWKS gaming,Ezreal + Cassiopeia + Rumble + Skarner + Jayce,Rumble + Jayce + Cassiopeia + Ezreal + Skarner,False,5
Esports World Cup 2026/Online Qualifiers/Asia-Pacific_Round 4_2_1,red,GAM Esports,Karma + Jhin + Akali + Sion + Wukong,Sion + Wukong + Akali + Jhin + Karma,False,5
Esports World Cup 2026/Online Qualifiers/Korea_Round 2_4_1,blue,BNK FEARX,Rumble + Lee Sin + Twisted Fate + Xayah + Nautilus,K'Sante + Naafiri + Cassiopeia + Ezreal + Bard,True,5
Esports World Cup 2026/Online Qualifiers/Korea_Round 2_4_1,red,Nongshim RedForce,Bard + Cassiopeia + Ezreal + Naafiri + K'Sante,Rumble + Lee Sin + Twisted Fate + Xayah + Nautilus,True,5
Esports World Cup 2026/Online Qualifiers/Asia-Pacific_Round 4_2_2,blue,Fukuoka SoftBank HAWKS gaming,Jarvan IV + Gnar + Twisted Fate + Nautilus + Mel,Malphite + Naafiri + Aurora + Ashe + Seraphine,True,5
Esports World Cup 2026/Online Qualifiers/Asia-Pacific_Round 4_2_2,red,GAM Esports,Naafiri + Aurora + Malphite + Ashe + Seraphine,Gnar + Jarvan IV + Twisted Fate + Mel + Nautilus,True,5
LCK CL/2026 Season/Rounds 1-2_Week 8_5_1,blue,KT Rolster Challengers,Lucian + Xin Zhao + Milio + Sion + Azir,Sion + Xin Zhao + Azir + Lucian + Milio,False,5
LCK CL/2026 Season/Rounds 1-2_Week 8_5_1,red,Nongshim Esports Academy,Jarvan IV + Yunara + Lulu + Annie + Shen,Shen + Jarvan IV + Annie + Yunara + Lulu,False,5
LCK CL/2026 Season/Rounds 1-2_Week 8_5_2,blue,Nongshim Esports Academy,Ezreal + Nami + Pantheon + Jayce + Aurora,Jayce + Pantheon + Aurora + Ezreal + Nami,False,5
LCK CL/2026 Season/Rounds 1-2_Week 8_5_2,red,KT Rolster Challengers,Sivir + Bard + Lee Sin + Akali + Vayne,Vayne + Lee Sin + Akali + Sivir + Bard,False,5
Esports World Cup 2026/Online Qualifiers/Korea_Round 2_4_2,blue,Nongshim RedForce,Lucian + Milio + Wukong + Taliyah + Xin Zhao,Jayce + Jarvan IV + Ryze + Corki + Nami,True,5
Esports World Cup 2026/Online Qualifiers/Korea_Round 2_4_2,red,BNK FEARX,Ryze + Jarvan IV + Jayce + Corki + Nami,Xin Zhao + Wukong + Taliyah + Lucian + Milio,True,5
LCK CL/2026 Season/Rounds 1-2_Week 8_5_3,blue,KT Rolster Challengers,Rumble + Trundle + Anivia + Corki + Nautilus,Rumble + Trundle + Anivia + Corki + Nautilus,False,5
LCK CL/2026 Season/Rounds 1-2_Week 8_5_3,red,Nongshim Esports Academy,Gnar + Ryze + Naafiri + Miss Fortune + Rell,Gnar + Naafiri + Ryze + Miss Fortune + Rell,False,5
Esports World Cup 2026/Online Qualifiers/Korea_Round 2_4_3,blue,Nongshim RedForce,Annie + Trundle + Gnar + Zeri + Yuumi,Renekton + Pantheon + Azir + Ashe + Seraphine,True,5
Esports World Cup 2026/Online Qualifiers/Korea_Round 2_4_3,red,BNK FEARX,Ashe + Pantheon + Seraphine + Renekton + Azir,Gnar + Trundle + Annie + Zeri + Yuumi,True,5
Hellenic Legends League/2026 Season/Summer Promotion_Promotion_2_1,blue,Gamespace Mediterranean College Esports,Yunara + Nautilus + Jarvan IV + Gnar + Orianna,Gnar + Jarvan IV + Orianna + Yunara + Nautilus,False,5
Hellenic Legends League/2026 Season/Summer Promotion_Promotion_2_1,red,EKSI EPTA,Viktor + Karma + Ezreal + Zaahen + Jax,Jax + Zaahen + Viktor + Ezreal + Karma,False,5
Hellenic Legends League/2026 Season/Summer Promotion_Promotion_1_1,blue,The ParadOx,Rumble + Shen + Kai'Sa + Rell + Zed,Rumble + Shen + Zed + Kai'Sa + Rell,False,5
Hellenic Legends League/2026 Season/Summer Promotion_Promotion_1_1,red,Zerolag Esports,Varus + Pantheon + Annie + Ornn + Renata Glasc,Ornn + Pantheon + Annie + Varus + Renata Glasc,False,5
Hellenic Legends League/2026 Season/Summer Promotion_Promotion_3_1,blue,Paranormal Invaders,Caitlyn + Xin Zhao + Bard + Akali + Gnar,Gnar + Xin Zhao + Akali + Caitlyn + Bard,False,5
Hellenic Legends League/2026 Season/Summer Promotion_Promotion_3_1,red,ALMO Players,Ezreal + Karma + Ahri + Vi + Urgot,Urgot + Vi + Ahri + Ezreal + Karma,False,5
Hellenic Legends League/2026 Season/Summer Promotion_Promotion_2_2,blue,Gamespace Mediterranean College Esports,Caitlyn + Xin Zhao + Bard + Syndra + Gwen,Gwen + Xin Zhao + Syndra + Caitlyn + Bard,False,5
Hellenic Legends League/2026 Season/Summer Promotion_Promotion_2_2,red,EKSI EPTA,Neeko + Jhin + K'Sante + Wukong + Karthus,K'Sante + Wukong + Karthus + Jhin + Neeko,False,5
Hellenic Legends League/2026 Season/Summer Promotion_Promotion_3_2,blue,ALMO Players,Pantheon + Ashe + Seraphine + Sylas + Aatrox,Aatrox + Pantheon + Sylas + Ashe + Seraphine,False,5
Hellenic Legends League/2026 Season/Summer Promotion_Promotion_3_2,red,Paranormal Invaders,Syndra + Wukong + Nautilus + Jhin + Camille,Camille + Wukong + Syndra + Jhin + Nautilus,False,5
Hellenic Legends League/2026 Season/Summer Promotion_Promotion_1_2,blue,Zerolag Esports,Ryze + Sion + Wukong + Karma + Jhin,Sion + Wukong + Ryze + Jhin + Karma,False,5
Hellenic Legends League/2026 Season/Summer Promotion_Promotion_1_2,red,The ParadOx,Xin Zhao + Viktor + Brand + Sivir + Amumu,Xin Zhao + Brand + Viktor + Sivir + Amumu,False,5
Hellenic Legends League/2026 Season/Summer Promotion_Promotion_3_3,blue,ALMO Players,Nami + Aurora + Corki + Naafiri + Ambessa,Ambessa + Naafiri + Aurora + Corki + Nami,False,5
Hellenic Legends League/2026 Season/Summer Promotion_Promotion_3_3,red,Paranormal Invaders,Lucian + Milio + Viktor + Sejuani + Volibear,Volibear + Sejuani + Viktor + Lucian + Milio,False,5
Hellenic Legends League/2026 Season/Summer Promotion_Promotion_2_3,blue,Gamespace Mediterranean College Esports,Jinx + Alistar + Aatrox + Sylas + Mordekaiser,Mordekaiser + Aatrox + Sylas + Jinx + Alistar,False,5
Hellenic Legends League/2026 Season/Summer Promotion_Promotion_2_3,red,EKSI EPTA,Varus + Rell + Yasuo + Ornn + Lee Sin,Ornn + Lee Sin + Yasuo + Varus + Rell,False,5
TCL/2026 Season/Spring Playoffs_Round 1_1_1,blue,SU Esports,Lucian + Jarvan IV + Milio + Annie + Sion,Sion + Jarvan IV + Annie + Lucian + Milio,False,5
TCL/2026 Season/Spring Playoffs_Round 1_1_1,red,BoostGate Esports,Ashe + Wukong + Aurora + Neeko + Aatrox,Aatrox + Wukong + Aurora + Ashe + Neeko,False,5
Rift Legends/2026 Season/Spring Split_Week 6_1_1,blue,Barcząca Esports,Jarvan IV + Lucian + Milio + Twisted Fate + Sion,Sion + Jarvan IV + Twisted Fate + Lucian + Milio,False,5
Rift Legends/2026 Season/Spring Split_Week 6_1_1,red,Forsaken (Polish Team),Yunara + Lulu + LeBlanc + Xin Zhao + Gwen,Gwen + Xin Zhao + LeBlanc + Yunara + Lulu,False,5
Hellenic Legends League/2026 Season/Summer Promotion_Promotion_1_3,blue,The ParadOx,K'Sante + Vi + Aurora + Yunara + Alistar,K'Sante + Vi + Aurora + Yunara + Alistar,False,5
Hellenic Legends League/2026 Season/Summer Promotion_Promotion_1_3,red,Zerolag Esports,Garen + Sejuani + Ahri + Lucian + Braum,Garen + Sejuani + Ahri + Lucian + Braum,False,5
Hellenic Legends League/2026 Season/Summer Promotion_Promotion_2_4,blue,EKSI EPTA,Lulu + Sivir + Cassiopeia + Skarner + Kennen,Kennen + Skarner + Cassiopeia + Sivir + Lulu,False,5
Hellenic Legends League/2026 Season/Summer Promotion_Promotion_2_4,red,Gamespace Mediterranean College Esports,Nami + Vi + Corki + Kassadin + Malphite,Malphite + Vi + Kassadin + Corki + Nami,False,5
Hellenic Legends League/2026 Season/Summer Promotion_Promotion_3_4,blue,Paranormal Invaders,Lulu + Tristana + Maokai + Zeri + Sion,Sion + Maokai + Tristana + Zeri + Lulu,False,5
Hellenic Legends League/2026 Season/Summer Promotion_Promotion_3_4,red,ALMO Players,Yunara + Jarvan IV + Ryze + Soraka + Gwen,Gwen + Jarvan IV + Ryze + Yunara + Soraka,False,5
Streamers Clash/Season 4_Day 2_1_1,blue,FREEZŮV WOLT DŮCHOĎÁK,Seraphine + Tristana + Galio + Ornn + Master Yi,Ornn + Master Yi + Galio + Tristana + Seraphine,False,5
Streamers Clash/Season 4_Day 2_1_1,red,HERDYNŮV LANGUSTA TÝM,Mel + Yuumi + Nasus + Orianna + Bel'Veth,Nasus + Bel'Veth + Orianna + Mel + Yuumi,False,5
TCL/2026 Season/Spring Playoffs_Round 1_1_2,blue,SU Esports,Pantheon + Ambessa + Ryze + Jhin + Bard,Ambessa + Pantheon + Ryze + Jhin + Bard,False,5
TCL/2026 Season/Spring Playoffs_Round 1_1_2,red,BoostGate Esports,Rumble + Vi + Aurelion Sol + Caitlyn + Seraphine,Rumble + Vi + Aurelion Sol + Caitlyn + Seraphine,False,5
Road Of Legends/2026 Season/Spring Playoffs_Round 1_1_1,blue,Dynasty,Pantheon + Jhin + Taliyah + Ornn + Rell,Ornn + Pantheon + Taliyah + Jhin + Rell,False,5
Road Of Legends/2026 Season/Spring Playoffs_Round 1_1_1,red,Frites Esports Club,Aurora + Jarvan IV + Kai'Sa + Nautilus + Vayne,Vayne + Jarvan IV + Aurora + Kai'Sa + Nautilus,False,5
Arabian League/2026 Season/Spring Playoffs_Round 2_1_1,blue,Baam Esports,Karma + Xin Zhao + Sivir + K'Sante + LeBlanc,K'Sante + Xin Zhao + LeBlanc + Sivir + Karma,False,5
Arabian League/2026 Season/Spring Playoffs_Round 2_1_1,red,Anubis Gaming,Ezreal + Pantheon + Orianna + Bard + Twisted Fate,Twisted Fate + Pantheon + Orianna + Ezreal + Bard,False,5
Hellenic Legends League/2026 Season/Summer Promotion_Promotion_1_4,blue,Zerolag Esports,Jarvan IV + Rakan + Galio + Jinx + Ambessa,Ambessa + Jarvan IV + Galio + Jinx + Rakan,False,5
Hellenic Legends League/2026 Season/Summer Promotion_Promotion_1_4,red,The ParadOx,Orianna + Leona + Zeri + Zaahen + Malphite,Malphite + Zaahen + Orianna + Zeri + Leona,False,5
Rift Legends/2026 Season/Spring Split_Week 6_1_2,blue,Barcząca Esports,Nocturne + Rumble + Cassiopeia + Neeko + Kai'Sa,Rumble + Nocturne + Cassiopeia + Kai'Sa + Neeko,False,5
Rift Legends/2026 Season/Spring Split_Week 6_1_2,red,Forsaken (Polish Team),Aurora + Pantheon + Ornn + Ezreal + Yuumi,Ornn + Pantheon + Aurora + Ezreal + Yuumi,False,5
Streamers Clash/Season 4_Day 2_2_1,blue,STOPERCENTNÁ KAMILOVA TUTOFKA,Ashe + Maokai + Jarvan IV + Galio + Ambessa,Ambessa + Jarvan IV + Galio + Ashe + Maokai,False,5
Streamers Clash/Season 4_Day 2_2_1,red,VEDICI DEEMONS,Nautilus + Kayle + Sylas + Corki + Skarner,Skarner + Sylas + Kayle + Corki + Nautilus,False,5
TCL/2026 Season/Spring Playoffs_Round 1_1_3,blue,BoostGate Esports,Ahri + Jax + Renekton + Nautilus + Kai'Sa,Renekton + Jax + Ahri + Kai'Sa + Nautilus,False,5
TCL/2026 Season/Spring Playoffs_Round 1_1_3,red,SU Esports,Viktor + Xin Zhao + Gnar + Kalista + Renata Glasc,Gnar + Xin Zhao + Viktor + Kalista + Renata Glasc,False,5
Road Of Legends/2026 Season/Spring Playoffs_Round 1_1_2,blue,Frites Esports Club,Ashe + Xin Zhao + Anivia + Rakan + K'Sante,K'Sante + Xin Zhao + Anivia + Ashe + Rakan,False,5
Road Of Legends/2026 Season/Spring Playoffs_Round 1_1_2,red,Dynasty,Rumble + Vi + Zed + Varus + Karma,Rumble + Vi + Zed + Varus + Karma,False,5
Hellenic Legends League/2026 Season/Summer Promotion_Promotion_1_5,blue,The ParadOx,Lulu + Dr. Mundo + Tristana + Gragas + Syndra,Gragas + Dr. Mundo + Syndra + Tristana + Lulu,False,5
Hellenic Legends League/2026 Season/Summer Promotion_Promotion_1_5,red,Zerolag Esports,Nautilus + Ziggs + Olaf + Renekton + Lux,Renekton + Olaf + Lux + Ziggs + Nautilus,False,5
Arabian League/2026 Season/Spring Playoffs_Round 2_1_2,blue,Anubis Gaming,Jarvan IV + Ashe + Seraphine + Aurora + Jayce,Jayce + Jarvan IV + Aurora + Ashe + Seraphine,False,5
Arabian League/2026 Season/Spring Playoffs_Round 2_1_2,red,Baam Esports,Lucian + Milio + Akali + Wukong + Anivia,Anivia + Wukong + Akali + Lucian + Milio,False,5
Rift Legends/2026 Season/Spring Split_Week 6_2_1,blue,DOCISK,Orianna + Wukong + Kled + Yunara + Lulu,Kled + Wukong + Orianna + Yunara + Lulu,False,5
Rift Legends/2026 Season/Spring Split_Week 6_2_1,red,devils.one inStreamly,Ezreal + Jarvan IV + Nami + K'Sante + Ahri,K'Sante + Jarvan IV + Ahri + Ezreal + Nami,False,5
TCL/2026 Season/Spring Playoffs_Round 1_1_4,blue,SU Esports,Nocturne + Zeri + Yuumi + Azir + K'Sante,K'Sante + Nocturne + Azir + Zeri + Yuumi,False,5
TCL/2026 Season/Spring Playoffs_Round 1_1_4,red,BoostGate Esports,Yunara + Lulu + Skarner + Gwen + Zed,Gwen + Skarner + Zed + Yunara + Lulu,False,5
Streamers Clash/Season 4_Day 2_3_1,blue,TYBLÁHO MEWING SOCIETY,Irelia + Malzahar + Braum + Skarner + Veigar,Irelia + Skarner + Veigar + Malzahar + Braum,False,5
Streamers Clash/Season 4_Day 2_3_1,red,SPAJKOVI UKRADLI SUPERSTRIKE,Maokai + Miss Fortune + Galio + Naafiri + Rumble,Rumble + Naafiri + Galio + Miss Fortune + Maokai,False,5
Road Of Legends/2026 Season/Spring Playoffs_Round 1_2_1,blue,Senshi eSports (Benelux Team),Pantheon + Lucian + Milio + Syndra + Renekton,Renekton + Pantheon + Syndra + Lucian + Milio,False,5
Road Of Legends/2026 Season/Spring Playoffs_Round 1_2_1,red,The Bandits,Wukong + Yunara + Rakan + Cassiopeia + Ornn,Ornn + Wukong + Cassiopeia + Yunara + Rakan,False,5
Arabian League/2026 Season/Spring Playoffs_Round 2_1_3,blue,Anubis Gaming,Caitlyn + Ryze + Naafiri + Alistar + Vayne,Vayne + Naafiri + Ryze + Caitlyn + Alistar,False,5
Arabian League/2026 Season/Spring Playoffs_Round 2_1_3,red,Baam Esports,Jhin + Aatrox + Cassiopeia + Rakan + Yorick,Yorick + Aatrox + Cassiopeia + Jhin + Rakan,False,5
Rift Legends/2026 Season/Spring Split_Week 6_2_2,blue,DOCISK,Aurora + Caitlyn + Bard + Sion + Kha'Zix,Sion + Kha'Zix + Aurora + Caitlyn + Bard,False,5
Rift Legends/2026 Season/Spring Split_Week 6_2_2,red,devils.one inStreamly,Ryze + Lee Sin + Nautilus + Miss Fortune + Shyvana,Shyvana + Lee Sin + Ryze + Miss Fortune + Nautilus,False,5
Road Of Legends/2026 Season/Spring Playoffs_Round 1_2_2,blue,The Bandits,Karma + Vayne + Sion + Urgot + Viktor,Sion + Urgot + Viktor + Vayne + Karma,False,5
Road Of Legends/2026 Season/Spring Playoffs_Round 1_2_2,red,Senshi eSports (Benelux Team),Ezreal + Xin Zhao + Bard + Ryze + Mordekaiser,Mordekaiser + Xin Zhao + Ryze + Ezreal + Bard,False,5
Rift Legends/2026 Season/Spring Split_Week 6_2_3,blue,devils.one inStreamly,Nocturne + Renekton + Varus + Soraka + Annie,Renekton + Nocturne + Annie + Varus + Soraka,False,5
Rift Legends/2026 Season/Spring Split_Week 6_2_3,red,DOCISK,Xin Zhao + Neeko + Ashe + Gnar + Zoe,Gnar + Xin Zhao + Zoe + Ashe + Neeko,False,5
Circuito Desafiante/2026 Season/Split 1 Playoffs_Round 2_4_1,blue,paiN Gaming Academy,Karma + Caitlyn + Rumble + Trundle + Annie,Rumble + Trundle + Annie + Caitlyn + Karma,False,5
Circuito Desafiante/2026 Season/Split 1 Playoffs_Round 2_4_1,red,INTZ,Ezreal + Bard + Ambessa + Xin Zhao + Viktor,Ambessa + Xin Zhao + Viktor + Ezreal + Bard,False,5
Liga Regional Sur/2026 Season/Split 1 Playoffs_Round 2_1_1,blue,Malvinas Gaming,Ezreal + Bard + Ryze + Ornn + Wukong,Jayce + Xin Zhao + Cassiopeia + Sivir + Karma,True,5
Liga Regional Sur/2026 Season/Split 1 Playoffs_Round 2_1_1,red,9z Globant,Karma + Sivir + Cassiopeia + Jayce + Xin Zhao,Ornn + Wukong + Ryze + Ezreal + Bard,True,5
Circuito Desafiante/2026 Season/Split 1 Playoffs_Round 2_4_2,blue,paiN Gaming Academy,Aurora + Jhin + Neeko + Jayce + Naafiri,Sion + Jarvan IV + Cassiopeia + Ashe + Seraphine,True,5
Circuito Desafiante/2026 Season/Split 1 Playoffs_Round 2_4_2,red,INTZ,Jarvan IV + Ashe + Seraphine + Cassiopeia + Sion,Jayce + Naafiri + Aurora + Jhin + Neeko,True,5
Liga Regional Sur/2026 Season/Split 1 Playoffs_Round 2_1_2,blue,Malvinas Gaming,Caitlyn + Neeko + Akali + Shen + Naafiri,Shen + Naafiri + Akali + Caitlyn + Neeko,False,5
Liga Regional Sur/2026 Season/Split 1 Playoffs_Round 2_1_2,red,9z Globant,Orianna + Jhin + Vi + Sion + Alistar,Sion + Vi + Orianna + Jhin + Alistar,False,5
Circuito Desafiante/2026 Season/Split 1 Playoffs_Round 2_4_3,blue,paiN Gaming Academy,Nocturne + Corki + Nami + Twisted Fate + Anivia,K'Sante + Vi + Ahri + Yunara + Lulu,True,5
Circuito Desafiante/2026 Season/Split 1 Playoffs_Round 2_4_3,red,INTZ,Lulu + Yunara + Ahri + Vi + K'Sante,Anivia + Nocturne + Twisted Fate + Corki + Nami,True,5
Liga Regional Sur/2026 Season/Split 1 Playoffs_Round 2_1_3,blue,Malvinas Gaming,Ashe + Lulu + Aurora + Shyvana + Vayne,Rumble + Skarner + Viktor + Yunara + Nautilus,True,5
Liga Regional Sur/2026 Season/Split 1 Playoffs_Round 2_1_3,red,9z Globant,Yunara + Rumble + Nautilus + Skarner + Viktor,Vayne + Shyvana + Aurora + Ashe + Lulu,True,5
Circuito Desafiante/2026 Season/Split 1 Playoffs_Round 2_4_4,blue,INTZ,Orianna + Zaahen + Gnar + Jinx + Yuumi,Vayne + Aatrox + Ryze + Sivir + Leona,True,5
Circuito Desafiante/2026 Season/Split 1 Playoffs_Round 2_4_4,red,paiN Gaming Academy,Ryze + Aatrox + Vayne + Sivir + Leona,Gnar + Zaahen + Orianna + Jinx + Yuumi,True,5
Circuito Desafiante/2026 Season/Split 1 Playoffs_Round 2_4_5,blue,INTZ,Dr. Mundo + Miss Fortune + Nautilus + Hwei + Gwen,Gwen + Dr. Mundo + Hwei + Miss Fortune + Nautilus,False,5
Circuito Desafiante/2026 Season/Split 1 Playoffs_Round 2_4_5,red,paiN Gaming Academy,Xayah + Rakan + Nasus + Syndra + Kennen,Kennen + Nasus + Syndra + Xayah + Rakan,False,5
LCK/2026 Season/Rounds 1-2_Week 8_1_1,blue,T1,Ryze + Vi + Rumble + Yunara + Nautilus,K'Sante + Wukong + Anivia + Lucian + Milio,True,5
LCK/2026 Season/Rounds 1-2_Week 8_1_1,red,Kiwoom DRX,Lucian + Milio + Anivia + K'Sante + Wukong,Rumble + Vi + Ryze + Yunara + Nautilus,True,5
LCK/2026 Season/Rounds 1-2_Week 8_1_2,blue,T1,Karma + Lee Sin + Annie + Miss Fortune + Jax,Varus + Skarner + Viktor + Ezreal + Tahm Kench,True,5
LCK/2026 Season/Rounds 1-2_Week 8_1_2,red,Kiwoom DRX,Varus + Ezreal + Skarner + Viktor + Tahm Kench,Jax + Lee Sin + Annie + Miss Fortune + Karma,True,5
Esports World Cup 2026/Online Qualifiers/Asia-Pacific_Finals_1_1,blue,Team Secret (Vietnamese Team),Ryze + Lee Sin + Jayce + Yunara + Lulu,Sion + Jarvan IV + Cassiopeia + Lucian + Milio,True,5
Esports World Cup 2026/Online Qualifiers/Asia-Pacific_Finals_1_1,red,GAM Esports,Jarvan IV + Cassiopeia + Sion + Lucian + Milio,Jayce + Lee Sin + Ryze + Yunara + Lulu,True,5
LCK/2026 Season/Rounds 1-2_Week 8_1_3,blue,Kiwoom DRX,Orianna + Trundle + Jayce + Ziggs + Pyke,Yorick + Xin Zhao + Cassiopeia + Kalista + Leona,True,5
LCK/2026 Season/Rounds 1-2_Week 8_1_3,red,T1,Cassiopeia + Xin Zhao + Yorick + Kalista + Leona,Jayce + Trundle + Orianna + Ziggs + Pyke,True,5
Esports World Cup 2026/Online Qualifiers/Asia-Pacific_Finals_1_2,blue,Team Secret (Vietnamese Team),Karma + Xin Zhao + Sivir + Aurora + Shen,Shen + Xin Zhao + Aurora + Sivir + Karma,False,5
Esports World Cup 2026/Online Qualifiers/Asia-Pacific_Finals_1_2,red,GAM Esports,Jhin + Pantheon + Bard + Renekton + Orianna,Renekton + Pantheon + Orianna + Jhin + Bard,False,5
VCS/2026 Season/Summer Season_Week 2_1_1,blue,ZEN Esports (Vietnamese Team),Bard + Viktor + Xin Zhao + Corki + K'Sante,K'Sante + Xin Zhao + Viktor + Corki + Bard,False,5
VCS/2026 Season/Summer Season_Week 2_1_1,red,MVK Esports Academy,Cassiopeia + Nocturne + Jayce + Lucian + Milio,Jayce + Nocturne + Cassiopeia + Lucian + Milio,False,5
Esports World Cup 2026/Online Qualifiers/Asia-Pacific_Finals_1_3,blue,Team Secret (Vietnamese Team),Ezreal + Gnar + Pyke + Viego + Annie,Maokai + Naafiri + Twisted Fate + Miss Fortune + Camille,True,5
Esports World Cup 2026/Online Qualifiers/Asia-Pacific_Finals_1_3,red,GAM Esports,Naafiri + Miss Fortune + Camille + Maokai + Twisted Fate,Gnar + Viego + Annie + Ezreal + Pyke,True,5
VCS/2026 Season/Summer Season_Week 2_1_2,blue,MVK Esports Academy,Jarvan IV + Sion + Aurora + Sett + Miss Fortune,Sion + Jarvan IV + Aurora + Miss Fortune + Sett,False,5
VCS/2026 Season/Summer Season_Week 2_1_2,red,ZEN Esports (Vietnamese Team),Lee Sin + Annie + Gwen + Nautilus + Yunara,Gwen + Lee Sin + Annie + Yunara + Nautilus,False,5
LCK/2026 Season/Rounds 1-2_Week 8_2_1,blue,Nongshim RedForce,Lucian + Milio + Annie + Sion + Naafiri,K'Sante + Lee Sin + Ryze + Ezreal + Nami,True,5
LCK/2026 Season/Rounds 1-2_Week 8_2_1,red,KT Rolster,Ryze + Ezreal + Nami + Lee Sin + K'Sante,Sion + Naafiri + Annie + Lucian + Milio,True,5
LCK/2026 Season/Rounds 1-2_Week 8_2_2,blue,KT Rolster,Jarvan IV + Nautilus + Miss Fortune + Aurora + Gnar,Gnar + Jarvan IV + Aurora + Miss Fortune + Nautilus,False,5
LCK/2026 Season/Rounds 1-2_Week 8_2_2,red,Nongshim RedForce,Yunara + Lulu + Xin Zhao + Renekton + Viktor,Renekton + Xin Zhao + Viktor + Yunara + Lulu,False,5
Esports World Cup 2026/Online Qualifiers/Asia-Pacific_Finals_1_4,blue,Team Secret (Vietnamese Team),Varus + Trundle + Ornn + Ahri + LeBlanc,Ornn + Trundle + Ahri + Varus + LeBlanc,False,5
Esports World Cup 2026/Online Qualifiers/Asia-Pacific_Finals_1_4,red,GAM Esports,Rumble + Kai'Sa + Neeko + Kindred + Sylas,Rumble + Kindred + Sylas + Kai'Sa + Neeko,False,5
VCS/2026 Season/Summer Season_Week 2_2_1,blue,Saigon Warriors,Rumble + Vi + Bard + Jhin + Cassiopeia,Rumble + Vi + Cassiopeia + Jhin + Bard,False,5
VCS/2026 Season/Summer Season_Week 2_2_1,red,9Gaming,Ashe + Seraphine + K'Sante + Skarner + Annie,K'Sante + Skarner + Annie + Ashe + Seraphine,False,5
LCK/2026 Season/Rounds 1-2_Week 8_2_3,blue,KT Rolster,Caitlyn + Bard + Twisted Fate + Yorick + Skarner,Zaahen + Pantheon + Taliyah + Sivir + Karma,True,5
LCK/2026 Season/Rounds 1-2_Week 8_2_3,red,Nongshim RedForce,Pantheon + Karma + Sivir + Taliyah + Zaahen,Yorick + Skarner + Twisted Fate + Caitlyn + Bard,True,5
VCS/2026 Season/Summer Season_Week 2_2_2,blue,Saigon Warriors,Lucian + Jarvan IV + Milio + Sion + Azir,Sion + Jarvan IV + Azir + Lucian + Milio,False,5
VCS/2026 Season/Summer Season_Week 2_2_2,red,9Gaming,Xin Zhao + Ezreal + Nautilus + Galio + Camille,Camille + Xin Zhao + Galio + Ezreal + Nautilus,False,5
TCL/2026 Season/Spring Playoffs_Round 1_2_1,blue,Bushido Wildcats,Xin Zhao + Sion + Ahri + Rell + Kai'Sa,Sion + Xin Zhao + Ahri + Kai'Sa + Rell,False,5
TCL/2026 Season/Spring Playoffs_Round 1_2_1,red,PCIFIC Esports,Jarvan IV + Varus + Nautilus + Viktor + Gwen,Gwen + Jarvan IV + Viktor + Varus + Nautilus,False,5
Prime League 1st Division/2026 Season/Spring Playoffs_Quarterfinals_1_1,blue,E WIE EINFACH E-SPORTS,Xin Zhao + Ashe + Seraphine + Viktor + Poppy,Poppy + Xin Zhao + Viktor + Ashe + Seraphine,False,5
Prime League 1st Division/2026 Season/Spring Playoffs_Quarterfinals_1_1,red,TeamOrangeGaming,Ezreal + Wukong + Gnar + Nami + Mel,Gnar + Wukong + Ezreal + Mel + Nami,False,5
Rift Legends/2026 Season/Spring Split_Week 6_3_1,blue,GLORE,Ashe + Seraphine + Anivia + Annie + Pantheon,Anivia + Pantheon + Annie + Ashe + Seraphine,False,5
Rift Legends/2026 Season/Spring Split_Week 6_3_1,red,LODIS (Polish Team),Lucian + Milio + Mel + Qiyana + Diana,Diana + Qiyana + Mel + Lucian + Milio,False,5
LES/2026 Season/Spring Split_Week 7_1_1,blue,LUA Gaming,Rumble + Pantheon + Syndra + Lucian + Milio,Rumble + Pantheon + Syndra + Lucian + Milio,False,5
LES/2026 Season/Spring Split_Week 7_1_1,red,UB Alma Mater,Renekton + Wukong + Ryze + Ezreal + Rell,Renekton + Wukong + Ryze + Ezreal + Rell,False,5
TCL/2026 Season/Spring Playoffs_Round 1_2_2,blue,Bushido Wildcats,Vi + Lucian + Milio + Annie + Renekton,Renekton + Vi + Annie + Lucian + Milio,False,5
TCL/2026 Season/Spring Playoffs_Round 1_2_2,red,PCIFIC Esports,Ezreal + Karma + LeBlanc + Naafiri + Jayce,Jayce + Naafiri + LeBlanc + Ezreal + Karma,False,5
Streamers Clash/Season 4_Day 3_1_1,blue,SPAJKOVI UKRADLI SUPERSTRIKE,Gwen + Mel + Maokai + Mordekaiser + Ezreal,Mordekaiser + Gwen + Ezreal + Mel + Maokai,False,5
Streamers Clash/Season 4_Day 3_1_1,red,SILNĚJŠÍ SE XNAPYM,Miss Fortune + Ornn + Bel'Veth + Amumu + Cassiopeia,Ornn + Bel'Veth + Cassiopeia + Miss Fortune + Amumu,False,5
Prime League 1st Division/2026 Season/Spring Playoffs_Quarterfinals_1_2,blue,E WIE EINFACH E-SPORTS,Jarvan IV + Nautilus + Ziggs + Ahri + Renekton,Renekton + Jarvan IV + Ahri + Ziggs + Nautilus,False,5
Prime League 1st Division/2026 Season/Spring Playoffs_Quarterfinals_1_2,red,TeamOrangeGaming,Nocturne + Pyke + Sivir + LeBlanc + Vayne,Vayne + Nocturne + LeBlanc + Sivir + Pyke,False,5
Esports Balkan League/2026 Season/Spring Playoffs_Round 2_3_1,blue,TQ DURPA KASHLQ,Zaahen + Ashe + Karma + Hwei + Varus,Varus + Zaahen + Hwei + Ashe + Karma,False,5
Esports Balkan League/2026 Season/Spring Playoffs_Round 2_3_1,red,The Secret Club,Jayce + Seraphine + Nautilus + Gnar + LeBlanc,Gnar + Jayce + LeBlanc + Seraphine + Nautilus,False,5
LES/2026 Season/Spring Split_Week 7_1_2,blue,LUA Gaming,Varus + Xin Zhao + Ahri + Kalista + Nautilus,Varus + Xin Zhao + Ahri + Kalista + Nautilus,False,5
LES/2026 Season/Spring Split_Week 7_1_2,red,UB Alma Mater,Ambessa + Jarvan IV + Taliyah + Zeri + Neeko,Ambessa + Jarvan IV + Taliyah + Zeri + Neeko,False,5
Rift Legends/2026 Season/Spring Split_Week 6_3_2,blue,LODIS (Polish Team),Ryze + Yunara + Lulu + Xin Zhao + Kha'Zix,Xin Zhao + Kha'Zix + Ryze + Yunara + Lulu,False,5
Rift Legends/2026 Season/Spring Split_Week 6_3_2,red,GLORE,Cassiopeia + Ezreal + Bard + Jayce + Fiora,Fiora + Jayce + Cassiopeia + Ezreal + Bard,False,5
LFL/2026 Season/Spring Playoffs_Round 2_1_1,blue,Karmine Corp Blue,Ezreal + Bard + Anivia + Rek'Sai + Renekton,Renekton + Rek'Sai + Anivia + Ezreal + Bard,False,5
LFL/2026 Season/Spring Playoffs_Round 2_1_1,red,TLN Pirates,Karma + Yunara + Vi + Ziggs + Ornn,Ornn + Vi + Ziggs + Yunara + Karma,False,5
Arabian League/2026 Season/Spring Playoffs_Round 2_2_1,blue,Baam Esports,Rumble + Ezreal + Vi + Pyke + Akali,Rumble + Vi + Akali + Ezreal + Pyke,False,5
Arabian League/2026 Season/Spring Playoffs_Round 2_2_1,red,FN Esports,Caitlyn + Xin Zhao + Aurora + Nami + Ryze,Aurora + Xin Zhao + Ryze + Caitlyn + Nami,False,5
Esports Balkan League/2026 Season/Spring Playoffs_Round 2_3_2,blue,The Secret Club,Xin Zhao + Lucian + Milio + Sion + Ahri,Sion + Xin Zhao + Ahri + Lucian + Milio,False,5
Esports Balkan League/2026 Season/Spring Playoffs_Round 2_3_2,red,TQ DURPA KASHLQ,Volibear + Ezreal + Bard + Syndra + Yone,Yone + Volibear + Syndra + Ezreal + Bard,False,5
TCL/2026 Season/Spring Playoffs_Round 1_2_3,blue,PCIFIC Esports,Aurora + Wukong + Tristana + Rakan + Xayah,Aurora + Wukong + Tristana + Xayah + Rakan,False,5
TCL/2026 Season/Spring Playoffs_Round 1_2_3,red,Bushido Wildcats,Ryze + Rumble + Zaahen + Smolder + Leona,Rumble + Zaahen + Ryze + Smolder + Leona,False,5
Prime League 1st Division/2026 Season/Spring Playoffs_Quarterfinals_1_3,blue,E WIE EINFACH E-SPORTS,Bard + Sion + Varus + Jayce + Syndra,Sion + Jayce + Syndra + Varus + Bard,False,5
Prime League 1st Division/2026 Season/Spring Playoffs_Quarterfinals_1_3,red,TeamOrangeGaming,Caitlyn + Aurora + Trundle + Elise + Gwen,Gwen + Trundle + Aurora + Caitlyn + Elise,False,5
Streamers Clash/Season 4_Day 3_2_1,blue,TYBLÁHO MEWING SOCIETY,Gwen + Nautilus + Malzahar + Veigar + Shyvana,Gwen + Shyvana + Veigar + Malzahar + Nautilus,False,5
Streamers Clash/Season 4_Day 3_2_1,red,HERDYNŮV LANGUSTA TÝM,Seraphine + Braum + Zaahen + Viktor + Renekton,Renekton + Zaahen + Viktor + Seraphine + Braum,False,5
LES/2026 Season/Spring Split_Week 7_2_1,blue,Barça eSports,Aurora + Pantheon + Lissandra + Ezreal + Nami,Aurora + Pantheon + Lissandra + Ezreal + Nami,False,5
LES/2026 Season/Spring Split_Week 7_2_1,red,Team Heretics Academy,Gnar + Nocturne + LeBlanc + Caitlyn + Bard,Gnar + Nocturne + LeBlanc + Caitlyn + Bard,False,5
Benelux Ascend Series/2026 Season/Spring Playoffs_Round 1_1_1,blue,SNOOZE Esports,Ezreal + Wukong + Ahri + Rumble + Rell,Rumble + Wukong + Ahri + Ezreal + Rell,False,5
Benelux Ascend Series/2026 Season/Spring Playoffs_Round 1_1_1,red,RED OUAT,Pantheon + Yunara + Viktor + Nautilus + Aatrox,Aatrox + Pantheon + Viktor + Yunara + Nautilus,False,5
LFL/2026 Season/Spring Playoffs_Round 2_1_2,blue,TLN Pirates,Pantheon + Lucian + Milio + Taliyah + Yorick,Yorick + Pantheon + Taliyah + Lucian + Milio,False,5
LFL/2026 Season/Spring Playoffs_Round 2_1_2,red,Karmine Corp Blue,Nocturne + Ahri + Ambessa + Kai'Sa + Rell,Ambessa + Nocturne + Ahri + Kai'Sa + Rell,False,5
Arabian League/2026 Season/Spring Playoffs_Round 2_2_2,blue,Baam Esports,Milio + Lucian + Olaf + Sion + Galio,Sion + Olaf + Galio + Lucian + Milio,False,5
Arabian League/2026 Season/Spring Playoffs_Round 2_2_2,red,FN Esports,Ashe + Wukong + Lulu + Ahri + Vayne,Vayne + Wukong + Ahri + Ashe + Lulu,False,5
Rift Legends/2026 Season/Spring Split_Week 6_4_1,blue,Bomba Team,Orianna + Bard + Pantheon + Corki + Yone,Orianna + Pantheon + Yone + Corki + Bard,False,5
Rift Legends/2026 Season/Spring Split_Week 6_4_1,red,Anonymo Esports,Ezreal + Rumble + Yasuo + Rell + Wukong,Rumble + Wukong + Yasuo + Ezreal + Rell,False,5
LES/2026 Season/Spring Split_Week 7_2_2,blue,Barça eSports,Annie + Nautilus + Senna + Aatrox + Rumble,Rumble + Aatrox + Annie + Senna + Nautilus,False,5
LES/2026 Season/Spring Split_Week 7_2_2,red,Team Heretics Academy,Varus + Cassiopeia + Wukong + Rell + Miss Fortune,Varus + Wukong + Cassiopeia + Miss Fortune + Rell,False,5
Prime League 1st Division/2026 Season/Spring Playoffs_Quarterfinals_1_4,blue,E WIE EINFACH E-SPORTS,Azir + Lucian + Milio + Naafiri + Shen,Shen + Naafiri + Azir + Lucian + Milio,False,5
Prime League 1st Division/2026 Season/Spring Playoffs_Quarterfinals_1_4,red,TeamOrangeGaming,Sejuani + Yone + Kog'Maw + Karma + Kennen,Kennen + Sejuani + Yone + Kog'Maw + Karma,False,5
LFL/2026 Season/Spring Playoffs_Round 2_1_3,blue,TLN Pirates,Orianna + Naafiri + Sion + Renata Glasc + Xayah,Sion + Naafiri + Orianna + Xayah + Renata Glasc,False,5
LFL/2026 Season/Spring Playoffs_Round 2_1_3,red,Karmine Corp Blue,Xin Zhao + Akali + Aatrox + Alistar + Jhin,Aatrox + Xin Zhao + Akali + Jhin + Alistar,False,5
TCL/2026 Season/Spring Playoffs_Round 1_2_4,blue,PCIFIC Esports,Neeko + Caitlyn + Akali + Vayne + Skarner,Vayne + Skarner + Akali + Caitlyn + Neeko,False,5
TCL/2026 Season/Spring Playoffs_Round 1_2_4,red,Bushido Wildcats,Bard + Lee Sin + Vex + Gnar + Miss Fortune,Gnar + Lee Sin + Vex + Miss Fortune + Bard,False,5
Arabian League/2026 Season/Spring Playoffs_Round 2_2_3,blue,FN Esports,Varus + Seraphine + Viktor + Gangplank + Kha'Zix,Gangplank + Kha'Zix + Viktor + Varus + Seraphine,False,5
Arabian League/2026 Season/Spring Playoffs_Round 2_2_3,red,Baam Esports,Kai'Sa + Neeko + Cassiopeia + Lee Sin + Yorick,Yorick + Lee Sin + Cassiopeia + Kai'Sa + Neeko,False,5
Esports Balkan League/2026 Season/Spring Playoffs_Round 2_4_1,blue,Team Spawn Peek,Rumble + Wukong + Annie + Yunara + Lulu,Rumble + Wukong + Annie + Yunara + Lulu,False,5
Esports Balkan League/2026 Season/Spring Playoffs_Round 2_4_1,red,Lenovo Legion Honvéd,Sion + Xin Zhao + Galio + Karma + Ezreal,Sion + Xin Zhao + Galio + Ezreal + Karma,False,5
Streamers Clash/Season 4_Day 3_3_1,blue,FREEZŮV WOLT DŮCHOĎÁK,Malphite + Galio + Amumu + Aatrox + Zeri,Malphite + Aatrox + Galio + Zeri + Amumu,False,5
Streamers Clash/Season 4_Day 3_3_1,red,STOPERCENTNÁ KAMILOVA TUTOFKA,Sylas + Malzahar + Olaf + Maokai + Mordekaiser,Olaf + Mordekaiser + Sylas + Malzahar + Maokai,False,5
Benelux Ascend Series/2026 Season/Spring Playoffs_Round 1_2_1,blue,Mind Blue eSports,Viktor + Ezreal + Xin Zhao + Gnar + Elise,Gnar + Xin Zhao + Viktor + Ezreal + Elise,False,5
Benelux Ascend Series/2026 Season/Spring Playoffs_Round 1_2_1,red,ZennIT Academy,Caitlyn + Jarvan IV + Bard + Hwei + Malphite,Malphite + Jarvan IV + Hwei + Caitlyn + Bard,False,5
Benelux Ascend Series/2026 Season/Spring Playoffs_Round 1_1_2,blue,RED OUAT,Ambessa + Ryze + Nocturne + Varus + Yuumi,Ambessa + Nocturne + Ryze + Varus + Yuumi,False,5
Benelux Ascend Series/2026 Season/Spring Playoffs_Round 1_1_2,red,SNOOZE Esports,Xin Zhao + Lulu + Renekton + Annie + Smolder,Renekton + Xin Zhao + Annie + Smolder + Lulu,False,5
Rift Legends/2026 Season/Spring Split_Week 6_4_2,blue,Bomba Team,Anivia + Mel + Jarvan IV + Vayne + Senna,Vayne + Jarvan IV + Anivia + Mel + Senna,False,5
Rift Legends/2026 Season/Spring Split_Week 6_4_2,red,Anonymo Esports,Caitlyn + Neeko + Shyvana + Ryze + Vi,Shyvana + Vi + Ryze + Caitlyn + Neeko,False,5
Esports Balkan League/2026 Season/Spring Playoffs_Round 2_4_2,blue,Lenovo Legion Honvéd,Pantheon + Camille + Samira + Vayne + Zoe,Vayne + Pantheon + Zoe + Samira + Camille,False,5
Esports Balkan League/2026 Season/Spring Playoffs_Round 2_4_2,red,Team Spawn Peek,Ashe + Seraphine + Illaoi + Shaco + Akali,Illaoi + Shaco + Akali + Ashe + Seraphine,False,5
Benelux Ascend Series/2026 Season/Spring Playoffs_Round 1_2_2,blue,Mind Blue eSports,Karma + Yunara + Kayn + Syndra + K'Sante,K'Sante + Kayn + Syndra + Yunara + Karma,False,5
Benelux Ascend Series/2026 Season/Spring Playoffs_Round 1_2_2,red,ZennIT Academy,Ashe + Pantheon + Seraphine + Ryze + Ambessa,Ambessa + Pantheon + Ryze + Ashe + Seraphine,False,5
Arabian League/2026 Season/Spring Playoffs_Round 2_2_4,blue,FN Esports,Jayce + Tristana + Zyra + Rakan + Yone,Jayce + Zyra + Yone + Tristana + Rakan,False,5
Arabian League/2026 Season/Spring Playoffs_Round 2_2_4,red,Baam Esports,Naafiri + Yunara + LeBlanc + K'Sante + Poppy,K'Sante + Naafiri + LeBlanc + Yunara + Poppy,False,5
Streamers Clash/Season 4_Day 3_4_1,blue,VEDICI DEEMONS,Orianna + Skarner + Leona + Kai'Sa + Zed,Skarner + Zed + Orianna + Kai'Sa + Leona,False,5
Streamers Clash/Season 4_Day 3_4_1,red,NATÁLKY IMAGINÁRNÍ KAMARÁDI,Nautilus + Xin Zhao + Syndra + Veigar + Camille,Camille + Xin Zhao + Syndra + Veigar + Nautilus,False,5
LFL/2026 Season/Spring Playoffs_Round 2_2_1,blue,Galions,Seraphine + Wukong + Ezreal + Sion + Cassiopeia,Sion + Wukong + Cassiopeia + Ezreal + Seraphine,False,5
LFL/2026 Season/Spring Playoffs_Round 2_2_1,red,Solary,Ashe + Xin Zhao + Milio + Ryze + Zaahen,Zaahen + Xin Zhao + Ryze + Ashe + Milio,False,5
TCL/2026 Season/Spring Playoffs_Round 1_2_5,blue,PCIFIC Esports,Ashe + Aatrox + Seraphine + Twisted Fate + Sylas,Twisted Fate + Aatrox + Sylas + Ashe + Seraphine,False,5
TCL/2026 Season/Spring Playoffs_Round 1_2_5,red,Bushido Wildcats,Lulu + Yunara + Talon + Shen + Syndra,Shen + Talon + Syndra + Yunara + Lulu,False,5
Circuito Desafiante/2026 Season/Split 1 Playoffs_Round 4_1_1,blue,Vivo Keyd Stars Academy,Varus + Vi + Rumble + Aurora + Bard,Rumble + Vi + Aurora + Varus + Bard,False,5
Circuito Desafiante/2026 Season/Split 1 Playoffs_Round 4_1_1,red,KaBuM! Ilha das Lendas,Lucian + Jarvan IV + Milio + Sion + Ryze,Sion + Jarvan IV + Ryze + Lucian + Milio,False,5
LFL/2026 Season/Spring Playoffs_Round 2_2_2,blue,Solary,Nami + Vi + Lucian + Rumble + Ahri,Rumble + Vi + Ahri + Lucian + Nami,False,5
LFL/2026 Season/Spring Playoffs_Round 2_2_2,red,Galions,Yunara + Lulu + Jarvan IV + Viktor + K'Sante,K'Sante + Jarvan IV + Viktor + Yunara + Lulu,False,5
North American Challengers League/2026 Season/Spring Playoffs_Round 1_1_1,blue,Winthrop University,Nami + Corki + Jarvan IV + K'Sante + Galio,Gwen + Nocturne + Orianna + Ezreal + Rakan,True,5
North American Challengers League/2026 Season/Spring Playoffs_Round 1_1_1,red,CCG Esports,Nocturne + Orianna + Ezreal + Rakan + Gwen,K'Sante + Jarvan IV + Galio + Corki + Nami,True,5
Circuito Desafiante/2026 Season/Split 1 Playoffs_Round 4_1_2,blue,KaBuM! Ilha das Lendas,Pantheon + Corki + Nami + Gnar + Cassiopeia,Olaf + Xin Zhao + Ahri + Jhin + Neeko,True,5
Circuito Desafiante/2026 Season/Split 1 Playoffs_Round 4_1_2,red,Vivo Keyd Stars Academy,Neeko + Xin Zhao + Jhin + Ahri + Olaf,Gnar + Pantheon + Cassiopeia + Corki + Nami,True,5
North American Challengers League/2026 Season/Spring Playoffs_Round 1_1_2,blue,CCG Esports,Varus + Sion + Cassiopeia + Leona + Ambessa,Sion + Ambessa + Cassiopeia + Varus + Leona,False,5
North American Challengers League/2026 Season/Spring Playoffs_Round 1_1_2,red,Winthrop University,Xin Zhao + Seraphine + Ashe + Kog'Maw + Zaahen,Zaahen + Xin Zhao + Kog'Maw + Ashe + Seraphine,False,5
Circuito Desafiante/2026 Season/Split 1 Playoffs_Round 4_1_3,blue,Vivo Keyd Stars Academy,Nocturne + Zeri + Yuumi + Mel + K'Sante,Renekton + Trundle + Viktor + Ashe + Seraphine,True,5
Circuito Desafiante/2026 Season/Split 1 Playoffs_Round 4_1_3,red,KaBuM! Ilha das Lendas,Ashe + Seraphine + Trundle + Viktor + Renekton,K'Sante + Nocturne + Mel + Zeri + Yuumi,True,5
North American Challengers League/2026 Season/Spring Playoffs_Round 1_1_3,blue,CCG Esports,Karma + Anivia + Sivir + Gnar + Wukong,Gragas + Nasus + Ryze + Kai'Sa + Nautilus,True,5
North American Challengers League/2026 Season/Spring Playoffs_Round 1_1_3,red,Winthrop University,Nautilus + Ryze + Kai'Sa + Gragas + Nasus,Gnar + Wukong + Anivia + Sivir + Karma,True,5
Circuito Desafiante/2026 Season/Split 1 Playoffs_Round 4_1_4,blue,KaBuM! Ilha das Lendas,Jayce + Lulu + Yunara + Anivia + Gwen,Yorick + Wukong + Akali + Smolder + Nautilus,True,5
Circuito Desafiante/2026 Season/Split 1 Playoffs_Round 4_1_4,red,Vivo Keyd Stars Academy,Wukong + Yorick + Nautilus + Smolder + Akali,Gwen + Jayce + Anivia + Yunara + Lulu,True,5
North American Challengers League/2026 Season/Spring Playoffs_Round 1_2_1,blue,Conviction,Varus + Pantheon + Nautilus + Kog'Maw + Jayce,Jayce + Pantheon + Kog'Maw + Varus + Nautilus,False,5
North American Challengers League/2026 Season/Spring Playoffs_Round 1_2_1,red,Maryville University,Ezreal + Karma + Cassiopeia + Skarner + Sion,Sion + Skarner + Cassiopeia + Ezreal + Karma,False,5
Circuito Desafiante/2026 Season/Split 1 Playoffs_Round 4_1_5,blue,KaBuM! Ilha das Lendas,Orianna + Ambessa + Rek'Sai + Jinx + Thresh,Ambessa + Rek'Sai + Orianna + Jinx + Thresh,False,5
Circuito Desafiante/2026 Season/Split 1 Playoffs_Round 4_1_5,red,Vivo Keyd Stars Academy,Annie + Aatrox + Jax + Xayah + Rakan,Jax + Aatrox + Annie + Xayah + Rakan,False,5
North American Challengers League/2026 Season/Spring Playoffs_Round 1_2_2,blue,Conviction,Orianna + Caitlyn + Neeko + Jax + Wukong,Akali + Xin Zhao + Ahri + Lucian + Nami,True,5
North American Challengers League/2026 Season/Spring Playoffs_Round 1_2_2,red,Maryville University,Lucian + Nami + Ahri + Xin Zhao + Akali,Jax + Wukong + Orianna + Caitlyn + Neeko,True,5
North American Challengers League/2026 Season/Spring Playoffs_Round 1_2_3,blue,Maryville University,Ryze + Blitzcrank + Jhin + Renekton + Nidalee,K'Sante + Ambessa + Twisted Fate + Ashe + Seraphine,True,5
North American Challengers League/2026 Season/Spring Playoffs_Round 1_2_3,red,Conviction,Ashe + Seraphine + Ambessa + Twisted Fate + K'Sante,Renekton + Nidalee + Ryze + Jhin + Blitzcrank,True,5
LCK CL/2026 Season/Rounds 1-2_Week 8_8_1,blue,Gen.G Global Academy,Nocturne + Ezreal + Neeko + Jayce + Syndra,Jayce + Nocturne + Syndra + Ezreal + Neeko,False,5
LCK CL/2026 Season/Rounds 1-2_Week 8_8_1,red,Nongshim Esports Academy,Yunara + Lulu + Skarner + Cassiopeia + K'Sante,K'Sante + Skarner + Cassiopeia + Yunara + Lulu,False,5
LCK CL/2026 Season/Rounds 1-2_Week 8_6_1,blue,Dplus Kia Challengers,Ashe + Seraphine + K'Sante + Azir + Lee Sin,K'Sante + Lee Sin + Azir + Ashe + Seraphine,False,5
LCK CL/2026 Season/Rounds 1-2_Week 8_6_1,red,Kiwoom DRX Challengers,Rumble + Xin Zhao + Ryze + Caitlyn + Lux,Rumble + Xin Zhao + Ryze + Caitlyn + Lux,False,5
LCK CL/2026 Season/Rounds 1-2_Week 8_7_1,blue,DN SOOPers Challengers,Karma + Rumble + Caitlyn + Nocturne + Yone,K'Sante + Jarvan IV + Azir + Ezreal + Bard,True,5
LCK CL/2026 Season/Rounds 1-2_Week 8_7_1,red,Hanwha Life Esports Challengers,Ezreal + Jarvan IV + Bard + Azir + K'Sante,Rumble + Nocturne + Yone + Caitlyn + Karma,True,5
LCK CL/2026 Season/Rounds 1-2_Week 8_7_2,blue,DN SOOPers Challengers,Neeko + Annie + Xin Zhao + Xayah + Gwen,Ambessa + Vi + Aurora + Yunara + Milio,True,5
LCK CL/2026 Season/Rounds 1-2_Week 8_7_2,red,Hanwha Life Esports Challengers,Aurora + Vi + Ambessa + Yunara + Milio,Gwen + Xin Zhao + Annie + Xayah + Neeko,True,5
LCK CL/2026 Season/Rounds 1-2_Week 8_8_2,blue,Nongshim Esports Academy,Vi + Orianna + Nautilus + Corki + Renekton,Zaahen + Xin Zhao + Akali + Caitlyn + Bard,True,5
LCK CL/2026 Season/Rounds 1-2_Week 8_8_2,red,Gen.G Global Academy,Bard + Caitlyn + Xin Zhao + Akali + Zaahen,Renekton + Vi + Orianna + Corki + Nautilus,True,5
LCK CL/2026 Season/Rounds 1-2_Week 8_6_2,blue,Dplus Kia Challengers,Karma + Sivir + Jayce + Skarner + Twisted Fate,Jayce + Skarner + Twisted Fate + Sivir + Karma,False,5
LCK CL/2026 Season/Rounds 1-2_Week 8_6_2,red,Kiwoom DRX Challengers,Ezreal + Anivia + Sion + Pantheon + Mel,Sion + Pantheon + Mel + Ezreal + Anivia,False,5
LCK/2026 Season/Rounds 1-2_Week 8_3_1,blue,BNK FEARX,Rumble + Nautilus + Miss Fortune + Vi + Yone,Galio + Xin Zhao + Ryze + Sivir + Karma,True,5
LCK/2026 Season/Rounds 1-2_Week 8_3_1,red,Hanwha Life Esports,Karma + Xin Zhao + Sivir + Ryze + Galio,Rumble + Vi + Yone + Miss Fortune + Nautilus,True,5
LJL/2026 Season/Spring Series_Week 4_1_1,blue,FENNEL,Orianna + Naafiri + Mel + Renekton + Skarner,Renekton + Naafiri + Orianna + Mel + Skarner,False,5
LJL/2026 Season/Spring Series_Week 4_1_1,red,Uwinks,Ashe + Seraphine + Viktor + Ambessa + Kennen,Kennen + Ambessa + Viktor + Ashe + Seraphine,False,5
LJL/2026 Season/Spring Series_Week 4_1_2,blue,FENNEL,Lee Sin + Miss Fortune + Rell + K'Sante + Annie,K'Sante + Lee Sin + Annie + Miss Fortune + Rell,False,5
LJL/2026 Season/Spring Series_Week 4_1_2,red,Uwinks,Kai'Sa + Pantheon + Neeko + Aurora + Smolder,Smolder + Pantheon + Aurora + Kai'Sa + Neeko,False,5
LCK/2026 Season/Rounds 1-2_Week 8_3_2,blue,Hanwha Life Esports,Lucian + Milio + Twisted Fate + Sion + Trundle,Ambessa + Pantheon + Mel + Ashe + Seraphine,True,5
LCK/2026 Season/Rounds 1-2_Week 8_3_2,red,BNK FEARX,Ashe + Seraphine + Mel + Pantheon + Ambessa,Sion + Trundle + Twisted Fate + Lucian + Milio,True,5
LJL/2026 Season/Spring Series_Week 4_2_1,blue,Rising Gaming,Rumble + Jayce + Viktor + Senna + Tahm Kench,Rumble + Jayce + Viktor + Senna + Tahm Kench,False,5
LJL/2026 Season/Spring Series_Week 4_2_1,red,New Meta,Xin Zhao + Karma + Jhin + Sylas + Irelia,Irelia + Xin Zhao + Sylas + Jhin + Karma,False,5
VCS/2026 Season/Summer Season_Week 2_3_1,blue,Saigon Dino,Ezreal + Bard + Sion + Jarvan IV + Viktor,Sion + Jarvan IV + Viktor + Ezreal + Bard,False,5
VCS/2026 Season/Summer Season_Week 2_3_1,red,SN CyberCore Esports,Varus + Cassiopeia + Skarner + Ambessa + Naafiri,Ambessa + Naafiri + Cassiopeia + Varus + Skarner,False,5
LCK/2026 Season/Rounds 1-2_Week 8_4_1,blue,Dplus Kia,Orianna + Nautilus + Ezreal + Rumble + Pantheon,K'Sante + Jarvan IV + Viktor + Sivir + Bard,True,5
LCK/2026 Season/Rounds 1-2_Week 8_4_1,red,HANJIN BRION,Jarvan IV + Bard + Sivir + Viktor + K'Sante,Rumble + Pantheon + Orianna + Ezreal + Nautilus,True,5
LJL/2026 Season/Spring Series_Week 4_2_2,blue,New Meta,Orianna + Skarner + Ashe + Seraphine + Tryndamere,Tryndamere + Skarner + Orianna + Ashe + Seraphine,False,5
LJL/2026 Season/Spring Series_Week 4_2_2,red,Rising Gaming,Jarvan IV + LeBlanc + Ambessa + Lucian + Milio,Ambessa + Jarvan IV + LeBlanc + Lucian + Milio,False,5
VCS/2026 Season/Summer Season_Week 2_3_2,blue,SN CyberCore Esports,Jayce + Caitlyn + Braum + Trundle + Sylas,Jayce + Trundle + Sylas + Caitlyn + Braum,False,5
VCS/2026 Season/Summer Season_Week 2_3_2,red,Saigon Dino,Miss Fortune + Nautilus + Orianna + K'Sante + Lee Sin,K'Sante + Lee Sin + Orianna + Miss Fortune + Nautilus,False,5
LCK/2026 Season/Rounds 1-2_Week 8_4_2,blue,HANJIN BRION,Cassiopeia + Vi + Jayce + Caitlyn + Lux,Jayce + Vi + Cassiopeia + Caitlyn + Lux,False,5
LCK/2026 Season/Rounds 1-2_Week 8_4_2,red,Dplus Kia,Ashe + Xin Zhao + Seraphine + Anivia + Kog'Maw,Anivia + Xin Zhao + Kog'Maw + Ashe + Seraphine,False,5
LJL/2026 Season/Spring Series_Week 4_2_3,blue,Rising Gaming,Lee Sin + Miss Fortune + Nautilus + Gnar + Aurora,Gnar + Lee Sin + Aurora + Miss Fortune + Nautilus,False,5
LJL/2026 Season/Spring Series_Week 4_2_3,red,New Meta,Neeko + Caitlyn + Trundle + Anivia + Vayne,Vayne + Trundle + Anivia + Caitlyn + Neeko,False,5
VCS/2026 Season/Summer Season_Week 2_4_1,blue,ZEN Esports (Vietnamese Team),Jarvan IV + Cassiopeia + Gnar + Jhin + Bard,Gnar + Jarvan IV + Cassiopeia + Jhin + Bard,False,5
VCS/2026 Season/Summer Season_Week 2_4_1,red,9Gaming,Rumble + Xin Zhao + Syndra + Seraphine + Yunara,Rumble + Xin Zhao + Syndra + Yunara + Seraphine,False,5
LCK/2026 Season/Rounds 1-2_Week 8_4_3,blue,HANJIN BRION,Karma + Wukong + Yunara + Taliyah + Illaoi,Renekton + Naafiri + Annie + Jhin + Neeko,True,5
LCK/2026 Season/Rounds 1-2_Week 8_4_3,red,Dplus Kia,Jhin + Annie + Naafiri + Renekton + Neeko,Illaoi + Wukong + Taliyah + Yunara + Karma,True,5
VCS/2026 Season/Summer Season_Week 2_4_2,blue,ZEN Esports (Vietnamese Team),Lucian + Lee Sin + Annie + Pyke + Jayce,Jayce + Lee Sin + Annie + Lucian + Pyke,False,5
VCS/2026 Season/Summer Season_Week 2_4_2,red,9Gaming,Caitlyn + Lux + Galio + Volibear + Yorick,Yorick + Volibear + Galio + Caitlyn + Lux,False,5
Prime League 1st Division/2026 Season/Spring Playoffs_Quarterfinals_2_1,blue,Unicorns of Love Sexy Edition,Caitlyn + Karma + Xin Zhao + Ahri + Aurora,Aurora + Xin Zhao + Ahri + Caitlyn + Karma,False,5
Prime League 1st Division/2026 Season/Spring Playoffs_Quarterfinals_2_1,red,G2 NORD,Pantheon + Bard + Jhin + Anivia + Yorick,Yorick + Pantheon + Anivia + Jhin + Bard,False,5
TCL/2026 Season/Spring Playoffs_Round 2_1_1,blue,Misa Esports,Lucian + Milio + Cassiopeia + Gwen + Wukong,Gwen + Wukong + Cassiopeia + Lucian + Milio,False,5
TCL/2026 Season/Spring Playoffs_Round 2_1_1,red,Ozarox Esports,Pantheon + Kalista + Renata Glasc + Sion + Viktor,Sion + Pantheon + Viktor + Kalista + Renata Glasc,False,5
LES/2026 Season/Spring Split_Week 7_3_1,blue,Falke Esports,Orianna + Jarvan IV + Jhin + Rell + Gnar,Gnar + Jarvan IV + Orianna + Jhin + Rell,False,5
LES/2026 Season/Spring Split_Week 7_3_1,red,GIANTX iTero,Ezreal + Nocturne + Galio + Rakan + Vayne,Vayne + Nocturne + Galio + Ezreal + Rakan,False,5
Rift Legends/2026 Season/Spring Split_Week 6_5_1,blue,Forsaken (Polish Team),Jarvan IV + Ashe + Seraphine + Akali + K'Sante,K'Sante + Jarvan IV + Akali + Ashe + Seraphine,False,5
Rift Legends/2026 Season/Spring Split_Week 6_5_1,red,DOCISK,Lucian + Lee Sin + Milio + Sion + Aurora,Sion + Lee Sin + Aurora + Lucian + Milio,False,5
Streamers Clash/Season 4_Day 4_1_1,blue,SPAJKOVI UKRADLI SUPERSTRIKE,Seraphine + Gwen + Braum + Sion + Jarvan IV,Gwen + Jarvan IV + Sion + Seraphine + Braum,False,5
Streamers Clash/Season 4_Day 4_1_1,red,VEDICI DEEMONS,Maokai + Vayne + Jinx + Lillia + Amumu,Maokai + Lillia + Vayne + Jinx + Amumu,False,5
Prime League 1st Division/2026 Season/Spring Playoffs_Quarterfinals_2_2,blue,G2 NORD,Lucian + Jarvan IV + Nami + Hwei + Renekton,Renekton + Jarvan IV + Hwei + Lucian + Nami,False,5
Prime League 1st Division/2026 Season/Spring Playoffs_Quarterfinals_2_2,red,Unicorns of Love Sexy Edition,Yunara + Milio + Wukong + Cassiopeia + Gnar,Gnar + Wukong + Cassiopeia + Yunara + Milio,False,5
Road Of Legends/2026 Season/Spring Playoffs_Round 1_3_1,blue,Once Upon A Team,Pantheon + Nautilus + Ezreal + Ryze + Gnar,Gnar + Pantheon + Ryze + Ezreal + Nautilus,False,5
Road Of Legends/2026 Season/Spring Playoffs_Round 1_3_1,red,Dynasty,Xin Zhao + Karma + Varus + Ornn + Anivia,Ornn + Xin Zhao + Anivia + Varus + Karma,False,5
Esports Balkan League/2026 Season/Spring Playoffs_Round 4_1_1,blue,Magaza Esports,Xin Zhao + Lucian + Milio + K'Sante + LeBlanc,K'Sante + Xin Zhao + LeBlanc + Lucian + Milio,False,5
Esports Balkan League/2026 Season/Spring Playoffs_Round 4_1_1,red,Partizan Sangal,Ashe + Seraphine + Ryze + Pantheon + Varus,Varus + Pantheon + Ryze + Ashe + Seraphine,False,5
LFL/2026 Season/Spring Playoffs_Round 2_3_1,blue,Esprit Shōnen,Ezreal + Karma + Jarvan IV + Rumble + Akali,Rumble + Jarvan IV + Akali + Ezreal + Karma,False,5
LFL/2026 Season/Spring Playoffs_Round 2_3_1,red,Galions,Lucian + Xin Zhao + Milio + Viktor + K'Sante,K'Sante + Xin Zhao + Viktor + Lucian + Milio,False,5
Rift Legends/2026 Season/Spring Split_Week 6_5_2,blue,Forsaken (Polish Team),Bard + Skarner + Caitlyn + Viktor + Jayce,Jayce + Skarner + Viktor + Caitlyn + Bard,False,5
Rift Legends/2026 Season/Spring Split_Week 6_5_2,red,DOCISK,Pantheon + Neeko + Yunara + Ahri + Ambessa,Ambessa + Pantheon + Ahri + Yunara + Neeko,False,5
LES/2026 Season/Spring Split_Week 7_3_2,blue,GIANTX iTero,Ambessa + Vi + Xerath + Corki + Nami,Ambessa + Vi + Xerath + Corki + Nami,False,5
LES/2026 Season/Spring Split_Week 7_3_2,red,Falke Esports,Darius + Xin Zhao + Anivia + Caitlyn + Karma,Darius + Xin Zhao + Anivia + Caitlyn + Karma,False,5
Arabian League/2026 Season/Spring Playoffs_Finals_1_1,blue,Anubis Gaming,Jarvan IV + Jhin + Neeko + Anivia + Gnar,Gnar + Jarvan IV + Anivia + Jhin + Neeko,False,5
Arabian League/2026 Season/Spring Playoffs_Finals_1_1,red,FN Esports,Caitlyn + Xin Zhao + Nami + Annie + Irelia,Irelia + Xin Zhao + Annie + Caitlyn + Nami,False,5
TCL/2026 Season/Spring Playoffs_Round 2_1_2,blue,Ozarox Esports,Xin Zhao + Ezreal + Nami + K'Sante + Akali,K'Sante + Xin Zhao + Akali + Ezreal + Nami,False,5
TCL/2026 Season/Spring Playoffs_Round 2_1_2,red,Misa Esports,Ashe + Seraphine + Annie + Nocturne + Twisted Fate,Twisted Fate + Nocturne + Annie + Ashe + Seraphine,False,5
Streamers Clash/Season 4_Day 4_2_1,blue,SILNĚJŠÍ SE XNAPYM,Ashe + Amumu + Skarner + Ornn + Cassiopeia,Ornn + Skarner + Cassiopeia + Ashe + Amumu,False,5
Streamers Clash/Season 4_Day 4_2_1,red,TYBLÁHO MEWING SOCIETY,Braum + Seraphine + Vayne + Xin Zhao + Galio,Vayne + Xin Zhao + Galio + Seraphine + Braum,False,5
Prime League 1st Division/2026 Season/Spring Playoffs_Quarterfinals_2_3,blue,G2 NORD,Seraphine + Ryze + Lee Sin + Senna + Olaf,Olaf + Lee Sin + Ryze + Senna + Seraphine,False,5
Prime League 1st Division/2026 Season/Spring Playoffs_Quarterfinals_2_3,red,Unicorns of Love Sexy Edition,Ashe + Lulu + Skarner + Ambessa + Azir,Ambessa + Skarner + Azir + Ashe + Lulu,False,5
Esports Balkan League/2026 Season/Spring Playoffs_Round 4_1_2,blue,Partizan Sangal,Yunara + Nami + Nocturne + Gnar + Cassiopeia,Gnar + Nocturne + Cassiopeia + Yunara + Nami,False,5
Esports Balkan League/2026 Season/Spring Playoffs_Round 4_1_2,red,Magaza Esports,Lulu + Skarner + Tristana + Aatrox + Viktor,Aatrox + Skarner + Viktor + Tristana + Lulu,False,5
LFL/2026 Season/Spring Playoffs_Round 2_3_2,blue,Galions,Seraphine + Ashe + Zaahen + Renekton + Annie,Renekton + Zaahen + Annie + Ashe + Seraphine,False,5
LFL/2026 Season/Spring Playoffs_Round 2_3_2,red,Esprit Shōnen,Wukong + Nami + Senna + Cassiopeia + Ornn,Ornn + Wukong + Cassiopeia + Senna + Nami,False,5
Road Of Legends/2026 Season/Spring Playoffs_Round 1_3_2,blue,Once Upon A Team,Jarvan IV + Tristana + Aurora + Galio + Rell,Galio + Jarvan IV + Aurora + Tristana + Rell,False,5
Road Of Legends/2026 Season/Spring Playoffs_Round 1_3_2,red,Dynasty,Rumble + Vi + Corki + Ahri + Alistar,Rumble + Vi + Ahri + Corki + Alistar,False,5
Arabian League/2026 Season/Spring Playoffs_Finals_1_2,blue,Anubis Gaming,Ashe + Seraphine + Aurora + Shen + Jayce,Jayce + Shen + Aurora + Ashe + Seraphine,False,5
Arabian League/2026 Season/Spring Playoffs_Finals_1_2,red,FN Esports,Lucian + Milio + Ryze + Lee Sin + K'Sante,K'Sante + Lee Sin + Ryze + Lucian + Milio,False,5
LES/2026 Season/Spring Split_Week 7_4_1,blue,UCAM Esports,Yorick + Xin Zhao + Viktor + Ashe + Seraphine,Yorick + Xin Zhao + Viktor + Ashe + Seraphine,False,5
LES/2026 Season/Spring Split_Week 7_4_1,red,Movistar KOI Fénix,Jayce + Jarvan IV + Sylas + Ezreal + Karma,Jayce + Jarvan IV + Sylas + Ezreal + Karma,False,5
TCL/2026 Season/Spring Playoffs_Round 2_1_3,blue,Ozarox Esports,Karma + Rumble + Sivir + Skarner + Yasuo,Rumble + Skarner + Yasuo + Sivir + Karma,False,5
TCL/2026 Season/Spring Playoffs_Round 2_1_3,red,Misa Esports,Aurora + Jhin + Alistar + Jayce + Anivia,Anivia + Jayce + Aurora + Jhin + Alistar,False,5
LIT/2026 Season/Summer Promotion_Round 4_1_1,blue,DECOY 21,Nocturne + Karma + Ezreal + Dr. Mundo + Azir,Dr. Mundo + Nocturne + Azir + Ezreal + Karma,False,5
LIT/2026 Season/Summer Promotion_Round 4_1_1,red,P11 Esports,Ryze + Wukong + Nautilus + Varus + Senna,Varus + Wukong + Ryze + Senna + Nautilus,False,5
Rift Legends/2026 Season/Spring Split_Week 6_6_1,blue,Barcząca Esports,Ashe + Lee Sin + Seraphine + Anivia + Jayce,Jayce + Lee Sin + Anivia + Ashe + Seraphine,False,5
Rift Legends/2026 Season/Spring Split_Week 6_6_1,red,devils.one inStreamly,Ezreal + Nami + Wukong + Ryze + Sion,Sion + Wukong + Ryze + Ezreal + Nami,False,5
Streamers Clash/Season 4_Day 4_3_1,blue,NATÁLKY IMAGINÁRNÍ KAMARÁDI,Malphite + Xin Zhao + Smolder + Veigar + Rell,Malphite + Xin Zhao + Smolder + Veigar + Rell,False,5
Streamers Clash/Season 4_Day 4_3_1,red,FREEZŮV WOLT DŮCHOĎÁK,Galio + Amumu + Ornn + Ivern + Sivir,Ornn + Ivern + Galio + Sivir + Amumu,False,5
Arabian League/2026 Season/Spring Playoffs_Finals_1_3,blue,FN Esports,Lulu + Wukong + Rumble + Xayah + Akali,Rumble + Wukong + Akali + Xayah + Lulu,False,5
Arabian League/2026 Season/Spring Playoffs_Finals_1_3,red,Anubis Gaming,Bard + Vi + Ezreal + Ahri + Sion,Sion + Vi + Ahri + Ezreal + Bard,False,5
LES/2026 Season/Spring Split_Week 7_4_2,blue,Movistar KOI Fénix,Vi + Lulu + Yunara + Gnar + Taliyah,Gnar + Vi + Taliyah + Yunara + Lulu,False,5
LES/2026 Season/Spring Split_Week 7_4_2,red,UCAM Esports,Lucian + Milio + Wukong + Annie + Sion,Sion + Wukong + Annie + Lucian + Milio,False,5
LIT/2026 Season/Summer Promotion_Round 4_1_2,blue,DECOY 21,Sion + Jarvan IV + Lulu + Sivir + Sylas,Sion + Jarvan IV + Sylas + Sivir + Lulu,False,5
LIT/2026 Season/Summer Promotion_Round 4_1_2,red,P11 Esports,Ashe + Seraphine + Xin Zhao + Gnar + Hwei,Gnar + Xin Zhao + Hwei + Ashe + Seraphine,False,5
Road Of Legends/2026 Season/Spring Playoffs_Round 1_4_1,blue,mCon esports,Lucian + Xin Zhao + Milio + Ambessa + Taliyah,Ambessa + Xin Zhao + Taliyah + Lucian + Milio,False,5
Road Of Legends/2026 Season/Spring Playoffs_Round 1_4_1,red,Senshi eSports (Benelux Team),Yunara + Lulu + Wukong + K'Sante + Akali,K'Sante + Wukong + Akali + Yunara + Lulu,False,5
LFL/2026 Season/Spring Playoffs_Round 2_4_1,blue,Vitality.Bee,Milio + Viktor + Jinx + Xin Zhao + K'Sante,K'Sante + Xin Zhao + Viktor + Jinx + Milio,False,5
LFL/2026 Season/Spring Playoffs_Round 2_4_1,red,TLN Pirates,Yunara + Pantheon + Lulu + Akali + Gwen,Gwen + Pantheon + Akali + Yunara + Lulu,False,5
Esports Balkan League/2026 Season/Spring Playoffs_Round 3_1_1,blue,Lenovo Legion Honvéd,Ornn + Pantheon + Hwei + Sivir + Karma,Ornn + Pantheon + Hwei + Sivir + Karma,False,5
Esports Balkan League/2026 Season/Spring Playoffs_Round 3_1_1,red,The Secret Club,Sion + Jayce + Syndra + Senna + Nautilus,Sion + Jayce + Syndra + Senna + Nautilus,False,5
Rift Legends/2026 Season/Spring Split_Week 6_6_2,blue,Barcząca Esports,Varus + Kog'Maw + Lulu + Trundle + Viktor,Varus + Trundle + Viktor + Kog'Maw + Lulu,False,5
Rift Legends/2026 Season/Spring Split_Week 6_6_2,red,devils.one inStreamly,Milio + Pantheon + K'Sante + Aphelios + Ahri,K'Sante + Pantheon + Ahri + Aphelios + Milio,False,5
LPLOL/2026 Season/Spring Split_Week 4_1_1,blue,Francesinhas,Naafiri + Yunara + Bard + Rumble + Viktor,Rumble + Naafiri + Viktor + Yunara + Bard,False,5
LPLOL/2026 Season/Spring Split_Week 4_1_1,red,Dream Esports,Smolder + Hecarim + K'Sante + Rakan + Vladimir,K'Sante + Hecarim + Vladimir + Smolder + Rakan,False,5
Streamers Clash/Season 4_Day 4_4_1,blue,HERDYNŮV LANGUSTA TÝM,Seraphine + Nautilus + Cho'Gath + Lillia + Tristana,Cho'Gath + Lillia + Tristana + Seraphine + Nautilus,False,5
Streamers Clash/Season 4_Day 4_4_1,red,STOPERCENTNÁ KAMILOVA TUTOFKA,Ashe + Maokai + Kayle + Trundle + Lissandra,Kayle + Trundle + Lissandra + Ashe + Maokai,False,5
LES/2026 Season/Spring Split_Week 7_4_3,blue,UCAM Esports,Pantheon + Rumble + Jhin + Rell + LeBlanc,Rumble + Pantheon + LeBlanc + Jhin + Rell,False,5
LES/2026 Season/Spring Split_Week 7_4_3,red,Movistar KOI Fénix,Sejuani + Anivia + Ambessa + Zeri + Yuumi,Ambessa + Sejuani + Anivia + Zeri + Yuumi,False,5
Esports Balkan League/2026 Season/Spring Playoffs_Round 3_1_2,blue,The Secret Club,Ezreal + Leona + Ryze + K'Sante + Naafiri,K'Sante + Naafiri + Ryze + Ezreal + Leona,False,5
Esports Balkan League/2026 Season/Spring Playoffs_Round 3_1_2,red,Lenovo Legion Honvéd,Xin Zhao + Kai'Sa + Rell + Rumble + Swain,Rumble + Xin Zhao + Swain + Kai'Sa + Rell,False,5
LIT/2026 Season/Summer Promotion_Round 4_1_3,blue,DECOY 21,Smolder + Malphite + Bard + Akali + Trundle,Malphite + Trundle + Akali + Smolder + Bard,False,5
LIT/2026 Season/Summer Promotion_Round 4_1_3,red,P11 Esports,Pantheon + Aphelios + Gwen + Milio + Viktor,Gwen + Pantheon + Viktor + Aphelios + Milio,False,5
Road Of Legends/2026 Season/Spring Playoffs_Round 1_4_2,blue,mCon esports,Pantheon + Kai'Sa + Neeko + Sion + Aurora,Sion + Pantheon + Aurora + Kai'Sa + Neeko,False,5
Road Of Legends/2026 Season/Spring Playoffs_Round 1_4_2,red,Senshi eSports (Benelux Team),Ezreal + Nocturne + Bard + Ahri + Aatrox,Aatrox + Nocturne + Ahri + Ezreal + Bard,False,5
LFL/2026 Season/Spring Playoffs_Round 2_4_2,blue,TLN Pirates,Ezreal + Bard + Vi + Rumble + LeBlanc,Rumble + Vi + LeBlanc + Ezreal + Bard,False,5
LFL/2026 Season/Spring Playoffs_Round 2_4_2,red,Vitality.Bee,Karma + Jarvan IV + Sivir + Aurora + Galio,Aurora + Jarvan IV + Galio + Sivir + Karma,False,5
Rift Legends/2026 Season/Spring Split_Week 6_6_3,blue,devils.one inStreamly,Orianna + Naafiri + Renekton + Xayah + Alistar,Renekton + Naafiri + Orianna + Xayah + Alistar,False,5
Rift Legends/2026 Season/Spring Split_Week 6_6_3,red,Barcząca Esports,Nocturne + Galio + Gnar + Nautilus + Corki,Gnar + Nocturne + Galio + Corki + Nautilus,False,5
LPLOL/2026 Season/Spring Split_Week 4_2_1,blue,ZeroZone Gaming,Karma + Ezreal + Rumble + Vi + Ahri,Rumble + Vi + Ahri + Ezreal + Karma,False,5
LPLOL/2026 Season/Spring Split_Week 4_2_1,red,Crusaders,Xin Zhao + Lucian + Nami + Aurora + Viktor,Aurora + Xin Zhao + Viktor + Lucian + Nami,False,5
Esports Balkan League/2026 Season/Spring Playoffs_Round 3_1_3,blue,Lenovo Legion Honvéd,Jarvan IV + Corki + Nami + Renekton + Annie,Renekton + Jarvan IV + Annie + Corki + Nami,False,5
Esports Balkan League/2026 Season/Spring Playoffs_Round 3_1_3,red,The Secret Club,Yunara + Lulu + Sejuani + Aurora + Zaahen,Zaahen + Sejuani + Aurora + Yunara + Lulu,False,5
Road Of Legends/2026 Season/Spring Playoffs_Round 1_4_3,blue,mCon esports,Karma + Varus + Zaahen + Fiora + Syndra,Fiora + Zaahen + Syndra + Varus + Karma,False,5
Road Of Legends/2026 Season/Spring Playoffs_Round 1_4_3,red,Senshi eSports (Benelux Team),Jhin + Vi + Rakan + Mel + Jax,Jax + Vi + Mel + Jhin + Rakan,False,5
LFL/2026 Season/Spring Playoffs_Round 2_4_3,blue,Vitality.Bee,Cassiopeia + Lee Sin + Varus + Leona + Vayne,Vayne + Lee Sin + Cassiopeia + Varus + Leona,False,5
LFL/2026 Season/Spring Playoffs_Round 2_4_3,red,TLN Pirates,Syndra + Jhin + Sion + Maokai + Alistar,Sion + Maokai + Syndra + Jhin + Alistar,False,5
North American Challengers League/2026 Season/Spring Playoffs_Round 1_3_1,blue,Winthrop University,Ezreal + Pantheon + Neeko + Akali + Rumble,Galio + Wukong + Ryze + Jhin + Bard,True,5
North American Challengers League/2026 Season/Spring Playoffs_Round 1_3_1,red,Maryville University,Jhin + Bard + Ryze + Wukong + Galio,Rumble + Pantheon + Akali + Ezreal + Neeko,True,5
LPLOL/2026 Season/Spring Split_Week 4_3_1,blue,Bubliki,Orianna + Seraphine + Ashe + Rek'Sai + Renekton,Renekton + Rek'Sai + Orianna + Ashe + Seraphine,False,5
LPLOL/2026 Season/Spring Split_Week 4_3_1,red,Ronaldo Team,Nocturne + Ryze + Ezreal + Nami + Vayne,Vayne + Nocturne + Ryze + Ezreal + Nami,False,5
North American Challengers League/2026 Season/Spring Playoffs_Round 1_3_2,blue,Winthrop University,Jarvan IV + Jayce + Viktor + Ashe + Seraphine,Vayne + Lee Sin + Cassiopeia + Ziggs + Pyke,True,5
North American Challengers League/2026 Season/Spring Playoffs_Round 1_3_2,red,Maryville University,Ziggs + Lee Sin + Vayne + Cassiopeia + Pyke,Jayce + Jarvan IV + Viktor + Ashe + Seraphine,True,5
LPLOL/2026 Season/Spring Split_Week 4_4_1,blue,Otter Side,Orianna + Xin Zhao + Ezreal + Leona + Jayce,Jayce + Xin Zhao + Orianna + Ezreal + Leona,False,5
LPLOL/2026 Season/Spring Split_Week 4_4_1,red,GTZ Esports,Bard + Aurora + Smolder + Zaahen + K'Sante,K'Sante + Zaahen + Aurora + Smolder + Bard,False,5
North American Challengers League/2026 Season/Spring Playoffs_Round 1_3_3,blue,Maryville University,Xin Zhao + Gnar + Nautilus + Xayah + Ahri,Zaahen + Ambessa + Azir + Corki + Nami,True,5
North American Challengers League/2026 Season/Spring Playoffs_Round 1_3_3,red,Winthrop University,Corki + Nami + Ambessa + Zaahen + Azir,Gnar + Xin Zhao + Ahri + Xayah + Nautilus,True,5
North American Challengers League/2026 Season/Spring Playoffs_Round 1_3_4,blue,Maryville University,Karma + Jinx + Skarner + Annie + Kennen,Jax + Kha'Zix + Mel + Caitlyn + Anivia,True,5
North American Challengers League/2026 Season/Spring Playoffs_Round 1_3_4,red,Winthrop University,Caitlyn + Anivia + Jax + Kha'Zix + Mel,Kennen + Skarner + Annie + Jinx + Karma,True,5
North American Challengers League/2026 Season/Spring Playoffs_Round 1_3_5,blue,Winthrop University,Nocturne + Yunara + Lulu + Vladimir + Aatrox,Camille + Trundle + Twisted Fate + Aphelios + Milio,True,5
North American Challengers League/2026 Season/Spring Playoffs_Round 1_3_5,red,Maryville University,Twisted Fate + Trundle + Camille + Aphelios + Milio,Aatrox + Nocturne + Vladimir + Yunara + Lulu,True,5
LCK CL/2026 Season/Rounds 1-2_Week 8_9_1,blue,BNK FEARX Youth,Orianna + Yunara + Lulu + Pantheon + Jayce,Jayce + Pantheon + Orianna + Yunara + Lulu,False,5
LCK CL/2026 Season/Rounds 1-2_Week 8_9_1,red,KT Rolster Challengers,Ezreal + Bard + Akali + Lee Sin + K'Sante,K'Sante + Lee Sin + Akali + Ezreal + Bard,False,5
LCK CL/2026 Season/Rounds 1-2_Week 8_10_1,blue,HANJIN BRION Challengers,Vi + Zeri + Yuumi + Jayce + Mel,Jayce + Vi + Mel + Zeri + Yuumi,False,5
LCK CL/2026 Season/Rounds 1-2_Week 8_10_1,red,T1 Esports Academy,Ashe + Xin Zhao + Seraphine + Twisted Fate + Sion,Sion + Xin Zhao + Twisted Fate + Ashe + Seraphine,False,5
LCK CL/2026 Season/Rounds 1-2_Week 8_10_2,blue,HANJIN BRION Challengers,Nocturne + Jhin + Neeko + Teemo + Ryze,Gnar + Wukong + Anivia + Caitlyn + Bard,True,5
LCK CL/2026 Season/Rounds 1-2_Week 8_10_2,red,T1 Esports Academy,Caitlyn + Bard + Wukong + Gnar + Anivia,Teemo + Nocturne + Ryze + Jhin + Neeko,True,5
LCK CL/2026 Season/Rounds 1-2_Week 8_9_2,blue,KT Rolster Challengers,Nocturne + Corki + Nami + Annie + Renekton,Gnar + Jarvan IV + LeBlanc + Kalista + Neeko,True,5
LCK CL/2026 Season/Rounds 1-2_Week 8_9_2,red,BNK FEARX Youth,Jarvan IV + Neeko + Kalista + LeBlanc + Gnar,Renekton + Nocturne + Annie + Corki + Nami,True,5
LCK CL/2026 Season/Rounds 1-2_Week 8_9_3,blue,BNK FEARX Youth,Vi + Ambessa + Aurora + Jinx + Rell,Ambessa + Vi + Aurora + Jinx + Rell,False,5
LCK CL/2026 Season/Rounds 1-2_Week 8_9_3,red,KT Rolster Challengers,Xin Zhao + Nautilus + Xayah + Viktor + Irelia,Irelia + Xin Zhao + Viktor + Xayah + Nautilus,False,5
LCK/2026 Season/Rounds 1-2_Week 8_5_1,blue,DN SOOPers,Cassiopeia + Xin Zhao + K'Sante + Miss Fortune + Bard,Rumble + Skarner + Yone + Lucian + Milio,True,5
LCK/2026 Season/Rounds 1-2_Week 8_5_1,red,Kiwoom DRX,Rumble + Yone + Skarner + Lucian + Milio,K'Sante + Xin Zhao + Cassiopeia + Miss Fortune + Bard,True,5
LJL/2026 Season/Spring Series_Week 4_3_1,blue,DetonatioN FocusMe Academy,Rumble + Nautilus + Xin Zhao + Jinx + Akali,Rumble + Xin Zhao + Akali + Jinx + Nautilus,False,5
LJL/2026 Season/Spring Series_Week 4_3_1,red,RAYN Clocks,Ashe + Seraphine + Lee Sin + K'Sante + Galio,K'Sante + Lee Sin + Galio + Ashe + Seraphine,False,5
LJL/2026 Season/Spring Series_Week 4_3_2,blue,RAYN Clocks,Varus + Naafiri + Orianna + Alistar + Jax,Jax + Naafiri + Orianna + Varus + Alistar,False,5
LJL/2026 Season/Spring Series_Week 4_3_2,red,DetonatioN FocusMe Academy,Karma + Ezreal + Yone + Skarner + Renekton,Renekton + Skarner + Yone + Ezreal + Karma,False,5
LCK/2026 Season/Rounds 1-2_Week 8_5_2,blue,Kiwoom DRX,Lee Sin + Nautilus + Sivir + Ahri + Ambessa,Gnar + Pantheon + Viktor + Ezreal + Karma,True,5
LCK/2026 Season/Rounds 1-2_Week 8_5_2,red,DN SOOPers,Ezreal + Karma + Gnar + Pantheon + Viktor,Ambessa + Lee Sin + Ahri + Sivir + Nautilus,True,5
LJL/2026 Season/Spring Series_Week 4_3_3,blue,DetonatioN FocusMe Academy,Jarvan IV + Bard + Jhin + Sylas + Irelia,Irelia + Jarvan IV + Sylas + Jhin + Bard,False,5
LJL/2026 Season/Spring Series_Week 4_3_3,red,RAYN Clocks,Neeko + Caitlyn + Nidalee + Maokai + Pantheon,Maokai + Nidalee + Pantheon + Caitlyn + Neeko,False,5
VCS/2026 Season/Summer Season_Week 2_5_1,blue,Saigon Dino,Karma + Jhin + Cassiopeia + Sion + Xin Zhao,Sion + Xin Zhao + Cassiopeia + Jhin + Karma,False,5
VCS/2026 Season/Summer Season_Week 2_5_1,red,Saigon Warriors,Varus + Bard + Vi + LeBlanc + Sivir,Varus + Vi + LeBlanc + Sivir + Bard,False,5
LCK/2026 Season/Rounds 1-2_Week 8_6_1,blue,KT Rolster,Karma + Jhin + Ryze + Naafiri + Sion,Ambessa + Pantheon + Anivia + Ezreal + Nami,True,5
LCK/2026 Season/Rounds 1-2_Week 8_6_1,red,Gen.G,Ezreal + Nami + Pantheon + Anivia + Ambessa,Sion + Naafiri + Ryze + Jhin + Karma,True,5
VCS/2026 Season/Summer Season_Week 2_5_2,blue,Saigon Dino,Ryze + Lee Sin + Nautilus + Renekton + Senna,Renekton + Lee Sin + Ryze + Senna + Nautilus,False,5
VCS/2026 Season/Summer Season_Week 2_5_2,red,Saigon Warriors,Lucian + Milio + Skarner + Aurora + Gnar,Gnar + Skarner + Aurora + Lucian + Milio,False,5
LJL/2026 Season/Spring Series_Week 4_4_1,blue,L Guide Gaming,Viktor + Sivir + Nautilus + Rumble + Pantheon,Rumble + Pantheon + Viktor + Sivir + Nautilus,False,5
LJL/2026 Season/Spring Series_Week 4_4_1,red,Arneb,Ezreal + Bard + Akali + Wukong + Galio,Galio + Wukong + Akali + Ezreal + Bard,False,5
LCK/2026 Season/Rounds 1-2_Week 8_6_2,blue,KT Rolster,Cassiopeia + Nautilus + Jayce + Corki + Trundle,Jayce + Trundle + Cassiopeia + Corki + Nautilus,False,5
LCK/2026 Season/Rounds 1-2_Week 8_6_2,red,Gen.G,Ashe + Galio + Seraphine + Nocturne + Vayne,Vayne + Nocturne + Galio + Ashe + Seraphine,False,5
VCS/2026 Season/Summer Season_Week 2_6_1,blue,MVK Esports Academy,Orianna + Karma + Jhin + Sion + Xin Zhao,Sion + Xin Zhao + Orianna + Jhin + Karma,False,5
VCS/2026 Season/Summer Season_Week 2_6_1,red,SN CyberCore Esports,Nocturne + Akali + Bard + Corki + Zaahen,Zaahen + Nocturne + Akali + Corki + Bard,False,5
LJL/2026 Season/Spring Series_Week 4_4_2,blue,L Guide Gaming,Lee Sin + Mel + Gnar + Zeri + Braum,Gnar + Lee Sin + Mel + Zeri + Braum,False,5
LJL/2026 Season/Spring Series_Week 4_4_2,red,Arneb,Ashe + Xin Zhao + Leona + Sion + Ryze,Sion + Xin Zhao + Ryze + Ashe + Leona,False,5
VCS/2026 Season/Summer Season_Week 2_6_2,blue,SN CyberCore Esports,Rumble + Lee Sin + Annie + Miss Fortune + Poppy,Rumble + Lee Sin + Annie + Miss Fortune + Poppy,False,5
VCS/2026 Season/Summer Season_Week 2_6_2,red,MVK Esports Academy,Cassiopeia + Nautilus + Ambessa + K'Sante + Jinx,K'Sante + Ambessa + Cassiopeia + Jinx + Nautilus,False,5
VCS/2026 Season/Summer Season_Week 2_6_3,blue,MVK Esports Academy,Ryze + Jax + Sejuani + Lucian + Milio,Jax + Sejuani + Ryze + Lucian + Milio,False,5
VCS/2026 Season/Summer Season_Week 2_6_3,red,SN CyberCore Esports,Naafiri + Twisted Fate + Lulu + Shen + Ashe,Shen + Naafiri + Twisted Fate + Ashe + Lulu,False,5
TCL/2026 Season/Spring Playoffs_Round 2_2_1,blue,SU Esports,Ashe + Xin Zhao + Seraphine + Ryze + Rumble,Rumble + Xin Zhao + Ryze + Ashe + Seraphine,False,5
TCL/2026 Season/Spring Playoffs_Round 2_2_1,red,PCIFIC Esports,Mel + Jarvan IV + Nami + Aurora + Tristana,Aurora + Jarvan IV + Tristana + Mel + Nami,False,5
TCL/2026 Season/Spring Playoffs_Round 2_2_2,blue,SU Esports,Lucian + Nocturne + Yuumi + LeBlanc + Yorick,Yorick + Nocturne + LeBlanc + Lucian + Yuumi,False,5
TCL/2026 Season/Spring Playoffs_Round 2_2_2,red,PCIFIC Esports,Aphelios + Milio + Wukong + Ahri + Volibear,Volibear + Wukong + Ahri + Aphelios + Milio,False,5
Streamers Clash/Season 4_Day 5_1_1,blue,VEDICI DEEMONS,Vayne + Malphite + Nautilus + Trundle + Viktor,Malphite + Trundle + Viktor + Vayne + Nautilus,False,5
Streamers Clash/Season 4_Day 5_1_1,red,TYBLÁHO MEWING SOCIETY,Twisted Fate + Skarner + Braum + Miss Fortune + Sylas,Sylas + Skarner + Twisted Fate + Miss Fortune + Braum,False,5
TCL/2026 Season/Spring Playoffs_Round 2_2_3,blue,PCIFIC Esports,Caitlyn + Dr. Mundo + Akali + Lux + Renekton,Renekton + Dr. Mundo + Akali + Caitlyn + Lux,False,5
TCL/2026 Season/Spring Playoffs_Round 2_2_3,red,SU Esports,Vi + Jhin + Viktor + Bard + Gnar,Gnar + Vi + Viktor + Jhin + Bard,False,5
Streamers Clash/Season 4_Day 5_2_1,blue,STOPERCENTNÁ KAMILOVA TUTOFKA,Veigar + Maokai + Vayne + Amumu + Galio,Vayne + Amumu + Galio + Veigar + Maokai,False,5
Streamers Clash/Season 4_Day 5_2_1,red,NATÁLKY IMAGINÁRNÍ KAMARÁDI,Miss Fortune + Nautilus + Ahri + Wukong + Shen,Shen + Wukong + Ahri + Miss Fortune + Nautilus,False,5
Benelux Ascend Series/2026 Season/Spring Playoffs_Round 1_3_1,blue,RED OUAT,Orianna + Mel + Wukong + Nautilus + Aatrox,Aatrox + Wukong + Orianna + Mel + Nautilus,False,5
Benelux Ascend Series/2026 Season/Spring Playoffs_Round 1_3_1,red,TAKA ASCEND,Ashe + Seraphine + Nocturne + Viktor + Fiora,Fiora + Nocturne + Viktor + Ashe + Seraphine,False,5
LIT/2026 Season/Summer Promotion_Round 5_1_1,blue,P11 Esports,Karma + Wukong + Ezreal + Jayce + Ahri,Jayce + Wukong + Ahri + Ezreal + Karma,False,5
LIT/2026 Season/Summer Promotion_Round 5_1_1,red,Huskies Esports,Ashe + Xin Zhao + Seraphine + Aurora + Malphite,Malphite + Xin Zhao + Aurora + Ashe + Seraphine,False,5
TCL/2026 Season/Spring Playoffs_Round 2_2_4,blue,SU Esports,Lulu + Yunara + Syndra + Skarner + Ambessa,Ambessa + Skarner + Syndra + Yunara + Lulu,False,5
TCL/2026 Season/Spring Playoffs_Round 2_2_4,red,PCIFIC Esports,Xayah + Rakan + Yasuo + Zyra + Vayne,Vayne + Zyra + Yasuo + Xayah + Rakan,False,5
Benelux Ascend Series/2026 Season/Spring Playoffs_Round 1_4_1,blue,ZennIT Academy,Orianna + Xin Zhao + Rumble + Xayah + Rakan,Rumble + Xin Zhao + Orianna + Xayah + Rakan,False,5
Benelux Ascend Series/2026 Season/Spring Playoffs_Round 1_4_1,red,FUSE,Smolder + Akali + Ambessa + Sion + Nami,Sion + Ambessa + Akali + Smolder + Nami,False,5
Streamers Clash/Season 4_Day 5_3_1,blue,HERDYNŮV LANGUSTA TÝM,Seraphine + Nautilus + Mordekaiser + Vayne + Orianna,Mordekaiser + Vayne + Orianna + Seraphine + Nautilus,False,5
Streamers Clash/Season 4_Day 5_3_1,red,SILNĚJŠÍ SE XNAPYM,Cho'Gath + Brand + Zaahen + Rell + Ahri,Cho'Gath + Zaahen + Ahri + Brand + Rell,False,5
Benelux Ascend Series/2026 Season/Spring Playoffs_Round 1_3_2,blue,TAKA ASCEND,Ambessa + Ryze + Smolder + Sejuani + Braum,Ambessa + Sejuani + Ryze + Smolder + Braum,False,5
Benelux Ascend Series/2026 Season/Spring Playoffs_Round 1_3_2,red,RED OUAT,Aurora + Renekton + Vi + Varus + Rakan,Renekton + Vi + Aurora + Varus + Rakan,False,5
LPLOL/2026 Season/Spring Split_Week 4_5_1,blue,Bubliki,Xin Zhao + Lulu + Yunara + Gragas + Syndra,Gragas + Xin Zhao + Syndra + Yunara + Lulu,False,5
LPLOL/2026 Season/Spring Split_Week 4_5_1,red,GTZ Esports,Pantheon + Ezreal + Nami + Ornn + Fizz,Ornn + Pantheon + Fizz + Ezreal + Nami,False,5
LIT/2026 Season/Summer Promotion_Round 5_1_2,blue,P11 Esports,Lulu + Yunara + Skarner + Xerath + Anivia,Anivia + Skarner + Xerath + Yunara + Lulu,False,5
LIT/2026 Season/Summer Promotion_Round 5_1_2,red,Huskies Esports,Jinx + Leona + Trundle + Cassiopeia + Ambessa,Ambessa + Trundle + Cassiopeia + Jinx + Leona,False,5
Benelux Ascend Series/2026 Season/Spring Playoffs_Round 1_4_2,blue,ZennIT Academy,Ashe + Seraphine + Hwei + Ornn + Kha'Zix,Ornn + Kha'Zix + Hwei + Ashe + Seraphine,False,5
Benelux Ascend Series/2026 Season/Spring Playoffs_Round 1_4_2,red,FUSE,Senna + Viktor + Jayce + Rell + K'Sante,K'Sante + Jayce + Viktor + Senna + Rell,False,5
Streamers Clash/Season 4_Day 5_4_1,blue,SPAJKOVI UKRADLI SUPERSTRIKE,Seraphine + Azir + Maokai + Wukong + Mordekaiser,Mordekaiser + Wukong + Azir + Seraphine + Maokai,False,5
Streamers Clash/Season 4_Day 5_4_1,red,FREEZŮV WOLT DŮCHOĎÁK,Nasus + Nautilus + Veigar + Jarvan IV + Caitlyn,Nasus + Jarvan IV + Veigar + Caitlyn + Nautilus,False,5
LPLOL/2026 Season/Spring Split_Week 4_6_1,blue,Francesinhas,Naafiri + Caitlyn + Bard + K'Sante + Annie,K'Sante + Naafiri + Annie + Caitlyn + Bard,False,5
LPLOL/2026 Season/Spring Split_Week 4_6_1,red,Crusaders,Yunara + Lulu + Xin Zhao + Taliyah + Gnar,Gnar + Xin Zhao + Taliyah + Yunara + Lulu,False,5
Benelux Ascend Series/2026 Season/Spring Playoffs_Round 1_4_3,blue,ZennIT Academy,Bard + Varus + Anivia + Pantheon + Renekton,Renekton + Pantheon + Anivia + Varus + Bard,False,5
Benelux Ascend Series/2026 Season/Spring Playoffs_Round 1_4_3,red,FUSE,Aphelios + Lulu + Jarvan IV + Syndra + Malphite,Malphite + Jarvan IV + Syndra + Aphelios + Lulu,False,5
North American Challengers League/2026 Season/Spring Playoffs_Round 2_1_1,blue,NRG,Lucian + Nasus + Milio + Sion + Taliyah,Ambessa + Xin Zhao + Ryze + Ashe + Seraphine,True,5
North American Challengers League/2026 Season/Spring Playoffs_Round 2_1_1,red,CCG Esports,Xin Zhao + Seraphine + Ashe + Ryze + Ambessa,Sion + Nasus + Taliyah + Lucian + Milio,True,5
LPLOL/2026 Season/Spring Split_Week 4_7_1,blue,Otter Side,Ezreal + Leona + Nocturne + Gnar + Cassiopeia,Gnar + Nocturne + Cassiopeia + Ezreal + Leona,False,5
LPLOL/2026 Season/Spring Split_Week 4_7_1,red,Dream Esports,Jhin + Bard + Wukong + K'Sante + Kog'Maw,K'Sante + Wukong + Kog'Maw + Jhin + Bard,False,5
North American Challengers League/2026 Season/Spring Playoffs_Round 2_1_2,blue,CCG Esports,Orianna + Rumble + Senna + Wukong + Alistar,Yorick + Jarvan IV + Galio + Zeri + Karma,True,5
North American Challengers League/2026 Season/Spring Playoffs_Round 2_1_2,red,NRG,Karma + Jarvan IV + Galio + Yorick + Zeri,Rumble + Wukong + Orianna + Senna + Alistar,True,5
LPLOL/2026 Season/Spring Split_Week 4_8_1,blue,ZeroZone Gaming,Jarvan IV + Ashe + Lulu + Hwei + Ambessa,Ambessa + Jarvan IV + Hwei + Ashe + Lulu,False,5
LPLOL/2026 Season/Spring Split_Week 4_8_1,red,Ronaldo Team,Varus + Xin Zhao + Nautilus + Cassiopeia + Draven,Varus + Xin Zhao + Cassiopeia + Draven + Nautilus,False,5
North American Challengers League/2026 Season/Spring Playoffs_Round 2_2_1,blue,Conviction,Varus + Vi + Jayce + Cassiopeia + Nami,Jayce + Vi + Cassiopeia + Varus + Nami,False,5
North American Challengers League/2026 Season/Spring Playoffs_Round 2_2_1,red,Supernova,Lucian + Wukong + Milio + Yorick + Akali,Yorick + Wukong + Akali + Lucian + Milio,False,5
North American Challengers League/2026 Season/Spring Playoffs_Round 2_2_2,blue,Conviction,Ryze + Ezreal + Nautilus + Renekton + Sejuani,Renekton + Sejuani + Ryze + Ezreal + Nautilus,False,5
North American Challengers League/2026 Season/Spring Playoffs_Round 2_2_2,red,Supernova,Caitlyn + Bard + Anivia + Lee Sin + K'Sante,K'Sante + Lee Sin + Anivia + Caitlyn + Bard,False,5
North American Challengers League/2026 Season/Spring Playoffs_Round 2_2_3,blue,Conviction,Jarvan IV + Yunara + Lulu + Aurora + Riven,Riven + Jarvan IV + Aurora + Yunara + Lulu,False,5
North American Challengers League/2026 Season/Spring Playoffs_Round 2_2_3,red,Supernova,Karma + Xin Zhao + Smolder + Jax + Twisted Fate,Jax + Xin Zhao + Twisted Fate + Smolder + Karma,False,5
LPL/2026 Season/Split 2 Playoffs_Play-In_1_1,blue,LNG Esports,Ezreal + Akali + Vi + Nami + Sion,Gnar + Wukong + Annie + Lucian + Milio,True,5
LPL/2026 Season/Split 2 Playoffs_Play-In_1_1,red,Team WE,Lucian + Annie + Milio + Wukong + Gnar,Sion + Vi + Akali + Ezreal + Nami,True,5
LPL/2026 Season/Split 2 Playoffs_Play-In_1_2,blue,Team WE,Rumble + Trundle + Yone + Nautilus + Yunara,K'Sante + Lee Sin + Ryze + Jhin + Alistar,True,5
LPL/2026 Season/Split 2 Playoffs_Play-In_1_2,red,LNG Esports,Ryze + K'Sante + Lee Sin + Jhin + Alistar,Rumble + Trundle + Yone + Yunara + Nautilus,True,5
LPL/2026 Season/Split 2 Playoffs_Play-In_1_3,blue,LNG Esports,Jarvan IV + Varus + Neeko + Renekton + Aurora,Zaahen + Xin Zhao + Twisted Fate + Sivir + Bard,True,5
LPL/2026 Season/Split 2 Playoffs_Play-In_1_3,red,Team WE,Xin Zhao + Bard + Sivir + Twisted Fate + Zaahen,Renekton + Jarvan IV + Aurora + Varus + Neeko,True,5
LCK/2026 Season/Rounds 1-2_Week 8_7_1,blue,Dplus Kia,Orianna + Lucian + Milio + Naafiri + Sion,Gnar + Jarvan IV + Ryze + Caitlyn + Karma,True,5
LCK/2026 Season/Rounds 1-2_Week 8_7_1,red,BNK FEARX,Jarvan IV + Karma + Caitlyn + Ryze + Gnar,Sion + Naafiri + Orianna + Lucian + Milio,True,5
LPL/2026 Season/Split 2 Playoffs_Play-In_1_4,blue,LNG Esports,Naafiri + Caitlyn + Lux + Ornn + Ahri,Yorick + Maokai + Tristana + Miss Fortune + Karma,True,5
LPL/2026 Season/Split 2 Playoffs_Play-In_1_4,red,Team WE,Karma + Yorick + Miss Fortune + Maokai + Tristana,Ornn + Naafiri + Ahri + Caitlyn + Lux,True,5
LCK/2026 Season/Rounds 1-2_Week 8_7_2,blue,BNK FEARX,Ashe + Lulu + Lee Sin + Ambessa + Ahri,Ambessa + Lee Sin + Ahri + Ashe + Lulu,False,5
LCK/2026 Season/Rounds 1-2_Week 8_7_2,red,Dplus Kia,Seraphine + Xin Zhao + Ezreal + Rumble + LeBlanc,Rumble + Xin Zhao + LeBlanc + Ezreal + Seraphine,False,5
LCP/2026 Season/Split 2 Playoffs_Round 1_1_1,blue,CTBC Flying Oyster,Cassiopeia + Nautilus + Miss Fortune + Rumble + Jayce,Rumble + Jayce + Cassiopeia + Miss Fortune + Nautilus,False,5
LCP/2026 Season/Split 2 Playoffs_Round 1_1_1,red,MVK Esports,Orianna + Jhin + Leona + Zyra + K'Sante,K'Sante + Zyra + Orianna + Jhin + Leona,False,5
LPL/2026 Season/Split 2 Playoffs_Play-In_1_5,blue,LNG Esports,Jayce + Ambessa + Galio + Lulu + Jinx,Ambessa + Jayce + Galio + Jinx + Lulu,False,5
LPL/2026 Season/Split 2 Playoffs_Play-In_1_5,red,Team WE,Ashe + Seraphine + Poppy + Aatrox + Smolder,Aatrox + Poppy + Smolder + Ashe + Seraphine,False,5
LCK/2026 Season/Rounds 1-2_Week 8_7_3,blue,Dplus Kia,Viktor + Skarner + Jayce + Poppy + Jhin,Jayce + Skarner + Viktor + Jhin + Poppy,False,5
LCK/2026 Season/Rounds 1-2_Week 8_7_3,red,BNK FEARX,Pantheon + Taliyah + Yorick + Alistar + Miss Fortune,Yorick + Pantheon + Taliyah + Miss Fortune + Alistar,False,5
Nexus League/2026 Season/Spring Split_Week 7_1_1,blue,Karmine Corp Blue Stars,Ezreal + Pantheon + Neeko + Ryze + Rumble,Rumble + Pantheon + Ryze + Ezreal + Neeko,False,5
Nexus League/2026 Season/Spring Split_Week 7_1_1,red,Crystal Rose (French Team),Bard + Jhin + Aatrox + Twisted Fate + Sion,Sion + Aatrox + Twisted Fate + Jhin + Bard,False,5
LCP/2026 Season/Split 2 Playoffs_Round 1_1_2,blue,CTBC Flying Oyster,Jarvan IV + Karma + Senna + Renekton + Viktor,Renekton + Jarvan IV + Viktor + Senna + Karma,False,5
LCP/2026 Season/Split 2 Playoffs_Round 1_1_2,red,MVK Esports,Lee Sin + Caitlyn + Pyke + Aurora + Gnar,Gnar + Lee Sin + Aurora + Caitlyn + Pyke,False,5
Hellenic Legends League/2026 Season/Spring Playoffs_Finals_1_1,blue,WLGaming Esports,Nocturne + Orianna + Lulu + Sivir + Sion,Sion + Nocturne + Orianna + Sivir + Lulu,False,5
Hellenic Legends League/2026 Season/Spring Playoffs_Finals_1_1,red,GOAL,Ezreal + Pantheon + Akali + Nami + Gnar,Gnar + Pantheon + Akali + Ezreal + Nami,False,5
Hitpoint Masters/2026 Season/Spring Playoffs_Round 1_1_1,blue,Nightbirds,Orianna + Vi + K'Sante + Zeri + Yuumi,K'Sante + Vi + Orianna + Zeri + Yuumi,False,5
Hitpoint Masters/2026 Season/Spring Playoffs_Round 1_1_1,red,Meavedron,Ezreal + Jarvan IV + Ambessa + Veigar + Rell,Ambessa + Jarvan IV + Veigar + Ezreal + Rell,False,5
LPL/2026 Season/Split 2 Playoffs_Play-In_2_1,blue,ThunderTalk Gaming,Orianna + K'Sante + Naafiri + Neeko + Corki,Rumble + Lee Sin + Ryze + Ezreal + Nami,True,5
LPL/2026 Season/Split 2 Playoffs_Play-In_2_1,red,Invictus Gaming,Ryze + Rumble + Lee Sin + Nami + Ezreal,K'Sante + Naafiri + Orianna + Corki + Neeko,True,5
LCP/2026 Season/Split 2 Playoffs_Round 1_1_3,blue,CTBC Flying Oyster,Ezreal + Neeko + Akali + Sejuani + Ambessa,Ambessa + Sejuani + Akali + Ezreal + Neeko,False,5
LCP/2026 Season/Split 2 Playoffs_Round 1_1_3,red,MVK Esports,Corki + Nami + Azir + Maokai + Varus,Varus + Maokai + Azir + Corki + Nami,False,5
Nexus League/2026 Season/Spring Split_Week 7_2_1,blue,Lausanne-Sport Esports,Rumble + Graves + Mel + Rell + Kalista,Rumble + Graves + Mel + Kalista + Rell,False,5
Nexus League/2026 Season/Spring Split_Week 7_2_1,red,Lille Esport,Ashe + Jarvan IV + Seraphine + Ambessa + Cassiopeia,Ambessa + Jarvan IV + Cassiopeia + Ashe + Seraphine,False,5
Hitpoint Masters/2026 Season/Spring Playoffs_Round 1_1_2,blue,Nightbirds,Wukong + Jhin + Rumble + Cassiopeia + Aatrox,Aatrox + Wukong + Cassiopeia + Jhin + Rumble,False,5
Hitpoint Masters/2026 Season/Spring Playoffs_Round 1_1_2,red,Meavedron,Viego + Caitlyn + Ornn + Viktor + Leona,Ornn + Viego + Viktor + Caitlyn + Leona,False,5
LCK/2026 Season/Rounds 1-2_Week 8_8_1,blue,Hanwha Life Esports,Rumble + Lucian + Milio + Annie + Wukong,Yorick + Xin Zhao + Akali + Jhin + Bard,True,5
LCK/2026 Season/Rounds 1-2_Week 8_8_1,red,Nongshim RedForce,Bard + Xin Zhao + Jhin + Yorick + Akali,Rumble + Wukong + Annie + Lucian + Milio,True,5
Hellenic Legends League/2026 Season/Spring Playoffs_Finals_1_2,blue,WLGaming Esports,Aurora + Ashe + Seraphine + Wukong + Anivia,Anivia + Wukong + Aurora + Ashe + Seraphine,False,5
Hellenic Legends League/2026 Season/Spring Playoffs_Finals_1_2,red,GOAL,Lucian + Milio + Jayce + Xin Zhao + Gwen,Jayce + Xin Zhao + Gwen + Lucian + Milio,False,5
LPL/2026 Season/Split 2 Playoffs_Play-In_2_2,blue,ThunderTalk Gaming,Cassiopeia + Jarvan IV + Sion + Ashe + Braum,Jayce + Xin Zhao + Akali + Senna + Nautilus,True,5
LPL/2026 Season/Split 2 Playoffs_Play-In_2_2,red,Invictus Gaming,Xin Zhao + Jayce + Akali + Nautilus + Senna,Sion + Jarvan IV + Cassiopeia + Ashe + Braum,True,5
Hitpoint Masters/2026 Season/Spring Playoffs_Round 1_1_3,blue,Nightbirds,Pantheon + Yunara + Lulu + Taliyah + Sion,Sion + Pantheon + Taliyah + Yunara + Lulu,False,5
Hitpoint Masters/2026 Season/Spring Playoffs_Round 1_1_3,red,Meavedron,Lucian + Milio + Lee Sin + Sylas + Hwei,Sylas + Lee Sin + Hwei + Lucian + Milio,False,5
LCP/2026 Season/Split 2 Playoffs_Round 1_1_4,blue,CTBC Flying Oyster,Sion + Vi + Ahri + Zeri + Yuumi,Sion + Vi + Ahri + Zeri + Yuumi,False,5
LCP/2026 Season/Split 2 Playoffs_Round 1_1_4,red,MVK Esports,Vayne + Ziggs + Lissandra + Xin Zhao + Poppy,Vayne + Xin Zhao + Lissandra + Ziggs + Poppy,False,5
LCK/2026 Season/Rounds 1-2_Week 8_8_2,blue,Nongshim RedForce,Vi + Ziggs + Pyke + Aurora + Sion,Ambessa + Pantheon + Ahri + Ashe + Nautilus,True,5
LCK/2026 Season/Rounds 1-2_Week 8_8_2,red,Hanwha Life Esports,Ashe + Pantheon + Nautilus + Ahri + Ambessa,Sion + Vi + Aurora + Ziggs + Pyke,True,5
Hellenic Legends League/2026 Season/Spring Playoffs_Finals_1_3,blue,WLGaming Esports,Bard + Jarvan IV + Jhin + Aatrox + Taliyah,Aatrox + Jarvan IV + Taliyah + Jhin + Bard,False,5
Hellenic Legends League/2026 Season/Spring Playoffs_Finals_1_3,red,GOAL,Caitlyn + Neeko + Dr. Mundo + K'Sante + Syndra,K'Sante + Dr. Mundo + Syndra + Caitlyn + Neeko,False,5
Nexus League/2026 Season/Spring Split_Week 7_3_1,blue,Project Conquerors,Nautilus + Shyvana + Viktor + Kog'Maw + Renekton,Renekton + Shyvana + Viktor + Kog'Maw + Nautilus,False,5
Nexus League/2026 Season/Spring Split_Week 7_3_1,red,Caldya Esport,Rell + Nocturne + Cassiopeia + Corki + K'Sante,K'Sante + Nocturne + Cassiopeia + Corki + Rell,False,5
LPL/2026 Season/Split 2 Playoffs_Play-In_2_3,blue,Invictus Gaming,Varus + Trundle + Taliyah + Yunara + Lulu,Varus + Trundle + Taliyah + Yunara + Lulu,False,5
LPL/2026 Season/Split 2 Playoffs_Play-In_2_3,red,ThunderTalk Gaming,Wukong + Annie + Ambessa + Seraphine + Jhin,Ambessa + Wukong + Annie + Jhin + Seraphine,False,5
LCP/2026 Season/Split 2 Playoffs_Round 1_1_5,blue,CTBC Flying Oyster,Ashe + Wukong + Lulu + Yorick + Galio,Yorick + Wukong + Galio + Ashe + Lulu,False,5
LCP/2026 Season/Split 2 Playoffs_Round 1_1_5,red,MVK Esports,Seraphine + Aatrox + Mel + Taliyah + Zaahen,Zaahen + Aatrox + Taliyah + Mel + Seraphine,False,5
LCK/2026 Season/Rounds 1-2_Week 8_8_3,blue,Hanwha Life Esports,Jarvan IV + Yunara + Lulu + Twisted Fate + Renekton,Gnar + Lee Sin + Ryze + Corki + Nami,True,5
LCK/2026 Season/Rounds 1-2_Week 8_8_3,red,Nongshim RedForce,Ryze + Lee Sin + Gnar + Corki + Nami,Renekton + Jarvan IV + Twisted Fate + Yunara + Lulu,True,5
Nexus League/2026 Season/Spring Split_Week 7_4_1,blue,Zephyr Esport,Pantheon + Ashe + Seraphine + Vayne + Annie,Vayne + Pantheon + Annie + Ashe + Seraphine,False,5
Nexus League/2026 Season/Spring Split_Week 7_4_1,red,Galions Sharks,Ezreal + Xin Zhao + Leona + Sion + Hwei,Sion + Xin Zhao + Hwei + Ezreal + Leona,False,5
LEC/2026 Season/Spring Playoffs_Round 1_1_1,blue,G2 Esports,Anivia + Nautilus + Smolder + Xin Zhao + Cassiopeia,Cassiopeia + Xin Zhao + Anivia + Smolder + Nautilus,False,5
LEC/2026 Season/Spring Playoffs_Round 1_1_1,red,Karmine Corp,Ashe + Vi + Seraphine + Yone + Taliyah,Yone + Vi + Taliyah + Ashe + Seraphine,False,5
CBLOL/2026 Season/Split 1 Playoffs_Round 1_3_1,blue,LØS,Orianna + K'Sante + Naafiri + Kai'Sa + Neeko,Rumble + Pantheon + Cassiopeia + Ezreal + Rakan,True,5
CBLOL/2026 Season/Split 1 Playoffs_Round 1_3_1,red,Vivo Keyd Stars,Rumble + Cassiopeia + Pantheon + Ezreal + Rakan,K'Sante + Naafiri + Orianna + Kai'Sa + Neeko,True,5
LEC/2026 Season/Spring Playoffs_Round 1_1_2,blue,G2 Esports,Rumble + Wukong + Annie + Neeko + Miss Fortune,Galio + Skarner + Ryze + Ezreal + Karma,True,5
LEC/2026 Season/Spring Playoffs_Round 1_1_2,red,Karmine Corp,Ryze + Ezreal + Galio + Skarner + Karma,Rumble + Wukong + Annie + Miss Fortune + Neeko,True,5
LEC/2026 Season/Spring Playoffs_Round 1_1_3,blue,G2 Esports,Lulu + Yunara + LeBlanc + Gnar + Lee Sin,Gnar + Lee Sin + LeBlanc + Yunara + Lulu,False,5
LEC/2026 Season/Spring Playoffs_Round 1_1_3,red,Karmine Corp,Corki + Azir + Nami + Naafiri + Twisted Fate,Twisted Fate + Naafiri + Azir + Corki + Nami,False,5
CBLOL/2026 Season/Split 1 Playoffs_Round 1_3_2,blue,LØS,Viktor + Zeri + Lulu + Xin Zhao + Sion,Aatrox + Vi + Taliyah + Lucian + Milio,True,5
CBLOL/2026 Season/Split 1 Playoffs_Round 1_3_2,red,Vivo Keyd Stars,Lucian + Milio + Vi + Taliyah + Aatrox,Sion + Xin Zhao + Viktor + Zeri + Lulu,True,5
LIT/2026 Season/Summer Promotion_Semifinals_2_1,blue,P11 Esports,Varus + Zaahen + Karma + Sylas + Xayah,Varus + Zaahen + Sylas + Xayah + Karma,False,5
LIT/2026 Season/Summer Promotion_Semifinals_2_1,red,StoneHenge Esports,Ezreal + Nocturne + Orianna + Leona + Jayce,Jayce + Nocturne + Orianna + Ezreal + Leona,False,5
LEC/2026 Season/Spring Playoffs_Round 1_1_4,blue,G2 Esports,Varus + Alistar + Aatrox + Gragas + Ahri,Gragas + Aatrox + Ahri + Varus + Alistar,False,5
LEC/2026 Season/Spring Playoffs_Round 1_1_4,red,Karmine Corp,Jhin + Trundle + Rakan + Brand + Ambessa,Ambessa + Trundle + Brand + Jhin + Rakan,False,5
CBLOL/2026 Season/Split 1 Playoffs_Round 1_3_3,blue,LØS,Jarvan IV + Karma + Jhin + Syndra + Gnar,Sylas + Rek'Sai + Ryze + Caitlyn + Anivia,True,5
CBLOL/2026 Season/Split 1 Playoffs_Round 1_3_3,red,Vivo Keyd Stars,Ryze + Caitlyn + Anivia + Rek'Sai + Sylas,Gnar + Jarvan IV + Syndra + Jhin + Karma,True,5
LIT/2026 Season/Summer Promotion_Semifinals_2_2,blue,P11 Esports,Xin Zhao + Aphelios + Milio + K'Sante + Akali,K'Sante + Xin Zhao + Akali + Aphelios + Milio,False,5
LIT/2026 Season/Summer Promotion_Semifinals_2_2,red,StoneHenge Esports,Yunara + Lulu + Ahri + Pantheon + Gangplank,Gangplank + Pantheon + Ahri + Yunara + Lulu,False,5
LIT/2026 Season/Summer Promotion_Semifinals_2_3,blue,StoneHenge Esports,Seraphine + Gnar + Senna + Syndra + Shyvana,Gnar + Shyvana + Syndra + Senna + Seraphine,False,5
LIT/2026 Season/Summer Promotion_Semifinals_2_3,red,P11 Esports,Ashe + Hwei + Wukong + Blitzcrank + Vayne,Vayne + Wukong + Hwei + Ashe + Blitzcrank,False,5
LCS/2026 Season/Spring Playoffs_Round 1_1_1,blue,FlyQuest,Cassiopeia + Corki + Nami + Sion + Lee Sin,Rumble + Xin Zhao + Viktor + Lucian + Milio,True,5
LCS/2026 Season/Spring Playoffs_Round 1_1_1,red,Cloud9,Lucian + Milio + Rumble + Viktor + Xin Zhao,Sion + Lee Sin + Cassiopeia + Corki + Nami,True,5
LCS/2026 Season/Spring Playoffs_Round 1_1_2,blue,Cloud9,Jarvan IV + Caitlyn + Bard + Jayce + Ryze,Yorick + Naafiri + Annie + Ashe + Seraphine,True,5
LCS/2026 Season/Spring Playoffs_Round 1_1_2,red,FlyQuest,Ashe + Seraphine + Annie + Naafiri + Yorick,Jayce + Jarvan IV + Ryze + Caitlyn + Bard,True,5
LCS/2026 Season/Spring Playoffs_Round 1_1_3,blue,Cloud9,Lulu + Sylas + Sivir + K'Sante + Shyvana,Twisted Fate + Ambessa + Hwei + Senna + Nautilus,True,5
LCS/2026 Season/Spring Playoffs_Round 1_1_3,red,FlyQuest,Twisted Fate + Nautilus + Senna + Ambessa + Hwei,K'Sante + Shyvana + Sylas + Sivir + Lulu,True,5
LCS/2026 Season/Spring Playoffs_Round 1_1_4,blue,FlyQuest,Karma + Wukong + Aurora + Yunara + Renekton,Quinn + Nocturne + Taliyah + Ezreal + Neeko,True,5
LCS/2026 Season/Spring Playoffs_Round 1_1_4,red,Cloud9,Ezreal + Nocturne + Neeko + Taliyah + Quinn,Renekton + Wukong + Aurora + Yunara + Karma,True,5
LCS/2026 Season/Spring Playoffs_Round 1_1_5,blue,FlyQuest,Gnar + Jhin + Alistar + Sejuani + Swain,Akali + Dr. Mundo + Azir + Kalista + Renata Glasc,True,5
LCS/2026 Season/Spring Playoffs_Round 1_1_5,red,Cloud9,Kalista + Renata Glasc + Akali + Dr. Mundo + Azir,Gnar + Sejuani + Swain + Jhin + Alistar,True,5
LPL/2026 Season/Split 2 Playoffs_Play-In_3_1,blue,EDward Gaming,Cassiopeia + Lucian + Milio + Skarner + Jayce,Sion + Lee Sin + Annie + Ashe + Seraphine,True,5
LPL/2026 Season/Split 2 Playoffs_Play-In_3_1,red,Ninjas in Pyjamas.CN,Ashe + Seraphine + Annie + Lee Sin + Sion,Jayce + Skarner + Cassiopeia + Lucian + Milio,True,5
LPL/2026 Season/Split 2 Playoffs_Play-In_3_2,blue,EDward Gaming,Vi + Ryze + Gnar + Corki + Nami,Tristana + Jarvan IV + Orianna + Ezreal + Bard,True,5
LPL/2026 Season/Split 2 Playoffs_Play-In_3_2,red,Ninjas in Pyjamas.CN,Orianna + Ezreal + Bard + Jarvan IV + Tristana,Gnar + Vi + Ryze + Corki + Nami,True,5
Comic Con Baltics 2026_Finals_1_1,blue,Wilderness Gaming,Ezreal + Karma + Viktor + Dr. Mundo + Jax,Dr. Mundo + Jax + Viktor + Ezreal + Karma,False,5
Comic Con Baltics 2026_Finals_1_1,red,Kenty,Yunara + Orianna + Lulu + Sion + Qiyana,Sion + Qiyana + Orianna + Yunara + Lulu,False,5
LPL/2026 Season/Split 2 Playoffs_Play-In_3_3,blue,Ninjas in Pyjamas.CN,Renekton + Trundle + Viktor + Karma + Varus,Zaahen + Wukong + Aurora + Jhin + Nautilus,True,5
LPL/2026 Season/Split 2 Playoffs_Play-In_3_3,red,EDward Gaming,Jhin + Wukong + Aurora + Nautilus + Zaahen,Renekton + Trundle + Viktor + Varus + Karma,True,5
LCK/2026 Season/Rounds 1-2_Week 8_9_1,blue,Gen.G,Ryze + Lee Sin + Rumble + Ashe + Seraphine,Ambessa + Skarner + Anivia + Caitlyn + Bard,True,5
LCK/2026 Season/Rounds 1-2_Week 8_9_1,red,DN SOOPers,Bard + Anivia + Caitlyn + Skarner + Ambessa,Rumble + Lee Sin + Ryze + Ashe + Seraphine,True,5
LCK/2026 Season/Rounds 1-2_Week 8_9_2,blue,Gen.G,Wukong + Sion + Akali + Corki + Nami,Vayne + Maokai + Annie + Lucian + Milio,True,5
LCK/2026 Season/Rounds 1-2_Week 8_9_2,red,DN SOOPers,Annie + Lucian + Milio + Vayne + Maokai,Sion + Wukong + Akali + Corki + Nami,True,5
Comic Con Baltics 2026_Finals_1_2,blue,Wilderness Gaming,Ashe + Naafiri + Rell + Zed + Gragas,Gragas + Naafiri + Zed + Ashe + Rell,False,5
Comic Con Baltics 2026_Finals_1_2,red,Kenty,Seraphine + Jarvan IV + Sivir + Taliyah + Ornn,Ornn + Jarvan IV + Taliyah + Sivir + Seraphine,False,5
LPL/2026 Season/Split 2 Playoffs_Play-In_3_4,blue,EDward Gaming,Naafiri + Caitlyn + Lux + Ornn + Taliyah,Vayne + Pantheon + Rumble + Ziggs + Leona,True,5
LPL/2026 Season/Split 2 Playoffs_Play-In_3_4,red,Ninjas in Pyjamas.CN,Rumble + Pantheon + Ziggs + Leona + Vayne,Ornn + Naafiri + Taliyah + Caitlyn + Lux,True,5
LCP/2026 Season/Split 2 Playoffs_Round 1_2_1,blue,Fukuoka SoftBank HAWKS gaming,Ezreal + Rumble + Naafiri + Twisted Fate + Skarner,Rumble + Naafiri + Twisted Fate + Ezreal + Skarner,False,5
LCP/2026 Season/Split 2 Playoffs_Round 1_2_1,red,Deep Cross Gaming,Karma + Jarvan IV + Ryze + Jhin + K'Sante,K'Sante + Jarvan IV + Ryze + Jhin + Karma,False,5
Nexus League/2026 Season/Spring Split_Week 7_5_1,blue,Lausanne-Sport Esports,Viktor + Nautilus + Varus + Malphite + Vi,Malphite + Vi + Viktor + Varus + Nautilus,False,5
Nexus League/2026 Season/Spring Split_Week 7_5_1,red,Galions Sharks,Bard + Lux + Caitlyn + Jayce + Rumble,Rumble + Jayce + Lux + Caitlyn + Bard,False,5
LCP/2026 Season/Split 2 Playoffs_Round 1_2_2,blue,Fukuoka SoftBank HAWKS gaming,Vi + Cassiopeia + Bard + Sion + Zeri,Zaahen + Wukong + Orianna + Sivir + Nautilus,True,5
LCP/2026 Season/Split 2 Playoffs_Round 1_2_2,red,Deep Cross Gaming,Orianna + Wukong + Nautilus + Sivir + Zaahen,Sion + Vi + Cassiopeia + Zeri + Bard,True,5
LPL/2026 Season/Split 2 Playoffs_Play-In_3_5,blue,Ninjas in Pyjamas.CN,Maokai + Zeri + Yuumi + Mel + K'Sante,Ambessa + Shyvana + Ahri + Aphelios + Thresh,True,5
LPL/2026 Season/Split 2 Playoffs_Play-In_3_5,red,EDward Gaming,Ambessa + Thresh + Aphelios + Ahri + Shyvana,K'Sante + Maokai + Mel + Zeri + Yuumi,True,5
LCK/2026 Season/Rounds 1-2_Week 8_10_1,blue,T1,Ryze + Lee Sin + Rumble + Jhin + Pyke,Sion + Naafiri + Twisted Fate + Caitlyn + Lux,True,5
LCK/2026 Season/Rounds 1-2_Week 8_10_1,red,HANJIN BRION,Twisted Fate + Caitlyn + Lux + Sion + Naafiri,Rumble + Lee Sin + Ryze + Jhin + Pyke,True,5
Comic Con Baltics 2026_Finals_1_3,blue,Wilderness Gaming,Jinx + Sylas + Milio + Skarner + Yorick,Yorick + Skarner + Sylas + Jinx + Milio,False,5
Comic Con Baltics 2026_Finals_1_3,red,Kenty,Ahri + Kai'Sa + Nocturne + Nautilus + Cho'Gath,Cho'Gath + Nocturne + Ahri + Kai'Sa + Nautilus,False,5
Hitpoint Masters/2026 Season/Spring Playoffs_Round 1_2_1,blue,CITA Kaizen,Rumble + Jhin + Neeko + Zyra + Jayce,Rumble + Zyra + Jayce + Jhin + Neeko,False,5
Hitpoint Masters/2026 Season/Spring Playoffs_Round 1_2_1,red,eSuba,Varus + Wukong + Ziggs + Rell + Syndra,Varus + Wukong + Syndra + Ziggs + Rell,False,5
Nexus League/2026 Season/Spring Split_Week 7_6_1,blue,Zephyr Esport,Pantheon + Lucian + Milio + Ahri + Sion,Sion + Pantheon + Ahri + Lucian + Milio,False,5
Nexus League/2026 Season/Spring Split_Week 7_6_1,red,Caldya Esport,Skarner + Senna + Seraphine + Taliyah + Gnar,Gnar + Skarner + Taliyah + Senna + Seraphine,False,5
LCP/2026 Season/Split 2 Playoffs_Round 1_2_3,blue,Deep Cross Gaming,Renekton + Trundle + Ahri + Ashe + Lulu,Gnar + Jax + Annie + Caitlyn + Seraphine,True,5
LCP/2026 Season/Split 2 Playoffs_Round 1_2_3,red,Fukuoka SoftBank HAWKS gaming,Gnar + Jax + Annie + Caitlyn + Seraphine,Renekton + Trundle + Ahri + Ashe + Lulu,True,5
LCK/2026 Season/Rounds 1-2_Week 8_10_2,blue,T1,Lucian + Milio + Jarvan IV + Jayce + Aurora,Yorick + Xin Zhao + Anivia + Ashe + Seraphine,True,5
LCK/2026 Season/Rounds 1-2_Week 8_10_2,red,HANJIN BRION,Ashe + Seraphine + Xin Zhao + Anivia + Yorick,Jayce + Jarvan IV + Aurora + Lucian + Milio,True,5
Comic Con Baltics 2026_Finals_1_4,blue,Wilderness Gaming,Caitlyn + Maokai + Jayce + Thresh + Volibear,Volibear + Maokai + Jayce + Caitlyn + Thresh,False,5
Comic Con Baltics 2026_Finals_1_4,red,Kenty,Senna + Wukong + Syndra + Leona + Urgot,Urgot + Wukong + Syndra + Senna + Leona,False,5
LPL/2026 Season/Split 2 Playoffs_Play-In_4_1,blue,LGD Gaming,Annie + Jarvan IV + Renekton + Lucian + Milio,Gnar + Naafiri + Akali + Ashe + Seraphine,True,5
LPL/2026 Season/Split 2 Playoffs_Play-In_4_1,red,Weibo Gaming,Ashe + Seraphine + Akali + Naafiri + Gnar,Renekton + Jarvan IV + Annie + Lucian + Milio,True,5
Hitpoint Masters/2026 Season/Spring Playoffs_Round 1_2_2,blue,CITA Kaizen,Ashe + Lulu + Akali + Sion + Lee Sin,Sion + Lee Sin + Akali + Ashe + Lulu,False,5
Hitpoint Masters/2026 Season/Spring Playoffs_Round 1_2_2,red,eSuba,Seraphine + Xin Zhao + Aphelios + Malzahar + Cho'Gath,Cho'Gath + Xin Zhao + Malzahar + Aphelios + Seraphine,False,5
Nexus League/2026 Season/Spring Split_Week 7_7_1,blue,Lille Esport,Ezreal + Pantheon + Akali + Viktor + Rell,Akali + Pantheon + Viktor + Ezreal + Rell,False,5
Nexus League/2026 Season/Spring Split_Week 7_7_1,red,Karmine Corp Blue Stars,Xin Zhao + Varus + Ryze + Alistar + Sion,Sion + Xin Zhao + Ryze + Varus + Alistar,False,5
LPL/2026 Season/Split 2 Playoffs_Play-In_4_2,blue,Weibo Gaming,Vi + Sion + Ahri + Yunara + Lulu,Sion + Vi + Ahri + Yunara + Lulu,False,5
LPL/2026 Season/Split 2 Playoffs_Play-In_4_2,red,LGD Gaming,Ryze + Rumble + Trundle + Corki + Nami,Rumble + Trundle + Ryze + Corki + Nami,False,5
Hitpoint Masters/2026 Season/Spring Playoffs_Round 1_2_3,blue,CITA Kaizen,Lucian + Naafiri + Yuumi + Ornn + Cassiopeia,Ornn + Naafiri + Cassiopeia + Lucian + Yuumi,False,5
Hitpoint Masters/2026 Season/Spring Playoffs_Round 1_2_3,red,eSuba,Corki + Nami + Vi + Renekton + Anivia,Renekton + Vi + Anivia + Corki + Nami,False,5
Comic Con Baltics 2026_Finals_1_5,blue,Wilderness Gaming,Zilean + Xayah + Sejuani + Yone + Rumble,Rumble + Sejuani + Yone + Xayah + Zilean,False,5
Comic Con Baltics 2026_Finals_1_5,red,Kenty,Smolder + Neeko + Poppy + Veigar + Graves,Poppy + Graves + Veigar + Smolder + Neeko,False,5
Nexus League/2026 Season/Spring Split_Week 7_8_1,blue,Project Conquerors,Ezreal + Naafiri + Anivia + Cassiopeia + Renekton,Renekton + Naafiri + Cassiopeia + Ezreal + Anivia,False,5
Nexus League/2026 Season/Spring Split_Week 7_8_1,red,Crystal Rose (French Team),Kalista + Aatrox + Galio + Neeko + Olaf,Olaf + Aatrox + Galio + Kalista + Neeko,False,5
LPL/2026 Season/Split 2 Playoffs_Play-In_4_3,blue,LGD Gaming,Jayce + Nautilus + Miss Fortune + Yorick + Galio,Yorick + Jayce + Galio + Miss Fortune + Nautilus,False,5
LPL/2026 Season/Split 2 Playoffs_Play-In_4_3,red,Weibo Gaming,Ezreal + Bard + K'Sante + Xin Zhao + Aurora,K'Sante + Xin Zhao + Aurora + Ezreal + Bard,False,5
LPL/2026 Season/Split 2 Playoffs_Play-In_4_4,blue,Weibo Gaming,Twisted Fate + Rek'Sai + Jax + Ziggs + Camille,Jax + Rek'Sai + Twisted Fate + Ziggs + Camille,False,5
LPL/2026 Season/Split 2 Playoffs_Play-In_4_4,red,LGD Gaming,Caitlyn + Lee Sin + Poppy + Anivia + Elise,Poppy + Lee Sin + Anivia + Caitlyn + Elise,False,5
LPL/2026 Season/Split 2 Playoffs_Play-In_4_5,blue,Weibo Gaming,Kalista + Renata Glasc + Ambessa + Sylas + Malphite,Ambessa + Sylas + Malphite + Kalista + Renata Glasc,False,5
LPL/2026 Season/Split 2 Playoffs_Play-In_4_5,red,LGD Gaming,Draven + Maokai + Vayne + Thresh + Zaahen,Zaahen + Maokai + Vayne + Draven + Thresh,False,5
LEC/2026 Season/Spring Playoffs_Round 1_2_1,blue,Movistar KOI,Ashe + Seraphine + Cassiopeia + Wukong + Rumble,Rumble + Wukong + Cassiopeia + Ashe + Seraphine,False,5
LEC/2026 Season/Spring Playoffs_Round 1_2_1,red,Team Vitality,Anivia + Ezreal + Nami + Vi + Syndra,Anivia + Vi + Syndra + Ezreal + Nami,False,5
LEC/2026 Season/Spring Playoffs_Round 1_2_2,blue,Movistar KOI,Caitlyn + Neeko + Nocturne + Renekton + Akali,Renekton + Nocturne + Akali + Caitlyn + Neeko,False,5
LEC/2026 Season/Spring Playoffs_Round 1_2_2,red,Team Vitality,Ryze + Bard + Miss Fortune + Xin Zhao + Gragas,Gragas + Xin Zhao + Ryze + Miss Fortune + Bard,False,5
CBLOL/2026 Season/Split 1 Playoffs_Round 4_1_1,blue,FURIA,Bard + Galio + Ezreal + Xin Zhao + Ornn,Ornn + Xin Zhao + Galio + Ezreal + Bard,False,5
CBLOL/2026 Season/Split 1 Playoffs_Round 4_1_1,red,RED Canids,Nocturne + Orianna + Rumble + Varus + Neeko,Rumble + Nocturne + Orianna + Varus + Neeko,False,5
LIT/2026 Season/Summer Promotion_Finals_1_1,blue,P11 Esports,Sion + Zaahen + Braum + Ryze + Zeri,Sion + Zaahen + Ryze + Zeri + Braum,False,5
LIT/2026 Season/Summer Promotion_Finals_1_1,red,Epitomy Esports,Nautilus + Wukong + Mordekaiser + Senna + Azir,Mordekaiser + Wukong + Azir + Senna + Nautilus,False,5
LEC/2026 Season/Spring Playoffs_Round 1_2_3,blue,Movistar KOI,Varus + Xayah + Rakan + Taliyah + Lee Sin,Varus + Lee Sin + Taliyah + Xayah + Rakan,False,5
LEC/2026 Season/Spring Playoffs_Round 1_2_3,red,Team Vitality,Lucian + Milio + Annie + Jayce + Olaf,Olaf + Jayce + Annie + Lucian + Milio,False,5
CBLOL/2026 Season/Split 1 Playoffs_Round 4_1_2,blue,FURIA,Seraphine + Aatrox + Senna + Cassiopeia + Renekton,Sion + Lee Sin + Twisted Fate + Ashe + Lulu,True,5
CBLOL/2026 Season/Split 1 Playoffs_Round 4_1_2,red,RED Canids,Ashe + Lulu + Twisted Fate + Sion + Lee Sin,Renekton + Aatrox + Cassiopeia + Senna + Seraphine,True,5
LIT/2026 Season/Summer Promotion_Finals_1_2,blue,P11 Esports,Lulu + Yunara + K'Sante + Jarvan IV + Aurora,K'Sante + Jarvan IV + Aurora + Yunara + Lulu,False,5
LIT/2026 Season/Summer Promotion_Finals_1_2,red,Epitomy Esports,Nami + Varus + Syndra + Yorick + Kayn,Yorick + Kayn + Syndra + Varus + Nami,False,5
CBLOL/2026 Season/Split 1 Playoffs_Round 4_1_3,blue,FURIA,Rakan + Trundle + Xayah + Ambessa + Annie,Ambessa + Trundle + Annie + Xayah + Rakan,False,5
CBLOL/2026 Season/Split 1 Playoffs_Round 4_1_3,red,RED Canids,Alistar + Sivir + Gnar + Naafiri + Akali,Gnar + Naafiri + Akali + Sivir + Alistar,False,5
LIT/2026 Season/Summer Promotion_Finals_1_3,blue,P11 Esports,Seraphine + Ezreal + Ahri + Gnar + Dr. Mundo,Gnar + Dr. Mundo + Ahri + Ezreal + Seraphine,False,5
LIT/2026 Season/Summer Promotion_Finals_1_3,red,Epitomy Esports,Lucian + Milio + Xin Zhao + Galio + Rumble,Rumble + Xin Zhao + Galio + Lucian + Milio,False,5
LIT/2026 Season/Summer Promotion_Finals_1_4,blue,Epitomy Esports,Jayce + Viktor + Aatrox + Tristana + Thresh,Jayce + Aatrox + Viktor + Tristana + Thresh,False,5
LIT/2026 Season/Summer Promotion_Finals_1_4,red,P11 Esports,Anivia + Bard + Naafiri + Caitlyn + Trundle,Anivia + Trundle + Naafiri + Caitlyn + Bard,False,5
LCS/2026 Season/Spring Playoffs_Round 1_2_1,blue,Team Liquid,Karma + Jhin + Anivia + Sion + Wukong,Shen + Lee Sin + Ryze + Ezreal + Rell,True,5
LCS/2026 Season/Spring Playoffs_Round 1_2_1,red,LYON (2024 American Team),Ezreal + Ryze + Lee Sin + Rell + Shen,Sion + Wukong + Anivia + Jhin + Karma,True,5
LCS/2026 Season/Spring Playoffs_Round 1_2_2,blue,Team Liquid,Rumble + Senna + Nautilus + Yone + Sejuani,Ambessa + Vi + Aurora + Lucian + Milio,True,5
LCS/2026 Season/Spring Playoffs_Round 1_2_2,red,LYON (2024 American Team),Vi + Lucian + Milio + Ambessa + Aurora,Rumble + Sejuani + Yone + Senna + Nautilus,True,5
LCS/2026 Season/Spring Playoffs_Round 1_2_3,blue,LYON (2024 American Team),Jarvan IV + Jayce + Twisted Fate + Mel + Pantheon,Malphite + Xin Zhao + Sylas + Caitlyn + Braum,True,5
LCS/2026 Season/Spring Playoffs_Round 1_2_3,red,Team Liquid,Caitlyn + Xin Zhao + Sylas + Malphite + Braum,Jayce + Jarvan IV + Twisted Fate + Mel + Pantheon,True,5
LCS/2026 Season/Spring Playoffs_Round 1_2_4,blue,LYON (2024 American Team),Corki + Naafiri + Orianna + Renekton + Rakan,Gnar + Ornn + Cassiopeia + Smolder + Nami,True,5
LCS/2026 Season/Spring Playoffs_Round 1_2_4,red,Team Liquid,Nami + Cassiopeia + Smolder + Ornn + Gnar,Renekton + Naafiri + Orianna + Corki + Rakan,True,5
LCS/2026 Season/Spring Playoffs_Round 1_2_5,blue,Team Liquid,Annie + Rek'Sai + Jax + Sona + Aphelios,Jax + Rek'Sai + Annie + Aphelios + Sona,False,5
LCS/2026 Season/Spring Playoffs_Round 1_2_5,red,LYON (2024 American Team),Bard + Trundle + Taliyah + Poppy + Jinx,Poppy + Trundle + Taliyah + Jinx + Bard,False,5
LCK CL/2026 Season/Rounds 1-2_Week 9_1_1,blue,Hanwha Life Esports Challengers,Nocturne + Ezreal + Neeko + Sion + Ahri,Sion + Nocturne + Ahri + Ezreal + Neeko,False,5
LCK CL/2026 Season/Rounds 1-2_Week 9_1_1,red,Dplus Kia Challengers,Lucian + Milio + Twisted Fate + Lee Sin + Gwen,Gwen + Lee Sin + Twisted Fate + Lucian + Milio,False,5
LCK CL/2026 Season/Rounds 1-2_Week 9_1_2,blue,Dplus Kia Challengers,Jarvan IV + Jhin + Nautilus + Gnar + Anivia,Gnar + Jarvan IV + Anivia + Jhin + Nautilus,False,5
LCK CL/2026 Season/Rounds 1-2_Week 9_1_2,red,Hanwha Life Esports Challengers,Cassiopeia + Bard + Caitlyn + Skarner + Tristana,Tristana + Skarner + Cassiopeia + Caitlyn + Bard,False,5
LCK CL/2026 Season/Rounds 1-2_Week 9_2_1,blue,T1 Esports Academy,Jarvan IV + Bard + Jhin + Orianna + Ambessa,Ambessa + Jarvan IV + Orianna + Jhin + Bard,False,5
LCK CL/2026 Season/Rounds 1-2_Week 9_2_1,red,BNK FEARX Youth,Rumble + Ezreal + Lee Sin + Nami + LeBlanc,Rumble + Lee Sin + LeBlanc + Ezreal + Nami,False,5
Esports World Cup 2026/Online Qualifiers/Korea_Round 4_1_1,blue,Dplus Kia,Karma + Jhin + Jayce + Akali + Trundle,K'Sante + Naafiri + Cassiopeia + Ezreal + Nautilus,True,5
Esports World Cup 2026/Online Qualifiers/Korea_Round 4_1_1,red,T1,Ezreal + Cassiopeia + Nautilus + K'Sante + Naafiri,Jayce + Trundle + Akali + Jhin + Karma,True,5
LCK CL/2026 Season/Rounds 1-2_Week 9_2_2,blue,BNK FEARX Youth,Neeko + Sivir + Jayce + Wukong + Annie,Jayce + Wukong + Annie + Sivir + Neeko,False,5
LCK CL/2026 Season/Rounds 1-2_Week 9_2_2,red,T1 Esports Academy,Caitlyn + Xin Zhao + Lux + Sion + Anivia,Sion + Xin Zhao + Anivia + Caitlyn + Lux,False,5
Esports World Cup 2026/Online Qualifiers/Korea_Round 4_1_2,blue,T1,Xin Zhao + Ziggs + Pyke + Gnar + Viktor,Sion + Lee Sin + Sylas + Ashe + Seraphine,True,5
Esports World Cup 2026/Online Qualifiers/Korea_Round 4_1_2,red,Dplus Kia,Ashe + Seraphine + Sion + Lee Sin + Sylas,Gnar + Xin Zhao + Viktor + Ziggs + Pyke,True,5
LCK CL/2026 Season/Rounds 1-2_Week 9_2_3,blue,T1 Esports Academy,Milio + Vi + Yunara + Ahri + Renekton,Renekton + Vi + Ahri + Yunara + Milio,False,5
LCK CL/2026 Season/Rounds 1-2_Week 9_2_3,red,BNK FEARX Youth,Lucian + Yuumi + Naafiri + Taliyah + Shen,Shen + Naafiri + Taliyah + Lucian + Yuumi,False,5
PCS/2026 Season/Spring Season_Playoffs Round 2_1_1,blue,CTBC Flying Oyster Academy,Karma + Rumble + Ryze + Sivir + Jarvan IV,Rumble + Jarvan IV + Ryze + Sivir + Karma,False,5
PCS/2026 Season/Spring Season_Playoffs Round 2_1_1,red,SillySilly Gaming,Orianna + Ezreal + K'Sante + Pyke + Naafiri,K'Sante + Naafiri + Orianna + Ezreal + Pyke,False,5
Esports World Cup 2026/Online Qualifiers/Korea_Round 4_1_3,blue,Dplus Kia,Lucian + Milio + Ryze + Ambessa + Poppy,Renekton + Vi + Ahri + Yunara + Lulu,True,5
Esports World Cup 2026/Online Qualifiers/Korea_Round 4_1_3,red,T1,Lulu + Vi + Yunara + Ahri + Renekton,Ambessa + Poppy + Ryze + Lucian + Milio,True,5
LCK CL/2026 Season/Rounds 1-2_Week 9_3_1,blue,HANJIN BRION Challengers,Vi + Zeri + Yuumi + Galio + Jayce,Jayce + Vi + Galio + Zeri + Yuumi,False,5
LCK CL/2026 Season/Rounds 1-2_Week 9_3_1,red,Kiwoom DRX Challengers,Ashe + Seraphine + Cassiopeia + Wukong + Yorick,Yorick + Wukong + Cassiopeia + Ashe + Seraphine,False,5
PCS/2026 Season/Spring Season_Playoffs Round 2_1_2,blue,SillySilly Gaming,Annie + Nautilus + Miss Fortune + Renekton + Kindred,Renekton + Kindred + Annie + Miss Fortune + Nautilus,False,5
PCS/2026 Season/Spring Season_Playoffs Round 2_1_2,red,CTBC Flying Oyster Academy,Yunara + Lulu + Viktor + Wukong + Gnar,Gnar + Wukong + Viktor + Yunara + Lulu,False,5
Esports World Cup 2026/Online Qualifiers/Korea_Round 4_1_4,blue,T1,Annie + Nocturne + Rumble + Sivir + Alistar,Rumble + Nocturne + Annie + Sivir + Alistar,False,5
Esports World Cup 2026/Online Qualifiers/Korea_Round 4_1_4,red,Dplus Kia,Corki + Taliyah + Wukong + Anivia + Aurora,Aurora + Wukong + Taliyah + Corki + Anivia,False,5
PCS/2026 Season/Spring Season_Playoffs Round 2_2_1,blue,wangting,Ryze + Miss Fortune + Nautilus + Xin Zhao + Ambessa,Ambessa + Xin Zhao + Ryze + Miss Fortune + Nautilus,False,5
PCS/2026 Season/Spring Season_Playoffs Round 2_2_1,red,Frank Esports,Karma + Ezreal + Jarvan IV + Aurora + Irelia,Irelia + Jarvan IV + Aurora + Ezreal + Karma,False,5
LCK CL/2026 Season/Rounds 1-2_Week 9_3_2,blue,HANJIN BRION Challengers,Lucian + Milio + Ryze + Skarner + Gnar,Renekton + Xin Zhao + Annie + Caitlyn + Bard,True,5
LCK CL/2026 Season/Rounds 1-2_Week 9_3_2,red,Kiwoom DRX Challengers,Xin Zhao + Bard + Caitlyn + Annie + Renekton,Gnar + Skarner + Ryze + Lucian + Milio,True,5
PCS/2026 Season/Spring Season_Playoffs Round 2_2_2,blue,Frank Esports,Orianna + Ziggs + Leona + Wukong + Camille,Camille + Wukong + Orianna + Ziggs + Leona,False,5
PCS/2026 Season/Spring Season_Playoffs Round 2_2_2,red,wangting,Ashe + Seraphine + Vi + Galio + Gwen,Gwen + Vi + Galio + Ashe + Seraphine,False,5
Esports World Cup 2026/Online Qualifiers/Korea_Round 3_1_1,blue,Nongshim RedForce,Lucian + Milio + Ryze + Poppy + Sion,Sion + Poppy + Ryze + Lucian + Milio,False,5
Esports World Cup 2026/Online Qualifiers/Korea_Round 3_1_1,red,Hanwha Life Esports,Bard + Caitlyn + Vi + Ahri + Yone,Yone + Vi + Ahri + Caitlyn + Bard,False,5
PCS/2026 Season/Spring Season_Playoffs Round 2_2_3,blue,wangting,Cassiopeia + Jhin + Bard + Maokai + Yorick,Yorick + Maokai + Cassiopeia + Jhin + Bard,False,5
PCS/2026 Season/Spring Season_Playoffs Round 2_2_3,red,Frank Esports,Anivia + Varus + Neeko + Nocturne + Yone,Yone + Nocturne + Anivia + Varus + Neeko,False,5
Esports World Cup 2026/Online Qualifiers/Korea_Round 3_1_2,blue,Nongshim RedForce,Annie + Wukong + Jayce + Yunara + Lulu,Jayce + Wukong + Annie + Yunara + Lulu,False,5
Esports World Cup 2026/Online Qualifiers/Korea_Round 3_1_2,red,Hanwha Life Esports,Ashe + Seraphine + Yorick + Pantheon + Viktor,Yorick + Pantheon + Viktor + Ashe + Seraphine,False,5
LEC/2026 Season/Spring Playoffs_Round 3_1_1,blue,Movistar KOI,Anivia + Kai'Sa + Nautilus + Galio + Nocturne,Anivia + Nocturne + Galio + Kai'Sa + Nautilus,False,5
LEC/2026 Season/Spring Playoffs_Round 3_1_1,red,G2 Esports,Jarvan IV + Ezreal + Cassiopeia + Leona + Yone,Yone + Jarvan IV + Cassiopeia + Ezreal + Leona,False,5
LEC/2026 Season/Spring Playoffs_Round 3_1_2,blue,Movistar KOI,Caitlyn + Nami + Ryze + Trundle + Varus,Varus + Trundle + Ryze + Caitlyn + Nami,False,5
LEC/2026 Season/Spring Playoffs_Round 3_1_2,red,G2 Esports,Yunara + Lulu + Taliyah + Skarner + Yasuo,Yasuo + Skarner + Taliyah + Yunara + Lulu,False,5
LEC/2026 Season/Spring Playoffs_Round 3_1_3,blue,Movistar KOI,Vi + Neeko + Zeri + Sion + Ahri,Sion + Vi + Ahri + Zeri + Neeko,False,5
LEC/2026 Season/Spring Playoffs_Round 3_1_3,red,G2 Esports,Xayah + Rakan + Xin Zhao + Viktor + Kled,Kled + Xin Zhao + Viktor + Xayah + Rakan,False,5
NLC/2026 Season/Spring Split_Day 1_4_1,blue,Deer Gaming,Lucian + Milio + Naafiri + Hwei + Zaahen,Zaahen + Naafiri + Hwei + Lucian + Milio,False,5
NLC/2026 Season/Spring Split_Day 1_4_1,red,Verdant,Cassiopeia + Vi + Sion + Senna + Soraka,Sion + Vi + Cassiopeia + Senna + Soraka,False,5
NLC/2026 Season/Spring Split_Day 1_1_1,blue,Lund Esports Organization,Ashe + Lulu + Xin Zhao + Veigar + Sion,Sion + Xin Zhao + Veigar + Ashe + Lulu,False,5
NLC/2026 Season/Spring Split_Day 1_1_1,red,DMG Esports,Ezreal + Wukong + Ryze + Nami + Olaf,Olaf + Wukong + Ryze + Ezreal + Nami,False,5
NLC/2026 Season/Spring Split_Day 1_3_1,blue,Bulldog Esports,Ezreal + Karma + LeBlanc + Nocturne + Gnar,Gnar + Nocturne + LeBlanc + Ezreal + Karma,False,5
NLC/2026 Season/Spring Split_Day 1_3_1,red,Arctic Pandas,Cassiopeia + Bard + Vi + Caitlyn + Sion,Sion + Vi + Cassiopeia + Caitlyn + Bard,False,5
NLC/2026 Season/Spring Split_Day 1_2_1,blue,Ruddy Corporation,Karma + Jhin + Xin Zhao + Kassadin + Ambessa,Ambessa + Xin Zhao + Kassadin + Jhin + Karma,False,5
NLC/2026 Season/Spring Split_Day 1_2_1,red,Lundqvist Lightside,Nami + Ezreal + Orianna + Jarvan IV + Renekton,Renekton + Jarvan IV + Orianna + Ezreal + Nami,False,5
LEC/2026 Season/Spring Playoffs_Round 3_1_4,blue,G2 Esports,Seraphine + Miss Fortune + Rumble + Lee Sin + Akali,Twisted Fate + Naafiri + Aurora + Ashe + Bard,True,5
LEC/2026 Season/Spring Playoffs_Round 3_1_4,red,Movistar KOI,Ashe + Twisted Fate + Naafiri + Bard + Aurora,Rumble + Lee Sin + Akali + Miss Fortune + Seraphine,True,5
NLC/2026 Season/Spring Split_Day 1_8_1,blue,Bulldog Esports,Lucian + Milio + Naafiri + Akali + Sylas,Akali + Naafiri + Sylas + Lucian + Milio,False,5
NLC/2026 Season/Spring Split_Day 1_8_1,red,Deer Gaming,Seraphine + Jarvan IV + Ashe + Aurora + Galio,Galio + Jarvan IV + Aurora + Ashe + Seraphine,False,5
NLC/2026 Season/Spring Split_Day 1_6_1,blue,Verdant,Varus + Cassiopeia + Nocturne + Yunara + Pyke,Varus + Nocturne + Cassiopeia + Yunara + Pyke,False,5
NLC/2026 Season/Spring Split_Day 1_6_1,red,Lund Esports Organization,Bard + Jhin + Anivia + Wukong + Yorick,Yorick + Wukong + Anivia + Jhin + Bard,False,5
NLC/2026 Season/Spring Split_Day 1_5_1,blue,Arctic Pandas,Orianna + Nocturne + Bard + Senna + Gnar,Gnar + Nocturne + Orianna + Senna + Bard,False,5
NLC/2026 Season/Spring Split_Day 1_5_1,red,Lundqvist Lightside,Ryze + Xin Zhao + Nautilus + Yunara + Shyvana,Shyvana + Xin Zhao + Ryze + Yunara + Nautilus,False,5
NLC/2026 Season/Spring Split_Day 1_7_1,blue,DMG Esports,Orianna + Nocturne + Kai'Sa + Pyke + Gragas,Gragas + Nocturne + Orianna + Kai'Sa + Pyke,False,5
NLC/2026 Season/Spring Split_Day 1_7_1,red,Ruddy Corporation,Ezreal + Wukong + Kassadin + Bard + Sion,Sion + Wukong + Kassadin + Ezreal + Bard,False,5
LEC/2026 Season/Spring Playoffs_Round 3_1_5,blue,G2 Esports,Pantheon + Soraka + Jinx + Sylas + Malphite,Malphite + Pantheon + Sylas + Jinx + Soraka,False,5
LEC/2026 Season/Spring Playoffs_Round 3_1_5,red,Movistar KOI,Senna + Alistar + Azir + Gnar + Zaahen,Gnar + Zaahen + Azir + Senna + Alistar,False,5
NLC/2026 Season/Spring Split_Day 1_11_1,blue,Bulldog Esports,Cassiopeia + Lucian + Milio + Wukong + Aurora,Aurora + Wukong + Cassiopeia + Lucian + Milio,False,5
NLC/2026 Season/Spring Split_Day 1_11_1,red,Verdant,Ashe + Jarvan IV + Seraphine + Hwei + K'Sante,K'Sante + Jarvan IV + Hwei + Ashe + Seraphine,False,5
NLC/2026 Season/Spring Split_Day 1_12_1,blue,Deer Gaming,Varus + Taliyah + Sion + Trundle + Karma,Sion + Trundle + Taliyah + Varus + Karma,False,5
NLC/2026 Season/Spring Split_Day 1_12_1,red,Lundqvist Lightside,Jayce + Ryze + Vi + Rell + Kai'Sa,Jayce + Vi + Ryze + Kai'Sa + Rell,False,5
NLC/2026 Season/Spring Split_Day 1_9_1,blue,DMG Esports,Aurora + Caitlyn + Nami + K'Sante + Xin Zhao,K'Sante + Xin Zhao + Aurora + Caitlyn + Nami,False,5
NLC/2026 Season/Spring Split_Day 1_9_1,red,Arctic Pandas,Ezreal + Karma + Jarvan IV + Ryze + Twisted Fate,Twisted Fate + Jarvan IV + Ryze + Ezreal + Karma,False,5
NLC/2026 Season/Spring Split_Day 1_10_1,blue,Ruddy Corporation,Karma + Xin Zhao + Jhin + Zaahen + Viktor,Zaahen + Xin Zhao + Viktor + Jhin + Karma,False,5
NLC/2026 Season/Spring Split_Day 1_10_1,red,Lund Esports Organization,Ezreal + Nautilus + Jarvan IV + Sion + Veigar,Sion + Jarvan IV + Veigar + Ezreal + Nautilus,False,5
NLC/2026 Season/Spring Split_Day 1_13_1,blue,Verdant,Varus + Lee Sin + Cassiopeia + Leona + Senna,Varus + Lee Sin + Cassiopeia + Senna + Leona,False,5
NLC/2026 Season/Spring Split_Day 1_13_1,red,DMG Esports,Ezreal + Bard + Syndra + Wukong + Olaf,Olaf + Wukong + Syndra + Ezreal + Bard,False,5
NLC/2026 Season/Spring Split_Day 1_15_1,blue,Lund Esports Organization,Orianna + Caitlyn + Karma + K'Sante + Pantheon,K'Sante + Pantheon + Orianna + Caitlyn + Karma,False,5
NLC/2026 Season/Spring Split_Day 1_15_1,red,Arctic Pandas,Jarvan IV + Ezreal + Bard + Galio + Kled,Kled + Jarvan IV + Galio + Ezreal + Bard,False,5
NLC/2026 Season/Spring Split_Day 1_16_1,blue,Ruddy Corporation,Orianna + Nocturne + Ezreal + Braum + Ambessa,Ambessa + Nocturne + Orianna + Ezreal + Braum,False,5
NLC/2026 Season/Spring Split_Day 1_16_1,red,Deer Gaming,Syndra + Jarvan IV + Yunara + Alistar + Renekton,Renekton + Jarvan IV + Syndra + Yunara + Alistar,False,5
NLC/2026 Season/Spring Split_Day 1_14_1,blue,Bulldog Esports,Orianna + Ezreal + Bard + Rumble + Lee Sin,Rumble + Lee Sin + Orianna + Ezreal + Bard,False,5
NLC/2026 Season/Spring Split_Day 1_14_1,red,Lundqvist Lightside,Azir + Jayce + Rell + Sivir + K'Sante,K'Sante + Jayce + Azir + Sivir + Rell,False,5
CBLOL/2026 Season/Split 1 Playoffs_Round 2_3_1,blue,LØS,Cassiopeia + Lucian + Milio + Trundle + Twisted Fate,Twisted Fate + Trundle + Cassiopeia + Lucian + Milio,False,5
CBLOL/2026 Season/Split 1 Playoffs_Round 2_3_1,red,LOUD,Caitlyn + Bard + Akali + Sion + Qiyana,Sion + Qiyana + Akali + Caitlyn + Bard,False,5
CBLOL/2026 Season/Split 1 Playoffs_Round 2_3_2,blue,LØS,Orianna + Aatrox + Rumble + Jhin + Neeko,K'Sante + Jarvan IV + Ryze + Ezreal + Anivia,True,5
CBLOL/2026 Season/Split 1 Playoffs_Round 2_3_2,red,LOUD,Jarvan IV + Ryze + K'Sante + Ezreal + Anivia,Rumble + Aatrox + Orianna + Jhin + Neeko,True,5
CBLOL/2026 Season/Split 1 Playoffs_Round 2_3_3,blue,LØS,Viktor + Ashe + Seraphine + Sejuani + Yorick,Jayce + Vi + Taliyah + Mel + Camille,True,5
CBLOL/2026 Season/Split 1 Playoffs_Round 2_3_3,red,LOUD,Vi + Taliyah + Jayce + Mel + Camille,Yorick + Sejuani + Viktor + Ashe + Seraphine,True,5
Liga Regional Norte/2026 Season/Split 1 Playoffs_Round 3_1_1,blue,G3V E-sports,Neeko + Rumble + Caitlyn + Wukong + Galio,K'Sante + Jarvan IV + Ryze + Ezreal + Rell,True,5
Liga Regional Norte/2026 Season/Split 1 Playoffs_Round 3_1_1,red,Fuego,Jarvan IV + Ezreal + K'Sante + Ryze + Rell,Rumble + Wukong + Galio + Caitlyn + Neeko,True,5
CBLOL/2026 Season/Split 1 Playoffs_Round 2_3_4,blue,LOUD,Xin Zhao + Zeri + Lulu + Gnar + Zoe,Renekton + Sylas + Ahri + Corki + Nami,True,5
CBLOL/2026 Season/Split 1 Playoffs_Round 2_3_4,red,LØS,Corki + Sylas + Nami + Renekton + Ahri,Gnar + Xin Zhao + Zoe + Zeri + Lulu,True,5
Liga Regional Norte/2026 Season/Split 1 Playoffs_Round 3_1_2,blue,Fuego,Nocturne + Mel + Pantheon + Gnar + Cassiopeia,Sion + Xin Zhao + Viktor + Ashe + Seraphine,True,5
Liga Regional Norte/2026 Season/Split 1 Playoffs_Round 3_1_2,red,G3V E-sports,Seraphine + Ashe + Xin Zhao + Sion + Viktor,Gnar + Nocturne + Cassiopeia + Mel + Pantheon,True,5
CBLOL/2026 Season/Split 1 Playoffs_Round 2_3_5,blue,LOUD,Naafiri + Annie + Ambessa + Ziggs + Leona,Skarner + Maokai + Hwei + Kalista + Renata Glasc,True,5
CBLOL/2026 Season/Split 1 Playoffs_Round 2_3_5,red,LØS,Kalista + Renata Glasc + Hwei + Maokai + Skarner,Ambessa + Naafiri + Annie + Ziggs + Leona,True,5
Liga Regional Norte/2026 Season/Split 1 Playoffs_Round 3_1_3,blue,Fuego,Karma + Trundle + Yunara + Anivia + Syndra,Anivia + Trundle + Syndra + Yunara + Karma,False,5
Liga Regional Norte/2026 Season/Split 1 Playoffs_Round 3_1_3,red,G3V E-sports,Xayah + Skarner + Rakan + Aurora + Vayne,Vayne + Skarner + Aurora + Xayah + Rakan,False,5
Liga Regional Norte/2026 Season/Split 1 Playoffs_Round 3_1_4,blue,G3V E-sports,Vi + Nautilus + Miss Fortune + Kayle + Twisted Fate,Kayle + Vi + Twisted Fate + Miss Fortune + Nautilus,False,5
Liga Regional Norte/2026 Season/Split 1 Playoffs_Round 3_1_4,red,Fuego,Maokai + Corki + Braum + Renekton + Yone,Renekton + Maokai + Yone + Corki + Braum,False,5
Esports World Cup 2026/Online Qualifiers/Korea_Round 4_2_1,blue,Dplus Kia,Orianna + Lucian + Milio + Rumble + Pantheon,Ambessa + Xin Zhao + Viktor + Ashe + Seraphine,True,5
Esports World Cup 2026/Online Qualifiers/Korea_Round 4_2_1,red,Hanwha Life Esports,Viktor + Ashe + Seraphine + Xin Zhao + Ambessa,Rumble + Pantheon + Orianna + Lucian + Milio,True,5
Esports World Cup 2026/Online Qualifiers/Korea_Round 4_2_2,blue,Dplus Kia,Ryze + Jayce + Trundle + Senna + Alistar,Yorick + Vi + Anivia + Yunara + Lulu,True,5
Esports World Cup 2026/Online Qualifiers/Korea_Round 4_2_2,red,Hanwha Life Esports,Lulu + Vi + Yunara + Yorick + Anivia,Jayce + Trundle + Ryze + Senna + Alistar,True,5
LCK CL/2026 Season/Rounds 1-2_Week 9_4_1,blue,KT Rolster Challengers,Ezreal + Cassiopeia + Karma + Jayce + Skarner,Jayce + Skarner + Cassiopeia + Ezreal + Karma,False,5
LCK CL/2026 Season/Rounds 1-2_Week 9_4_1,red,Gen.G Global Academy,Lucian + Vi + Nami + Akali + K'Sante,K'Sante + Vi + Akali + Lucian + Nami,False,5
LCK CL/2026 Season/Rounds 1-2_Week 9_4_2,blue,KT Rolster Challengers,Rumble + Lulu + Xin Zhao + Aphelios + Renekton,Ambessa + Lee Sin + Taliyah + Yunara + Nautilus,True,5
LCK CL/2026 Season/Rounds 1-2_Week 9_4_2,red,Gen.G Global Academy,Yunara + Ambessa + Nautilus + Lee Sin + Taliyah,Renekton + Xin Zhao + Rumble + Aphelios + Lulu,True,5
Esports World Cup 2026/Online Qualifiers/Korea_Round 4_2_3,blue,Hanwha Life Esports,Lee Sin + Nautilus + Miss Fortune + Sion + Fizz,Sion + Lee Sin + Fizz + Miss Fortune + Nautilus,False,5
Esports World Cup 2026/Online Qualifiers/Korea_Round 4_2_3,red,Dplus Kia,Caitlyn + Skarner + Lux + Twisted Fate + Illaoi,Illaoi + Skarner + Twisted Fate + Caitlyn + Lux,False,5
PCS/2026 Season/Spring Season_Playoffs Round 1_5_1,blue,Equinox Core,Orianna + Ezreal + K'Sante + Wukong + Nami,K'Sante + Wukong + Orianna + Ezreal + Nami,False,5
PCS/2026 Season/Spring Season_Playoffs Round 1_5_1,red,Shadow Keepers Esports,Nocturne + Rumble + Akali + Kai'Sa + Nautilus,Rumble + Nocturne + Akali + Kai'Sa + Nautilus,False,5
PCS/2026 Season/Spring Season_Playoffs Round 1_5_2,blue,Equinox Core,Jayce + Caitlyn + Lux + Lee Sin + Zoe,Jayce + Lee Sin + Zoe + Caitlyn + Lux,False,5
PCS/2026 Season/Spring Season_Playoffs Round 1_5_2,red,Shadow Keepers Esports,Aurora + Ambessa + Jhin + Neeko + Yorick,Yorick + Ambessa + Aurora + Jhin + Neeko,False,5
LCK CL/2026 Season/Rounds 1-2_Week 9_5_1,blue,DN SOOPers Challengers,Rumble + Wukong + Annie + Kai'Sa + Neeko,Rumble + Wukong + Annie + Kai'Sa + Neeko,False,5
LCK CL/2026 Season/Rounds 1-2_Week 9_5_1,red,Nongshim Esports Academy,Ambessa + Vi + Akali + Lulu + Yunara,Ambessa + Vi + Akali + Yunara + Lulu,False,5
LCK CL/2026 Season/Rounds 1-2_Week 9_5_2,blue,DN SOOPers Challengers,Ryze + Lee Sin + Ezreal + Jayce + Rell,Jayce + Lee Sin + Ryze + Ezreal + Rell,False,5
LCK CL/2026 Season/Rounds 1-2_Week 9_5_2,red,Nongshim Esports Academy,Bard + Anivia + Skarner + Caitlyn + Sion,Sion + Skarner + Anivia + Caitlyn + Bard,False,5
PCS/2026 Season/Spring Season_Playoffs Round 1_6_1,blue,Ground Zero Academy,Orianna + Rumble + Ezreal + Lee Sin + Nautilus,Rumble + Lee Sin + Orianna + Ezreal + Nautilus,False,5
PCS/2026 Season/Spring Season_Playoffs Round 1_6_1,red,Viper Night Raider,Cassiopeia + Xin Zhao + K'Sante + Nami + Corki,K'Sante + Xin Zhao + Cassiopeia + Corki + Nami,False,5
PCS/2026 Season/Spring Season_Playoffs Round 1_6_2,blue,Ground Zero Academy,Aurora + Miss Fortune + Vi + Rell + Ambessa,Ambessa + Vi + Aurora + Miss Fortune + Rell,False,5
PCS/2026 Season/Spring Season_Playoffs Round 1_6_2,red,Viper Night Raider,Ashe + Wukong + Annie + Braum + Renekton,Renekton + Wukong + Annie + Ashe + Braum,False,5
Hitpoint Masters/2026 Season/Spring Playoffs_Round 1_3_1,blue,Meavedron,Fiora + Vi + Akali + Ezreal + Rakan,Fiora + Vi + Akali + Ezreal + Rakan,False,5
Hitpoint Masters/2026 Season/Spring Playoffs_Round 1_3_1,red,EXILE esports,Sion + Naafiri + Orianna + Ashe + Seraphine,Sion + Naafiri + Orianna + Ashe + Seraphine,False,5
TCL/2026 Season/Spring Playoffs_Semifinals_1_1,blue,PCIFIC Esports,LeBlanc + Caitlyn + Neeko + Dr. Mundo + Renekton,Renekton + Dr. Mundo + LeBlanc + Caitlyn + Neeko,False,5
TCL/2026 Season/Spring Playoffs_Semifinals_1_1,red,Ozarox Esports,Lucian + Milio + Galio + Vi + Varus,Varus + Vi + Galio + Lucian + Milio,False,5
Hitpoint Masters/2026 Season/Spring Playoffs_Round 1_3_2,blue,Meavedron,Ornn + Viego + Annie + Varus + Rell,Ornn + Viego + Annie + Varus + Rell,False,5
Hitpoint Masters/2026 Season/Spring Playoffs_Round 1_3_2,red,EXILE esports,Rumble + Wukong + Vladimir + Jhin + Bard,Rumble + Wukong + Vladimir + Jhin + Bard,False,5
Prime League 1st Division/2026 Season/Spring Playoffs_Semifinals_1_1,blue,Eintracht Spandau,Lucian + Milio + Viktor + Naafiri + Shen,Shen + Naafiri + Viktor + Lucian + Milio,False,5
Prime League 1st Division/2026 Season/Spring Playoffs_Semifinals_1_1,red,E WIE EINFACH E-SPORTS,Sion + Ezreal + Nami + Jarvan IV + Akali,Sion + Jarvan IV + Akali + Ezreal + Nami,False,5
Rift Legends/2026 Season/Spring Playoffs_Round 1_1_1,blue,Bomba Team,Ezreal + Anivia + Rell + Nocturne + Ahri,Anivia + Nocturne + Ahri + Ezreal + Rell,False,5
Rift Legends/2026 Season/Spring Playoffs_Round 1_1_1,red,Anonymo Esports,Bard + Rumble + Caitlyn + Pantheon + Akali,Rumble + Pantheon + Akali + Caitlyn + Bard,False,5
Hitpoint Masters/2026 Season/Spring Playoffs_Round 1_3_3,blue,EXILE esports,Gwen + Dr. Mundo + Viktor + Yunara + Lulu,Gwen + Dr. Mundo + Viktor + Yunara + Lulu,False,5
Hitpoint Masters/2026 Season/Spring Playoffs_Round 1_3_3,red,Meavedron,Shen + Aatrox + Syndra + Draven + Nautilus,Shen + Aatrox + Syndra + Draven + Nautilus,False,5
TCL/2026 Season/Spring Playoffs_Semifinals_1_2,blue,Ozarox Esports,Nami + Corki + Jarvan IV + Anivia + Rumble,Rumble + Jarvan IV + Anivia + Corki + Nami,False,5
TCL/2026 Season/Spring Playoffs_Semifinals_1_2,red,PCIFIC Esports,Aphelios + Lulu + Akali + Xin Zhao + K'Sante,K'Sante + Xin Zhao + Akali + Aphelios + Lulu,False,5
Rift Legends/2026 Season/Spring Playoffs_Round 1_1_2,blue,Bomba Team,Jarvan IV + Corki + Nami + Cassiopeia + Sion,Sion + Jarvan IV + Cassiopeia + Corki + Nami,False,5
Rift Legends/2026 Season/Spring Playoffs_Round 1_1_2,red,Anonymo Esports,Ryze + Varus + Wukong + Thresh + Gnar,Gnar + Wukong + Ryze + Varus + Thresh,False,5
Road Of Legends/2026 Season/Spring Playoffs_Round 3_1_1,blue,The Bandits,Ashe + Ornn + Rakan + Ahri + Jax,Ornn + Jax + Ahri + Ashe + Rakan,False,5
Road Of Legends/2026 Season/Spring Playoffs_Round 3_1_1,red,Frites Esports Club,Bard + Jarvan IV + Ezreal + Anivia + Gragas,Gragas + Jarvan IV + Anivia + Ezreal + Bard,False,5
Prime League 1st Division/2026 Season/Spring Playoffs_Semifinals_1_2,blue,E WIE EINFACH E-SPORTS,Azir + Varus + Karma + Maokai + Gnar,Gnar + Maokai + Azir + Varus + Karma,False,5
Prime League 1st Division/2026 Season/Spring Playoffs_Semifinals_1_2,red,Eintracht Spandau,Bard + Caitlyn + Kog'Maw + Wukong + Jayce,Jayce + Wukong + Kog'Maw + Caitlyn + Bard,False,5
Hitpoint Masters/2026 Season/Spring Playoffs_Round 1_3_4,blue,EXILE esports,Aurora + Lee Sin + Galio + Lucian + Milio,Aurora + Lee Sin + Galio + Lucian + Milio,False,5
Hitpoint Masters/2026 Season/Spring Playoffs_Round 1_3_4,red,Meavedron,Ambessa + Jarvan IV + Ahri + Corki + Nami,Ambessa + Jarvan IV + Ahri + Corki + Nami,False,5
TCL/2026 Season/Spring Playoffs_Semifinals_1_3,blue,Ozarox Esports,Gragas + Pantheon + Cassiopeia + Miss Fortune + Nautilus,Gragas + Pantheon + Cassiopeia + Miss Fortune + Nautilus,False,5
TCL/2026 Season/Spring Playoffs_Semifinals_1_3,red,PCIFIC Esports,Gnar + Zaahen + Ahri + Ezreal + Rell,Gnar + Zaahen + Ahri + Ezreal + Rell,False,5
Rift Legends/2026 Season/Spring Playoffs_Round 1_1_3,blue,Bomba Team,Ashe + Milio + Naafiri + Sylas + Renekton,Renekton + Naafiri + Sylas + Ashe + Milio,False,5
Rift Legends/2026 Season/Spring Playoffs_Round 1_1_3,red,Anonymo Esports,Seraphine + Zyra + Yone + Rakan + K'Sante,K'Sante + Zyra + Yone + Seraphine + Rakan,False,5
Road Of Legends/2026 Season/Spring Playoffs_Round 3_1_2,blue,Frites Esports Club,Aurora + Caitlyn + Karma + Viktor + Skarner,Aurora + Skarner + Viktor + Caitlyn + Karma,False,5
Road Of Legends/2026 Season/Spring Playoffs_Round 3_1_2,red,The Bandits,Ryze + Lucian + Nautilus + Wukong + Tryndamere,Tryndamere + Wukong + Ryze + Lucian + Nautilus,False,5
Prime League 1st Division/2026 Season/Spring Playoffs_Semifinals_1_3,blue,Eintracht Spandau,Yunara + Nocturne + Lulu + Cassiopeia + Aatrox,Aatrox + Nocturne + Cassiopeia + Yunara + Lulu,False,5
Prime League 1st Division/2026 Season/Spring Playoffs_Semifinals_1_3,red,E WIE EINFACH E-SPORTS,Ziggs + Viego + Leona + Aurora + K'Sante,K'Sante + Viego + Aurora + Ziggs + Leona,False,5
Road Of Legends/2026 Season/Spring Playoffs_Round 3_1_3,blue,Frites Esports Club,Annie + Nocturne + Neeko + Kalista + K'Sante,K'Sante + Nocturne + Annie + Kalista + Neeko,False,5
Road Of Legends/2026 Season/Spring Playoffs_Round 3_1_3,red,The Bandits,Hwei + Varus + Zaahen + Rell + Gnar,Gnar + Zaahen + Hwei + Varus + Rell,False,5
Circuito Desafiante/2026 Season/Split 1 Playoffs_Round 3_1_1,blue,paiN Gaming Academy,Seraphine + Cassiopeia + Miss Fortune + Sion + Vi,Gwen + Pantheon + Aurora + Ashe + Lulu,True,5
Circuito Desafiante/2026 Season/Split 1 Playoffs_Round 3_1_1,red,Estral Esports,Ashe + Pantheon + Lulu + Aurora + Gwen,Sion + Vi + Cassiopeia + Miss Fortune + Seraphine,True,5
Liga Regional Sur/2026 Season/Split 1 Playoffs_Round 3_1_1,blue,Volticons,Karma + Varus + Cassiopeia + Gnar + Naafiri,Gnar + Naafiri + Cassiopeia + Varus + Karma,False,5
Liga Regional Sur/2026 Season/Split 1 Playoffs_Round 3_1_1,red,Golden Lions,Ashe + Seraphine + Anivia + Olaf + Kennen,Kennen + Olaf + Anivia + Ashe + Seraphine,False,5
Circuito Desafiante/2026 Season/Split 1 Playoffs_Round 3_1_2,blue,paiN Gaming Academy,Lucian + Milio + Rumble + Wukong + Ahri,Rumble + Wukong + Ahri + Lucian + Milio,False,5
Circuito Desafiante/2026 Season/Split 1 Playoffs_Round 3_1_2,red,Estral Esports,Karma + Caitlyn + Xin Zhao + Annie + K'Sante,K'Sante + Xin Zhao + Annie + Caitlyn + Karma,False,5
Liga Regional Sur/2026 Season/Split 1 Playoffs_Round 3_1_2,blue,Volticons,Ryze + Caitlyn + Nami + Rumble + Skarner,Ornn + Wukong + Ahri + Ezreal + Neeko,True,5
Liga Regional Sur/2026 Season/Split 1 Playoffs_Round 3_1_2,red,Golden Lions,Ezreal + Ahri + Neeko + Wukong + Ornn,Rumble + Skarner + Ryze + Caitlyn + Nami,True,5
Liga Regional Sur/2026 Season/Split 1 Playoffs_Round 3_1_3,blue,Golden Lions,Lulu + Yunara + Xin Zhao + Aurora + Aatrox,Jayce + Jarvan IV + Taliyah + Kai'Sa + Rakan,True,5
Liga Regional Sur/2026 Season/Split 1 Playoffs_Round 3_1_3,red,Volticons,Jarvan IV + Rakan + Taliyah + Kai'Sa + Jayce,Aatrox + Xin Zhao + Aurora + Yunara + Lulu,True,5
Circuito Desafiante/2026 Season/Split 1 Playoffs_Round 3_1_3,blue,paiN Gaming Academy,Varus + Trundle + Twisted Fate + Zeri + Rell,Jax + Skarner + Ryze + Sivir + Bard,True,5
Circuito Desafiante/2026 Season/Split 1 Playoffs_Round 3_1_3,red,Estral Esports,Bard + Ryze + Sivir + Jax + Skarner,Varus + Trundle + Twisted Fate + Zeri + Rell,True,5
Liga Regional Sur/2026 Season/Split 1 Playoffs_Round 3_1_4,blue,Golden Lions,Nocturne + Senna + Rell + Shen + Viktor,Shen + Nocturne + Viktor + Senna + Rell,False,5
Liga Regional Sur/2026 Season/Split 1 Playoffs_Round 3_1_4,red,Volticons,Nautilus + Qiyana + Ambessa + Miss Fortune + Kog'Maw,Ambessa + Qiyana + Kog'Maw + Miss Fortune + Nautilus,False,5
LCK/2026 Season/Rounds 1-2_Week 9_1_1,blue,Gen.G,Jarvan IV + Caitlyn + Bard + Aurora + Sion,Gnar + Naafiri + Annie + Jhin + Karma,True,5
LCK/2026 Season/Rounds 1-2_Week 9_1_1,red,Hanwha Life Esports,Karma + Annie + Jhin + Gnar + Naafiri,Sion + Jarvan IV + Aurora + Caitlyn + Bard,True,5
LJL/2026 Season/Spring Series_Week 5_1_1,blue,DetonatioN FocusMe Academy,Xin Zhao + Lucian + Milio + Akali + Sion,Sion + Xin Zhao + Akali + Lucian + Milio,False,5
LJL/2026 Season/Spring Series_Week 5_1_1,red,New Meta,Karma + Jhin + Wukong + Lux + Camille,Camille + Wukong + Lux + Jhin + Karma,False,5
PCS/2026 Season/Spring Season_Playoffs Round 2_3_1,blue,wangting,Ambessa + Ezreal + Karma + Wukong + Orianna,Ambessa + Wukong + Orianna + Ezreal + Karma,False,5
PCS/2026 Season/Spring Season_Playoffs Round 2_3_1,red,Shadow Keepers Esports,Lee Sin + Ryze + Gnar + Lucian + Milio,Gnar + Lee Sin + Ryze + Lucian + Milio,False,5
LCK/2026 Season/Rounds 1-2_Week 9_1_2,blue,Gen.G,Ryze + Trundle + Rumble + Senna + Alistar,Yorick + Vi + Ahri + Lucian + Milio,True,5
LCK/2026 Season/Rounds 1-2_Week 9_1_2,red,Hanwha Life Esports,Vi + Lucian + Milio + Yorick + Ahri,Rumble + Trundle + Ryze + Senna + Alistar,True,5
LJL/2026 Season/Spring Series_Week 5_1_2,blue,New Meta,Ashe + Nautilus + Nocturne + Orianna + Aatrox,Aatrox + Nocturne + Orianna + Ashe + Nautilus,False,5
LJL/2026 Season/Spring Series_Week 5_1_2,red,DetonatioN FocusMe Academy,Yunara + Lulu + Skarner + Mel + Renekton,Renekton + Skarner + Mel + Yunara + Lulu,False,5
PCS/2026 Season/Spring Season_Playoffs Round 2_3_2,blue,wangting,Ashe + Xin Zhao + Seraphine + Cassiopeia + Jax,Jax + Xin Zhao + Cassiopeia + Ashe + Seraphine,False,5
PCS/2026 Season/Spring Season_Playoffs Round 2_3_2,red,Shadow Keepers Esports,Corki + Nami + Mel + Trundle + Gragas,Gragas + Trundle + Mel + Corki + Nami,False,5
LCK/2026 Season/Rounds 1-2_Week 9_1_3,blue,Gen.G,Orianna + Pantheon + Renekton + Nautilus + Xayah,Vayne + Lee Sin + Galio + Sivir + Rakan,True,5
LCK/2026 Season/Rounds 1-2_Week 9_1_3,red,Hanwha Life Esports,Lee Sin + Galio + Vayne + Rakan + Sivir,Renekton + Pantheon + Orianna + Xayah + Nautilus,True,5
VCS/2026 Season/Summer Season_Week 3_1_1,blue,SN CyberCore Esports,Jarvan IV + Anivia + Varus + Akali + Renekton,Renekton + Jarvan IV + Akali + Varus + Anivia,False,5
VCS/2026 Season/Summer Season_Week 3_1_1,red,ZEN Esports (Vietnamese Team),Cassiopeia + Ezreal + Lee Sin + Neeko + K'Sante,K'Sante + Lee Sin + Cassiopeia + Ezreal + Neeko,False,5
LJL/2026 Season/Spring Series_Week 5_1_3,blue,New Meta,Varus + Ahri + Malphite + Shen + Irelia,Irelia + Malphite + Ahri + Varus + Shen,False,5
LJL/2026 Season/Spring Series_Week 5_1_3,red,DetonatioN FocusMe Academy,Yone + Sejuani + Smolder + Leona + K'Sante,K'Sante + Sejuani + Yone + Smolder + Leona,False,5
PCS/2026 Season/Spring Season_Playoffs Round 2_3_3,blue,wangting,Jayce + Jhin + Nautilus + Galio + Sejuani,Jayce + Sejuani + Galio + Jhin + Nautilus,False,5
PCS/2026 Season/Spring Season_Playoffs Round 2_3_3,red,Shadow Keepers Esports,Tristana + Qiyana + Braum + Annie + K'Sante,K'Sante + Qiyana + Annie + Tristana + Braum,False,5
VCS/2026 Season/Summer Season_Week 3_1_2,blue,SN CyberCore Esports,Orianna + Xin Zhao + Pyke + Miss Fortune + Ambessa,Ambessa + Xin Zhao + Orianna + Miss Fortune + Pyke,False,5
VCS/2026 Season/Summer Season_Week 3_1_2,red,ZEN Esports (Vietnamese Team),Viktor + Bard + Trundle + Jhin + Zaahen,Zaahen + Trundle + Viktor + Jhin + Bard,False,5
LJL/2026 Season/Spring Series_Week 5_2_1,blue,Arneb,Lee Sin + Ryze + Varus + Leona + Maokai,Maokai + Lee Sin + Ryze + Varus + Leona,False,5
LJL/2026 Season/Spring Series_Week 5_2_1,red,Uwinks,Viktor + Jax + Bard + Caitlyn + Yorick,Yorick + Jax + Viktor + Caitlyn + Bard,False,5
LCK/2026 Season/Rounds 1-2_Week 9_2_1,blue,BNK FEARX,Jarvan IV + K'Sante + Annie + Miss Fortune + Rell,Rumble + Lee Sin + Ryze + Caitlyn + Lux,True,5
LCK/2026 Season/Rounds 1-2_Week 9_2_1,red,Kiwoom DRX,Rumble + Ryze + Lee Sin + Caitlyn + Lux,K'Sante + Jarvan IV + Annie + Miss Fortune + Rell,True,5
PCS/2026 Season/Spring Season_Playoffs Round 2_4_1,blue,SillySilly Gaming,Jarvan IV + Renekton + Orianna + Aphelios + Thresh,Renekton + Jarvan IV + Orianna + Aphelios + Thresh,False,5
PCS/2026 Season/Spring Season_Playoffs Round 2_4_1,red,Viper Night Raider,Cassiopeia + Lee Sin + Gnar + Lulu + Yunara,Gnar + Lee Sin + Cassiopeia + Yunara + Lulu,False,5
VCS/2026 Season/Summer Season_Week 3_1_3,blue,ZEN Esports (Vietnamese Team),Ryze + Vi + Sion + Sivir + Alistar,Sion + Vi + Ryze + Sivir + Alistar,False,5
VCS/2026 Season/Summer Season_Week 3_1_3,red,SN CyberCore Esports,Jayce + Annie + Nautilus + Corki + Gnar,Gnar + Jayce + Annie + Corki + Nautilus,False,5
PCS/2026 Season/Spring Season_Playoffs Round 2_4_2,blue,SillySilly Gaming,Ryze + Vi + Jax + Jhin + Seraphine,Jax + Vi + Ryze + Jhin + Seraphine,False,5
PCS/2026 Season/Spring Season_Playoffs Round 2_4_2,red,Viper Night Raider,Syndra + Xin Zhao + Sion + Ashe + Bard,Sion + Xin Zhao + Syndra + Ashe + Bard,False,5
LCK/2026 Season/Rounds 1-2_Week 9_2_2,blue,BNK FEARX,Ezreal + Bard + Gnar + Viktor + Pantheon,Aurora + Naafiri + Sylas + Jhin + Karma,True,5
LCK/2026 Season/Rounds 1-2_Week 9_2_2,red,Kiwoom DRX,Karma + Naafiri + Jhin + Aurora + Sylas,Gnar + Pantheon + Viktor + Ezreal + Bard,True,5
VCS/2026 Season/Summer Season_Week 3_2_1,blue,Saigon Dino,Jarvan IV + Ezreal + Nautilus + Renekton + Mel,Renekton + Jarvan IV + Mel + Ezreal + Nautilus,False,5
VCS/2026 Season/Summer Season_Week 3_2_1,red,9Gaming,Lucian + Milio + Trundle + Ahri + Jax,Jax + Trundle + Ahri + Lucian + Milio,False,5
LJL/2026 Season/Spring Series_Week 5_2_2,blue,Arneb,Naafiri + Nautilus + Jhin + Rumble + Taliyah,Rumble + Naafiri + Taliyah + Jhin + Nautilus,False,5
LJL/2026 Season/Spring Series_Week 5_2_2,red,Uwinks,Xin Zhao + Tristana + Braum + Hwei + Sion,Sion + Xin Zhao + Hwei + Tristana + Braum,False,5
LCK/2026 Season/Rounds 1-2_Week 9_2_3,blue,Kiwoom DRX,Lucian + Milio + Xin Zhao + Ahri + Shen,Renekton + Jax + Mel + Yunara + Lulu,True,5
LCK/2026 Season/Rounds 1-2_Week 9_2_3,red,BNK FEARX,Yunara + Renekton + Lulu + Jax + Mel,Shen + Xin Zhao + Ahri + Lucian + Milio,True,5
VCS/2026 Season/Summer Season_Week 3_2_2,blue,9Gaming,Karma + Caitlyn + Xin Zhao + Ambessa + Orianna,Ambessa + Xin Zhao + Orianna + Caitlyn + Karma,False,5
VCS/2026 Season/Summer Season_Week 3_2_2,red,Saigon Dino,Jhin + Skarner + Rumble + Naafiri + Akali,Rumble + Naafiri + Akali + Jhin + Skarner,False,5
LJL/2026 Season/Spring Series_Week 5_2_3,blue,Arneb,Nocturne + Alistar + Ashe + Cassiopeia + Skarner,Skarner + Nocturne + Cassiopeia + Ashe + Alistar,False,5
LJL/2026 Season/Spring Series_Week 5_2_3,red,Uwinks,Rell + Kai'Sa + Olaf + Mel + Gragas,Gragas + Olaf + Mel + Kai'Sa + Rell,False,5
VCS/2026 Season/Summer Season_Week 3_2_3,blue,Saigon Dino,Jayce + Miss Fortune + Ryze + Sion + Rakan,Sion + Jayce + Ryze + Miss Fortune + Rakan,False,5
VCS/2026 Season/Summer Season_Week 3_2_3,red,9Gaming,Yunara + Lulu + Annie + Wukong + Vayne,Vayne + Wukong + Annie + Yunara + Lulu,False,5
Prime League 1st Division/2026 Season/Spring Playoffs_Semifinals_2_1,blue,G2 NORD,Anivia + Lucian + Milio + Viktor + Xin Zhao,Anivia + Xin Zhao + Viktor + Lucian + Milio,False,5
Prime League 1st Division/2026 Season/Spring Playoffs_Semifinals_2_1,red,Berlin International Gaming,Ashe + Seraphine + Cassiopeia + Aatrox + Ryze,Cassiopeia + Aatrox + Ryze + Ashe + Seraphine,False,5
Rift Legends/2026 Season/Spring Playoffs_Round 1_2_1,blue,Barcząca Esports,Karma + Sion + Ezreal + Wukong + Viktor,Sion + Wukong + Viktor + Ezreal + Karma,False,5
Rift Legends/2026 Season/Spring Playoffs_Round 1_2_1,red,Forsaken (Polish Team),Rumble + Ashe + Seraphine + Nocturne + Ryze,Rumble + Nocturne + Ryze + Ashe + Seraphine,False,5
Hitpoint 2nd Division Challengers/2026 Season/Spring Playoffs_Round 1_1_1,blue,Priority,Ambessa + Yunara + Lulu + LeBlanc + Sion,Sion + Ambessa + LeBlanc + Yunara + Lulu,False,5
Hitpoint 2nd Division Challengers/2026 Season/Spring Playoffs_Round 1_1_1,red,EXILE esports Academy,Naafiri + Ezreal + Seraphine + Xerath + Ornn,Ornn + Naafiri + Xerath + Ezreal + Seraphine,False,5
Prime League 1st Division/2026 Season/Spring Playoffs_Semifinals_2_2,blue,Berlin International Gaming,Ezreal + Karma + Rumble + Yone + Olaf,Rumble + Olaf + Yone + Ezreal + Karma,False,5
Prime League 1st Division/2026 Season/Spring Playoffs_Semifinals_2_2,red,G2 NORD,Lee Sin + Varus + Sion + Soraka + Akali,Sion + Lee Sin + Akali + Varus + Soraka,False,5
Esports Balkan League/2026 Season/Spring Playoffs_Round 4_2_1,blue,The Secret Club,Wukong + Nami + Corki + Viktor + Sion,Sion + Wukong + Viktor + Corki + Nami,False,5
Esports Balkan League/2026 Season/Spring Playoffs_Round 4_2_1,red,Magaza Esports,Lulu + Zaahen + Yunara + Anivia + Aatrox,Aatrox + Zaahen + Anivia + Yunara + Lulu,False,5
LFL/2026 Season/Spring Playoffs_Round 4_1_1,blue,Karmine Corp Blue,Vi + Bard + Jhin + Rumble + Aurora,Rumble + Vi + Aurora + Jhin + Bard,False,5
LFL/2026 Season/Spring Playoffs_Round 4_1_1,red,Solary,Lucian + Cassiopeia + Nami + Jarvan IV + K'Sante,K'Sante + Jarvan IV + Cassiopeia + Lucian + Nami,False,5
Rift Legends/2026 Season/Spring Playoffs_Round 1_2_2,blue,Forsaken (Polish Team),Cassiopeia + Yunara + Lulu + Yorick + Xin Zhao,Yorick + Xin Zhao + Cassiopeia + Yunara + Lulu,False,5
Rift Legends/2026 Season/Spring Playoffs_Round 1_2_2,red,Barcząca Esports,Lucian + Milio + Taliyah + Jayce + Aatrox,Jayce + Aatrox + Taliyah + Lucian + Milio,False,5
Hitpoint 2nd Division Challengers/2026 Season/Spring Playoffs_Round 1_1_2,blue,EXILE esports Academy,Karma + Vladimir + Xin Zhao + Sivir + Zaahen,Zaahen + Xin Zhao + Vladimir + Sivir + Karma,False,5
Hitpoint 2nd Division Challengers/2026 Season/Spring Playoffs_Round 1_1_2,red,Priority,Azir + Nautilus + Wukong + Caitlyn + Malphite,Malphite + Wukong + Azir + Caitlyn + Nautilus,False,5
Esports Balkan League/2026 Season/Spring Playoffs_Round 4_2_2,blue,Magaza Esports,Karma + Nocturne + Caitlyn + Sylas + Ornn,Ornn + Nocturne + Sylas + Caitlyn + Karma,False,5
Esports Balkan League/2026 Season/Spring Playoffs_Round 4_2_2,red,The Secret Club,Ezreal + Jarvan IV + Bard + Ahri + Gwen,Gwen + Jarvan IV + Ahri + Ezreal + Bard,False,5
Rift Legends/2026 Season/Spring Playoffs_Round 1_2_3,blue,Barcząca Esports,Skarner + Sivir + Rell + Irelia + Ahri,Irelia + Skarner + Ahri + Sivir + Rell,False,5
Rift Legends/2026 Season/Spring Playoffs_Round 1_2_3,red,Forsaken (Polish Team),Bard + Jhin + Trundle + Gnar + Akali,Gnar + Trundle + Akali + Jhin + Bard,False,5
Hitpoint 2nd Division Challengers/2026 Season/Spring Playoffs_Round 1_1_3,blue,EXILE esports Academy,Urgot + Vi + Ahri + Kai'Sa + Rakan,Urgot + Vi + Ahri + Kai'Sa + Rakan,False,5
Hitpoint 2nd Division Challengers/2026 Season/Spring Playoffs_Round 1_1_3,red,Priority,Aatrox + Jarvan IV + Lissandra + Xayah + Thresh,Aatrox + Jarvan IV + Lissandra + Xayah + Thresh,False,5
NLC/2026 Season/Spring Split_Day 2_3_1,blue,Verdant,Orianna + Naafiri + Karma + Yunara + Ornn,Ornn + Naafiri + Orianna + Yunara + Karma,False,5
NLC/2026 Season/Spring Split_Day 2_3_1,red,Lundqvist Lightside,Rumble + Vi + Nautilus + Ryze + Jhin,Rumble + Vi + Ryze + Jhin + Nautilus,False,5
Prime League 1st Division/2026 Season/Spring Playoffs_Semifinals_2_3,blue,G2 NORD,Jarvan IV + Senna + Nautilus + Vayne + Sylas,Vayne + Jarvan IV + Sylas + Senna + Nautilus,False,5
Prime League 1st Division/2026 Season/Spring Playoffs_Semifinals_2_3,red,Berlin International Gaming,Caitlyn + Pantheon + Alistar + Gnar + Teemo,Teemo + Pantheon + Gnar + Caitlyn + Alistar,False,5
NLC/2026 Season/Spring Split_Day 2_2_1,blue,Ruddy Corporation,Ashe + Milio + Sion + Mel + Naafiri,Sion + Naafiri + Mel + Ashe + Milio,False,5
NLC/2026 Season/Spring Split_Day 2_2_1,red,Arctic Pandas,Seraphine + Varus + Olaf + Senna + Ryze,Varus + Olaf + Ryze + Senna + Seraphine,False,5
NLC/2026 Season/Spring Split_Day 2_1_1,blue,Bulldog Esports,Seraphine + Xin Zhao + Ashe + Vayne + Ryze,Vayne + Xin Zhao + Ryze + Ashe + Seraphine,False,5
NLC/2026 Season/Spring Split_Day 2_1_1,red,Lund Esports Organization,Caitlyn + Nautilus + Wukong + K'Sante + Veigar,K'Sante + Wukong + Veigar + Caitlyn + Nautilus,False,5
NLC/2026 Season/Spring Split_Day 2_4_1,blue,Deer Gaming,Ashe + Lulu + Nocturne + Sylas + Ambessa,Ambessa + Nocturne + Sylas + Ashe + Lulu,False,5
NLC/2026 Season/Spring Split_Day 2_4_1,red,DMG Esports,Ezreal + Seraphine + Aatrox + Ahri + Renekton,Renekton + Aatrox + Ahri + Ezreal + Seraphine,False,5
Benelux Ascend Series/2026 Season/Spring Playoffs_Semifinals_1_1,blue,SNOOZE Esports,Ambessa + Ashe + Seraphine + Wukong + Hwei,Ambessa + Wukong + Hwei + Ashe + Seraphine,False,5
Benelux Ascend Series/2026 Season/Spring Playoffs_Semifinals_1_1,red,Mind Blue eSports,Ezreal + Karma + Xin Zhao + Viktor + Jayce,Jayce + Xin Zhao + Viktor + Ezreal + Karma,False,5
Streamers Clash/Season 4_Day 6_1_1,blue,SPAJKOVI UKRADLI SUPERSTRIKE,Maokai + Xin Zhao + Azir + Seraphine + Skarner,Skarner + Xin Zhao + Azir + Seraphine + Maokai,False,5
Streamers Clash/Season 4_Day 6_1_1,red,STOPERCENTNÁ KAMILOVA TUTOFKA,Nautilus + Veigar + Kayle + Galio + Trundle,Kayle + Trundle + Galio + Veigar + Nautilus,False,5
LFL/2026 Season/Spring Playoffs_Round 4_1_2,blue,Solary,Ashe + Ryze + Seraphine + Sion + Wukong,Sion + Wukong + Ryze + Ashe + Seraphine,False,5
LFL/2026 Season/Spring Playoffs_Round 4_1_2,red,Karmine Corp Blue,Xin Zhao + Karma + Ezreal + Ahri + Zaahen,Zaahen + Xin Zhao + Ahri + Ezreal + Karma,False,5
Hitpoint 2nd Division Challengers/2026 Season/Spring Playoffs_Round 1_1_4,blue,Priority,Skarner + Zeri + Yuumi + Gwen + Viktor,Gwen + Skarner + Viktor + Zeri + Yuumi,False,5
Hitpoint 2nd Division Challengers/2026 Season/Spring Playoffs_Round 1_1_4,red,EXILE esports Academy,Zyra + Ashe + Rell + Gangplank + Irelia,Gangplank + Zyra + Irelia + Ashe + Rell,False,5
Esports Balkan League/2026 Season/Spring Playoffs_Round 4_2_3,blue,The Secret Club,Varus + Taliyah + Pantheon + Draven + Pyke,Varus + Pantheon + Taliyah + Draven + Pyke,False,5
Esports Balkan League/2026 Season/Spring Playoffs_Round 4_2_3,red,Magaza Esports,Kalista + Aurora + Renata Glasc + Sejuani + K'Sante,K'Sante + Sejuani + Aurora + Kalista + Renata Glasc,False,5
Rift Legends/2026 Season/Spring Playoffs_Round 1_2_4,blue,Forsaken (Polish Team),Pantheon + Ziggs + Renekton + Azir + Alistar,Renekton + Pantheon + Azir + Ziggs + Alistar,False,5
Rift Legends/2026 Season/Spring Playoffs_Round 1_2_4,red,Barcząca Esports,Caitlyn + Lee Sin + Neeko + Kennen + Kog'Maw,Kennen + Lee Sin + Kog'Maw + Caitlyn + Neeko,False,5
Benelux Ascend Series/2026 Season/Spring Playoffs_Semifinals_1_2,blue,SNOOZE Esports,Ryze + Vi + Rumble + Jhin + Rakan,Rumble + Vi + Ryze + Jhin + Rakan,False,5
Benelux Ascend Series/2026 Season/Spring Playoffs_Semifinals_1_2,red,Mind Blue eSports,Pantheon + Smolder + Anivia + Azir + Leona,Anivia + Pantheon + Azir + Smolder + Leona,False,5
NLC/2026 Season/Spring Split_Day 2_6_1,blue,Bulldog Esports,Seraphine + Ashe + Jarvan IV + Taliyah + Aatrox,Aatrox + Jarvan IV + Taliyah + Ashe + Seraphine,False,5
NLC/2026 Season/Spring Split_Day 2_6_1,red,DMG Esports,Lulu + Yunara + Wukong + Mel + Camille,Camille + Wukong + Mel + Yunara + Lulu,False,5
Streamers Clash/Season 4_Day 6_2_1,blue,NATÁLKY IMAGINÁRNÍ KAMARÁDI,Nautilus + Miss Fortune + Ahri + Gnar + Zaahen,Gnar + Zaahen + Ahri + Miss Fortune + Nautilus,False,5
Streamers Clash/Season 4_Day 6_2_1,red,HERDYNŮV LANGUSTA TÝM,Braum + Morgana + Sylas + Cho'Gath + Tristana,Cho'Gath + Sylas + Tristana + Morgana + Braum,False,5
LFL/2026 Season/Spring Playoffs_Round 4_1_3,blue,Solary,Nocturne + Annie + Caitlyn + Gnar + Lux,Gnar + Nocturne + Annie + Caitlyn + Lux,False,5
LFL/2026 Season/Spring Playoffs_Round 4_1_3,red,Karmine Corp Blue,Rek'Sai + Taliyah + Aphelios + Neeko + Yasuo,Yasuo + Rek'Sai + Taliyah + Aphelios + Neeko,False,5
NLC/2026 Season/Spring Split_Day 2_7_1,blue,Lund Esports Organization,Ezreal + Naafiri + Renekton + Alistar + Aurora,Renekton + Naafiri + Aurora + Ezreal + Alistar,False,5
NLC/2026 Season/Spring Split_Day 2_7_1,red,Lundqvist Lightside,Yunara + Vi + Rell + Ryze + Aatrox,Aatrox + Vi + Ryze + Yunara + Rell,False,5
NLC/2026 Season/Spring Split_Day 2_8_1,blue,Deer Gaming,Lucian + Milio + Naafiri + Sion + Viktor,Sion + Naafiri + Viktor + Lucian + Milio,False,5
NLC/2026 Season/Spring Split_Day 2_8_1,red,Arctic Pandas,Vi + Bard + Cassiopeia + Caitlyn + K'Sante,K'Sante + Vi + Cassiopeia + Caitlyn + Bard,False,5
NLC/2026 Season/Spring Split_Day 2_5_1,blue,Verdant,Cassiopeia + Lee Sin + Sion + Kai'Sa + Neeko,Sion + Lee Sin + Cassiopeia + Kai'Sa + Neeko,False,5
NLC/2026 Season/Spring Split_Day 2_5_1,red,Ruddy Corporation,Syndra + Jarvan IV + Gwen + Ezreal + Seraphine,Gwen + Jarvan IV + Syndra + Ezreal + Seraphine,False,5
Prime League 1st Division/2026 Season/Spring Playoffs_Semifinals_2_4,blue,G2 NORD,Ambessa + Wukong + Galio + Xayah + Rakan,Ambessa + Wukong + Galio + Xayah + Rakan,False,5
Prime League 1st Division/2026 Season/Spring Playoffs_Semifinals_2_4,red,Berlin International Gaming,Volibear + Nocturne + Twisted Fate + Jhin + Bard,Volibear + Nocturne + Twisted Fate + Jhin + Bard,False,5
Esports Balkan League/2026 Season/Spring Playoffs_Round 4_2_4,blue,Magaza Esports,Skarner + Smolder + LeBlanc + Braum + Renekton,Renekton + Skarner + LeBlanc + Smolder + Braum,False,5
Esports Balkan League/2026 Season/Spring Playoffs_Round 4_2_4,red,The Secret Club,Jayce + Senna + Nautilus + Galio + Mordekaiser,Mordekaiser + Jayce + Galio + Senna + Nautilus,False,5
Streamers Clash/Season 4_Day 6_3_1,blue,FREEZŮV WOLT DŮCHOĎÁK,Amumu + Galio + Mordekaiser + Jarvan IV + Varus,Mordekaiser + Jarvan IV + Galio + Varus + Amumu,False,5
Streamers Clash/Season 4_Day 6_3_1,red,TYBLÁHO MEWING SOCIETY,Seraphine + Braum + Viktor + Shyvana + Smolder,Smolder + Shyvana + Viktor + Seraphine + Braum,False,5
NLC/2026 Season/Spring Split_Day 2_11_1,blue,Deer Gaming,Lucian + Milio + Nocturne + Syndra + K'Sante,K'Sante + Nocturne + Syndra + Lucian + Milio,False,5
NLC/2026 Season/Spring Split_Day 2_11_1,red,Lund Esports Organization,Ezreal + Aurora + Xin Zhao + Rell + Jax,Jax + Xin Zhao + Aurora + Ezreal + Rell,False,5
Rift Legends/2026 Season/Spring Playoffs_Round 1_2_5,blue,Forsaken (Polish Team),Nautilus + Miss Fortune + Aurora + Jax + Olaf,Jax + Olaf + Aurora + Miss Fortune + Nautilus,False,5
Rift Legends/2026 Season/Spring Playoffs_Round 1_2_5,red,Barcząca Esports,Aphelios + Thresh + Twisted Fate + K'Sante + Zaahen,K'Sante + Zaahen + Twisted Fate + Aphelios + Thresh,False,5
Benelux Ascend Series/2026 Season/Spring Playoffs_Semifinals_1_3,blue,Mind Blue eSports,Yunara + Lulu + Jarvan IV + K'Sante + Vex,K'Sante + Jarvan IV + Vex + Yunara + Lulu,False,5
Benelux Ascend Series/2026 Season/Spring Playoffs_Semifinals_1_3,red,SNOOZE Esports,Lucian + Milio + Ahri + Lee Sin + Dr. Mundo,Dr. Mundo + Lee Sin + Ahri + Lucian + Milio,False,5
NLC/2026 Season/Spring Split_Day 2_12_1,blue,Lundqvist Lightside,Varus + Xin Zhao + Azir + Smolder + Rell,Varus + Xin Zhao + Azir + Smolder + Rell,False,5
NLC/2026 Season/Spring Split_Day 2_12_1,red,DMG Esports,Ezreal + Jarvan IV + Aurora + Ornn + Rakan,Ornn + Jarvan IV + Aurora + Ezreal + Rakan,False,5
NLC/2026 Season/Spring Split_Day 2_10_1,blue,Verdant,Orianna + Ashe + Seraphine + Skarner + Yorick,Yorick + Skarner + Orianna + Ashe + Seraphine,False,5
NLC/2026 Season/Spring Split_Day 2_10_1,red,Arctic Pandas,Varus + Galio + Nautilus + Lee Sin + Irelia,Irelia + Lee Sin + Galio + Varus + Nautilus,False,5
NLC/2026 Season/Spring Split_Day 2_9_1,blue,Ruddy Corporation,Karma + Ezreal + Ambessa + Xin Zhao + Viktor,Ambessa + Xin Zhao + Viktor + Ezreal + Karma,False,5
NLC/2026 Season/Spring Split_Day 2_9_1,red,Bulldog Esports,Yunara + Lulu + Naafiri + Ryze + Varus,Varus + Naafiri + Ryze + Yunara + Lulu,False,5
Benelux Ascend Series/2026 Season/Spring Playoffs_Semifinals_1_4,blue,Mind Blue eSports,Aurora + Sivir + Nami + Sylas + Sion,Sion + Sylas + Aurora + Sivir + Nami,False,5
Benelux Ascend Series/2026 Season/Spring Playoffs_Semifinals_1_4,red,SNOOZE Esports,Corki + Vladimir + Alistar + Sejuani + Master Yi,Sejuani + Master Yi + Vladimir + Corki + Alistar,False,5
Circuito Desafiante/2026 Season/Split 1 Playoffs_Round 4_2_1,blue,paiN Gaming Academy,Lucian + Rumble + Milio + Annie + Lee Sin,K'Sante + Jarvan IV + Aurora + Ashe + Seraphine,True,5
Circuito Desafiante/2026 Season/Split 1 Playoffs_Round 4_2_1,red,KaBuM! Ilha das Lendas,Seraphine + Jarvan IV + Ashe + K'Sante + Aurora,Rumble + Lee Sin + Annie + Lucian + Milio,True,5
North American Challengers League/2026 Season/Spring Playoffs_Round 2_3_1,blue,Winthrop University,Jarvan IV + Bard + Caitlyn + Rumble + Ryze,Galio + Lee Sin + Orianna + Ezreal + Nautilus,True,5
North American Challengers League/2026 Season/Spring Playoffs_Round 2_3_1,red,Supernova,Orianna + Ezreal + Nautilus + Lee Sin + Galio,Rumble + Jarvan IV + Ryze + Caitlyn + Bard,True,5
NLC/2026 Season/Spring Split_Tiebreakers_1_1,blue,Bulldog Esports,Seraphine + Ashe + Orianna + Gnar + Vi,Gnar + Vi + Orianna + Ashe + Seraphine,False,5
NLC/2026 Season/Spring Split_Tiebreakers_1_1,red,DMG Esports,Karma + Caitlyn + Olaf + Viktor + Naafiri,Olaf + Naafiri + Viktor + Caitlyn + Karma,False,5
Circuito Desafiante/2026 Season/Split 1 Playoffs_Round 4_2_2,blue,KaBuM! Ilha das Lendas,Ryze + Pantheon + Jayce + Smolder + Karma,Sion + Vi + Anivia + Corki + Bard,True,5
Circuito Desafiante/2026 Season/Split 1 Playoffs_Round 4_2_2,red,paiN Gaming Academy,Anivia + Bard + Sion + Corki + Vi,Jayce + Pantheon + Ryze + Smolder + Karma,True,5
North American Challengers League/2026 Season/Spring Playoffs_Round 2_3_2,blue,Supernova,Karma + Jhin + Wukong + Annie + K'Sante,Jayce + Pantheon + Taliyah + Varus + Neeko,True,5
North American Challengers League/2026 Season/Spring Playoffs_Round 2_3_2,red,Winthrop University,Varus + Neeko + Jayce + Pantheon + Taliyah,K'Sante + Wukong + Annie + Jhin + Karma,True,5
Circuito Desafiante/2026 Season/Split 1 Playoffs_Round 4_2_3,blue,KaBuM! Ilha das Lendas,Caitlyn + Nami + Wukong + Gnar + Galio,Gnar + Wukong + Galio + Caitlyn + Nami,False,5
Circuito Desafiante/2026 Season/Split 1 Playoffs_Round 4_2_3,red,paiN Gaming Academy,Neeko + Ezreal + Orianna + Nasus + Twisted Fate,Twisted Fate + Nasus + Orianna + Ezreal + Neeko,False,5
North American Challengers League/2026 Season/Spring Playoffs_Round 2_3_3,blue,Winthrop University,Viktor + Ambessa + Rakan + Skarner + Jinx,Ambessa + Skarner + Viktor + Jinx + Rakan,False,5
North American Challengers League/2026 Season/Spring Playoffs_Round 2_3_3,red,Supernova,Lulu + Akali + Yunara + Sejuani + Jax,Jax + Sejuani + Akali + Yunara + Lulu,False,5
Circuito Desafiante/2026 Season/Split 1 Playoffs_Round 4_2_4,blue,paiN Gaming Academy,Cassiopeia + Miss Fortune + Nautilus + Kha'Zix + Shen,Ambessa + Xin Zhao + Syndra + Yunara + Lulu,True,5
Circuito Desafiante/2026 Season/Split 1 Playoffs_Round 4_2_4,red,KaBuM! Ilha das Lendas,Yunara + Lulu + Ambessa + Xin Zhao + Syndra,Shen + Kha'Zix + Cassiopeia + Miss Fortune + Nautilus,True,5
North American Challengers League/2026 Season/Spring Playoffs_Round 2_3_4,blue,Winthrop University,Cassiopeia + Corki + Nami + Xin Zhao + Gwen,Gwen + Xin Zhao + Cassiopeia + Corki + Nami,False,5
North American Challengers League/2026 Season/Spring Playoffs_Round 2_3_4,red,Supernova,Aurora + Aatrox + Senna + Leona + Yone,Yone + Aatrox + Aurora + Senna + Leona,False,5
North American Challengers League/2026 Season/Spring Playoffs_Round 2_3_5,blue,Supernova,Twisted Fate + Aphelios + Milio + Sion + Nasus,Gnar + Shyvana + Sylas + Kai'Sa + Blitzcrank,True,5
North American Challengers League/2026 Season/Spring Playoffs_Round 2_3_5,red,Winthrop University,Kai'Sa + Sylas + Blitzcrank + Gnar + Shyvana,Sion + Nasus + Twisted Fate + Aphelios + Milio,True,5
LCK CL/2026 Season/Rounds 1-2_Week 9_7_1,blue,BNK FEARX Youth,Rumble + Jarvan IV + Aurora + Ezreal + Nami,Rumble + Jarvan IV + Aurora + Ezreal + Nami,False,5
LCK CL/2026 Season/Rounds 1-2_Week 9_7_1,red,Kiwoom DRX Challengers,Ashe + Seraphine + Galio + Ryze + Lee Sin,Galio + Lee Sin + Ryze + Ashe + Seraphine,False,5
LCK CL/2026 Season/Rounds 1-2_Week 9_8_1,blue,Hanwha Life Esports Challengers,Nocturne + Ashe + Seraphine + Sion + Azir,Sion + Nocturne + Azir + Ashe + Seraphine,False,5
LCK CL/2026 Season/Rounds 1-2_Week 9_8_1,red,HANJIN BRION Challengers,Lucian + Milio + Xin Zhao + Ryze + Gnar,Gnar + Xin Zhao + Ryze + Lucian + Milio,False,5
LCK CL/2026 Season/Rounds 1-2_Week 9_6_1,blue,KT Rolster Challengers,Bard + Ezreal + K'Sante + Xin Zhao + Akali,K'Sante + Xin Zhao + Akali + Ezreal + Bard,False,5
LCK CL/2026 Season/Rounds 1-2_Week 9_6_1,red,T1 Esports Academy,Vi + Rumble + Ahri + Sivir + Poppy,Rumble + Vi + Ahri + Sivir + Poppy,False,5
LCK CL/2026 Season/Rounds 1-2_Week 9_8_2,blue,HANJIN BRION Challengers,Rumble + Yunara + Lulu + Wukong + Galio,Rumble + Wukong + Galio + Yunara + Lulu,False,5
LCK CL/2026 Season/Rounds 1-2_Week 9_8_2,red,Hanwha Life Esports Challengers,Ambessa + Vi + Aurora + Corki + Nami,Ambessa + Vi + Aurora + Corki + Nami,False,5
LCK CL/2026 Season/Rounds 1-2_Week 9_6_2,blue,KT Rolster Challengers,Ashe + Skarner + Seraphine + Anivia + Viktor,Jayce + Lee Sin + Yone + Mel + Camille,True,5
LCK CL/2026 Season/Rounds 1-2_Week 9_6_2,red,T1 Esports Academy,Lee Sin + Mel + Jayce + Camille + Yone,Anivia + Skarner + Viktor + Ashe + Seraphine,True,5
LCK CL/2026 Season/Rounds 1-2_Week 9_7_2,blue,BNK FEARX Youth,Bard + Jhin + Viktor + Wukong + Gnar,Ambessa + Xin Zhao + Orianna + Miss Fortune + Nautilus,True,5
LCK CL/2026 Season/Rounds 1-2_Week 9_7_2,red,Kiwoom DRX Challengers,Orianna + Nautilus + Miss Fortune + Xin Zhao + Ambessa,Gnar + Wukong + Viktor + Jhin + Bard,True,5
LCK CL/2026 Season/Rounds 1-2_Week 9_6_3,blue,T1 Esports Academy,Cassiopeia + Lucian + Nami + Sion + Maokai,Sion + Maokai + Cassiopeia + Lucian + Nami,False,5
LCK CL/2026 Season/Rounds 1-2_Week 9_6_3,red,KT Rolster Challengers,Milio + Trundle + Draven + Taliyah + Ambessa,Ambessa + Trundle + Taliyah + Draven + Milio,False,5
LCK CL/2026 Season/Rounds 1-2_Week 9_7_3,blue,Kiwoom DRX Challengers,Lulu + Pantheon + Kog'Maw + Akali + Sion,Gwen + Skarner + Mel + Yunara + Karma,True,5
LCK CL/2026 Season/Rounds 1-2_Week 9_7_3,red,BNK FEARX Youth,Yunara + Karma + Skarner + Mel + Gwen,Sion + Pantheon + Akali + Kog'Maw + Lulu,True,5
LCK CL/2026 Season/Rounds 1-2_Week 9_8_3,blue,HANJIN BRION Challengers,Bard + Caitlyn + Annie + Lee Sin + Renekton,Jayce + Pantheon + Mel + Ezreal + Neeko,True,5
LCK CL/2026 Season/Rounds 1-2_Week 9_8_3,red,Hanwha Life Esports Challengers,Neeko + Ezreal + Jayce + Pantheon + Mel,Renekton + Lee Sin + Annie + Caitlyn + Bard,True,5
LCK/2026 Season/Rounds 1-2_Week 9_3_1,blue,DN SOOPers,Cassiopeia + Ezreal + Neeko + Pantheon + Sion,Zaahen + Lee Sin + LeBlanc + Caitlyn + Bard,True,5
LCK/2026 Season/Rounds 1-2_Week 9_3_1,red,Nongshim RedForce,Bard + Lee Sin + Caitlyn + LeBlanc + Zaahen,Sion + Pantheon + Cassiopeia + Ezreal + Neeko,True,5
LJL/2026 Season/Spring Series_Week 5_3_1,blue,FENNEL,Lee Sin + Rell + Varus + Aurora + Ambessa,Ambessa + Lee Sin + Aurora + Varus + Rell,False,5
LJL/2026 Season/Spring Series_Week 5_3_1,red,L Guide Gaming,Rumble + Nautilus + Jhin + Olaf + Viktor,Rumble + Olaf + Viktor + Jhin + Nautilus,False,5
LJL/2026 Season/Spring Series_Week 5_3_2,blue,FENNEL,Bard + Caitlyn + Galio + Kha'Zix + Renekton,Renekton + Kha'Zix + Galio + Caitlyn + Bard,False,5
LJL/2026 Season/Spring Series_Week 5_3_2,red,L Guide Gaming,Camille + Cassiopeia + Yunara + Zed + Ornn,Ornn + Zed + Cassiopeia + Yunara + Camille,False,5
LCK/2026 Season/Rounds 1-2_Week 9_3_2,blue,DN SOOPers,Ryze + Yunara + Lulu + Xin Zhao + Galio,Rumble + Wukong + Annie + Zeri + Yuumi,True,5
LCK/2026 Season/Rounds 1-2_Week 9_3_2,red,Nongshim RedForce,Annie + Wukong + Rumble + Zeri + Yuumi,Galio + Xin Zhao + Ryze + Yunara + Lulu,True,5
LCK/2026 Season/Rounds 1-2_Week 9_3_3,blue,DN SOOPers,Nocturne + Miss Fortune + Nautilus + Renekton + Taliyah,Gnar + Naafiri + Aurora + Sivir + Karma,True,5
LCK/2026 Season/Rounds 1-2_Week 9_3_3,red,Nongshim RedForce,Naafiri + Karma + Sivir + Aurora + Gnar,Renekton + Nocturne + Taliyah + Miss Fortune + Nautilus,True,5
LJL/2026 Season/Spring Series_Week 5_4_1,blue,RAYN Clocks,Rumble + Jarvan IV + Varus + Viktor + Neeko,Rumble + Jarvan IV + Viktor + Varus + Neeko,False,5
LJL/2026 Season/Spring Series_Week 5_4_1,red,Rising Gaming,Jayce + Karma + Sion + Jhin + Ryze,Sion + Jayce + Ryze + Jhin + Karma,False,5
VCS/2026 Season/Summer Season_Week 3_3_1,blue,Saigon Warriors,Orianna + Rumble + Vi + Sivir + Karma,Rumble + Vi + Orianna + Sivir + Karma,False,5
VCS/2026 Season/Summer Season_Week 3_3_1,red,MVK Esports Academy,Jarvan IV + Cassiopeia + K'Sante + Jhin + Bard,K'Sante + Jarvan IV + Cassiopeia + Jhin + Bard,False,5
LJL/2026 Season/Spring Series_Week 5_4_2,blue,RAYN Clocks,Lee Sin + Ziggs + Leona + Galio + Aatrox,Aatrox + Lee Sin + Galio + Ziggs + Leona,False,5
LJL/2026 Season/Spring Series_Week 5_4_2,red,Rising Gaming,Ezreal + Pantheon + Alistar + LeBlanc + Gnar,Gnar + Pantheon + LeBlanc + Ezreal + Alistar,False,5
LCK/2026 Season/Rounds 1-2_Week 9_4_1,blue,T1,Lucian + Milio + Ryze + Yorick + Wukong,Rumble + Vi + Anivia + Xayah + Rakan,True,5
LCK/2026 Season/Rounds 1-2_Week 9_4_1,red,KT Rolster,Rumble + Vi + Anivia + Xayah + Rakan,Yorick + Wukong + Ryze + Lucian + Milio,True,5
VCS/2026 Season/Summer Season_Week 3_3_2,blue,Saigon Warriors,Pantheon + Milio + Yunara + Twisted Fate + Renekton,Renekton + Pantheon + Twisted Fate + Yunara + Milio,False,5
VCS/2026 Season/Summer Season_Week 3_3_2,red,MVK Esports Academy,Lucian + Jayce + Nami + Galio + Jax,Jax + Jayce + Galio + Lucian + Nami,False,5
LJL/2026 Season/Spring Series_Week 5_4_3,blue,Rising Gaming,Ashe + Xin Zhao + Orianna + Renekton + Poppy,Renekton + Xin Zhao + Orianna + Ashe + Poppy,False,5
LJL/2026 Season/Spring Series_Week 5_4_3,red,RAYN Clocks,Seraphine + Vi + Nautilus + Hwei + K'Sante,K'Sante + Vi + Hwei + Seraphine + Nautilus,False,5
LCK/2026 Season/Rounds 1-2_Week 9_4_2,blue,T1,Annie + Nautilus + Lee Sin + Mel + Jayce,Olaf + Xin Zhao + Akali + Ashe + Seraphine,True,5
LCK/2026 Season/Rounds 1-2_Week 9_4_2,red,KT Rolster,Ashe + Seraphine + Xin Zhao + Akali + Olaf,Jayce + Lee Sin + Annie + Mel + Nautilus,True,5
Prime League 1st Division/2026 Season/Spring Playoffs_Third-Place Match_1_1,blue,Berlin International Gaming,Ezreal + Nocturne + Karma + Gnar + Azir,Gnar + Nocturne + Azir + Ezreal + Karma,False,5
Prime League 1st Division/2026 Season/Spring Playoffs_Third-Place Match_1_1,red,E WIE EINFACH E-SPORTS,Caitlyn + Bard + Sion + Darius + Kennen,Kennen + Darius + Sion + Caitlyn + Bard,False,5
Hitpoint 2nd Division Challengers/2026 Season/Spring Playoffs_Round 1_2_1,blue,Ethereal Enigmas,Seraphine + Wukong + Ashe + Taliyah + Aatrox,Aatrox + Wukong + Taliyah + Ashe + Seraphine,False,5
Hitpoint 2nd Division Challengers/2026 Season/Spring Playoffs_Round 1_2_1,red,CITA Kaizen Academy,Xin Zhao + Lucian + Milio + Sion + Azir,Sion + Xin Zhao + Azir + Lucian + Milio,False,5
Streamers Clash/Season 4_Day 7_1_1,blue,SPAJKOVI UKRADLI SUPERSTRIKE,Nautilus + Karthus + Zed + Malzahar + Sion,Sion + Karthus + Zed + Malzahar + Nautilus,False,5
Streamers Clash/Season 4_Day 7_1_1,red,NATÁLKY IMAGINÁRNÍ KAMARÁDI,Orianna + Miss Fortune + Naafiri + Leona + Camille,Camille + Naafiri + Orianna + Miss Fortune + Leona,False,5
Prime League 1st Division/2026 Season/Spring Playoffs_Third-Place Match_1_2,blue,Berlin International Gaming,Ryze + Lee Sin + Rumble + Xayah + Rakan,Rumble + Lee Sin + Ryze + Xayah + Rakan,False,5
Prime League 1st Division/2026 Season/Spring Playoffs_Third-Place Match_1_2,red,E WIE EINFACH E-SPORTS,Lucian + Milio + Viktor + Skarner + Gwen,Gwen + Skarner + Viktor + Lucian + Milio,False,5
Esports Balkan League/2026 Season/Spring Playoffs_Finals_1_1,blue,Magaza Esports,Xin Zhao + Lucian + Milio + Galio + K'Sante,K'Sante + Xin Zhao + Galio + Lucian + Milio,False,5
Esports Balkan League/2026 Season/Spring Playoffs_Finals_1_1,red,Partizan Sangal,Ashe + Seraphine + LeBlanc + Trundle + Aatrox,Aatrox + Trundle + LeBlanc + Ashe + Seraphine,False,5
Hitpoint 2nd Division Challengers/2026 Season/Spring Playoffs_Round 1_2_2,blue,CITA Kaizen Academy,Rumble + Pantheon + Ahri + Bard + Caitlyn,Rumble + Pantheon + Ahri + Caitlyn + Bard,False,5
Hitpoint 2nd Division Challengers/2026 Season/Spring Playoffs_Round 1_2_2,red,Ethereal Enigmas,Anivia + Jayce + Ivern + Alistar + Ezreal,Anivia + Ivern + Jayce + Ezreal + Alistar,False,5
LFL/2026 Season/Spring Playoffs_Round 3_1_1,blue,Galions,Xin Zhao + Yunara + Lulu + K'Sante + Viktor,K'Sante + Xin Zhao + Viktor + Yunara + Lulu,False,5
LFL/2026 Season/Spring Playoffs_Round 3_1_1,red,TLN Pirates,Lucian + Milio + Olaf + Cassiopeia + Yorick,Yorick + Olaf + Cassiopeia + Lucian + Milio,False,5
Road Of Legends/2026 Season/Spring Playoffs_Round 2_1_1,blue,Once Upon A Team,Varus + Jarvan IV + Leona + Lux + Jayce,Jayce + Jarvan IV + Lux + Varus + Leona,False,5
Road Of Legends/2026 Season/Spring Playoffs_Round 2_1_1,red,mCon esports,Ashe + Seraphine + Zaahen + Aurora + Sion,Sion + Zaahen + Aurora + Ashe + Seraphine,False,5
Prime League 1st Division/2026 Season/Spring Playoffs_Third-Place Match_1_3,blue,E WIE EINFACH E-SPORTS,Varus + Dr. Mundo + Neeko + Hwei + Shen,Shen + Dr. Mundo + Hwei + Varus + Neeko,False,5
Prime League 1st Division/2026 Season/Spring Playoffs_Third-Place Match_1_3,red,Berlin International Gaming,Pantheon + Jhin + Annie + Sylas + Zaahen,Zaahen + Sylas + Annie + Jhin + Pantheon,False,5
Esports Balkan League/2026 Season/Spring Playoffs_Finals_1_2,blue,Partizan Sangal,Ezreal + Cassiopeia + Nami + Pantheon + Gnar,Gnar + Pantheon + Cassiopeia + Ezreal + Nami,False,5
Esports Balkan League/2026 Season/Spring Playoffs_Finals_1_2,red,Magaza Esports,Karma + Zaahen + Varus + Zoe + Yasuo,Yasuo + Zaahen + Zoe + Varus + Karma,False,5
Hitpoint 2nd Division Challengers/2026 Season/Spring Playoffs_Round 1_2_3,blue,Ethereal Enigmas,Cassiopeia + Lee Sin + Nautilus + Veigar + Gnar,Gnar + Lee Sin + Veigar + Cassiopeia + Nautilus,False,5
Hitpoint 2nd Division Challengers/2026 Season/Spring Playoffs_Round 1_2_3,red,CITA Kaizen Academy,Akali + Varus + Shyvana + Taric + Smolder,Varus + Shyvana + Akali + Smolder + Taric,False,5
Streamers Clash/Season 4_Day 7_2_1,blue,SILNĚJŠÍ SE XNAPYM,Maokai + Nautilus + Yone + Hwei + Shyvana,Maokai + Shyvana + Yone + Hwei + Nautilus,False,5
Streamers Clash/Season 4_Day 7_2_1,red,FREEZŮV WOLT DŮCHOĎÁK,Zac + Amumu + Veigar + Tristana + Aatrox,Zac + Aatrox + Veigar + Tristana + Amumu,False,5
LFL/2026 Season/Spring Playoffs_Round 3_1_2,blue,TLN Pirates,Seraphine + Ashe + Pantheon + Rumble + Ahri,Rumble + Pantheon + Ahri + Ashe + Seraphine,False,5
LFL/2026 Season/Spring Playoffs_Round 3_1_2,red,Galions,Caitlyn + Bard + Ryze + Skarner + Varus,Varus + Skarner + Ryze + Caitlyn + Bard,False,5
Road Of Legends/2026 Season/Spring Playoffs_Round 2_1_2,blue,Once Upon A Team,Pantheon + Ambessa + Ryze + Xayah + Rakan,Ambessa + Pantheon + Ryze + Xayah + Rakan,False,5
Road Of Legends/2026 Season/Spring Playoffs_Round 2_1_2,red,mCon esports,Xin Zhao + Corki + Bard + Anivia + Yorick,Yorick + Xin Zhao + Anivia + Corki + Bard,False,5
Esports Balkan League/2026 Season/Spring Playoffs_Finals_1_3,blue,Magaza Esports,Aurora + Naafiri + Nautilus + Jinx + Renekton,Renekton + Naafiri + Aurora + Jinx + Nautilus,False,5
Esports Balkan League/2026 Season/Spring Playoffs_Finals_1_3,red,Partizan Sangal,Ambessa + Annie + Leona + Xayah + Rumble,Rumble + Ambessa + Annie + Xayah + Leona,False,5
Prime League 1st Division/2026 Season/Spring Playoffs_Third-Place Match_1_4,blue,Berlin International Gaming,Aurora + Yunara + Nautilus + Olaf + Malzahar,Malzahar + Olaf + Aurora + Yunara + Nautilus,False,5
Prime League 1st Division/2026 Season/Spring Playoffs_Third-Place Match_1_4,red,E WIE EINFACH E-SPORTS,Seraphine + Xin Zhao + Poppy + Leona + Syndra,Poppy + Xin Zhao + Syndra + Seraphine + Leona,False,5
LFL/2026 Season/Spring Playoffs_Round 3_1_3,blue,Galions,Annie + Renekton + Wukong + Neeko + Kai'Sa,Renekton + Wukong + Annie + Kai'Sa + Neeko,False,5
LFL/2026 Season/Spring Playoffs_Round 3_1_3,red,TLN Pirates,Nocturne + Syndra + Volibear + Alistar + Sivir,Volibear + Nocturne + Syndra + Sivir + Alistar,False,5
Streamers Clash/Season 4_Day 7_3_1,blue,VEDICI DEEMONS,Yuumi + Tristana + Viktor + Maokai + Cho'Gath,Maokai + Cho'Gath + Viktor + Tristana + Yuumi,False,5
Streamers Clash/Season 4_Day 7_3_1,red,HERDYNŮV LANGUSTA TÝM,Nasus + Nautilus + Syndra + Malzahar + Pantheon,Nasus + Pantheon + Syndra + Malzahar + Nautilus,False,5
Road Of Legends/2026 Season/Spring Playoffs_Round 2_1_3,blue,Once Upon A Team,Annie + Lee Sin + Galio + Tristana + Thresh,Galio + Lee Sin + Annie + Tristana + Thresh,False,5
Road Of Legends/2026 Season/Spring Playoffs_Round 2_1_3,red,mCon esports,Wukong + Rumble + Syndra + Jhin + Braum,Rumble + Wukong + Syndra + Jhin + Braum,False,5
LPLOL/2026 Season/Spring Playoffs_Round 1_1_1,blue,Otter Side,Caitlyn + Bard + Viktor + Wukong + Jayce,Jayce + Wukong + Viktor + Caitlyn + Bard,False,5
LPLOL/2026 Season/Spring Playoffs_Round 1_1_1,red,Crusaders,Corki + Nami + Jarvan IV + Taliyah + Sion,Sion + Jarvan IV + Taliyah + Corki + Nami,False,5
LFL/2026 Season/Spring Playoffs_Round 3_1_4,blue,Galions,Corki + Naafiri + Rell + Akali + Aatrox,Aatrox + Naafiri + Akali + Corki + Rell,False,5
LFL/2026 Season/Spring Playoffs_Round 3_1_4,red,TLN Pirates,Jhin + Karma + Sejuani + Ambessa + Taliyah,Ambessa + Sejuani + Taliyah + Jhin + Karma,False,5
Streamers Clash/Season 4_Day 7_4_1,blue,TYBLÁHO MEWING SOCIETY,Brand + Braum + Malphite + Camille + Xin Zhao,Malphite + Xin Zhao + Camille + Brand + Braum,False,5
Streamers Clash/Season 4_Day 7_4_1,red,STOPERCENTNÁ KAMILOVA TUTOFKA,Malzahar + Amumu + Maokai + Lissandra + Zaahen,Zaahen + Amumu + Lissandra + Malzahar + Maokai,False,5
Road Of Legends/2026 Season/Spring Playoffs_Round 2_1_4,blue,Once Upon A Team,Nautilus + Sejuani + Yasuo + Ahri + Gwen,Gwen + Sejuani + Ahri + Yasuo + Nautilus,False,5
Road Of Legends/2026 Season/Spring Playoffs_Round 2_1_4,red,mCon esports,Karma + Sivir + K'Sante + Trundle + Akali,K'Sante + Trundle + Akali + Sivir + Karma,False,5
LPLOL/2026 Season/Spring Playoffs_Round 1_1_2,blue,Crusaders,Ryze + Yunara + Lulu + Sejuani + Yorick,Yorick + Sejuani + Ryze + Yunara + Lulu,False,5
LPLOL/2026 Season/Spring Playoffs_Round 1_1_2,red,Otter Side,Orianna + Nocturne + Nautilus + Miss Fortune + Renekton,Renekton + Nocturne + Orianna + Miss Fortune + Nautilus,False,5
Streamers Clash/Season 4_Day 7_5_1,blue,SILNĚJŠÍ SE XNAPYM,Sylas + Senna + Malphite + Hwei + Bel'Veth,Malphite + Bel'Veth + Sylas + Hwei + Senna,False,5
Streamers Clash/Season 4_Day 7_5_1,red,VEDICI DEEMONS,Yuumi + Tristana + Ryze + Sion + Kayn,Sion + Kayn + Ryze + Tristana + Yuumi,False,5
LPLOL/2026 Season/Spring Playoffs_Round 1_1_3,blue,Otter Side,Milio + Lucian + Vi + K'Sante + Anivia,K'Sante + Vi + Anivia + Lucian + Milio,False,5
LPLOL/2026 Season/Spring Playoffs_Round 1_1_3,red,Crusaders,Draven + Blitzcrank + Aurora + Ivern + Vayne,Vayne + Ivern + Aurora + Draven + Blitzcrank,False,5
Road Of Legends/2026 Season/Spring Playoffs_Round 2_1_5,blue,mCon esports,Yunara + Milio + Taliyah + Fiora + Jax,Fiora + Jax + Taliyah + Yunara + Milio,False,5
Road Of Legends/2026 Season/Spring Playoffs_Round 2_1_5,red,Once Upon A Team,Neeko + Ezreal + Volibear + Kog'Maw + Malphite,Malphite + Volibear + Kog'Maw + Ezreal + Neeko,False,5
North American Challengers League/2026 Season/Spring Playoffs_Round 3_1_1,blue,Winthrop University,Ashe + Seraphine + Dr. Mundo + Aurora + Gnar,Vayne + Nocturne + Cassiopeia + Ezreal + Bard,True,5
North American Challengers League/2026 Season/Spring Playoffs_Round 3_1_1,red,NRG,Ezreal + Nocturne + Bard + Cassiopeia + Vayne,Gnar + Dr. Mundo + Aurora + Ashe + Seraphine,True,5
North American Challengers League/2026 Season/Spring Playoffs_Round 3_1_2,blue,NRG,Varus + Lee Sin + Anivia + Jayce + Braum,Yorick + Jarvan IV + Annie + Sivir + Alistar,True,5
North American Challengers League/2026 Season/Spring Playoffs_Round 3_1_2,red,Winthrop University,Jarvan IV + Annie + Sivir + Alistar + Yorick,Jayce + Lee Sin + Anivia + Varus + Braum,True,5
North American Challengers League/2026 Season/Spring Playoffs_Round 3_1_3,blue,Winthrop University,Lucian + Milio + Hwei + Renekton + Trundle,Ambessa + Ivern + Viktor + Senna + Nautilus,True,5
North American Challengers League/2026 Season/Spring Playoffs_Round 3_1_3,red,NRG,Senna + Viktor + Nautilus + Ambessa + Ivern,Renekton + Trundle + Hwei + Lucian + Milio,True,5
North American Challengers League/2026 Season/Spring Playoffs_Round 3_1_4,blue,NRG,Neeko + Wukong + Corki + Kog'Maw + Aatrox,Fiora + Skarner + Azir + Jhin + Camille,True,5
North American Challengers League/2026 Season/Spring Playoffs_Round 3_1_4,red,Winthrop University,Jhin + Camille + Azir + Skarner + Fiora,Aatrox + Wukong + Kog'Maw + Corki + Neeko,True,5
North American Challengers League/2026 Season/Spring Playoffs_Round 3_1_5,blue,Winthrop University,Ryze + Vi + Rumble + Tristana + Nidalee,Galio + Xin Zhao + Orianna + Aphelios + Rakan,True,5
North American Challengers League/2026 Season/Spring Playoffs_Round 3_1_5,red,NRG,Orianna + Xin Zhao + Galio + Rakan + Aphelios,Rumble + Vi + Ryze + Tristana + Nidalee,True,5
LCK CL/2026 Season/Rounds 1-2_Week 9_10_1,blue,DN SOOPers Challengers,Jhin + Yone + Anivia + Jayce + Maokai,Yorick + Xin Zhao + Ryze + Lucian + Milio,True,5
LCK CL/2026 Season/Rounds 1-2_Week 9_10_1,red,Gen.G Global Academy,Lucian + Ryze + Milio + Xin Zhao + Yorick,Jayce + Maokai + Yone + Jhin + Anivia,True,5
LCK CL/2026 Season/Rounds 1-2_Week 9_9_1,blue,Nongshim Esports Academy,Lucian + Milio + Ryze + Sion + Naafiri,Sion + Naafiri + Ryze + Lucian + Milio,False,5
LCK CL/2026 Season/Rounds 1-2_Week 9_9_1,red,Dplus Kia Challengers,Caitlyn + Bard + Anivia + Xin Zhao + Zaahen,Zaahen + Xin Zhao + Anivia + Caitlyn + Bard,False,5
LCK CL/2026 Season/Rounds 1-2_Week 9_10_2,blue,DN SOOPers Challengers,Rumble + Vi + Aurora + Yunara + Lulu,Rumble + Vi + Aurora + Yunara + Lulu,False,5
LCK CL/2026 Season/Rounds 1-2_Week 9_10_2,red,Gen.G Global Academy,Seraphine + Ambessa + Ezreal + Sylas + Camille,Ambessa + Sylas + Ezreal + Seraphine + Camille,False,5
LCK CL/2026 Season/Rounds 1-2_Week 9_9_2,blue,Dplus Kia Challengers,Rumble + Wukong + Annie + Sivir + Karma,Rumble + Wukong + Annie + Sivir + Karma,False,5
LCK CL/2026 Season/Rounds 1-2_Week 9_9_2,red,Nongshim Esports Academy,Vi + K'Sante + Akali + Nami + Corki,K'Sante + Vi + Akali + Corki + Nami,False,5
LPL/2026 Season/Split 2 Playoffs_Round 1_1_1,blue,JD Gaming,Ryze + Vi + Rumble + Caitlyn + Lux,Ambessa + Lee Sin + Twisted Fate + Lucian + Milio,True,5
LPL/2026 Season/Split 2 Playoffs_Round 1_1_1,red,ThunderTalk Gaming,Lee Sin + Lucian + Milio + Twisted Fate + Ambessa,Rumble + Vi + Ryze + Caitlyn + Lux,True,5
LPL/2026 Season/Split 2 Playoffs_Round 1_1_2,blue,ThunderTalk Gaming,Orianna + Naafiri + Kai'Sa + Pyke + Renekton,Gnar + Xin Zhao + Ahri + Ezreal + Bard,True,5
LPL/2026 Season/Split 2 Playoffs_Round 1_1_2,red,JD Gaming,Ezreal + Bard + Xin Zhao + Ahri + Gnar,Renekton + Naafiri + Orianna + Kai'Sa + Pyke,True,5
LPL/2026 Season/Split 2 Playoffs_Round 1_1_3,blue,JD Gaming,Seraphine + Senna + Wukong + Sylas + Sion,Shen + Nocturne + Viktor + Ashe + Lulu,True,5
LPL/2026 Season/Split 2 Playoffs_Round 1_1_3,red,ThunderTalk Gaming,Nocturne + Ashe + Lulu + Viktor + Shen,Sion + Wukong + Sylas + Senna + Seraphine,True,5
LCK/2026 Season/Rounds 1-2_Week 9_5_1,blue,Dplus Kia,Orianna + Vi + Nautilus + Ezreal + Gnar,Vayne + Wukong + Viktor + Lucian + Braum,True,5
LCK/2026 Season/Rounds 1-2_Week 9_5_1,red,Kiwoom DRX,Viktor + Lucian + Braum + Wukong + Vayne,Gnar + Vi + Orianna + Ezreal + Nautilus,True,5
LCK/2026 Season/Rounds 1-2_Week 9_5_2,blue,Dplus Kia,Lee Sin + Ryze + K'Sante + Yunara + Lulu,Zaahen + Xin Zhao + Taliyah + Ashe + Seraphine,True,5
LCK/2026 Season/Rounds 1-2_Week 9_5_2,red,Kiwoom DRX,Ashe + Xin Zhao + Seraphine + Zaahen + Taliyah,K'Sante + Lee Sin + Ryze + Yunara + Lulu,True,5
LPL/2026 Season/Split 2 Playoffs_Round 1_1_4,blue,ThunderTalk Gaming,Varus + Aurora + Nautilus + Maokai + K'Sante,Fiora + Jayce + Annie + Jhin + Rell,True,5
LPL/2026 Season/Split 2 Playoffs_Round 1_1_4,red,JD Gaming,Annie + Jayce + Jhin + Rell + Fiora,K'Sante + Maokai + Aurora + Varus + Nautilus,True,5
LCP/2026 Season/Split 2 Playoffs_Round 2_1_1,blue,MVK Esports,Ezreal + Braum + Jayce + Sion + Azir,Sion + Jayce + Azir + Ezreal + Braum,False,5
LCP/2026 Season/Split 2 Playoffs_Round 2_1_1,red,Team Secret Whales,Nautilus + Lee Sin + Ryze + Kai'Sa + Shen,Shen + Lee Sin + Ryze + Kai'Sa + Nautilus,False,5
LCK/2026 Season/Rounds 1-2_Week 9_5_3,blue,Kiwoom DRX,Jarvan IV + Miss Fortune + Bard + Galio + Aurora,Rumble + Pantheon + Ahri + Jhin + Karma,True,5
LCK/2026 Season/Rounds 1-2_Week 9_5_3,red,Dplus Kia,Jhin + Karma + Rumble + Ahri + Pantheon,Galio + Jarvan IV + Aurora + Miss Fortune + Bard,True,5
LCP/2026 Season/Split 2 Playoffs_Round 2_1_2,blue,Team Secret Whales,Cassiopeia + Jarvan IV + Miss Fortune + Jax + Rell,Jax + Jarvan IV + Cassiopeia + Miss Fortune + Rell,False,5
LCP/2026 Season/Split 2 Playoffs_Round 2_1_2,red,MVK Esports,Akali + Jhin + Camille + Wukong + Rek'Sai,Rek'Sai + Wukong + Akali + Jhin + Camille,False,5
LPL/2026 Season/Split 2 Playoffs_Round 1_2_1,blue,Top Esports,Orianna + Trundle + Rumble + Miss Fortune + Nautilus,Rumble + Trundle + Orianna + Miss Fortune + Nautilus,False,5
LPL/2026 Season/Split 2 Playoffs_Round 1_2_1,red,LGD Gaming,Nocturne + Ryze + Ambessa + Corki + Rell,Ambessa + Nocturne + Ryze + Corki + Rell,False,5
LCK/2026 Season/Rounds 1-2_Week 9_6_1,blue,Gen.G,Lucian + Xin Zhao + Milio + Yorick + Taliyah,Rumble + Vi + Ryze + Xayah + Rakan,True,5
LCK/2026 Season/Rounds 1-2_Week 9_6_1,red,HANJIN BRION,Ryze + Vi + Rumble + Rakan + Xayah,Yorick + Xin Zhao + Taliyah + Lucian + Milio,True,5
LPL/2026 Season/Split 2 Playoffs_Round 1_2_2,blue,Top Esports,Annie + Ezreal + Neeko + Wukong + Zaahen,Zaahen + Wukong + Annie + Ezreal + Neeko,False,5
LPL/2026 Season/Split 2 Playoffs_Round 1_2_2,red,LGD Gaming,Sion + Caitlyn + Elise + Naafiri + Vayne,Vayne + Naafiri + Sion + Caitlyn + Elise,False,5
LCP/2026 Season/Split 2 Playoffs_Round 2_1_3,blue,Team Secret Whales,Varus + Vi + Ahri + Rumble + Skarner,Rumble + Vi + Ahri + Varus + Skarner,False,5
LCP/2026 Season/Split 2 Playoffs_Round 2_1_3,red,MVK Esports,Sivir + Pantheon + Aurora + Zyra + K'Sante,K'Sante + Zyra + Aurora + Sivir + Pantheon,False,5
LCK/2026 Season/Rounds 1-2_Week 9_6_2,blue,Gen.G,Jarvan IV + Ziggs + Nautilus + Ambessa + Mel,Ambessa + Jarvan IV + Mel + Ziggs + Nautilus,False,5
LCK/2026 Season/Rounds 1-2_Week 9_6_2,red,HANJIN BRION,Pantheon + Caitlyn + Aurora + Sion + Tahm Kench,Sion + Pantheon + Aurora + Caitlyn + Tahm Kench,False,5
LPL/2026 Season/Split 2 Playoffs_Round 1_2_3,blue,LGD Gaming,Ashe + Seraphine + Olaf + Aurora + Xin Zhao,Yorick + Jayce + Akali + Ziggs + Skarner,True,5
LPL/2026 Season/Split 2 Playoffs_Round 1_2_3,red,Top Esports,Jayce + Skarner + Ziggs + Yorick + Akali,Olaf + Xin Zhao + Aurora + Ashe + Seraphine,True,5
Hitpoint Masters/2026 Season/Spring Playoffs_Round 1_4_1,blue,Bohemian Guardians,Cassiopeia + Jarvan IV + Karma + Jhin + Rumble,Rumble + Jarvan IV + Cassiopeia + Jhin + Karma,False,5
Hitpoint Masters/2026 Season/Spring Playoffs_Round 1_4_1,red,eSuba,Ezreal + Syndra + Bard + Xin Zhao + K'Sante,K'Sante + Xin Zhao + Syndra + Ezreal + Bard,False,5
Hitpoint Masters/2026 Season/Spring Playoffs_Round 1_4_2,blue,Bohemian Guardians,Zyra + Zeri + Akali + Sion + Yuumi,Sion + Zyra + Akali + Zeri + Yuumi,False,5
Hitpoint Masters/2026 Season/Spring Playoffs_Round 1_4_2,red,eSuba,Orianna + Nocturne + Jayce + Corki + Poppy,Jayce + Nocturne + Orianna + Corki + Poppy,False,5
Hitpoint Masters/2026 Season/Spring Playoffs_Round 1_4_3,blue,eSuba,Nami + Lee Sin + Miss Fortune + Renekton + Blitzcrank,Renekton + Lee Sin + Nami + Miss Fortune + Blitzcrank,False,5
Hitpoint Masters/2026 Season/Spring Playoffs_Round 1_4_3,red,Bohemian Guardians,Lucian + Milio + Wukong + Azir + Gnar,Gnar + Wukong + Azir + Lucian + Milio,False,5
LFL/2026 Season/Spring Playoffs_Round 4_2_1,blue,Karmine Corp Blue,Ashe + Seraphine + Ryze + Nocturne + Renekton,Renekton + Nocturne + Ryze + Ashe + Seraphine,False,5
LFL/2026 Season/Spring Playoffs_Round 4_2_1,red,Galions,Xin Zhao + Milio + Lucian + Cassiopeia + Varus,Varus + Xin Zhao + Cassiopeia + Lucian + Milio,False,5
NLC/2026 Season/Spring Playoffs_Round 1_1_1,blue,Deer Gaming,Ashe + Nocturne + Lulu + Anivia + Zaahen,Zaahen + Nocturne + Anivia + Ashe + Lulu,False,5
NLC/2026 Season/Spring Playoffs_Round 1_1_1,red,Ruddy Corporation,Jarvan IV + Seraphine + Sion + Jhin + Ahri,Sion + Jarvan IV + Ahri + Jhin + Seraphine,False,5
LIT/2026 Season/Spring Playoffs_Finals_1_1,blue,HMBLE,Rumble + Lucian + Jarvan IV + Anivia + Lulu,Rumble + Jarvan IV + Anivia + Lucian + Lulu,False,5
LIT/2026 Season/Spring Playoffs_Finals_1_1,red,GMBLERS Esports,Xin Zhao + Cassiopeia + Miss Fortune + Rakan + Ornn,Ornn + Xin Zhao + Cassiopeia + Miss Fortune + Rakan,False,5
LFL/2026 Season/Spring Playoffs_Round 4_2_2,blue,Galions,Bard + Naafiri + Annie + Smolder + K'Sante,K'Sante + Naafiri + Annie + Smolder + Bard,False,5
LFL/2026 Season/Spring Playoffs_Round 4_2_2,red,Karmine Corp Blue,Jarvan IV + Ezreal + Galio + Rakan + Aatrox,Aatrox + Jarvan IV + Galio + Ezreal + Rakan,False,5
NLC/2026 Season/Spring Playoffs_Round 1_1_2,blue,Deer Gaming,Karma + Naafiri + Yunara + Rumble + Galio,Rumble + Naafiri + Galio + Yunara + Karma,False,5
NLC/2026 Season/Spring Playoffs_Round 1_1_2,red,Ruddy Corporation,Orianna + Ezreal + Wukong + Nami + Ambessa,Ambessa + Wukong + Orianna + Ezreal + Nami,False,5
Benelux Ascend Series/2026 Season/Spring Playoffs_Round 2_1_1,blue,RED OUAT,Orianna + Wukong + Ezreal + Rell + Sion,Sion + Wukong + Orianna + Ezreal + Rell,False,5
Benelux Ascend Series/2026 Season/Spring Playoffs_Round 2_1_1,red,FUSE,Akali + Pantheon + Sivir + Neeko + Dr. Mundo,Dr. Mundo + Pantheon + Akali + Sivir + Neeko,False,5
LIT/2026 Season/Spring Playoffs_Finals_1_2,blue,HMBLE,Caitlyn + Bard + Ryze + Sion + Aatrox,Sion + Aatrox + Ryze + Caitlyn + Bard,False,5
LIT/2026 Season/Spring Playoffs_Finals_1_2,red,GMBLERS Esports,Ezreal + Skarner + Rell + Ahri + Zaahen,Zaahen + Skarner + Ahri + Ezreal + Rell,False,5
LFL/2026 Season/Spring Playoffs_Round 4_2_3,blue,Galions,Wukong + Ornn + Viktor + Nilah + Renata Glasc,Ornn + Wukong + Viktor + Nilah + Renata Glasc,False,5
LFL/2026 Season/Spring Playoffs_Round 4_2_3,red,Karmine Corp Blue,Rumble + Pantheon + Kai'Sa + Sylas + Neeko,Rumble + Pantheon + Sylas + Kai'Sa + Neeko,False,5
NLC/2026 Season/Spring Playoffs_Round 1_1_3,blue,Ruddy Corporation,Aatrox + Senna + Viktor + Nautilus + Taliyah,Aatrox + Taliyah + Viktor + Senna + Nautilus,False,5
NLC/2026 Season/Spring Playoffs_Round 1_1_3,red,Deer Gaming,Lee Sin + Xayah + Syndra + Rell + Akali,Akali + Lee Sin + Syndra + Xayah + Rell,False,5
LIT/2026 Season/Spring Playoffs_Finals_1_3,blue,HMBLE,Jayce + Sivir + Neeko + Nidalee + Renekton,Renekton + Nidalee + Jayce + Sivir + Neeko,False,5
LIT/2026 Season/Spring Playoffs_Finals_1_3,red,GMBLERS Esports,Corki + Nami + Trundle + Syndra + Gnar,Gnar + Trundle + Syndra + Corki + Nami,False,5
NLC/2026 Season/Spring Playoffs_Round 1_2_1,blue,Bulldog Esports,Seraphine + Miss Fortune + Vi + Annie + Aatrox,Aatrox + Vi + Annie + Miss Fortune + Seraphine,False,5
NLC/2026 Season/Spring Playoffs_Round 1_2_1,red,Arctic Pandas,Ashe + Ryze + Lulu + Xin Zhao + K'Sante,K'Sante + Xin Zhao + Ryze + Ashe + Lulu,False,5
LPLOL/2026 Season/Spring Playoffs_Round 1_2_1,blue,Ronaldo Team,Ashe + Vi + Seraphine + Jayce + Ahri,Jayce + Vi + Ahri + Ashe + Seraphine,False,5
LPLOL/2026 Season/Spring Playoffs_Round 1_2_1,red,Bubliki,Lucian + Orianna + Milio + Rek'Sai + Malphite,Malphite + Rek'Sai + Orianna + Lucian + Milio,False,5
Benelux Ascend Series/2026 Season/Spring Playoffs_Round 2_1_2,blue,FUSE,Varus + Naafiri + Viktor + Bard + Gnar,Gnar + Naafiri + Viktor + Varus + Bard,False,5
Benelux Ascend Series/2026 Season/Spring Playoffs_Round 2_1_2,red,RED OUAT,Jarvan IV + Lucian + Ryze + Milio + Malphite,Malphite + Jarvan IV + Ryze + Lucian + Milio,False,5
NLC/2026 Season/Spring Playoffs_Round 1_2_2,blue,Bulldog Esports,Karma + Jhin + Skarner + Ambessa + Azir,Ambessa + Skarner + Azir + Jhin + Karma,False,5
NLC/2026 Season/Spring Playoffs_Round 1_2_2,red,Arctic Pandas,Nautilus + Senna + Aurora + Wukong + Rumble,Rumble + Wukong + Aurora + Senna + Nautilus,False,5
LPLOL/2026 Season/Spring Playoffs_Round 1_2_2,blue,Bubliki,Ryze + Corki + Nami + Pantheon + Shen,Shen + Pantheon + Ryze + Corki + Nami,False,5
LPLOL/2026 Season/Spring Playoffs_Round 1_2_2,red,Ronaldo Team,Yunara + Lulu + Viktor + Jarvan IV + Gnar,Gnar + Jarvan IV + Viktor + Yunara + Lulu,False,5
Benelux Ascend Series/2026 Season/Spring Playoffs_Round 2_1_3,blue,FUSE,Syndra + Leona + Jayce + Zeri + Renekton,Renekton + Jayce + Syndra + Zeri + Leona,False,5
Benelux Ascend Series/2026 Season/Spring Playoffs_Round 2_1_3,red,RED OUAT,Ziggs + Nautilus + Yone + Maokai + Zaahen,Zaahen + Maokai + Yone + Ziggs + Nautilus,False,5
NLC/2026 Season/Spring Playoffs_Round 1_2_3,blue,Bulldog Esports,Ezreal + Jarvan IV + Rell + Gwen + Taliyah,Gwen + Jarvan IV + Taliyah + Ezreal + Rell,False,5
NLC/2026 Season/Spring Playoffs_Round 1_2_3,red,Arctic Pandas,Corki + Nami + Sion + Pantheon + LeBlanc,Sion + Pantheon + LeBlanc + Corki + Nami,False,5
LPLOL/2026 Season/Spring Playoffs_Round 1_2_3,blue,Ronaldo Team,Caitlyn + Nautilus + Nocturne + Darius + Zoe,Darius + Nocturne + Zoe + Caitlyn + Nautilus,False,5
LPLOL/2026 Season/Spring Playoffs_Round 1_2_3,red,Bubliki,Sivir + Anivia + Trundle + Neeko + Volibear,Volibear + Trundle + Anivia + Sivir + Neeko,False,5
North American Challengers League/2026 Season/Spring Playoffs_Round 4_1_1,blue,Conviction,Lucian + Nami + Naafiri + Anivia + Gragas,Gnar + Sejuani + Cassiopeia + Caitlyn + Karma,True,5
North American Challengers League/2026 Season/Spring Playoffs_Round 4_1_1,red,CCG Esports,Caitlyn + Karma + Cassiopeia + Sejuani + Gnar,Gragas + Naafiri + Anivia + Lucian + Nami,True,5
Benelux Ascend Series/2026 Season/Spring Playoffs_Round 2_1_4,blue,FUSE,Lulu + Lee Sin + Aphelios + Mel + Olaf,Olaf + Lee Sin + Mel + Aphelios + Lulu,False,5
Benelux Ascend Series/2026 Season/Spring Playoffs_Round 2_1_4,red,RED OUAT,Seraphine + Senna + Vi + Taliyah + Camille,Camille + Vi + Taliyah + Senna + Seraphine,False,5
LPLOL/2026 Season/Spring Playoffs_Round 1_2_4,blue,Bubliki,Varus + Maokai + Ornn + Smolder + Janna,Ornn + Maokai + Smolder + Varus + Janna,False,5
LPLOL/2026 Season/Spring Playoffs_Round 1_2_4,red,Ronaldo Team,Brand + Naafiri + Dr. Mundo + Leona + Tristana,Dr. Mundo + Naafiri + Tristana + Brand + Leona,False,5
North American Challengers League/2026 Season/Spring Playoffs_Round 4_1_2,blue,Conviction,Varus + Nautilus + Sion + Hwei + Lee Sin,Ambessa + Olaf + Ryze + Sivir + Neeko,True,5
North American Challengers League/2026 Season/Spring Playoffs_Round 4_1_2,red,CCG Esports,Neeko + Ryze + Sivir + Ambessa + Olaf,Sion + Lee Sin + Hwei + Varus + Nautilus,True,5
Benelux Ascend Series/2026 Season/Spring Playoffs_Round 2_1_5,blue,RED OUAT,Xin Zhao + Rakan + Kai'Sa + Twisted Fate + Aatrox,Aatrox + Xin Zhao + Twisted Fate + Kai'Sa + Rakan,False,5
Benelux Ascend Series/2026 Season/Spring Playoffs_Round 2_1_5,red,FUSE,Graves + Jinx + Poppy + Brand + K'Sante,K'Sante + Graves + Brand + Jinx + Poppy,False,5
North American Challengers League/2026 Season/Spring Playoffs_Round 4_1_3,blue,Conviction,Orianna + Yunara + Lulu + Trundle + Renekton,Renekton + Trundle + Orianna + Yunara + Lulu,False,5
North American Challengers League/2026 Season/Spring Playoffs_Round 4_1_3,red,CCG Esports,Galio + Seraphine + Ashe + Skarner + Kindred,Skarner + Kindred + Galio + Ashe + Seraphine,False,5
LPL/2026 Season/Split 2 Playoffs_Round 1_3_1,blue,Anyone's Legend,Orianna + Jhin + Trundle + Renekton + Bard,Shen + Nocturne + Ryze + Varus + Neeko,True,5
LPL/2026 Season/Split 2 Playoffs_Round 1_3_1,red,EDward Gaming,Varus + Nocturne + Ryze + Neeko + Shen,Renekton + Trundle + Orianna + Jhin + Bard,True,5
LPL/2026 Season/Split 2 Playoffs_Round 1_3_2,blue,Anyone's Legend,Seraphine + Xin Zhao + Ezreal + Ambessa + Fizz,Twisted Fate + Lee Sin + Lissandra + Ashe + Lulu,True,5
LPL/2026 Season/Split 2 Playoffs_Round 1_3_2,red,EDward Gaming,Ashe + Twisted Fate + Lulu + Lee Sin + Lissandra,Ambessa + Xin Zhao + Fizz + Ezreal + Seraphine,True,5
LCK/2026 Season/Rounds 1-2_Week 9_7_1,blue,KT Rolster,Ryze + Miss Fortune + Nautilus + Wukong + Sion,Gnar + Xin Zhao + Taliyah + Lucian + Braum,True,5
LCK/2026 Season/Rounds 1-2_Week 9_7_1,red,DN SOOPers,Lucian + Taliyah + Braum + Xin Zhao + Gnar,Sion + Wukong + Ryze + Miss Fortune + Nautilus,True,5
LPL/2026 Season/Split 2 Playoffs_Round 1_3_3,blue,Anyone's Legend,Cassiopeia + Miss Fortune + Nautilus + Jayce + Skarner,Olaf + Jarvan IV + Galio + Corki + Nami,True,5
LPL/2026 Season/Split 2 Playoffs_Round 1_3_3,red,EDward Gaming,Corki + Nami + Jarvan IV + Galio + Olaf,Jayce + Skarner + Cassiopeia + Miss Fortune + Nautilus,True,5
LCK/2026 Season/Rounds 1-2_Week 9_7_2,blue,KT Rolster,Caitlyn + Lee Sin + Bard + Ambessa + Galio,Rumble + Trundle + Annie + Jhin + Karma,True,5
LCK/2026 Season/Rounds 1-2_Week 9_7_2,red,DN SOOPers,Jhin + Karma + Annie + Rumble + Trundle,Ambessa + Lee Sin + Galio + Caitlyn + Bard,True,5
LCP/2026 Season/Split 2 Playoffs_Round 2_2_1,blue,Deep Cross Gaming,Cassiopeia + Xin Zhao + Rumble + Xayah + Rakan,Cassiopeia + Xin Zhao + Rumble + Xayah + Rakan,False,5
LCP/2026 Season/Split 2 Playoffs_Round 2_2_1,red,GAM Esports,Jarvan IV + Ryze + Ambessa + Lucian + Milio,Ambessa + Jarvan IV + Ryze + Lucian + Milio,False,5
LPL/2026 Season/Split 2 Playoffs_Round 1_4_1,blue,Bilibili Gaming,Ezreal + Rumble + Bard + Ahri + Naafiri,Sion + Vi + LeBlanc + Sivir + Karma,True,5
LPL/2026 Season/Split 2 Playoffs_Round 1_4_1,red,Team WE,Karma + Vi + Sivir + Sion + LeBlanc,Rumble + Naafiri + Ahri + Ezreal + Bard,True,5
Nexus League/2026 Season/Spring Playoffs_Round 1_1_1,blue,Karmine Corp Blue Stars,Ezreal + Wukong + Akali + Neeko + Aurora,Aurora + Wukong + Akali + Ezreal + Neeko,False,5
Nexus League/2026 Season/Spring Playoffs_Round 1_1_1,red,Caldya Esport,Orianna + Kai'Sa + Rell + Xin Zhao + Yorick,Yorick + Xin Zhao + Orianna + Kai'Sa + Rell,False,5
Hitpoint Masters/2026 Season/Spring Playoffs_Round 3_1_1,blue,CITA Kaizen,Ezreal + Jayce + Bard + Karthus + K'Sante,K'Sante + Karthus + Jayce + Ezreal + Bard,False,5
Hitpoint Masters/2026 Season/Spring Playoffs_Round 3_1_1,red,Nightbirds,Cassiopeia + Lucian + Milio + Naafiri + Vayne,Vayne + Naafiri + Cassiopeia + Lucian + Milio,False,5
LCP/2026 Season/Split 2 Playoffs_Round 2_2_2,blue,Deep Cross Gaming,Ezreal + Bard + Jayce + Vi + Ahri,K'Sante + Pantheon + Aurora + Jhin + Karma,True,5
LCP/2026 Season/Split 2 Playoffs_Round 2_2_2,red,GAM Esports,Karma + Pantheon + Jhin + Aurora + K'Sante,Jayce + Vi + Ahri + Ezreal + Bard,True,5
LCK/2026 Season/Rounds 1-2_Week 9_8_1,blue,BNK FEARX,Bard + Anivia + Jhin + Rumble + Nocturne,K'Sante + Wukong + Ryze + Ezreal + Neeko,True,5
LCK/2026 Season/Rounds 1-2_Week 9_8_1,red,T1,Ezreal + Ryze + Neeko + Wukong + K'Sante,Rumble + Nocturne + Anivia + Jhin + Bard,True,5
LPL/2026 Season/Split 2 Playoffs_Round 1_4_2,blue,Team WE,Lee Sin + Jayce + Annie + Seraphine + Miss Fortune,Ornn + Xin Zhao + Ryze + Ashe + Lulu,True,5
LPL/2026 Season/Split 2 Playoffs_Round 1_4_2,red,Bilibili Gaming,Ryze + Xin Zhao + Ornn + Ashe + Lulu,Jayce + Lee Sin + Annie + Miss Fortune + Seraphine,True,5
Nexus League/2026 Season/Spring Playoffs_Round 1_1_2,blue,Karmine Corp Blue Stars,Ryze + K'Sante + Vi + Varus + Karma,K'Sante + Vi + Ryze + Varus + Karma,False,5
Nexus League/2026 Season/Spring Playoffs_Round 1_1_2,red,Caldya Esport,Nocturne + Syndra + Gnar + Xayah + Seraphine,Gnar + Nocturne + Syndra + Xayah + Seraphine,False,5
LCP/2026 Season/Split 2 Playoffs_Round 2_2_3,blue,Deep Cross Gaming,Lee Sin + Gnar + Annie + Corki + Rell,Gnar + Lee Sin + Annie + Corki + Rell,False,5
LCP/2026 Season/Split 2 Playoffs_Round 2_2_3,red,GAM Esports,Wukong + Nautilus + Miss Fortune + Mel + Tristana,Tristana + Wukong + Mel + Miss Fortune + Nautilus,False,5
Prime League 1st Division/2026 Season/Spring Playoffs_Finals_1_1,blue,Eintracht Spandau,Azir + Ezreal + Karma + Pantheon + Rumble,Rumble + Pantheon + Azir + Ezreal + Karma,False,5
Prime League 1st Division/2026 Season/Spring Playoffs_Finals_1_1,red,G2 NORD,Orianna + Milio + Lucian + Xin Zhao + K'Sante,K'Sante + Xin Zhao + Orianna + Lucian + Milio,False,5
Hitpoint Masters/2026 Season/Spring Playoffs_Round 3_1_2,blue,CITA Kaizen,Sion + Bel'Veth + Viktor + Ashe + Seraphine,Sion + Bel'Veth + Viktor + Ashe + Seraphine,False,5
Hitpoint Masters/2026 Season/Spring Playoffs_Round 3_1_2,red,Nightbirds,Rumble + Wukong + Orianna + Miss Fortune + Rell,Rumble + Wukong + Orianna + Miss Fortune + Rell,False,5
LCK/2026 Season/Rounds 1-2_Week 9_8_2,blue,BNK FEARX,Vi + Nautilus + Mel + Sion + Azir,Gwen + Pantheon + Viktor + Caitlyn + Karma,True,5
LCK/2026 Season/Rounds 1-2_Week 9_8_2,red,T1,Caitlyn + Karma + Pantheon + Viktor + Gwen,Sion + Vi + Azir + Mel + Nautilus,True,5
LCP/2026 Season/Split 2 Playoffs_Round 2_2_4,blue,Deep Cross Gaming,Varus + Maokai + Pyke + Jax + Galio,Olaf + Naafiri + Twisted Fate + Kai'Sa + Shen,True,5
LCP/2026 Season/Split 2 Playoffs_Round 2_2_4,red,GAM Esports,Twisted Fate + Naafiri + Shen + Kai'Sa + Olaf,Jax + Maokai + Galio + Varus + Pyke,True,5
LPL/2026 Season/Split 2 Playoffs_Round 1_4_3,blue,Bilibili Gaming,Jarvan IV + Caitlyn + Lux + K'Sante + Mel,K'Sante + Jarvan IV + Mel + Caitlyn + Lux,False,5
LPL/2026 Season/Split 2 Playoffs_Round 1_4_3,red,Team WE,Corki + Nami + Aurora + Renekton + Nidalee,Renekton + Nidalee + Aurora + Corki + Nami,False,5
Nexus League/2026 Season/Spring Playoffs_Round 1_1_3,blue,Caldya Esport,Sion + Nautilus + Zyra + Sivir + Ahri,Sion + Zyra + Ahri + Sivir + Nautilus,False,5
Nexus League/2026 Season/Spring Playoffs_Round 1_1_3,red,Karmine Corp Blue Stars,Yone + Lillia + Smolder + Zac + Yasuo,Yone + Lillia + Yasuo + Smolder + Zac,False,5
Hitpoint Masters/2026 Season/Spring Playoffs_Round 3_1_3,blue,CITA Kaizen,Yorick + Qiyana + Ahri + Yunara + Lulu,Yorick + Qiyana + Ahri + Yunara + Lulu,False,5
Hitpoint Masters/2026 Season/Spring Playoffs_Round 3_1_3,red,Nightbirds,Ryze + Nami + Caitlyn + Malphite + Gnar,Gnar + Malphite + Ryze + Caitlyn + Nami,False,5
Prime League 1st Division/2026 Season/Spring Playoffs_Finals_1_2,blue,Eintracht Spandau,Nami + Corki + Viktor + Naafiri + Sion,Sion + Naafiri + Viktor + Corki + Nami,False,5
Prime League 1st Division/2026 Season/Spring Playoffs_Finals_1_2,red,G2 NORD,Ashe + Seraphine + Lee Sin + Galio + Ambessa,Ambessa + Lee Sin + Galio + Ashe + Seraphine,False,5
Nexus League/2026 Season/Spring Playoffs_Round 1_1_4,blue,Karmine Corp Blue Stars,Nami + Corki + Anivia + Renekton + Dr. Mundo,Renekton + Dr. Mundo + Anivia + Corki + Nami,False,5
Nexus League/2026 Season/Spring Playoffs_Round 1_1_4,red,Caldya Esport,Lucian + Milio + Maokai + Zed + Cho'Gath,Cho'Gath + Maokai + Zed + Lucian + Milio,False,5
LPL/2026 Season/Split 2 Playoffs_Round 1_4_4,blue,Bilibili Gaming,Ambessa + Cassiopeia + Trundle + Ziggs + Alistar,Ambessa + Trundle + Cassiopeia + Ziggs + Alistar,False,5
LPL/2026 Season/Split 2 Playoffs_Round 1_4_4,red,Team WE,Jhin + Neeko + Akali + Shen + Olaf,Shen + Olaf + Akali + Jhin + Neeko,False,5
Prime League 1st Division/2026 Season/Spring Playoffs_Finals_1_3,blue,G2 NORD,Senna + Nautilus + Hwei + Shyvana + Trundle,Shyvana + Trundle + Hwei + Senna + Nautilus,False,5
Prime League 1st Division/2026 Season/Spring Playoffs_Finals_1_3,red,Eintracht Spandau,Yunara + Cassiopeia + Lulu + Skarner + LeBlanc,Cassiopeia + Skarner + LeBlanc + Yunara + Lulu,False,5
Hitpoint Masters/2026 Season/Spring Playoffs_Round 3_1_4,blue,Nightbirds,Gwen + Vi + Aurora + Jhin + Poppy,Gwen + Vi + Aurora + Jhin + Poppy,False,5
Hitpoint Masters/2026 Season/Spring Playoffs_Round 3_1_4,red,CITA Kaizen,Ambessa + Jarvan IV + Akali + Xayah + Rakan,Ambessa + Jarvan IV + Akali + Xayah + Rakan,False,5
Prime League 1st Division/2026 Season/Spring Playoffs_Finals_1_4,blue,G2 NORD,Wukong + Xayah + Rakan + Gnar + Ahri,Gnar + Wukong + Ahri + Xayah + Rakan,False,5
Prime League 1st Division/2026 Season/Spring Playoffs_Finals_1_4,red,Eintracht Spandau,Dr. Mundo + Bard + Sivir + Syndra + Gangplank,Gangplank + Dr. Mundo + Syndra + Sivir + Bard,False,5
Hitpoint Masters/2026 Season/Spring Playoffs_Round 3_1_5,blue,Nightbirds,Azir + Renekton + Skarner + Gragas + Tristana,Renekton + Skarner + Azir + Tristana + Gragas,False,5
Hitpoint Masters/2026 Season/Spring Playoffs_Round 3_1_5,red,CITA Kaizen,Yone + Zyra + Ornn + Alistar + Jinx,Ornn + Zyra + Yone + Jinx + Alistar,False,5
Prime League 1st Division/2026 Season/Spring Playoffs_Finals_1_5,blue,Eintracht Spandau,Ryze + Aatrox + Tristana + Ornn + Leona,Ornn + Aatrox + Ryze + Tristana + Leona,False,5
Prime League 1st Division/2026 Season/Spring Playoffs_Finals_1_5,red,G2 NORD,Annie + Zaahen + Jinx + Renekton + Braum,Renekton + Zaahen + Annie + Jinx + Braum,False,5
LEC/2026 Season/Spring Playoffs_Round 1_3_1,blue,Natus Vincere,Ashe + Lulu + Xin Zhao + Azir + K'Sante,K'Sante + Xin Zhao + Azir + Ashe + Lulu,False,5
LEC/2026 Season/Spring Playoffs_Round 1_3_1,red,Karmine Corp,Jarvan IV + Seraphine + Ezreal + Ryze + Twisted Fate,Twisted Fate + Jarvan IV + Ryze + Ezreal + Seraphine,False,5
Rift Legends/2026 Season/Spring Playoffs_Semifinals_1_1,blue,Barcząca Esports,Nocturne + Neeko + Ezreal + Galio + Sion,Sion + Nocturne + Galio + Ezreal + Neeko,False,5
Rift Legends/2026 Season/Spring Playoffs_Semifinals_1_1,red,Bomba Team,Aurora + Bard + Corki + Rumble + Pantheon,Rumble + Pantheon + Aurora + Corki + Bard,False,5
LEC/2026 Season/Spring Playoffs_Round 1_3_2,blue,Karmine Corp,Cassiopeia + Lucian + Milio + Sion + Trundle,Yone + Vi + Anivia + Caitlyn + Neeko,True,5
LEC/2026 Season/Spring Playoffs_Round 1_3_2,red,Natus Vincere,Anivia + Vi + Caitlyn + Neeko + Yone,Sion + Trundle + Cassiopeia + Lucian + Milio,True,5
CBLOL/2026 Season/Split 1 Playoffs_Round 3_1_1,blue,LØS,Cassiopeia + Caitlyn + Karma + Vi + Sion,Gnar + Jarvan IV + Viktor + Ezreal + Bard,True,5
CBLOL/2026 Season/Split 1 Playoffs_Round 3_1_1,red,Fluxo W7M,Jarvan IV + Ezreal + Bard + Viktor + Gnar,Sion + Vi + Cassiopeia + Caitlyn + Karma,True,5
Rift Legends/2026 Season/Spring Playoffs_Semifinals_1_2,blue,Barcząca Esports,Cassiopeia + Yunara + Lulu + Lee Sin + Renekton,Renekton + Lee Sin + Cassiopeia + Yunara + Lulu,False,5
Rift Legends/2026 Season/Spring Playoffs_Semifinals_1_2,red,Bomba Team,Jarvan IV + Orianna + Soraka + Smolder + Jayce,Jayce + Jarvan IV + Orianna + Smolder + Soraka,False,5
LEC/2026 Season/Spring Playoffs_Round 1_3_3,blue,Karmine Corp,Varus + Nautilus + Aurora + Rek'Sai + Corki,Varus + Rek'Sai + Aurora + Corki + Nautilus,False,5
LEC/2026 Season/Spring Playoffs_Round 1_3_3,red,Natus Vincere,Bard + Annie + Sivir + Naafiri + Lee Sin,Naafiri + Lee Sin + Annie + Sivir + Bard,False,5
CBLOL/2026 Season/Split 1 Playoffs_Round 3_1_2,blue,LØS,Ryze + Nautilus + Miss Fortune + Xin Zhao + Renekton,Jayce + Nocturne + Annie + Ornn + Senna,True,5
CBLOL/2026 Season/Split 1 Playoffs_Round 3_1_2,red,Fluxo W7M,Nocturne + Senna + Annie + Ornn + Jayce,Renekton + Xin Zhao + Ryze + Miss Fortune + Nautilus,True,5
LEC/2026 Season/Spring Playoffs_Round 1_3_4,blue,Natus Vincere,Pantheon + Taliyah + Alistar + Miss Fortune + Kennen,Kennen + Pantheon + Taliyah + Miss Fortune + Alistar,False,5
LEC/2026 Season/Spring Playoffs_Round 1_3_4,red,Karmine Corp,Xayah + Rakan + Ahri + Renekton + Olaf,Renekton + Olaf + Ahri + Xayah + Rakan,False,5
CBLOL/2026 Season/Split 1 Playoffs_Round 3_1_3,blue,Fluxo W7M,Milio + Lucian + K'Sante + Rek'Sai + Ahri,Rumble + Naafiri + Zoe + Xayah + Rakan,True,5
CBLOL/2026 Season/Split 1 Playoffs_Round 3_1_3,red,LØS,Rumble + Rakan + Xayah + Naafiri + Zoe,K'Sante + Rek'Sai + Ahri + Lucian + Milio,True,5
Rift Legends/2026 Season/Spring Playoffs_Semifinals_1_3,blue,Barcząca Esports,Ashe + Skarner + Milio + Viktor + Ambessa,Ambessa + Skarner + Viktor + Ashe + Milio,False,5
Rift Legends/2026 Season/Spring Playoffs_Semifinals_1_3,red,Bomba Team,Seraphine + Ryze + Caitlyn + Vi + Akali,Akali + Vi + Ryze + Caitlyn + Seraphine,False,5
CBLOL/2026 Season/Split 1 Playoffs_Round 3_1_4,blue,Fluxo W7M,Pantheon + Jhin + Rell + Ambessa + Taliyah,Ambessa + Pantheon + Taliyah + Jhin + Rell,False,5
CBLOL/2026 Season/Split 1 Playoffs_Round 3_1_4,red,LØS,Skarner + Alistar + Tristana + Aurora + Kennen,Kennen + Skarner + Aurora + Tristana + Alistar,False,5
CBLOL/2026 Season/Split 1 Playoffs_Round 3_1_5,blue,LØS,Anivia + Yunara + Lulu + Sylas + Zaahen,Yone + Sejuani + Galio + Corki + Neeko,True,5
CBLOL/2026 Season/Split 1 Playoffs_Round 3_1_5,red,Fluxo W7M,Sejuani + Corki + Yone + Neeko + Galio,Anivia + Zaahen + Sylas + Yunara + Lulu,True,5
LCS/2026 Season/Spring Playoffs_Round 1_3_1,blue,FlyQuest,Karma + Ezreal + Rumble + Twisted Fate + Skarner,Rumble + Skarner + Twisted Fate + Ezreal + Karma,False,5
LCS/2026 Season/Spring Playoffs_Round 1_3_1,red,Sentinels,Lee Sin + Nautilus + Jhin + Ryze + Ornn,Ornn + Lee Sin + Ryze + Jhin + Nautilus,False,5
LCS/2026 Season/Spring Playoffs_Round 1_3_2,blue,FlyQuest,Orianna + Ashe + Seraphine + Naafiri + Sion,Jayce + Shen + Cassiopeia + Lucian + Milio,True,5
LCS/2026 Season/Spring Playoffs_Round 1_3_2,red,Sentinels,Cassiopeia + Lucian + Milio + Jayce + Shen,Sion + Naafiri + Orianna + Ashe + Seraphine,True,5
LCS/2026 Season/Spring Playoffs_Round 1_3_3,blue,FlyQuest,Jarvan IV + Renekton + Viktor + Miss Fortune + Bard,K'Sante + Shyvana + Aurora + Yunara + Lulu,True,5
LCS/2026 Season/Spring Playoffs_Round 1_3_3,red,Sentinels,Lulu + Shyvana + Yunara + Aurora + K'Sante,Renekton + Jarvan IV + Viktor + Miss Fortune + Bard,True,5
LCK/2026 Season/Rounds 1-2_Week 9_9_1,blue,Hanwha Life Esports,Orianna + Lee Sin + Nautilus + Ziggs + Jayce,K'Sante + Vi + Viktor + Caitlyn + Bard,True,5
LCK/2026 Season/Rounds 1-2_Week 9_9_1,red,HANJIN BRION,Bard + Caitlyn + Vi + Viktor + K'Sante,Jayce + Lee Sin + Orianna + Ziggs + Nautilus,True,5
LCK/2026 Season/Rounds 1-2_Week 9_9_2,blue,Hanwha Life Esports,Jarvan IV + Ezreal + Neeko + Twisted Fate + Taliyah,Gnar + Pantheon + Ryze + Ashe + Seraphine,True,5
LCK/2026 Season/Rounds 1-2_Week 9_9_2,red,HANJIN BRION,Ryze + Ashe + Seraphine + Gnar + Pantheon,Twisted Fate + Jarvan IV + Taliyah + Ezreal + Neeko,True,5
LCP/2026 Season/Split 2 Playoffs_Round 3_1_1,blue,Deep Cross Gaming,Jarvan IV + Rumble + Anivia + Karma + Yunara,Rumble + Jarvan IV + Anivia + Yunara + Karma,False,5
LCP/2026 Season/Split 2 Playoffs_Round 3_1_1,red,Team Secret Whales,Ryze + Xin Zhao + Ornn + Jhin + Skarner,Ornn + Xin Zhao + Ryze + Jhin + Skarner,False,5
LPL/2026 Season/Split 2 Playoffs_Round 2_1_1,blue,Top Esports,Rumble + Vi + Ahri + Xayah + Rakan,Ambessa + Lee Sin + Ryze + Lucian + Milio,True,5
LPL/2026 Season/Split 2 Playoffs_Round 2_1_1,red,JD Gaming,Ryze + Lee Sin + Ambessa + Lucian + Milio,Rumble + Vi + Ahri + Xayah + Rakan,True,5
LCP/2026 Season/Split 2 Playoffs_Round 3_1_2,blue,Team Secret Whales,Ezreal + Neeko + Naafiri + Lissandra + Sion,Sion + Naafiri + Lissandra + Ezreal + Neeko,False,5
LCP/2026 Season/Split 2 Playoffs_Round 3_1_2,red,Deep Cross Gaming,Vi + Kai'Sa + Ahri + Camille + Zaahen,Zaahen + Vi + Ahri + Kai'Sa + Camille,False,5
Nexus League/2026 Season/Spring Playoffs_Round 1_2_1,blue,Project Conquerors,Varus + Nautilus + Wukong + Hwei + Renekton,Renekton + Wukong + Hwei + Varus + Nautilus,False,5
Nexus League/2026 Season/Spring Playoffs_Round 1_2_1,red,Lille Esport,Pantheon + Jhin + Rell + Cassiopeia + Malphite,Malphite + Pantheon + Cassiopeia + Jhin + Rell,False,5
Hitpoint Masters/2026 Season/Spring Playoffs_Round 2_1_1,blue,eSuba,Mordekaiser + Zyra + Yasuo + Ezreal + Rell,Mordekaiser + Zyra + Yasuo + Ezreal + Rell,False,5
Hitpoint Masters/2026 Season/Spring Playoffs_Round 2_1_1,red,Meavedron,Shen + Wukong + Ahri + Caitlyn + Nautilus,Shen + Wukong + Ahri + Caitlyn + Nautilus,False,5
LPL/2026 Season/Split 2 Playoffs_Round 2_1_2,blue,JD Gaming,Ashe + Seraphine + Akali + Sion + Wukong,Zaahen + Jarvan IV + Annie + Mel + Nautilus,True,5
LPL/2026 Season/Split 2 Playoffs_Round 2_1_2,red,Top Esports,Jarvan IV + Annie + Nautilus + Mel + Zaahen,Sion + Wukong + Akali + Ashe + Seraphine,True,5
LCK/2026 Season/Rounds 1-2_Week 9_10_1,blue,Nongshim RedForce,Karma + Jarvan IV + Jhin + K'Sante + Viktor,Rumble + Naafiri + Ryze + Ezreal + Bard,True,5
LCK/2026 Season/Rounds 1-2_Week 9_10_1,red,Dplus Kia,Ezreal + Ryze + Bard + Rumble + Naafiri,K'Sante + Jarvan IV + Viktor + Jhin + Karma,True,5
LCP/2026 Season/Split 2 Playoffs_Round 3_1_3,blue,Team Secret Whales,Lee Sin + Nautilus + Annie + Senna + Gnar,Gnar + Lee Sin + Annie + Senna + Nautilus,False,5
LCP/2026 Season/Split 2 Playoffs_Round 3_1_3,red,Deep Cross Gaming,Rek'Sai + Orianna + Rell + Miss Fortune + Jayce,Jayce + Rek'Sai + Orianna + Miss Fortune + Rell,False,5
Hitpoint Masters/2026 Season/Spring Playoffs_Round 2_1_2,blue,eSuba,Karma + Xin Zhao + Jhin + K'Sante + Aurora,K'Sante + Xin Zhao + Aurora + Jhin + Karma,False,5
Hitpoint Masters/2026 Season/Spring Playoffs_Round 2_1_2,red,Meavedron,Seraphine + Ashe + Skarner + Syndra + Zaahen,Zaahen + Skarner + Syndra + Ashe + Seraphine,False,5
Nexus League/2026 Season/Spring Playoffs_Round 1_2_2,blue,Project Conquerors,Caitlyn + Trundle + Lux + Taliyah + Gnar,Gnar + Trundle + Taliyah + Caitlyn + Lux,False,5
Nexus League/2026 Season/Spring Playoffs_Round 1_2_2,red,Lille Esport,Ashe + Xin Zhao + Milio + Ryze + Camille,Camille + Xin Zhao + Ryze + Ashe + Milio,False,5
LCK/2026 Season/Rounds 1-2_Week 9_10_2,blue,Dplus Kia,Cassiopeia + Pantheon + Jayce + Corki + Nami,Sion + Skarner + Anivia + Lucian + Milio,True,5
LCK/2026 Season/Rounds 1-2_Week 9_10_2,red,Nongshim RedForce,Lucian + Anivia + Milio + Skarner + Sion,Jayce + Pantheon + Cassiopeia + Corki + Nami,True,5
LPL/2026 Season/Split 2 Playoffs_Round 2_1_3,blue,Top Esports,Karma + Sivir + Jayce + Aurora + Skarner,Jayce + Skarner + Aurora + Sivir + Karma,False,5
LPL/2026 Season/Split 2 Playoffs_Round 2_1_3,red,JD Gaming,Ezreal + Nocturne + Neeko + Viktor + Tryndamere,Tryndamere + Nocturne + Viktor + Ezreal + Neeko,False,5
Hitpoint Masters/2026 Season/Spring Playoffs_Round 2_1_3,blue,eSuba,Varus + Rengar + Leona + Mel + Quinn,Varus + Rengar + Quinn + Mel + Leona,False,5
Hitpoint Masters/2026 Season/Spring Playoffs_Round 2_1_3,red,Meavedron,Viego + Miss Fortune + Alistar + Sylas + Hwei,Sylas + Viego + Hwei + Miss Fortune + Alistar,False,5
LCP/2026 Season/Split 2 Playoffs_Round 3_1_4,blue,Team Secret Whales,Bard + Jinx + Pantheon + Renekton + Mel,Volibear + Olaf + Aurora + Caitlyn + Elise,True,5
LCP/2026 Season/Split 2 Playoffs_Round 3_1_4,red,Deep Cross Gaming,Caitlyn + Elise + Aurora + Olaf + Volibear,Renekton + Pantheon + Mel + Jinx + Bard,True,5
Nexus League/2026 Season/Spring Playoffs_Round 1_2_3,blue,Lille Esport,Orianna + Karma + Sivir + Sylas + K'Sante,K'Sante + Sylas + Orianna + Sivir + Karma,False,5
Nexus League/2026 Season/Spring Playoffs_Round 1_2_3,red,Project Conquerors,Seraphine + Nocturne + Viktor + Alistar + Vayne,Vayne + Nocturne + Viktor + Seraphine + Alistar,False,5
LPL/2026 Season/Split 2 Playoffs_Round 2_1_4,blue,JD Gaming,Cassiopeia + Maokai + Caitlyn + Renekton + Morgana,Renekton + Maokai + Cassiopeia + Caitlyn + Morgana,False,5
LPL/2026 Season/Split 2 Playoffs_Round 2_1_4,red,Top Esports,Trundle + Hwei + Ziggs + Alistar + Gnar,Gnar + Trundle + Hwei + Ziggs + Alistar,False,5
LCP/2026 Season/Split 2 Playoffs_Round 3_1_5,blue,Team Secret Whales,Twisted Fate + Trundle + Jax + Lulu + Tristana,Gragas + Qiyana + Vex + Xayah + Rakan,True,5
LCP/2026 Season/Split 2 Playoffs_Round 3_1_5,red,Deep Cross Gaming,Xayah + Rakan + Gragas + Qiyana + Vex,Jax + Trundle + Twisted Fate + Tristana + Lulu,True,5
LEC/2026 Season/Spring Playoffs_Round 1_4_1,blue,Team Vitality,Caitlyn + Bard + Cassiopeia + Rumble + Aatrox,Rumble + Aatrox + Cassiopeia + Caitlyn + Bard,False,5
LEC/2026 Season/Spring Playoffs_Round 1_4_1,red,GIANTX,Ashe + Seraphine + Xin Zhao + Viktor + K'Sante,K'Sante + Xin Zhao + Viktor + Ashe + Seraphine,False,5
Rift Legends/2026 Season/Spring Playoffs_Finals_1_1,blue,Forsaken (Polish Team),Cassiopeia + Wukong + Rumble + Ashe + Seraphine,Rumble + Wukong + Cassiopeia + Ashe + Seraphine,False,5
Rift Legends/2026 Season/Spring Playoffs_Finals_1_1,red,Bomba Team,Ezreal + Jarvan IV + Aurora + Brand + Rell,Brand + Jarvan IV + Aurora + Ezreal + Rell,False,5
LEC/2026 Season/Spring Playoffs_Round 1_4_2,blue,Team Vitality,Ezreal + Karma + Vi + Taliyah + Jax,Renekton + Jarvan IV + Annie + Varus + Nautilus,True,5
LEC/2026 Season/Spring Playoffs_Round 1_4_2,red,GIANTX,Varus + Jarvan IV + Nautilus + Annie + Renekton,Jax + Vi + Taliyah + Ezreal + Karma,True,5
Rift Legends/2026 Season/Spring Playoffs_Finals_1_2,blue,Forsaken (Polish Team),Xin Zhao + Yunara + Lulu + Sylas + K'Sante,K'Sante + Xin Zhao + Sylas + Yunara + Lulu,False,5
Rift Legends/2026 Season/Spring Playoffs_Finals_1_2,red,Bomba Team,Caitlyn + Nocturne + Neeko + Ahri + Olaf,Olaf + Nocturne + Ahri + Caitlyn + Neeko,False,5
CBLOL/2026 Season/Split 1 Playoffs_Round 4_2_1,blue,LØS,Bard + Ezreal + Sion + Vi + Ahri,Aatrox + Nocturne + Ryze + Sivir + Rakan,True,5
CBLOL/2026 Season/Split 1 Playoffs_Round 4_2_1,red,RED Canids,Ryze + Nocturne + Sivir + Aatrox + Rakan,Sion + Vi + Ahri + Ezreal + Bard,True,5
CBLOL/2026 Season/Split 1 Playoffs_Round 4_2_2,blue,LØS,Rumble + Pantheon + Alistar + Senna + Aurora,Rumble + Pantheon + Aurora + Senna + Alistar,False,5
CBLOL/2026 Season/Split 1 Playoffs_Round 4_2_2,red,RED Canids,Yorick + Lee Sin + Annie + Lucian + Milio,Yorick + Lee Sin + Annie + Lucian + Milio,False,5
Rift Legends/2026 Season/Spring Playoffs_Finals_1_3,blue,Bomba Team,Ryze + Lucian + Milio + Skarner + Gnar,Gnar + Skarner + Ryze + Lucian + Milio,False,5
Rift Legends/2026 Season/Spring Playoffs_Finals_1_3,red,Forsaken (Polish Team),Corki + Nami + Viktor + Aatrox + Varus,Varus + Aatrox + Viktor + Corki + Nami,False,5
LEC/2026 Season/Spring Playoffs_Round 1_4_3,blue,Team Vitality,Lucian + Nami + Skarner + Olaf + Anivia,Akali + Wukong + Twisted Fate + Xayah + Rakan,True,5
LEC/2026 Season/Spring Playoffs_Round 1_4_3,red,GIANTX,Rakan + Wukong + Xayah + Twisted Fate + Akali,Olaf + Skarner + Anivia + Lucian + Nami,True,5
CBLOL/2026 Season/Split 1 Playoffs_Round 4_2_3,blue,LØS,Naafiri + Neeko + Corki + Renekton + Viktor,Renekton + Naafiri + Viktor + Corki + Neeko,False,5
CBLOL/2026 Season/Split 1 Playoffs_Round 4_2_3,red,RED Canids,Twisted Fate + Trundle + Rell + Mel + Gnar,Gnar + Trundle + Twisted Fate + Mel + Rell,False,5
Rift Legends/2026 Season/Spring Playoffs_Finals_1_4,blue,Bomba Team,Pantheon + Bard + Jayce + Syndra + Smolder,Jayce + Pantheon + Syndra + Smolder + Bard,False,5
Rift Legends/2026 Season/Spring Playoffs_Finals_1_4,red,Forsaken (Polish Team),Trundle + Jhin + Malphite + Rakan + LeBlanc,Malphite + Trundle + LeBlanc + Jhin + Rakan,False,5
LCS/2026 Season/Spring Playoffs_Round 1_4_1,blue,Shopify Rebellion,Orianna + Naafiri + Ornn + Xayah + Rakan,Rumble + Wukong + Galio + Lucian + Milio,True,5
LCS/2026 Season/Spring Playoffs_Round 1_4_1,red,Team Liquid,Rumble + Galio + Wukong + Lucian + Milio,Ornn + Naafiri + Orianna + Xayah + Rakan,True,5
LCS/2026 Season/Spring Playoffs_Round 1_4_2,blue,Team Liquid,Ezreal + Neeko + Anivia + Kha'Zix + Renekton,Shen + Nocturne + Ryze + Caitlyn + Bard,True,5
LCS/2026 Season/Spring Playoffs_Round 1_4_2,red,Shopify Rebellion,Ryze + Bard + Caitlyn + Nocturne + Shen,Renekton + Kha'Zix + Anivia + Ezreal + Neeko,True,5
LCS/2026 Season/Spring Playoffs_Round 1_4_3,blue,Team Liquid,Xin Zhao + Pyke + Mel + Sejuani + Sion,Zaahen + Pantheon + Akali + Ashe + Seraphine,True,5
LCS/2026 Season/Spring Playoffs_Round 1_4_3,red,Shopify Rebellion,Seraphine + Ashe + Pantheon + Akali + Zaahen,Sion + Sejuani + Xin Zhao + Mel + Pyke,True,5
PCS/2026 Season/Spring Season_Playoffs Round 4_1_1,blue,CTBC Flying Oyster Academy,Cassiopeia + Vi + Ambessa + Smolder + Alistar,Ambessa + Vi + Cassiopeia + Smolder + Alistar,False,5
PCS/2026 Season/Spring Season_Playoffs Round 4_1_1,red,Frank Esports,Jarvan IV + Anivia + K'Sante + Senna + Poppy,K'Sante + Jarvan IV + Anivia + Senna + Poppy,False,5
LPL/2026 Season/Split 2 Playoffs_Round 2_2_1,blue,Anyone's Legend,Orianna + Lucian + Milio + Jayce + Wukong,Vayne + Vi + Ryze + Ashe + Seraphine,True,5
LPL/2026 Season/Split 2 Playoffs_Round 2_2_1,red,Team WE,Ashe + Seraphine + Vi + Ryze + Vayne,Jayce + Wukong + Orianna + Lucian + Milio,True,5
PCS/2026 Season/Spring Season_Playoffs Round 4_1_2,blue,CTBC Flying Oyster Academy,Karma + Azir + Jayce + Yunara + Maokai,Jayce + Maokai + Azir + Yunara + Karma,False,5
PCS/2026 Season/Spring Season_Playoffs Round 4_1_2,red,Frank Esports,Ezreal + Ryze + Bard + Lee Sin + Sion,Sion + Lee Sin + Ryze + Ezreal + Bard,False,5
LPL/2026 Season/Split 2 Playoffs_Round 2_2_2,blue,Team WE,Ezreal + Naafiri + Sion + Neeko + Ahri,Sion + Naafiri + Ahri + Ezreal + Neeko,False,5
LPL/2026 Season/Split 2 Playoffs_Round 2_2_2,red,Anyone's Legend,Cassiopeia + Nami + Corki + Rek'Sai + Trundle,Rek'Sai + Trundle + Cassiopeia + Corki + Nami,False,5
PCS/2026 Season/Spring Season_Playoffs Round 4_1_3,blue,CTBC Flying Oyster Academy,Lucian + Gnar + Nami + Sejuani + Hwei,Gnar + Sejuani + Hwei + Lucian + Nami,False,5
PCS/2026 Season/Spring Season_Playoffs Round 4_1_3,red,Frank Esports,Xayah + Rakan + Camille + Wukong + Galio,Camille + Wukong + Galio + Xayah + Rakan,False,5
LPL/2026 Season/Split 2 Playoffs_Round 2_2_3,blue,Anyone's Legend,Rumble + Twisted Fate + Lee Sin + Kai'Sa + Galio,Twisted Fate + Lee Sin + Galio + Kai'Sa + Rumble,False,5
LPL/2026 Season/Split 2 Playoffs_Round 2_2_3,red,Team WE,Annie + K'Sante + Bard + Sivir + Xin Zhao,K'Sante + Xin Zhao + Annie + Sivir + Bard,False,5
PCS/2026 Season/Spring Season_Playoffs Round 3_1_1,blue,SillySilly Gaming,Cassiopeia + Vi + Rumble + Miss Fortune + Nautilus,Rumble + Vi + Cassiopeia + Miss Fortune + Nautilus,False,5
PCS/2026 Season/Spring Season_Playoffs Round 3_1_1,red,Shadow Keepers Esports,Lucian + Viktor + Milio + Kindred + Ornn,Ornn + Kindred + Viktor + Lucian + Milio,False,5
PCS/2026 Season/Spring Season_Playoffs Round 3_1_2,blue,SillySilly Gaming,Jarvan IV + Renekton + Orianna + Ashe + Seraphine,Renekton + Jarvan IV + Orianna + Ashe + Seraphine,False,5
PCS/2026 Season/Spring Season_Playoffs Round 3_1_2,red,Shadow Keepers Esports,Ryze + Lee Sin + Gnar + Corki + Nami,Gnar + Lee Sin + Ryze + Corki + Nami,False,5
PCS/2026 Season/Spring Season_Playoffs Round 3_1_3,blue,SillySilly Gaming,Ezreal + Wukong + Ahri + Olaf + Alistar,Olaf + Wukong + Ahri + Ezreal + Alistar,False,5
PCS/2026 Season/Spring Season_Playoffs Round 3_1_3,red,Shadow Keepers Esports,Tristana + Naafiri + Twisted Fate + Leona + Camille,Camille + Naafiri + Twisted Fate + Tristana + Leona,False,5
LEC/2026 Season/Spring Playoffs_Round 2_1_1,blue,Karmine Corp,Jarvan IV + Mel + Shen + Olaf + Azir,Gnar + Vi + Ryze + Ashe + Seraphine,True,5
LEC/2026 Season/Spring Playoffs_Round 2_1_1,red,GIANTX,Ashe + Seraphine + Ryze + Gnar + Vi,Olaf + Jarvan IV + Azir + Mel + Shen,True,5
LEC/2026 Season/Spring Playoffs_Round 2_1_2,blue,Karmine Corp,Rumble + Sivir + Lulu + Taliyah + Pantheon,Rumble + Pantheon + Taliyah + Sivir + Lulu,False,5
LEC/2026 Season/Spring Playoffs_Round 2_1_2,red,GIANTX,Ezreal + Karma + Xin Zhao + K'Sante + Ahri,K'Sante + Xin Zhao + Ahri + Ezreal + Karma,False,5
NLC/2026 Season/Spring Playoffs_Round 2_1_1,blue,Arctic Pandas,Rumble + Nautilus + Wukong + Senna + Yone,Rumble + Wukong + Yone + Senna + Nautilus,False,5
NLC/2026 Season/Spring Playoffs_Round 2_1_1,red,Ruddy Corporation,Jarvan IV + Seraphine + Ezreal + Ornn + Syndra,Ornn + Jarvan IV + Syndra + Ezreal + Seraphine,False,5
LEC/2026 Season/Spring Playoffs_Round 2_1_3,blue,Karmine Corp,Lucian + Nami + Anivia + Sion + Lee Sin,Sion + Lee Sin + Anivia + Lucian + Nami,False,5
LEC/2026 Season/Spring Playoffs_Round 2_1_3,red,GIANTX,Milio + Cassiopeia + Aphelios + Sejuani + Kled,Kled + Sejuani + Cassiopeia + Aphelios + Milio,False,5
NLC/2026 Season/Spring Playoffs_Round 2_1_2,blue,Ruddy Corporation,Karma + Xin Zhao + Ashe + Ahri + Gragas,Gragas + Xin Zhao + Ahri + Ashe + Karma,False,5
NLC/2026 Season/Spring Playoffs_Round 2_1_2,red,Arctic Pandas,Lucian + Milio + Cassiopeia + Vi + Gnar,Gnar + Vi + Cassiopeia + Lucian + Milio,False,5
NLC/2026 Season/Spring Playoffs_Round 2_2_1,blue,Deer Gaming,Lucian + Jarvan IV + Milio + Sion + Sylas,Sion + Jarvan IV + Sylas + Lucian + Milio,False,5
NLC/2026 Season/Spring Playoffs_Round 2_2_1,red,Verdant,Ashe + Seraphine + Naafiri + Ahri + Zaahen,Zaahen + Naafiri + Ahri + Ashe + Seraphine,False,5
NLC/2026 Season/Spring Playoffs_Round 2_2_2,blue,Verdant,Karma + Ezreal + Skarner + Gangplank + Akali,Gangplank + Skarner + Akali + Ezreal + Karma,False,5
NLC/2026 Season/Spring Playoffs_Round 2_2_2,red,Deer Gaming,Anivia + Pantheon + Nautilus + Zeri + Aatrox,Aatrox + Pantheon + Anivia + Zeri + Nautilus,False,5
Circuito Desafiante/2026 Season/Split 1 Playoffs_Finals_1_1,blue,KaBuM! Ilha das Lendas,Nocturne + Lucian + Yuumi + Anivia + Sion,Sion + Nocturne + Anivia + Lucian + Yuumi,False,5
Circuito Desafiante/2026 Season/Split 1 Playoffs_Finals_1_1,red,Vivo Keyd Stars Academy,Milio + Cassiopeia + Tristana + Pantheon + Aatrox,Aatrox + Pantheon + Cassiopeia + Tristana + Milio,False,5
Circuito Desafiante/2026 Season/Split 1 Playoffs_Finals_1_2,blue,KaBuM! Ilha das Lendas,Bard + Jhin + Ryze + Wukong + Galio,Galio + Wukong + Ryze + Jhin + Bard,False,5
Circuito Desafiante/2026 Season/Split 1 Playoffs_Finals_1_2,red,Vivo Keyd Stars Academy,Rumble + Ashe + Seraphine + Ahri + Xin Zhao,Rumble + Xin Zhao + Ahri + Ashe + Seraphine,False,5
Circuito Desafiante/2026 Season/Split 1 Playoffs_Finals_1_3,blue,KaBuM! Ilha das Lendas,Aurora + Lee Sin + Corki + Gnar + Leona,Jax + Jarvan IV + Viktor + Yunara + Lulu,True,5
Circuito Desafiante/2026 Season/Split 1 Playoffs_Finals_1_3,red,Vivo Keyd Stars Academy,Yunara + Jarvan IV + Lulu + Viktor + Jax,Gnar + Lee Sin + Aurora + Corki + Leona,True,5
Circuito Desafiante/2026 Season/Split 1 Playoffs_Finals_1_4,blue,KaBuM! Ilha das Lendas,Orianna + Xayah + Rakan + Renekton + Vi,Renekton + Vi + Orianna + Xayah + Rakan,False,5
Circuito Desafiante/2026 Season/Split 1 Playoffs_Finals_1_4,red,Vivo Keyd Stars Academy,Annie + Naafiri + Nautilus + Ziggs + K'Sante,K'Sante + Naafiri + Annie + Ziggs + Nautilus,False,5
Liga Regional Norte/2026 Season/Split 1 Playoffs_Round 3_2_1,blue,G3V E-sports,Vi + K'Sante + Cassiopeia + Kai'Sa + Alistar,Rumble + Nasus + Viktor + Xayah + Nautilus,True,5
Liga Regional Norte/2026 Season/Split 1 Playoffs_Round 3_2_1,red,SDM Tigres,Rumble + Nautilus + Viktor + Nasus + Xayah,K'Sante + Vi + Cassiopeia + Kai'Sa + Alistar,True,5
Circuito Desafiante/2026 Season/Split 1 Playoffs_Finals_1_5,blue,KaBuM! Ilha das Lendas,Varus + Qiyana + Alistar + Jinx + Taliyah,Yorick + Trundle + Twisted Fate + Sivir + Zilean,True,5
Circuito Desafiante/2026 Season/Split 1 Playoffs_Finals_1_5,red,Vivo Keyd Stars Academy,Twisted Fate + Trundle + Sivir + Zilean + Yorick,Varus + Qiyana + Taliyah + Jinx + Alistar,True,5
Liga Regional Norte/2026 Season/Split 1 Playoffs_Round 3_2_2,blue,G3V E-sports,Lucian + Jarvan IV + Milio + Ryze + Jayce,Renekton + Pantheon + Azir + Jhin + Karma,True,5
Liga Regional Norte/2026 Season/Split 1 Playoffs_Round 3_2_2,red,SDM Tigres,Pantheon + Karma + Renekton + Jhin + Azir,Jayce + Jarvan IV + Ryze + Lucian + Milio,True,5
Liga Regional Norte/2026 Season/Split 1 Playoffs_Round 3_2_3,blue,G3V E-sports,Ezreal + Xin Zhao + Bard + Ahri + Ambessa,Ambessa + Xin Zhao + Ahri + Ezreal + Bard,False,5
Liga Regional Norte/2026 Season/Split 1 Playoffs_Round 3_2_3,red,SDM Tigres,Wukong + Rakan + Sivir + Annie + Gnar,Gnar + Wukong + Annie + Sivir + Rakan,False,5
Liga Regional Norte/2026 Season/Split 1 Playoffs_Round 3_2_4,blue,SDM Tigres,Varus + Lee Sin + Anivia + Braum + Aphelios,Varus + Lee Sin + Anivia + Aphelios + Braum,False,5
Liga Regional Norte/2026 Season/Split 1 Playoffs_Round 3_2_4,red,G3V E-sports,Caitlyn + Trundle + Rell + Taliyah + Yasuo,Yasuo + Trundle + Taliyah + Caitlyn + Rell,False,5
Liga Regional Norte/2026 Season/Split 1 Playoffs_Round 3_2_5,blue,SDM Tigres,Yorick + Jinx + Thresh + Mel + Sejuani,Yorick + Sejuani + Mel + Jinx + Thresh,False,5
Liga Regional Norte/2026 Season/Split 1 Playoffs_Round 3_2_5,red,G3V E-sports,Yunara + Neeko + Smolder + Maokai + LeBlanc,Smolder + Maokai + LeBlanc + Yunara + Neeko,False,5
PCS/2026 Season/Spring Season_Playoffs Round 4_2_1,blue,SillySilly Gaming,K'Sante + Ryze + Lee Sin + Ashe + Seraphine,K'Sante + Lee Sin + Ryze + Ashe + Seraphine,False,5
PCS/2026 Season/Spring Season_Playoffs Round 4_2_1,red,Frank Esports,Fiora + Varus + Anivia + Skarner + Bard,Fiora + Skarner + Anivia + Varus + Bard,False,5
LPL/2026 Season/Split 2 Playoffs_Round 1_5_1,blue,ThunderTalk Gaming,Rumble + Trundle + Ryze + Xayah + Rakan,Rumble + Trundle + Ryze + Xayah + Rakan,False,5
LPL/2026 Season/Split 2 Playoffs_Round 1_5_1,red,LGD Gaming,Vi + Sion + Anivia + Corki + Nami,Sion + Vi + Anivia + Corki + Nami,False,5
PCS/2026 Season/Spring Season_Playoffs Round 4_2_2,blue,Frank Esports,Jarvan IV + Lucian + Milio + Vladimir + Aurora,Vladimir + Jarvan IV + Aurora + Lucian + Milio,False,5
PCS/2026 Season/Spring Season_Playoffs Round 4_2_2,red,SillySilly Gaming,Jax + Ezreal + Vi + Nautilus + Akali,Jax + Vi + Akali + Ezreal + Nautilus,False,5
LPL/2026 Season/Split 2 Playoffs_Round 1_5_2,blue,ThunderTalk Gaming,Jayce + Cassiopeia + Wukong + Ziggs + Alistar,Jayce + Wukong + Cassiopeia + Ziggs + Alistar,False,5
LPL/2026 Season/Split 2 Playoffs_Round 1_5_2,red,LGD Gaming,Varus + Skarner + Yorick + LeBlanc + Neeko,Yorick + Skarner + LeBlanc + Varus + Neeko,False,5
PCS/2026 Season/Spring Season_Playoffs Round 4_2_3,blue,SillySilly Gaming,Nocturne + Cassiopeia + Gnar + Miss Fortune + Leona,Gnar + Nocturne + Cassiopeia + Miss Fortune + Leona,False,5
PCS/2026 Season/Spring Season_Playoffs Round 4_2_3,red,Frank Esports,Orianna + Jhin + Ambessa + Neeko + Xin Zhao,Ambessa + Xin Zhao + Orianna + Jhin + Neeko,False,5
LPL/2026 Season/Split 2 Playoffs_Round 1_5_3,blue,ThunderTalk Gaming,Annie + Lee Sin + Gnar + Nautilus + Senna,Gnar + Lee Sin + Annie + Senna + Nautilus,False,5
LPL/2026 Season/Split 2 Playoffs_Round 1_5_3,red,LGD Gaming,Lucian + Viktor + Milio + Xin Zhao + Olaf,Olaf + Xin Zhao + Viktor + Lucian + Milio,False,5
PCS/2026 Season/Spring Season_Playoffs Round 4_2_4,blue,Frank Esports,Annie + Ziggs + Trundle + Irelia + Amumu,Irelia + Trundle + Annie + Ziggs + Amumu,False,5
PCS/2026 Season/Spring Season_Playoffs Round 4_2_4,red,SillySilly Gaming,Caitlyn + Pantheon + Ahri + Lux + Shen,Shen + Pantheon + Ahri + Caitlyn + Lux,False,5
LPL/2026 Season/Split 2 Playoffs_Round 1_5_4,blue,ThunderTalk Gaming,Renekton + Yunara + Lulu + Maokai + Akali,Jax + Naafiri + Galio + Ezreal + Bard,True,5
LPL/2026 Season/Split 2 Playoffs_Round 1_5_4,red,LGD Gaming,Ezreal + Bard + Jax + Naafiri + Galio,Akali + Maokai + Renekton + Yunara + Lulu,True,5
LPL/2026 Season/Split 2 Playoffs_Round 1_5_5,blue,ThunderTalk Gaming,Caitlyn + Jarvan IV + Lux + K'Sante + Aurora,K'Sante + Jarvan IV + Aurora + Caitlyn + Lux,False,5
LPL/2026 Season/Split 2 Playoffs_Round 1_5_5,red,LGD Gaming,Jhin + Ambessa + Ahri + Blitzcrank + Poppy,Ambessa + Poppy + Ahri + Jhin + Blitzcrank,False,5
Hitpoint Masters/2026 Season/Spring Playoffs_Round 3_2_1,blue,Nightbirds,Cassiopeia + Jhin + Bard + Vi + K'Sante,K'Sante + Vi + Cassiopeia + Jhin + Bard,False,5
Hitpoint Masters/2026 Season/Spring Playoffs_Round 3_2_1,red,eSuba,Karma + Ezreal + LeBlanc + Jarvan IV + Gnar,Gnar + Jarvan IV + LeBlanc + Ezreal + Karma,False,5
Hitpoint Masters/2026 Season/Spring Playoffs_Round 3_2_2,blue,eSuba,Ashe + Zyra + Leona + Jayce + Yorick,Yorick + Zyra + Jayce + Ashe + Leona,False,5
Hitpoint Masters/2026 Season/Spring Playoffs_Round 3_2_2,red,Nightbirds,Wukong + Miss Fortune + Akali + Alistar + Yone,Yone + Wukong + Akali + Miss Fortune + Alistar,False,5
Hitpoint Masters/2026 Season/Spring Playoffs_Round 3_2_3,blue,eSuba,Varus + Skarner + Azir + Twitch + Lulu,Varus + Skarner + Azir + Twitch + Lulu,False,5
Hitpoint Masters/2026 Season/Spring Playoffs_Round 3_2_3,red,Nightbirds,Aurora + Nocturne + Neeko + Sivir + Yasuo,Yasuo + Nocturne + Aurora + Sivir + Neeko,False,5
Arabian League/2026 Season/Summer Promotion_Round 1_1_1,blue,NextGeneration Esports,Xin Zhao + Nautilus + Varus + Kennen + Ahri,Kennen + Xin Zhao + Ahri + Varus + Nautilus,False,5
Arabian League/2026 Season/Summer Promotion_Round 1_1_1,red,JSK Esports,Ashe + Seraphine + Skarner + Aatrox + Braum,Aatrox + Skarner + Seraphine + Ashe + Braum,False,5
Road Of Legends/2026 Season/Spring Playoffs_Round 3_2_1,blue,mCon esports,Ezreal + Jax + Bard + K'Sante + Syndra,K'Sante + Jax + Syndra + Ezreal + Bard,False,5
Road Of Legends/2026 Season/Spring Playoffs_Round 3_2_1,red,The Bandits,Yunara + Xin Zhao + Rakan + Annie + Kayle,Kayle + Xin Zhao + Annie + Yunara + Rakan,False,5
Road Of Legends/2026 Season/Spring Playoffs_Round 3_2_2,blue,The Bandits,Lucian + Wukong + Nami + Ornn + Ahri,Ornn + Wukong + Ahri + Lucian + Nami,False,5
Road Of Legends/2026 Season/Spring Playoffs_Round 3_2_2,red,mCon esports,Milio + Aurora + Ashe + Lee Sin + Yorick,Yorick + Lee Sin + Aurora + Ashe + Milio,False,5
Arabian League/2026 Season/Summer Promotion_Round 1_1_2,blue,JSK Esports,Nami + Brand + Pantheon + Akali + Sion,Sion + Pantheon + Akali + Brand + Nami,False,5
Arabian League/2026 Season/Summer Promotion_Round 1_1_2,red,NextGeneration Esports,Corki + Rell + Vi + Xerath + Gwen,Gwen + Vi + Xerath + Corki + Rell,False,5
Road Of Legends/2026 Season/Spring Playoffs_Round 3_2_3,blue,The Bandits,Viego + Sivir + Twisted Fate + Nautilus + Fiora,Fiora + Viego + Twisted Fate + Sivir + Nautilus,False,5
Road Of Legends/2026 Season/Spring Playoffs_Round 3_2_3,red,mCon esports,Varus + Ivern + Alistar + Ryze + Malphite,Malphite + Ivern + Ryze + Varus + Alistar,False,5
LPLOL/2026 Season/Spring Playoffs_Semifinals_1_1,blue,Crusaders,Orianna + Yunara + Lulu + Wukong + Gnar,Gnar + Wukong + Orianna + Yunara + Lulu,False,5
LPLOL/2026 Season/Spring Playoffs_Semifinals_1_1,red,Bubliki,Viktor + Nocturne + Nautilus + Ezreal + Malphite,Malphite + Nocturne + Viktor + Ezreal + Nautilus,False,5
Arabian League/2026 Season/Summer Promotion_Round 1_2_1,blue,GnG Amazigh,Xin Zhao + Ryze + Yunara + Neeko + K'Sante,K'Sante + Xin Zhao + Ryze + Yunara + Neeko,False,5
Arabian League/2026 Season/Summer Promotion_Round 1_2_1,red,Pyramid IV Esports,Zoe + Ezreal + Bard + Wukong + Poppy,Poppy + Wukong + Zoe + Ezreal + Bard,False,5
Road Of Legends/2026 Season/Spring Playoffs_Round 3_2_4,blue,mCon esports,Pantheon + Taliyah + Neeko + Kai'Sa + Ambessa,Ambessa + Pantheon + Taliyah + Kai'Sa + Neeko,False,5
Road Of Legends/2026 Season/Spring Playoffs_Round 3_2_4,red,The Bandits,Aatrox + Rell + Tristana + Viktor + Garen,Garen + Aatrox + Viktor + Tristana + Rell,False,5
Arabian League/2026 Season/Summer Promotion_Round 1_2_2,blue,GnG Amazigh,Ahri + Lucian + Milio + Naafiri + Zaahen,Zaahen + Naafiri + Ahri + Lucian + Milio,False,5
Arabian League/2026 Season/Summer Promotion_Round 1_2_2,red,Pyramid IV Esports,Aurora + Corki + Blitzcrank + Jarvan IV + Renekton,Renekton + Jarvan IV + Aurora + Corki + Blitzcrank,False,5
LPLOL/2026 Season/Spring Playoffs_Semifinals_1_2,blue,Crusaders,Xin Zhao + Ryze + Corki + Rell + Jayce,Jayce + Xin Zhao + Ryze + Corki + Rell,False,5
LPLOL/2026 Season/Spring Playoffs_Semifinals_1_2,red,Bubliki,Pantheon + Nami + Lucian + Anivia + Ornn,Ornn + Pantheon + Anivia + Lucian + Nami,False,5
Road Of Legends/2026 Season/Spring Playoffs_Round 3_2_5,blue,mCon esports,Sion + Kog'Maw + Lulu + Akali + Vi,Sion + Vi + Akali + Kog'Maw + Lulu,False,5
Road Of Legends/2026 Season/Spring Playoffs_Round 3_2_5,red,The Bandits,Dr. Mundo + Aphelios + Leona + Hwei + Shen,Dr. Mundo + Shen + Hwei + Aphelios + Leona,False,5
Circuito Desafiante/2026 Season/Split 2 Promotion_Round 1_1_1,blue,Team Solid (Brazilian Team),Ashe + Nautilus + Lee Sin + Syndra + K'Sante,Gnar + Jarvan IV + Cassiopeia + Ezreal + Seraphine,True,5
Circuito Desafiante/2026 Season/Split 2 Promotion_Round 1_1_1,red,Kuma eSports B,Jarvan IV + Seraphine + Ezreal + Cassiopeia + Gnar,K'Sante + Lee Sin + Syndra + Ashe + Nautilus,True,5
Liga Regional Sur/2026 Season/Split 1 Playoffs_Round 3_2_1,blue,Volticons,Ezreal + Karma + Cassiopeia + Pantheon + Cho'Gath,Sion + Naafiri + Anivia + Caitlyn + Neeko,True,5
Liga Regional Sur/2026 Season/Split 1 Playoffs_Round 3_2_1,red,9z Globant,Caitlyn + Neeko + Anivia + Sion + Naafiri,Cho'Gath + Pantheon + Cassiopeia + Ezreal + Karma,True,5
LPLOL/2026 Season/Spring Playoffs_Semifinals_1_3,blue,Bubliki,Varus + Vi + Twisted Fate + Lissandra + Renekton,Renekton + Vi + Twisted Fate + Varus + Lissandra,False,5
LPLOL/2026 Season/Spring Playoffs_Semifinals_1_3,red,Crusaders,Aurora + Lee Sin + Sivir + Rakan + Cassiopeia,Aurora + Lee Sin + Cassiopeia + Sivir + Rakan,False,5
Circuito Desafiante/2026 Season/Split 2 Promotion_Round 1_1_2,blue,Team Solid (Brazilian Team),Milio + Lucian + Rumble + Nasus + Viktor,Rumble + Nasus + Viktor + Lucian + Milio,False,5
Circuito Desafiante/2026 Season/Split 2 Promotion_Round 1_1_2,red,Kuma eSports B,Karma + Jhin + Ambessa + Aatrox + Ahri,Ambessa + Aatrox + Ahri + Jhin + Karma,False,5
Liga Regional Sur/2026 Season/Split 1 Playoffs_Round 3_2_2,blue,Volticons,Ryze + Vi + Rumble + Yunara + Lulu,Rumble + Vi + Ryze + Yunara + Lulu,False,5
Liga Regional Sur/2026 Season/Split 1 Playoffs_Round 3_2_2,red,9z Globant,Viktor + Lucian + Milio + Skarner + Yorick,Yorick + Skarner + Viktor + Lucian + Milio,False,5
LPLOL/2026 Season/Spring Playoffs_Semifinals_1_4,blue,Crusaders,Rumble + Aphelios + Milio + Viego + Annie,Rumble + Viego + Annie + Aphelios + Milio,False,5
LPLOL/2026 Season/Spring Playoffs_Semifinals_1_4,red,Bubliki,Galio + Ashe + Bard + Graves + Ziggs,Galio + Graves + Ziggs + Ashe + Bard,False,5
Circuito Desafiante/2026 Season/Split 2 Promotion_Round 1_2_1,blue,Barulhinhos,Milio + Lucian + Aurora + Xin Zhao + K'Sante,K'Sante + Xin Zhao + Aurora + Lucian + Milio,False,5
Circuito Desafiante/2026 Season/Split 2 Promotion_Round 1_2_1,red,Marere Invokers,Nocturne + Nautilus + Ezreal + Viktor + Gnar,Gnar + Nocturne + Viktor + Ezreal + Nautilus,False,5
Liga Regional Sur/2026 Season/Split 1 Playoffs_Round 3_2_3,blue,Volticons,Ashe + Bard + Aurora + Ornn + Aatrox,K'Sante + Wukong + Akali + Miss Fortune + Seraphine,True,5
Liga Regional Sur/2026 Season/Split 1 Playoffs_Round 3_2_3,red,9z Globant,Seraphine + Wukong + Akali + Miss Fortune + K'Sante,Ornn + Aatrox + Aurora + Ashe + Bard,True,5
Circuito Desafiante/2026 Season/Split 2 Promotion_Round 1_2_2,blue,Barulhinhos,Annie + Naafiri + Rakan + Sivir + Ambessa,Ambessa + Naafiri + Annie + Sivir + Rakan,False,5
Circuito Desafiante/2026 Season/Split 2 Promotion_Round 1_2_2,red,Marere Invokers,LeBlanc + Lee Sin + Seraphine + Rell + Vayne,Vayne + Lee Sin + LeBlanc + Seraphine + Rell,False,5
Liga Regional Sur/2026 Season/Split 1 Playoffs_Round 3_2_4,blue,Volticons,Jarvan IV + Gangplank + Ahri + Sivir + Braum,Renekton + Sejuani + Sylas + Zeri + Rell,True,5
Liga Regional Sur/2026 Season/Split 1 Playoffs_Round 3_2_4,red,9z Globant,Renekton + Sejuani + Sylas + Rell + Zeri,Gangplank + Jarvan IV + Ahri + Sivir + Braum,True,5
Circuito Desafiante/2026 Season/Split 2 Promotion_Round 1_2_3,blue,Barulhinhos,Wukong + Mel + Bard + Jhin + Renekton,Renekton + Wukong + Mel + Jhin + Bard,False,5
Circuito Desafiante/2026 Season/Split 2 Promotion_Round 1_2_3,red,Marere Invokers,Aatrox + Ahri + Pyke + Ziggs + Twisted Fate,Twisted Fate + Aatrox + Ahri + Ziggs + Pyke,False,5
LJL/2026 Season/Spring Series_Week 6_1_1,blue,Arneb,Bard + Cassiopeia + Ezreal + Sion + Jayce,Sion + Jayce + Cassiopeia + Ezreal + Bard,False,5
LJL/2026 Season/Spring Series_Week 6_1_1,red,DetonatioN FocusMe Academy,Xin Zhao + Ryze + Aphelios + Milio + Yone,Yone + Xin Zhao + Ryze + Aphelios + Milio,False,5
PCS/2026 Season/Spring Season_Finals_1_1,blue,CTBC Flying Oyster Academy,Jarvan IV + Jayce + Anivia + Ezreal + Nami,Jayce + Jarvan IV + Anivia + Ezreal + Nami,False,5
PCS/2026 Season/Spring Season_Finals_1_1,red,Frank Esports,Cassiopeia + Lucian + Milio + Xin Zhao + Camille,Camille + Xin Zhao + Cassiopeia + Lucian + Milio,False,5
LJL/2026 Season/Spring Series_Week 6_1_2,blue,DetonatioN FocusMe Academy,Jarvan IV + Xayah + Rakan + Sylas + Ambessa,Ambessa + Jarvan IV + Sylas + Xayah + Rakan,False,5
LJL/2026 Season/Spring Series_Week 6_1_2,red,Arneb,Nautilus + Naafiri + Jhin + Viktor + K'Sante,K'Sante + Naafiri + Viktor + Jhin + Nautilus,False,5
LPL/2026 Season/Split 2 Playoffs_Round 1_6_1,blue,Bilibili Gaming,Rumble + Ezreal + Bard + Poppy + Viktor,Rumble + Poppy + Viktor + Ezreal + Bard,False,5
LPL/2026 Season/Split 2 Playoffs_Round 1_6_1,red,EDward Gaming,Ashe + Seraphine + Ambessa + Lee Sin + Aurora,Ambessa + Lee Sin + Aurora + Ashe + Seraphine,False,5
PCS/2026 Season/Spring Season_Finals_1_2,blue,CTBC Flying Oyster Academy,Ryze + Ashe + Seraphine + Dr. Mundo + Twisted Fate,Twisted Fate + Dr. Mundo + Ryze + Ashe + Seraphine,False,5
PCS/2026 Season/Spring Season_Finals_1_2,red,Frank Esports,Annie + Lee Sin + K'Sante + Mel + Rell,K'Sante + Lee Sin + Annie + Mel + Rell,False,5
LPL/2026 Season/Split 2 Playoffs_Round 1_6_2,blue,Bilibili Gaming,Orianna + Xayah + Rakan + Pantheon + Yorick,Yorick + Pantheon + Orianna + Xayah + Rakan,False,5
LPL/2026 Season/Split 2 Playoffs_Round 1_6_2,red,EDward Gaming,Lucian + Milio + Trundle + Jayce + Zyra,Jayce + Trundle + Zyra + Lucian + Milio,False,5
LJL/2026 Season/Spring Series_Week 6_2_1,blue,New Meta,Varus + Rek'Sai + Cassiopeia + Neeko + Ambessa,Ambessa + Rek'Sai + Cassiopeia + Varus + Neeko,False,5
LJL/2026 Season/Spring Series_Week 6_2_1,red,Uwinks,Viktor + Caitlyn + Bard + Vi + Renekton,Renekton + Vi + Viktor + Caitlyn + Bard,False,5
PCS/2026 Season/Spring Season_Finals_1_3,blue,Frank Esports,Aurora + Senna + Nautilus + Skarner + Jax,Jax + Skarner + Aurora + Senna + Nautilus,False,5
PCS/2026 Season/Spring Season_Finals_1_3,red,CTBC Flying Oyster Academy,Yunara + Lulu + Viktor + Wukong + Sion,Sion + Wukong + Viktor + Yunara + Lulu,False,5
LPL/2026 Season/Split 2 Playoffs_Round 1_6_3,blue,Bilibili Gaming,Annie + Xin Zhao + Renekton + Yunara + Lulu,Sion + Wukong + Akali + Caitlyn + Neeko,True,5
LPL/2026 Season/Split 2 Playoffs_Round 1_6_3,red,EDward Gaming,Akali + Wukong + Sion + Neeko + Caitlyn,Renekton + Xin Zhao + Annie + Yunara + Lulu,True,5
LJL/2026 Season/Spring Series_Week 6_2_2,blue,New Meta,Ezreal + Xin Zhao + Akali + Tahm Kench + Zaahen,Zaahen + Xin Zhao + Akali + Ezreal + Tahm Kench,False,5
LJL/2026 Season/Spring Series_Week 6_2_2,red,Uwinks,Orianna + Nocturne + Kai'Sa + Leona + Gnar,Gnar + Nocturne + Orianna + Kai'Sa + Leona,False,5
PCS/2026 Season/Spring Season_Finals_1_4,blue,CTBC Flying Oyster Academy,Orianna + Varus + Karma + Pantheon + Yorick,Yorick + Pantheon + Orianna + Varus + Karma,False,5
PCS/2026 Season/Spring Season_Finals_1_4,red,Frank Esports,Caitlyn + Bard + Akali + Ambessa + Shen,Ambessa + Shen + Akali + Caitlyn + Bard,False,5
LJL/2026 Season/Spring Series_Week 6_2_3,blue,Uwinks,Pantheon + Yunara + Braum + Xerath + Gragas,Gragas + Pantheon + Xerath + Yunara + Braum,False,5
LJL/2026 Season/Spring Series_Week 6_2_3,red,New Meta,Shen + Hecarim + Senna + Anivia + Yone,Yone + Hecarim + Anivia + Senna + Shen,False,5
PCS/2026 Season/Spring Season_Finals_1_5,blue,CTBC Flying Oyster Academy,Vayne + Kai'Sa + Neeko + Lissandra + Aatrox,Vayne + Aatrox + Lissandra + Kai'Sa + Neeko,False,5
PCS/2026 Season/Spring Season_Finals_1_5,red,Frank Esports,Nocturne + Ahri + Kennen + Jhin + Pyke,Kennen + Nocturne + Ahri + Jhin + Pyke,False,5
Hitpoint 2nd Division Challengers/2026 Season/Spring Playoffs_Round 1_3_1,blue,Andromeda Gaming,Ryze + Vi + Sion + Kalista + Renata Glasc,Sion + Vi + Ryze + Kalista + Renata Glasc,False,5
Hitpoint 2nd Division Challengers/2026 Season/Spring Playoffs_Round 1_3_1,red,CITA Kaizen Academy,Syndra + Xin Zhao + Karma + Cho'Gath + Caitlyn,Cho'Gath + Xin Zhao + Syndra + Caitlyn + Karma,False,5
LES/2026 Season/Spring Playoffs_Semifinals_1_1,blue,Team Heretics Academy,Caitlyn + Bard + Anivia + Naafiri + Ahri,Anivia + Naafiri + Ahri + Caitlyn + Bard,False,5
LES/2026 Season/Spring Playoffs_Semifinals_1_1,red,Barça eSports,Varus + Lucian + Milio + Nocturne + Lissandra,Varus + Nocturne + Lissandra + Lucian + Milio,False,5
LES/2026 Season/Spring Playoffs_Semifinals_1_2,blue,Barça eSports,Annie + Lee Sin + Nautilus + Senna + Gnar,Gnar + Lee Sin + Annie + Senna + Nautilus,False,5
LES/2026 Season/Spring Playoffs_Semifinals_1_2,red,Team Heretics Academy,Viktor + Jarvan IV + Ezreal + Alistar + Vayne,Vayne + Jarvan IV + Viktor + Ezreal + Alistar,False,5
Arabian League/2026 Season/Summer Promotion_Round 1_3_1,blue,GnG Amazigh,Nocturne + Kai'Sa + Neeko + Ambessa + Sylas,Ambessa + Nocturne + Sylas + Kai'Sa + Neeko,False,5
Arabian League/2026 Season/Summer Promotion_Round 1_3_1,red,NextGeneration Esports,Jarvan IV + Ezreal + Kennen + Alistar + Ryze,Kennen + Jarvan IV + Ryze + Ezreal + Alistar,False,5
Hitpoint 2nd Division Challengers/2026 Season/Spring Playoffs_Round 1_3_2,blue,Andromeda Gaming,Aurora + Ashe + Seraphine + Jax + Naafiri,Jax + Naafiri + Aurora + Ashe + Seraphine,False,5
Hitpoint 2nd Division Challengers/2026 Season/Spring Playoffs_Round 1_3_2,red,CITA Kaizen Academy,Pantheon + Ahri + Nautilus + Jhin + Sylas,Pantheon + Sylas + Ahri + Jhin + Nautilus,False,5
LFL/2026 Season/Spring Playoffs_Finals_1_1,blue,Galions,Ryze + Yunara + Nautilus + Varus + Skarner,Varus + Skarner + Ryze + Yunara + Nautilus,False,5
LFL/2026 Season/Spring Playoffs_Finals_1_1,red,Solary,Lucian + Annie + Braum + Wukong + Naafiri,Naafiri + Wukong + Annie + Lucian + Braum,False,5
NLC/2026 Season/Spring Playoffs_Round 3_1_1,blue,Ruddy Corporation,Karma + Sivir + Wukong + Syndra + Sion,Sion + Wukong + Syndra + Sivir + Karma,False,5
NLC/2026 Season/Spring Playoffs_Round 3_1_1,red,Deer Gaming,Kai'Sa + Nautilus + Aurora + Lee Sin + Zaahen,Zaahen + Lee Sin + Aurora + Kai'Sa + Nautilus,False,5
LES/2026 Season/Spring Playoffs_Semifinals_1_3,blue,Barça eSports,Lulu + Yunara + Xin Zhao + K'Sante + Hwei,K'Sante + Xin Zhao + Hwei + Yunara + Lulu,False,5
LES/2026 Season/Spring Playoffs_Semifinals_1_3,red,Team Heretics Academy,Rumble + Pantheon + Azir + Corki + Nami,Rumble + Pantheon + Azir + Corki + Nami,False,5
LFL/2026 Season/Spring Playoffs_Finals_1_2,blue,Solary,Ashe + Vi + Milio + K'Sante + Taliyah,K'Sante + Vi + Taliyah + Ashe + Milio,False,5
LFL/2026 Season/Spring Playoffs_Finals_1_2,red,Galions,Xin Zhao + Seraphine + Ezreal + Aurora + Ambessa,Ambessa + Xin Zhao + Aurora + Ezreal + Seraphine,False,5
Hitpoint 2nd Division Challengers/2026 Season/Spring Playoffs_Round 1_3_3,blue,Andromeda Gaming,Darius + Wukong + Taliyah + Ezreal + Nami,Darius + Wukong + Taliyah + Ezreal + Nami,False,5
Hitpoint 2nd Division Challengers/2026 Season/Spring Playoffs_Round 1_3_3,red,CITA Kaizen Academy,Ornn + Jarvan IV + Azir + Varus + Soraka,Ornn + Jarvan IV + Azir + Varus + Soraka,False,5
Arabian League/2026 Season/Summer Promotion_Round 1_3_2,blue,NextGeneration Esports,Bard + Caitlyn + Wukong + Xerath + Ornn,Ornn + Wukong + Xerath + Caitlyn + Bard,False,5
Arabian League/2026 Season/Summer Promotion_Round 1_3_2,red,GnG Amazigh,Xin Zhao + Yunara + Lulu + Hwei + Kled,Kled + Xin Zhao + Hwei + Yunara + Lulu,False,5
Benelux Ascend Series/2026 Season/Spring Playoffs_Semifinals_2_1,blue,Mind Blue eSports,Karma + Ezreal + Jarvan IV + Rumble + Azir,Rumble + Jarvan IV + Azir + Ezreal + Karma,False,5
Benelux Ascend Series/2026 Season/Spring Playoffs_Semifinals_2_1,red,FUSE,Nautilus + Aphelios + Dr. Mundo + Mel + Sion,Sion + Dr. Mundo + Mel + Aphelios + Nautilus,False,5
NLC/2026 Season/Spring Playoffs_Round 3_1_2,blue,Ruddy Corporation,Ashe + Aatrox + Milio + Viktor + Kennen,Kennen + Aatrox + Viktor + Ashe + Milio,False,5
NLC/2026 Season/Spring Playoffs_Round 3_1_2,red,Deer Gaming,Seraphine + Varus + Ambessa + Pantheon + Galio,Ambessa + Pantheon + Galio + Varus + Seraphine,False,5
Hitpoint 2nd Division Challengers/2026 Season/Spring Playoffs_Round 1_3_4,blue,Andromeda Gaming,Mel + Thresh + Viego + Veigar + Malphite,Malphite + Viego + Mel + Veigar + Thresh,False,5
Hitpoint 2nd Division Challengers/2026 Season/Spring Playoffs_Round 1_3_4,red,CITA Kaizen Academy,Yunara + Lulu + Cassiopeia + Amumu + Mordekaiser,Mordekaiser + Amumu + Cassiopeia + Yunara + Lulu,False,5
LES/2026 Season/Spring Playoffs_Semifinals_1_4,blue,Team Heretics Academy,Orianna + Olaf + Jhin + Renekton + Rakan,Renekton + Olaf + Orianna + Jhin + Rakan,False,5
LES/2026 Season/Spring Playoffs_Semifinals_1_4,red,Barça eSports,Lux + Skarner + Leona + Kai'Sa + Jayce,Jayce + Skarner + Lux + Kai'Sa + Leona,False,5
LFL/2026 Season/Spring Playoffs_Finals_1_3,blue,Solary,Anivia + Jhin + Bard + Rek'Sai + Twisted Fate,Anivia + Rek'Sai + Twisted Fate + Jhin + Bard,False,5
LFL/2026 Season/Spring Playoffs_Finals_1_3,red,Galions,Caitlyn + Jarvan IV + Akali + Pyke + Irelia,Irelia + Jarvan IV + Akali + Caitlyn + Pyke,False,5
Benelux Ascend Series/2026 Season/Spring Playoffs_Semifinals_2_2,blue,FUSE,Pantheon + Bard + Jhin + Syndra + K'Sante,K'Sante + Pantheon + Syndra + Jhin + Bard,False,5
Benelux Ascend Series/2026 Season/Spring Playoffs_Semifinals_2_2,red,Mind Blue eSports,Viktor + Caitlyn + Pyke + Rek'Sai + Fiora,Fiora + Rek'Sai + Viktor + Caitlyn + Pyke,False,5
Arabian League/2026 Season/Summer Promotion_Round 1_3_3,blue,GnG Amazigh,Nautilus + Ziggs + Vi + Yone + Illaoi,Illaoi + Vi + Yone + Ziggs + Nautilus,False,5
Arabian League/2026 Season/Summer Promotion_Round 1_3_3,red,NextGeneration Esports,Leona + Senna + Sion + Skarner + Ahri,Sion + Skarner + Ahri + Senna + Leona,False,5
NLC/2026 Season/Spring Playoffs_Round 3_1_3,blue,Ruddy Corporation,Lulu + Jinx + Dr. Mundo + Ornn + Qiyana,Ornn + Dr. Mundo + Qiyana + Jinx + Lulu,False,5
NLC/2026 Season/Spring Playoffs_Round 3_1_3,red,Deer Gaming,Nocturne + Yunara + Anivia + Soraka + K'Sante,K'Sante + Nocturne + Anivia + Yunara + Soraka,False,5
LPLOL/2026 Season/Spring Playoffs_Finals_1_1,blue,Otter Side,Karma + Caitlyn + Ryze + Nocturne + Sion,Sion + Nocturne + Ryze + Caitlyn + Karma,False,5
LPLOL/2026 Season/Spring Playoffs_Finals_1_1,red,Bubliki,Jarvan IV + Ezreal + Anivia + Bard + Gwen,Gwen + Jarvan IV + Anivia + Ezreal + Bard,False,5
Hitpoint 2nd Division Challengers/2026 Season/Spring Playoffs_Round 1_3_5,blue,Andromeda Gaming,Hecarim + Lucian + Milio + Anivia + Riven,Riven + Hecarim + Anivia + Lucian + Milio,False,5
Hitpoint 2nd Division Challengers/2026 Season/Spring Playoffs_Round 1_3_5,red,CITA Kaizen Academy,Viktor + Lee Sin + Zac + Bard + Miss Fortune,Zac + Lee Sin + Viktor + Miss Fortune + Bard,False,5
LFL/2026 Season/Spring Playoffs_Finals_1_4,blue,Galions,Pantheon + Gnar + Kog'Maw + Miss Fortune + Rell,Gnar + Pantheon + Kog'Maw + Miss Fortune + Rell,False,5
LFL/2026 Season/Spring Playoffs_Finals_1_4,red,Solary,Zaahen + Viktor + Jax + Aphelios + Lulu,Jax + Zaahen + Viktor + Aphelios + Lulu,False,5
Benelux Ascend Series/2026 Season/Spring Playoffs_Semifinals_2_3,blue,Mind Blue eSports,Ryze + Varus + Nocturne + Sivir + Rakan,Varus + Nocturne + Ryze + Sivir + Rakan,False,5
Benelux Ascend Series/2026 Season/Spring Playoffs_Semifinals_2_3,red,FUSE,Malzahar + Jinx + Diana + Tahm Kench + Jax,Jax + Diana + Malzahar + Jinx + Tahm Kench,False,5
Arabian League/2026 Season/Summer Promotion_Round 1_3_4,blue,GnG Amazigh,K'Sante + Blitzcrank + Miss Fortune + Rengar + Aurora,K'Sante + Rengar + Aurora + Miss Fortune + Blitzcrank,False,5
Arabian League/2026 Season/Summer Promotion_Round 1_3_4,red,NextGeneration Esports,Ashe + Seraphine + Poppy + Viego + Irelia,Poppy + Viego + Irelia + Ashe + Seraphine,False,5
NLC/2026 Season/Spring Playoffs_Round 3_1_4,blue,Deer Gaming,Vi + Pyke + Zeri + Lux + Rumble,Rumble + Vi + Lux + Zeri + Pyke,False,5
NLC/2026 Season/Spring Playoffs_Round 3_1_4,red,Ruddy Corporation,Senna + Tahm Kench + Vex + Rek'Sai + Gragas,Gragas + Rek'Sai + Vex + Senna + Tahm Kench,False,5
LPLOL/2026 Season/Spring Playoffs_Finals_1_2,blue,Bubliki,Pantheon + Lulu + Yunara + Malzahar + Ornn,Ornn + Pantheon + Malzahar + Yunara + Lulu,False,5
LPLOL/2026 Season/Spring Playoffs_Finals_1_2,red,Otter Side,Ashe + Skarner + Nautilus + Cassiopeia + Ambessa,Ambessa + Skarner + Cassiopeia + Ashe + Nautilus,False,5
Benelux Ascend Series/2026 Season/Spring Playoffs_Semifinals_2_4,blue,Mind Blue eSports,Wukong + Rell + Kai'Sa + Zoe + Aatrox,Aatrox + Wukong + Zoe + Kai'Sa + Rell,False,5
Benelux Ascend Series/2026 Season/Spring Playoffs_Semifinals_2_4,red,FUSE,Lee Sin + Aurora + Xayah + Braum + Gnar,Gnar + Lee Sin + Aurora + Xayah + Braum,False,5
NLC/2026 Season/Spring Playoffs_Round 3_1_5,blue,Ruddy Corporation,Jhin + Bard + Mel + Trundle + Renekton,Renekton + Trundle + Mel + Jhin + Bard,False,5
NLC/2026 Season/Spring Playoffs_Round 3_1_5,red,Deer Gaming,Xayah + Rakan + Xerath + Skarner + Cho'Gath,Cho'Gath + Skarner + Xerath + Xayah + Rakan,False,5
LPLOL/2026 Season/Spring Playoffs_Finals_1_3,blue,Bubliki,Varus + Wukong + Hwei + Alistar + Tristana,Varus + Wukong + Hwei + Tristana + Alistar,False,5
LPLOL/2026 Season/Spring Playoffs_Finals_1_3,red,Otter Side,Neeko + Viktor + Maokai + Jhin + Twisted Fate,Twisted Fate + Maokai + Viktor + Jhin + Neeko,False,5
Circuito Desafiante/2026 Season/Split 2 Promotion_Round 2_1_1,blue,Barulhinhos,Annie + Ashe + Seraphine + Lee Sin + Sion,Sion + Lee Sin + Annie + Ashe + Seraphine,False,5
Circuito Desafiante/2026 Season/Split 2 Promotion_Round 2_1_1,red,Team Solid (Brazilian Team),Milio + Lucian + Akali + Wukong + Gwen,Gwen + Wukong + Akali + Lucian + Milio,False,5
Circuito Desafiante/2026 Season/Split 2 Promotion_Round 2_1_2,blue,Team Solid (Brazilian Team),Jarvan IV + Bard + Sivir + Cassiopeia + K'Sante,K'Sante + Jarvan IV + Cassiopeia + Sivir + Bard,False,5
Circuito Desafiante/2026 Season/Split 2 Promotion_Round 2_1_2,red,Barulhinhos,Ezreal + Vi + Alistar + Azir + Garen,Garen + Vi + Azir + Ezreal + Alistar,False,5
Circuito Desafiante/2026 Season/Split 2 Promotion_Round 2_1_3,blue,Team Solid (Brazilian Team),Ryze + Nautilus + Trundle + Miss Fortune + Olaf,Gnar + Xin Zhao + Viktor + Corki + Karma,True,5
Circuito Desafiante/2026 Season/Split 2 Promotion_Round 2_1_3,red,Barulhinhos,Karma + Xin Zhao + Viktor + Corki + Gnar,Olaf + Trundle + Ryze + Miss Fortune + Nautilus,True,5
Circuito Desafiante/2026 Season/Split 2 Promotion_Round 2_1_4,blue,Team Solid (Brazilian Team),Caitlyn + Lux + Ahri + Renekton + Skarner,Renekton + Skarner + Ahri + Caitlyn + Lux,False,5
Circuito Desafiante/2026 Season/Split 2 Promotion_Round 2_1_4,red,Barulhinhos,Neeko + Jhin + Mel + Sejuani + Jax,Jax + Sejuani + Mel + Jhin + Neeko,False,5
LJL/2026 Season/Spring Series_Week 6_3_1,blue,RAYN Clocks,Viktor + Jarvan IV + Miss Fortune + Braum + Renekton,Renekton + Jarvan IV + Viktor + Miss Fortune + Braum,False,5
LJL/2026 Season/Spring Series_Week 6_3_1,red,L Guide Gaming,Varus + Lee Sin + Ryze + Rell + Gnar,Gnar + Lee Sin + Ryze + Varus + Rell,False,5
LJL/2026 Season/Spring Series_Week 6_3_2,blue,RAYN Clocks,Ezreal + Nocturne + Neeko + Gwen + K'Sante,Gwen + Nocturne + K'Sante + Ezreal + Neeko,False,5
LJL/2026 Season/Spring Series_Week 6_3_2,red,L Guide Gaming,Rumble + Kai'Sa + Nautilus + Wukong + Annie,Rumble + Wukong + Annie + Kai'Sa + Nautilus,False,5
LJL/2026 Season/Spring Series_Week 6_4_1,blue,FENNEL,Orianna + Lee Sin + Varus + K'Sante + Nautilus,K'Sante + Lee Sin + Orianna + Varus + Nautilus,False,5
LJL/2026 Season/Spring Series_Week 6_4_1,red,Rising Gaming,Akali + Pantheon + Rumble + Jhin + Leona,Rumble + Pantheon + Akali + Jhin + Leona,False,5
LJL/2026 Season/Spring Series_Week 6_4_2,blue,FENNEL,Naafiri + Sivir + Karma + Taliyah + Sion,Sion + Naafiri + Taliyah + Sivir + Karma,False,5
LJL/2026 Season/Spring Series_Week 6_4_2,red,Rising Gaming,Nocturne + Ezreal + Alistar + Gnar + Zoe,Gnar + Nocturne + Zoe + Ezreal + Alistar,False,5
LES/2026 Season/Spring Playoffs_Semifinals_2_1,blue,Movistar KOI Fénix,Orianna + Kalista + Renata Glasc + Pantheon + Rumble,Sion + Wukong + Viktor + Lucian + Milio,True,5
LES/2026 Season/Spring Playoffs_Semifinals_2_1,red,UCAM Esports,Lucian + Milio + Viktor + Wukong + Sion,Rumble + Pantheon + Orianna + Kalista + Renata Glasc,True,5
Hitpoint 2nd Division Challengers/2026 Season/Spring Playoffs_Round 1_4_1,blue,Diversion Gaming,Karma + Ezreal + Vi + Viktor + Sion,Sion + Vi + Viktor + Ezreal + Karma,False,5
Hitpoint 2nd Division Challengers/2026 Season/Spring Playoffs_Round 1_4_1,red,Priority,Lulu + Xin Zhao + Yunara + Ahri + Dr. Mundo,Dr. Mundo + Xin Zhao + Ahri + Yunara + Lulu,False,5
LES/2026 Season/Spring Playoffs_Semifinals_2_2,blue,UCAM Esports,Seraphine + Skarner + Ashe + Gnar + Akali,Vayne + Xin Zhao + Hwei + Jhin + Leona,True,5
LES/2026 Season/Spring Playoffs_Semifinals_2_2,red,Movistar KOI Fénix,Xin Zhao + Jhin + Leona + Hwei + Vayne,Gnar + Skarner + Akali + Ashe + Seraphine,True,5
Hitpoint 2nd Division Challengers/2026 Season/Spring Playoffs_Round 1_4_2,blue,Diversion Gaming,Cho'Gath + Jarvan IV + Taliyah + Samira + Nautilus,Cho'Gath + Jarvan IV + Taliyah + Samira + Nautilus,False,5
Hitpoint 2nd Division Challengers/2026 Season/Spring Playoffs_Round 1_4_2,red,Priority,Ornn + Nocturne + Azir + Ashe + Seraphine,Ornn + Nocturne + Azir + Ashe + Seraphine,False,5
Hitpoint 2nd Division Challengers/2026 Season/Spring Playoffs_Round 1_4_3,blue,Diversion Gaming,Darius + Amumu + Syndra + Varus + Neeko,Darius + Amumu + Syndra + Varus + Neeko,False,5
Hitpoint 2nd Division Challengers/2026 Season/Spring Playoffs_Round 1_4_3,red,Priority,Zac + Wukong + Cassiopeia + Smolder + Milio,Zac + Wukong + Cassiopeia + Smolder + Milio,False,5
LES/2026 Season/Spring Playoffs_Semifinals_2_3,blue,Movistar KOI Fénix,Anivia + Xayah + Rakan + Renekton + Sejuani,Aurora + Vi + Taliyah + Jinx + Lulu,True,5
LES/2026 Season/Spring Playoffs_Semifinals_2_3,red,UCAM Esports,Vi + Aurora + Lulu + Jinx + Taliyah,Renekton + Sejuani + Anivia + Xayah + Rakan,True,5
Arabian League/2026 Season/Summer Promotion_Round 2_1_1,blue,Pyramid IV Esports,Orianna + Jarvan IV + Ezreal + Shen + Nautilus,Shen + Jarvan IV + Orianna + Ezreal + Nautilus,False,5
Arabian League/2026 Season/Summer Promotion_Round 2_1_1,red,JSK Esports,Nocturne + Akali + Kai'Sa + Sion + Alistar,Sion + Nocturne + Akali + Kai'Sa + Alistar,False,5
LES/2026 Season/Spring Playoffs_Semifinals_2_4,blue,Movistar KOI Fénix,Jarvan IV + Senna + Nautilus + LeBlanc + Olaf,Zaahen + Poppy + Cassiopeia + Smolder + Rell,True,5
LES/2026 Season/Spring Playoffs_Semifinals_2_4,red,UCAM Esports,Cassiopeia + Poppy + Smolder + Rell + Zaahen,Olaf + Jarvan IV + LeBlanc + Senna + Nautilus,True,5
Arabian League/2026 Season/Summer Promotion_Round 2_1_2,blue,JSK Esports,Gnar + Xin Zhao + LeBlanc + Kog'Maw + Braum,Gnar + Xin Zhao + LeBlanc + Kog'Maw + Braum,False,5
Arabian League/2026 Season/Summer Promotion_Round 2_1_2,red,Pyramid IV Esports,Renekton + Sejuani + Ahri + Aphelios + Rell,Renekton + Sejuani + Ahri + Aphelios + Rell,False,5
LES/2026 Season/Spring Playoffs_Semifinals_2_5,blue,UCAM Esports,Ryze + Sivir + Alistar + Kindred + Ambessa,K'Sante + Trundle + Tristana + Kai'Sa + Neeko,True,5
LES/2026 Season/Spring Playoffs_Semifinals_2_5,red,Movistar KOI Fénix,Neeko + Tristana + K'Sante + Trundle + Kai'Sa,Ambessa + Kindred + Ryze + Sivir + Alistar,True,5
Arabian League/2026 Season/Summer Promotion_Round 2_1_3,blue,Pyramid IV Esports,Aurora + Corki + Leona + Zaahen + Kennen,Kennen + Zaahen + Aurora + Corki + Leona,False,5
Arabian League/2026 Season/Summer Promotion_Round 2_1_3,red,JSK Esports,Viktor + Nami + Lucian + Wukong + Jayce,Jayce + Wukong + Viktor + Lucian + Nami,False,5
Circuito Desafiante/2026 Season/Split 2 Promotion_Round 1_3_1,blue,Marere Invokers,Nocturne + Lucian + Ryze + Rell + Sion,Ambessa + Wukong + Anivia + Varus + Nautilus,True,5
Circuito Desafiante/2026 Season/Split 2 Promotion_Round 1_3_1,red,Kuma eSports B,Varus + Wukong + Anivia + Nautilus + Ambessa,Sion + Nocturne + Ryze + Lucian + Rell,True,5
North American Challengers League/2026 Season/Spring Playoffs_Round 4_2_1,blue,Winthrop University,Sion + Wukong + Orianna + Jhin + Neeko,Sion + Wukong + Orianna + Jhin + Neeko,False,5
North American Challengers League/2026 Season/Spring Playoffs_Round 4_2_1,red,CCG Esports,Swain + Nocturne + Azir + Xayah + Leona,Swain + Nocturne + Azir + Xayah + Leona,False,5
Arabian League/2026 Season/Summer Promotion_Round 2_1_4,blue,Pyramid IV Esports,Seraphine + Jinx + Trundle + K'Sante + Taliyah,K'Sante + Trundle + Taliyah + Jinx + Seraphine,False,5
Arabian League/2026 Season/Summer Promotion_Round 2_1_4,red,JSK Esports,Milio + Sivir + Naafiri + Cassiopeia + Aatrox,Aatrox + Naafiri + Cassiopeia + Sivir + Milio,False,5
Circuito Desafiante/2026 Season/Split 2 Promotion_Round 1_3_2,blue,Kuma eSports B,Ezreal + K'Sante + Lee Sin + Leona + Aurora,Rumble + Vi + Annie + Kai'Sa + Bard,True,5
Circuito Desafiante/2026 Season/Split 2 Promotion_Round 1_3_2,red,Marere Invokers,Kai'Sa + Rumble + Vi + Bard + Annie,K'Sante + Lee Sin + Aurora + Ezreal + Leona,True,5
North American Challengers League/2026 Season/Spring Playoffs_Round 4_2_2,blue,Winthrop University,Ezreal + Anivia + Nami + Ambessa + Trundle,Ambessa + Trundle + Anivia + Ezreal + Nami,False,5
North American Challengers League/2026 Season/Spring Playoffs_Round 4_2_2,red,CCG Esports,Cassiopeia + Bard + Caitlyn + Ornn + Naafiri,Ornn + Naafiri + Cassiopeia + Caitlyn + Bard,False,5
Circuito Desafiante/2026 Season/Split 2 Promotion_Round 1_3_3,blue,Kuma eSports B,Aatrox + Syndra + Kalista + Blitzcrank + Renekton,Gnar + Xin Zhao + Viktor + Ashe + Neeko,True,5
Circuito Desafiante/2026 Season/Split 2 Promotion_Round 1_3_3,red,Marere Invokers,Xin Zhao + Viktor + Ashe + Neeko + Gnar,Renekton + Aatrox + Syndra + Kalista + Blitzcrank,True,5
North American Challengers League/2026 Season/Spring Playoffs_Round 4_2_3,blue,Winthrop University,Karma + Gnar + Xin Zhao + Yunara + Malzahar,Gnar + Xin Zhao + Malzahar + Yunara + Karma,False,5
North American Challengers League/2026 Season/Spring Playoffs_Round 4_2_3,red,CCG Esports,Ryze + Lulu + Yorick + Rek'Sai + Sivir,Yorick + Rek'Sai + Ryze + Sivir + Lulu,False,5
North American Challengers League/2026 Season/Spring Playoffs_Round 4_2_4,blue,Winthrop University,Viktor + Skarner + Jayce + Alistar + Corki,Jayce + Skarner + Viktor + Corki + Alistar,False,5
North American Challengers League/2026 Season/Spring Playoffs_Round 4_2_4,red,CCG Esports,Sejuani + Yone + K'Sante + Nautilus + Kai'Sa,K'Sante + Sejuani + Yone + Kai'Sa + Nautilus,False,5
North American Challengers League/2026 Season/Spring Playoffs_Round 4_2_5,blue,Winthrop University,Jarvan IV + Gragas + Galio + Tristana + Rakan,Aatrox + Lee Sin + Annie + Miss Fortune + Poppy,True,5
North American Challengers League/2026 Season/Spring Playoffs_Round 4_2_5,red,CCG Esports,Annie + Lee Sin + Aatrox + Miss Fortune + Poppy,Gragas + Jarvan IV + Galio + Tristana + Rakan,True,5
2026 Asia Masters/APAC Qualifier_Qualifier_1_1,blue,SillySilly Gaming,Naafiri + Orianna + Nautilus + Senna + K'Sante,Gnar + Wukong + Ryze + Ezreal + Alistar,True,5
2026 Asia Masters/APAC Qualifier_Qualifier_1_1,red,Arneb,Ryze + Ezreal + Wukong + Alistar + Gnar,K'Sante + Naafiri + Orianna + Senna + Nautilus,True,5
2026 Asia Masters/APAC Qualifier_Qualifier_1_2,blue,SillySilly Gaming,Pantheon + Bard + Jhin + Maokai + Ahri,Sion + Trundle + Cassiopeia + Yunara + Leona,True,5
2026 Asia Masters/APAC Qualifier_Qualifier_1_2,red,Arneb,Cassiopeia + Trundle + Yunara + Leona + Sion,Maokai + Pantheon + Ahri + Jhin + Bard,True,5
2026 Asia Masters/APAC Qualifier_Qualifier_2_1,blue,Saigon Dino,Lee Sin + Orianna + Sion + Mel + Leona,Ambessa + Xin Zhao + Ryze + Jhin + Seraphine,True,5
2026 Asia Masters/APAC Qualifier_Qualifier_2_1,red,Arneb,Xin Zhao + Ryze + Ambessa + Seraphine + Jhin,Sion + Lee Sin + Orianna + Mel + Leona,True,5
2026 Asia Masters/APAC Qualifier_Qualifier_2_2,blue,Arneb,Jarvan IV + K'Sante + Aurora + Ezreal + Rakan,Skarner + Naafiri + Taliyah + Kai'Sa + Nautilus,True,5
2026 Asia Masters/APAC Qualifier_Qualifier_2_2,red,Saigon Dino,Nautilus + Naafiri + Skarner + Taliyah + Kai'Sa,K'Sante + Jarvan IV + Aurora + Ezreal + Rakan,True,5
2026 Asia Masters/APAC Qualifier_Qualifier_2_3,blue,Saigon Dino,Rumble + Viktor + Pantheon + Ashe + Neeko,Yorick + Trundle + Annie + Miss Fortune + Camille,True,5
2026 Asia Masters/APAC Qualifier_Qualifier_2_3,red,Arneb,Annie + Yorick + Trundle + Miss Fortune + Camille,Rumble + Pantheon + Viktor + Ashe + Neeko,True,5
2026 Asia Masters/APAC Qualifier_Qualifier_3_1,blue,Saigon Dino,Ryze + Rumble + Nautilus + Naafiri + Miss Fortune,Galio + Jarvan IV + Taliyah + Caitlyn + Bard,True,5
2026 Asia Masters/APAC Qualifier_Qualifier_3_1,red,SillySilly Gaming,Jarvan IV + Bard + Galio + Taliyah + Caitlyn,Rumble + Naafiri + Ryze + Miss Fortune + Nautilus,True,5
LPL/2026 Season/Split 2 Playoffs_Round 2_3_1,blue,LGD Gaming,Varus + Ryze + Sion + Naafiri + Bard,Rumble + Trundle + Anivia + Jhin + Nautilus,True,5
LPL/2026 Season/Split 2 Playoffs_Round 2_3_1,red,Anyone's Legend,Rumble + Trundle + Anivia + Jhin + Nautilus,Sion + Naafiri + Ryze + Varus + Bard,True,5
LCP/2026 Season/Split 2 Playoffs_Round 2_3_1,blue,GAM Esports,Cassiopeia + Jarvan IV + Bard + Jhin + Sion,Sion + Jarvan IV + Cassiopeia + Jhin + Bard,False,5
LCP/2026 Season/Split 2 Playoffs_Round 2_3_1,red,MVK Esports,Varus + Orianna + Pyke + Lee Sin + Zaahen,Zaahen + Lee Sin + Orianna + Varus + Pyke,False,5
2026 Asia Masters/APAC Qualifier_Qualifier_3_2,blue,Saigon Dino,Vi + Lucian + Milio + Orianna + Gnar,Sion + Lee Sin + Annie + Yunara + Lulu,True,5
2026 Asia Masters/APAC Qualifier_Qualifier_3_2,red,SillySilly Gaming,Lee Sin + Annie + Sion + Yunara + Lulu,Gnar + Vi + Orianna + Lucian + Milio,True,5
LCP/2026 Season/Split 2 Playoffs_Round 2_3_2,blue,MVK Esports,Vi + Ahri + Nautilus + Miss Fortune + Gnar,Tristana + Naafiri + Lissandra + Caitlyn + Karma,True,5
LCP/2026 Season/Split 2 Playoffs_Round 2_3_2,red,GAM Esports,Naafiri + Karma + Caitlyn + Lissandra + Tristana,Gnar + Vi + Ahri + Miss Fortune + Nautilus,True,5
LPL/2026 Season/Split 2 Playoffs_Round 2_3_2,blue,LGD Gaming,Annie + Ezreal + Neeko + Shen + Pantheon,Gangplank + Skarner + Cassiopeia + Caitlyn + Pyke,True,5
LPL/2026 Season/Split 2 Playoffs_Round 2_3_2,red,Anyone's Legend,Caitlyn + Cassiopeia + Pyke + Skarner + Gangplank,Shen + Pantheon + Annie + Ezreal + Neeko,True,5
LCP/2026 Season/Split 2 Playoffs_Round 2_3_3,blue,MVK Esports,Annie + Ezreal + Nami + K'Sante + Kindred,K'Sante + Kindred + Annie + Ezreal + Nami,False,5
LCP/2026 Season/Split 2 Playoffs_Round 2_3_3,red,GAM Esports,Lucian + Milio + Akali + Xin Zhao + Gwen,Gwen + Xin Zhao + Akali + Lucian + Milio,False,5
LPL/2026 Season/Split 2 Playoffs_Round 2_3_3,blue,LGD Gaming,Lucian + Twisted Fate + Milio + K'Sante + Lee Sin,Renekton + Wukong + Ahri + Miss Fortune + Lulu,True,5
LPL/2026 Season/Split 2 Playoffs_Round 2_3_3,red,Anyone's Legend,Lulu + Miss Fortune + Wukong + Ahri + Renekton,K'Sante + Lee Sin + Twisted Fate + Lucian + Milio,True,5
LES/2026 Season/Spring Playoffs_Third-Place Match_1_1,blue,Movistar KOI Fénix,Ryze + Ashe + Seraphine + Nocturne + Yorick,Yorick + Nocturne + Ryze + Ashe + Seraphine,False,5
LES/2026 Season/Spring Playoffs_Third-Place Match_1_1,red,Barça eSports,Varus + Lucian + Milio + Mel + Skarner,Varus + Skarner + Mel + Lucian + Milio,False,5
LES/2026 Season/Spring Playoffs_Third-Place Match_1_2,blue,Movistar KOI Fénix,K'Sante + Jarvan IV + Viktor + Ezreal + Neeko,K'Sante + Jarvan IV + Viktor + Ezreal + Neeko,False,5
LES/2026 Season/Spring Playoffs_Third-Place Match_1_2,red,Barça eSports,Rumble + Naafiri + Annie + Caitlyn + Bard,Rumble + Naafiri + Annie + Caitlyn + Bard,False,5
Hitpoint Masters/2026 Season/Spring Playoffs_Finals_1_1,blue,CITA Kaizen,Sion + Naafiri + Ahri + Ezreal + Senna,Sion + Naafiri + Ahri + Ezreal + Senna,False,5
Hitpoint Masters/2026 Season/Spring Playoffs_Finals_1_1,red,Nightbirds,K'Sante + Wukong + Orianna + Yunara + Rakan,K'Sante + Wukong + Orianna + Yunara + Rakan,False,5
TCL/2026 Season/Spring Playoffs_Finals_1_1,blue,Misa Esports,Ezreal + Bard + Anivia + K'Sante + Naafiri,K'Sante + Naafiri + Anivia + Ezreal + Bard,False,5
TCL/2026 Season/Spring Playoffs_Finals_1_1,red,PCIFIC Esports,Ashe + Seraphine + Aurora + Xin Zhao + Akali,Aurora + Xin Zhao + Akali + Ashe + Seraphine,False,5
Hitpoint Masters/2026 Season/Spring Playoffs_Finals_1_2,blue,CITA Kaizen,Cassiopeia + Lee Sin + Rumble + Irelia + Pyke,Rumble + Lee Sin + Irelia + Cassiopeia + Pyke,False,5
Hitpoint Masters/2026 Season/Spring Playoffs_Finals_1_2,red,Nightbirds,Viktor + Jarvan IV + Varus + Jhin + Rell,Varus + Jarvan IV + Viktor + Jhin + Rell,False,5
LES/2026 Season/Spring Playoffs_Third-Place Match_1_3,blue,Barça eSports,Jayce + Xayah + Rakan + Lissandra + Xin Zhao,Jayce + Xin Zhao + Lissandra + Xayah + Rakan,False,5
LES/2026 Season/Spring Playoffs_Third-Place Match_1_3,red,Movistar KOI Fénix,Vi + Aurora + Nautilus + Jinx + Malphite,Malphite + Vi + Aurora + Jinx + Nautilus,False,5
TCL/2026 Season/Spring Playoffs_Finals_1_2,blue,PCIFIC Esports,Milio + Lucian + LeBlanc + Trundle + Yorick,Yorick + Trundle + LeBlanc + Lucian + Milio,False,5
TCL/2026 Season/Spring Playoffs_Finals_1_2,red,Misa Esports,Ryze + Lee Sin + Gragas + Xayah + Rakan,Gragas + Lee Sin + Ryze + Xayah + Rakan,False,5
LES/2026 Season/Spring Playoffs_Finals_1_1,blue,Team Heretics Academy,Rumble + Lee Sin + Yone + Caitlyn + Elise,Rumble + Lee Sin + Yone + Caitlyn + Elise,False,5
LES/2026 Season/Spring Playoffs_Finals_1_1,red,UCAM Esports,Ambessa + Jarvan IV + Viktor + Jhin + Bard,Ambessa + Jarvan IV + Viktor + Jhin + Bard,False,5
Arabian League/2026 Season/Summer Promotion_Round 2_2_1,blue,GnG Amazigh,Orianna + Dr. Mundo + Ezreal + Braum + Zaahen,Zaahen + Dr. Mundo + Orianna + Ezreal + Braum,False,5
Arabian League/2026 Season/Summer Promotion_Round 2_2_1,red,Pyramid IV Esports,Akali + Wukong + Kai'Sa + Nautilus + K'Sante,K'Sante + Wukong + Akali + Kai'Sa + Nautilus,False,5
NLC/2026 Season/Spring Playoffs_Finals_1_1,blue,Verdant,Jarvan IV + Ashe + Seraphine + Cassiopeia + Sion,Sion + Jarvan IV + Cassiopeia + Ashe + Seraphine,False,5
NLC/2026 Season/Spring Playoffs_Finals_1_1,red,Ruddy Corporation,Wukong + Karma + Jhin + Ahri + Gwen,Gwen + Wukong + Ahri + Jhin + Karma,False,5
Hitpoint Masters/2026 Season/Spring Playoffs_Finals_1_3,blue,CITA Kaizen,Jayce + Zyra + Ornn + Kalista + Renata Glasc,Ornn + Zyra + Jayce + Kalista + Renata Glasc,False,5
Hitpoint Masters/2026 Season/Spring Playoffs_Finals_1_3,red,Nightbirds,Aurora + Nautilus + Vi + Ambessa + Ashe,Ambessa + Vi + Aurora + Ashe + Nautilus,False,5
TCL/2026 Season/Spring Playoffs_Finals_1_3,blue,Misa Esports,Caitlyn + Neeko + Cassiopeia + Rumble + Qiyana,Rumble + Qiyana + Cassiopeia + Caitlyn + Neeko,False,5
TCL/2026 Season/Spring Playoffs_Finals_1_3,red,PCIFIC Esports,Jhin + Pantheon + Alistar + Taliyah + Galio,Galio + Pantheon + Taliyah + Jhin + Alistar,False,5
LES/2026 Season/Spring Playoffs_Finals_1_2,blue,UCAM Esports,Renekton + Xin Zhao + Hwei + Ezreal + Seraphine,Renekton + Xin Zhao + Hwei + Ezreal + Seraphine,False,5
LES/2026 Season/Spring Playoffs_Finals_1_2,red,Team Heretics Academy,Gnar + Nocturne + Cassiopeia + Miss Fortune + Neeko,Gnar + Nocturne + Cassiopeia + Miss Fortune + Neeko,False,5
NLC/2026 Season/Spring Playoffs_Finals_1_2,blue,Verdant,Xin Zhao + Senna + Nautilus + Taliyah + Gangplank,Gangplank + Xin Zhao + Taliyah + Senna + Nautilus,False,5
NLC/2026 Season/Spring Playoffs_Finals_1_2,red,Ruddy Corporation,Aurora + Nocturne + Sivir + Rakan + Kassadin,Aurora + Nocturne + Kassadin + Sivir + Rakan,False,5
Benelux Ascend Series/2026 Season/Spring Playoffs_Finals_1_1,blue,SNOOZE Esports,Orianna + Wukong + Rakan + Sivir + Gnar,Gnar + Wukong + Orianna + Sivir + Rakan,False,5
Benelux Ascend Series/2026 Season/Spring Playoffs_Finals_1_1,red,Mind Blue eSports,Ezreal + Karma + Viktor + Skarner + Varus,Varus + Skarner + Viktor + Ezreal + Karma,False,5
Arabian League/2026 Season/Summer Promotion_Round 2_2_2,blue,Pyramid IV Esports,Xin Zhao + Yunara + Lulu + Aurora + Renekton,Renekton + Xin Zhao + Aurora + Yunara + Lulu,False,5
Arabian League/2026 Season/Summer Promotion_Round 2_2_2,red,GnG Amazigh,Jarvan IV + Neeko + Corki + Ahri + Rumble,Rumble + Jarvan IV + Ahri + Corki + Neeko,False,5
NLC/2026 Season/Spring Playoffs_Finals_1_3,blue,Verdant,Ezreal + Naafiri + Bard + Rumble + Xayah,Rumble + Naafiri + Ezreal + Xayah + Bard,False,5
NLC/2026 Season/Spring Playoffs_Finals_1_3,red,Ruddy Corporation,Kai'Sa + Vi + Leona + Aurelion Sol + Quinn,Quinn + Vi + Aurelion Sol + Kai'Sa + Leona,False,5
LES/2026 Season/Spring Playoffs_Finals_1_3,blue,UCAM Esports,Fiora + Wukong + Ryze + Senna + Nautilus,Fiora + Wukong + Ryze + Senna + Nautilus,False,5
LES/2026 Season/Spring Playoffs_Finals_1_3,red,Team Heretics Academy,K'Sante + Aatrox + Taliyah + Lucian + Milio,K'Sante + Aatrox + Taliyah + Lucian + Milio,False,5
Benelux Ascend Series/2026 Season/Spring Playoffs_Finals_1_2,blue,SNOOZE Esports,Aurora + Braum + Yunara + Nocturne + Camille,Camille + Nocturne + Aurora + Yunara + Braum,False,5
Benelux Ascend Series/2026 Season/Spring Playoffs_Finals_1_2,red,Mind Blue eSports,Ryze + Rell + Jinx + K'Sante + Kindred,K'Sante + Kindred + Ryze + Jinx + Rell,False,5
Arabian League/2026 Season/Summer Promotion_Round 2_2_3,blue,GnG Amazigh,Ryze + Vi + Jhin + Rakan + Mordekaiser,Mordekaiser + Vi + Ryze + Jhin + Rakan,False,5
Arabian League/2026 Season/Summer Promotion_Round 2_2_3,red,Pyramid IV Esports,Pantheon + Taliyah + Sion + Xayah + Leona,Sion + Pantheon + Taliyah + Xayah + Leona,False,5
LES/2026 Season/Spring Playoffs_Finals_1_4,blue,Team Heretics Academy,Shen + Pantheon + Ahri + Ashe + Soraka,Shen + Pantheon + Ahri + Ashe + Soraka,False,5
LES/2026 Season/Spring Playoffs_Finals_1_4,red,UCAM Esports,Jax + Vi + Sylas + Kalista + Renata Glasc,Jax + Vi + Sylas + Kalista + Renata Glasc,False,5
Benelux Ascend Series/2026 Season/Spring Playoffs_Finals_1_3,blue,Mind Blue eSports,Rumble + Kai'Sa + Nautilus + Naafiri + Galio,Rumble + Naafiri + Galio + Kai'Sa + Nautilus,False,5
Benelux Ascend Series/2026 Season/Spring Playoffs_Finals_1_3,red,SNOOZE Esports,Ahri + Vi + Alistar + Heimerdinger + Yone,Yone + Vi + Ahri + Heimerdinger + Alistar,False,5
Arabian League/2026 Season/Summer Promotion_Round 2_2_4,blue,GnG Amazigh,Bard + Ziggs + Aatrox + Sylas + Kha'Zix,Aatrox + Kha'Zix + Sylas + Ziggs + Bard,False,5
Arabian League/2026 Season/Summer Promotion_Round 2_2_4,red,Pyramid IV Esports,Ashe + Seraphine + Trundle + Viktor + Ambessa,Ambessa + Trundle + Viktor + Ashe + Seraphine,False,5
Benelux Ascend Series/2026 Season/Spring Playoffs_Finals_1_4,blue,SNOOZE Esports,Annie + Jhin + Leona + Jax + Lee Sin,Jax + Lee Sin + Annie + Jhin + Leona,False,5
Benelux Ascend Series/2026 Season/Spring Playoffs_Finals_1_4,red,Mind Blue eSports,Syndra + Corki + Taric + Jarvan IV + Malphite,Malphite + Jarvan IV + Syndra + Corki + Taric,False,5
North American Challengers League/2026 Season/Spring Playoffs_Finals_1_1,blue,Conviction,Karma + Kog'Maw + Ezreal + Ambessa + Vi,Ambessa + Vi + Kog'Maw + Ezreal + Karma,False,5
North American Challengers League/2026 Season/Spring Playoffs_Finals_1_1,red,CCG Esports,Orianna + Nautilus + Kai'Sa + Sion + Shyvana,Sion + Shyvana + Orianna + Kai'Sa + Nautilus,False,5
Circuito Desafiante/2026 Season/Split 2 Promotion_Round 2_2_1,blue,Barulhinhos,Orianna + Sivir + Xin Zhao + Karma + Sion,Sion + Xin Zhao + Orianna + Sivir + Karma,False,5
Circuito Desafiante/2026 Season/Split 2 Promotion_Round 2_2_1,red,Marere Invokers,Nocturne + Ezreal + Alistar + Viktor + Ambessa,Ambessa + Nocturne + Viktor + Ezreal + Alistar,False,5
Circuito Desafiante/2026 Season/Split 2 Promotion_Round 2_2_2,blue,Barulhinhos,Varus + Milio + Annie + Skarner + Ashe,Varus + Skarner + Annie + Ashe + Milio,False,5
Circuito Desafiante/2026 Season/Split 2 Promotion_Round 2_2_2,red,Marere Invokers,Wukong + Lucian + Nautilus + Hwei + Yasuo,Yasuo + Wukong + Hwei + Lucian + Nautilus,False,5
North American Challengers League/2026 Season/Spring Playoffs_Finals_1_2,blue,Conviction,Lucian + Milio + Anivia + Wukong + Ornn,Vayne + Sejuani + Cassiopeia + Caitlyn + Bard,True,5
North American Challengers League/2026 Season/Spring Playoffs_Finals_1_2,red,CCG Esports,Caitlyn + Cassiopeia + Bard + Sejuani + Vayne,Ornn + Wukong + Anivia + Lucian + Milio,True,5
Circuito Desafiante/2026 Season/Split 2 Promotion_Round 2_2_3,blue,Barulhinhos,K'Sante + Lee Sin + LeBlanc + Jinx + Leona,Vayne + Pantheon + Akshan + Brand + Maokai,True,5
Circuito Desafiante/2026 Season/Split 2 Promotion_Round 2_2_3,red,Marere Invokers,Vayne + Pantheon + Akshan + Brand + Maokai,K'Sante + Lee Sin + LeBlanc + Jinx + Leona,True,5
North American Challengers League/2026 Season/Spring Playoffs_Finals_1_3,blue,Conviction,Ryze + Neeko + Corki + Renekton + Lee Sin,Renekton + Lee Sin + Ryze + Corki + Neeko,False,5
North American Challengers League/2026 Season/Spring Playoffs_Finals_1_3,red,CCG Esports,Hwei + Trundle + Nami + Xayah + Gragas,Gragas + Trundle + Hwei + Xayah + Nami,False,5
LCK/2026 Season/Road to MSI_Round 1_1_1,blue,Dplus Kia,Orianna + Naafiri + Rumble + Xayah + Rakan,K'Sante + Jarvan IV + Viktor + Yunara + Milio,True,5
LCK/2026 Season/Road to MSI_Round 1_1_1,red,HANJIN BRION,Jarvan IV + Viktor + K'Sante + Milio + Yunara,Rumble + Naafiri + Orianna + Xayah + Rakan,True,5
LCK/2026 Season/Road to MSI_Round 1_1_2,blue,Dplus Kia,Ryze + Lee Sin + Ziggs + Tristana + Camille,Tristana + Lee Sin + Ryze + Ziggs + Camille,False,5
LCK/2026 Season/Road to MSI_Round 1_1_2,red,HANJIN BRION,Anivia + Caitlyn + Bard + Gnar + Pantheon,Gnar + Pantheon + Anivia + Caitlyn + Bard,False,5
LCP/2026 Season/Split 2 Playoffs_Round 3_2_1,blue,GAM Esports,Rumble + Vi + Taliyah + Ashe + Lulu,K'Sante + Xin Zhao + Ryze + Miss Fortune + Seraphine,True,5
LCP/2026 Season/Split 2 Playoffs_Round 3_2_1,red,Deep Cross Gaming,Ryze + K'Sante + Xin Zhao + Seraphine + Miss Fortune,Rumble + Vi + Taliyah + Ashe + Lulu,True,5
LPL/2026 Season/Split 2 Playoffs_Round 2_4_1,blue,JD Gaming,Bard + Caitlyn + Sion + Jarvan IV + Viktor,Shen + Naafiri + Annie + Ezreal + Nautilus,True,5
LPL/2026 Season/Split 2 Playoffs_Round 2_4_1,red,Bilibili Gaming,Ezreal + Naafiri + Nautilus + Annie + Shen,Sion + Jarvan IV + Viktor + Caitlyn + Bard,True,5
LCK/2026 Season/Road to MSI_Round 1_1_3,blue,Dplus Kia,Ezreal + Neeko + Jayce + Xin Zhao + Taliyah,Sion + Wukong + Annie + Mel + Shen,True,5
LCK/2026 Season/Road to MSI_Round 1_1_3,red,HANJIN BRION,Annie + Wukong + Sion + Mel + Shen,Jayce + Xin Zhao + Taliyah + Ezreal + Neeko,True,5
Nexus League/2026 Season/Spring Playoffs_Round 2_1_1,blue,Project Conquerors,Zyra + Nautilus + Miss Fortune + Renekton + Irelia,Renekton + Zyra + Irelia + Miss Fortune + Nautilus,False,5
Nexus League/2026 Season/Spring Playoffs_Round 2_1_1,red,Caldya Esport,Nocturne + Jhin + Leona + Syndra + Jayce,Jayce + Nocturne + Syndra + Jhin + Leona,False,5
LCP/2026 Season/Split 2 Playoffs_Round 3_2_2,blue,Deep Cross Gaming,Ezreal + Wukong + Akali + Karma + Gnar,Gnar + Wukong + Akali + Ezreal + Karma,False,5
LCP/2026 Season/Split 2 Playoffs_Round 3_2_2,red,GAM Esports,Orianna + Naafiri + Sion + Lucian + Milio,Sion + Naafiri + Orianna + Lucian + Milio,False,5
LPL/2026 Season/Split 2 Playoffs_Round 2_4_2,blue,JD Gaming,Cassiopeia + Miss Fortune + Rakan + Xin Zhao + Renekton,K'Sante + Vi + Ahri + Sivir + Karma,True,5
LPL/2026 Season/Split 2 Playoffs_Round 2_4_2,red,Bilibili Gaming,Vi + Karma + Ahri + Sivir + K'Sante,Renekton + Xin Zhao + Cassiopeia + Miss Fortune + Rakan,True,5
Hitpoint 2nd Division Challengers/2026 Season/Spring Playoffs_Round 3_1_1,blue,Ethereal Enigmas,Cassiopeia + Wukong + Rakan + Irelia + Vladimir,Cassiopeia + Wukong + Irelia + Vladimir + Rakan,False,5
Hitpoint 2nd Division Challengers/2026 Season/Spring Playoffs_Round 3_1_1,red,EXILE esports Academy,Ezreal + Jarvan IV + Nautilus + Syndra + Sett,Sett + Jarvan IV + Syndra + Ezreal + Nautilus,False,5
LCP/2026 Season/Split 2 Playoffs_Round 3_2_3,blue,Deep Cross Gaming,Pantheon + Jayce + Annie + Rell + Kai'Sa,Jayce + Pantheon + Annie + Kai'Sa + Rell,False,5
LCP/2026 Season/Split 2 Playoffs_Round 3_2_3,red,GAM Esports,Trundle + Jhin + Yorick + Ahri + Alistar,Yorick + Trundle + Ahri + Jhin + Alistar,False,5
Nexus League/2026 Season/Spring Playoffs_Round 2_1_2,blue,Project Conquerors,Ezreal + Anivia + Rell + Wukong + Sion,Sion + Wukong + Anivia + Ezreal + Rell,False,5
Nexus League/2026 Season/Spring Playoffs_Round 2_1_2,red,Caldya Esport,Kai'Sa + Ryze + Vi + Neeko + Aatrox,Aatrox + Vi + Ryze + Kai'Sa + Neeko,False,5
Hitpoint 2nd Division Challengers/2026 Season/Spring Playoffs_Round 3_1_2,blue,Ethereal Enigmas,Seraphine + Rek'Sai + Ashe + Veigar + Sion,Sion + Rek'Sai + Veigar + Ashe + Seraphine,False,5
Hitpoint 2nd Division Challengers/2026 Season/Spring Playoffs_Round 3_1_2,red,EXILE esports Academy,Karma + Vi + Ahri + Jinx + Gwen,Gwen + Vi + Ahri + Jinx + Karma,False,5
LPL/2026 Season/Split 2 Playoffs_Round 2_4_3,blue,JD Gaming,Ryze + Kog'Maw + Lulu + Lee Sin + Vayne,Jax + Ambessa + Anivia + Lucian + Milio,True,5
LPL/2026 Season/Split 2 Playoffs_Round 2_4_3,red,Bilibili Gaming,Lucian + Milio + Anivia + Ambessa + Jax,Vayne + Lee Sin + Ryze + Kog'Maw + Lulu,True,5
LCP/2026 Season/Split 2 Playoffs_Round 3_2_4,blue,Deep Cross Gaming,Nocturne + Corki + Nautilus + Sylas + Ambessa,Ambessa + Nocturne + Sylas + Corki + Nautilus,False,5
LCP/2026 Season/Split 2 Playoffs_Round 3_2_4,red,GAM Esports,Jarvan IV + Aurora + Sivir + Rakan + Gwen,Gwen + Jarvan IV + Aurora + Sivir + Rakan,False,5
Hitpoint 2nd Division Challengers/2026 Season/Spring Playoffs_Round 3_1_3,blue,EXILE esports Academy,Orianna + Nocturne + Caitlyn + Camille + Pantheon,Camille + Nocturne + Orianna + Caitlyn + Pantheon,False,5
Hitpoint 2nd Division Challengers/2026 Season/Spring Playoffs_Round 3_1_3,red,Ethereal Enigmas,Lucian + Jayce + Nami + Anivia + K'Sante,Anivia + Jayce + K'Sante + Lucian + Nami,False,5
Nexus League/2026 Season/Spring Playoffs_Round 2_1_3,blue,Caldya Esport,Karma + Xin Zhao + Ahri + Corki + Gragas,Gragas + Xin Zhao + Ahri + Corki + Karma,False,5
Nexus League/2026 Season/Spring Playoffs_Round 2_1_3,red,Project Conquerors,Senna + Hwei + Alistar + Zaahen + Yorick,Yorick + Zaahen + Hwei + Senna + Alistar,False,5
LPL/2026 Season/Split 2 Playoffs_Round 2_4_4,blue,Bilibili Gaming,Seraphine + Olaf + Jhin + Sejuani + Yone,Zaahen + Nidalee + Jayce + Ashe + Skarner,True,5
LPL/2026 Season/Split 2 Playoffs_Round 2_4_4,red,JD Gaming,Ashe + Skarner + Jayce + Nidalee + Zaahen,Olaf + Sejuani + Yone + Jhin + Seraphine,True,5
LCP/2026 Season/Split 2 Playoffs_Round 3_2_5,blue,Deep Cross Gaming,Varus + Sejuani + Jax + Braum + Azir,Jax + Sejuani + Azir + Varus + Braum,False,5
LCP/2026 Season/Split 2 Playoffs_Round 3_2_5,red,GAM Esports,Maokai + Tristana + Ziggs + Shen + Aatrox,Aatrox + Maokai + Tristana + Ziggs + Shen,False,5
Hitpoint 2nd Division Challengers/2026 Season/Spring Playoffs_Round 3_1_4,blue,Ethereal Enigmas,Taliyah + Naafiri + Rell + Smolder + Aatrox,Aatrox + Taliyah + Naafiri + Smolder + Rell,False,5
Hitpoint 2nd Division Challengers/2026 Season/Spring Playoffs_Round 3_1_4,red,EXILE esports Academy,Yunara + Zed + Malphite + Braum + Gangplank,Gangplank + Malphite + Zed + Yunara + Braum,False,5
LEC/2026 Season/Spring Playoffs_Round 3_2_1,blue,Karmine Corp,Orianna + Skarner + Ezreal + Rumble + Neeko,Rumble + Skarner + Orianna + Ezreal + Neeko,False,5
LEC/2026 Season/Spring Playoffs_Round 3_2_1,red,Movistar KOI,Caitlyn + Pantheon + Akali + Karma + Ornn,Ornn + Pantheon + Akali + Caitlyn + Karma,False,5
Road Of Legends/2026 Season/Spring Playoffs_Finals_1_1,blue,mCon esports,Annie + Lee Sin + K'Sante + Rell + Jhin,K'Sante + Lee Sin + Annie + Jhin + Rell,False,5
Road Of Legends/2026 Season/Spring Playoffs_Finals_1_1,red,Frites Esports Club,Varus + Cassiopeia + Wukong + Rakan + Twisted Fate,Twisted Fate + Wukong + Cassiopeia + Varus + Rakan,False,5
LEC/2026 Season/Spring Playoffs_Round 3_2_2,blue,Karmine Corp,Vi + Lucian + Milio + Cassiopeia + Jayce,Jayce + Vi + Cassiopeia + Lucian + Milio,False,5
LEC/2026 Season/Spring Playoffs_Round 3_2_2,red,Movistar KOI,Ashe + Anivia + Seraphine + Trundle + Sion,Sion + Trundle + Anivia + Ashe + Seraphine,False,5
CBLOL/2026 Season/Split 1 Playoffs_Finals_1_1,blue,LØS,Bard + Sivir + Pantheon + Sion + Ahri,Yone + Jarvan IV + Ryze + Ezreal + Alistar,True,5
CBLOL/2026 Season/Split 1 Playoffs_Finals_1_1,red,FURIA,Jarvan IV + Ezreal + Alistar + Ryze + Yone,Sion + Pantheon + Ahri + Sivir + Bard,True,5
Road Of Legends/2026 Season/Spring Playoffs_Finals_1_2,blue,Frites Esports Club,Ezreal + Karma + Ryze + Rumble + Jarvan IV,Rumble + Jarvan IV + Ryze + Ezreal + Karma,False,5
Road Of Legends/2026 Season/Spring Playoffs_Finals_1_2,red,mCon esports,Pantheon + Lucian + Milio + Hwei + Ornn,Ornn + Pantheon + Hwei + Lucian + Milio,False,5
CBLOL/2026 Season/Split 1 Playoffs_Finals_1_2,blue,FURIA,Milio + Lucian + Cassiopeia + Rek'Sai + Jayce,K'Sante + Trundle + Galio + Caitlyn + Karma,True,5
CBLOL/2026 Season/Split 1 Playoffs_Finals_1_2,red,LØS,Caitlyn + Karma + Trundle + Galio + K'Sante,Jayce + Rek'Sai + Cassiopeia + Lucian + Milio,True,5
LEC/2026 Season/Spring Playoffs_Round 3_2_3,blue,Karmine Corp,Twisted Fate + Yunara + Lulu + Xin Zhao + Kennen,Kennen + Xin Zhao + Twisted Fate + Yunara + Lulu,False,5
LEC/2026 Season/Spring Playoffs_Round 3_2_3,red,Movistar KOI,Corki + Nami + Yasuo + Wukong + Annie,Annie + Wukong + Yasuo + Corki + Nami,False,5
Road Of Legends/2026 Season/Spring Playoffs_Finals_1_3,blue,Frites Esports Club,Nocturne + Neeko + Aurora + Yunara + Jax,Jax + Nocturne + Aurora + Yunara + Neeko,False,5
Road Of Legends/2026 Season/Spring Playoffs_Finals_1_3,red,mCon esports,Ivern + Leona + Sivir + Irelia + Sion,Sion + Ivern + Irelia + Sivir + Leona,False,5
CBLOL/2026 Season/Split 1 Playoffs_Finals_1_3,blue,LØS,Orianna + Varus + Rumble + Rell + Skarner,Rumble + Skarner + Orianna + Varus + Rell,False,5
CBLOL/2026 Season/Split 1 Playoffs_Finals_1_3,red,FURIA,Xayah + Rakan + Ornn + Annie + Olaf,Ornn + Olaf + Annie + Xayah + Rakan,False,5
CBLOL/2026 Season/Split 1 Playoffs_Finals_1_4,blue,FURIA,Twisted Fate + Ashe + Renata Glasc + Nasus + Renekton,Renekton + Nasus + Twisted Fate + Ashe + Renata Glasc,False,5
CBLOL/2026 Season/Split 1 Playoffs_Finals_1_4,red,LØS,Senna + Nautilus + Mel + Xin Zhao + Kennen,Kennen + Xin Zhao + Mel + Senna + Nautilus,False,5
LCS/2026 Season/Spring Playoffs_Round 2_1_1,blue,FlyQuest,Orianna + Xayah + Rakan + Jarvan IV + Sion,Jayce + Nocturne + Cassiopeia + Ezreal + Neeko,True,5
LCS/2026 Season/Spring Playoffs_Round 2_1_1,red,Team Liquid,Cassiopeia + Nocturne + Jayce + Neeko + Ezreal,Sion + Jarvan IV + Orianna + Xayah + Rakan,True,5
LCS/2026 Season/Spring Playoffs_Round 2_1_2,blue,Team Liquid,Ryze + Senna + Nautilus + Gnar + Shyvana,Sylas + Vi + Ahri + Jhin + Rell,True,5
LCS/2026 Season/Spring Playoffs_Round 2_1_2,red,FlyQuest,Ahri + Jhin + Vi + Rell + Sylas,Gnar + Shyvana + Ryze + Senna + Nautilus,True,5
LCS/2026 Season/Spring Playoffs_Round 2_1_3,blue,FlyQuest,Akali + Caitlyn + Bard + K'Sante + Wukong,Vayne + Rumble + Annie + Sivir + Karma,True,5
LCS/2026 Season/Spring Playoffs_Round 2_1_3,red,Team Liquid,Rumble + Karma + Sivir + Annie + Vayne,K'Sante + Wukong + Akali + Caitlyn + Bard,True,5
LCS/2026 Season/Spring Playoffs_Round 2_1_4,blue,Team Liquid,Twisted Fate + Kog'Maw + Lulu + Xin Zhao + Renekton,Ornn + Naafiri + Viktor + Lucian + Milio,True,5
LCS/2026 Season/Spring Playoffs_Round 2_1_4,red,FlyQuest,Lucian + Milio + Naafiri + Viktor + Ornn,Renekton + Xin Zhao + Twisted Fate + Kog'Maw + Lulu,True,5
LCK/2026 Season/Road to MSI_Round 2_1_1,blue,KT Rolster,Orianna + Ashe + Seraphine + Wukong + Ornn,Rumble + Xin Zhao + Viktor + Jhin + Nautilus,True,5
LCK/2026 Season/Road to MSI_Round 2_1_1,red,Dplus Kia,Rumble + Viktor + Nautilus + Xin Zhao + Jhin,Ornn + Wukong + Orianna + Ashe + Seraphine,True,5
LCK/2026 Season/Road to MSI_Round 2_1_2,blue,KT Rolster,Ryze + Jayce + Jarvan IV + Mel + Shen,K'Sante + Vi + Taliyah + Caitlyn + Alistar,True,5
LCK/2026 Season/Road to MSI_Round 2_1_2,red,Dplus Kia,Taliyah + Vi + K'Sante + Caitlyn + Alistar,Jayce + Jarvan IV + Ryze + Mel + Shen,True,5
LCP/2026 Season/Split 2 Playoffs_Finals_1_1,blue,Team Secret Whales,Ryze + Bard + Caitlyn + Trundle + Sion,Gwen + Vi + Ahri + Ezreal + Skarner,True,5
LCP/2026 Season/Split 2 Playoffs_Finals_1_1,red,Deep Cross Gaming,Vi + Ezreal + Ahri + Skarner + Gwen,Sion + Trundle + Ryze + Caitlyn + Bard,True,5
LPL/2026 Season/Split 2 Playoffs_Round 4_1_1,blue,Top Esports,Karma + Varus + Ryze + Galio + Trundle,Rumble + Lee Sin + Cassiopeia + Ezreal + Nautilus,True,5
LPL/2026 Season/Split 2 Playoffs_Round 4_1_1,red,Team WE,Rumble + Ezreal + Nautilus + Cassiopeia + Lee Sin,Galio + Trundle + Ryze + Varus + Karma,True,5
LCK/2026 Season/Road to MSI_Round 2_1_3,blue,Dplus Kia,Nocturne + Yunara + Lulu + Zoe + Renekton,Gnar + Skarner + LeBlanc + Lucian + Milio,True,5
LCK/2026 Season/Road to MSI_Round 2_1_3,red,KT Rolster,Lucian + Milio + Skarner + Gnar + LeBlanc,Renekton + Nocturne + Zoe + Yunara + Lulu,True,5
Nexus League/2026 Season/Spring Playoffs_Finals_1_1,blue,Karmine Corp Blue Stars,Seraphine + Ashe + Aurora + Zaahen + Anivia,Aurora + Zaahen + Anivia + Ashe + Seraphine,False,5
Nexus League/2026 Season/Spring Playoffs_Finals_1_1,red,Project Conquerors,Bard + Jhin + Irelia + Zyra + Hwei,Irelia + Zyra + Hwei + Jhin + Bard,False,5
LCP/2026 Season/Split 2 Playoffs_Finals_1_2,blue,Team Secret Whales,Cassiopeia + Lee Sin + K'Sante + Corki + Nautilus,Rumble + Jarvan IV + Anivia + Yunara + Braum,True,5
LCP/2026 Season/Split 2 Playoffs_Finals_1_2,red,Deep Cross Gaming,Jarvan IV + Rumble + Anivia + Yunara + Braum,K'Sante + Lee Sin + Cassiopeia + Corki + Nautilus,True,5
LPL/2026 Season/Split 2 Playoffs_Round 4_1_2,blue,Top Esports,Vi + Yunara + Lulu + Viktor + Sion,Sion + Vi + Viktor + Yunara + Lulu,False,5
LPL/2026 Season/Split 2 Playoffs_Round 4_1_2,red,Team WE,Corki + Nami + Annie + Aatrox + Olaf,Aatrox + Olaf + Annie + Corki + Nami,False,5
Hitpoint 2nd Division Challengers/2026 Season/Spring Playoffs_Round 2_1_1,blue,Priority,Ashe + Wukong + Azir + Ambessa + Lulu,Ambessa + Wukong + Azir + Ashe + Lulu,False,5
Hitpoint 2nd Division Challengers/2026 Season/Spring Playoffs_Round 2_1_1,red,Andromeda Gaming,Mel + Vi + Nautilus + Sion + Corki,Sion + Vi + Corki + Mel + Nautilus,False,5
LCP/2026 Season/Split 2 Playoffs_Finals_1_3,blue,Deep Cross Gaming,Wukong + Viktor + Gnar + Rakan + Zeri,Gnar + Wukong + Viktor + Zeri + Rakan,False,5
LCP/2026 Season/Split 2 Playoffs_Finals_1_3,red,Team Secret Whales,Xin Zhao + Orianna + Malphite + Karma + Jhin,Malphite + Xin Zhao + Orianna + Jhin + Karma,False,5
LCK/2026 Season/Road to MSI_Round 2_1_4,blue,KT Rolster,Bard + Miss Fortune + Pantheon + Aurora + Jax,Sion + Naafiri + Ahri + Sivir + Karma,True,5
LCK/2026 Season/Road to MSI_Round 2_1_4,red,Dplus Kia,Sivir + Naafiri + Ahri + Karma + Sion,Jax + Pantheon + Aurora + Miss Fortune + Bard,True,5
Nexus League/2026 Season/Spring Playoffs_Finals_1_2,blue,Project Conquerors,Nautilus + Senna + Shyvana + Taliyah + Renekton,Renekton + Shyvana + Taliyah + Senna + Nautilus,False,5
Nexus League/2026 Season/Spring Playoffs_Finals_1_2,red,Karmine Corp Blue Stars,Braum + Pantheon + Ryze + Jinx + Vayne,Vayne + Pantheon + Ryze + Jinx + Braum,False,5
LPL/2026 Season/Split 2 Playoffs_Round 4_1_3,blue,Top Esports,Seraphine + Ashe + Jayce + Twisted Fate + Wukong,Jayce + Wukong + Twisted Fate + Ashe + Seraphine,False,5
LPL/2026 Season/Split 2 Playoffs_Round 4_1_3,red,Team WE,Lucian + Xin Zhao + Milio + Aurora + Yorick,Yorick + Xin Zhao + Aurora + Lucian + Milio,False,5
Hitpoint 2nd Division Challengers/2026 Season/Spring Playoffs_Round 2_1_2,blue,Andromeda Gaming,Jarvan IV + Ezreal + Aurora + Alistar + Vayne,Vayne + Jarvan IV + Aurora + Ezreal + Alistar,False,5
Hitpoint 2nd Division Challengers/2026 Season/Spring Playoffs_Round 2_1_2,red,Priority,Kalista + Skarner + Cassiopeia + Ornn + Sylas,Ornn + Sylas + Cassiopeia + Kalista + Skarner,False,5
LCP/2026 Season/Split 2 Playoffs_Finals_1_4,blue,Team Secret Whales,Annie + Ashe + Lulu + Kha'Zix + Jax,Olaf + Sejuani + Sylas + Senna + Seraphine,True,5
LCP/2026 Season/Split 2 Playoffs_Finals_1_4,red,Deep Cross Gaming,Olaf + Seraphine + Senna + Sylas + Sejuani,Jax + Kha'Zix + Annie + Ashe + Lulu,True,5
Nexus League/2026 Season/Spring Playoffs_Finals_1_3,blue,Project Conquerors,Ezreal + Cassiopeia + Rell + Jax + Kindred,Jax + Kindred + Cassiopeia + Ezreal + Rell,False,5
Nexus League/2026 Season/Spring Playoffs_Finals_1_3,red,Karmine Corp Blue Stars,Varus + Yone + Alistar + Lillia + Rumble,Rumble + Lillia + Yone + Varus + Alistar,False,5
Hitpoint 2nd Division Challengers/2026 Season/Spring Playoffs_Round 2_1_3,blue,Andromeda Gaming,Ahri + Nocturne + Varus + Riven + Nami,Riven + Nocturne + Ahri + Varus + Nami,False,5
Hitpoint 2nd Division Challengers/2026 Season/Spring Playoffs_Round 2_1_3,red,Priority,Taliyah + Senna + Pantheon + Shen + Bard,Shen + Pantheon + Taliyah + Senna + Bard,False,5
LCK/2026 Season/Road to MSI_Round 2_1_5,blue,KT Rolster,Ambessa + Maokai + Yone + Xayah + Rakan,Zaahen + Poppy + Azir + Corki + Blitzcrank,True,5
LCK/2026 Season/Road to MSI_Round 2_1_5,red,Dplus Kia,Poppy + Azir + Zaahen + Blitzcrank + Corki,Ambessa + Maokai + Yone + Xayah + Rakan,True,5
Hitpoint 2nd Division Challengers/2026 Season/Spring Playoffs_Round 2_1_4,blue,Andromeda Gaming,Xin Zhao + Darius + Smolder + Anivia + Braum,Darius + Xin Zhao + Anivia + Smolder + Braum,False,5
Hitpoint 2nd Division Challengers/2026 Season/Spring Playoffs_Round 2_1_4,red,Priority,Trundle + Karma + Malphite + Syndra + Zeri,Malphite + Trundle + Syndra + Zeri + Karma,False,5
Nexus League/2026 Season/Spring Playoffs_Finals_1_4,blue,Karmine Corp Blue Stars,Orianna + Vi + Ambessa + Leona + Mel,Ambessa + Vi + Orianna + Mel + Leona,False,5
Nexus League/2026 Season/Spring Playoffs_Finals_1_4,red,Project Conquerors,Viktor + Caitlyn + Gnar + Wukong + Tahm Kench,Gnar + Wukong + Viktor + Caitlyn + Tahm Kench,False,5
Hitpoint 2nd Division Challengers/2026 Season/Spring Playoffs_Round 2_1_5,blue,Priority,Viktor + Samira + Maokai + Udyr + Zaahen,Zaahen + Udyr + Viktor + Samira + Maokai,False,5
Hitpoint 2nd Division Challengers/2026 Season/Spring Playoffs_Round 2_1_5,red,Andromeda Gaming,Lucian + Milio + Galio + Hecarim + Mordekaiser,Mordekaiser + Hecarim + Galio + Lucian + Milio,False,5
Nexus League/2026 Season/Spring Playoffs_Finals_1_5,blue,Karmine Corp Blue Stars,Skarner + Corki + Nami + K'Sante + Ekko,K'Sante + Skarner + Ekko + Corki + Nami,False,5
Nexus League/2026 Season/Spring Playoffs_Finals_1_5,red,Project Conquerors,Lucian + Milio + Maokai + Azir + Cho'Gath,Cho'Gath + Maokai + Azir + Lucian + Milio,False,5
LEC/2026 Season/Spring Playoffs_Finals_1_1,blue,G2 Esports,Ashe + Seraphine + Rumble + Cassiopeia + Trundle,Galio + Naafiri + Ryze + Caitlyn + Bard,True,5
LEC/2026 Season/Spring Playoffs_Finals_1_1,red,Karmine Corp,Caitlyn + Bard + Galio + Ryze + Naafiri,Rumble + Trundle + Cassiopeia + Ashe + Seraphine,True,5
Esports World Cup 2026/Online Qualifiers/South America_Round 1_1_1,blue,Vivo Keyd Stars,Milio + Vi + Lucian + Viktor + Gnar,Gnar + Vi + Viktor + Lucian + Milio,False,5
Esports World Cup 2026/Online Qualifiers/South America_Round 1_1_1,red,LOUD,Cassiopeia + Xayah + Rakan + Sion + Rek'Sai,Sion + Rek'Sai + Cassiopeia + Xayah + Rakan,False,5
LEC/2026 Season/Spring Playoffs_Finals_1_2,blue,Karmine Corp,Jarvan IV + Corki + Nami + Renekton + Taliyah,Renekton + Jarvan IV + Taliyah + Corki + Nami,False,5
LEC/2026 Season/Spring Playoffs_Finals_1_2,red,G2 Esports,Yunara + Lulu + Ahri + Xin Zhao + Gnar,Gnar + Xin Zhao + Ahri + Yunara + Lulu,False,5
Esports World Cup 2026/Online Qualifiers/South America_Round 1_1_2,blue,Vivo Keyd Stars,Seraphine + Ashe + Rumble + Annie + Wukong,Rumble + Wukong + Annie + Ashe + Seraphine,False,5
Esports World Cup 2026/Online Qualifiers/South America_Round 1_1_2,red,LOUD,Ryze + Mel + Pyke + Lee Sin + Ambessa,Ambessa + Lee Sin + Ryze + Mel + Pyke,False,5
LEC/2026 Season/Spring Playoffs_Finals_1_3,blue,G2 Esports,Neeko + Xayah + Aurora + K'Sante + Nocturne,K'Sante + Nocturne + Aurora + Xayah + Neeko,False,5
LEC/2026 Season/Spring Playoffs_Finals_1_3,red,Karmine Corp,Rakan + Vi + Viktor + Zeri + Zaahen,Zaahen + Vi + Viktor + Zeri + Rakan,False,5
Esports World Cup 2026/Online Qualifiers/South America_Round 1_1_3,blue,LOUD,Naafiri + Jayce + Aurora + Caitlyn + Neeko,Jayce + Naafiri + Aurora + Caitlyn + Neeko,False,5
Esports World Cup 2026/Online Qualifiers/South America_Round 1_1_3,red,Vivo Keyd Stars,Varus + Trundle + Yorick + LeBlanc + Nautilus,Yorick + Trundle + LeBlanc + Varus + Nautilus,False,5
LEC/2026 Season/Spring Playoffs_Finals_1_4,blue,Karmine Corp,Azir + Skarner + Nautilus + Jayce + Jhin,Jayce + Skarner + Azir + Jhin + Nautilus,False,5
LEC/2026 Season/Spring Playoffs_Finals_1_4,red,G2 Esports,Annie + Pantheon + Rell + Sivir + Sion,Sion + Pantheon + Annie + Sivir + Rell,False,5
LEC/2026 Season/Spring Playoffs_Finals_1_5,blue,G2 Esports,Varus + Poppy + Akali + Aatrox + Nidalee,Kled + Nasus + Anivia + Senna + Alistar,True,5
LEC/2026 Season/Spring Playoffs_Finals_1_5,red,Karmine Corp,Anivia + Alistar + Senna + Nasus + Kled,Nidalee + Aatrox + Akali + Varus + Poppy,True,5
Esports World Cup 2026/Online Qualifiers/South America_Round 1_2_1,blue,RED Canids,Orianna + Vi + Gwen + Xayah + Rakan,Gwen + Vi + Orianna + Xayah + Rakan,False,5
Esports World Cup 2026/Online Qualifiers/South America_Round 1_2_1,red,Leviatan,Ezreal + Sion + Akali + Zaahen + Leona,Sion + Zaahen + Akali + Ezreal + Leona,False,5
LCS/2026 Season/Spring Playoffs_Round 2_2_1,blue,LYON (2024 American Team),Nocturne + Senna + Nautilus + Sion + Ziggs,Renekton + Wukong + Ryze + Lucian + Milio,True,5
LCS/2026 Season/Spring Playoffs_Round 2_2_1,red,Cloud9,Lucian + Milio + Wukong + Ryze + Renekton,Sion + Nocturne + Ziggs + Senna + Nautilus,True,5
Esports World Cup 2026/Online Qualifiers/South America_Round 1_2_2,blue,RED Canids,Cassiopeia + Naafiri + Yorick + Jhin + Karma,Yorick + Naafiri + Cassiopeia + Jhin + Karma,False,5
Esports World Cup 2026/Online Qualifiers/South America_Round 1_2_2,red,Leviatan,Pantheon + Anivia + Jayce + Miss Fortune + Rell,Jayce + Pantheon + Anivia + Miss Fortune + Rell,False,5
LCS/2026 Season/Spring Playoffs_Round 2_2_2,blue,LYON (2024 American Team),Karma + Jhin + Jarvan IV + Annie + Aurora,Rumble + Naafiri + Viktor + Varus + Bard,True,5
LCS/2026 Season/Spring Playoffs_Round 2_2_2,red,Cloud9,Varus + Bard + Viktor + Rumble + Naafiri,Aurora + Jarvan IV + Annie + Jhin + Karma,True,5
Esports World Cup 2026/Online Qualifiers/South America_Round 1_3_1,blue,paiN Gaming,Caitlyn + Neeko + Anivia + Vi + K'Sante,K'Sante + Vi + Anivia + Caitlyn + Neeko,False,5
Esports World Cup 2026/Online Qualifiers/South America_Round 1_3_1,red,Fluxo W7M,Ryze + Jhin + Rakan + Rumble + Aatrox,Rumble + Aatrox + Ryze + Jhin + Rakan,False,5
LCS/2026 Season/Spring Playoffs_Round 2_2_3,blue,LYON (2024 American Team),Orianna + Miss Fortune + Rell + Jayce + Sejuani,Sejuani + Jayce + Orianna + Miss Fortune + Rell,False,5
LCS/2026 Season/Spring Playoffs_Round 2_2_3,red,Cloud9,Cassiopeia + Ezreal + Rakan + Xin Zhao + Malphite,Malphite + Xin Zhao + Cassiopeia + Ezreal + Rakan,False,5
Esports World Cup 2026/Online Qualifiers/South America_Round 1_3_2,blue,Fluxo W7M,Lucian + Milio + Xin Zhao + Aurora + Malphite,Malphite + Xin Zhao + Aurora + Lucian + Milio,False,5
Esports World Cup 2026/Online Qualifiers/South America_Round 1_3_2,red,paiN Gaming,Jarvan IV + Nautilus + Miss Fortune + Jayce + Taliyah,Jayce + Jarvan IV + Taliyah + Miss Fortune + Nautilus,False,5
Esports World Cup 2026/Online Qualifiers/South America_Round 1_3_3,blue,Fluxo W7M,Pantheon + Mel + Pyke + LeBlanc + Yorick,Yorick + Pantheon + LeBlanc + Mel + Pyke,False,5
Esports World Cup 2026/Online Qualifiers/South America_Round 1_3_3,red,paiN Gaming,Ashe + Seraphine + Olaf + Gnar + Ahri,Gnar + Olaf + Ahri + Ashe + Seraphine,False,5
2026 Asia Masters_Day 1_1_1,blue,Dplus Kia Challengers,Ryze + Miss Fortune + Nautilus + Viego + Rumble,K'Sante + Wukong + Anivia + Ezreal + Karma,True,5
2026 Asia Masters_Day 1_1_1,red,EDward Gaming Youth Team,Ezreal + Karma + Anivia + Wukong + K'Sante,Rumble + Viego + Ryze + Miss Fortune + Nautilus,True,5
2026 Asia Masters_Day 1_2_1,blue,FENNEL,Varus + Vi + Nautilus + Taliyah + Rumble,Rumble + Vi + Taliyah + Varus + Nautilus,False,5
2026 Asia Masters_Day 1_2_1,red,Bilibili Gaming Junior,Lucian + Milio + Orianna + Xin Zhao + Sion,Sion + Xin Zhao + Orianna + Lucian + Milio,False,5
2026 Asia Masters_Day 1_3_1,blue,Saigon Warriors,Ezreal + Nautilus + Rumble + Ryze + Pantheon,Rumble + Pantheon + Ryze + Ezreal + Nautilus,False,5
2026 Asia Masters_Day 1_3_1,red,Nongshim Esports Academy,Lucian + Milio + K'Sante + Skarner + Taliyah,K'Sante + Skarner + Taliyah + Lucian + Milio,False,5
2026 Asia Masters_Day 1_4_1,blue,Saigon Dino,Orianna + Milio + Lucian + Ornn + Lee Sin,Rumble + Jarvan IV + Akali + Caitlyn + Bard,True,5
2026 Asia Masters_Day 1_4_1,red,Weibo Gaming Youth Team,Jarvan IV + Akali + Rumble + Bard + Caitlyn,Ornn + Lee Sin + Orianna + Lucian + Milio,True,5
LPL/2026 Season/Split 2 Playoffs_Round 3_1_1,blue,Anyone's Legend,Seraphine + Caitlyn + Sion + Wukong + Ahri,Shen + Pantheon + Cassiopeia + Ashe + Lulu,True,5
LPL/2026 Season/Split 2 Playoffs_Round 3_1_1,red,Bilibili Gaming,Ashe + Cassiopeia + Shen + Pantheon + Lulu,Sion + Wukong + Ahri + Caitlyn + Seraphine,True,5
2026 Asia Masters_Day 1_5_1,blue,KT Rolster Challengers,Milio + Lucian + Xin Zhao + Sion + Ahri,Sion + Xin Zhao + Ahri + Lucian + Milio,False,5
2026 Asia Masters_Day 1_5_1,red,T1 Esports Academy,Rumble + Vi + Cassiopeia + Senna + Alistar,Rumble + Vi + Cassiopeia + Senna + Alistar,False,5
LPL/2026 Season/Split 2 Playoffs_Round 3_1_2,blue,Bilibili Gaming,Naafiri + Lucian + Milio + K'Sante + Aurora,Jayce + Lee Sin + Ryze + Senna + Alistar,True,5
LPL/2026 Season/Split 2 Playoffs_Round 3_1_2,red,Anyone's Legend,Ryze + Lee Sin + Jayce + Senna + Alistar,K'Sante + Naafiri + Aurora + Lucian + Milio,True,5
2026 Asia Masters_Day 1_6_1,blue,Top Esports Challenger,Karma + Orianna + Rumble + Sivir + Skarner,Udyr + Lee Sin + Galio + Ezreal + Seraphine,True,5
2026 Asia Masters_Day 1_6_1,red,CTBC Flying Oyster Academy,Ezreal + Seraphine + Galio + Udyr + Lee Sin,Rumble + Skarner + Orianna + Sivir + Karma,True,5
LPL/2026 Season/Split 2 Playoffs_Round 3_1_3,blue,Bilibili Gaming,Ezreal + Bard + Twisted Fate + Rek'Sai + Nidalee,Renekton + Jarvan IV + Mel + Sivir + Karma,True,5
LPL/2026 Season/Split 2 Playoffs_Round 3_1_3,red,Anyone's Legend,Karma + Jarvan IV + Sivir + Renekton + Mel,Rek'Sai + Nidalee + Twisted Fate + Ezreal + Bard,True,5
EMEA Masters/2026 Season/Spring Play-In_Round 1_8_1,blue,Frites Esports Club,Karma + Xin Zhao + Jhin + Vex + Sion,Cho'Gath + Wukong + Cassiopeia + Lucian + Milio,True,5
EMEA Masters/2026 Season/Spring Play-In_Round 1_8_1,red,Ruddy Corporation,Lucian + Milio + Cassiopeia + Wukong + Cho'Gath,Sion + Xin Zhao + Vex + Jhin + Karma,True,5
EMEA Masters/2026 Season/Spring Play-In_Round 1_2_1,blue,Otter Side,Cassiopeia + Varus + Nautilus + Dr. Mundo + Rumble,Jayce + Xin Zhao + Viktor + Ezreal + Braum,True,5
EMEA Masters/2026 Season/Spring Play-In_Round 1_2_1,red,E WIE EINFACH E-SPORTS,Ezreal + Viktor + Braum + Xin Zhao + Jayce,Rumble + Dr. Mundo + Cassiopeia + Varus + Nautilus,True,5
EMEA Masters/2026 Season/Spring Play-In_Round 1_4_1,blue,GMBLERS Esports,Orianna + Ezreal + Bard + Naafiri + K'Sante,Ornn + Xin Zhao + LeBlanc + Caitlyn + Neeko,True,5
EMEA Masters/2026 Season/Spring Play-In_Round 1_4_1,red,Nightbirds,Caitlyn + Xin Zhao + Neeko + LeBlanc + Ornn,K'Sante + Naafiri + Orianna + Ezreal + Bard,True,5
EMEA Masters/2026 Season/Spring Play-In_Round 1_5_1,blue,mCon esports,Varus + Ivern + Nautilus + K'Sante + Hwei,K'Sante + Ivern + Hwei + Varus + Nautilus,False,5
EMEA Masters/2026 Season/Spring Play-In_Round 1_5_1,red,GOAL,Nocturne + Ezreal + Rell + Ryze + Vayne,Vayne + Nocturne + Ryze + Ezreal + Rell,False,5
EMEA Masters/2026 Season/Spring Play-In_Round 1_6_1,blue,Bomba Team,Cassiopeia + K'Sante + Ezreal + Wukong + Rell,Twisted Fate + Udyr + Aurora + Corki + Bard,True,5
EMEA Masters/2026 Season/Spring Play-In_Round 1_6_1,red,Magaza Esports,Aurora + Bard + Corki + Twisted Fate + Udyr,K'Sante + Wukong + Cassiopeia + Ezreal + Rell,True,5
EMEA Masters/2026 Season/Spring Play-In_Round 1_7_1,blue,CITA Kaizen,Ryze + Caitlyn + Karma + Volibear + Wukong,Gnar + Lee Sin + Akali + Ezreal + Nautilus,True,5
EMEA Masters/2026 Season/Spring Play-In_Round 1_7_1,red,Bubliki,Ezreal + Lee Sin + Nautilus + Akali + Gnar,Volibear + Wukong + Ryze + Caitlyn + Karma,True,5
EMEA Masters/2026 Season/Spring Play-In_Round 1_1_1,blue,Karmine Corp Blue,Cassiopeia + Jhin + Nautilus + Rumble + Pantheon,Rumble + Pantheon + Cassiopeia + Jhin + Nautilus,False,5
EMEA Masters/2026 Season/Spring Play-In_Round 1_1_1,red,Partizan Sangal,Ezreal + Nocturne + Leona + Viktor + K'Sante,K'Sante + Nocturne + Viktor + Ezreal + Leona,False,5
Esports World Cup 2026/Online Qualifiers/South America_Round 1_4_1,blue,Leviatan,Cassiopeia + Rumble + Vi + Ashe + Rell,K'Sante + Pantheon + Anivia + Ezreal + Seraphine,True,5
Esports World Cup 2026/Online Qualifiers/South America_Round 1_4_1,red,paiN Gaming,Pantheon + Anivia + K'Sante + Seraphine + Ezreal,Rumble + Vi + Cassiopeia + Ashe + Rell,True,5
EMEA Masters/2026 Season/Spring Play-In_Round 2_7_1,blue,Frites Esports Club,Xin Zhao + Yunara + Lulu + Taliyah + Aatrox,Gwen + Trundle + Ahri + Caitlyn + Bard,True,5
EMEA Masters/2026 Season/Spring Play-In_Round 2_7_1,red,Magaza Esports,Caitlyn + Bard + Ahri + Trundle + Gwen,Aatrox + Xin Zhao + Taliyah + Yunara + Lulu,True,5
EMEA Masters/2026 Season/Spring Play-In_Round 2_6_1,blue,Otter Side,Senna + Nautilus + Wukong + K'Sante + Cassiopeia,K'Sante + Wukong + Cassiopeia + Senna + Nautilus,False,5
EMEA Masters/2026 Season/Spring Play-In_Round 2_6_1,red,GMBLERS Esports,Jarvan IV + Caitlyn + Rell + Rumble + Anivia,Rumble + Jarvan IV + Anivia + Caitlyn + Rell,False,5
EMEA Masters/2026 Season/Spring Play-In_Round 2_8_1,blue,Partizan Sangal,Varus + Rek'Sai + Mel + Rell + Ornn,Aatrox + Nocturne + Syndra + Ashe + Milio,True,5
EMEA Masters/2026 Season/Spring Play-In_Round 2_8_1,red,Bubliki,Ashe + Nocturne + Milio + Syndra + Aatrox,Ornn + Rek'Sai + Varus + Mel + Rell,True,5
EMEA Masters/2026 Season/Spring Play-In_Round 2_5_1,blue,mCon esports,Ezreal + Bard + Jayce + Naafiri + Akali,Jayce + Naafiri + Akali + Ezreal + Bard,False,5
EMEA Masters/2026 Season/Spring Play-In_Round 2_5_1,red,FN Esports,Ashe + Seraphine + Vi + Cassiopeia + K'Sante,K'Sante + Vi + Cassiopeia + Ashe + Seraphine,False,5
EMEA Masters/2026 Season/Spring Play-In_Round 2_1_1,blue,CITA Kaizen,Orianna + Vi + Varus + K'Sante + Alistar,Rumble + Lee Sin + Irelia + Senna + Tahm Kench,True,5
EMEA Masters/2026 Season/Spring Play-In_Round 2_1_1,red,Karmine Corp Blue,Rumble + Lee Sin + Irelia + Senna + Tahm Kench,K'Sante + Vi + Orianna + Varus + Alistar,True,5
EMEA Masters/2026 Season/Spring Play-In_Round 2_4_1,blue,Bomba Team,Orianna + Wukong + Ezreal + Sion + Rakan,Varus + Nocturne + Aurora + Caitlyn + Neeko,True,5
EMEA Masters/2026 Season/Spring Play-In_Round 2_4_1,red,Ruddy Corporation,Nocturne + Varus + Aurora + Caitlyn + Neeko,Sion + Wukong + Orianna + Ezreal + Rakan,True,5
EMEA Masters/2026 Season/Spring Play-In_Round 2_2_1,blue,E WIE EINFACH E-SPORTS,Cassiopeia + Naafiri + Sion + Varus + Leona,Sion + Naafiri + Cassiopeia + Varus + Leona,False,5
EMEA Masters/2026 Season/Spring Play-In_Round 2_2_1,red,Nightbirds,Ezreal + Jarvan IV + Viktor + Gnar + Alistar,Gnar + Jarvan IV + Viktor + Ezreal + Alistar,False,5
EMEA Masters/2026 Season/Spring Play-In_Round 2_3_1,blue,GOAL,Varus + Skarner + Bard + Ezreal + LeBlanc,Jayce + Pantheon + Aurora + Senna + Nautilus,True,5
EMEA Masters/2026 Season/Spring Play-In_Round 2_3_1,red,Verdant,Senna + Pantheon + Nautilus + Aurora + Jayce,Varus + Skarner + LeBlanc + Ezreal + Bard,True,5
Esports World Cup 2026/Online Qualifiers/South America_Round 1_4_2,blue,Leviatan,Ryze + Xayah + Rakan + Sion + Naafiri,Jayce + Jarvan IV + Ahri + Zeri + Lulu,True,5
Esports World Cup 2026/Online Qualifiers/South America_Round 1_4_2,red,paiN Gaming,Jarvan IV + Ahri + Jayce + Zeri + Lulu,Sion + Naafiri + Ryze + Xayah + Rakan,True,5
EMEA Masters/2026 Season/Spring Play-In_Round 3_1_1,blue,Karmine Corp Blue,Anivia + Jhin + Nautilus + Xin Zhao + Renekton,Renekton + Xin Zhao + Anivia + Jhin + Nautilus,False,5
EMEA Masters/2026 Season/Spring Play-In_Round 3_1_1,red,Verdant,Ezreal + Karma + Jarvan IV + Aurora + Jax,Jax + Jarvan IV + Aurora + Ezreal + Karma,False,5
EMEA Masters/2026 Season/Spring Play-In_Round 3_5_1,blue,CITA Kaizen,Orianna + Karma + Naafiri + Caitlyn + Sion,Rumble + Bel'Veth + Ryze + Ezreal + Camille,True,5
EMEA Masters/2026 Season/Spring Play-In_Round 3_5_1,red,Nightbirds,Ezreal + Rumble + Bel'Veth + Ryze + Camille,Sion + Naafiri + Orianna + Caitlyn + Karma,True,5
EMEA Masters/2026 Season/Spring Play-In_Round 3_7_1,blue,Magaza Esports,Lulu + Yunara + Anivia + Jarvan IV + K'Sante,K'Sante + Jarvan IV + Anivia + Yunara + Lulu,False,5
EMEA Masters/2026 Season/Spring Play-In_Round 3_7_1,red,GMBLERS Esports,Lucian + Milio + Vi + Cassiopeia + Gwen,Gwen + Vi + Cassiopeia + Lucian + Milio,False,5
EMEA Masters/2026 Season/Spring Play-In_Round 3_2_1,blue,E WIE EINFACH E-SPORTS,Ashe + Aatrox + Lulu + Viktor + Dr. Mundo,Rumble + Viego + Sion + Ezreal + Pyke,True,5
EMEA Masters/2026 Season/Spring Play-In_Round 3_2_1,red,Ruddy Corporation,Sion + Ezreal + Pyke + Viego + Rumble,Aatrox + Dr. Mundo + Viktor + Ashe + Lulu,True,5
EMEA Masters/2026 Season/Spring Play-In_Round 3_3_1,blue,Bomba Team,Nocturne + Nautilus + Ryze + Jhin + K'Sante,Rumble + Wukong + Anivia + Corki + Rell,True,5
EMEA Masters/2026 Season/Spring Play-In_Round 3_3_1,red,Otter Side,Wukong + Corki + Anivia + Rumble + Rell,K'Sante + Nocturne + Ryze + Jhin + Nautilus,True,5
EMEA Masters/2026 Season/Spring Play-In_Round 3_4_1,blue,Partizan Sangal,Nocturne + Orianna + Rumble + Sivir + Alistar,Rumble + Nocturne + Orianna + Sivir + Alistar,False,5
EMEA Masters/2026 Season/Spring Play-In_Round 3_4_1,red,GOAL,Senna + Wukong + Akali + K'Sante + Rell,K'Sante + Wukong + Akali + Senna + Rell,False,5
EMEA Masters/2026 Season/Spring Play-In_Round 3_6_1,blue,Frites Esports Club,Anivia + Ezreal + Bard + Skarner + Twisted Fate,Twisted Fate + Skarner + Anivia + Ezreal + Bard,False,5
EMEA Masters/2026 Season/Spring Play-In_Round 3_6_1,red,FN Esports,Caitlyn + Nocturne + Nautilus + Akali + Irelia,Irelia + Nocturne + Akali + Caitlyn + Nautilus,False,5
EMEA Masters/2026 Season/Spring Play-In_Round 3_8_1,blue,Bubliki,Seraphine + Pantheon + Ashe + Jayce + Taliyah,Pantheon + Jayce + Taliyah + Ashe + Seraphine,False,5
EMEA Masters/2026 Season/Spring Play-In_Round 3_8_1,red,mCon esports,Nautilus + Varus + Ryze + Ivern + Yorick,Yorick + Ivern + Ryze + Varus + Nautilus,False,5
EMEA Masters/2026 Season/Spring Play-In_Round 4_2_1,blue,CITA Kaizen,Orianna + Nautilus + Senna + Xin Zhao + Gnar,Malphite + Lee Sin + Ryze + Ezreal + K'Sante,True,5
EMEA Masters/2026 Season/Spring Play-In_Round 4_2_1,red,Verdant,Ezreal + Lee Sin + K'Sante + Ryze + Malphite,Gnar + Xin Zhao + Orianna + Senna + Nautilus,True,5
EMEA Masters/2026 Season/Spring Play-In_Round 4_5_1,blue,GOAL,Pantheon + Nautilus + Rumble + Jinx + Gwen,Rumble + Pantheon + Gwen + Jinx + Nautilus,False,5
EMEA Masters/2026 Season/Spring Play-In_Round 4_5_1,red,GMBLERS Esports,Lucian + Wukong + Braum + Syndra + Galio,Galio + Wukong + Syndra + Lucian + Braum,False,5
Esports World Cup 2026/Online Qualifiers/South America_Round 2_1_1,blue,LØS,Cassiopeia + Vi + Rumble + Alistar + Ezreal,K'Sante + Shen + Orianna + Varus + Neeko,True,5
Esports World Cup 2026/Online Qualifiers/South America_Round 2_1_1,red,Vivo Keyd Stars,Orianna + Varus + Neeko + Shen + K'Sante,Rumble + Vi + Cassiopeia + Ezreal + Alistar,True,5
EMEA Masters/2026 Season/Spring Play-In_Round 4_1_1,blue,Bomba Team,Anivia + Nautilus + Jhin + Twisted Fate + Trundle,Jayce + Xin Zhao + Aurora + Ezreal + Karma,True,5
EMEA Masters/2026 Season/Spring Play-In_Round 4_1_1,red,Frites Esports Club,Ezreal + Karma + Aurora + Xin Zhao + Jayce,Anivia + Trundle + Twisted Fate + Jhin + Nautilus,True,5
EMEA Masters/2026 Season/Spring Play-In_Round 4_6_1,blue,mCon esports,Ezreal + Rell + Zaahen + K'Sante + Taliyah,K'Sante + Zaahen + Taliyah + Ezreal + Rell,False,5
EMEA Masters/2026 Season/Spring Play-In_Round 4_6_1,red,Otter Side,Senna + Nautilus + Ahri + Wukong + Rumble,Rumble + Wukong + Ahri + Senna + Nautilus,False,5
EMEA Masters/2026 Season/Spring Play-In_Round 4_3_1,blue,Partizan Sangal,Karma + Wukong + Jhin + Viktor + Ornn,Aatrox + Nocturne + Cassiopeia + Ashe + Seraphine,True,5
EMEA Masters/2026 Season/Spring Play-In_Round 4_3_1,red,Ruddy Corporation,Ashe + Nocturne + Seraphine + Cassiopeia + Aatrox,Ornn + Wukong + Viktor + Jhin + Karma,True,5
EMEA Masters/2026 Season/Spring Play-In_Round 4_4_1,blue,FN Esports,Cassiopeia + Ezreal + Nautilus + K'Sante + Wukong,Rumble + Trundle + Hwei + Ashe + Braum,True,5
EMEA Masters/2026 Season/Spring Play-In_Round 4_4_1,red,Nightbirds,Ashe + Rumble + Braum + Hwei + Trundle,K'Sante + Wukong + Cassiopeia + Ezreal + Nautilus,True,5
Esports World Cup 2026/Online Qualifiers/South America_Round 2_1_2,blue,Vivo Keyd Stars,Viktor + Sion + Wukong + Lulu + Sivir,Sion + Wukong + Viktor + Sivir + Lulu,False,5
Esports World Cup 2026/Online Qualifiers/South America_Round 2_1_2,red,LØS,Ryze + Pantheon + Gnar + Rakan + Vayne,Gnar + Pantheon + Ryze + Vayne + Rakan,False,5
EMEA Masters/2026 Season/Spring Play-In_Round 5_1_1,blue,Verdant,Xin Zhao + Jhin + Bard + Gangplank + Mel,Gangplank + Xin Zhao + Mel + Jhin + Bard,False,5
EMEA Masters/2026 Season/Spring Play-In_Round 5_1_1,red,Ruddy Corporation,Karma + Trundle + Vex + Ashe + Aurora,Aurora + Trundle + Vex + Ashe + Karma,False,5
EMEA Masters/2026 Season/Spring Play-In_Round 5_2_1,blue,GOAL,Nocturne + Bard + Rumble + Sivir + Yone,Rumble + Nocturne + Yone + Sivir + Bard,False,5
EMEA Masters/2026 Season/Spring Play-In_Round 5_2_1,red,Nightbirds,Ryze + Jarvan IV + Nautilus + Ambessa + Xayah,Ambessa + Jarvan IV + Ryze + Xayah + Nautilus,False,5
EMEA Masters/2026 Season/Spring Play-In_Round 5_3_1,blue,mCon esports,Ezreal + Bard + Akali + Trundle + Rumble,Rumble + Trundle + Akali + Ezreal + Bard,False,5
EMEA Masters/2026 Season/Spring Play-In_Round 5_3_1,red,Bomba Team,Caitlyn + Cassiopeia + Nautilus + Pantheon + LeBlanc,Cassiopeia + Pantheon + LeBlanc + Caitlyn + Nautilus,False,5
Esports World Cup 2026/Online Qualifiers/South America_Round 2_1_3,blue,Vivo Keyd Stars,Nocturne + Mel + Pyke + Jayce + Galio,Yorick + Jarvan IV + Aurora + Ashe + Leona,True,5
Esports World Cup 2026/Online Qualifiers/South America_Round 2_1_3,red,LØS,Jarvan IV + Ashe + Leona + Aurora + Yorick,Jayce + Nocturne + Galio + Mel + Pyke,True,5
Esports World Cup 2026/Online Qualifiers/South America_Round 2_2_1,blue,Fluxo W7M,Ryze + K'Sante + Xin Zhao + Xayah + Rakan,Rumble + Vi + Ahri + Jhin + Alistar,True,5
Esports World Cup 2026/Online Qualifiers/South America_Round 2_2_1,red,RED Canids,Rumble + Vi + Ahri + Jhin + Alistar,K'Sante + Xin Zhao + Ryze + Xayah + Rakan,True,5
Esports World Cup 2026/Online Qualifiers/South America_Round 2_2_2,blue,RED Canids,Bard + Caitlyn + Sion + Annie + Ambessa,Gwen + Wukong + Galio + Ezreal + Karma,True,5
Esports World Cup 2026/Online Qualifiers/South America_Round 2_2_2,red,Fluxo W7M,Ezreal + Karma + Gwen + Wukong + Galio,Sion + Ambessa + Annie + Caitlyn + Bard,True,5
Liga Regional Norte/2026 Season/Split 1 Playoffs_Finals_1_1,blue,G3V E-sports,Rumble + Lucian + Milio + Pantheon + Orianna,K'Sante + Naafiri + Akali + Caitlyn + Karma,True,5
Liga Regional Norte/2026 Season/Split 1 Playoffs_Finals_1_1,red,Fuego,Caitlyn + Karma + K'Sante + Naafiri + Akali,Rumble + Pantheon + Orianna + Lucian + Milio,True,5
Liga Regional Norte/2026 Season/Split 1 Playoffs_Finals_1_2,blue,G3V E-sports,Jarvan IV + Kai'Sa + Rakan + Jayce + Twisted Fate,Renekton + Wukong + Ryze + Ezreal + Bard,True,5
Liga Regional Norte/2026 Season/Split 1 Playoffs_Finals_1_2,red,Fuego,Ezreal + Bard + Wukong + Ryze + Renekton,Jayce + Jarvan IV + Twisted Fate + Kai'Sa + Rakan,True,5
Liga Regional Norte/2026 Season/Split 1 Playoffs_Finals_1_3,blue,G3V E-sports,Xin Zhao + Ashe + Nautilus + Jax + Taliyah,Dr. Mundo + Aatrox + Azir + Jhin + Alistar,True,5
Liga Regional Norte/2026 Season/Split 1 Playoffs_Finals_1_3,red,Fuego,Aatrox + Jhin + Alistar + Azir + Dr. Mundo,Jax + Xin Zhao + Taliyah + Ashe + Nautilus,True,5
2026 Asia Masters_Day 2_1_1,blue,Dplus Kia Challengers,Ryze + Nautilus + Rumble + Jhin + Trundle,K'Sante + Naafiri + Twisted Fate + Ezreal + Karma,True,5
2026 Asia Masters_Day 2_1_1,red,Top Esports Challenger,Ezreal + Karma + K'Sante + Twisted Fate + Naafiri,Rumble + Trundle + Ryze + Jhin + Nautilus,True,5
2026 Asia Masters_Day 2_1_2,blue,Dplus Kia Challengers,Cassiopeia + Lucian + Milio + Sion + Pantheon,Sion + Pantheon + Cassiopeia + Lucian + Milio,False,5
2026 Asia Masters_Day 2_1_2,red,Top Esports Challenger,Ashe + Seraphine + Vi + Ahri + Shen,Shen + Vi + Ahri + Ashe + Seraphine,False,5
2026 Asia Masters_Day 2_2_1,blue,Bilibili Gaming Junior,Ezreal + Karma + Cassiopeia + Sion + Ambessa,Sion + Ambessa + Cassiopeia + Ezreal + Karma,False,5
2026 Asia Masters_Day 2_2_1,red,T1 Esports Academy,Varus + Rumble + Bard + Akali + Lee Sin,Rumble + Lee Sin + Akali + Varus + Bard,False,5
2026 Asia Masters_Day 2_2_2,blue,T1 Esports Academy,Vi + Yorick + Ahri + Alistar + Yunara,Yorick + Vi + Ahri + Yunara + Alistar,False,5
2026 Asia Masters_Day 2_2_2,red,Bilibili Gaming Junior,Nocturne + Jayce + Sylas + Sivir + Tahm Kench,Jayce + Nocturne + Sylas + Sivir + Tahm Kench,False,5
2026 Asia Masters_Day 2_3_1,blue,Nongshim Esports Academy,Milio + Vi + Lucian + Viktor + Jax,Gnar + Xin Zhao + Aurora + Yunara + Lulu,True,5
2026 Asia Masters_Day 2_3_1,red,Weibo Gaming Youth Team,Yunara + Lulu + Xin Zhao + Aurora + Gnar,Jax + Vi + Viktor + Lucian + Milio,True,5
2026 Asia Masters_Day 2_3_2,blue,Nongshim Esports Academy,Ryze + Ashe + Seraphine + Trundle + K'Sante,Vayne + Naafiri + Mel + Varus + Nautilus,True,5
2026 Asia Masters_Day 2_3_2,red,Weibo Gaming Youth Team,Varus + Naafiri + Nautilus + Mel + Vayne,K'Sante + Trundle + Ryze + Ashe + Seraphine,True,5
EMEA Masters/2026 Season/Spring Play-In_Qualification Round_2_1,blue,Partizan Sangal,Cassiopeia + Ashe + Seraphine + Wukong + K'Sante,K'Sante + Wukong + Cassiopeia + Ashe + Seraphine,False,5
EMEA Masters/2026 Season/Spring Play-In_Qualification Round_2_1,red,CITA Kaizen,Ezreal + Bard + Orianna + Rumble + Bel'Veth,Rumble + Bel'Veth + Orianna + Ezreal + Bard,False,5
EMEA Masters/2026 Season/Spring Play-In_Qualification Round_1_1,blue,GOAL,Orianna + Ezreal + Neeko + Sion + Viego,Rumble + Lee Sin + Ryze + Sivir + Bard,True,5
EMEA Masters/2026 Season/Spring Play-In_Qualification Round_1_1,red,E WIE EINFACH E-SPORTS,Rumble + Bard + Ryze + Sivir + Lee Sin,Sion + Viego + Orianna + Ezreal + Neeko,True,5
EMEA Masters/2026 Season/Spring Play-In_Qualification Round_2_2,blue,Partizan Sangal,Ryze + Lucian + Milio + Gnar + Skarner,Gnar + Skarner + Ryze + Lucian + Milio,False,5
EMEA Masters/2026 Season/Spring Play-In_Qualification Round_2_2,red,CITA Kaizen,Naafiri + Karma + Zeri + Viktor + Yorick,Yorick + Naafiri + Viktor + Zeri + Karma,False,5
EMEA Masters/2026 Season/Spring Play-In_Qualification Round_1_2,blue,E WIE EINFACH E-SPORTS,Varus + Rell + Wukong + Gnar + Aurelion Sol,Poppy + Darius + Aurora + Ashe + Seraphine,True,5
EMEA Masters/2026 Season/Spring Play-In_Qualification Round_1_2,red,GOAL,Seraphine + Darius + Poppy + Ashe + Aurora,Gnar + Wukong + Aurelion Sol + Varus + Rell,True,5
Streamers Clash/Season 4_Round 1_1_1,blue,VEDICI DEEMONS,Amumu + Sivir + Ornn + Ryze + Aatrox,Ornn + Aatrox + Ryze + Sivir + Amumu,False,5
Streamers Clash/Season 4_Round 1_1_1,red,FREEZŮV WOLT DŮCHOĎÁK,Malphite + Nautilus + Varus + Mordekaiser + Viego,Mordekaiser + Viego + Malphite + Varus + Nautilus,False,5
EMEA Masters/2026 Season/Spring Play-In_Qualification Round_4_1,blue,Bomba Team,Rumble + Nautilus + Corki + Aatrox + Taliyah,Rumble + Aatrox + Taliyah + Corki + Nautilus,False,5
EMEA Masters/2026 Season/Spring Play-In_Qualification Round_4_1,red,Frites Esports Club,Ryze + Ezreal + Skarner + Leona + Vayne,Vayne + Skarner + Ryze + Ezreal + Leona,False,5
EMEA Masters/2026 Season/Spring Play-In_Qualification Round_3_1,blue,Karmine Corp Blue,Ezreal + Rell + Nocturne + Aurora + Renekton,Renekton + Nocturne + Aurora + Ezreal + Rell,False,5
EMEA Masters/2026 Season/Spring Play-In_Qualification Round_3_1,red,Verdant,Ryze + Nautilus + Senna + Lee Sin + Zaahen,Zaahen + Lee Sin + Ryze + Senna + Nautilus,False,5
Streamers Clash/Season 4_Round 1_1_2,blue,FREEZŮV WOLT DŮCHOĎÁK,Cho'Gath + Shen + Maokai + Caitlyn + Rell,Cho'Gath + Shen + Maokai + Caitlyn + Rell,False,5
Streamers Clash/Season 4_Round 1_1_2,red,VEDICI DEEMONS,Sejuani + Wukong + Azir + Senna + Seraphine,Sejuani + Wukong + Azir + Senna + Seraphine,False,5
EMEA Masters/2026 Season/Spring Play-In_Qualification Round_3_2,blue,Karmine Corp Blue,Jarvan IV + Yunara + Pyke + Sion + Annie,Aatrox + Vi + Sylas + Varus + Rakan,True,5
EMEA Masters/2026 Season/Spring Play-In_Qualification Round_3_2,red,Verdant,Varus + Vi + Rakan + Sylas + Aatrox,Sion + Jarvan IV + Annie + Yunara + Pyke,True,5
EMEA Masters/2026 Season/Spring Play-In_Qualification Round_4_2,blue,Bomba Team,Caitlyn + Neeko + Nocturne + Galio + Jayce,Jayce + Nocturne + Galio + Caitlyn + Neeko,False,5
EMEA Masters/2026 Season/Spring Play-In_Qualification Round_4_2,red,Frites Esports Club,Lucian + Milio + Akali + Aurora + Vi,Akali + Vi + Aurora + Lucian + Milio,False,5
Streamers Clash/Season 4_Round 1_2_1,blue,STOPERCENTNÁ KAMILOVA TUTOFKA,Gwen + Maokai + Milio + Galio + Wukong,Gwen + Wukong + Galio + Milio + Maokai,False,5
Streamers Clash/Season 4_Round 1_2_1,red,HERDYNŮV LANGUSTA TÝM,Nasus + Morgana + Zaahen + Nautilus + Viktor,Nasus + Zaahen + Viktor + Morgana + Nautilus,False,5
Streamers Clash/Season 4_Round 1_2_2,blue,HERDYNŮV LANGUSTA TÝM,Amumu + Seraphine + Lillia + Zed + Renekton,Renekton + Lillia + Zed + Seraphine + Amumu,False,5
Streamers Clash/Season 4_Round 1_2_2,red,STOPERCENTNÁ KAMILOVA TUTOFKA,Yuumi + Ashe + Sylas + Lissandra + Tryndamere,Tryndamere + Sylas + Lissandra + Ashe + Yuumi,False,5
Circuito Desafiante/2026 Season/Split 2 Promotion_Round 3_1_1,blue,Team Solid (Brazilian Team),Ezreal + Wukong + Nautilus + Viktor + Renekton,K'Sante + Jarvan IV + Cassiopeia + Sivir + Bard,True,5
Circuito Desafiante/2026 Season/Split 2 Promotion_Round 3_1_1,red,Marere Invokers,Jarvan IV + Bard + Sivir + Cassiopeia + K'Sante,Renekton + Wukong + Viktor + Ezreal + Nautilus,True,5
Liga Regional Sur/2026 Season/Split 1 Playoffs_Finals_1_1,blue,Volticons,Karma + Sivir + Ryze + Sion + Aatrox,Sion + Aatrox + Ryze + Sivir + Karma,False,5
Liga Regional Sur/2026 Season/Split 1 Playoffs_Finals_1_1,red,Golden Lions,Varus + Leona + Anivia + Nocturne + Shen,Shen + Nocturne + Anivia + Varus + Leona,False,5
Circuito Desafiante/2026 Season/Split 2 Promotion_Round 3_1_2,blue,Team Solid (Brazilian Team),Orianna + Ambessa + Pantheon + Leona + Jhin,Ambessa + Pantheon + Orianna + Jhin + Leona,False,5
Circuito Desafiante/2026 Season/Split 2 Promotion_Round 3_1_2,red,Marere Invokers,Seraphine + Syndra + Gnar + Xin Zhao + Braum,Gnar + Xin Zhao + Syndra + Seraphine + Braum,False,5
Liga Regional Sur/2026 Season/Split 1 Playoffs_Finals_1_2,blue,Volticons,Cassiopeia + Wukong + Rumble + Alistar + Miss Fortune,Rumble + Wukong + Cassiopeia + Miss Fortune + Alistar,False,5
Liga Regional Sur/2026 Season/Split 1 Playoffs_Finals_1_2,red,Golden Lions,Xerath + Nautilus + K'Sante + Nasus + Senna,K'Sante + Nasus + Xerath + Senna + Nautilus,False,5
Circuito Desafiante/2026 Season/Split 2 Promotion_Round 3_1_3,blue,Team Solid (Brazilian Team),Caitlyn + Ahri + Neeko + Vi + Aatrox,Aatrox + Vi + Ahri + Caitlyn + Neeko,False,5
Circuito Desafiante/2026 Season/Split 2 Promotion_Round 3_1_3,red,Marere Invokers,Mel + Aurora + Karma + Sion + Naafiri,Sion + Naafiri + Aurora + Mel + Karma,False,5
Liga Regional Sur/2026 Season/Split 1 Playoffs_Finals_1_3,blue,Volticons,Viktor + Yasuo + Rakan + Hecarim + Renekton,Gnar + Vi + Galio + Ashe + Seraphine,True,5
Liga Regional Sur/2026 Season/Split 1 Playoffs_Finals_1_3,red,Golden Lions,Ashe + Seraphine + Galio + Vi + Gnar,Renekton + Hecarim + Viktor + Yasuo + Rakan,True,5
Circuito Desafiante/2026 Season/Split 2 Promotion_Round 3_1_4,blue,Team Solid (Brazilian Team),Nasus + Xayah + Rakan + Jayce + LeBlanc,Jayce + Nasus + LeBlanc + Xayah + Rakan,False,5
Circuito Desafiante/2026 Season/Split 2 Promotion_Round 3_1_4,red,Marere Invokers,Zyra + Miss Fortune + Renata Glasc + Hwei + Vayne,Vayne + Zyra + Hwei + Miss Fortune + Renata Glasc,False,5
2026 Asia Masters_Day 3_2_1,blue,FENNEL,Cassiopeia + Wukong + Rumble + Leona + Jhin,Rumble + Wukong + Cassiopeia + Jhin + Leona,False,5
2026 Asia Masters_Day 3_2_1,red,KT Rolster Challengers,Orianna + Lee Sin + K'Sante + Bard + Sivir,K'Sante + Lee Sin + Orianna + Sivir + Bard,False,5
2026 Asia Masters_Day 3_2_2,blue,KT Rolster Challengers,Milio + Lucian + Vayne + Sylas + Sejuani,Vayne + Sejuani + Sylas + Lucian + Milio,False,5
2026 Asia Masters_Day 3_2_2,red,FENNEL,Jayce + Senna + Alistar + Ahri + Kha'Zix,Jayce + Kha'Zix + Ahri + Senna + Alistar,False,5
2026 Asia Masters_Day 3_3_1,blue,EDward Gaming Youth Team,Karma + Anivia + Rumble + Sivir + Skarner,K'Sante + Xin Zhao + Ryze + Ezreal + Seraphine,True,5
2026 Asia Masters_Day 3_3_1,red,CTBC Flying Oyster Academy,Ryze + Ezreal + K'Sante + Xin Zhao + Seraphine,Rumble + Skarner + Anivia + Sivir + Karma,True,5
2026 Asia Masters_Day 3_3_2,blue,EDward Gaming Youth Team,Jarvan IV + Yunara + Lulu + Hwei + Jayce,Sion + Vi + Aurora + Lucian + Milio,True,5
2026 Asia Masters_Day 3_3_2,red,CTBC Flying Oyster Academy,Lucian + Milio + Vi + Aurora + Sion,Jayce + Jarvan IV + Hwei + Yunara + Lulu,True,5
EMEA Masters/2026 Season/Spring Main Event_Groups Day 1_3_1,blue,Partizan Sangal,Ryze + Lucian + Milio + Jayce + Aatrox,Aatrox + Jayce + Ryze + Lucian + Milio,False,5
EMEA Masters/2026 Season/Spring Main Event_Groups Day 1_3_1,red,G2 NORD,Ashe + Seraphine + Taliyah + Trundle + Yorick,Yorick + Trundle + Taliyah + Ashe + Seraphine,False,5
EMEA Masters/2026 Season/Spring Main Event_Groups Day 1_4_1,blue,Bomba Team,Cassiopeia + Caitlyn + Karma + Rumble + Aatrox,Rumble + Aatrox + Cassiopeia + Caitlyn + Karma,False,5
EMEA Masters/2026 Season/Spring Main Event_Groups Day 1_4_1,red,Solary,Anivia + Lucian + Nautilus + Wukong + K'Sante,K'Sante + Wukong + Anivia + Lucian + Nautilus,False,5
EMEA Masters/2026 Season/Spring Main Event_Groups Day 1_2_1,blue,HMBLE,Nocturne + Caitlyn + Rumble + Lux + Ahri,Rumble + Nocturne + Ahri + Caitlyn + Lux,False,5
EMEA Masters/2026 Season/Spring Main Event_Groups Day 1_2_1,red,UCAM Esports,Wukong + Neeko + Jhin + K'Sante + LeBlanc,K'Sante + Wukong + LeBlanc + Jhin + Neeko,False,5
EMEA Masters/2026 Season/Spring Main Event_Groups Day 1_1_1,blue,E WIE EINFACH E-SPORTS,Ezreal + Anivia + Seraphine + Trundle + K'Sante,Rumble + Naafiri + Sion + Caitlyn + Bard,True,5
EMEA Masters/2026 Season/Spring Main Event_Groups Day 1_1_1,red,Misa Esports,Sion + Bard + Caitlyn + Naafiri + Rumble,K'Sante + Trundle + Anivia + Ezreal + Seraphine,True,5
Streamers Clash/Season 4_Round 1_3_1,blue,SILNĚJŠÍ SE XNAPYM,Galio + Sylas + Kog'Maw + Maokai + Xin Zhao,Galio + Xin Zhao + Sylas + Kog'Maw + Maokai,False,5
Streamers Clash/Season 4_Round 1_3_1,red,FREEZŮV WOLT DŮCHOĎÁK,Malphite + Amumu + Sivir + Heimerdinger + Trundle,Malphite + Trundle + Heimerdinger + Sivir + Amumu,False,5
EMEA Masters/2026 Season/Spring Main Event_Groups Day 1_3_2,blue,Partizan Sangal,Cassiopeia + Senna + Nautilus + Viktor + Lee Sin,Akali + Xin Zhao + Orianna + Sivir + Leona,True,5
EMEA Masters/2026 Season/Spring Main Event_Groups Day 1_3_2,red,G2 NORD,Orianna + Xin Zhao + Sivir + Leona + Akali,Cassiopeia + Lee Sin + Viktor + Senna + Nautilus,True,5
EMEA Masters/2026 Season/Spring Main Event_Groups Day 1_1_2,blue,Misa Esports,Cassiopeia + Varus + Neeko + Dr. Mundo + Gnar,Jayce + Skarner + Viktor + Ashe + Lulu,True,5
EMEA Masters/2026 Season/Spring Main Event_Groups Day 1_1_2,red,E WIE EINFACH E-SPORTS,Viktor + Ashe + Lulu + Jayce + Skarner,Gnar + Dr. Mundo + Cassiopeia + Varus + Neeko,True,5
EMEA Masters/2026 Season/Spring Main Event_Groups Day 1_4_2,blue,Solary,Varus + Aurora + Pantheon + Tristana + Leona,Jax + Zaahen + Ryze + Yunara + Rell,True,5
EMEA Masters/2026 Season/Spring Main Event_Groups Day 1_4_2,red,Bomba Team,Yunara + Ryze + Rell + Zaahen + Jax,Varus + Pantheon + Aurora + Tristana + Leona,True,5
EMEA Masters/2026 Season/Spring Main Event_Groups Day 1_2_2,blue,HMBLE,Pantheon + Rell + Tristana + Olaf + Viktor,Renekton + Poppy + Akali + Senna + Nautilus,True,5
EMEA Masters/2026 Season/Spring Main Event_Groups Day 1_2_2,red,UCAM Esports,Senna + Nautilus + Poppy + Renekton + Akali,Olaf + Pantheon + Viktor + Tristana + Rell,True,5
Streamers Clash/Season 4_Round 1_3_2,blue,FREEZŮV WOLT DŮCHOĎÁK,Nautilus + Mordekaiser + Veigar + Zyra + Miss Fortune,Mordekaiser + Zyra + Veigar + Miss Fortune + Nautilus,False,5
Streamers Clash/Season 4_Round 1_3_2,red,SILNĚJŠÍ SE XNAPYM,Brand + Ornn + Nasus + Senna + Ahri,Ornn + Nasus + Ahri + Brand + Senna,False,5
EMEA Masters/2026 Season/Spring Main Event_Groups Day 1_5_1,blue,Team Heretics Academy,Karma + Sivir + Jarvan IV + Ahri + Rumble,Rumble + Jarvan IV + Ahri + Sivir + Karma,False,5
EMEA Masters/2026 Season/Spring Main Event_Groups Day 1_5_1,red,Karmine Corp Blue,Ezreal + Ryze + Alistar + Pantheon + K'Sante,K'Sante + Pantheon + Ryze + Ezreal + Alistar,False,5
EMEA Masters/2026 Season/Spring Main Event_Groups Day 1_8_1,blue,Eintracht Spandau,Azir + Lucian + Milio + Rumble + Lee Sin,Rumble + Lee Sin + Azir + Lucian + Milio,False,5
EMEA Masters/2026 Season/Spring Main Event_Groups Day 1_8_1,red,Anubis Gaming,Ezreal + Pantheon + Bard + Cassiopeia + Varus,Varus + Pantheon + Cassiopeia + Ezreal + Bard,False,5
EMEA Masters/2026 Season/Spring Main Event_Groups Day 1_2_3,blue,HMBLE,Jarvan IV + Lucian + Milio + Sion + Hwei,Sion + Jarvan IV + Hwei + Lucian + Milio,False,5
EMEA Masters/2026 Season/Spring Main Event_Groups Day 1_2_3,red,UCAM Esports,Ezreal + Seraphine + Xin Zhao + Ryze + Gnar,Gnar + Xin Zhao + Ryze + Ezreal + Seraphine,False,5
EMEA Masters/2026 Season/Spring Main Event_Groups Day 1_6_1,blue,PCIFIC Esports,Cassiopeia + Ashe + Seraphine + Dr. Mundo + Sion,Sion + Dr. Mundo + Cassiopeia + Ashe + Seraphine,False,5
EMEA Masters/2026 Season/Spring Main Event_Groups Day 1_6_1,red,Forsaken (Polish Team),Senna + LeBlanc + Nautilus + Lee Sin + Gnar,Gnar + Lee Sin + LeBlanc + Senna + Nautilus,False,5
Streamers Clash/Season 4_Round 1_3_3,blue,SILNĚJŠÍ SE XNAPYM,Gwen + Sion + Swain + Ezreal + Rell,Sion + Gwen + Ezreal + Swain + Rell,False,5
Streamers Clash/Season 4_Round 1_3_3,red,FREEZŮV WOLT DŮCHOĎÁK,Shen + Seraphine + Morgana + Jarvan IV + Tristana,Shen + Jarvan IV + Morgana + Tristana + Seraphine,False,5
EMEA Masters/2026 Season/Spring Main Event_Groups Day 1_7_1,blue,WLGaming Esports,Karma + Ezreal + Xin Zhao + Annie + Jayce,Jayce + Xin Zhao + Annie + Ezreal + Karma,False,5
EMEA Masters/2026 Season/Spring Main Event_Groups Day 1_7_1,red,Galions,Jarvan IV + Ashe + Seraphine + Ryze + K'Sante,K'Sante + Jarvan IV + Ryze + Ashe + Seraphine,False,5
EMEA Masters/2026 Season/Spring Main Event_Groups Day 1_5_2,blue,Team Heretics Academy,Anivia + Nautilus + Vi + Renekton + Corki,Sion + Xin Zhao + Akali + Lucian + Milio,True,5
EMEA Masters/2026 Season/Spring Main Event_Groups Day 1_5_2,red,Karmine Corp Blue,Lucian + Milio + Xin Zhao + Akali + Sion,Renekton + Vi + Anivia + Corki + Nautilus,True,5
EMEA Masters/2026 Season/Spring Main Event_Groups Day 1_8_2,blue,Eintracht Spandau,Caitlyn + Skarner + Neeko + Viktor + K'Sante,K'Sante + Skarner + Viktor + Caitlyn + Neeko,False,5
EMEA Masters/2026 Season/Spring Main Event_Groups Day 1_8_2,red,Anubis Gaming,Jhin + Xin Zhao + Alistar + Anivia + Jayce,Jayce + Xin Zhao + Anivia + Jhin + Alistar,False,5
EMEA Masters/2026 Season/Spring Main Event_Groups Day 1_6_2,blue,PCIFIC Esports,Lucian + Jarvan IV + Nami + Jayce + Twisted Fate,Malphite + Wukong + Aurora + Aphelios + Milio,True,5
EMEA Masters/2026 Season/Spring Main Event_Groups Day 1_6_2,red,Forsaken (Polish Team),Milio + Aphelios + Aurora + Wukong + Malphite,Jayce + Jarvan IV + Twisted Fate + Lucian + Nami,True,5
Esports World Cup 2026/Online Qualifiers/South America_Round 2_3_1,blue,LOUD,Jarvan IV + Rumble + Yone + Jhin + Rakan,Ornn + Lee Sin + Ryze + Ezreal + Karma,True,5
Esports World Cup 2026/Online Qualifiers/South America_Round 2_3_1,red,Fluxo W7M,Ezreal + Ryze + Karma + Lee Sin + Ornn,Rumble + Jarvan IV + Yone + Jhin + Rakan,True,5
Streamers Clash/Season 4_Round 1_4_1,blue,TYBLÁHO MEWING SOCIETY,Galio + Braum + Yone + Brand + Skarner,Yone + Skarner + Galio + Brand + Braum,False,5
Streamers Clash/Season 4_Round 1_4_1,red,STOPERCENTNÁ KAMILOVA TUTOFKA,Ashe + Maokai + Nasus + Veigar + Darius,Darius + Nasus + Veigar + Ashe + Maokai,False,5
EMEA Masters/2026 Season/Spring Main Event_Groups Day 1_7_2,blue,Galions,Anivia + Caitlyn + Wukong + Rumble + Pyke,Rumble + Wukong + Anivia + Caitlyn + Pyke,False,5
EMEA Masters/2026 Season/Spring Main Event_Groups Day 1_7_2,red,WLGaming Esports,Aurora + Bard + Jhin + Skarner + Gnar,Gnar + Skarner + Aurora + Jhin + Bard,False,5
EMEA Masters/2026 Season/Spring Main Event_Groups Day 1_6_3,blue,PCIFIC Esports,Rumble + Kai'Sa + Neeko + Vi + Ahri,Rumble + Vi + Ahri + Kai'Sa + Neeko,False,5
EMEA Masters/2026 Season/Spring Main Event_Groups Day 1_6_3,red,Forsaken (Polish Team),Ezreal + Yorick + Rakan + Nocturne + Sylas,Yorick + Nocturne + Sylas + Ezreal + Rakan,False,5
Esports World Cup 2026/Online Qualifiers/South America_Round 2_3_2,blue,LOUD,Pantheon + Senna + Nautilus + Gnar + Zoe,Sion + Trundle + Twisted Fate + Lucian + Milio,True,5
Esports World Cup 2026/Online Qualifiers/South America_Round 2_3_2,red,Fluxo W7M,Lucian + Milio + Trundle + Sion + Twisted Fate,Gnar + Pantheon + Zoe + Senna + Nautilus,True,5
Streamers Clash/Season 4_Round 1_4_2,blue,STOPERCENTNÁ KAMILOVA TUTOFKA,Vladimir + Pantheon + Zilean + Malzahar + Nautilus,Vladimir + Pantheon + Zilean + Malzahar + Nautilus,False,5
Streamers Clash/Season 4_Round 1_4_2,red,TYBLÁHO MEWING SOCIETY,Olaf + Wukong + Swain + Seraphine + Leona,Olaf + Wukong + Swain + Seraphine + Leona,False,5
Streamers Clash/Season 4_Round 3_1_1,blue,VEDICI DEEMONS,Nasus + Morgana + Orianna + Caitlyn + Skarner,Skarner + Nasus + Orianna + Caitlyn + Morgana,False,5
Streamers Clash/Season 4_Round 3_1_1,red,HERDYNŮV LANGUSTA TÝM,Seraphine + Mordekaiser + Bel'Veth + Nautilus + Kassadin,Mordekaiser + Bel'Veth + Kassadin + Seraphine + Nautilus,False,5
Streamers Clash/Season 4_Round 3_1_2,blue,HERDYNŮV LANGUSTA TÝM,Viego + Maokai + Syndra + Kled + Veigar,Kled + Viego + Syndra + Veigar + Maokai,False,5
Streamers Clash/Season 4_Round 3_1_2,red,VEDICI DEEMONS,Viktor + Tristana + Poppy + Leona + Ornn,Ornn + Poppy + Viktor + Tristana + Leona,False,5
Esports World Cup 2026/Online Qualifiers/South America_Round 2_4_1,blue,LØS,Nocturne + Xayah + Rakan + Gnar + Viktor,Sylas + Jarvan IV + Orianna + Lucian + Milio,True,5
Esports World Cup 2026/Online Qualifiers/South America_Round 2_4_1,red,paiN Gaming,Orianna + Milio + Lucian + Jarvan IV + Sylas,Gnar + Nocturne + Viktor + Xayah + Rakan,True,5
Esports World Cup 2026/Online Qualifiers/South America_Round 2_4_2,blue,LØS,Ryze + Miss Fortune + Rell + Trundle + Jayce,Vayne + Pantheon + Anivia + Caitlyn + Karma,True,5
Esports World Cup 2026/Online Qualifiers/South America_Round 2_4_2,red,paiN Gaming,Karma + Caitlyn + Pantheon + Anivia + Vayne,Jayce + Trundle + Ryze + Miss Fortune + Rell,True,5
2026 Asia Masters_Day 4_1_1,blue,Saigon Warriors,Pantheon + Jhin + Ryze + Seraphine + Sion,Shen + Nocturne + Cassiopeia + Varus + Karma,True,5
2026 Asia Masters_Day 4_1_1,red,Weibo Gaming Youth Team,Varus + Nocturne + Cassiopeia + Karma + Shen,Sion + Pantheon + Ryze + Jhin + Seraphine,True,5
2026 Asia Masters_Day 4_1_2,blue,Saigon Warriors,Lulu + Xin Zhao + Yunara + Mel + Gnar,Jayce + Vi + Aurora + Caitlyn + Bard,True,5
2026 Asia Masters_Day 4_1_2,red,Weibo Gaming Youth Team,Vi + Bard + Caitlyn + Aurora + Jayce,Gnar + Xin Zhao + Mel + Yunara + Lulu,True,5
2026 Asia Masters_Day 4_2_1,blue,KT Rolster Challengers,Orianna + Rumble + Bard + Jhin + Xin Zhao,K'Sante + Jarvan IV + Viktor + Ashe + Seraphine,True,5
2026 Asia Masters_Day 4_2_1,red,Bilibili Gaming Junior,Jarvan IV + Viktor + K'Sante + Ashe + Seraphine,Rumble + Xin Zhao + Orianna + Jhin + Bard,True,5
2026 Asia Masters_Day 4_2_2,blue,KT Rolster Challengers,Vi + Cassiopeia + Nautilus + Sion + Miss Fortune,Sion + Vi + Cassiopeia + Miss Fortune + Nautilus,False,5
2026 Asia Masters_Day 4_2_2,red,Bilibili Gaming Junior,Yunara + Lulu + Galio + Zaahen + Gnar,Gnar + Zaahen + Galio + Yunara + Lulu,False,5
2026 Asia Masters_Day 4_3_1,blue,Top Esports Challenger,Orianna + Jarvan IV + Rumble + Zeri + Yuumi,K'Sante + Wukong + Akali + Ashe + Seraphine,True,5
2026 Asia Masters_Day 4_3_1,red,CTBC Flying Oyster Academy,Ashe + Seraphine + Akali + K'Sante + Wukong,Rumble + Jarvan IV + Orianna + Zeri + Yuumi,True,5
VCS/2026 Season/Summer Playoffs_Round 1_1_1,blue,Saigon Warriors,Ezreal + Jarvan IV + K'Sante + Azir + Bard,K'Sante + Jarvan IV + Azir + Ezreal + Bard,False,5
VCS/2026 Season/Summer Playoffs_Round 1_1_1,red,SN CyberCore Esports,Rumble + Ryze + Lee Sin + Kai'Sa + Nautilus,Rumble + Lee Sin + Ryze + Kai'Sa + Nautilus,False,5
2026 Asia Masters_Day 4_3_2,blue,Top Esports Challenger,Anivia + Yunara + Lulu + Jayce + Vi,Malphite + Xin Zhao + Aurora + Lucian + Milio,True,5
2026 Asia Masters_Day 4_3_2,red,CTBC Flying Oyster Academy,Lucian + Milio + Aurora + Xin Zhao + Malphite,Jayce + Vi + Anivia + Yunara + Lulu,True,5
VCS/2026 Season/Summer Playoffs_Round 1_1_2,blue,Saigon Warriors,Karma + Xin Zhao + Caitlyn + LeBlanc + Renekton,Renekton + Xin Zhao + LeBlanc + Caitlyn + Karma,False,5
VCS/2026 Season/Summer Playoffs_Round 1_1_2,red,SN CyberCore Esports,Pantheon + Pyke + Jhin + Aurora + Gnar,Gnar + Pantheon + Aurora + Jhin + Pyke,False,5
VCS/2026 Season/Summer Playoffs_Round 1_1_3,blue,Saigon Warriors,Orianna + Vi + Yorick + Yunara + Lulu,Yorick + Vi + Orianna + Yunara + Lulu,False,5
VCS/2026 Season/Summer Playoffs_Round 1_1_3,red,SN CyberCore Esports,Jayce + Sion + Zyra + Corki + Blitzcrank,Jayce + Zyra + Sion + Corki + Blitzcrank,False,5
EMEA Masters/2026 Season/Spring Main Event_Groups Day 2_1_1,blue,Misa Esports,Karma + Caitlyn + Sion + Cassiopeia + Lee Sin,Sion + Lee Sin + Cassiopeia + Caitlyn + Karma,False,5
EMEA Masters/2026 Season/Spring Main Event_Groups Day 2_1_1,red,UCAM Esports,Ashe + Seraphine + Gwen + Wukong + Anivia,Gwen + Wukong + Anivia + Ashe + Seraphine,False,5
EMEA Masters/2026 Season/Spring Main Event_Groups Day 2_2_1,blue,Galions,Ryze + Yunara + Karma + K'Sante + Pantheon,K'Sante + Pantheon + Ryze + Yunara + Karma,False,5
EMEA Masters/2026 Season/Spring Main Event_Groups Day 2_2_1,red,G2 NORD,Seraphine + Ashe + Taliyah + Lee Sin + Vayne,Vayne + Lee Sin + Taliyah + Ashe + Seraphine,False,5
EMEA Masters/2026 Season/Spring Main Event_Groups Day 2_3_1,blue,Bomba Team,Cassiopeia + Ezreal + Nautilus + Rumble + Wukong,Rumble + Wukong + Cassiopeia + Ezreal + Nautilus,False,5
EMEA Masters/2026 Season/Spring Main Event_Groups Day 2_3_1,red,Anubis Gaming,Lucian + Anivia + Milio + Skarner + K'Sante,K'Sante + Skarner + Anivia + Lucian + Milio,False,5
EMEA Masters/2026 Season/Spring Main Event_Groups Day 2_4_1,blue,Eintracht Spandau,Lucian + Milio + Azir + Sion + Zaahen,Sion + Zaahen + Azir + Lucian + Milio,False,5
EMEA Masters/2026 Season/Spring Main Event_Groups Day 2_4_1,red,Solary,Caitlyn + Vi + Nautilus + Ahri + Gwen,Gwen + Vi + Ahri + Caitlyn + Nautilus,False,5
EMEA Masters/2026 Season/Spring Main Event_Groups Day 2_3_2,blue,Anubis Gaming,Jarvan IV + Rell + Kai'Sa + Ryze + Jayce,Jayce + Jarvan IV + Ryze + Kai'Sa + Rell,False,5
EMEA Masters/2026 Season/Spring Main Event_Groups Day 2_3_2,red,Bomba Team,Aurora + Bard + Corki + Aatrox + Yorick,Yorick + Aatrox + Aurora + Corki + Bard,False,5
EMEA Masters/2026 Season/Spring Main Event_Groups Day 2_2_2,blue,Galions,Jarvan IV + Xayah + Rakan + Renekton + Viktor,Gnar + Xin Zhao + Annie + Lucian + Milio,True,5
EMEA Masters/2026 Season/Spring Main Event_Groups Day 2_2_2,red,G2 NORD,Lucian + Xin Zhao + Milio + Annie + Gnar,Renekton + Jarvan IV + Viktor + Xayah + Rakan,True,5
EMEA Masters/2026 Season/Spring Main Event_Groups Day 2_1_2,blue,Misa Esports,Milio + Lucian + Ryze + Pantheon + Rumble,Rumble + Pantheon + Ryze + Lucian + Milio,False,5
EMEA Masters/2026 Season/Spring Main Event_Groups Day 2_1_2,red,UCAM Esports,Kalista + Renata Glasc + Viktor + Xin Zhao + K'Sante,K'Sante + Xin Zhao + Viktor + Kalista + Renata Glasc,False,5
EMEA Masters/2026 Season/Spring Main Event_Groups Day 2_4_2,blue,Solary,Anivia + Bard + Jhin + Ryze + Rek'Sai,Anivia + Rek'Sai + Ryze + Jhin + Bard,False,5
EMEA Masters/2026 Season/Spring Main Event_Groups Day 2_4_2,red,Eintracht Spandau,Jarvan IV + Lulu + Yunara + Rumble + Syndra,Rumble + Jarvan IV + Syndra + Yunara + Lulu,False,5
Road Of Legends/2026 Season/Summer Promotion_Round 1_1_1,blue,SNOOZE Esports,Senna + Ryze + Wukong + Rell + Graves,Wukong + Graves + Ryze + Senna + Rell,False,5
Road Of Legends/2026 Season/Summer Promotion_Round 1_1_1,red,ZennIT,Xin Zhao + Tristana + Nautilus + Karthus + Jax,Jax + Karthus + Xin Zhao + Tristana + Nautilus,False,5
Streamers Clash/Season 4_Round 2_1_1,blue,STOPERCENTNÁ KAMILOVA TUTOFKA,Shen + Amumu + Vayne + Ashe + Sejuani,Shen + Amumu + Vayne + Ashe + Sejuani,False,5
Streamers Clash/Season 4_Round 2_1_1,red,FREEZŮV WOLT DŮCHOĎÁK,Illaoi + Sylas + Seraphine + Caitlyn + Nautilus,Illaoi + Sylas + Seraphine + Caitlyn + Nautilus,False,5
EMEA Masters/2026 Season/Spring Main Event_Groups Day 2_2_3,blue,Galions,Varus + Wukong + Ahri + Renata Glasc + Rumble,Rumble + Wukong + Ahri + Varus + Renata Glasc,False,5
EMEA Masters/2026 Season/Spring Main Event_Groups Day 2_2_3,red,G2 NORD,Ezreal + Nocturne + Akali + Alistar + Ambessa,Ambessa + Nocturne + Akali + Ezreal + Alistar,False,5
EMEA Masters/2026 Season/Spring Main Event_Groups Day 2_8_1,blue,Partizan Sangal,Cassiopeia + Vi + Rumble + Ezreal + Karma,Sion + Pantheon + LeBlanc + Ashe + Seraphine,True,5
EMEA Masters/2026 Season/Spring Main Event_Groups Day 2_8_1,red,WLGaming Esports,Ashe + Seraphine + LeBlanc + Sion + Pantheon,Rumble + Vi + Cassiopeia + Ezreal + Karma,True,5
Road Of Legends/2026 Season/Summer Promotion_Round 1_1_2,blue,SNOOZE Esports,Aurora + Jhin + Karma + Volibear + Rumble,Rumble + Volibear + Aurora + Jhin + Karma,False,5
Road Of Legends/2026 Season/Summer Promotion_Round 1_1_2,red,ZennIT,Lucian + Milio + Vi + Azir + Ornn,Ornn + Vi + Azir + Lucian + Milio,False,5
EMEA Masters/2026 Season/Spring Main Event_Groups Day 2_7_1,blue,Team Heretics Academy,Karma + Ezreal + Xin Zhao + Akali + Sion,Sion + Xin Zhao + Akali + Ezreal + Karma,False,5
EMEA Masters/2026 Season/Spring Main Event_Groups Day 2_7_1,red,Forsaken (Polish Team),Ashe + Ryze + Seraphine + Wukong + K'Sante,K'Sante + Wukong + Ryze + Ashe + Seraphine,False,5
EMEA Masters/2026 Season/Spring Main Event_Groups Day 2_6_1,blue,PCIFIC Esports,Ryze + Lee Sin + Varus + Neeko + Kai'Sa,Varus + Lee Sin + Ryze + Kai'Sa + Neeko,False,5
EMEA Masters/2026 Season/Spring Main Event_Groups Day 2_6_1,red,Karmine Corp Blue,Ezreal + Bard + Nocturne + Aurora + Sion,Sion + Nocturne + Aurora + Ezreal + Bard,False,5
Streamers Clash/Season 4_Round 2_1_2,blue,FREEZŮV WOLT DŮCHOĎÁK,Tristana + Braum + Galio + Ornn + Diana,Ornn + Diana + Galio + Tristana + Braum,False,5
Streamers Clash/Season 4_Round 2_1_2,red,STOPERCENTNÁ KAMILOVA TUTOFKA,Leona + Veigar + Kayle + Zilean + Poppy,Zilean + Poppy + Kayle + Veigar + Leona,False,5
EMEA Masters/2026 Season/Spring Main Event_Groups Day 2_5_1,blue,E WIE EINFACH E-SPORTS,Cassiopeia + Bard + Jhin + Gnar + Wukong,Poppy + Xin Zhao + Viktor + Ashe + Seraphine,True,5
EMEA Masters/2026 Season/Spring Main Event_Groups Day 2_5_1,red,HMBLE,Seraphine + Xin Zhao + Viktor + Ashe + Poppy,Gnar + Wukong + Cassiopeia + Jhin + Bard,True,5
EMEA Masters/2026 Season/Spring Main Event_Groups Day 2_7_2,blue,Team Heretics Academy,Jarvan IV + Nautilus + Jhin + Jayce + LeBlanc,Gnar + Skarner + Annie + Lucian + Milio,True,5
EMEA Masters/2026 Season/Spring Main Event_Groups Day 2_7_2,red,Forsaken (Polish Team),Lucian + Milio + Skarner + Gnar + Annie,Jayce + Jarvan IV + LeBlanc + Jhin + Nautilus,True,5
Road Of Legends/2026 Season/Summer Promotion_Round 1_1_3,blue,ZennIT,Orianna + Lulu + Zeri + K'Sante + Naafiri,K'Sante + Naafiri + Orianna + Zeri + Lulu,False,5
Road Of Legends/2026 Season/Summer Promotion_Round 1_1_3,red,SNOOZE Esports,Ahri + Nocturne + Ambessa + Neeko + Xayah,Ambessa + Nocturne + Ahri + Xayah + Neeko,False,5
Esports World Cup 2026/Online Qualifiers/South America_Round 4_1_1,blue,Vivo Keyd Stars,Ryze + Jarvan IV + Rumble + Ashe + Seraphine,K'Sante + Lee Sin + Akali + Lucian + Milio,True,5
Esports World Cup 2026/Online Qualifiers/South America_Round 4_1_1,red,RED Canids,Lucian + Milio + K'Sante + Lee Sin + Akali,Rumble + Jarvan IV + Ryze + Ashe + Seraphine,True,5
EMEA Masters/2026 Season/Spring Main Event_Groups Day 2_6_2,blue,PCIFIC Esports,Anivia + Vi + Rumble + Alistar + Jhin,Galio + Jarvan IV + Akali + Sivir + Lulu,True,5
EMEA Masters/2026 Season/Spring Main Event_Groups Day 2_6_2,red,Karmine Corp Blue,Jarvan IV + Akali + Galio + Sivir + Lulu,Rumble + Vi + Anivia + Jhin + Alistar,True,5
Streamers Clash/Season 4_Round 2_1_3,blue,STOPERCENTNÁ KAMILOVA TUTOFKA,Malzahar + Viktor + Nami + Pantheon + Irelia,Irelia + Pantheon + Viktor + Malzahar + Nami,False,5
Streamers Clash/Season 4_Round 2_1_3,red,FREEZŮV WOLT DŮCHOĎÁK,Morgana + Rakan + Cho'Gath + Jarvan IV + Draven,Cho'Gath + Jarvan IV + Morgana + Draven + Rakan,False,5
EMEA Masters/2026 Season/Spring Main Event_Groups Day 2_5_2,blue,E WIE EINFACH E-SPORTS,Ezreal + Jarvan IV + Karma + Renekton + Ahri,Sion + Naafiri + Sylas + Ziggs + Amumu,True,5
EMEA Masters/2026 Season/Spring Main Event_Groups Day 2_5_2,red,HMBLE,Sion + Ziggs + Naafiri + Amumu + Sylas,Renekton + Jarvan IV + Ahri + Ezreal + Karma,True,5
EMEA Masters/2026 Season/Spring Main Event_Groups Day 2_8_2,blue,WLGaming Esports,Lucian + Yuumi + Jarvan IV + Annie + K'Sante,K'Sante + Jarvan IV + Annie + Lucian + Yuumi,False,5
EMEA Masters/2026 Season/Spring Main Event_Groups Day 2_8_2,red,Partizan Sangal,Nocturne + Milio + Aphelios + Ahri + Vayne,Vayne + Nocturne + Ahri + Aphelios + Milio,False,5
Road Of Legends/2026 Season/Summer Promotion_Round 1_1_4,blue,SNOOZE Esports,Ezreal + Skarner + Hwei + Alistar + Gnar,Gnar + Skarner + Hwei + Ezreal + Alistar,False,5
Road Of Legends/2026 Season/Summer Promotion_Round 1_1_4,red,ZennIT,Varus + Pantheon + Akali + Leona + Vayne,Vayne + Pantheon + Akali + Varus + Leona,False,5
Esports World Cup 2026/Online Qualifiers/South America_Round 4_1_2,blue,RED Canids,Pantheon + Jayce + Ezreal + Alistar + Sylas,Sion + Naafiri + LeBlanc + Varus + Neeko,True,5
Esports World Cup 2026/Online Qualifiers/South America_Round 4_1_2,red,Vivo Keyd Stars,Varus + Naafiri + Sion + Neeko + LeBlanc,Jayce + Pantheon + Sylas + Ezreal + Alistar,True,5
Streamers Clash/Season 4_Round 3_2_1,blue,STOPERCENTNÁ KAMILOVA TUTOFKA,Yuumi + Mordekaiser + Vladimir + Pantheon + Viktor,Mordekaiser + Pantheon + Viktor + Vladimir + Yuumi,False,5
Streamers Clash/Season 4_Round 3_2_1,red,HERDYNŮV LANGUSTA TÝM,Nautilus + Tristana + Cho'Gath + Seraphine + Wukong,Cho'Gath + Wukong + Tristana + Seraphine + Nautilus,False,5
Streamers Clash/Season 4_Round 3_2_2,blue,STOPERCENTNÁ KAMILOVA TUTOFKA,Master Yi + Jarvan IV + Vex + Veigar + Maokai,Master Yi + Jarvan IV + Vex + Veigar + Maokai,False,5
Streamers Clash/Season 4_Round 3_2_2,red,HERDYNŮV LANGUSTA TÝM,Morgana + Galio + Viego + Ahri + Ornn,Ornn + Viego + Ahri + Morgana + Galio,False,5
Esports World Cup 2026/Online Qualifiers/South America_Round 3_1_1,blue,LØS,Orianna + Ezreal + Bard + Xin Zhao + Rumble,Rumble + Xin Zhao + Orianna + Ezreal + Bard,False,5
Esports World Cup 2026/Online Qualifiers/South America_Round 3_1_1,red,LOUD,Caitlyn + Vi + Karma + Akali + Ornn,Ornn + Vi + Akali + Caitlyn + Karma,False,5
Esports World Cup 2026/Online Qualifiers/South America_Round 3_1_2,blue,LOUD,Nocturne + Sion + Annie + Kalista + Renata Glasc,Sion + Nocturne + Annie + Kalista + Renata Glasc,False,5
Esports World Cup 2026/Online Qualifiers/South America_Round 3_1_2,red,LØS,Pantheon + Senna + Nautilus + Viktor + Gwen,Gwen + Pantheon + Viktor + Senna + Nautilus,False,5
Esports World Cup 2026/Online Qualifiers/South America_Round 3_1_3,blue,LØS,Milio + Lucian + Twisted Fate + Jax + Sejuani,Renekton + Wukong + Ryze + Xayah + Rakan,True,5
Esports World Cup 2026/Online Qualifiers/South America_Round 3_1_3,red,LOUD,Ryze + Rakan + Xayah + Renekton + Wukong,Jax + Sejuani + Twisted Fate + Lucian + Milio,True,5
2026 Asian Games/Qualifier_Day 1_2_1,blue,Vietnam (National Team),Lux + Ezreal + Milio + Wukong + Jayce,Vayne + Jarvan IV + Twisted Fate + Ashe + Seraphine,True,5
2026 Asian Games/Qualifier_Day 1_2_1,red,Laos (National Team),Ashe + Seraphine + Jarvan IV + Twisted Fate + Vayne,Jayce + Wukong + Lux + Ezreal + Milio,True,5
2026 Asian Games/Qualifier_Day 1_1_1,blue,Hong Kong (National Team),Nocturne + Akali + Varus + Rakan + Olaf,Jayce + Trundle + Cassiopeia + Jhin + Bard,True,5
2026 Asian Games/Qualifier_Day 1_1_1,red,Malaysia (National Team),Cassiopeia + Trundle + Jayce + Bard + Jhin,Olaf + Nocturne + Akali + Varus + Rakan,True,5
2026 Asian Games/Qualifier_Day 1_4_1,blue,United Arab Emirates (National Team),Jarvan IV + Karma + Miss Fortune + K'Sante + Mel,K'Sante + Jarvan IV + Mel + Miss Fortune + Karma,False,5
2026 Asian Games/Qualifier_Day 1_4_1,red,Oman (National Team),Seraphine + Ashe + Jayce + Sion + Fiddlesticks,Sion + Fiddlesticks + Jayce + Ashe + Seraphine,False,5
2026 Asian Games/Qualifier_Day 1_3_1,blue,Saudi Arabia (National Team),Caitlyn + Karma + Pantheon + K'Sante + Taliyah,K'Sante + Pantheon + Taliyah + Caitlyn + Karma,False,5
2026 Asian Games/Qualifier_Day 1_3_1,red,Pakistan (National Team),Wukong + Sivir + Galio + Zilean + Olaf,Olaf + Wukong + Galio + Sivir + Zilean,False,5
2026 Asian Games/Qualifier_Day 1_6_1,blue,Kazakhstan (National Team),Sion + Naafiri + Jhin + Lissandra + Bard,Sion + Naafiri + Lissandra + Jhin + Bard,False,5
2026 Asian Games/Qualifier_Day 1_6_1,red,Jordan (National Team),Lee Sin + Kai'Sa + Rell + Hwei + Dr. Mundo,Dr. Mundo + Lee Sin + Hwei + Kai'Sa + Rell,False,5
2026 Asian Games/Qualifier_Day 1_5_1,blue,India (National Team),Viktor + Ezreal + Zyra + Seraphine + Malphite,Ambessa + Jarvan IV + Aurora + Varus + Rell,True,5
2026 Asian Games/Qualifier_Day 1_5_1,red,Sri Lanka (National Team),Varus + Jarvan IV + Aurora + Rell + Ambessa,Malphite + Zyra + Viktor + Ezreal + Seraphine,True,5
LCK/2026 Season/Road to MSI_Round 3_1_1,blue,Hanwha Life Esports,Karma + Ezreal + Sion + Anivia + Jarvan IV,Jayce + Trundle + Ryze + Ziggs + Camille,True,5
LCK/2026 Season/Road to MSI_Round 3_1_1,red,T1,Jayce + Ryze + Ziggs + Camille + Trundle,Sion + Jarvan IV + Anivia + Ezreal + Karma,True,5
2026 Asian Games/Qualifier_Day 1_8_1,blue,Laos (National Team),Caitlyn + Seraphine + Zoe + Xin Zhao + Maokai,Maokai + Xin Zhao + Zoe + Caitlyn + Seraphine,False,5
2026 Asian Games/Qualifier_Day 1_8_1,red,Mongolia (National Team),Ziggs + Nautilus + Jayce + Twisted Fate + Naafiri,Jayce + Naafiri + Twisted Fate + Ziggs + Nautilus,False,5
LCK/2026 Season/Road to MSI_Round 3_1_2,blue,T1,Vi + Rek'Sai + Ahri + Xayah + Renata Glasc,Ambessa + Nocturne + Lissandra + Sivir + Rakan,True,5
LCK/2026 Season/Road to MSI_Round 3_1_2,red,Hanwha Life Esports,Ambessa + Nocturne + Lissandra + Rakan + Sivir,Rek'Sai + Vi + Ahri + Xayah + Renata Glasc,True,5
2026 Asian Games/Qualifier_Day 1_7_1,blue,Kyrgyzstan (National Team),Seraphine + Bel'Veth + Ornn + Rell + Yone,Ornn + Bel'Veth + Yone + Seraphine + Rell,False,5
2026 Asian Games/Qualifier_Day 1_7_1,red,Hong Kong (National Team),Lucian + Nocturne + Milio + Fiora + Aurora,Fiora + Nocturne + Aurora + Lucian + Milio,False,5
VCS/2026 Season/Summer Playoffs_Round 1_2_1,blue,Saigon Dino,Bard + Lee Sin + Ryze + Kai'Sa + Sion,Sion + Lee Sin + Ryze + Kai'Sa + Bard,False,5
VCS/2026 Season/Summer Playoffs_Round 1_2_1,red,ZEN Esports (Vietnamese Team),Ezreal + Jarvan IV + Anivia + Skarner + Ambessa,Ambessa + Jarvan IV + Anivia + Ezreal + Skarner,False,5
LCK/2026 Season/Road to MSI_Round 3_1_3,blue,T1,Lee Sin + Cassiopeia + Shen + Kog'Maw + Lulu,Renekton + Naafiri + Galio + Lucian + Milio,True,5
LCK/2026 Season/Road to MSI_Round 3_1_3,red,Hanwha Life Esports,Naafiri + Renekton + Galio + Milio + Lucian,Shen + Lee Sin + Cassiopeia + Kog'Maw + Lulu,True,5
2026 Asian Games/Qualifier_Day 1_9_1,blue,Saudi Arabia (National Team),Ashe + Seraphine + Sylas + Poppy + Ornn,Ambessa + Jarvan IV + Orianna + Ziggs + Pyke,True,5
2026 Asian Games/Qualifier_Day 1_9_1,red,Oman (National Team),Orianna + Jarvan IV + Ambessa + Pyke + Ziggs,Ornn + Poppy + Sylas + Ashe + Seraphine,True,5
VCS/2026 Season/Summer Playoffs_Round 1_2_2,blue,ZEN Esports (Vietnamese Team),Rumble + Vi + Ahri + Kalista + Camille,Rumble + Vi + Ahri + Kalista + Camille,False,5
VCS/2026 Season/Summer Playoffs_Round 1_2_2,red,Saigon Dino,K'Sante + Annie + Naafiri + Senna + Poppy,K'Sante + Naafiri + Annie + Senna + Poppy,False,5
LCK/2026 Season/Road to MSI_Round 3_1_4,blue,Hanwha Life Esports,Rumble + Azir + Poppy + Aphelios + Thresh,K'Sante + Maokai + Yone + Senna + Blitzcrank,True,5
LCK/2026 Season/Road to MSI_Round 3_1_4,red,T1,Yone + K'Sante + Maokai + Senna + Blitzcrank,Rumble + Poppy + Azir + Aphelios + Thresh,True,5
VCS/2026 Season/Summer Playoffs_Round 1_2_3,blue,ZEN Esports (Vietnamese Team),Nocturne + Jayce + LeBlanc + Jhin + Rakan,Jayce + Nocturne + LeBlanc + Jhin + Rakan,False,5
VCS/2026 Season/Summer Playoffs_Round 1_2_3,red,Saigon Dino,Aurora + Pantheon + Yorick + Xayah + Leona,Yorick + Pantheon + Aurora + Xayah + Leona,False,5
VCS/2026 Season/Summer Playoffs_Round 1_2_4,blue,ZEN Esports (Vietnamese Team),Seraphine + Ashe + Olaf + Zoe + Wukong,Olaf + Wukong + Zoe + Ashe + Seraphine,False,5
VCS/2026 Season/Summer Playoffs_Round 1_2_4,red,Saigon Dino,Mel + Pyke + Trundle + Twisted Fate + Zaahen,Zaahen + Trundle + Twisted Fate + Mel + Pyke,False,5
VCS/2026 Season/Summer Playoffs_Round 1_2_5,blue,Saigon Dino,Orianna + Sivir + Alistar + Ornn + Kha'Zix,Ornn + Kha'Zix + Orianna + Sivir + Alistar,False,5
VCS/2026 Season/Summer Playoffs_Round 1_2_5,red,ZEN Esports (Vietnamese Team),Miss Fortune + Akali + Rell + Aatrox + Viego,Aatrox + Viego + Akali + Miss Fortune + Rell,False,5
EMEA Masters/2026 Season/Spring Main Event_Groups Day 3_2_1,blue,WLGaming Esports,Ryze + Senna + Nautilus + Olaf + K'Sante,Gnar + Xin Zhao + Taliyah + Ashe + Seraphine,True,5
EMEA Masters/2026 Season/Spring Main Event_Groups Day 3_2_1,red,G2 NORD,Ashe + Seraphine + Taliyah + Xin Zhao + Gnar,K'Sante + Olaf + Ryze + Senna + Nautilus,True,5
EMEA Masters/2026 Season/Spring Main Event_Groups Day 3_1_1,blue,E WIE EINFACH E-SPORTS,Ezreal + Anivia + Neeko + Sion + Naafiri,Gnar + Xin Zhao + Viktor + Seraphine + Rell,True,5
EMEA Masters/2026 Season/Spring Main Event_Groups Day 3_1_1,red,Misa Esports,Seraphine + Xin Zhao + Viktor + Rell + Gnar,Sion + Naafiri + Anivia + Ezreal + Neeko,True,5
EMEA Masters/2026 Season/Spring Main Event_Groups Day 3_1_2,blue,Misa Esports,Varus + Ryze + Leona + Shen + Viego,Vayne + Jarvan IV + Cassiopeia + Ashe + Alistar,True,5
EMEA Masters/2026 Season/Spring Main Event_Groups Day 3_1_2,red,E WIE EINFACH E-SPORTS,Cassiopeia + Jarvan IV + Ashe + Alistar + Vayne,Shen + Viego + Ryze + Varus + Leona,True,5
EMEA Masters/2026 Season/Spring Main Event_Groups Day 3_2_2,blue,WLGaming Esports,Milio + Lucian + Trundle + Rumble + Mel,Sion + Wukong + Ahri + Caitlyn + Bard,True,5
EMEA Masters/2026 Season/Spring Main Event_Groups Day 3_2_2,red,G2 NORD,Caitlyn + Bard + Wukong + Ahri + Sion,Rumble + Trundle + Mel + Lucian + Milio,True,5
EMEA Masters/2026 Season/Spring Main Event_Groups Day 3_4_1,blue,Eintracht Spandau,Karma + Sivir + Skarner + Aurora + Twisted Fate,Malphite + Trundle + Anivia + Ezreal + Bard,True,5
EMEA Masters/2026 Season/Spring Main Event_Groups Day 3_4_1,red,Anubis Gaming,Ezreal + Bard + Trundle + Anivia + Malphite,Aurora + Skarner + Twisted Fate + Sivir + Karma,True,5
EMEA Masters/2026 Season/Spring Main Event_Groups Day 3_2_3,blue,WLGaming Esports,Aurora + Rell + Jarvan IV + Tristana + Akali,Aurora + Jarvan IV + Akali + Tristana + Rell,False,5
EMEA Masters/2026 Season/Spring Main Event_Groups Day 3_2_3,red,G2 NORD,Yunara + Lulu + Viktor + Lee Sin + Ambessa,Ambessa + Lee Sin + Viktor + Yunara + Lulu,False,5
EMEA Masters/2026 Season/Spring Main Event_Groups Day 3_4_2,blue,Eintracht Spandau,Caitlyn + Vi + Seraphine + Sion + Cassiopeia,Sion + Vi + Cassiopeia + Caitlyn + Seraphine,False,5
EMEA Masters/2026 Season/Spring Main Event_Groups Day 3_4_2,red,Anubis Gaming,Neeko + Jhin + Xin Zhao + Galio + Gwen,Gwen + Xin Zhao + Galio + Jhin + Neeko,False,5
EMEA Masters/2026 Season/Spring Main Event_Groups Day 3_3_1,blue,Forsaken (Polish Team),Jarvan IV + Kai'Sa + Rumble + Alistar + Aurora,Rumble + Jarvan IV + Aurora + Kai'Sa + Alistar,False,5
EMEA Masters/2026 Season/Spring Main Event_Groups Day 3_3_1,red,Karmine Corp Blue,Ezreal + Ryze + Nocturne + Galio + Rakan,Galio + Nocturne + Ryze + Ezreal + Rakan,False,5
EMEA Masters/2026 Season/Spring Main Event_Groups Day 3_4_3,blue,Anubis Gaming,Pantheon + Nautilus + Xayah + Taliyah + Vayne,Vayne + Pantheon + Taliyah + Xayah + Nautilus,False,5
EMEA Masters/2026 Season/Spring Main Event_Groups Day 3_4_3,red,Eintracht Spandau,Yunara + Lulu + Dr. Mundo + Ahri + Jayce,Jayce + Dr. Mundo + Ahri + Yunara + Lulu,False,5
EMEA Masters/2026 Season/Spring Main Event_Groups Day 3_3_2,blue,Forsaken (Polish Team),Varus + Anivia + Nautilus + Trundle + Ambessa,Volibear + Pantheon + Ahri + Jhin + Leona,True,5
EMEA Masters/2026 Season/Spring Main Event_Groups Day 3_3_2,red,Karmine Corp Blue,Jhin + Pantheon + Ahri + Leona + Volibear,Ambessa + Trundle + Anivia + Varus + Nautilus,True,5
2026 Asian Games/Qualifier_Day 2_2_1,blue,Sri Lanka (National Team),Rumble + Ahri + Vi + Caitlyn + Bard,Renekton + Elise + Naafiri + Sivir + Thresh,True,5
2026 Asian Games/Qualifier_Day 2_2_1,red,Kazakhstan (National Team),Naafiri + Elise + Renekton + Sivir + Thresh,Rumble + Vi + Ahri + Caitlyn + Bard,True,5
2026 Asian Games/Qualifier_Day 2_1_1,blue,Pakistan (National Team),Ezreal + Lee Sin + Zoe + Rumble + Jayce,K'Sante + Nocturne + Ahri + Varus + Karma,True,5
2026 Asian Games/Qualifier_Day 2_1_1,red,United Arab Emirates (National Team),Karma + Varus + Nocturne + K'Sante + Ahri,Rumble + Lee Sin + Jayce + Ezreal + Zoe,True,5
LCK/2026 Season/Road to MSI_Round 3_2_1,blue,Gen.G,Ryze + Jayce + Ziggs + Camille + Lee Sin,Sion + Xin Zhao + Mel + Ezreal + Karma,True,5
LCK/2026 Season/Road to MSI_Round 3_2_1,red,KT Rolster,Ezreal + Karma + Sion + Mel + Xin Zhao,Jayce + Lee Sin + Ryze + Ziggs + Camille,True,5
2026 Asian Games/Qualifier_Day 2_3_1,blue,India (National Team),Ryze + Lillia + Tristana + Alistar + Renekton,Gragas + Xin Zhao + Hwei + Varus + Rell,True,5
2026 Asian Games/Qualifier_Day 2_3_1,red,Jordan (National Team),Varus + Xin Zhao + Hwei + Rell + Gragas,Renekton + Lillia + Ryze + Tristana + Alistar,True,5
2026 Asian Games/Qualifier_Day 2_4_1,blue,Vietnam (National Team),Ryze + Lee Sin + Ezreal + Jayce + Rell,Jayce + Lee Sin + Ryze + Ezreal + Rell,False,5
2026 Asian Games/Qualifier_Day 2_4_1,red,Mongolia (National Team),Senna + Hwei + Nautilus + Xin Zhao + Yorick,Yorick + Xin Zhao + Hwei + Senna + Nautilus,False,5
LCK/2026 Season/Road to MSI_Round 3_2_2,blue,KT Rolster,Annie + Wukong + Ambessa + Senna + Nautilus,Rumble + Vi + Taliyah + Jhin + Rell,True,5
LCK/2026 Season/Road to MSI_Round 3_2_2,red,Gen.G,Rumble + Vi + Taliyah + Jhin + Rell,Ambessa + Wukong + Annie + Senna + Nautilus,True,5
2026 Asian Games/Qualifier_Day 2_5_1,blue,Kyrgyzstan (National Team),Jarvan IV + Cassiopeia + Ashe + Gnar + Seraphine,Darius + Trundle + Galio + Mel + Thresh,True,5
2026 Asian Games/Qualifier_Day 2_5_1,red,Malaysia (National Team),Trundle + Mel + Galio + Thresh + Darius,Gnar + Jarvan IV + Cassiopeia + Ashe + Seraphine,True,5
2026 Asian Games/Qualifier_Day 2_6_1,blue,Pakistan (National Team),Karma + Jarvan IV + Varus + Lux + K'Sante,K'Sante + Jarvan IV + Lux + Varus + Karma,False,5
2026 Asian Games/Qualifier_Day 2_6_1,red,Oman (National Team),Nautilus + Corki + Naafiri + Viktor + Illaoi,Illaoi + Naafiri + Viktor + Corki + Nautilus,False,5
LJL/2026 Season/Spring Series_Semifinals_1_1,blue,Arneb,Jarvan IV + Nautilus + Orianna + Jhin + Malphite,Malphite + Jarvan IV + Orianna + Jhin + Nautilus,False,5
LJL/2026 Season/Spring Series_Semifinals_1_1,red,Rising Gaming,Lee Sin + Gnar + LeBlanc + Rell + Xayah,Gnar + Lee Sin + LeBlanc + Xayah + Rell,False,5
LCK/2026 Season/Road to MSI_Round 3_2_3,blue,Gen.G,Jarvan IV + Yunara + Lulu + Renekton + Viktor,Gnar + Naafiri + Lissandra + Xayah + Rakan,True,5
LCK/2026 Season/Road to MSI_Round 3_2_3,red,KT Rolster,Gnar + Naafiri + Lissandra + Xayah + Rakan,Renekton + Jarvan IV + Viktor + Yunara + Lulu,True,5
LPL/2026 Season/Split 2 Playoffs_Round 4_2_1,blue,Team WE,Seraphine + Sion + Ashe + Ahri + Lee Sin,Shen + Jarvan IV + Ryze + Jhin + Karma,True,5
LPL/2026 Season/Split 2 Playoffs_Round 4_2_1,red,Bilibili Gaming,Jarvan IV + Ryze + Shen + Karma + Jhin,Sion + Lee Sin + Ahri + Ashe + Seraphine,True,5
LJL/2026 Season/Spring Series_Semifinals_1_2,blue,Rising Gaming,Ryze + Pantheon + K'Sante + Yunara + Alistar,K'Sante + Pantheon + Ryze + Yunara + Alistar,False,5
LJL/2026 Season/Spring Series_Semifinals_1_2,red,Arneb,Viktor + Nocturne + Leona + Ambessa + Brand,Ambessa + Nocturne + Viktor + Brand + Leona,False,5
LPL/2026 Season/Split 2 Playoffs_Round 4_2_2,blue,Bilibili Gaming,Ezreal + Orianna + Neeko + K'Sante + Pantheon,Jayce + Xin Zhao + Annie + Sivir + Bard,True,5
LPL/2026 Season/Split 2 Playoffs_Round 4_2_2,red,Team WE,Jayce + Bard + Sivir + Xin Zhao + Annie,K'Sante + Pantheon + Orianna + Ezreal + Neeko,True,5
2026 Asian Games/Qualifier_Day 2_8_1,blue,Sri Lanka (National Team),Tristana + Wukong + Renekton + Ekko + Rell,Renekton + Wukong + Ekko + Tristana + Rell,False,5
2026 Asian Games/Qualifier_Day 2_8_1,red,Jordan (National Team),Kai'Sa + Lee Sin + Gnar + Hwei + Poppy,Gnar + Lee Sin + Hwei + Kai'Sa + Poppy,False,5
2026 Asian Games/Qualifier_Day 2_7_1,blue,United Arab Emirates (National Team),Seraphine + Xin Zhao + Sion + Jhin + Aurora,Sion + Xin Zhao + Aurora + Jhin + Seraphine,False,5
2026 Asian Games/Qualifier_Day 2_7_1,red,Saudi Arabia (National Team),Caitlyn + Karma + Kled + Sylas + Ahri,Kled + Sylas + Ahri + Caitlyn + Karma,False,5
VCS/2026 Season/Summer Playoffs_Round 2_1_1,blue,ZEN Esports (Vietnamese Team),Nocturne + Cassiopeia + Sion + Caitlyn + Lux,Sion + Nocturne + Cassiopeia + Caitlyn + Lux,False,5
VCS/2026 Season/Summer Playoffs_Round 2_1_1,red,Saigon Warriors,Jayce + Pantheon + Akali + Rakan + Ziggs,Jayce + Pantheon + Akali + Ziggs + Rakan,False,5
LJL/2026 Season/Spring Series_Semifinals_2_1,blue,Uwinks,Jarvan IV + Lucian + Milio + Ornn + Annie,Ornn + Jarvan IV + Annie + Lucian + Milio,False,5
LJL/2026 Season/Spring Series_Semifinals_2_1,red,FENNEL,Naafiri + Jhin + Nautilus + Gnar + Diana,Gnar + Naafiri + Diana + Jhin + Nautilus,False,5
LPL/2026 Season/Split 2 Playoffs_Round 4_2_3,blue,Bilibili Gaming,Rumble + Wukong + Aurora + Yunara + Rakan,Rumble + Wukong + Aurora + Yunara + Rakan,False,5
LPL/2026 Season/Split 2 Playoffs_Round 4_2_3,red,Team WE,Ornn + Trundle + Viktor + Lulu + Jinx,Ornn + Trundle + Viktor + Jinx + Lulu,False,5
Hitpoint 2nd Division Challengers/2026 Season/Spring Playoffs_Round 3_2_1,blue,Priority,Cassiopeia + Caitlyn + Neeko + Nocturne + Sion,Sion + Nocturne + Cassiopeia + Caitlyn + Neeko,False,5
Hitpoint 2nd Division Challengers/2026 Season/Spring Playoffs_Round 3_2_1,red,EXILE esports Academy,Ezreal + Lee Sin + Xerath + Seraphine + Shen,Shen + Lee Sin + Xerath + Ezreal + Seraphine,False,5
2026 Asian Games/Qualifier_Day 2_9_1,blue,Kazakhstan (National Team),Xin Zhao + Ashe + Seraphine + Ryze + Zed,Zed + Xin Zhao + Ryze + Ashe + Seraphine,False,5
2026 Asian Games/Qualifier_Day 2_9_1,red,India (National Team),Ezreal + Wukong + Sylas + Lux + Jax,Jax + Wukong + Sylas + Ezreal + Lux,False,5
LJL/2026 Season/Spring Series_Semifinals_2_2,blue,FENNEL,Cassiopeia + Ambessa + Rell + Maokai + Jayce,Jayce + Maokai + Ambessa + Cassiopeia + Rell,False,5
LJL/2026 Season/Spring Series_Semifinals_2_2,red,Uwinks,Malzahar + Tristana + Poppy + Jax + Viego,Jax + Viego + Malzahar + Tristana + Poppy,False,5
VCS/2026 Season/Summer Playoffs_Round 2_1_2,blue,ZEN Esports (Vietnamese Team),Ryze + Lee Sin + Ezreal + Nautilus + Yorick,Yorick + Lee Sin + Ryze + Ezreal + Nautilus,False,5
VCS/2026 Season/Summer Playoffs_Round 2_1_2,red,Saigon Warriors,Wukong + Annie + Gnar + Seraphine + Sivir,Gnar + Wukong + Annie + Sivir + Seraphine,False,5
LPL/2026 Season/Split 2 Playoffs_Round 4_2_4,blue,Bilibili Gaming,Naafiri + Mel + Caitlyn + Zaahen + Elise,Zaahen + Naafiri + Mel + Caitlyn + Elise,False,5
LPL/2026 Season/Split 2 Playoffs_Round 4_2_4,red,Team WE,Poppy + Twisted Fate + Renekton + Aphelios + Nautilus,Renekton + Poppy + Twisted Fate + Aphelios + Nautilus,False,5
Hitpoint 2nd Division Challengers/2026 Season/Spring Playoffs_Round 3_2_2,blue,Priority,Azir + Jarvan IV + Senna + Braum + Renekton,Renekton + Jarvan IV + Azir + Senna + Braum,False,5
Hitpoint 2nd Division Challengers/2026 Season/Spring Playoffs_Round 3_2_2,red,EXILE esports Academy,Vladimir + Ashe + Nautilus + Wukong + Darius,Darius + Wukong + Vladimir + Ashe + Nautilus,False,5
VCS/2026 Season/Summer Playoffs_Round 2_1_3,blue,Saigon Warriors,Jarvan IV + Yunara + Lulu + Viktor + Zaahen,Zaahen + Jarvan IV + Viktor + Yunara + Lulu,False,5
VCS/2026 Season/Summer Playoffs_Round 2_1_3,red,ZEN Esports (Vietnamese Team),Renekton + Naafiri + Aurora + Miss Fortune + Neeko,Renekton + Naafiri + Aurora + Miss Fortune + Neeko,False,5
Hitpoint 2nd Division Challengers/2026 Season/Spring Playoffs_Round 3_2_3,blue,Priority,Xin Zhao + Lissandra + Ornn + Xayah + Bard,Ornn + Xin Zhao + Lissandra + Xayah + Bard,False,5
Hitpoint 2nd Division Challengers/2026 Season/Spring Playoffs_Round 3_2_3,red,EXILE esports Academy,Vi + Ahri + Nasus + Kai'Sa + Rell,Nasus + Vi + Ahri + Kai'Sa + Rell,False,5
LPL/2026 Season/Split 2 Playoffs_Round 4_2_5,blue,Bilibili Gaming,Vi + Zeri + Yuumi + Udyr + Ambessa,Jax + Maokai + Akali + Corki + Nami,True,5
LPL/2026 Season/Split 2 Playoffs_Round 4_2_5,red,Team WE,Corki + Nami + Akali + Maokai + Jax,Udyr + Vi + Ambessa + Zeri + Yuumi,True,5
VCS/2026 Season/Summer Playoffs_Round 2_1_4,blue,Saigon Warriors,Rumble + Karma + Jhin + Ahri + Olaf,Rumble + Olaf + Ahri + Jhin + Karma,False,5
VCS/2026 Season/Summer Playoffs_Round 2_1_4,red,ZEN Esports (Vietnamese Team),Ambessa + Senna + Alistar + Lissandra + Kha'Zix,Ambessa + Kha'Zix + Lissandra + Senna + Alistar,False,5
EMEA Masters/2026 Season/Spring Main Event_Quarterfinals_1_1,blue,Karmine Corp Blue,Ezreal + Jarvan IV + Rell + Rumble + Taliyah,Rumble + Jarvan IV + Taliyah + Ezreal + Rell,False,5
EMEA Masters/2026 Season/Spring Main Event_Quarterfinals_1_1,red,UCAM Esports,Nocturne + Nautilus + Kai'Sa + Ahri + Ambessa,Ambessa + Nocturne + Ahri + Kai'Sa + Nautilus,False,5
EMEA Masters/2026 Season/Spring Main Event_Quarterfinals_2_1,blue,Solary,Anivia + Senna + Nautilus + Pantheon + Sion,Zaahen + Skarner + Cassiopeia + Lucian + Rell,True,5
EMEA Masters/2026 Season/Spring Main Event_Quarterfinals_2_1,red,G2 NORD,Cassiopeia + Lucian + Rell + Zaahen + Skarner,Sion + Pantheon + Anivia + Senna + Nautilus,True,5
EMEA Masters/2026 Season/Spring Main Event_Quarterfinals_3_1,blue,Eintracht Spandau,Milio + Lucian + Azir + Sion + Rek'Sai,Sion + Rek'Sai + Azir + Lucian + Milio,False,5
EMEA Masters/2026 Season/Spring Main Event_Quarterfinals_3_1,red,Team Heretics Academy,Ezreal + Karma + Akali + Lee Sin + Shen,Shen + Lee Sin + Akali + Ezreal + Karma,False,5
EMEA Masters/2026 Season/Spring Main Event_Quarterfinals_4_1,blue,Galions,Karma + Ezreal + Cassiopeia + Gragas + Naafiri,Ornn + Nocturne + Anivia + Ashe + Seraphine,True,5
EMEA Masters/2026 Season/Spring Main Event_Quarterfinals_4_1,red,Misa Esports,Ashe + Seraphine + Anivia + Nocturne + Ornn,Gragas + Naafiri + Cassiopeia + Ezreal + Karma,True,5
EMEA Masters/2026 Season/Spring Main Event_Quarterfinals_2_2,blue,Solary,Vi + Bard + Jhin + Gnar + Ahri,Gnar + Vi + Ahri + Jhin + Bard,False,5
EMEA Masters/2026 Season/Spring Main Event_Quarterfinals_2_2,red,G2 NORD,Ezreal + Trundle + Karma + K'Sante + Sylas,K'Sante + Trundle + Sylas + Ezreal + Karma,False,5
EMEA Masters/2026 Season/Spring Main Event_Quarterfinals_4_2,blue,Galions,Caitlyn + Jarvan IV + Bard + Renekton + Annie,Renekton + Jarvan IV + Annie + Caitlyn + Bard,False,5
EMEA Masters/2026 Season/Spring Main Event_Quarterfinals_4_2,red,Misa Esports,Pantheon + Jhin + Pyke + Aurora + Akali,Aurora + Pantheon + Akali + Jhin + Pyke,False,5
EMEA Masters/2026 Season/Spring Main Event_Quarterfinals_3_2,blue,Eintracht Spandau,Cassiopeia + Ashe + Seraphine + Rumble + Naafiri,Ornn + Nocturne + Anivia + Caitlyn + Bard,True,5
EMEA Masters/2026 Season/Spring Main Event_Quarterfinals_3_2,red,Team Heretics Academy,Anivia + Bard + Caitlyn + Nocturne + Ornn,Rumble + Naafiri + Cassiopeia + Ashe + Seraphine,True,5
EMEA Masters/2026 Season/Spring Main Event_Quarterfinals_1_2,blue,Karmine Corp Blue,Cassiopeia + Ashe + Seraphine + Jayce + Trundle,Jayce + Trundle + Cassiopeia + Ashe + Seraphine,False,5
EMEA Masters/2026 Season/Spring Main Event_Quarterfinals_1_2,red,UCAM Esports,Varus + Pantheon + Viktor + Milio + Lucian,Varus + Pantheon + Viktor + Lucian + Milio,False,5
Esports World Cup 2026/Online Qualifiers/South America_Round 4_2_1,blue,Vivo Keyd Stars,Vi + Lucian + Milio + Orianna + Aurora,Rumble + Pantheon + Galio + Ezreal + Nautilus,True,5
Esports World Cup 2026/Online Qualifiers/South America_Round 4_2_1,red,LØS,Pantheon + Rumble + Nautilus + Ezreal + Galio,Aurora + Vi + Orianna + Lucian + Milio,True,5
EMEA Masters/2026 Season/Spring Main Event_Quarterfinals_4_3,blue,Galions,Varus + Wukong + Ahri + Xayah + Rakan,Varus + Wukong + Ahri + Xayah + Rakan,False,5
EMEA Masters/2026 Season/Spring Main Event_Quarterfinals_4_3,red,Misa Esports,Lucian + Lee Sin + Milio + Lissandra + Yorick,Yorick + Lee Sin + Lissandra + Lucian + Milio,False,5
EMEA Masters/2026 Season/Spring Main Event_Quarterfinals_2_3,blue,Solary,Ryze + Aphelios + Lulu + Nocturne + Yorick,Yorick + Nocturne + Ryze + Aphelios + Lulu,False,5
EMEA Masters/2026 Season/Spring Main Event_Quarterfinals_2_3,red,G2 NORD,Yunara + Jarvan IV + Blitzcrank + Rumble + Taliyah,Rumble + Jarvan IV + Taliyah + Yunara + Blitzcrank,False,5
EMEA Masters/2026 Season/Spring Main Event_Quarterfinals_1_3,blue,UCAM Esports,Ryze + Lulu + Zeri + Aatrox + Renekton,Sion + Wukong + Aurora + Xayah + Rakan,True,5
EMEA Masters/2026 Season/Spring Main Event_Quarterfinals_1_3,red,Karmine Corp Blue,Xayah + Rakan + Wukong + Aurora + Sion,Renekton + Aatrox + Ryze + Zeri + Lulu,True,5
EMEA Masters/2026 Season/Spring Main Event_Quarterfinals_3_3,blue,Eintracht Spandau,Varus + Miss Fortune + Pantheon + Sylas + Pyke,K'Sante + Skarner + Ahri + Yunara + Lulu,True,5
EMEA Masters/2026 Season/Spring Main Event_Quarterfinals_3_3,red,Team Heretics Academy,Yunara + Lulu + Skarner + Ahri + K'Sante,Varus + Pantheon + Sylas + Miss Fortune + Pyke,True,5
Esports World Cup 2026/Online Qualifiers/South America_Round 4_2_2,blue,Vivo Keyd Stars,Nocturne + Ashe + Seraphine + Sylas + Sion,Sion + Nocturne + Sylas + Ashe + Seraphine,False,5
Esports World Cup 2026/Online Qualifiers/South America_Round 4_2_2,red,LØS,Xayah + Rakan + Wukong + Ahri + Gwen,Gwen + Wukong + Ahri + Xayah + Rakan,False,5
EMEA Masters/2026 Season/Spring Main Event_Quarterfinals_2_4,blue,Solary,Varus + Ornn + Viktor + Taric + Shyvana,Ambessa + Olaf + Annie + Caitlyn + Alistar,True,5
EMEA Masters/2026 Season/Spring Main Event_Quarterfinals_2_4,red,G2 NORD,Caitlyn + Annie + Olaf + Alistar + Ambessa,Shyvana + Ornn + Viktor + Varus + Taric,True,5
EMEA Masters/2026 Season/Spring Main Event_Quarterfinals_1_4,blue,Karmine Corp Blue,Annie + Camille + Mel + Qiyana + K'Sante,K'Sante + Qiyana + Annie + Mel + Camille,False,5
EMEA Masters/2026 Season/Spring Main Event_Quarterfinals_1_4,red,UCAM Esports,Jhin + Neeko + Xin Zhao + Galio + Fiora,Fiora + Xin Zhao + Galio + Jhin + Neeko,False,5
EMEA Masters/2026 Season/Spring Main Event_Quarterfinals_3_4,blue,Eintracht Spandau,Jarvan IV + Ziggs + Irelia + Leona + Olaf,Jayce + Wukong + Syndra + Sivir + Rakan,True,5
EMEA Masters/2026 Season/Spring Main Event_Quarterfinals_3_4,red,Team Heretics Academy,Syndra + Wukong + Jayce + Rakan + Sivir,Olaf + Jarvan IV + Irelia + Ziggs + Leona,True,5
Esports World Cup 2026/Online Qualifiers/South America_Round 4_2_3,blue,LØS,Bard + Jhin + Syndra + Gnar + Aatrox,Twisted Fate + Trundle + Ryze + Caitlyn + Anivia,True,5
Esports World Cup 2026/Online Qualifiers/South America_Round 4_2_3,red,Vivo Keyd Stars,Ryze + Caitlyn + Anivia + Trundle + Twisted Fate,Gnar + Aatrox + Syndra + Jhin + Bard,True,5
EMEA Masters/2026 Season/Spring Main Event_Quarterfinals_3_5,blue,Eintracht Spandau,Viktor + Corki + Nami + Gragas + Qiyana,Gragas + Qiyana + Viktor + Corki + Nami,False,5
EMEA Masters/2026 Season/Spring Main Event_Quarterfinals_3_5,red,Team Heretics Academy,Yone + Neeko + Jhin + Trundle + Gnar,Gnar + Trundle + Yone + Jhin + Neeko,False,5
LCS/2026 Season/Spring Playoffs_Round 3_1_1,blue,Team Liquid,Nocturne + Ashe + Seraphine + Sion + Anivia,Zaahen + Lee Sin + Ryze + Xayah + Rakan,True,5
LCS/2026 Season/Spring Playoffs_Round 3_1_1,red,Cloud9,Ryze + Xayah + Rakan + Lee Sin + Zaahen,Sion + Nocturne + Anivia + Ashe + Seraphine,True,5
LCS/2026 Season/Spring Playoffs_Round 3_1_2,blue,Team Liquid,Jarvan IV + Nautilus + Ziggs + Jhin + Rumble,Ornn + Trundle + Yone + Caitlyn + Bard,True,5
LCS/2026 Season/Spring Playoffs_Round 3_1_2,red,Cloud9,Caitlyn + Bard + Trundle + Yone + Ornn,Rumble + Jarvan IV + Ziggs + Jhin + Nautilus,True,5
LCS/2026 Season/Spring Playoffs_Round 3_1_3,blue,Team Liquid,Lulu + Yunara + Twisted Fate + Sejuani + Ambessa,Shen + Naafiri + Viktor + Ezreal + Neeko,True,5
LCS/2026 Season/Spring Playoffs_Round 3_1_3,red,Cloud9,Neeko + Viktor + Ezreal + Naafiri + Shen,Ambessa + Sejuani + Twisted Fate + Yunara + Lulu,True,5
2026 Asian Games/Qualifier_Day 3_1_1,blue,Saudi Arabia (National Team),Ziggs + Kha'Zix + Rell + Kai'Sa + Udyr,Udyr + Kha'Zix + Ziggs + Kai'Sa + Rell,False,5
2026 Asian Games/Qualifier_Day 3_1_1,red,Vietnam (National Team),Ryze + Lee Sin + Nautilus + Ezreal + Olaf,Olaf + Lee Sin + Ryze + Ezreal + Nautilus,False,5
2026 Asian Games/Qualifier_Day 3_2_1,blue,India (National Team),Cassiopeia + Wukong + Jayce + Kai'Sa + Rell,Jayce + Wukong + Cassiopeia + Kai'Sa + Rell,False,5
2026 Asian Games/Qualifier_Day 3_2_1,red,Hong Kong (National Team),Nocturne + Akali + Irelia + Ezreal + Alistar,Irelia + Nocturne + Akali + Ezreal + Alistar,False,5
LCK/2026 Season/Road to MSI_Round 4_1_1,blue,T1,Lee Sin + Ambessa + Galio + Jhin + Camille,Vayne + Trundle + Cassiopeia + Ziggs + Shen,True,5
LCK/2026 Season/Road to MSI_Round 4_1_1,red,Gen.G,Cassiopeia + Trundle + Vayne + Ziggs + Shen,Ambessa + Lee Sin + Galio + Jhin + Camille,True,5
LCK/2026 Season/Road to MSI_Round 4_1_2,blue,T1,Anivia + Xayah + Rakan + Maokai + Yorick,Rumble + Vi + Akali + Kalista + Renata Glasc,True,5
LCK/2026 Season/Road to MSI_Round 4_1_2,red,Gen.G,Vi + Rumble + Akali + Kalista + Renata Glasc,Yorick + Maokai + Anivia + Xayah + Rakan,True,5
2026 Asian Games/Qualifier_Day 3_6_1,blue,Vietnam (National Team),Varus + Xin Zhao + Bard + Caitlyn + Lissandra,Varus + Xin Zhao + Lissandra + Caitlyn + Bard,False,5
2026 Asian Games/Qualifier_Day 3_6_1,red,India (National Team),Sejuani + Twitch + Katarina + Shaco + Vayne,Vayne + Sejuani + Katarina + Twitch + Shaco,False,5
LJL/2026 Season/Spring Series_Finals_1_1,blue,FENNEL,Ezreal + Karma + Sion + Wukong + Ryze,Sion + Wukong + Ryze + Ezreal + Karma,False,5
LJL/2026 Season/Spring Series_Finals_1_1,red,Rising Gaming,Lee Sin + Bard + Sivir + Ambessa + Taliyah,Ambessa + Lee Sin + Taliyah + Sivir + Bard,False,5
2026 Asian Games/Qualifier_Day 3_5_1,blue,Hong Kong (National Team),Jarvan IV + Ezreal + Karma + Cassiopeia + Camille,Camille + Jarvan IV + Cassiopeia + Ezreal + Karma,False,5
2026 Asian Games/Qualifier_Day 3_5_1,red,Saudi Arabia (National Team),Lucian + Lee Sin + Milio + Orianna + K'Sante,K'Sante + Lee Sin + Orianna + Lucian + Milio,False,5
LPL/2026 Season/Split 2 Playoffs_Finals_1_1,blue,Top Esports,Rumble + Vi + Ryze + Sivir + Alistar,Rumble + Vi + Ryze + Sivir + Alistar,False,5
LPL/2026 Season/Split 2 Playoffs_Finals_1_1,red,Bilibili Gaming,Varus + Jarvan IV + Cassiopeia + Yorick + Camille,Yorick + Jarvan IV + Cassiopeia + Varus + Camille,False,5
LCK/2026 Season/Road to MSI_Round 4_1_3,blue,T1,Annie + Jayce + Mel + Zaahen + Poppy,Olaf + Wukong + Sion + Senna + Alistar,True,5
LCK/2026 Season/Road to MSI_Round 4_1_3,red,Gen.G,Wukong + Senna + Sion + Alistar + Olaf,Zaahen + Jayce + Annie + Mel + Poppy,True,5
LJL/2026 Season/Spring Series_Finals_1_2,blue,Rising Gaming,Jarvan IV + Miss Fortune + Nautilus + LeBlanc + Aurora,Aurora + Jarvan IV + LeBlanc + Miss Fortune + Nautilus,False,5
LJL/2026 Season/Spring Series_Finals_1_2,red,FENNEL,Jayce + Jhin + Rell + Trundle + Twisted Fate,Jayce + Trundle + Twisted Fate + Jhin + Rell,False,5
LPL/2026 Season/Split 2 Playoffs_Finals_1_2,blue,Bilibili Gaming,Jayce + Trundle + Aurora + Nautilus + Jhin,K'Sante + Lee Sin + Annie + Ziggs + Shen,True,5
LPL/2026 Season/Split 2 Playoffs_Finals_1_2,red,Top Esports,K'Sante + Lee Sin + Annie + Ziggs + Shen,Jayce + Trundle + Aurora + Jhin + Nautilus,True,5
2026 Asian Games/Qualifier_Day 3_7_1,blue,United Arab Emirates (National Team),Seraphine + Lee Sin + Sion + Ashe + Akali,Sion + Lee Sin + Akali + Ashe + Seraphine,False,5
2026 Asian Games/Qualifier_Day 3_7_1,red,Malaysia (National Team),Cassiopeia + Xin Zhao + Olaf + Senna + Nautilus,Olaf + Xin Zhao + Cassiopeia + Senna + Nautilus,False,5
LCK/2026 Season/Road to MSI_Round 4_1_4,blue,T1,Karma + Xin Zhao + Ezreal + Gangplank + Ahri,Gnar + Nocturne + Lissandra + Yunara + Lulu,True,5
LCK/2026 Season/Road to MSI_Round 4_1_4,red,Gen.G,Gnar + Nocturne + Lissandra + Yunara + Lulu,Gangplank + Xin Zhao + Ahri + Ezreal + Karma,True,5
LJL/2026 Season/Spring Series_Finals_1_3,blue,FENNEL,Gnar + Senna + Alistar + Fizz + Naafiri,Gnar + Naafiri + Fizz + Senna + Alistar,False,5
LJL/2026 Season/Spring Series_Finals_1_3,red,Rising Gaming,Pantheon + Kennen + Orianna + Jinx + Poppy,Kennen + Pantheon + Orianna + Jinx + Poppy,False,5
VCS/2026 Season/Summer Playoffs_Round 1_3_1,blue,Saigon Dino,Nocturne + Varus + Ryze + Renekton + Rell,Renekton + Nocturne + Ryze + Varus + Rell,False,5
VCS/2026 Season/Summer Playoffs_Round 1_3_1,red,SN CyberCore Esports,Orianna + Jarvan IV + Jhin + Nautilus + Jax,Jax + Jarvan IV + Orianna + Jhin + Nautilus,False,5
Hitpoint 2nd Division Challengers/2026 Season/Spring Playoffs_Finals_1_1,blue,Priority,Orianna + K'Sante + Xin Zhao + Caitlyn + Bard,K'Sante + Xin Zhao + Orianna + Caitlyn + Bard,False,5
Hitpoint 2nd Division Challengers/2026 Season/Spring Playoffs_Finals_1_1,red,Ethereal Enigmas,Annie + Wukong + Rakan + Twisted Fate + Vladimir,Twisted Fate + Wukong + Annie + Vladimir + Rakan,False,5
LPL/2026 Season/Split 2 Playoffs_Finals_1_3,blue,Bilibili Gaming,Ashe + Wukong + Lulu + Olaf + Hwei,Sion + Pantheon + Viktor + Senna + Seraphine,True,5
LPL/2026 Season/Split 2 Playoffs_Finals_1_3,red,Top Esports,Sion + Seraphine + Senna + Viktor + Pantheon,Olaf + Wukong + Hwei + Ashe + Lulu,True,5
LCK/2026 Season/Road to MSI_Round 4_1_5,blue,Gen.G,Ryze + Naafiri + Gragas + Sivir + Neeko,Renekton + Nidalee + Twisted Fate + Miss Fortune + Rell,True,5
LCK/2026 Season/Road to MSI_Round 4_1_5,red,T1,Nidalee + Renekton + Twisted Fate + Miss Fortune + Rell,Gragas + Naafiri + Ryze + Sivir + Neeko,True,5
2026 Asian Games/Qualifier_Day 3_9_1,blue,India (National Team),Orianna + Xin Zhao + Kai'Sa + Renekton + Lux,Renekton + Xin Zhao + Orianna + Kai'Sa + Lux,False,5
2026 Asian Games/Qualifier_Day 3_9_1,red,Saudi Arabia (National Team),Ziggs + Nocturne + Caitlyn + Rell + Illaoi,Illaoi + Nocturne + Ziggs + Caitlyn + Rell,False,5
LJL/2026 Season/Spring Series_Finals_1_4,blue,Rising Gaming,Vi + Yunara + Lulu + Vel'Koz + Ornn,Ornn + Vi + Vel'Koz + Yunara + Lulu,False,5
LJL/2026 Season/Spring Series_Finals_1_4,red,FENNEL,Rumble + Varus + Shen + Cassiopeia + Nasus,Rumble + Nasus + Cassiopeia + Varus + Shen,False,5
Hitpoint 2nd Division Challengers/2026 Season/Spring Playoffs_Finals_1_2,blue,Priority,Cassiopeia + Vi + Sion + Senna + Alistar,Sion + Vi + Cassiopeia + Senna + Alistar,False,5
Hitpoint 2nd Division Challengers/2026 Season/Spring Playoffs_Finals_1_2,red,Ethereal Enigmas,Syndra + Jayce + Aatrox + Rell + Brand,Aatrox + Jayce + Syndra + Brand + Rell,False,5
VCS/2026 Season/Summer Playoffs_Round 1_3_2,blue,Saigon Dino,Cassiopeia + Poppy + Miss Fortune + Gwen + Skarner,Gwen + Skarner + Cassiopeia + Miss Fortune + Poppy,False,5
VCS/2026 Season/Summer Playoffs_Round 1_3_2,red,SN CyberCore Esports,LeBlanc + Lee Sin + Ashe + Sion + Milio,Sion + Lee Sin + LeBlanc + Ashe + Milio,False,5
2026 Asian Games/Qualifier_Day 3_10_1,blue,Hong Kong (National Team),Ryze + Sivir + Yuumi + Wukong + K'Sante,K'Sante + Wukong + Ryze + Sivir + Yuumi,False,5
2026 Asian Games/Qualifier_Day 3_10_1,red,Vietnam (National Team),Ezreal + Anivia + Xin Zhao + Karma + Gnar,Gnar + Xin Zhao + Anivia + Ezreal + Karma,False,5
LJL/2026 Season/Spring Series_Finals_1_5,blue,FENNEL,Nocturne + Mel + Leona + Olaf + Hwei,Olaf + Nocturne + Hwei + Mel + Leona,False,5
LJL/2026 Season/Spring Series_Finals_1_5,red,Rising Gaming,Xin Zhao + Renekton + Lissandra + Kalista + Renata Glasc,Renekton + Xin Zhao + Lissandra + Kalista + Renata Glasc,False,5
VCS/2026 Season/Summer Playoffs_Round 1_3_3,blue,SN CyberCore Esports,Ezreal + Jayce + Galio + Rakan + Aatrox,Aatrox + Jayce + Galio + Ezreal + Rakan,False,5
VCS/2026 Season/Summer Playoffs_Round 1_3_3,red,Saigon Dino,Annie + Vi + Ambessa + Kai'Sa + Neeko,Ambessa + Vi + Annie + Kai'Sa + Neeko,False,5
2026 Asian Games/Qualifier_Day 3_11_1,blue,United Arab Emirates (National Team),Lee Sin + Galio + Ezreal + Poppy + Zaahen,Zaahen + Lee Sin + Galio + Ezreal + Poppy,False,5
2026 Asian Games/Qualifier_Day 3_11_1,red,Jordan (National Team),LeBlanc + Rek'Sai + Xayah + Pyke + Dr. Mundo,Dr. Mundo + Rek'Sai + LeBlanc + Xayah + Pyke,False,5
Hitpoint 2nd Division Challengers/2026 Season/Spring Playoffs_Finals_1_3,blue,Ethereal Enigmas,Jarvan IV + Lucian + Milio + Renekton + Taliyah,Renekton + Jarvan IV + Taliyah + Lucian + Milio,False,5
Hitpoint 2nd Division Challengers/2026 Season/Spring Playoffs_Finals_1_3,red,Priority,Skarner + Ahri + Ezreal + Braum + Ornn,Ornn + Skarner + Ahri + Ezreal + Braum,False,5
2026 Asian Games/Qualifier_Day 3_12_1,blue,Malaysia (National Team),Jarvan IV + Viktor + Jhin + Nautilus + Ornn,Ornn + Jarvan IV + Viktor + Jhin + Nautilus,False,5
2026 Asian Games/Qualifier_Day 3_12_1,red,Mongolia (National Team),Orianna + Ashe + Xin Zhao + Karma + Ambessa,Ambessa + Xin Zhao + Orianna + Ashe + Karma,False,5
VCS/2026 Season/Summer Playoffs_Round 1_3_4,blue,Saigon Dino,Aurora + Wukong + Gnar + Senna + Shen,Gnar + Wukong + Aurora + Senna + Shen,False,5
VCS/2026 Season/Summer Playoffs_Round 1_3_4,red,SN CyberCore Esports,Twisted Fate + Naafiri + Malphite + Corki + Karma,Malphite + Naafiri + Twisted Fate + Corki + Karma,False,5
Hitpoint 2nd Division Challengers/2026 Season/Spring Playoffs_Finals_1_4,blue,Priority,Aurora + Nocturne + Neeko + Sivir + Ambessa,Ambessa + Nocturne + Aurora + Sivir + Neeko,False,5
Hitpoint 2nd Division Challengers/2026 Season/Spring Playoffs_Finals_1_4,red,Ethereal Enigmas,Nautilus + Ryze + Kalista + Shyvana + Gnar,Gnar + Shyvana + Ryze + Kalista + Nautilus,False,5
VCS/2026 Season/Summer Playoffs_Round 1_3_5,blue,Saigon Dino,K'Sante + Xin Zhao + Ahri + Lucian + Braum,K'Sante + Xin Zhao + Ahri + Lucian + Braum,False,5
VCS/2026 Season/Summer Playoffs_Round 1_3_5,red,SN CyberCore Esports,Akali + Zaahen + Sivir + Alistar + Zyra,Zaahen + Zyra + Akali + Sivir + Alistar,False,5
Hitpoint 2nd Division Challengers/2026 Season/Spring Playoffs_Finals_1_5,blue,Priority,Viktor + Samira + Pyke + Sejuani + Zac,Zac + Sejuani + Viktor + Samira + Pyke,False,5
Hitpoint 2nd Division Challengers/2026 Season/Spring Playoffs_Finals_1_5,red,Ethereal Enigmas,Varus + Leona + Akali + Trundle + Garen,Garen + Trundle + Akali + Varus + Leona,False,5
EMEA Masters/2026 Season/Spring Main Event_Semifinals_2_1,blue,Galions,Milio + Lucian + Azir + Rumble + Lee Sin,K'Sante + Nocturne + Akali + Caitlyn + Bard,True,5
EMEA Masters/2026 Season/Spring Main Event_Semifinals_2_1,red,Eintracht Spandau,Caitlyn + Bard + Nocturne + Akali + K'Sante,Rumble + Lee Sin + Azir + Lucian + Milio,True,5
EMEA Masters/2026 Season/Spring Main Event_Semifinals_1_1,blue,Solary,Anivia + Lucian + Milio + Wukong + Annie,Anivia + Wukong + Annie + Lucian + Milio,False,5
EMEA Masters/2026 Season/Spring Main Event_Semifinals_1_1,red,UCAM Esports,Ezreal + Nocturne + Neeko + Ahri + Jayce,Jayce + Nocturne + Ahri + Ezreal + Neeko,False,5
EMEA Masters/2026 Season/Spring Main Event_Semifinals_1_2,blue,Solary,Xin Zhao + Senna + Nautilus + Rumble + Yone,Sion + Vi + Viktor + Caitlyn + Rell,True,5
EMEA Masters/2026 Season/Spring Main Event_Semifinals_1_2,red,UCAM Esports,Vi + Caitlyn + Rell + Viktor + Sion,Rumble + Xin Zhao + Yone + Senna + Nautilus,True,5
EMEA Masters/2026 Season/Spring Main Event_Semifinals_2_2,blue,Galions,Seraphine + Ashe + Anivia + Renekton + Naafiri,Renekton + Naafiri + Anivia + Ashe + Seraphine,False,5
EMEA Masters/2026 Season/Spring Main Event_Semifinals_2_2,red,Eintracht Spandau,Ezreal + Karma + Kog'Maw + Pantheon + Ornn,Ornn + Pantheon + Kog'Maw + Ezreal + Karma,False,5
Esports World Cup 2026/Online Qualifiers/South America_Finals_1_1,blue,LØS,Pantheon + Bard + Jhin + Jayce + Taliyah,Sion + Xin Zhao + Ryze + Caitlyn + Karma,True,5
Esports World Cup 2026/Online Qualifiers/South America_Finals_1_1,red,RED Canids,Ryze + Caitlyn + Karma + Xin Zhao + Sion,Jayce + Pantheon + Taliyah + Jhin + Bard,True,5
EMEA Masters/2026 Season/Spring Main Event_Semifinals_1_3,blue,Solary,Jarvan IV + Yunara + Lulu + Gnar + Twisted Fate,Gnar + Jarvan IV + Twisted Fate + Yunara + Lulu,False,5
EMEA Masters/2026 Season/Spring Main Event_Semifinals_1_3,red,UCAM Esports,Ashe + Seraphine + Skarner + Taliyah + Jax,Jax + Skarner + Taliyah + Ashe + Seraphine,False,5
EMEA Masters/2026 Season/Spring Main Event_Semifinals_2_3,blue,Galions,Varus + Annie + Xin Zhao + Ziggs + Blitzcrank,Varus + Xin Zhao + Annie + Ziggs + Blitzcrank,False,5
EMEA Masters/2026 Season/Spring Main Event_Semifinals_2_3,red,Eintracht Spandau,Vi + Yunara + Lulu + Lux + Yasuo,Yasuo + Vi + Lux + Yunara + Lulu,False,5
Esports World Cup 2026/Online Qualifiers/South America_Finals_1_2,blue,LØS,Vi + Rumble + Ahri + Senna + Alistar,Varus + Rek'Sai + Galio + Xayah + Rakan,True,5
Esports World Cup 2026/Online Qualifiers/South America_Finals_1_2,red,RED Canids,Xayah + Rakan + Galio + Varus + Rek'Sai,Rumble + Vi + Ahri + Senna + Alistar,True,5
Esports World Cup 2026/Online Qualifiers/South America_Finals_1_3,blue,LØS,Cassiopeia + Sivir + Lulu + Sejuani + Renekton,Renekton + Sejuani + Cassiopeia + Sivir + Lulu,False,5
Esports World Cup 2026/Online Qualifiers/South America_Finals_1_3,red,RED Canids,Ezreal + Wukong + Akali + Seraphine + K'Sante,K'Sante + Wukong + Akali + Ezreal + Seraphine,False,5
LCS/2026 Season/Spring Playoffs_Finals_1_1,blue,Team Liquid,Varus + Orianna + Trundle + Neeko + Sion,Sion + Trundle + Orianna + Varus + Neeko,False,5
LCS/2026 Season/Spring Playoffs_Finals_1_1,red,LYON (2024 American Team),Ezreal + Xin Zhao + Akali + Alistar + Shen,Shen + Xin Zhao + Akali + Ezreal + Alistar,False,5
LCS/2026 Season/Spring Playoffs_Finals_1_2,blue,LYON (2024 American Team),Cassiopeia + Rell + Jarvan IV + Corki + Gragas,K'Sante + Wukong + LeBlanc + Senna + Nautilus,True,5
LCS/2026 Season/Spring Playoffs_Finals_1_2,red,Team Liquid,Senna + Nautilus + LeBlanc + Wukong + K'Sante,Gragas + Jarvan IV + Cassiopeia + Corki + Rell,True,5
LCS/2026 Season/Spring Playoffs_Finals_1_3,blue,LYON (2024 American Team),Nocturne + Yunara + Lulu + Rumble + Galio,Rumble + Nocturne + Galio + Yunara + Lulu,False,5
LCS/2026 Season/Spring Playoffs_Finals_1_3,red,Team Liquid,Xayah + Rakan + Viktor + Shyvana + Yorick,Yorick + Shyvana + Viktor + Xayah + Rakan,False,5
2026 Asia Masters_Last Chance Qualifier_1_1,blue,Saigon Warriors,Orianna + Lucian + Milio + Trundle + Jayce,Jayce + Trundle + Orianna + Lucian + Milio,False,5
2026 Asia Masters_Last Chance Qualifier_1_1,red,KT Rolster Challengers,Jarvan IV + LeBlanc + Sion + Lulu + Yunara,Sion + Jarvan IV + LeBlanc + Yunara + Lulu,False,5
2026 Asia Masters_Last Chance Qualifier_1_2,blue,Saigon Warriors,Cassiopeia + Naafiri + Rumble + Sivir + Rakan,Rumble + Naafiri + Cassiopeia + Sivir + Rakan,False,5
2026 Asia Masters_Last Chance Qualifier_1_2,red,KT Rolster Challengers,Lee Sin + Anivia + K'Sante + Xayah + Alistar,K'Sante + Lee Sin + Anivia + Xayah + Alistar,False,5
2026 Asia Masters_Last Chance Qualifier_2_1,blue,KT Rolster Challengers,Orianna + Naafiri + Sion + Mel + Camille,Sion + Naafiri + Orianna + Mel + Camille,False,5
2026 Asia Masters_Last Chance Qualifier_2_1,red,Top Esports Challenger,Ashe + Seraphine + Galio + Gnar + Kindred,Gnar + Kindred + Galio + Ashe + Seraphine,False,5
2026 Asia Masters_Last Chance Qualifier_2_2,blue,KT Rolster Challengers,Vi + Jayce + Ahri + Neeko + Kai'Sa,Jayce + Vi + Ahri + Kai'Sa + Neeko,False,5
2026 Asia Masters_Last Chance Qualifier_2_2,red,Top Esports Challenger,Xin Zhao + Ezreal + Yorick + Aurora + Nautilus,Yorick + Xin Zhao + Aurora + Ezreal + Nautilus,False,5
2026 Asia Masters_Last Chance Qualifier_3_1,blue,Saigon Warriors,Cassiopeia + Vi + Jayce + Rakan + Varus,Jayce + Vi + Cassiopeia + Varus + Rakan,False,5
2026 Asia Masters_Last Chance Qualifier_3_1,red,Top Esports Challenger,Naafiri + Ahri + Sion + Alistar + Senna,Sion + Naafiri + Ahri + Senna + Alistar,False,5
2026 Asia Masters_Last Chance Qualifier_3_2,blue,Saigon Warriors,Ryze + Lucian + Milio + Rumble + Rek'Sai,Rumble + Rek'Sai + Ryze + Lucian + Milio,False,5
2026 Asia Masters_Last Chance Qualifier_3_2,red,Top Esports Challenger,Annie + Lee Sin + Caitlyn + Lux + Udyr,Udyr + Lee Sin + Annie + Caitlyn + Lux,False,5
2026 Asia Masters_Last Chance Qualifier_3_3,blue,Saigon Warriors,Orianna + Wukong + Gnar + Ezreal + Bard,Gnar + Wukong + Orianna + Ezreal + Bard,False,5
2026 Asia Masters_Last Chance Qualifier_3_3,red,Top Esports Challenger,Seraphine + Jarvan IV + Ashe + Ambessa + Viktor,Ambessa + Jarvan IV + Viktor + Ashe + Seraphine,False,5
EMEA Masters/2026 Season/Spring Main Event_Finals_1_1,blue,Solary,Ryze + Jhin + Elise + Rumble + Xin Zhao,Rumble + Xin Zhao + Ryze + Jhin + Elise,False,5
EMEA Masters/2026 Season/Spring Main Event_Finals_1_1,red,Galions,Caitlyn + Bard + Annie + Nocturne + K'Sante,K'Sante + Nocturne + Annie + Caitlyn + Bard,False,5
EMEA Masters/2026 Season/Spring Main Event_Finals_1_2,blue,Galions,Milio + Ashe + Cassiopeia + Sion + Lee Sin,Sion + Lee Sin + Cassiopeia + Ashe + Milio,False,5
EMEA Masters/2026 Season/Spring Main Event_Finals_1_2,red,Solary,Anivia + Lucian + Vi + Sona + Zaahen,Zaahen + Vi + Anivia + Lucian + Sona,False,5
EMEA Masters/2026 Season/Spring Main Event_Finals_1_3,blue,Galions,Karma + Yunara + Pantheon + Viktor + Renekton,Renekton + Pantheon + Viktor + Yunara + Karma,False,5
EMEA Masters/2026 Season/Spring Main Event_Finals_1_3,red,Solary,Wukong + Sivir + Ahri + Gnar + Rell,Gnar + Wukong + Ahri + Sivir + Rell,False,5
