match_id,date,patch,tournament,blue_team,red_team,winner,blue_bans,red_bans,blue_picks,red_picks,blue_roster,red_roster,blue_win,data_source,red_win
Arabian League 2nd Division/2026 Season/Spring Split_Week 4_2_1,2026-04-30 18:09:00,26.09,Arabian League 2nd Division 2026 Spring,Victorious Demons,Lunaris Esports (MENA Team),Victorious Demons,"[""Zoe"", ""Fiora"", ""Jarvan IV"", ""Ahri"", ""Aurora""]","[""Neeko"", ""Karma"", ""Orianna"", ""Ryze"", ""Sylas""]","[""Ambessa"", ""Ezreal"", ""Bard"", ""Galio"", ""Renekton""]","[""Nocturne"", ""Varus"", ""Nautilus"", ""LeBlanc"", ""Jax""]",[],[],1,leaguepedia_cargo_patch_range,0
Arabian League 2nd Division/2026 Season/Spring Split_Week 4_1_1,2026-04-30 18:19:00,26.09,Arabian League 2nd Division 2026 Spring,Team Depressed,Pegasus Esports,Pegasus Esports,"[""Nautilus"", ""Zaahen"", ""Alistar"", ""Ezreal"", ""Caitlyn""]","[""Rek'Sai"", ""Anivia"", ""Lulu"", ""Akali"", ""Ambessa""]","[""Pantheon"", ""Corki"", ""Nami"", ""Gwen"", ""Syndra""]","[""Aatrox"", ""Sion"", ""Karma"", ""Yunara"", ""Mel""]",[],[],0,leaguepedia_cargo_patch_range,1
Arabian League 2nd Division/2026 Season/Spring Split_Week 4_2_2,2026-04-30 18:56:00,26.09,Arabian League 2nd Division 2026 Spring,Lunaris Esports (MENA Team),Victorious Demons,Victorious Demons,"[""Neeko"", ""Sylas"", ""Karma"", ""Rakan"", ""Rell""]","[""Zoe"", ""Fiora"", ""Jarvan IV"", ""Leona"", ""Alistar""]","[""Orianna"", ""Xin Zhao"", ""Kai'Sa"", ""Thresh"", ""Gnar""]","[""Wukong"", ""Ryze"", ""Caitlyn"", ""Morgana"", ""Irelia""]",[],[],0,leaguepedia_cargo_patch_range,1
Arabian League 2nd Division/2026 Season/Spring Split_Week 4_1_2,2026-04-30 19:05:00,26.09,Arabian League 2nd Division 2026 Spring,Pegasus Esports,Team Depressed,Team Depressed,"[""Rek'Sai"", ""Anivia"", ""Lulu"", ""Akali"", ""Caitlyn""]","[""Nautilus"", ""Zaahen"", ""Ashe"", ""Alistar"", ""Ahri""]","[""K'Sante"", ""Xin Zhao"", ""Ezreal"", ""Zoe"", ""Rakan""]","[""Ambessa"", ""Neeko"", ""Trundle"", ""Kai'Sa"", ""Annie""]",[],[],0,leaguepedia_cargo_patch_range,1
Arabian League 2nd Division/2026 Season/Spring Split_Week 4_1_3,2026-04-30 19:55:00,26.09,Arabian League 2nd Division 2026 Spring,Team Depressed,Pegasus Esports,Pegasus Esports,"[""Zaahen"", ""Nautilus"", ""Rumble"", ""Lucian"", ""Orianna""]","[""Rek'Sai"", ""Anivia"", ""Lulu"", ""Caitlyn"", ""Olaf""]","[""Jarvan IV"", ""Sylas"", ""Bard"", ""Dr. Mundo"", ""Jhin""]","[""Nocturne"", ""Ornn"", ""Braum"", ""Cassiopeia"", ""Vayne""]",[],[],0,leaguepedia_cargo_patch_range,1
Arabian League/2026 Season/Spring Split_Last Stand_1_1,2026-05-01 16:14:00,26.09,Arabian League 2026 Spring,One More Esports,JSK Esports,One More Esports,"[""Zaahen"", ""Nocturne"", ""Pantheon"", ""Nami"", ""Leona""]","[""Orianna"", ""Karma"", ""Xin Zhao"", ""Galio"", ""Viktor""]","[""Jarvan IV"", ""Tristana"", ""Lulu"", ""Gnar"", ""Mel""]","[""LeBlanc"", ""Ezreal"", ""Naafiri"", ""Thresh"", ""Ambessa""]",[],[],1,leaguepedia_cargo_patch_range,0
Arabian League/2026 Season/Spring Split_Last Stand_1_2,2026-05-01 17:23:00,26.09,Arabian League 2026 Spring,One More Esports,JSK Esports,One More Esports,"[""Nocturne"", ""Pantheon"", ""Aurora"", ""Akali"", ""Syndra""]","[""Orianna"", ""Xin Zhao"", ""Karma"", ""Galio"", ""Rumble""]","[""Seraphine"", ""Ashe"", ""Wukong"", ""Annie"", ""Renekton""]","[""Nami"", ""Corki"", ""Skarner"", ""Ahri"", ""Jayce""]",[],[],1,leaguepedia_cargo_patch_range,0
Arabian League/2026 Season/Spring Split_Last Stand_2_1,2026-05-01 18:39:00,26.09,Arabian League 2026 Spring,3BL Esports,GnG Amazigh,GnG Amazigh,"[""Caitlyn"", ""Nocturne"", ""Orianna"", ""Kled"", ""K'Sante""]","[""Pantheon"", ""Rell"", ""Neeko"", ""Akali"", ""Ahri""]","[""Xin Zhao"", ""Nautilus"", ""Kai'Sa"", ""Aurora"", ""Sion""]","[""Jarvan IV"", ""Yunara"", ""Braum"", ""Viktor"", ""Zaahen""]",[],[],0,leaguepedia_cargo_patch_range,1
Arabian League/2026 Season/Spring Split_Last Stand_2_2,2026-05-01 19:37:00,26.09,Arabian League 2026 Spring,GnG Amazigh,3BL Esports,3BL Esports,"[""Rell"", ""Akali"", ""Pantheon"", ""Neeko"", ""Varus""]","[""Nocturne"", ""Orianna"", ""Karma"", ""Ezreal"", ""Sivir""]","[""Ryze"", ""K'Sante"", ""Naafiri"", ""Rakan"", ""Xayah""]","[""Syndra"", ""Wukong"", ""Gnar"", ""Corki"", ""Nami""]",[],[],0,leaguepedia_cargo_patch_range,1
Arabian League/2026 Season/Spring Split_Last Stand_2_3,2026-05-01 20:29:00,26.09,Arabian League 2026 Spring,3BL Esports,GnG Amazigh,3BL Esports,"[""Nocturne"", ""Orianna"", ""Ezreal"", ""Qiyana"", ""Kha'Zix""]","[""Pantheon"", ""Rell"", ""Akali"", ""LeBlanc"", ""Sylas""]","[""Karma"", ""Galio"", ""Sivir"", ""Lissandra"", ""Lee Sin""]","[""Jhin"", ""Rumble"", ""Alistar"", ""Ahri"", ""Vi""]",[],[],1,leaguepedia_cargo_patch_range,0
LCP/2026 Season/Split 2_Week 5_1_1,2026-05-02 09:19:00,26.09,LCP 2026 Split 2,Ground Zero Gaming,MVK Esports,MVK Esports,"[""Rumble"", ""Bard"", ""Pantheon"", ""Mel"", ""Pyke""]","[""Karma"", ""Nocturne"", ""Ezreal"", ""Renekton"", ""Annie""]","[""Jarvan IV"", ""Ashe"", ""Seraphine"", ""Yorick"", ""Cassiopeia""]","[""Ryze"", ""Xin Zhao"", ""Ambessa"", ""Lucian"", ""Milio""]",[],[],0,leaguepedia_cargo_patch_range,1
LCP/2026 Season/Split 2_Week 5_1_2,2026-05-02 10:09:00,26.09,LCP 2026 Split 2,Ground Zero Gaming,MVK Esports,MVK Esports,"[""Bard"", ""Gnar"", ""K'Sante"", ""Shyvana"", ""Lee Sin""]","[""Karma"", ""Nocturne"", ""Pantheon"", ""Sivir"", ""Ezreal""]","[""Rumble"", ""Naafiri"", ""Hwei"", ""Jhin"", ""Pyke""]","[""Varus"", ""Orianna"", ""Sion"", ""Vi"", ""Nautilus""]",[],[],0,leaguepedia_cargo_patch_range,1
LCP/2026 Season/Split 2_Week 5_2_1,2026-05-02 11:17:00,26.09,LCP 2026 Split 2,Deep Cross Gaming,GAM Esports,Deep Cross Gaming,"[""Nautilus"", ""Nocturne"", ""Sion"", ""Bard"", ""Pyke""]","[""Rumble"", ""Orianna"", ""Jayce"", ""Lee Sin"", ""Pantheon""]","[""Karma"", ""Ryze"", ""Sivir"", ""Naafiri"", ""Gnar""]","[""Ezreal"", ""Jarvan IV"", ""Anivia"", ""Alistar"", ""Vayne""]",[],[],1,leaguepedia_cargo_patch_range,0
LCP/2026 Season/Split 2_Week 5_2_2,2026-05-02 12:11:00,26.09,LCP 2026 Split 2,Deep Cross Gaming,GAM Esports,GAM Esports,"[""Nautilus"", ""Varus"", ""Lee Sin"", ""Lucian"", ""Ashe""]","[""Rumble"", ""Orianna"", ""Nocturne"", ""Caitlyn"", ""Taliyah""]","[""Pantheon"", ""Yorick"", ""Bard"", ""Aurora"", ""Corki""]","[""Xin Zhao"", ""Jayce"", ""Twisted Fate"", ""Jhin"", ""Blitzcrank""]",[],[],0,leaguepedia_cargo_patch_range,1
LCP/2026 Season/Split 2_Week 5_2_3,2026-05-02 13:03:00,26.09,LCP 2026 Split 2,Deep Cross Gaming,GAM Esports,GAM Esports,"[""Akali"", ""Lucian"", ""Varus"", ""Caitlyn"", ""Pyke""]","[""Nocturne"", ""Orianna"", ""Rumble"", ""Nautilus"", ""Ashe""]","[""Annie"", ""Renekton"", ""Wukong"", ""Xayah"", ""Lulu""]","[""Galio"", ""Lee Sin"", ""Gwen"", ""Yunara"", ""Milio""]",[],[],0,leaguepedia_cargo_patch_range,1
LEC/2026 Season/Spring Season_Week 6_1_1,2026-05-02 15:08:00,26.09,LEC 2026 Spring,Team Heretics,Fnatic,Fnatic,"[""Nautilus"", ""Varus"", ""Karma"", ""Vayne"", ""K'Sante""]","[""Vi"", ""Orianna"", ""Ryze"", ""LeBlanc"", ""Ahri""]","[""Seraphine"", ""Jarvan IV"", ""Ezreal"", ""Rumble"", ""Azir""]","[""Bard"", ""Nocturne"", ""Caitlyn"", ""Aurora"", ""Ambessa""]",[],[],0,leaguepedia_cargo_patch_range,1
LEC/2026 Season/Spring Season_Week 6_1_2,2026-05-02 15:57:00,26.09,LEC 2026 Spring,Fnatic,Team Heretics,Fnatic,"[""Nautilus"", ""Varus"", ""Ryze"", ""Vayne"", ""Jayce""]","[""Vi"", ""Orianna"", ""Karma"", ""Akali"", ""Sion""]","[""Lulu"", ""Yunara"", ""Zaahen"", ""Viktor"", ""Gnar""]","[""Lucian"", ""Xin Zhao"", ""Nami"", ""Mel"", ""Irelia""]",[],[],1,leaguepedia_cargo_patch_range,0
CBLOL/2026 Season/Split 1_Week 6_1_1,2026-05-02 16:10:00,26.09,CBLOL 2026 Split 1,paiN Gaming,Leviatan,paiN Gaming,"[""Karma"", ""Varus"", ""Ambessa"", ""Aurora"", ""Ezreal""]","[""Orianna"", ""Caitlyn"", ""Jarvan IV"", ""Nautilus"", ""Bard""]","[""Rumble"", ""Vi"", ""Ahri"", ""Lucian"", ""Milio""]","[""Nocturne"", ""Neeko"", ""K'Sante"", ""Lissandra"", ""Kai'Sa""]",[],[],1,leaguepedia_cargo_patch_range,0
CBLOL/2026 Season/Split 1_Week 6_1_2,2026-05-02 16:56:00,26.09,CBLOL 2026 Split 1,paiN Gaming,Leviatan,paiN Gaming,"[""Karma"", ""Varus"", ""Bard"", ""Ryze"", ""Gwen""]","[""Caitlyn"", ""Jarvan IV"", ""Orianna"", ""Gnar"", ""Viktor""]","[""Pantheon"", ""Corki"", ""Nami"", ""Sion"", ""Aurora""]","[""Skarner"", ""Ezreal"", ""Nautilus"", ""Renekton"", ""Zoe""]",[],[],1,leaguepedia_cargo_patch_range,0
LEC/2026 Season/Spring Season_Week 6_2_1,2026-05-02 16:58:00,26.09,LEC 2026 Spring,SK Gaming,Team Vitality,Team Vitality,"[""Varus"", ""Nautilus"", ""Ezreal"", ""Vayne"", ""Braum""]","[""Rumble"", ""Orianna"", ""Akali"", ""Yone"", ""Taliyah""]","[""Pantheon"", ""Jhin"", ""Rell"", ""Shyvana"", ""Ekko""]","[""Caitlyn"", ""Jarvan IV"", ""Azir"", ""Bard"", ""Jayce""]",[],[],0,leaguepedia_cargo_patch_range,1
LEC/2026 Season/Spring Season_Week 6_2_2,2026-05-02 17:50:00,26.09,LEC 2026 Spring,SK Gaming,Team Vitality,SK Gaming,"[""Nautilus"", ""Varus"", ""Akali"", ""Rumble"", ""Ryze""]","[""Nocturne"", ""Ashe"", ""Orianna"", ""Renekton"", ""Sion""]","[""Ezreal"", ""Nami"", ""Xin Zhao"", ""Ahri"", ""Gnar""]","[""Kai'Sa"", ""Vi"", ""Rakan"", ""Anivia"", ""Yasuo""]",[],[],1,leaguepedia_cargo_patch_range,0
CBLOL/2026 Season/Split 1_Week 6_2_1,2026-05-02 18:00:00,26.09,CBLOL 2026 Split 1,RED Canids,FURIA,RED Canids,"[""Jarvan IV"", ""Bard"", ""Nocturne"", ""Nautilus"", ""Neeko""]","[""Seraphine"", ""Lucian"", ""Pantheon"", ""Ezreal"", ""Karma""]","[""Xin Zhao"", ""Annie"", ""K'Sante"", ""Zeri"", ""Yuumi""]","[""Varus"", ""Rumble"", ""Trundle"", ""Anivia"", ""Alistar""]",[],[],1,leaguepedia_cargo_patch_range,0
Arabian League 2nd Division/2026 Season/Spring Split_Week 4_4_1,2026-05-02 18:11:00,26.09,Arabian League 2nd Division 2026 Spring,Pyramid IV Esports,Lunaris Esports (MENA Team),Pyramid IV Esports,"[""Karma"", ""Rumble"", ""Zoe"", ""Fiora"", ""Gnar""]","[""Neeko"", ""Orianna"", ""Jarvan IV"", ""Braum"", ""LeBlanc""]","[""Ambessa"", ""Kai'Sa"", ""Olaf"", ""Rell"", ""Hwei""]","[""Wukong"", ""Ezreal"", ""Nautilus"", ""Jax"", ""Ahri""]",[],[],1,leaguepedia_cargo_patch_range,0
Arabian League 2nd Division/2026 Season/Spring Split_Week 4_5_1,2026-05-02 18:13:00,26.09,Arabian League 2nd Division 2026 Spring,Victorious Demons,NextGeneration Esports,Victorious Demons,"[""Vi"", ""Nautilus"", ""Irelia"", ""Bard"", ""Alistar""]","[""Orianna"", ""Karma"", ""Ambessa"", ""Gnar"", ""Ezreal""]","[""Ryze"", ""Jarvan IV"", ""Neeko"", ""Corki"", ""Ornn""]","[""Syndra"", ""Wukong"", ""K'Sante"", ""Nami"", ""Caitlyn""]",[],[],1,leaguepedia_cargo_patch_range,0
Arabian League 2nd Division/2026 Season/Spring Split_Week 4_3_1,2026-05-02 18:19:00,26.09,Arabian League 2nd Division 2026 Spring,JSK Academy,Team Depressed,JSK Academy,"[""Rek'Sai"", ""Aphelios"", ""Corki"", ""Shen"", ""Sylas""]","[""Aatrox"", ""Ashe"", ""Karma"", ""Orianna"", ""LeBlanc""]","[""Caitlyn"", ""Wukong"", ""Neeko"", ""Galio"", ""Gwen""]","[""Ezreal"", ""Xin Zhao"", ""Bard"", ""Akali"", ""Taliyah""]",[],[],1,leaguepedia_cargo_patch_range,0
LEC/2026 Season/Spring Season_Week 6_2_3,2026-05-02 18:34:00,26.09,LEC 2026 Spring,Team Vitality,SK Gaming,Team Vitality,"[""Varus"", ""Nautilus"", ""Nocturne"", ""Sion"", ""Renekton""]","[""Orianna"", ""Ashe"", ""Rumble"", ""Sejuani"", ""Akali""]","[""Ryze"", ""Lulu"", ""Kog'Maw"", ""Zaahen"", ""Irelia""]","[""Lucian"", ""Milio"", ""Syndra"", ""Wukong"", ""Aatrox""]",[],[],1,leaguepedia_cargo_patch_range,0
Arabian League 2nd Division/2026 Season/Spring Split_Week 4_4_2,2026-05-02 18:57:00,26.09,Arabian League 2nd Division 2026 Spring,Lunaris Esports (MENA Team),Pyramid IV Esports,Pyramid IV Esports,"[""Pantheon"", ""Ashe"", ""Neeko"", ""Nami"", ""Aphelios""]","[""Jarvan IV"", ""Karma"", ""Smolder"", ""Yunara""]","[""Orianna"", ""Vi"", ""Rumble"", ""Draven"", ""Thresh""]","[""Xin Zhao"", ""LeBlanc"", ""K'Sante"", ""Tristana"", ""Braum""]",[],[],0,leaguepedia_cargo_patch_range,1
CBLOL/2026 Season/Split 1_Week 6_2_2,2026-05-02 19:02:00,26.09,CBLOL 2026 Split 1,RED Canids,FURIA,FURIA,"[""Seraphine"", ""Ezreal"", ""Karma"", ""Skarner"", ""Sion""]","[""Bard"", ""Jarvan IV"", ""Nautilus"", ""LeBlanc"", ""Akali""]","[""Nocturne"", ""Lucian"", ""Nami"", ""Renekton"", ""Ryze""]","[""Orianna"", ""Milio"", ""Caitlyn"", ""Pantheon"", ""Gnar""]",[],[],0,leaguepedia_cargo_patch_range,1
Arabian League 2nd Division/2026 Season/Spring Split_Week 4_3_2,2026-05-02 19:20:00,26.09,Arabian League 2nd Division 2026 Spring,JSK Academy,Team Depressed,JSK Academy,"[""Rek'Sai"", ""Aphelios"", ""Corki"", ""Shen"", ""Anivia""]","[""Ashe"", ""Aatrox"", ""Karma"", ""LeBlanc"", ""Ahri""]","[""Jarvan IV"", ""Lulu"", ""Tristana"", ""Sion"", ""Zoe""]","[""Yunara"", ""Pantheon"", ""Braum"", ""Orianna"", ""Ambessa""]",[],[],1,leaguepedia_cargo_patch_range,0
Arabian League 2nd Division/2026 Season/Spring Split_Week 4_5_2,2026-05-02 19:23:00,26.09,Arabian League 2nd Division 2026 Spring,Victorious Demons,NextGeneration Esports,NextGeneration Esports,"[""Vi"", ""Irelia"", ""Nautilus"", ""Sion"", ""Ahri""]","[""Orianna"", ""Karma"", ""Ambessa"", ""LeBlanc"", ""Sylas""]","[""Bard"", ""Ezreal"", ""Pantheon"", ""Taliyah"", ""Rumble""]","[""Xin Zhao"", ""Ashe"", ""Seraphine"", ""Akali"", ""Kennen""]",[],[],0,leaguepedia_cargo_patch_range,1
CBLOL/2026 Season/Split 1_Week 6_2_3,2026-05-02 20:01:00,26.09,CBLOL 2026 Split 1,FURIA,RED Canids,FURIA,"[""Seraphine"", ""Ezreal"", ""Karma"", ""Viktor"", ""Yorick""]","[""Bard"", ""Jarvan IV"", ""Nautilus"", ""LeBlanc"", ""Syndra""]","[""Aatrox"", ""Neeko"", ""Jhin"", ""Jayce"", ""Aurora""]","[""Yunara"", ""Lulu"", ""Zaahen"", ""Twisted Fate"", ""Sion""]",[],[],1,leaguepedia_cargo_patch_range,0
LCS/2026 Season/Spring Season_Week 5_1_1,2026-05-02 20:10:00,26.09,LCS 2026 Spring,Dignitas,Cloud9,Cloud9,"[""Varus"", ""Anivia"", ""Karma"", ""Aurora"", ""Azir""]","[""Orianna"", ""Pantheon"", ""Bard"", ""Xin Zhao"", ""Nocturne""]","[""Seraphine"", ""Ezreal"", ""Annie"", ""Ornn"", ""Wukong""]","[""Ashe"", ""Jarvan IV"", ""Lulu"", ""Rumble"", ""Hwei""]",[],[],0,leaguepedia_cargo_patch_range,1
Arabian League 2nd Division/2026 Season/Spring Split_Week 4_5_3,2026-05-02 20:32:00,26.09,Arabian League 2nd Division 2026 Spring,NextGeneration Esports,Victorious Demons,NextGeneration Esports,"[""Ambessa"", ""Qiyana"", ""Aatrox"", ""Dr. Mundo"", ""Milio""]","[""Vi"", ""Karma"", ""Orianna"", ""Nautilus"", ""Lulu""]","[""Gragas"", ""Sejuani"", ""Irelia"", ""Varus"", ""Thresh""]","[""Vayne"", ""Jax"", ""LeBlanc"", ""Yunara"", ""Alistar""]",[],[],1,leaguepedia_cargo_patch_range,0
LCS/2026 Season/Spring Season_Week 5_1_2,2026-05-02 21:02:00,26.09,LCS 2026 Spring,Cloud9,Dignitas,Dignitas,"[""Azir"", ""Nautilus"", ""LeBlanc"", ""Pantheon"", ""Naafiri""]","[""Orianna"", ""Karma"", ""Ziggs"", ""Rakan"", ""Ambessa""]","[""Varus"", ""Nocturne"", ""Neeko"", ""Caitlyn"", ""Galio""]","[""Lucian"", ""Taliyah"", ""Nami"", ""Xin Zhao"", ""Jax""]",[],[],0,leaguepedia_cargo_patch_range,1
LCS/2026 Season/Spring Season_Week 5_1_3,2026-05-02 21:55:00,26.09,LCS 2026 Spring,Dignitas,Cloud9,Cloud9,"[""Bard"", ""Ziggs"", ""Ambessa"", ""Renekton"", ""Gwen""]","[""Orianna"", ""Karma"", ""Pantheon"", ""Anivia"", ""Syndra""]","[""Vi"", ""Xayah"", ""Rakan"", ""Sion"", ""Viktor""]","[""Sejuani"", ""Corki"", ""Cassiopeia"", ""Alistar"", ""Gnar""]",[],[],0,leaguepedia_cargo_patch_range,1
LCS/2026 Season/Spring Season_Week 5_2_1,2026-05-02 22:48:00,26.09,LCS 2026 Spring,Disguised,Team Liquid,Team Liquid,"[""Nocturne"", ""Varus"", ""Orianna"", ""Mel"", ""Nautilus""]","[""Karma"", ""Jarvan IV"", ""Bard"", ""Anivia"", ""Xin Zhao""]","[""Seraphine"", ""Ashe"", ""Ornn"", ""Yone"", ""Sejuani""]","[""Rumble"", ""Pantheon"", ""Ryze"", ""Nami"", ""Ezreal""]",[],[],0,leaguepedia_cargo_patch_range,1
LCS/2026 Season/Spring Season_Week 5_2_2,2026-05-02 23:35:00,26.09,LCS 2026 Spring,Team Liquid,Disguised,Team Liquid,"[""Varus"", ""Nocturne"", ""Akali"", ""Lucian"", ""Caitlyn""]","[""Karma"", ""Jarvan IV"", ""Orianna"", ""Yorick"", ""Sion""]","[""Annie"", ""Xayah"", ""Rakan"", ""Gragas"", ""Lee Sin""]","[""Taliyah"", ""Vi"", ""Jayce"", ""Kai'Sa"", ""Alistar""]",[],[],1,leaguepedia_cargo_patch_range,0
LPL/2026 Season/Split 2_Week 5_12_1,2026-05-03 09:12:00,26.09,LPL 2026 Split 2,LNG Esports,ThunderTalk Gaming,LNG Esports,"[""Rumble"", ""Xin Zhao"", ""Varus"", ""Jhin"", ""Sivir""]","[""Orianna"", ""Ambessa"", ""Seraphine"", ""Azir"", ""Ryze""]","[""Ezreal"", ""Bard"", ""Jarvan IV"", ""Jayce"", ""Aurora""]","[""Karma"", ""Annie"", ""Lee Sin"", ""Yunara"", ""Yorick""]",[],[],1,leaguepedia_cargo_patch_range,0
LCP/2026 Season/Split 2_Week 5_3_1,2026-05-03 09:22:00,26.09,LCP 2026 Split 2,Fukuoka SoftBank HAWKS gaming,DetonatioN FocusMe,Fukuoka SoftBank HAWKS gaming,"[""Rumble"", ""Karma"", ""Lee Sin"", ""Nautilus"", ""Lucian""]","[""Orianna"", ""Nocturne"", ""Pantheon"", ""Ashe"", ""Caitlyn""]","[""Jarvan IV"", ""Anivia"", ""Renekton"", ""Varus"", ""Bard""]","[""Ryze"", ""Xin Zhao"", ""Zaahen"", ""Yunara"", ""Pyke""]",[],[],1,leaguepedia_cargo_patch_range,0
LPL/2026 Season/Split 2_Week 5_12_2,2026-05-03 10:03:00,26.09,LPL 2026 Split 2,LNG Esports,ThunderTalk Gaming,ThunderTalk Gaming,"[""Rumble"", ""Nocturne"", ""Lucian"", ""Nautilus"", ""Twisted Fate""]","[""Orianna"", ""Ambessa"", ""Vi"", ""Vayne"", ""Jax""]","[""Seraphine"", ""Pantheon"", ""Ashe"", ""Nidalee"", ""Taliyah""]","[""Xin Zhao"", ""Varus"", ""Gnar"", ""Rakan"", ""Ahri""]",[],[],0,leaguepedia_cargo_patch_range,1
LCP/2026 Season/Split 2_Week 5_3_2,2026-05-03 10:14:00,26.09,LCP 2026 Split 2,DetonatioN FocusMe,Fukuoka SoftBank HAWKS gaming,DetonatioN FocusMe,"[""Karma"", ""Lee Sin"", ""K'Sante"", ""Nautilus"", ""Ashe""]","[""Orianna"", ""Nocturne"", ""Pantheon"", ""Yone"", ""Annie""]","[""Rumble"", ""Lucian"", ""Milio"", ""Viktor"", ""Skarner""]","[""Yorick"", ""Vi"", ""Aurora"", ""Xayah"", ""Rakan""]",[],[],1,leaguepedia_cargo_patch_range,0
LPL/2026 Season/Split 2_Week 5_12_3,2026-05-03 10:59:00,26.09,LPL 2026 Split 2,ThunderTalk Gaming,LNG Esports,LNG Esports,"[""Ambessa"", ""Vi"", ""Naafiri"", ""Skarner"", ""Azir""]","[""Orianna"", ""Nocturne"", ""Lucian"", ""Trundle"", ""Akali""]","[""Rumble"", ""Aphelios"", ""Lulu"", ""Yone"", ""Sejuani""]","[""Corki"", ""Nami"", ""K'Sante"", ""Maokai"", ""Ryze""]",[],[],0,leaguepedia_cargo_patch_range,1
LCP/2026 Season/Split 2_Week 5_3_3,2026-05-03 11:17:00,26.09,LCP 2026 Split 2,DetonatioN FocusMe,Fukuoka SoftBank HAWKS gaming,Fukuoka SoftBank HAWKS gaming,"[""Orianna"", ""Nocturne"", ""Caitlyn"", ""Nautilus"", ""Rell""]","[""Lee Sin"", ""Karma"", ""Pantheon"", ""Galio"", ""Akali""]","[""Naafiri"", ""Ashe"", ""Seraphine"", ""K'Sante"", ""Taliyah""]","[""Wukong"", ""Annie"", ""Mel"", ""Shen"", ""Vayne""]",[],[],0,leaguepedia_cargo_patch_range,1
LPL/2026 Season/Split 2_Week 5_13_1,2026-05-03 12:00:00,26.09,LPL 2026 Split 2,Ninjas in Pyjamas.CN,Bilibili Gaming,Bilibili Gaming,"[""Varus"", ""Lucian"", ""Rumble"", ""Vi"", ""Vayne""]","[""Orianna"", ""Ezreal"", ""Ashe"", ""Aurora"", ""Akali""]","[""Jarvan IV"", ""Corki"", ""Nami"", ""Gnar"", ""Ryze""]","[""Annie"", ""Lulu"", ""Yunara"", ""Nocturne"", ""Jayce""]",[],[],0,leaguepedia_cargo_patch_range,1
LCP/2026 Season/Split 2_Week 5_4_1,2026-05-03 12:29:00,26.09,LCP 2026 Split 2,CTBC Flying Oyster,Team Secret Whales,CTBC Flying Oyster,"[""Ashe"", ""Pantheon"", ""Lucian"", ""Naafiri"", ""Vi""]","[""Nocturne"", ""Jarvan IV"", ""Bard"", ""K'Sante"", ""Orianna""]","[""Varus"", ""Karma"", ""Xin Zhao"", ""Sivir"", ""Ryze""]","[""Rumble"", ""Ezreal"", ""Nautilus"", ""Trundle"", ""Cassiopeia""]",[],[],1,leaguepedia_cargo_patch_range,0
LPL/2026 Season/Split 2_Week 5_13_2,2026-05-03 13:04:00,26.09,LPL 2026 Split 2,Bilibili Gaming,Ninjas in Pyjamas.CN,Ninjas in Pyjamas.CN,"[""Ezreal"", ""Ambessa"", ""Ashe"", ""Aurora"", ""Lissandra""]","[""Orianna"", ""Varus"", ""Lucian"", ""Nautilus"", ""Karma""]","[""Vi"", ""Anivia"", ""Ahri"", ""Jhin"", ""Seraphine""]","[""Rumble"", ""Bard"", ""Caitlyn"", ""Sejuani"", ""Yone""]",[],[],0,leaguepedia_cargo_patch_range,1
LCP/2026 Season/Split 2_Week 5_4_2,2026-05-03 13:24:00,26.09,LCP 2026 Split 2,CTBC Flying Oyster,Team Secret Whales,Team Secret Whales,"[""Nocturne"", ""Bard"", ""Jarvan IV"", ""Vi"", ""Wukong""]","[""Ashe"", ""Orianna"", ""Pantheon"", ""Naafiri"", ""Lee Sin""]","[""Annie"", ""Corki"", ""Nami"", ""Sejuani"", ""Jayce""]","[""Lucian"", ""Milio"", ""Hwei"", ""Skarner"", ""Olaf""]",[],[],0,leaguepedia_cargo_patch_range,1
LPL/2026 Season/Split 2_Week 5_13_3,2026-05-03 14:00:00,26.09,LPL 2026 Split 2,Ninjas in Pyjamas.CN,Bilibili Gaming,Bilibili Gaming,"[""Twisted Fate"", ""Lucian"", ""Renekton"", ""Naafiri"", ""Malzahar""]","[""Orianna"", ""Ezreal"", ""Ambessa"", ""Renata Glasc"", ""Rakan""]","[""Varus"", ""Xin Zhao"", ""LeBlanc"", ""Alistar"", ""Sion""]","[""Aurora"", ""Pantheon"", ""Miss Fortune"", ""Gragas"", ""Sylas""]",[],[],0,leaguepedia_cargo_patch_range,1
LCP/2026 Season/Split 2_Week 5_4_3,2026-05-03 14:23:00,26.09,LCP 2026 Split 2,Team Secret Whales,CTBC Flying Oyster,Team Secret Whales,"[""Bard"", ""Jarvan IV"", ""Pantheon"", ""Xayah"", ""Kalista""]","[""Ashe"", ""Orianna"", ""Nocturne"", ""Ahri"", ""Viktor""]","[""Vi"", ""Lulu"", ""Yunara"", ""Taliyah"", ""Yorick""]","[""Naafiri"", ""Aurora"", ""Gnar"", ""Caitlyn"", ""Lux""]",[],[],1,leaguepedia_cargo_patch_range,0
LEC/2026 Season/Spring Season_Week 6_3_1,2026-05-03 15:08:00,26.09,LEC 2026 Spring,Team Heretics,Shifters,Shifters,"[""Nautilus"", ""Jarvan IV"", ""Varus"", ""Ziggs"", ""Bard""]","[""Orianna"", ""Karma"", ""Ryze"", ""Xin Zhao"", ""Wukong""]","[""Seraphine"", ""Ashe"", ""Rumble"", ""Pantheon"", ""Anivia""]","[""Aurora"", ""Nocturne"", ""Jayce"", ""Zeri"", ""Yuumi""]",[],[],0,leaguepedia_cargo_patch_range,1
CBLOL/2026 Season/Split 1_Week 6_3_1,2026-05-03 16:10:00,26.09,CBLOL 2026 Split 1,Fluxo W7M,LØS,LØS,"[""Orianna"", ""Nocturne"", ""Caitlyn"", ""Vayne"", ""Ezreal""]","[""Karma"", ""Rumble"", ""Jarvan IV"", ""Sylas"", ""Jayce""]","[""Pantheon"", ""Sivir"", ""Bard"", ""Cassiopeia"", ""K'Sante""]","[""Varus"", ""Trundle"", ""Alistar"", ""Ryze"", ""Gnar""]",[],[],0,leaguepedia_cargo_patch_range,1
LEC/2026 Season/Spring Season_Week 6_3_2,2026-05-03 16:12:00,26.09,LEC 2026 Spring,Team Heretics,Shifters,Shifters,"[""Nautilus"", ""Milio"", ""Karma"", ""Vayne"", ""Renekton""]","[""Orianna"", ""Ryze"", ""Jarvan IV"", ""LeBlanc"", ""Vi""]","[""Varus"", ""Neeko"", ""Ambessa"", ""Skarner"", ""Annie""]","[""Ezreal"", ""Bard"", ""Wukong"", ""Ahri"", ""Gnar""]",[],[],0,leaguepedia_cargo_patch_range,1
CBLOL/2026 Season/Split 1_Week 6_3_2,2026-05-03 16:54:00,26.09,CBLOL 2026 Split 1,LØS,Fluxo W7M,Fluxo W7M,"[""Orianna"", ""Caitlyn"", ""Nocturne"", ""Vayne"", ""Jayce""]","[""Karma"", ""Rumble"", ""Jarvan IV"", ""Akali"", ""LeBlanc""]","[""Vi"", ""Lucian"", ""Milio"", ""Renekton"", ""Zoe""]","[""Xin Zhao"", ""Ezreal"", ""Nautilus"", ""Ahri"", ""Kennen""]",[],[],0,leaguepedia_cargo_patch_range,1
LEC/2026 Season/Spring Season_Week 6_4_1,2026-05-03 17:08:00,26.09,LEC 2026 Spring,Natus Vincere,G2 Esports,G2 Esports,"[""Nautilus"", ""Jarvan IV"", ""Varus"", ""Gnar"", ""Jayce""]","[""Orianna"", ""Seraphine"", ""Bard"", ""Anivia"", ""Renekton""]","[""Karma"", ""Caitlyn"", ""Xin Zhao"", ""Ryze"", ""Rumble""]","[""Ezreal"", ""Pantheon"", ""Nami"", ""Annie"", ""Ornn""]",[],[],0,leaguepedia_cargo_patch_range,1
CBLOL/2026 Season/Split 1_Week 6_3_3,2026-05-03 17:44:00,26.09,CBLOL 2026 Split 1,LØS,Fluxo W7M,LØS,"[""Orianna"", ""Caitlyn"", ""Jayce"", ""Aurora"", ""Vayne""]","[""Karma"", ""Rumble"", ""Seraphine"", ""Akali"", ""Twisted Fate""]","[""Aatrox"", ""Yunara"", ""Lulu"", ""Ambessa"", ""Azir""]","[""Corki"", ""Nami"", ""Nocturne"", ""Viktor"", ""Camille""]",[],[],1,leaguepedia_cargo_patch_range,0
LEC/2026 Season/Spring Season_Week 6_4_2,2026-05-03 17:58:00,26.09,LEC 2026 Spring,G2 Esports,Natus Vincere,G2 Esports,"[""Nautilus"", ""Varus"", ""Seraphine"", ""Gwen"", ""Gnar""]","[""Jarvan IV"", ""Nocturne"", ""Vi"", ""Aatrox"", ""Sion""]","[""Orianna"", ""Yunara"", ""Lulu"", ""K'Sante"", ""Trundle""]","[""Lucian"", ""Milio"", ""Viktor"", ""Wukong"", ""Ambessa""]",[],[],1,leaguepedia_cargo_patch_range,0
Arabian League 2nd Division/2026 Season/Spring Split_Week 4_6_1,2026-05-03 18:23:00,26.09,Arabian League 2nd Division 2026 Spring,3BL Galaxy Academy,Pegasus Esports,Pegasus Esports,"[""Zaahen"", ""Pantheon"", ""Yunara"", ""Ryze"", ""Syndra""]","[""Anivia"", ""Ivern"", ""Gwen"", ""Zac"", ""Akali""]","[""Karma"", ""Caitlyn"", ""Aatrox"", ""Orianna"", ""Xin Zhao""]","[""Sion"", ""Ezreal"", ""Bard"", ""Jarvan IV"", ""Sylas""]",[],[],0,leaguepedia_cargo_patch_range,1
CBLOL/2026 Season/Split 1_Week 6_4_1,2026-05-03 18:39:00,26.09,CBLOL 2026 Split 1,LOUD,Vivo Keyd Stars,LOUD,"[""Jarvan IV"", ""Naafiri"", ""Caitlyn"", ""Bard"", ""Seraphine""]","[""Varus"", ""Twisted Fate"", ""Akali"", ""Lucian"", ""Nautilus""]","[""Nocturne"", ""Rumble"", ""Ahri"", ""Corki"", ""Nami""]","[""Pantheon"", ""Orianna"", ""K'Sante"", ""Neeko"", ""Ezreal""]",[],[],1,leaguepedia_cargo_patch_range,0
Arabian League 2nd Division/2026 Season/Spring Split_Week 4_6_2,2026-05-03 19:11:00,26.09,Arabian League 2nd Division 2026 Spring,Pegasus Esports,3BL Galaxy Academy,Pegasus Esports,"[""Anivia"", ""Gwen"", ""Ivern"", ""Akali"", ""Viktor""]","[""Zaahen"", ""Yunara"", ""Pantheon"", ""Ryze"", ""Syndra""]","[""K'Sante"", ""Kai'Sa"", ""Nautilus"", ""Lillia"", ""Zed""]","[""Ashe"", ""Seraphine"", ""Zac"", ""Camille"", ""Cho'Gath""]",[],[],1,leaguepedia_cargo_patch_range,0
CBLOL/2026 Season/Split 1_Week 6_4_2,2026-05-03 19:41:00,26.09,CBLOL 2026 Split 1,LOUD,Vivo Keyd Stars,LOUD,"[""Jarvan IV"", ""Ashe"", ""Karma"", ""Lee Sin"", ""Naafiri""]","[""Varus"", ""Twisted Fate"", ""Nautilus"", ""Skarner"", ""Gnar""]","[""Caitlyn"", ""Milio"", ""Akali"", ""Aatrox"", ""Ornn""]","[""Ryze"", ""Bard"", ""Jhin"", ""Renekton"", ""Qiyana""]",[],[],1,leaguepedia_cargo_patch_range,0
LCS/2026 Season/Spring Season_Week 5_3_1,2026-05-03 20:08:00,26.09,LCS 2026 Spring,LYON (2024 American Team),Sentinels,LYON (2024 American Team),"[""Anivia"", ""Bard"", ""Pantheon"", ""Jhin"", ""Seraphine""]","[""Nocturne"", ""Orianna"", ""Ezreal"", ""Neeko"", ""Karma""]","[""Varus"", ""Ryze"", ""Xin Zhao"", ""Nautilus"", ""K'Sante""]","[""Jarvan IV"", ""Rumble"", ""Yone"", ""Lucian"", ""Braum""]",[],[],1,leaguepedia_cargo_patch_range,0
LCS/2026 Season/Spring Season_Week 5_3_2,2026-05-03 21:04:00,26.09,LCS 2026 Spring,LYON (2024 American Team),Sentinels,LYON (2024 American Team),"[""Nocturne"", ""Azir"", ""Ezreal"", ""Jhin"", ""Miss Fortune""]","[""Skarner"", ""Caitlyn"", ""Anivia"", ""Poppy"", ""Lee Sin""]","[""Orianna"", ""Corki"", ""Nami"", ""Renekton"", ""Dr. Mundo""]","[""Pantheon"", ""Bard"", ""Akali"", ""Sivir"", ""Gnar""]",[],[],1,leaguepedia_cargo_patch_range,0
LCS/2026 Season/Spring Season_Week 5_4_1,2026-05-03 22:08:00,26.09,LCS 2026 Spring,Shopify Rebellion,FlyQuest,FlyQuest,"[""Varus"", ""Jarvan IV"", ""Nautilus"", ""Rumble"", ""Aurora""]","[""Orianna"", ""Karma"", ""Seraphine"", ""Ryze"", ""Taliyah""]","[""Bard"", ""Pantheon"", ""Jhin"", ""Viktor"", ""Anivia""]","[""Ezreal"", ""Neeko"", ""Nocturne"", ""Annie"", ""Gragas""]",[],[],0,leaguepedia_cargo_patch_range,1
LCS/2026 Season/Spring Season_Week 5_4_2,2026-05-03 22:55:00,26.09,LCS 2026 Spring,Shopify Rebellion,FlyQuest,Shopify Rebellion,"[""Jarvan IV"", ""Lucian"", ""Nautilus"", ""Naafiri"", ""Sylas""]","[""Orianna"", ""Varus"", ""Karma"", ""Ryze"", ""Xin Zhao""]","[""Seraphine"", ""Ashe"", ""Rumble"", ""Shen"", ""Ahri""]","[""Corki"", ""Nami"", ""Aurora"", ""Vi"", ""K'Sante""]",[],[],1,leaguepedia_cargo_patch_range,0
LCS/2026 Season/Spring Season_Week 5_4_3,2026-05-03 23:45:00,26.09,LCS 2026 Spring,Shopify Rebellion,FlyQuest,FlyQuest,"[""Lucian"", ""Naafiri"", ""Sivir"", ""Morgana"", ""Elise""]","[""Orianna"", ""Karma"", ""Varus"", ""Cassiopeia"", ""Ryze""]","[""Jarvan IV"", ""Nautilus"", ""Jayce"", ""Smolder"", ""Hwei""]","[""Caitlyn"", ""Xin Zhao"", ""Sion"", ""Alistar"", ""Akali""]",[],[],0,leaguepedia_cargo_patch_range,1
LCK CL/2026 Season/Rounds 1-2_Week 6_1_1,2026-05-04 05:10:00,26.09,LCK CL 2026 Rounds 1-2,DN SOOPers Challengers,Dplus Kia Challengers,DN SOOPers Challengers,"[""Ashe"", ""Varus"", ""Jarvan IV"", ""Azir"", ""Yorick""]","[""Rumble"", ""Karma"", ""Pantheon"", ""Xin Zhao"", ""Vi""]","[""Orianna"", ""Yunara"", ""Lulu"", ""Sion"", ""Lee Sin""]","[""Nocturne"", ""Neeko"", ""Ezreal"", ""Aurelion Sol"", ""Gwen""]",[],[],1,leaguepedia_cargo_patch_range,0
LCK CL/2026 Season/Rounds 1-2_Week 6_1_2,2026-05-04 05:54:00,26.09,LCK CL 2026 Rounds 1-2,DN SOOPers Challengers,Dplus Kia Challengers,DN SOOPers Challengers,"[""Ashe"", ""Varus"", ""Lucian"", ""Nautilus"", ""Nami""]","[""Karma"", ""Rumble"", ""Azir"", ""Anivia"", ""Twisted Fate""]","[""Pantheon"", ""Yorick"", ""Bard"", ""Annie"", ""Caitlyn""]","[""Jayce"", ""Jarvan IV"", ""Ryze"", ""Jhin"", ""Leona""]",[],[],1,leaguepedia_cargo_patch_range,0
LCK CL/2026 Season/Rounds 1-2_Week 6_2_1,2026-05-04 07:07:00,26.09,LCK CL 2026 Rounds 1-2,KT Rolster Challengers,Kiwoom DRX Challengers,Kiwoom DRX Challengers,"[""Varus"", ""Karma"", ""Nocturne"", ""Ryze"", ""Aurora""]","[""Rumble"", ""Orianna"", ""Jarvan IV"", ""Ahri"", ""Akali""]","[""Vi"", ""Yunara"", ""Lulu"", ""Jayce"", ""Anivia""]","[""Ezreal"", ""Pantheon"", ""Neeko"", ""Annie"", ""Yorick""]",[],[],0,leaguepedia_cargo_patch_range,1
Esports World Cup 2026/Online Qualifiers/Korea_Play-In_1_1,2026-05-04 07:16:00,26.09,Esports World Cup 2026 Online Qualifier: Korea,Kiwoom DRX,DN SOOPers,Kiwoom DRX,"[""Varus"", ""Nautilus"", ""Ryze"", ""Lee Sin"", ""Jayce""]","[""Orianna"", ""Karma"", ""Rumble"", ""Ezreal"", ""Jhin""]","[""Bard"", ""Akali"", ""Pantheon"", ""Miss Fortune"", ""Gnar""]","[""Lucian"", ""Annie"", ""Milio"", ""Xin Zhao"", ""Renekton""]",[],[],1,leaguepedia_cargo_patch_range,0
LCK CL/2026 Season/Rounds 1-2_Week 6_2_2,2026-05-04 08:03:00,26.09,LCK CL 2026 Rounds 1-2,Kiwoom DRX Challengers,KT Rolster Challengers,Kiwoom DRX Challengers,"[""Varus"", ""Karma"", ""Orianna"", ""Azir"", ""Xin Zhao""]","[""Rumble"", ""Jarvan IV"", ""Nocturne"", ""Vayne"", ""Lee Sin""]","[""Ryze"", ""Lucian"", ""Milio"", ""Twisted Fate"", ""Dr. Mundo""]","[""Ashe"", ""Seraphine"", ""Gnar"", ""Corki"", ""Maokai""]",[],[],1,leaguepedia_cargo_patch_range,0
LJL/2026 Season/Spring Series_Week 2_1_1,2026-05-04 08:13:00,26.09,LJL 2026 Spring Series,Arneb,Rising Gaming,Arneb,"[""Rumble"", ""Neeko"", ""Yunara"", ""Kai'Sa"", ""Rell""]","[""Jarvan IV"", ""Ambessa"", ""Ezreal"", ""Gnar"", ""K'Sante""]","[""Ryze"", ""Nautilus"", ""Lee Sin"", ""Ashe"", ""Ornn""]","[""Orianna"", ""Nocturne"", ""Renekton"", ""Seraphine"", ""Jhin""]",[],[],1,leaguepedia_cargo_patch_range,0
Esports World Cup 2026/Online Qualifiers/Korea_Play-In_1_2,2026-05-04 08:17:00,26.09,Esports World Cup 2026 Online Qualifier: Korea,Kiwoom DRX,DN SOOPers,DN SOOPers,"[""Varus"", ""Rumble"", ""Karma"", ""Vi"", ""Ambessa""]","[""Orianna"", ""Ryze"", ""Jarvan IV"", ""Nocturne"", ""Jayce""]","[""Aurora"", ""Yunara"", ""Lulu"", ""Sion"", ""Wukong""]","[""Ezreal"", ""Neeko"", ""Ahri"", ""Lee Sin"", ""Gwen""]",[],[],0,leaguepedia_cargo_patch_range,1
Esports World Cup 2026/Online Qualifiers/Korea_Play-In_1_3,2026-05-04 09:05:00,26.09,Esports World Cup 2026 Online Qualifier: Korea,Kiwoom DRX,DN SOOPers,DN SOOPers,"[""Varus"", ""Ashe"", ""Karma"", ""Alistar"", ""Yorick""]","[""Orianna"", ""Rumble"", ""Ryze"", ""LeBlanc"", ""Lissandra""]","[""Jarvan IV"", ""Sivir"", ""Nautilus"", ""Jayce"", ""Cassiopeia""]","[""Ziggs"", ""Vi"", ""Yone"", ""Rell"", ""K'Sante""]",[],[],0,leaguepedia_cargo_patch_range,1
LJL/2026 Season/Spring Series_Week 2_1_2,2026-05-04 09:05:00,26.09,LJL 2026 Spring Series,Rising Gaming,Arneb,Rising Gaming,"[""Vi"", ""Aurora"", ""Karma"", ""Akali"", ""Annie""]","[""Yunara"", ""Neeko"", ""Poppy"", ""Braum"", ""Alistar""]","[""Rumble"", ""Pantheon"", ""Ezreal"", ""Bard"", ""Viktor""]","[""Galio"", ""Jarvan IV"", ""Sivir"", ""Rell"", ""Ahri""]",[],[],1,leaguepedia_cargo_patch_range,0
LCK CL/2026 Season/Rounds 1-2_Week 6_3_1,2026-05-04 09:06:00,26.09,LCK CL 2026 Rounds 1-2,Hanwha Life Esports Challengers,T1 Esports Academy,T1 Esports Academy,"[""Varus"", ""Karma"", ""Pantheon"", ""Vi"", ""Ambessa""]","[""Rumble"", ""Jayce"", ""Nocturne"", ""Azir"", ""Akali""]","[""Jarvan IV"", ""Caitlyn"", ""Bard"", ""Sion"", ""Viktor""]","[""Orianna"", ""Lucian"", ""Milio"", ""Xin Zhao"", ""Gwen""]",[],[],0,leaguepedia_cargo_patch_range,1
LJL/2026 Season/Spring Series_Week 2_1_3,2026-05-04 09:57:00,26.09,LJL 2026 Spring Series,Arneb,Rising Gaming,Rising Gaming,"[""Yunara"", ""Neeko"", ""Syndra"", ""Lux"", ""Nami""]","[""Aurora"", ""Varus"", ""Vi"", ""Leona"", ""Rakan""]","[""Annie"", ""Wukong"", ""Miss Fortune"", ""Malphite"", ""Braum""]","[""Xin Zhao"", ""Caitlyn"", ""Zoe"", ""Gnar"", ""Milio""]",[],[],0,leaguepedia_cargo_patch_range,1
LCK CL/2026 Season/Rounds 1-2_Week 6_3_2,2026-05-04 10:06:00,26.09,LCK CL 2026 Rounds 1-2,T1 Esports Academy,Hanwha Life Esports Challengers,T1 Esports Academy,"[""Varus"", ""Karma"", ""Jayce"", ""Lulu"", ""Nami""]","[""Seraphine"", ""Nocturne"", ""Ezreal"", ""Ryze"", ""Aurora""]","[""Rumble"", ""Neeko"", ""Wukong"", ""Kai'Sa"", ""Akali""]","[""Ambessa"", ""Vi"", ""Annie"", ""Jhin"", ""Alistar""]",[],[],1,leaguepedia_cargo_patch_range,0
Esports World Cup 2026/Online Qualifiers/Korea_Round 1_1_1,2026-05-04 10:12:00,26.09,Esports World Cup 2026 Online Qualifier: Korea,BNK FEARX,KT Rolster,BNK FEARX,"[""Varus"", ""Bard"", ""Annie"", ""Ryze"", ""Ahri""]","[""Rumble"", ""Karma"", ""Orianna"", ""Anivia"", ""Aurora""]","[""Jarvan IV"", ""Ashe"", ""Seraphine"", ""Viktor"", ""Renekton""]","[""Lucian"", ""Milio"", ""Pantheon"", ""Mel"", ""Vayne""]",[],[],1,leaguepedia_cargo_patch_range,0
LJL/2026 Season/Spring Series_Week 2_2_1,2026-05-04 11:01:00,26.09,LJL 2026 Spring Series,RAYN Clocks,Uwinks,Uwinks,"[""Olaf"", ""Ambessa"", ""Rumble"", ""Naafiri"", ""Hecarim""]","[""Jarvan IV"", ""Ashe"", ""Nocturne"", ""Xin Zhao"", ""Vi""]","[""Viktor"", ""Karma"", ""Sivir"", ""Wukong"", ""Jax""]","[""Syndra"", ""Ezreal"", ""Nautilus"", ""Lee Sin"", ""Gragas""]",[],[],0,leaguepedia_cargo_patch_range,1
Esports World Cup 2026/Online Qualifiers/Korea_Round 1_1_2,2026-05-04 11:06:00,26.09,Esports World Cup 2026 Online Qualifier: Korea,BNK FEARX,KT Rolster,BNK FEARX,"[""Varus"", ""Bard"", ""Anivia"", ""Lee Sin"", ""Yorick""]","[""Rumble"", ""Orianna"", ""Karma"", ""Sivir"", ""Lulu""]","[""Ryze"", ""Jayce"", ""Nocturne"", ""Alistar"", ""Jhin""]","[""Annie"", ""Neeko"", ""Ezreal"", ""K'Sante"", ""Naafiri""]",[],[],1,leaguepedia_cargo_patch_range,0
LJL/2026 Season/Spring Series_Week 2_2_2,2026-05-04 12:06:00,26.09,LJL 2026 Spring Series,Uwinks,RAYN Clocks,Uwinks,"[""Jarvan IV"", ""Ashe"", ""Orianna"", ""Varus"", ""Renekton""]","[""Olaf"", ""Ambessa"", ""Pantheon"", ""Kennen"", ""Tristana""]","[""Nocturne"", ""Alistar"", ""Hwei"", ""Kai'Sa"", ""Sion""]","[""Neeko"", ""Aurora"", ""Kindred"", ""Miss Fortune"", ""Gwen""]",[],[],1,leaguepedia_cargo_patch_range,0
Esports World Cup 2026/Online Qualifiers/Korea_Round 1_2_1,2026-05-04 12:23:00,26.09,Esports World Cup 2026 Online Qualifier: Korea,HANJIN BRION,T1,T1,"[""Ezreal"", ""Rumble"", ""Varus"", ""Akali"", ""Gnar""]","[""Orianna"", ""Azir"", ""Ryze"", ""Caitlyn"", ""Jayce""]","[""Bard"", ""Anivia"", ""Trundle"", ""Sivir"", ""Sion""]","[""Xin Zhao"", ""Jhin"", ""Elise"", ""Annie"", ""Gwen""]",[],[],0,leaguepedia_cargo_patch_range,1
Esports World Cup 2026/Online Qualifiers/Korea_Round 1_2_2,2026-05-04 13:09:00,26.09,Esports World Cup 2026 Online Qualifier: Korea,T1,HANJIN BRION,T1,"[""Varus"", ""Caitlyn"", ""Rumble"", ""Leona"", ""Nautilus""]","[""Ezreal"", ""Orianna"", ""Lucian"", ""Akali"", ""Aurora""]","[""Nocturne"", ""Mel"", ""Pyke"", ""Jayce"", ""Ziggs""]","[""Ashe"", ""Jarvan IV"", ""Azir"", ""Camille"", ""Irelia""]",[],[],1,leaguepedia_cargo_patch_range,0
LEC/2026 Season/Spring Season_Week 6_5_1,2026-05-04 15:08:00,26.09,LEC 2026 Spring,Team Vitality,Fnatic,Fnatic,"[""Jarvan IV"", ""Sion"", ""Akali"", ""Karma"", ""Alistar""]","[""Orianna"", ""Azir"", ""Pantheon"", ""Rakan"", ""Neeko""]","[""Rumble"", ""Kai'Sa"", ""Vi"", ""Rell"", ""Viktor""]","[""Xin Zhao"", ""Ezreal"", ""Ornn"", ""Ryze"", ""Braum""]",[],[],0,leaguepedia_cargo_patch_range,1
LEC/2026 Season/Spring Season_Week 6_5_2,2026-05-04 16:03:00,26.09,LEC 2026 Spring,Fnatic,Team Vitality,Team Vitality,"[""Nautilus"", ""Azir"", ""Ashe"", ""Vayne"", ""Gnar""]","[""Orianna"", ""Sion"", ""Jarvan IV"", ""Akali"", ""Renekton""]","[""Caitlyn"", ""Skarner"", ""Seraphine"", ""K'Sante"", ""Aurora""]","[""Pantheon"", ""Bard"", ""Jhin"", ""Syndra"", ""Twisted Fate""]",[],[],0,leaguepedia_cargo_patch_range,1
LEC/2026 Season/Spring Season_Week 6_5_3,2026-05-04 17:01:00,26.09,LEC 2026 Spring,Team Vitality,Fnatic,Team Vitality,"[""Sion"", ""Nautilus"", ""Nocturne"", ""Jax"", ""Yorick""]","[""Orianna"", ""Jarvan IV"", ""Azir"", ""Jayce"", ""Mel""]","[""Milio"", ""Lucian"", ""Aatrox"", ""Annie"", ""Varus""]","[""Yunara"", ""Lulu"", ""Naafiri"", ""Taliyah"", ""Gnar""]",[],[],1,leaguepedia_cargo_patch_range,0
LEC/2026 Season/Spring Season_Week 6_6_1,2026-05-04 17:58:00,26.09,LEC 2026 Spring,Movistar KOI,Shifters,Shifters,"[""Ashe"", ""Xin Zhao"", ""Varus"", ""Yorick"", ""Vayne""]","[""Orianna"", ""Rumble"", ""Karma"", ""Caitlyn"", ""Nautilus""]","[""Jarvan IV"", ""Azir"", ""Jayce"", ""Kalista"", ""Renata Glasc""]","[""Lucian"", ""Pantheon"", ""Milio"", ""Taliyah"", ""Irelia""]",[],[],0,leaguepedia_cargo_patch_range,1
LEC/2026 Season/Spring Season_Week 6_6_2,2026-05-04 18:54:00,26.09,LEC 2026 Spring,Movistar KOI,Shifters,Movistar KOI,"[""Nautilus"", ""Rumble"", ""Caitlyn"", ""Akali"", ""Ryze""]","[""Orianna"", ""Varus"", ""Nocturne"", ""Anivia"", ""Olaf""]","[""Karma"", ""Ezreal"", ""Gnar"", ""Dr. Mundo"", ""Viktor""]","[""Ashe"", ""Xin Zhao"", ""Seraphine"", ""Shyvana"", ""Sylas""]",[],[],1,leaguepedia_cargo_patch_range,0
LEC/2026 Season/Spring Season_Week 6_6_3,2026-05-04 19:47:00,26.09,LEC 2026 Spring,Movistar KOI,Shifters,Movistar KOI,"[""Lulu"", ""Rumble"", ""Nami"", ""Aurora"", ""Olaf""]","[""Orianna"", ""Sion"", ""Caitlyn"", ""Ryze"", ""Nautilus""]","[""Varus"", ""Vi"", ""Anivia"", ""Kai'Sa"", ""Rakan""]","[""Nocturne"", ""Zeri"", ""Bard"", ""Ahri"", ""Naafiri""]",[],[],1,leaguepedia_cargo_patch_range,0
Circuito Desafiante/2026 Season/Split 1 Playoffs_Round 1_1_1,2026-05-04 20:04:00,26.09,CD 2026 Split 1 Playoffs,INTZ,Estral Esports,Estral Esports,"[""Orianna"", ""Jarvan IV"", ""Karma"", ""Jax"", ""Ryze""]","[""Nocturne"", ""Rumble"", ""Pantheon"", ""Nami"", ""Neeko""]","[""Varus"", ""Xin Zhao"", ""Annie"", ""Lucian"", ""Milio""]","[""Aatrox"", ""Bard"", ""Ezreal"", ""Cassiopeia"", ""Yorick""]",[],[],0,leaguepedia_cargo_patch_range,1
Circuito Desafiante/2026 Season/Split 1 Playoffs_Round 1_1_2,2026-05-04 21:05:00,26.09,CD 2026 Split 1 Playoffs,Estral Esports,INTZ,INTZ,"[""Caitlyn"", ""Orianna"", ""Ambessa"", ""Ryze"", ""Jayce""]","[""Nocturne"", ""Rumble"", ""Karma"", ""Akali"", ""Sion""]","[""Jarvan IV"", ""Yunara"", ""Lulu"", ""Mel"", ""K'Sante""]","[""Pantheon"", ""Seraphine"", ""Ashe"", ""Aurora"", ""Twisted Fate""]",[],[],0,leaguepedia_cargo_patch_range,1
Circuito Desafiante/2026 Season/Split 1 Playoffs_Round 1_1_3,2026-05-04 21:52:00,26.09,CD 2026 Split 1 Playoffs,INTZ,Estral Esports,INTZ,"[""Rumble"", ""Akali"", ""Nautilus"", ""Rakan"", ""Neeko""]","[""Nocturne"", ""Orianna"", ""Caitlyn"", ""Renekton"", ""Ryze""]","[""Karma"", ""Sivir"", ""Wukong"", ""Taliyah"", ""Rek'Sai""]","[""Ahri"", ""Vi"", ""Ambessa"", ""Kalista"", ""Renata Glasc""]",[],[],1,leaguepedia_cargo_patch_range,0
Circuito Desafiante/2026 Season/Split 1 Playoffs_Round 1_2_1,2026-05-04 22:42:00,26.09,CD 2026 Split 1 Playoffs,Vivo Keyd Stars Academy,7REX,Vivo Keyd Stars Academy,"[""Ezreal"", ""Akali"", ""Orianna"", ""Jarvan IV"", ""Vi""]","[""Rumble"", ""Nocturne"", ""Pantheon"", ""Aatrox"", ""Xin Zhao""]","[""Annie"", ""Ashe"", ""Seraphine"", ""Jayce"", ""Skarner""]","[""Corki"", ""Nami"", ""Aurora"", ""Wukong"", ""Sion""]",[],[],1,leaguepedia_cargo_patch_range,0
Liga Regional Norte/2026 Season/Split 1 Playoffs_Round 1_3_1,2026-05-04 23:22:00,26.09,LRN 2026 Split 1 Playoffs,Zeu5 Esports,Polar Squad Esports,Zeu5 Esports,"[""Ryze"", ""Nautilus"", ""Rumble"", ""Bard"", ""Gwen""]","[""Orianna"", ""Varus"", ""Karma"", ""Renekton"", ""Rakan""]","[""Smolder"", ""Xin Zhao"", ""Ahri"", ""Tahm Kench"", ""Sion""]","[""Ezreal"", ""Jarvan IV"", ""Mel"", ""Ambessa"", ""Rell""]",[],[],1,leaguepedia_cargo_patch_range,0
Circuito Desafiante/2026 Season/Split 1 Playoffs_Round 1_2_2,2026-05-04 23:27:00,26.09,CD 2026 Split 1 Playoffs,Vivo Keyd Stars Academy,7REX,Vivo Keyd Stars Academy,"[""Ezreal"", ""Akali"", ""Orianna"", ""Sylas"", ""Galio""]","[""Rumble"", ""Nocturne"", ""Pantheon"", ""Nautilus"", ""Alistar""]","[""Varus"", ""Vi"", ""Ahri"", ""Neeko"", ""Gnar""]","[""Yunara"", ""Jarvan IV"", ""Lulu"", ""Taliyah"", ""Vayne""]",[],[],1,leaguepedia_cargo_patch_range,0
Liga Regional Norte/2026 Season/Split 1 Playoffs_Round 1_3_2,2026-05-05 00:17:00,26.09,LRN 2026 Split 1 Playoffs,Zeu5 Esports,Polar Squad Esports,Zeu5 Esports,"[""Karma"", ""Varus"", ""Orianna"", ""Neeko"", ""Bard""]","[""Ryze"", ""Azir"", ""Pantheon"", ""Miss Fortune"", ""Yone""]","[""Seraphine"", ""Rumble"", ""Vi"", ""Sivir"", ""Aurora""]","[""Nocturne"", ""Ashe"", ""Ornn"", ""Morgana"", ""Akali""]",[],[],1,leaguepedia_cargo_patch_range,0
Liga Regional Norte/2026 Season/Split 1 Playoffs_Round 1_3_3,2026-05-05 01:22:00,26.09,LRN 2026 Split 1 Playoffs,Zeu5 Esports,Polar Squad Esports,Polar Squad Esports,"[""Ryze"", ""Azir"", ""Trundle"", ""Annie"", ""Galio""]","[""Orianna"", ""Varus"", ""Karma"", ""Nautilus"", ""Pyke""]","[""Pantheon"", ""Kalista"", ""Taliyah"", ""Gragas"", ""Amumu""]","[""Lucian"", ""Nami"", ""Lee Sin"", ""Hwei"", ""Olaf""]",[],[],0,leaguepedia_cargo_patch_range,1
Liga Regional Norte/2026 Season/Split 1 Playoffs_Round 1_3_4,2026-05-05 02:22:00,26.09,LRN 2026 Split 1 Playoffs,Polar Squad Esports,Zeu5 Esports,Zeu5 Esports,"[""Gwen"", ""Ryze"", ""Azir"", ""Cho'Gath"", ""Dr. Mundo""]","[""Orianna"", ""Karma"", ""Varus"", ""Syndra"", ""Viktor""]","[""Trundle"", ""Bard"", ""Jhin"", ""Galio"", ""Yorick""]","[""Lulu"", ""Yunara"", ""Annie"", ""Naafiri"", ""Renekton""]",[],[],0,leaguepedia_cargo_patch_range,1
LCK CL/2026 Season/Rounds 1-2_Week 6_4_1,2026-05-05 08:03:00,26.09,LCK CL 2026 Rounds 1-2,Nongshim Esports Academy,BNK FEARX Youth,BNK FEARX Youth,"[""Varus"", ""Nocturne"", ""Karma"", ""Viktor"", ""Annie""]","[""Rumble"", ""Orianna"", ""Jarvan IV"", ""Akali"", ""Ryze""]","[""Pantheon"", ""Lucian"", ""Milio"", ""Ahri"", ""Jayce""]","[""Ashe"", ""Seraphine"", ""Xin Zhao"", ""Aurora"", ""Sion""]",[],[],0,leaguepedia_cargo_patch_range,1
Esports World Cup 2026/Online Qualifiers/Korea_Round 1_3_1,2026-05-05 08:05:00,26.09,Esports World Cup 2026 Online Qualifier: Korea,DN SOOPers,Hanwha Life Esports,Hanwha Life Esports,"[""Varus"", ""Lucian"", ""Ryze"", ""Jayce"", ""Annie""]","[""Rumble"", ""Orianna"", ""Ezreal"", ""Akali"", ""Azir""]","[""Karma"", ""Pantheon"", ""Jhin"", ""Ahri"", ""Renekton""]","[""Jarvan IV"", ""Caitlyn"", ""Bard"", ""Aurora"", ""Vayne""]",[],[],0,leaguepedia_cargo_patch_range,1
LJL/2026 Season/Spring Series_Week 2_3_1,2026-05-05 08:14:00,26.09,LJL 2026 Spring Series,L Guide Gaming,DetonatioN FocusMe Academy,L Guide Gaming,"[""Irelia"", ""Pantheon"", ""Yone"", ""Akali"", ""Yorick""]","[""Orianna"", ""Viktor"", ""Vi"", ""Wukong"", ""Naafiri""]","[""Rumble"", ""Ezreal"", ""Bard"", ""Annie"", ""Lee Sin""]","[""Jarvan IV"", ""Karma"", ""Kai'Sa"", ""Aurora"", ""Hwei""]",[],[],1,leaguepedia_cargo_patch_range,0
Esports World Cup 2026/Online Qualifiers/Korea_Round 1_3_2,2026-05-05 08:56:00,26.09,Esports World Cup 2026 Online Qualifier: Korea,Hanwha Life Esports,DN SOOPers,Hanwha Life Esports,"[""Varus"", ""K'Sante"", ""Ezreal"", ""Yunara"", ""Nautilus""]","[""Orianna"", ""Lucian"", ""Rumble"", ""Ashe"", ""Rakan""]","[""Jayce"", ""Vi"", ""Ziggs"", ""Rell"", ""Twisted Fate""]","[""Ryze"", ""Lee Sin"", ""Yorick"", ""Miss Fortune"", ""Leona""]",[],[],1,leaguepedia_cargo_patch_range,0
LCK CL/2026 Season/Rounds 1-2_Week 6_4_2,2026-05-05 08:56:00,26.09,LCK CL 2026 Rounds 1-2,BNK FEARX Youth,Nongshim Esports Academy,Nongshim Esports Academy,"[""Varus"", ""Karma"", ""Gnar"", ""Vayne"", ""Kennen""]","[""Rumble"", ""Orianna"", ""Jarvan IV"", ""Anivia"", ""Twisted Fate""]","[""Nocturne"", ""Ezreal"", ""Neeko"", ""Zaahen"", ""Ryze""]","[""Yunara"", ""Lulu"", ""Vi"", ""Renekton"", ""Taliyah""]",[],[],0,leaguepedia_cargo_patch_range,1
Esports World Cup 2026/Online Qualifiers/Asia-Pacific_Round 1_2_1,2026-05-05 09:07:00,26.09,Esports World Cup 2026 Online Qualifier: Asia-Pacific,GAM Esports,Deep Cross Gaming,GAM Esports,"[""Nautilus"", ""Varus"", ""Ezreal"", ""Anivia"", ""Caitlyn""]","[""Rumble"", ""Orianna"", ""Milio"", ""Pyke"", ""Yunara""]","[""Ryze"", ""Nocturne"", ""Jayce"", ""Corki"", ""Neeko""]","[""Jarvan IV"", ""Bard"", ""Sion"", ""Azir"", ""Jhin""]",[],[],1,leaguepedia_cargo_patch_range,0
Esports World Cup 2026/Online Qualifiers/Asia-Pacific_Round 1_1_1,2026-05-05 09:12:00,26.09,Esports World Cup 2026 Online Qualifier: Asia-Pacific,DetonatioN FocusMe,Team Secret (Vietnamese Team),Team Secret (Vietnamese Team),"[""Varus"", ""Nautilus"", ""Jarvan IV"", ""Naafiri"", ""Karma""]","[""Ashe"", ""Pantheon"", ""Orianna"", ""Lucian"", ""Miss Fortune""]","[""Ryze"", ""Nocturne"", ""Ambessa"", ""Bard"", ""Caitlyn""]","[""Rumble"", ""Anivia"", ""Ezreal"", ""Xin Zhao"", ""Pyke""]",[],[],0,leaguepedia_cargo_patch_range,1
LJL/2026 Season/Spring Series_Week 2_3_2,2026-05-05 09:12:00,26.09,LJL 2026 Spring Series,L Guide Gaming,DetonatioN FocusMe Academy,L Guide Gaming,"[""Yone"", ""Akali"", ""Nautilus"", ""Caitlyn"", ""Varus""]","[""Orianna"", ""Viktor"", ""Vi"", ""Wukong"", ""Naafiri""]","[""Ryze"", ""Lucian"", ""Milio"", ""Jax"", ""Kha'Zix""]","[""Azir"", ""Xin Zhao"", ""Neeko"", ""Aphelios"", ""Gwen""]",[],[],1,leaguepedia_cargo_patch_range,0
LCK CL/2026 Season/Rounds 1-2_Week 6_4_3,2026-05-05 09:41:00,26.09,LCK CL 2026 Rounds 1-2,Nongshim Esports Academy,BNK FEARX Youth,Nongshim Esports Academy,"[""Varus"", ""Karma"", ""Orianna"", ""Caitlyn"", ""Mel""]","[""Rumble"", ""Jarvan IV"", ""Annie"", ""Nautilus"", ""Pyke""]","[""Gnar"", ""Lee Sin"", ""Jhin"", ""Twisted Fate"", ""Camille""]","[""Vayne"", ""Bard"", ""Skarner"", ""Miss Fortune"", ""Syndra""]",[],[],1,leaguepedia_cargo_patch_range,0
Esports World Cup 2026/Online Qualifiers/Korea_Round 1_4_1,2026-05-05 10:00:00,26.09,Esports World Cup 2026 Online Qualifier: Korea,Dplus Kia,Nongshim RedForce,Dplus Kia,"[""Varus"", ""Nocturne"", ""Annie"", ""Lee Sin"", ""Xin Zhao""]","[""Rumble"", ""Orianna"", ""Karma"", ""Cassiopeia"", ""Anivia""]","[""Jarvan IV"", ""Bard"", ""Caitlyn"", ""Twisted Fate"", ""Jayce""]","[""Ezreal"", ""Neeko"", ""Ryze"", ""Pantheon"", ""Sion""]",[],[],1,leaguepedia_cargo_patch_range,0
Esports World Cup 2026/Online Qualifiers/Asia-Pacific_Round 1_1_2,2026-05-05 10:03:00,26.09,Esports World Cup 2026 Online Qualifier: Asia-Pacific,Team Secret (Vietnamese Team),DetonatioN FocusMe,Team Secret (Vietnamese Team),"[""Varus"", ""Nautilus"", ""Orianna"", ""Annie"", ""Olaf""]","[""Ashe"", ""Pantheon"", ""Skarner"", ""Vi""]","[""Lucian"", ""Nami"", ""Aurora"", ""Lee Sin"", ""Renekton""]","[""Milio"", ""Jarvan IV"", ""Aphelios"", ""Akali"", ""Sion""]",[],[],1,leaguepedia_cargo_patch_range,0
Esports World Cup 2026/Online Qualifiers/Asia-Pacific_Round 1_2_2,2026-05-05 10:03:00,26.09,Esports World Cup 2026 Online Qualifier: Asia-Pacific,GAM Esports,Deep Cross Gaming,Deep Cross Gaming,"[""Nautilus"", ""Lee Sin"", ""Annie"", ""Renekton"", ""Gwen""]","[""Orianna"", ""Rumble"", ""Pyke"", ""Lissandra"", ""Aurora""]","[""Karma"", ""Naafiri"", ""Ezreal"", ""Yorick"", ""Galio""]","[""Varus"", ""Vi"", ""Ahri"", ""Rell"", ""Jax""]",[],[],0,leaguepedia_cargo_patch_range,1
LJL/2026 Season/Spring Series_Week 2_4_1,2026-05-05 10:11:00,26.09,LJL 2026 Spring Series,FENNEL,New Meta,FENNEL,"[""Irelia"", ""Jarvan IV"", ""Nocturne"", ""Vayne"", ""Ambessa""]","[""Viktor"", ""Orianna"", ""Akali"", ""Aurora"", ""Rumble""]","[""Karma"", ""Ezreal"", ""Pantheon"", ""Hwei"", ""K'Sante""]","[""Vi"", ""Cassiopeia"", ""Nautilus"", ""Sivir"", ""Kayle""]",[],[],1,leaguepedia_cargo_patch_range,0
LCK CL/2026 Season/Rounds 1-2_Week 6_5_1,2026-05-05 10:47:00,26.09,LCK CL 2026 Rounds 1-2,HANJIN BRION Challengers,Gen.G Global Academy,HANJIN BRION Challengers,"[""Varus"", ""Ashe"", ""Jayce"", ""Nautilus"", ""Ezreal""]","[""Orianna"", ""Rumble"", ""Jarvan IV"", ""Gnar"", ""Vayne""]","[""Nocturne"", ""Yunara"", ""Lulu"", ""Ambessa"", ""Aurora""]","[""Azir"", ""Pantheon"", ""K'Sante"", ""Lucian"", ""Nami""]",[],[],1,leaguepedia_cargo_patch_range,0
Esports World Cup 2026/Online Qualifiers/Asia-Pacific_Round 1_2_3,2026-05-05 10:52:00,26.09,Esports World Cup 2026 Online Qualifier: Asia-Pacific,Deep Cross Gaming,GAM Esports,GAM Esports,"[""Milio"", ""Ashe"", ""Pantheon"", ""Caitlyn"", ""Yunara""]","[""Rumble"", ""Lee Sin"", ""Xin Zhao"", ""Sylas"", ""Zeri""]","[""Orianna"", ""Poppy"", ""Vayne"", ""Kalista"", ""Renata Glasc""]","[""Akali"", ""Wukong"", ""Malphite"", ""Lucian"", ""Nami""]",[],[],0,leaguepedia_cargo_patch_range,1
Esports World Cup 2026/Online Qualifiers/Korea_Round 1_4_2,2026-05-05 10:52:00,26.09,Esports World Cup 2026 Online Qualifier: Korea,Dplus Kia,Nongshim RedForce,Dplus Kia,"[""Varus"", ""Karma"", ""Vi"", ""Viktor"", ""Vayne""]","[""Nocturne"", ""Rumble"", ""Orianna"", ""Trundle"", ""Lee Sin""]","[""Annie"", ""Miss Fortune"", ""Nautilus"", ""Wukong"", ""Gnar""]","[""Lucian"", ""Milio"", ""Xin Zhao"", ""Cassiopeia"", ""Tristana""]",[],[],1,leaguepedia_cargo_patch_range,0
LJL/2026 Season/Spring Series_Week 2_4_2,2026-05-05 11:18:00,26.09,LJL 2026 Spring Series,New Meta,FENNEL,FENNEL,"[""Viktor"", ""Akali"", ""Ashe"", ""Lee Sin"", ""Malphite""]","[""Jarvan IV"", ""Nocturne"", ""Orianna"", ""Sejuani"", ""Anivia""]","[""Lucian"", ""Irelia"", ""Milio"", ""Annie"", ""Xin Zhao""]","[""Yunara"", ""Ryze"", ""Lulu"", ""Wukong"", ""Renekton""]",[],[],0,leaguepedia_cargo_patch_range,1
LCK CL/2026 Season/Rounds 1-2_Week 6_5_2,2026-05-05 11:42:00,26.09,LCK CL 2026 Rounds 1-2,HANJIN BRION Challengers,Gen.G Global Academy,HANJIN BRION Challengers,"[""Varus"", ""Jayce"", ""Nautilus"", ""Vi"", ""Vayne""]","[""Orianna"", ""Rumble"", ""Karma"", ""Akali"", ""Ahri""]","[""Jarvan IV"", ""Bard"", ""Caitlyn"", ""Mel"", ""Gnar""]","[""Ashe"", ""Seraphine"", ""Taliyah"", ""Xin Zhao"", ""Twisted Fate""]",[],[],1,leaguepedia_cargo_patch_range,0
Hellenic Legends League/2026 Season/Spring Split_Week 6_1_1,2026-05-05 13:15:00,26.09,HLL 2026 Spring,GOAL,Team Insidious,GOAL,"[""Ryze"", ""Xin Zhao"", ""Jarvan IV"", ""Aurora"", ""Sion""]","[""Pantheon"", ""Orianna"", ""Varus"", ""Nautilus"", ""Bard""]","[""Rumble"", ""Jhin"", ""Wukong"", ""Leona"", ""Akali""]","[""Nocturne"", ""Ezreal"", ""Karma"", ""Ornn"", ""LeBlanc""]",[],[],1,leaguepedia_cargo_patch_range,0
Hitpoint Masters/2026 Season/Spring Split_Week 3_1_1,2026-05-05 14:12:00,26.09,Hitpoint Masters 2026 Spring,eSuba,Onion Team,eSuba,"[""Jarvan IV"", ""Xin Zhao"", ""Nautilus"", ""Shen"", ""Pantheon""]","[""Rumble"", ""Aurora"", ""Seraphine"", ""Ezreal"", ""Varus""]","[""Orianna"", ""Nocturne"", ""Bard"", ""Kai'Sa"", ""K'Sante""]","[""Yunara"", ""Xerath"", ""Leona"", ""Wukong"", ""Gnar""]",[],[],1,leaguepedia_cargo_patch_range,0
Hellenic Legends League/2026 Season/Spring Split_Week 6_1_2,2026-05-05 14:20:00,26.09,HLL 2026 Spring,Team Insidious,GOAL,GOAL,"[""Caitlyn"", ""Jarvan IV"", ""Nautilus"", ""Sylas"", ""Anivia""]","[""Pantheon"", ""Orianna"", ""Ryze"", ""Azir"", ""Ahri""]","[""Xin Zhao"", ""Ashe"", ""Seraphine"", ""Sion"", ""Syndra""]","[""Corki"", ""Dr. Mundo"", ""Rell"", ""Jayce"", ""Gwen""]",[],[],0,leaguepedia_cargo_patch_range,1
TCL/2026 Season/Spring Split_Week 5_1_1,2026-05-05 14:33:00,26.09,TCL 2026 Spring,Dark Passage,Bushido Wildcats,Bushido Wildcats,"[""Rumble"", ""Ashe"", ""Ambessa"", ""Taliyah"", ""Gnar""]","[""Darius"", ""Orianna"", ""Xin Zhao"", ""Akali"", ""Ahri""]","[""Karma"", ""Jhin"", ""Wukong"", ""Syndra"", ""Sion""]","[""Pantheon"", ""Corki"", ""Nami"", ""Aurora"", ""Ornn""]",[],[],0,leaguepedia_cargo_patch_range,1
Hitpoint Masters/2026 Season/Spring Split_Week 3_1_2,2026-05-05 14:58:00,26.09,Hitpoint Masters 2026 Spring,eSuba,Onion Team,eSuba,"[""Jarvan IV"", ""Xin Zhao"", ""Nautilus"", ""Rell"", ""Nami""]","[""Rumble"", ""Seraphine"", ""Aurora"", ""Pantheon"", ""Naafiri""]","[""Karma"", ""Jhin"", ""Syndra"", ""Talon"", ""Sion""]","[""Ezreal"", ""Varus"", ""Dr. Mundo"", ""Rakan"", ""Ornn""]",[],[],1,leaguepedia_cargo_patch_range,0
Prime League 1st Division/2026 Season/Spring Split_Week 6_1_1,2026-05-05 15:08:00,26.09,PRM 1st Division 2026 Spring,Eintracht Spandau,E WIE EINFACH E-SPORTS,Eintracht Spandau,"[""Ryze"", ""Nautilus"", ""Pyke"", ""Yorick"", ""Poppy""]","[""Orianna"", ""Azir"", ""Aatrox"", ""Sion"", ""Jayce""]","[""Ezreal"", ""Pantheon"", ""Karma"", ""Vayne"", ""Ahri""]","[""Jarvan IV"", ""Ziggs"", ""Leona"", ""Gnar"", ""Aurora""]",[],[],1,leaguepedia_cargo_patch_range,0
Rift Legends/2026 Season/Spring Split_Week 5_1_1,2026-05-05 15:20:00,26.09,Rift Legends 2026 Spring,DOCISK,Anonymo Esports,Anonymo Esports,"[""Bard"", ""Orianna"", ""Caitlyn"", ""Rumble"", ""Sejuani""]","[""Aurora"", ""Aatrox"", ""Karma"", ""Akali"", ""Rakan""]","[""Pantheon"", ""Smolder"", ""Sion"", ""Sylas"", ""Taric""]","[""Ezreal"", ""Neeko"", ""Yasuo"", ""Gnar"", ""Brand""]",[],[],0,leaguepedia_cargo_patch_range,1
Hellenic Legends League/2026 Season/Spring Split_Week 6_2_1,2026-05-05 15:25:00,26.09,HLL 2026 Spring,The ParadOx,ALMO Players,The ParadOx,"[""Cassiopeia"", ""Corki"", ""Gwen"", ""Nami"", ""Braum""]","[""Rumble"", ""Orianna"", ""Anivia"", ""Neeko"", ""Rakan""]","[""Xin Zhao"", ""Pantheon"", ""Kai'Sa"", ""Alistar"", ""Ornn""]","[""Nocturne"", ""Aurora"", ""Lucian"", ""Rell"", ""Ambessa""]",[],[],1,leaguepedia_cargo_patch_range,0
TCL/2026 Season/Spring Split_Week 5_1_2,2026-05-05 15:31:00,26.09,TCL 2026 Spring,Bushido Wildcats,Dark Passage,Bushido Wildcats,"[""Orianna"", ""Nautilus"", ""Kai'Sa"", ""Ahri"", ""Jayce""]","[""Rumble"", ""Ashe"", ""Xin Zhao"", ""Mel"", ""Akali""]","[""Lulu"", ""Yunara"", ""Aatrox"", ""Anivia"", ""Gnar""]","[""Bard"", ""Jarvan IV"", ""Aphelios"", ""Ryze"", ""Quinn""]",[],[],1,leaguepedia_cargo_patch_range,0
Hitpoint Masters/2026 Season/Spring Split_Week 3_2_1,2026-05-05 15:51:00,26.09,Hitpoint Masters 2026 Spring,Bohemian Guardians,EXILE esports,EXILE esports,"[""Seraphine"", ""Varus"", ""Orianna"", ""Taliyah"", ""Ahri""]","[""Naafiri"", ""Ambessa"", ""Yunara"", ""Aurora"", ""Syndra""]","[""Rumble"", ""Nautilus"", ""Kalista"", ""Viktor"", ""Nocturne""]","[""Ezreal"", ""Karma"", ""Pantheon"", ""Anivia"", ""Diana""]",[],[],0,leaguepedia_cargo_patch_range,1
Prime League 1st Division/2026 Season/Spring Split_Week 6_1_2,2026-05-05 16:01:00,26.09,PRM 1st Division 2026 Spring,Eintracht Spandau,E WIE EINFACH E-SPORTS,Eintracht Spandau,"[""Ryze"", ""Nautilus"", ""Pyke"", ""Viktor"", ""Poppy""]","[""Orianna"", ""Azir"", ""Vi"", ""Syndra"", ""Kog'Maw""]","[""Bard"", ""Nocturne"", ""Jhin"", ""Rumble"", ""Malzahar""]","[""Caitlyn"", ""Neeko"", ""Dr. Mundo"", ""LeBlanc"", ""Yorick""]",[],[],1,leaguepedia_cargo_patch_range,0
Arabian League/2026 Season/Spring Split_Last Stand_3_1,2026-05-05 16:06:00,26.09,Arabian League 2026 Spring,GnG Amazigh,JSK Esports,JSK Esports,"[""Pantheon"", ""LeBlanc"", ""Jarvan IV"", ""Rumble"", ""Jayce""]","[""Nocturne"", ""Naafiri"", ""Orianna"", ""Azir"", ""Viktor""]","[""K'Sante"", ""Jhin"", ""Nautilus"", ""Sylas"", ""Rengar""]","[""Ashe"", ""Seraphine"", ""Dr. Mundo"", ""Ryze"", ""Aatrox""]",[],[],0,leaguepedia_cargo_patch_range,1
Rift Legends/2026 Season/Spring Split_Week 5_1_2,2026-05-05 16:16:00,26.09,Rift Legends 2026 Spring,Anonymo Esports,DOCISK,Anonymo Esports,"[""Akali"", ""Aurora"", ""Aatrox"", ""Nami"", ""Vi""]","[""Orianna"", ""Yone"", ""Caitlyn"", ""K'Sante"", ""Ornn""]","[""Karma"", ""Xin Zhao"", ""Ryze"", ""Ashe"", ""Rek'Sai""]","[""Lucian"", ""Naafiri"", ""Ahri"", ""Yuumi"", ""Jayce""]",[],[],1,leaguepedia_cargo_patch_range,0
Hellenic Legends League/2026 Season/Spring Split_Week 6_2_2,2026-05-05 16:20:00,26.09,HLL 2026 Spring,ALMO Players,The ParadOx,The ParadOx,"[""Rumble"", ""Ezreal"", ""Viktor"", ""Sion"", ""Galio""]","[""Cassiopeia"", ""Corki"", ""Urgot"", ""Wukong"", ""Dr. Mundo""]","[""Orianna"", ""Bard"", ""Caitlyn"", ""Skarner"", ""Gwen""]","[""Jarvan IV"", ""Yunara"", ""Leona"", ""Zed"", ""Kennen""]",[],[],0,leaguepedia_cargo_patch_range,1
TCL/2026 Season/Spring Split_Week 5_2_1,2026-05-05 16:35:00,26.09,TCL 2026 Spring,Misa Esports,PCIFIC Esports,Misa Esports,"[""Ambessa"", ""Nautilus"", ""Varus"", ""Bard"", ""Gnar""]","[""Ashe"", ""Karma"", ""Pantheon"", ""Wukong"", ""Xin Zhao""]","[""Orianna"", ""Corki"", ""Nami"", ""Naafiri"", ""Sion""]","[""Jarvan IV"", ""Ezreal"", ""Ryze"", ""Neeko"", ""Volibear""]",[],[],1,leaguepedia_cargo_patch_range,0
Hitpoint Masters/2026 Season/Spring Split_Week 3_2_2,2026-05-05 16:49:00,26.09,Hitpoint Masters 2026 Spring,EXILE esports,Bohemian Guardians,EXILE esports,"[""Naafiri"", ""Ambessa"", ""Jarvan IV"", ""Dr. Mundo"", ""Shen""]","[""Seraphine"", ""Varus"", ""Taliyah"", ""Xin Zhao"", ""Vi""]","[""Singed"", ""Lee Sin"", ""Orianna"", ""Yunara"", ""Lulu""]","[""Gnar"", ""Zaahen"", ""Azir"", ""Jinx"", ""Milio""]",[],[],1,leaguepedia_cargo_patch_range,0
Road Of Legends/2026 Season/Spring Split_Week 6_1_1,2026-05-05 17:05:00,26.09,Road Of Legends 2026 Spring,ZennIT,Dynasty,Dynasty,"[""Yasuo"", ""Jarvan IV"", ""Nautilus"", ""Gwen"", ""Leona""]","[""Seraphine"", ""Smolder"", ""Karma"", ""Ryze"", ""Viktor""]","[""Xin Zhao"", ""Yunara"", ""Lulu"", ""Sion"", ""Azir""]","[""Pantheon"", ""Orianna"", ""Jhin"", ""Bard"", ""Ornn""]",[],[],0,leaguepedia_cargo_patch_range,1
Prime League 1st Division/2026 Season/Spring Split_Week 6_2_1,2026-05-05 17:10:00,26.09,PRM 1st Division 2026 Spring,Berlin International Gaming,Unicorns of Love Sexy Edition,Unicorns of Love Sexy Edition,"[""Nocturne"", ""Ahri"", ""Ezreal"", ""Gnar"", ""Aurora""]","[""Orianna"", ""Ashe"", ""Karma"", ""Sion"", ""Viktor""]","[""Pantheon"", ""Corki"", ""Nami"", ""K'Sante"", ""Cassiopeia""]","[""Yunara"", ""Jarvan IV"", ""Lulu"", ""Annie"", ""Jayce""]",[],[],0,leaguepedia_cargo_patch_range,1
Arabian League/2026 Season/Spring Split_Last Stand_3_2,2026-05-05 17:12:00,26.09,Arabian League 2026 Spring,JSK Esports,GnG Amazigh,JSK Esports,"[""Naafiri"", ""Qiyana"", ""Zaahen"", ""Lulu"", ""Neeko""]","[""Pantheon"", ""Nami"", ""Nocturne"", ""Ezreal"", ""Caitlyn""]","[""Karma"", ""Skarner"", ""Akali"", ""Smolder"", ""Gnar""]","[""Xin Zhao"", ""Orianna"", ""Yunara"", ""Rakan"", ""Ambessa""]",[],[],1,leaguepedia_cargo_patch_range,0
TCL/2026 Season/Spring Split_Week 5_2_2,2026-05-05 17:23:00,26.09,TCL 2026 Spring,Misa Esports,PCIFIC Esports,Misa Esports,"[""Ambessa"", ""Varus"", ""Nautilus"", ""LeBlanc"", ""Aurora""]","[""Ashe"", ""Karma"", ""Pantheon"", ""Lissandra"", ""Ahri""]","[""Xin Zhao"", ""Caitlyn"", ""Bard"", ""Gragas"", ""Twisted Fate""]","[""Lucian"", ""Milio"", ""Aatrox"", ""Akali"", ""Gnar""]",[],[],1,leaguepedia_cargo_patch_range,0
Rift Legends/2026 Season/Spring Split_Week 5_2_1,2026-05-05 17:59:00,26.09,Rift Legends 2026 Spring,Forsaken (Polish Team),LODIS (Polish Team),LODIS (Polish Team),"[""Viktor"", ""Nautilus"", ""Jarvan IV"", ""Nocturne"", ""Xin Zhao""]","[""Orianna"", ""Karma"", ""Aurora"", ""Lulu"", ""Bard""]","[""Ashe"", ""Rumble"", ""Lee Sin"", ""Syndra"", ""Camille""]","[""Seraphine"", ""Senna"", ""Ryze"", ""Skarner"", ""Akali""]",[],[],0,leaguepedia_cargo_patch_range,1
Road Of Legends/2026 Season/Spring Split_Week 6_1_2,2026-05-05 18:04:00,26.09,Road Of Legends 2026 Spring,Dynasty,ZennIT,Dynasty,"[""Seraphine"", ""Caitlyn"", ""Smolder"", ""Kai'Sa"", ""Sivir""]","[""Yasuo"", ""Rumble"", ""Ezreal"", ""Wukong"", ""Sejuani""]","[""Karma"", ""Swain"", ""Zed"", ""Naafiri"", ""Maokai""]","[""Vi"", ""Rakan"", ""Ahri"", ""Varus"", ""Gwen""]",[],[],1,leaguepedia_cargo_patch_range,0
Prime League 1st Division/2026 Season/Spring Split_Week 6_2_2,2026-05-05 18:06:00,26.09,PRM 1st Division 2026 Spring,Unicorns of Love Sexy Edition,Berlin International Gaming,Berlin International Gaming,"[""Nocturne"", ""Nautilus"", ""Caitlyn"", ""Varus"", ""Anivia""]","[""Orianna"", ""Ahri"", ""Ashe"", ""Xin Zhao"", ""Aurora""]","[""Karma"", ""Sivir"", ""Sion"", ""Ryze"", ""Lee Sin""]","[""Ezreal"", ""Aatrox"", ""Bard"", ""Rumble"", ""Hwei""]",[],[],0,leaguepedia_cargo_patch_range,1
Road Of Legends/2026 Season/Spring Split_Week 6_2_1,2026-05-05 18:12:00,26.09,Road Of Legends 2026 Spring,mCon esports,The Bandits,mCon esports,"[""Yunara"", ""Aurelion Sol"", ""Ornn"", ""Ezreal"", ""Sivir""]","[""Heimerdinger"", ""Orianna"", ""Sejuani"", ""Nautilus"", ""Rell""]","[""Rumble"", ""Jax"", ""Varus"", ""Yone"", ""Pyke""]","[""Vayne"", ""Xin Zhao"", ""Karma"", ""Corki"", ""Syndra""]",[],[],1,leaguepedia_cargo_patch_range,0
Arabian League/2026 Season/Spring Split_Last Stand_4_1,2026-05-05 18:40:00,26.09,Arabian League 2026 Spring,One More Esports,3BL Esports,3BL Esports,"[""Rell"", ""LeBlanc"", ""Yunara"", ""Karma"", ""Gnar""]","[""Tristana"", ""Ashe"", ""Ezreal"", ""Nautilus"", ""Lulu""]","[""Orianna"", ""Xin Zhao"", ""K'Sante"", ""Varus"", ""Bard""]","[""Caitlyn"", ""Jarvan IV"", ""Akali"", ""Sion"", ""Nami""]",[],[],0,leaguepedia_cargo_patch_range,1
Prime League 1st Division/2026 Season/Spring Split_Week 6_2_3,2026-05-05 18:57:00,26.09,PRM 1st Division 2026 Spring,Berlin International Gaming,Unicorns of Love Sexy Edition,Berlin International Gaming,"[""Vi"", ""Ahri"", ""Ashe"", ""Nautilus"", ""Varus""]","[""Orianna"", ""Anivia"", ""Caitlyn"", ""Nocturne"", ""Zaahen""]","[""Lucian"", ""Gnar"", ""Aurora"", ""Sona"", ""Wukong""]","[""Viktor"", ""Draven"", ""Xin Zhao"", ""Milio"", ""Jax""]",[],[],1,leaguepedia_cargo_patch_range,0
Rift Legends/2026 Season/Spring Split_Week 5_2_2,2026-05-05 19:09:00,26.09,Rift Legends 2026 Spring,LODIS (Polish Team),Forsaken (Polish Team),Forsaken (Polish Team),"[""Vi"", ""Aurora"", ""Ezreal"", ""Xin Zhao"", ""Varus""]","[""Viktor"", ""Orianna"", ""Karma"", ""Mel"", ""Lissandra""]","[""Jarvan IV"", ""Corki"", ""Nami"", ""Twisted Fate"", ""K'Sante""]","[""Yunara"", ""Lulu"", ""Ahri"", ""Wukong"", ""Gnar""]",[],[],0,leaguepedia_cargo_patch_range,1
Road Of Legends/2026 Season/Spring Split_Week 6_2_2,2026-05-05 19:10:00,26.09,Road Of Legends 2026 Spring,mCon esports,The Bandits,The Bandits,"[""Aurelion Sol"", ""Yunara"", ""Anivia"", ""Bard"", ""Jarvan IV""]","[""Heimerdinger"", ""Orianna"", ""Seraphine"", ""Jayce"", ""Renekton""]","[""Ryze"", ""Ambessa"", ""Jhin"", ""Zyra"", ""Rakan""]","[""Viktor"", ""Ezreal"", ""Fiora"", ""Wukong"", ""Nautilus""]",[],[],0,leaguepedia_cargo_patch_range,1
Arabian League/2026 Season/Spring Split_Last Stand_4_2,2026-05-05 19:36:00,26.09,Arabian League 2026 Spring,One More Esports,3BL Esports,3BL Esports,"[""Rell"", ""LeBlanc"", ""Lulu"", ""Ryze"", ""Sylas""]","[""Tristana"", ""Ashe"", ""Ezreal"", ""Sivir"", ""Xayah""]","[""Karma"", ""Zaahen"", ""Ziggs"", ""Nilah"", ""Gnar""]","[""Nautilus"", ""Wukong"", ""Kai'Sa"", ""Viktor"", ""Malphite""]",[],[],0,leaguepedia_cargo_patch_range,1
Road Of Legends/2026 Season/Spring Split_Week 6_2_3,2026-05-05 20:02:00,26.09,Road Of Legends 2026 Spring,The Bandits,mCon esports,mCon esports,"[""Heimerdinger"", ""Seraphine"", ""Akali"", ""Yorick"", ""Irelia""]","[""Yunara"", ""Aurelion Sol"", ""Orianna"", ""LeBlanc"", ""Azir""]","[""Sion"", ""Leona"", ""Ashe"", ""Ahri"", ""Vladimir""]","[""Bard"", ""Aurora"", ""Zaahen"", ""Senna"", ""Aatrox""]",[],[],0,leaguepedia_cargo_patch_range,1
Circuito Desafiante/2026 Season/Split 1 Playoffs_Round 2_1_1,2026-05-05 20:05:00,26.09,CD 2026 Split 1 Playoffs,INTZ,KaBuM! Ilha das Lendas,INTZ,"[""Jarvan IV"", ""Karma"", ""Akali"", ""Xin Zhao"", ""Yorick""]","[""Ezreal"", ""Nocturne"", ""Pantheon"", ""Sivir"", ""Caitlyn""]","[""Bard"", ""Aatrox"", ""Orianna"", ""Jhin"", ""Rumble""]","[""Varus"", ""Anivia"", ""Viktor"", ""Vi"", ""Sion""]",[],[],1,leaguepedia_cargo_patch_range,0
Liga Regional Sur/2026 Season/Split 1 Playoffs_Round 1_3_1,2026-05-05 20:08:00,26.09,LRS 2026 Split 1 Playoffs,Seven Dark,9z Globant,9z Globant,"[""Jarvan IV"", ""Ashe"", ""Nocturne"", ""Akali"", ""Gwen""]","[""Orianna"", ""Varus"", ""Pantheon"", ""Sion"", ""Jayce""]","[""Karma"", ""Caitlyn"", ""Aatrox"", ""K'Sante"", ""Ryze""]","[""Ezreal"", ""Xin Zhao"", ""Bard"", ""Rumble"", ""Viktor""]",[],[],0,leaguepedia_cargo_patch_range,1
Rift Legends/2026 Season/Spring Split_Week 5_2_3,2026-05-05 20:15:00,26.09,Rift Legends 2026 Spring,Forsaken (Polish Team),LODIS (Polish Team),Forsaken (Polish Team),"[""Viktor"", ""Aatrox"", ""Nautilus"", ""Rakan"", ""Yuumi""]","[""Orianna"", ""Karma"", ""Aurora"", ""Xin Zhao"", ""Nocturne""]","[""Azir"", ""Lucian"", ""Milio"", ""Sion"", ""Kha'Zix""]","[""Anivia"", ""Ezreal"", ""Vi"", ""Bard"", ""Swain""]",[],[],1,leaguepedia_cargo_patch_range,0
Circuito Desafiante/2026 Season/Split 1 Playoffs_Round 2_1_2,2026-05-05 20:53:00,26.09,CD 2026 Split 1 Playoffs,INTZ,KaBuM! Ilha das Lendas,KaBuM! Ilha das Lendas,"[""Seraphine"", ""Ryze"", ""Jayce"", ""Vayne"", ""Gnar""]","[""Karma"", ""Ezreal"", ""Jarvan IV"", ""Caitlyn"", ""Kai'Sa""]","[""Nocturne"", ""Neeko"", ""Aurora"", ""Corki"", ""Renekton""]","[""Wukong"", ""Annie"", ""Alistar"", ""Yunara"", ""Rek'Sai""]",[],[],0,leaguepedia_cargo_patch_range,1
Liga Regional Sur/2026 Season/Split 1 Playoffs_Round 1_3_2,2026-05-05 21:05:00,26.09,LRS 2026 Split 1 Playoffs,Seven Dark,9z Globant,9z Globant,"[""Aurora"", ""Jayce"", ""Pantheon"", ""Sivir"", ""Wukong""]","[""Ashe"", ""Orianna"", ""Varus"", ""Lucian"", ""Rakan""]","[""Nocturne"", ""Sylas"", ""Renekton"", ""Yunara"", ""Lulu""]","[""Neeko"", ""Ahri"", ""Ornn"", ""Jarvan IV"", ""Xayah""]",[],[],0,leaguepedia_cargo_patch_range,1
Circuito Desafiante/2026 Season/Split 1 Playoffs_Round 2_1_3,2026-05-05 21:52:00,26.09,CD 2026 Split 1 Playoffs,INTZ,KaBuM! Ilha das Lendas,KaBuM! Ilha das Lendas,"[""Seraphine"", ""Lucian"", ""Cassiopeia"", ""Twisted Fate"", ""Gwen""]","[""Karma"", ""Ezreal"", ""Ryze"", ""Nautilus"", ""Rell""]","[""Jarvan IV"", ""Miss Fortune"", ""Ahri"", ""Leona"", ""Ambessa""]","[""Pantheon"", ""Caitlyn"", ""Elise"", ""LeBlanc"", ""Gnar""]",[],[],0,leaguepedia_cargo_patch_range,1
Liga Regional Sur/2026 Season/Split 1 Playoffs_Round 1_3_3,2026-05-05 21:57:00,26.09,LRS 2026 Split 1 Playoffs,Seven Dark,9z Globant,9z Globant,"[""Aurora"", ""Ashe"", ""Gwen"", ""Akali"", ""Azir""]","[""Varus"", ""Orianna"", ""Pantheon"", ""Taliyah"", ""Sion""]","[""Lucian"", ""Milio"", ""Malphite"", ""Hwei"", ""Gangplank""]","[""Miss Fortune"", ""Wukong"", ""Nautilus"", ""Gnar"", ""Vladimir""]",[],[],0,leaguepedia_cargo_patch_range,1
Circuito Desafiante/2026 Season/Split 1 Playoffs_Round 2_2_1,2026-05-05 22:34:00,26.09,CD 2026 Split 1 Playoffs,Vivo Keyd Stars Academy,RED Academy,Vivo Keyd Stars Academy,"[""Ezreal"", ""Aurora"", ""Varus"", ""Nautilus"", ""Leona""]","[""Vi"", ""Nocturne"", ""Pantheon"", ""Xin Zhao"", ""Aatrox""]","[""Annie"", ""Ashe"", ""Seraphine"", ""K'Sante"", ""Rek'Sai""]","[""Viktor"", ""Lee Sin"", ""Rumble"", ""Lucian"", ""Milio""]",[],[],1,leaguepedia_cargo_patch_range,0
Circuito Desafiante/2026 Season/Split 1 Playoffs_Round 2_2_2,2026-05-05 23:22:00,26.09,CD 2026 Split 1 Playoffs,Vivo Keyd Stars Academy,RED Academy,Vivo Keyd Stars Academy,"[""Ryze"", ""Vi"", ""Pantheon"", ""Bard"", ""Gnar""]","[""Ezreal"", ""Aurora"", ""Nocturne"", ""Akali"", ""Zoe""]","[""Varus"", ""Aatrox"", ""Lulu"", ""Azir"", ""Renekton""]","[""Sivir"", ""Jarvan IV"", ""Orianna"", ""Neeko"", ""Jayce""]",[],[],1,leaguepedia_cargo_patch_range,0
LCK/2026 Season/Rounds 1-2_Week 6_1_1,2026-05-06 08:06:00,26.09,LCK 2026 Rounds 1-2,Nongshim RedForce,Gen.G,Gen.G,"[""Varus"", ""Karma"", ""Bard"", ""Anivia"", ""Gnar""]","[""Rumble"", ""Orianna"", ""Jarvan IV"", ""Jayce"", ""Vayne""]","[""Nocturne"", ""Ezreal"", ""Neeko"", ""Sion"", ""Ryze""]","[""Xin Zhao"", ""Seraphine"", ""Ashe"", ""Renekton"", ""Cassiopeia""]",[],[],0,leaguepedia_cargo_patch_range,1
LJL/2026 Season/Spring Series_Week 2_5_1,2026-05-06 08:07:00,26.09,LJL 2026 Spring Series,Rising Gaming,Uwinks,Uwinks,"[""Orianna"", ""Ambessa"", ""Karma"", ""Vayne"", ""Rumble""]","[""Viktor"", ""Varus"", ""Jarvan IV"", ""Vi"", ""Pantheon""]","[""Seraphine"", ""Ashe"", ""Ryze"", ""Wukong"", ""K'Sante""]","[""Ezreal"", ""Nautilus"", ""Hwei"", ""Lee Sin"", ""Gnar""]",[],[],0,leaguepedia_cargo_patch_range,1
LJL/2026 Season/Spring Series_Week 2_5_2,2026-05-06 09:04:00,26.09,LJL 2026 Spring Series,Rising Gaming,Uwinks,Rising Gaming,"[""Nocturne"", ""Ambessa"", ""Aurora"", ""Nami"", ""Lulu""]","[""Viktor"", ""Varus"", ""Jarvan IV"", ""Caitlyn"", ""Kai'Sa""]","[""Rumble"", ""Vi"", ""Orianna"", ""Yunara"", ""Bard""]","[""Anivia"", ""Pantheon"", ""Syndra"", ""Tristana"", ""Rell""]",[],[],1,leaguepedia_cargo_patch_range,0
Esports World Cup 2026/Online Qualifiers/Asia-Pacific_Round 1_4_1,2026-05-06 09:07:00,26.09,Esports World Cup 2026 Online Qualifier: Asia-Pacific,Fukuoka SoftBank HAWKS gaming,MVK Esports,Fukuoka SoftBank HAWKS gaming,"[""Nocturne"", ""Varus"", ""Nautilus"", ""Vayne"", ""Ryze""]","[""Orianna"", ""Jarvan IV"", ""Rumble"", ""Annie"", ""Twisted Fate""]","[""Ezreal"", ""Karma"", ""Xin Zhao"", ""Aurora"", ""Malphite""]","[""Ashe"", ""Seraphine"", ""Trundle"", ""Gnar"", ""Sylas""]",[],[],1,leaguepedia_cargo_patch_range,0
Esports World Cup 2026/Online Qualifiers/Asia-Pacific_Round 1_3_1,2026-05-06 09:09:00,26.09,Esports World Cup 2026 Online Qualifier: Asia-Pacific,CTBC Flying Oyster,Ground Zero Gaming,Ground Zero Gaming,"[""Bard"", ""Pantheon"", ""Nocturne"", ""Orianna"", ""K'Sante""]","[""Rumble"", ""Karma"", ""Jarvan IV"", ""Mel"", ""Cassiopeia""]","[""Ezreal"", ""Xin Zhao"", ""Nautilus"", ""Jayce"", ""Aurora""]","[""Naafiri"", ""Seraphine"", ""Ashe"", ""Ryze"", ""Yorick""]",[],[],0,leaguepedia_cargo_patch_range,1
LCK/2026 Season/Rounds 1-2_Week 6_1_2,2026-05-06 09:12:00,26.09,LCK 2026 Rounds 1-2,Gen.G,Nongshim RedForce,Gen.G,"[""Varus"", ""Bard"", ""Annie"", ""Jayce"", ""Vayne""]","[""Rumble"", ""Orianna"", ""Jarvan IV"", ""Akali"", ""LeBlanc""]","[""Karma"", ""Skarner"", ""Jhin"", ""Gnar"", ""Mel""]","[""Pantheon"", ""Nautilus"", ""Miss Fortune"", ""Azir"", ""Twisted Fate""]",[],[],1,leaguepedia_cargo_patch_range,0
LPL/2026 Season/Split 2_Week 6_1_1,2026-05-06 09:13:00,26.09,LPL 2026 Split 2,Team WE,Invictus Gaming,Team WE,"[""Karma"", ""Varus"", ""Seraphine"", ""Nocturne"", ""Xin Zhao""]","[""Orianna"", ""Rumble"", ""Pantheon"", ""Jhin"", ""Caitlyn""]","[""Jarvan IV"", ""Bard"", ""Cassiopeia"", ""Miss Fortune"", ""Sion""]","[""Ezreal"", ""Ryze"", ""Neeko"", ""Lee Sin"", ""Ambessa""]",[],[],1,leaguepedia_cargo_patch_range,0
LJL/2026 Season/Spring Series_Week 2_5_3,2026-05-06 09:52:00,26.09,LJL 2026 Spring Series,Rising Gaming,Uwinks,Rising Gaming,"[""Gwen"", ""Ambessa"", ""Vayne"", ""Gragas"", ""Kennen""]","[""Viktor"", ""Varus"", ""Jarvan IV"", ""Annie"", ""Akali""]","[""Caitlyn"", ""Sion"", ""Nami"", ""Azir"", ""Xin Zhao""]","[""Neeko"", ""Nocturne"", ""Kai'Sa"", ""Zaahen"", ""Aurora""]",[],[],1,leaguepedia_cargo_patch_range,0
Esports World Cup 2026/Online Qualifiers/Asia-Pacific_Round 1_4_2,2026-05-06 09:58:00,26.09,Esports World Cup 2026 Online Qualifier: Asia-Pacific,Fukuoka SoftBank HAWKS gaming,MVK Esports,Fukuoka SoftBank HAWKS gaming,"[""Nocturne"", ""Varus"", ""Nautilus"", ""Vayne"", ""Gwen""]","[""Orianna"", ""Jarvan IV"", ""Rumble"", ""Akali"", ""Ryze""]","[""Lee Sin"", ""Caitlyn"", ""Lux"", ""Cassiopeia"", ""Sion""]","[""Lucian"", ""Milio"", ""Naafiri"", ""Annie"", ""Twisted Fate""]",[],[],1,leaguepedia_cargo_patch_range,0
Esports World Cup 2026/Online Qualifiers/Asia-Pacific_Round 1_3_2,2026-05-06 10:08:00,26.09,Esports World Cup 2026 Online Qualifier: Asia-Pacific,Ground Zero Gaming,CTBC Flying Oyster,CTBC Flying Oyster,"[""Lucian"", ""Nocturne"", ""Karma"", ""Caitlyn"", ""Corki""]","[""Pantheon"", ""Varus"", ""Bard"", ""Akali"", ""Vi""]","[""Rumble"", ""Yunara"", ""Lulu"", ""Skarner"", ""Viktor""]","[""Jarvan IV"", ""K'Sante"", ""Orianna"", ""Rell"", ""Samira""]",[],[],0,leaguepedia_cargo_patch_range,1
LPL/2026 Season/Split 2_Week 6_1_2,2026-05-06 10:10:00,26.09,LPL 2026 Split 2,Team WE,Invictus Gaming,Invictus Gaming,"[""Karma"", ""Seraphine"", ""Varus"", ""Lucian"", ""Rakan""]","[""Orianna"", ""Rumble"", ""Annie"", ""Xayah"", ""Caitlyn""]","[""Nocturne"", ""Sylas"", ""Jayce"", ""Yunara"", ""Lulu""]","[""Ahri"", ""Vi"", ""Yorick"", ""Nami"", ""Corki""]",[],[],0,leaguepedia_cargo_patch_range,1
LCK/2026 Season/Rounds 1-2_Week 6_2_1,2026-05-06 10:34:00,26.09,LCK 2026 Rounds 1-2,DN SOOPers,Hanwha Life Esports,Hanwha Life Esports,"[""Varus"", ""Ryze"", ""Jarvan IV"", ""Jayce"", ""Annie""]","[""Rumble"", ""Orianna"", ""Ezreal"", ""Akali"", ""Azir""]","[""Pantheon"", ""Karma"", ""Jhin"", ""Ahri"", ""Renekton""]","[""Bard"", ""Caitlyn"", ""Xin Zhao"", ""Aurora"", ""Gnar""]",[],[],0,leaguepedia_cargo_patch_range,1
LJL/2026 Season/Spring Series_Week 2_6_1,2026-05-06 10:56:00,26.09,LJL 2026 Spring Series,Arneb,RAYN Clocks,Arneb,"[""Neeko"", ""Rumble"", ""Xin Zhao"", ""Nautilus"", ""Leona""]","[""Orianna"", ""Viktor"", ""Ryze"", ""Karma"", ""Aurora""]","[""Sion"", ""Pantheon"", ""Ezreal"", ""Smolder"", ""Bard""]","[""Gwen"", ""Jarvan IV"", ""Kai'Sa"", ""Galio"", ""Hwei""]",[],[],1,leaguepedia_cargo_patch_range,0
LPL/2026 Season/Split 2_Week 6_1_3,2026-05-06 10:59:00,26.09,LPL 2026 Split 2,Team WE,Invictus Gaming,Team WE,"[""Seraphine"", ""Karma"", ""Rumble"", ""Nautilus"", ""Caitlyn""]","[""Orianna"", ""Milio"", ""Varus"", ""Jhin"", ""Ashe""]","[""Annie"", ""Xin Zhao"", ""Renekton"", ""Kai'Sa"", ""Alistar""]","[""Akali"", ""Pantheon"", ""K'Sante"", ""Sivir"", ""Braum""]",[],[],1,leaguepedia_cargo_patch_range,0
Esports World Cup 2026/Online Qualifiers/Asia-Pacific_Round 1_3_3,2026-05-06 11:00:00,26.09,Esports World Cup 2026 Online Qualifier: Asia-Pacific,CTBC Flying Oyster,Ground Zero Gaming,CTBC Flying Oyster,"[""Ambessa"", ""Bard"", ""Varus"", ""Caitlyn"", ""Akali""]","[""Lucian"", ""Karma"", ""Renekton"", ""Alistar"", ""Xayah""]","[""Pantheon"", ""Annie"", ""Gnar"", ""Kai'Sa"", ""Amumu""]","[""Nocturne"", ""Neeko"", ""Vayne"", ""Twisted Fate"", ""Jhin""]",[],[],1,leaguepedia_cargo_patch_range,0
LCK/2026 Season/Rounds 1-2_Week 6_2_2,2026-05-06 11:22:00,26.09,LCK 2026 Rounds 1-2,Hanwha Life Esports,DN SOOPers,Hanwha Life Esports,"[""Varus"", ""Vi"", ""Lee Sin"", ""Miss Fortune"", ""Yorick""]","[""Orianna"", ""Rumble"", ""Jarvan IV"", ""Cassiopeia"", ""Anivia""]","[""Nocturne"", ""Lucian"", ""Milio"", ""Twisted Fate"", ""Jayce""]","[""Ryze"", ""Naafiri"", ""Nautilus"", ""Senna"", ""K'Sante""]",[],[],1,leaguepedia_cargo_patch_range,0
LJL/2026 Season/Spring Series_Week 2_6_2,2026-05-06 11:58:00,26.09,LJL 2026 Spring Series,RAYN Clocks,Arneb,Arneb,"[""Ornn"", ""Malphite"", ""Seraphine"", ""Sivir"", ""K'Sante""]","[""Rumble"", ""Neeko"", ""Lulu"", ""Gnar"", ""Olaf""]","[""Nocturne"", ""Viktor"", ""Nautilus"", ""Aatrox"", ""Varus""]","[""Naafiri"", ""Orianna"", ""Rell"", ""Skarner"", ""Jhin""]",[],[],0,leaguepedia_cargo_patch_range,1
LPL/2026 Season/Split 2_Week 6_2_1,2026-05-06 12:08:00,26.09,LPL 2026 Split 2,JD Gaming,Top Esports,JD Gaming,"[""Ezreal"", ""Karma"", ""Seraphine"", ""Jax"", ""Naafiri""]","[""Orianna"", ""Rumble"", ""Annie"", ""Lucian"", ""Nautilus""]","[""Varus"", ""Azir"", ""Pantheon"", ""Corki"", ""Pyke""]","[""Jarvan IV"", ""Jhin"", ""Bard"", ""Ryze"", ""Olaf""]",[],[],1,leaguepedia_cargo_patch_range,0
LPL/2026 Season/Split 2_Week 6_2_2,2026-05-06 12:59:00,26.09,LPL 2026 Split 2,JD Gaming,Top Esports,Top Esports,"[""Karma"", ""Seraphine"", ""Nocturne"", ""Naafiri"", ""Xin Zhao""]","[""Orianna"", ""Rumble"", ""Akali"", ""Lucian"", ""Lulu""]","[""Vi"", ""Jayce"", ""Ahri"", ""Alistar"", ""Miss Fortune""]","[""Ezreal"", ""Annie"", ""Sion"", ""Neeko"", ""Wukong""]",[],[],0,leaguepedia_cargo_patch_range,1
Hellenic Legends League/2026 Season/Spring Split_Week 6_3_1,2026-05-06 13:13:00,26.09,HLL 2026 Spring,Gamespace Mediterranean College Esports,WLGaming Esports,WLGaming Esports,"[""Pantheon"", ""Orianna"", ""Karma"", ""Ryze"", ""Zoe""]","[""Ekko"", ""Jarvan IV"", ""Rumble"", ""Kassadin"", ""Akali""]","[""Varus"", ""Zaahen"", ""Neeko"", ""Annie"", ""Renekton""]","[""Ezreal"", ""Xin Zhao"", ""Bard"", ""Aurora"", ""Syndra""]",[],[],0,leaguepedia_cargo_patch_range,1
LPL/2026 Season/Split 2_Week 6_2_3,2026-05-06 13:47:00,26.09,LPL 2026 Split 2,JD Gaming,Top Esports,JD Gaming,"[""Karma"", ""Nocturne"", ""Naafiri"", ""Twisted Fate"", ""Vayne""]","[""Orianna"", ""Rumble"", ""Akali"", ""LeBlanc"", ""Aurora""]","[""Seraphine"", ""Yunara"", ""Xin Zhao"", ""Viktor"", ""Renekton""]","[""Ashe"", ""Lulu"", ""Trundle"", ""Cassiopeia"", ""Gnar""]",[],[],1,leaguepedia_cargo_patch_range,0
Hellenic Legends League/2026 Season/Spring Split_Week 6_3_2,2026-05-06 14:09:00,26.09,HLL 2026 Spring,WLGaming Esports,Gamespace Mediterranean College Esports,WLGaming Esports,"[""Ekko"", ""Caitlyn"", ""Nautilus"", ""Kassadin"", ""Akali""]","[""Orianna"", ""Pantheon"", ""Karma"", ""Aphelios"", ""Kog'Maw""]","[""Jarvan IV"", ""Lulu"", ""Rumble"", ""Zeri"", ""Ryze""]","[""Wukong"", ""Yunara"", ""Ornn"", ""Rakan"", ""Azir""]",[],[],1,leaguepedia_cargo_patch_range,0
Hitpoint Masters/2026 Season/Spring Split_Week 3_3_1,2026-05-06 14:15:00,26.09,Hitpoint Masters 2026 Spring,CITA Kaizen,Nightbirds,Nightbirds,"[""Nautilus"", ""Varus"", ""Orianna"", ""Bard"", ""Vayne""]","[""Karma"", ""Rumble"", ""Vi"", ""Galio"", ""Sion""]","[""Pantheon"", ""Yunara"", ""Lulu"", ""Aurelion Sol"", ""K'Sante""]","[""Ezreal"", ""Jarvan IV"", ""Ryze"", ""Nami"", ""Gnar""]",[],[],0,leaguepedia_cargo_patch_range,1
TCL/2026 Season/Spring Split_Week 5_3_1,2026-05-06 14:30:00,26.09,TCL 2026 Spring,SU Esports,Team Phoenix (Turkish Team),SU Esports,"[""Bard"", ""Ezreal"", ""Nautilus"", ""Akali"", ""Aurora""]","[""Pantheon"", ""Nocturne"", ""Vi"", ""Gwen"", ""Aatrox""]","[""Orianna"", ""Ashe"", ""Seraphine"", ""Xin Zhao"", ""Sion""]","[""Jarvan IV"", ""Neeko"", ""Mel"", ""Jhin"", ""Cho'Gath""]",[],[],1,leaguepedia_cargo_patch_range,0
Hellenic Legends League/2026 Season/Spring Split_Week 6_4_1,2026-05-06 15:09:00,26.09,HLL 2026 Spring,ALMO Players,Team Insidious,ALMO Players,"[""Rumble"", ""Jarvan IV"", ""Seraphine"", ""Braum"", ""Sion""]","[""Cassiopeia"", ""Pantheon"", ""Corki"", ""Akali"", ""Aurora""]","[""Nocturne"", ""Kai'Sa"", ""Nautilus"", ""Sylas"", ""Urgot""]","[""Ezreal"", ""Vi"", ""Orianna"", ""Alistar"", ""K'Sante""]",[],[],1,leaguepedia_cargo_patch_range,0
Hitpoint Masters/2026 Season/Spring Split_Week 3_3_2,2026-05-06 15:09:00,26.09,Hitpoint Masters 2026 Spring,Nightbirds,CITA Kaizen,CITA Kaizen,"[""Ashe"", ""Nautilus"", ""Xin Zhao"", ""Bard"", ""Caitlyn""]","[""Orianna"", ""Karma"", ""Nocturne"", ""Sivir"", ""Xayah""]","[""Rumble"", ""Zaahen"", ""Aurora"", ""Lucian"", ""Milio""]","[""Galio"", ""Vi"", ""Ahri"", ""Varus"", ""Neeko""]",[],[],0,leaguepedia_cargo_patch_range,1
Rift Legends/2026 Season/Spring Split_Week 5_3_1,2026-05-06 15:14:00,26.09,Rift Legends 2026 Spring,devils.one inStreamly,GLORE,devils.one inStreamly,"[""Wukong"", ""Nautilus"", ""Orianna"", ""Ryze"", ""Vayne""]","[""Olaf"", ""Aurora"", ""Karma"", ""Taliyah"", ""Renekton""]","[""Ezreal"", ""Pantheon"", ""Nami"", ""Ahri"", ""K'Sante""]","[""Smolder"", ""Xin Zhao"", ""Bard"", ""Azir"", ""Gnar""]",[],[],1,leaguepedia_cargo_patch_range,0
Prime League 1st Division/2026 Season/Spring Split_Week 6_3_1,2026-05-06 15:15:00,26.09,PRM 1st Division 2026 Spring,G2 NORD,VfB eSports,G2 NORD,"[""Shen"", ""Pyke"", ""Ezreal"", ""Jayce"", ""Sion""]","[""Pantheon"", ""Orianna"", ""Karma"", ""Taliyah"", ""Azir""]","[""Jarvan IV"", ""Ashe"", ""Seraphine"", ""Rumble"", ""Ryze""]","[""Naafiri"", ""Lucian"", ""Milio"", ""Aurora"", ""Ornn""]",[],[],1,leaguepedia_cargo_patch_range,0
LES/2026 Season/Spring Split_Week 5_1_1,2026-05-06 15:16:00,26.09,LES 2026 Spring,LUA Gaming,Falke Esports,LUA Gaming,"[""Anivia"", ""Jayce"", ""Jarvan IV"", ""Braum"", ""Neeko""]","[""Bard"", ""Ryze"", ""Karma"", ""Leona"", ""Sion""]","[""Orianna"", ""Pantheon"", ""Kai'Sa"", ""Rumble"", ""Alistar""]","[""Ezreal"", ""Nocturne"", ""Akali"", ""Nautilus"", ""Aurora""]",[],[],1,leaguepedia_cargo_patch_range,0
TCL/2026 Season/Spring Split_Week 5_3_2,2026-05-06 15:16:00,26.09,TCL 2026 Spring,SU Esports,Team Phoenix (Turkish Team),SU Esports,"[""Bard"", ""Ezreal"", ""Nautilus"", ""LeBlanc"", ""Akali""]","[""Nocturne"", ""Pantheon"", ""Ryze"", ""Aurora"", ""Gwen""]","[""Karma"", ""Vi"", ""Sivir"", ""Syndra"", ""Rumble""]","[""Aatrox"", ""Varus"", ""Alistar"", ""Viktor"", ""Tristana""]",[],[],1,leaguepedia_cargo_patch_range,0
Hitpoint Masters/2026 Season/Spring Split_Week 3_3_3,2026-05-06 16:04:00,26.09,Hitpoint Masters 2026 Spring,Nightbirds,CITA Kaizen,Nightbirds,"[""Nautilus"", ""Ashe"", ""LeBlanc"", ""Akali"", ""Sivir""]","[""Orianna"", ""Karma"", ""Azir"", ""Vayne"", ""Gwen""]","[""Viktor"", ""Skarner"", ""Jhin"", ""Aatrox"", ""Rell""]","[""Bard"", ""Xin Zhao"", ""Sion"", ""Syndra"", ""Smolder""]",[],[],1,leaguepedia_cargo_patch_range,0
Prime League 1st Division/2026 Season/Spring Split_Week 6_3_2,2026-05-06 16:04:00,26.09,PRM 1st Division 2026 Spring,G2 NORD,VfB eSports,G2 NORD,"[""Shen"", ""Pyke"", ""Sivir"", ""Jhin"", ""Miss Fortune""]","[""Pantheon"", ""Orianna"", ""Ezreal"", ""Syndra"", ""Viktor""]","[""Bard"", ""Varus"", ""Xin Zhao"", ""K'Sante"", ""Anivia""]","[""Nautilus"", ""Lee Sin"", ""Annie"", ""Ziggs"", ""Yasuo""]",[],[],1,leaguepedia_cargo_patch_range,0
Arabian League/2026 Season/Spring Split_Last Stand_5_1,2026-05-06 16:07:00,26.09,Arabian League 2026 Spring,3BL Esports,JSK Esports,3BL Esports,"[""Skarner"", ""Dr. Mundo"", ""Nocturne"", ""Ambessa"", ""Gnar""]","[""Rell"", ""Nautilus"", ""Viktor"", ""Orianna"", ""LeBlanc""]","[""Xin Zhao"", ""Caitlyn"", ""Bard"", ""Syndra"", ""Ornn""]","[""Ashe"", ""Seraphine"", ""Wukong"", ""Ryze"", ""Aatrox""]",[],[],1,leaguepedia_cargo_patch_range,0
LES/2026 Season/Spring Split_Week 5_1_2,2026-05-06 16:07:00,26.09,LES 2026 Spring,LUA Gaming,Falke Esports,Falke Esports,"[""Anivia"", ""Jayce"", ""Xin Zhao"", ""Gnar"", ""LeBlanc""]","[""Bard"", ""Ryze"", ""Jax"", ""Sion"", ""K'Sante""]","[""Varus"", ""Wukong"", ""Ahri"", ""Yunara"", ""Lulu""]","[""Renekton"", ""Jarvan IV"", ""Mel"", ""Ashe"", ""Seraphine""]",[],[],0,leaguepedia_cargo_patch_range,1
LFL/2026 Season/Spring Playoffs_Round 1_1_1,2026-05-06 16:07:00,26.09,LFL 2026 Spring Playoffs,Esprit Shōnen,TLN Pirates,TLN Pirates,"[""Caitlyn"", ""Ashe"", ""Pantheon"", ""Ahri"", ""Sylas""]","[""Orianna"", ""Varus"", ""Jarvan IV"", ""Ryze"", ""Syndra""]","[""Ezreal"", ""Nocturne"", ""Nami"", ""Azir"", ""Gnar""]","[""Karma"", ""Xin Zhao"", ""Yunara"", ""Anivia"", ""Sion""]",[],[],0,leaguepedia_cargo_patch_range,1
Hellenic Legends League/2026 Season/Spring Split_Week 6_4_2,2026-05-06 16:09:00,26.09,HLL 2026 Spring,Team Insidious,ALMO Players,Team Insidious,"[""Cassiopeia"", ""Corki"", ""Xin Zhao"", ""Kled"", ""Aatrox""]","[""Rumble"", ""Karma"", ""Seraphine"", ""Zed"", ""Ryze""]","[""Pantheon"", ""Caitlyn"", ""Bard"", ""Syndra"", ""Jayce""]","[""Yunara"", ""Lulu"", ""Skarner"", ""Aurora"", ""Malphite""]",[],[],1,leaguepedia_cargo_patch_range,0
Rift Legends/2026 Season/Spring Split_Week 5_3_2,2026-05-06 16:13:00,26.09,Rift Legends 2026 Spring,devils.one inStreamly,GLORE,devils.one inStreamly,"[""Nautilus"", ""Wukong"", ""Jarvan IV"", ""Vayne"", ""Vi""]","[""Olaf"", ""Aurora"", ""Orianna"", ""Naafiri"", ""Skarner""]","[""Karma"", ""Ryze"", ""Jhin"", ""Nocturne"", ""Ornn""]","[""Seraphine"", ""Ashe"", ""Anivia"", ""Rek'Sai"", ""Zaahen""]",[],[],1,leaguepedia_cargo_patch_range,0
Esports Balkan League/2026 Season/Spring Playoffs_Round 1_1_1,2026-05-06 16:15:00,26.09,EBL 2026 Spring Playoffs,TQ DURPA KASHLQ,Partizan Sangal,Partizan Sangal,"[""Ambessa"", ""Rumble"", ""Nautilus"", ""Pantheon"", ""Vi""]","[""Orianna"", ""Olaf"", ""Naafiri"", ""Anivia"", ""Aurora""]","[""Xin Zhao"", ""Ezreal"", ""Karma"", ""Zaahen"", ""Syndra""]","[""Ashe"", ""Seraphine"", ""Ryze"", ""Nocturne"", ""Vayne""]",[],[],0,leaguepedia_cargo_patch_range,1
TCL/2026 Season/Spring Split_Week 5_4_1,2026-05-06 16:15:00,26.09,TCL 2026 Spring,Ozarox Esports,BoostGate Esports,Ozarox Esports,"[""Nautilus"", ""Nocturne"", ""Orianna""]","[""Karma"", ""Xin Zhao"", ""Ezreal"", ""Sion"", ""Ornn""]","[""Ashe"", ""Pantheon"", ""Seraphine"", ""Akali"", ""Ambessa""]","[""Jarvan IV"", ""Lucian"", ""Milio"", ""Rumble"", ""Jayce""]",[],[],1,leaguepedia_cargo_patch_range,0
Esports Balkan League/2026 Season/Spring Playoffs_Round 1_1_2,2026-05-06 16:57:00,26.09,EBL 2026 Spring Playoffs,Partizan Sangal,TQ DURPA KASHLQ,Partizan Sangal,"[""Olaf"", ""Naafiri"", ""Nautilus"", ""Aurora"", ""Malphite""]","[""Rumble"", ""Ambessa"", ""Orianna"", ""Akali"", ""Zoe""]","[""Lucian"", ""Pantheon"", ""Milio"", ""Twisted Fate"", ""Jayce""]","[""Draven"", ""Nami"", ""Wukong"", ""Anivia"", ""Vladimir""]",[],[],1,leaguepedia_cargo_patch_range,0
Prime League 1st Division/2026 Season/Spring Split_Week 6_4_1,2026-05-06 16:59:00,26.09,PRM 1st Division 2026 Spring,ROSSMANN Centaurs,TeamOrangeGaming,TeamOrangeGaming,"[""Azir"", ""Xin Zhao"", ""Gnar"", ""Cassiopeia"", ""Anivia""]","[""Orianna"", ""Pantheon"", ""Naafiri"", ""Wukong"", ""Vi""]","[""Ryze"", ""Corki"", ""Nami"", ""Lee Sin"", ""Ornn""]","[""Ezreal"", ""Jarvan IV"", ""Karma"", ""Syndra"", ""Aatrox""]",[],[],0,leaguepedia_cargo_patch_range,1
LFL/2026 Season/Spring Playoffs_Round 1_1_2,2026-05-06 17:00:00,26.09,LFL 2026 Spring Playoffs,TLN Pirates,Esprit Shōnen,TLN Pirates,"[""Varus"", ""Jarvan IV"", ""Ryze"", ""Ahri"", ""Kai'Sa""]","[""Orianna"", ""Ashe"", ""Caitlyn"", ""Ornn"", ""Aurora""]","[""Pantheon"", ""Lucian"", ""Milio"", ""K'Sante"", ""Viktor""]","[""Rumble"", ""Vi"", ""Nautilus"", ""Jhin"", ""Yone""]",[],[],1,leaguepedia_cargo_patch_range,0
Arabian League/2026 Season/Spring Split_Last Stand_5_2,2026-05-06 17:03:00,26.09,Arabian League 2026 Spring,3BL Esports,JSK Esports,JSK Esports,"[""Skarner"", ""Nocturne"", ""Ezreal"", ""Corki"", ""Lucian""]","[""Rell"", ""Nautilus"", ""Jarvan IV"", ""Varus"", ""Aphelios""]","[""Karma"", ""Akali"", ""Rek'Sai"", ""Smolder"", ""Zaahen""]","[""Viktor"", ""Nami"", ""Dr. Mundo"", ""Yunara"", ""Jax""]",[],[],0,leaguepedia_cargo_patch_range,1
LES/2026 Season/Spring Split_Week 5_1_3,2026-05-06 17:04:00,26.09,LES 2026 Spring,Falke Esports,LUA Gaming,LUA Gaming,"[""Ryze"", ""Caitlyn"", ""Xin Zhao"", ""Gwen"", ""Ambessa""]","[""Anivia"", ""Jayce"", ""Bard"", ""Sion"", ""K'Sante""]","[""Ornn"", ""Naafiri"", ""Taliyah"", ""Lucian"", ""Milio""]","[""Shen"", ""Vi"", ""Viktor"", ""Kalista"", ""Renata Glasc""]",[],[],0,leaguepedia_cargo_patch_range,1
Hitpoint Masters/2026 Season/Spring Split_Week 3_4_1,2026-05-06 17:07:00,26.09,Hitpoint Masters 2026 Spring,Onion Team,BRUTE,Onion Team,"[""Pyke"", ""Bard"", ""Xin Zhao"", ""Renekton"", ""Aatrox""]","[""Seraphine"", ""Orianna"", ""Vi"", ""Varus"", ""Kog'Maw""]","[""Ezreal"", ""Rakan"", ""Naafiri"", ""Jayce"", ""Ahri""]","[""Karma"", ""Jarvan IV"", ""Vayne"", ""Gnar"", ""Syndra""]",[],[],1,leaguepedia_cargo_patch_range,0
Benelux Ascend Series/2026 Season/Spring Split_Week 6_1_1,2026-05-06 17:10:00,26.09,Benelux Ascend Series 2026 Spring,SNOOZE Esports,TAKA ASCEND,TAKA ASCEND,"[""Ambessa"", ""Caitlyn"", ""Syndra"", ""Ahri"", ""Renekton""]","[""Rumble"", ""Varus"", ""Seraphine"", ""Rakan"", ""Neeko""]","[""Ezreal"", ""Cho'Gath"", ""Ryze"", ""Nami"", ""Gnar""]","[""Karma"", ""Xin Zhao"", ""Kai'Sa"", ""Viktor"", ""Ornn""]",[],[],0,leaguepedia_cargo_patch_range,1
TCL/2026 Season/Spring Split_Week 5_4_2,2026-05-06 17:10:00,26.09,TCL 2026 Spring,Ozarox Esports,BoostGate Esports,Ozarox Esports,"[""Nautilus"", ""Nocturne"", ""Caitlyn"", ""Kog'Maw"", ""Mel""]","[""Karma"", ""Xin Zhao"", ""Orianna"", ""Vi"", ""Wukong""]","[""Ryze"", ""Kalista"", ""Renata Glasc"", ""Sejuani"", ""Renekton""]","[""Naafiri"", ""Jhin"", ""Bard"", ""Aurelion Sol"", ""Sion""]",[],[],1,leaguepedia_cargo_patch_range,0
Rift Legends/2026 Season/Spring Split_Week 5_4_1,2026-05-06 17:22:00,26.09,Rift Legends 2026 Spring,Barcząca Esports,Bomba Team,Bomba Team,"[""Nautilus"", ""Varus"", ""Aurora"", ""Yasuo"", ""Xin Zhao""]","[""Orianna"", ""Karma"", ""Pantheon"", ""Seraphine"", ""Yunara""]","[""Jarvan IV"", ""Sion"", ""Ryze"", ""Caitlyn"", ""Bard""]","[""Ezreal"", ""Rumble"", ""Anivia"", ""Wukong"", ""Rell""]",[],[],0,leaguepedia_cargo_patch_range,1
Esports Balkan League/2026 Season/Spring Playoffs_Round 1_2_1,2026-05-06 17:46:00,26.09,EBL 2026 Spring Playoffs,Lenovo Legion Honvéd,SPIKE Syndicate,Lenovo Legion Honvéd,"[""Azir"", ""Caitlyn"", ""Naafiri"", ""Orianna"", ""Aurora""]","[""Sion"", ""Bard"", ""Rumble"", ""Gwen"", ""Gnar""]","[""Ambessa"", ""Nautilus"", ""Ezreal"", ""Renekton"", ""Hwei""]","[""Karma"", ""Xin Zhao"", ""Yunara"", ""K'Sante"", ""Ryze""]",[],[],1,leaguepedia_cargo_patch_range,0
LFL/2026 Season/Spring Playoffs_Round 1_2_1,2026-05-06 17:51:00,26.09,LFL 2026 Spring Playoffs,Karmine Corp Blue,Ici Japon Corp. Esport,Karmine Corp Blue,"[""Ashe"", ""Jarvan IV"", ""Caitlyn"", ""Xin Zhao"", ""Nocturne""]","[""Orianna"", ""Ryze"", ""Ezreal"", ""Ahri"", ""LeBlanc""]","[""Pantheon"", ""Jhin"", ""Bard"", ""K'Sante"", ""Taliyah""]","[""Yunara"", ""Rumble"", ""Nautilus"", ""Aurora"", ""Skarner""]",[],[],1,leaguepedia_cargo_patch_range,0
Arabian League/2026 Season/Spring Split_Last Stand_5_3,2026-05-06 17:54:00,26.09,Arabian League 2026 Spring,3BL Esports,JSK Esports,3BL Esports,"[""Skarner"", ""Pantheon"", ""LeBlanc"", ""Lulu"", ""Xayah""]","[""Rell"", ""Nautilus"", ""Aurora"", ""Ahri"", ""Hwei""]","[""Nocturne"", ""Neeko"", ""Sion"", ""Kai'Sa"", ""Anivia""]","[""Orianna"", ""Naafiri"", ""K'Sante"", ""Ezreal"", ""Leona""]",[],[],1,leaguepedia_cargo_patch_range,0
Hitpoint Masters/2026 Season/Spring Split_Week 3_4_2,2026-05-06 17:54:00,26.09,Hitpoint Masters 2026 Spring,BRUTE,Onion Team,BRUTE,"[""Viego"", ""Varus"", ""Vi"", ""Kog'Maw"", ""Anivia""]","[""Pyke"", ""Bard"", ""Orianna"", ""Caitlyn"", ""Kai'Sa""]","[""Xin Zhao"", ""Ornn"", ""Nautilus"", ""Kalista"", ""Kassadin""]","[""Seraphine"", ""Rumble"", ""Sivir"", ""Sett"", ""Cho'Gath""]",[],[],1,leaguepedia_cargo_patch_range,0
LES/2026 Season/Spring Split_Week 5_2_1,2026-05-06 17:58:00,26.09,LES 2026 Spring,Barça eSports,GIANTX iTero,Barça eSports,"[""Shen"", ""Karma"", ""Bard"", ""Kai'Sa"", ""Smolder""]","[""Lux"", ""Pantheon"", ""Nocturne"", ""Lee Sin"", ""Wukong""]","[""Orianna"", ""Ezreal"", ""Nami"", ""Vi"", ""Rumble""]","[""Viktor"", ""Jarvan IV"", ""Nautilus"", ""Senna"", ""Aurora""]",[],[],1,leaguepedia_cargo_patch_range,0
Prime League 1st Division/2026 Season/Spring Split_Week 6_4_2,2026-05-06 18:02:00,26.09,PRM 1st Division 2026 Spring,TeamOrangeGaming,ROSSMANN Centaurs,TeamOrangeGaming,"[""Naafiri"", ""Pantheon"", ""Nautilus"", ""Aurora"", ""Annie""]","[""Orianna"", ""Azir"", ""Xin Zhao"", ""Bard"", ""Lulu""]","[""Yunara"", ""Gnar"", ""Skarner"", ""Pyke"", ""Viktor""]","[""Lucian"", ""Vi"", ""Milio"", ""K'Sante"", ""Ahri""]",[],[],1,leaguepedia_cargo_patch_range,0
Benelux Ascend Series/2026 Season/Spring Split_Week 6_2_1,2026-05-06 18:09:00,26.09,Benelux Ascend Series 2026 Spring,Frost Tails,FUSE,FUSE,"[""Seraphine"", ""Viktor"", ""Karma"", ""Gnar"", ""Ornn""]","[""Ambessa"", ""Xin Zhao"", ""Orianna"", ""Nautilus"", ""Leona""]","[""Yunara"", ""Jarvan IV"", ""Annie"", ""Cho'Gath"", ""Rell""]","[""Ryze"", ""Aphelios"", ""Lulu"", ""Naafiri"", ""Dr. Mundo""]",[],[],0,leaguepedia_cargo_patch_range,1
Benelux Ascend Series/2026 Season/Spring Split_Week 6_1_2,2026-05-06 18:23:00,26.09,Benelux Ascend Series 2026 Spring,SNOOZE Esports,TAKA ASCEND,SNOOZE Esports,"[""Ambessa"", ""Caitlyn"", ""Pantheon"", ""Ashe"", ""Sivir""]","[""Rumble"", ""Graves"", ""Seraphine"", ""Vayne"", ""Varus""]","[""Ahri"", ""Yunara"", ""Lillia"", ""Dr. Mundo"", ""Braum""]","[""Taliyah"", ""Wukong"", ""Lulu"", ""K'Sante"", ""Zeri""]",[],[],1,leaguepedia_cargo_patch_range,0
Rift Legends/2026 Season/Spring Split_Week 5_4_2,2026-05-06 18:23:00,26.09,Rift Legends 2026 Spring,Barcząca Esports,Bomba Team,Barcząca Esports,"[""Nautilus"", ""Varus"", ""Aurora"", ""K'Sante"", ""Ahri""]","[""Orianna"", ""Karma"", ""Pantheon"", ""Mel"", ""Ornn""]","[""Ashe"", ""Aatrox"", ""Lulu"", ""Yorick"", ""Annie""]","[""Xin Zhao"", ""Seraphine"", ""Senna"", ""Jayce"", ""Gwen""]",[],[],1,leaguepedia_cargo_patch_range,0
Esports Balkan League/2026 Season/Spring Playoffs_Round 1_2_2,2026-05-06 18:36:00,26.09,EBL 2026 Spring Playoffs,Lenovo Legion Honvéd,SPIKE Syndicate,SPIKE Syndicate,"[""Azir"", ""Caitlyn"", ""Orianna"", ""Aurora"", ""Ahri""]","[""Sion"", ""Bard"", ""Rumble"", ""Jarvan IV"", ""Ornn""]","[""Naafiri"", ""Miss Fortune"", ""Rell"", ""Gnar"", ""Xerath""]","[""Ashe"", ""Seraphine"", ""Wukong"", ""Viktor"", ""Malphite""]",[],[],0,leaguepedia_cargo_patch_range,1
LFL/2026 Season/Spring Playoffs_Round 1_2_2,2026-05-06 18:38:00,26.09,LFL 2026 Spring Playoffs,Ici Japon Corp. Esport,Karmine Corp Blue,Karmine Corp Blue,"[""Ezreal"", ""Azir"", ""Anivia"", ""Ahri"", ""LeBlanc""]","[""Orianna"", ""Ashe"", ""Caitlyn"", ""Lucian"", ""Zeri""]","[""Ryze"", ""Nocturne"", ""Sion"", ""Corki"", ""Nami""]","[""Jarvan IV"", ""Varus"", ""Aatrox"", ""Viktor"", ""Alistar""]",[],[],0,leaguepedia_cargo_patch_range,1
Hitpoint Masters/2026 Season/Spring Split_Week 3_4_3,2026-05-06 18:42:00,26.09,Hitpoint Masters 2026 Spring,BRUTE,Onion Team,Onion Team,"[""Viego"", ""Varus"", ""Vi"", ""Xerath"", ""Anivia""]","[""Pyke"", ""Bard"", ""Orianna"", ""Malphite"", ""K'Sante""]","[""Pantheon"", ""Lulu"", ""Yasuo"", ""Azir"", ""Maokai""]","[""Yunara"", ""Wukong"", ""Soraka"", ""Sion"", ""Kog'Maw""]",[],[],0,leaguepedia_cargo_patch_range,1
LES/2026 Season/Spring Split_Week 5_2_2,2026-05-06 18:59:00,26.09,LES 2026 Spring,GIANTX iTero,Barça eSports,Barça eSports,"[""Lux"", ""Pantheon"", ""Yunara"", ""Syndra"", ""Taliyah""]","[""Shen"", ""Karma"", ""Seraphine"", ""Anivia"", ""Azir""]","[""Kennen"", ""Trundle"", ""Annie"", ""Lucian"", ""Milio""]","[""Renekton"", ""Aatrox"", ""Hwei"", ""Caitlyn"", ""Bard""]",[],[],0,leaguepedia_cargo_patch_range,1
Arabian League/2026 Season/Spring Split_Last Stand_6_1,2026-05-06 19:11:00,26.09,Arabian League 2026 Spring,One More Esports,GnG Amazigh,GnG Amazigh,"[""Kai'Sa"", ""Sivir"", ""Corki"", ""Nocturne"", ""Sion""]","[""Jarvan IV"", ""Seraphine"", ""Varus"", ""Gnar"", ""Dr. Mundo""]","[""Orianna"", ""Yunara"", ""Lulu"", ""Jayce"", ""Wukong""]","[""Ezreal"", ""Karma"", ""Akali"", ""Xin Zhao"", ""K'Sante""]",[],[],0,leaguepedia_cargo_patch_range,1
Benelux Ascend Series/2026 Season/Spring Split_Week 6_2_2,2026-05-06 19:12:00,26.09,Benelux Ascend Series 2026 Spring,FUSE,Frost Tails,Frost Tails,"[""Xin Zhao"", ""Taliyah"", ""Ahri"", ""Ezreal"", ""Nautilus""]","[""Viktor"", ""Orianna"", ""Karma"", ""Seraphine"", ""Milio""]","[""Ambessa"", ""Viego"", ""Syndra"", ""Smolder"", ""Alistar""]","[""Sion"", ""Lillia"", ""Renekton"", ""Leona"", ""Samira""]",[],[],0,leaguepedia_cargo_patch_range,1
Rift Legends/2026 Season/Spring Split_Week 5_4_3,2026-05-06 19:15:00,26.09,Rift Legends 2026 Spring,Barcząca Esports,Bomba Team,Barcząca Esports,"[""Nautilus"", ""Varus"", ""Aurora"", ""Ahri"", ""Taliyah""]","[""Orianna"", ""Karma"", ""Pantheon"", ""Galio"", ""Cassiopeia""]","[""Milio"", ""Nocturne"", ""Aphelios"", ""Twisted Fate"", ""Renekton""]","[""Lucian"", ""Vi"", ""Yuumi"", ""Akali"", ""Jax""]",[],[],1,leaguepedia_cargo_patch_range,0
Esports Balkan League/2026 Season/Spring Playoffs_Round 1_2_3,2026-05-06 19:26:00,26.09,EBL 2026 Spring Playoffs,SPIKE Syndicate,Lenovo Legion Honvéd,Lenovo Legion Honvéd,"[""Sion"", ""Bard"", ""Rumble"", ""Lulu"", ""Braum""]","[""Azir"", ""Orianna"", ""Caitlyn"", ""Alistar"", ""Nami""]","[""Vi"", ""Corki"", ""Cassiopeia"", ""Rakan"", ""Aatrox""]","[""Pantheon"", ""Aurora"", ""Sivir"", ""Leona"", ""Zoe""]",[],[],0,leaguepedia_cargo_patch_range,1
Benelux Ascend Series/2026 Season/Spring Split_Week 6_1_3,2026-05-06 19:28:00,26.09,Benelux Ascend Series 2026 Spring,SNOOZE Esports,TAKA ASCEND,SNOOZE Esports,"[""Ambessa"", ""Caitlyn"", ""Milio"", ""Neeko"", ""Camille""]","[""Rumble"", ""Graves"", ""Seraphine"", ""Jarvan IV"", ""Nocturne""]","[""Aurora"", ""Xayah"", ""Rakan"", ""Gragas"", ""Skarner""]","[""Orianna"", ""Pantheon"", ""Varus"", ""Leona"", ""Sion""]",[],[],1,leaguepedia_cargo_patch_range,0
Benelux Ascend Series/2026 Season/Spring Split_Week 6_2_3,2026-05-06 20:02:00,26.09,Benelux Ascend Series 2026 Spring,Frost Tails,FUSE,Frost Tails,"[""Seraphine"", ""Viktor"", ""Varus"", ""Lee Sin"", ""Mel""]","[""Xin Zhao"", ""Orianna"", ""Pantheon"", ""Darius"", ""Gwen""]","[""Karma"", ""Caitlyn"", ""Wukong"", ""K'Sante"", ""Aurora""]","[""Nautilus"", ""Kai'Sa"", ""Ornn"", ""Olaf"", ""Akali""]",[],[],1,leaguepedia_cargo_patch_range,0
North American Challengers League/2026 Season/Spring Season_Week 7_1_1,2026-05-06 20:09:00,26.09,NACL 2026 Spring,NRG,Conviction,NRG,"[""Ryze"", ""Varus"", ""Jarvan IV"", ""Aurora"", ""Viktor""]","[""Orianna"", ""Ezreal"", ""Nocturne"", ""Syndra"", ""Azir""]","[""Bard"", ""Jhin"", ""Trundle"", ""Anivia"", ""Ornn""]","[""Caitlyn"", ""Pantheon"", ""Karma"", ""Rumble"", ""Hwei""]",[],[],1,leaguepedia_cargo_patch_range,0
Arabian League/2026 Season/Spring Split_Last Stand_6_2,2026-05-06 20:17:00,26.09,Arabian League 2026 Spring,GnG Amazigh,One More Esports,One More Esports,"[""Jarvan IV"", ""Varus"", ""Ashe"", ""Corki"", ""Tristana""]","[""Seraphine"", ""Caitlyn"", ""Naafiri"", ""Kai'Sa"", ""Neeko""]","[""Nocturne"", ""Rumble"", ""Yone"", ""Sivir"", ""Rakan""]","[""Hwei"", ""Dr. Mundo"", ""Zaahen"", ""Smolder"", ""Alistar""]",[],[],0,leaguepedia_cargo_patch_range,1
North American Challengers League/2026 Season/Spring Season_Week 7_1_2,2026-05-06 21:06:00,26.09,NACL 2026 Spring,NRG,Conviction,NRG,"[""Jarvan IV"", ""Irelia"", ""Ezreal"", ""Vi"", ""Annie""]","[""Orianna"", ""Seraphine"", ""Ryze"", ""Rakan"", ""Varus""]","[""Nocturne"", ""Jayce"", ""Aurora"", ""Yunara"", ""Nidalee""]","[""Corki"", ""Nami"", ""Sion"", ""Viktor"", ""Shen""]",[],[],1,leaguepedia_cargo_patch_range,0
Arabian League/2026 Season/Spring Split_Last Stand_6_3,2026-05-06 21:08:00,26.09,Arabian League 2026 Spring,One More Esports,GnG Amazigh,GnG Amazigh,"[""Seraphine"", ""Naafiri"", ""Kai'Sa"", ""Vi"", ""Kled""]","[""Jarvan IV"", ""Mel"", ""Varus"", ""Gnar"", ""Nautilus""]","[""Viktor"", ""Jhin"", ""Zac"", ""Ambessa"", ""Blitzcrank""]","[""Zoe"", ""Caitlyn"", ""Bard"", ""Qiyana"", ""Renekton""]",[],[],0,leaguepedia_cargo_patch_range,1
North American Challengers League/2026 Season/Spring Season_Week 7_2_1,2026-05-06 22:05:00,26.09,NACL 2026 Spring,Dorado Gaming,Supernova,Dorado Gaming,"[""Nocturne"", ""Vi"", ""Rumble"", ""Bard"", ""Ahri""]","[""Aurora"", ""Orianna"", ""Seraphine"", ""Smolder"", ""Caitlyn""]","[""Karma"", ""Pantheon"", ""Jayce"", ""Sivir"", ""Anivia""]","[""Ezreal"", ""Jarvan IV"", ""Sion"", ""Annie"", ""Neeko""]",[],[],1,leaguepedia_cargo_patch_range,0
North American Challengers League/2026 Season/Spring Season_Week 7_2_2,2026-05-06 22:56:00,26.09,NACL 2026 Spring,Supernova,Dorado Gaming,Supernova,"[""Aurora"", ""Seraphine"", ""Xin Zhao"", ""Wukong"", ""Akali""]","[""Nocturne"", ""Bard"", ""Orianna"", ""Ahri"", ""Varus""]","[""Rumble"", ""Vi"", ""Nautilus"", ""Corki"", ""Taliyah""]","[""Lucian"", ""Milio"", ""Ambessa"", ""Sejuani"", ""Yone""]",[],[],1,leaguepedia_cargo_patch_range,0
North American Challengers League/2026 Season/Spring Season_Week 7_2_3,2026-05-06 23:53:00,26.09,NACL 2026 Spring,Dorado Gaming,Supernova,Supernova,"[""Nocturne"", ""Aurora"", ""Seraphine"", ""Naafiri"", ""Yorick""]","[""Orianna"", ""Mel"", ""Jax"", ""LeBlanc"", ""Sylas""]","[""Bard"", ""Xin Zhao"", ""Caitlyn"", ""Vayne"", ""Ryze""]","[""Yunara"", ""Lulu"", ""Ahri"", ""Gnar"", ""Shen""]",[],[],0,leaguepedia_cargo_patch_range,1
LCK CL/2026 Season/Rounds 1-2_Week 6_6_1,2026-05-07 05:07:00,26.09,LCK CL 2026 Rounds 1-2,Gen.G Global Academy,BNK FEARX Youth,BNK FEARX Youth,"[""Varus"", ""Pantheon"", ""Karma"", ""Ryze"", ""Ahri""]","[""Rumble"", ""Orianna"", ""Bard"", ""Akali"", ""Azir""]","[""Jarvan IV"", ""Yunara"", ""Lulu"", ""Annie"", ""Jayce""]","[""Lucian"", ""Nocturne"", ""Milio"", ""Aurora"", ""K'Sante""]",[],[],0,leaguepedia_cargo_patch_range,1
LCK CL/2026 Season/Rounds 1-2_Week 6_7_1,2026-05-07 05:08:00,26.09,LCK CL 2026 Rounds 1-2,T1 Esports Academy,Nongshim Esports Academy,Nongshim Esports Academy,"[""Varus"", ""Karma"", ""Pantheon"", ""Aurora"", ""Ambessa""]","[""Rumble"", ""Orianna"", ""Nocturne"", ""Neeko"", ""Azir""]","[""Jarvan IV"", ""Jhin"", ""Anivia"", ""Jayce"", ""Ryze""]","[""Xin Zhao"", ""Bard"", ""Ezreal"", ""Twisted Fate"", ""Sion""]",[],[],0,leaguepedia_cargo_patch_range,1
LCK CL/2026 Season/Rounds 1-2_Week 6_8_1,2026-05-07 05:09:00,26.09,LCK CL 2026 Rounds 1-2,Hanwha Life Esports Challengers,Kiwoom DRX Challengers,Hanwha Life Esports Challengers,"[""Varus"", ""Karma"", ""Pantheon"", ""Jayce"", ""Vayne""]","[""Rumble"", ""Jarvan IV"", ""Vi"", ""Akali"", ""Viktor""]","[""Nocturne"", ""Bard"", ""Ezreal"", ""Gnar"", ""Azir""]","[""Orianna"", ""Neeko"", ""Zeri"", ""Skarner"", ""Twisted Fate""]",[],[],1,leaguepedia_cargo_patch_range,0
LCK CL/2026 Season/Rounds 1-2_Week 6_6_2,2026-05-07 05:53:00,26.09,LCK CL 2026 Rounds 1-2,Gen.G Global Academy,BNK FEARX Youth,Gen.G Global Academy,"[""Varus"", ""Karma"", ""Akali"", ""LeBlanc"", ""Renekton""]","[""Rumble"", ""Pantheon"", ""Orianna"", ""Vayne"", ""Ahri""]","[""Vi"", ""Mel"", ""Nautilus"", ""Gnar"", ""Yone""]","[""Ashe"", ""Seraphine"", ""Xin Zhao"", ""Anivia"", ""Cassiopeia""]",[],[],1,leaguepedia_cargo_patch_range,0
LCK CL/2026 Season/Rounds 1-2_Week 6_7_2,2026-05-07 05:57:00,26.09,LCK CL 2026 Rounds 1-2,Nongshim Esports Academy,T1 Esports Academy,Nongshim Esports Academy,"[""Varus"", ""Karma"", ""Pantheon"", ""Vayne"", ""Viktor""]","[""Rumble"", ""Orianna"", ""Nocturne"", ""Azir"", ""Ahri""]","[""Vi"", ""Ashe"", ""Seraphine"", ""Aurora"", ""Ambessa""]","[""Lucian"", ""Milio"", ""Skarner"", ""Gnar"", ""Annie""]",[],[],1,leaguepedia_cargo_patch_range,0
LCK CL/2026 Season/Rounds 1-2_Week 6_8_2,2026-05-07 05:57:00,26.09,LCK CL 2026 Rounds 1-2,Hanwha Life Esports Challengers,Kiwoom DRX Challengers,Hanwha Life Esports Challengers,"[""Varus"", ""Annie"", ""Karma"", ""Ryze"", ""Viktor""]","[""Jarvan IV"", ""Pantheon"", ""Rumble"", ""Jayce"", ""Vayne""]","[""Vi"", ""Lucian"", ""Milio"", ""Renekton"", ""Mel""]","[""Xin Zhao"", ""Ashe"", ""Seraphine"", ""Aurora"", ""K'Sante""]",[],[],1,leaguepedia_cargo_patch_range,0
LCK CL/2026 Season/Rounds 1-2_Week 6_6_3,2026-05-07 06:48:00,26.09,LCK CL 2026 Rounds 1-2,Gen.G Global Academy,BNK FEARX Youth,BNK FEARX Youth,"[""Ryze"", ""Skarner"", ""Ezreal"", ""Dr. Mundo"", ""Vayne""]","[""Rumble"", ""Pantheon"", ""Varus"", ""Wukong"", ""Lee Sin""]","[""Orianna"", ""Bard"", ""Miss Fortune"", ""Renekton"", ""Naafiri""]","[""Jhin"", ""Karma"", ""Azir"", ""Trundle"", ""Sion""]",[],[],0,leaguepedia_cargo_patch_range,1
LCK/2026 Season/Rounds 1-2_Week 6_3_1,2026-05-07 08:07:00,26.09,LCK 2026 Rounds 1-2,KT Rolster,Dplus Kia,KT Rolster,"[""Varus"", ""Nocturne"", ""Nautilus"", ""Azir"", ""Gwen""]","[""Rumble"", ""Lucian"", ""Karma"", ""Ezreal"", ""Caitlyn""]","[""Orianna"", ""Xin Zhao"", ""Bard"", ""Jhin"", ""Sion""]","[""Ashe"", ""Jarvan IV"", ""Seraphine"", ""Ryze"", ""Zaahen""]",[],[],1,leaguepedia_cargo_patch_range,0
LCK/2026 Season/Rounds 1-2_Week 6_3_2,2026-05-07 09:02:00,26.09,LCK 2026 Rounds 1-2,KT Rolster,Dplus Kia,KT Rolster,"[""Varus"", ""Nocturne"", ""Nautilus"", ""Vi"", ""Pantheon""]","[""Rumble"", ""Lucian"", ""Karma"", ""Twisted Fate"", ""Lee Sin""]","[""Jayce"", ""Caitlyn"", ""Lux"", ""Viktor"", ""Skarner""]","[""Yunara"", ""Lulu"", ""Yorick"", ""Naafiri"", ""Taliyah""]",[],[],1,leaguepedia_cargo_patch_range,0
Esports World Cup 2026/Online Qualifiers/Asia-Pacific_Round 2_1_1,2026-05-07 09:08:00,26.09,Esports World Cup 2026 Online Qualifier: Asia-Pacific,Team Secret (Vietnamese Team),GAM Esports,Team Secret (Vietnamese Team),"[""Ezreal"", ""Orianna"", ""Varus"", ""Lucian"", ""Bard""]","[""Rumble"", ""Nocturne"", ""Pantheon"", ""Caitlyn"", ""Nautilus""]","[""Ryze"", ""Lee Sin"", ""Jayce"", ""Jhin"", ""Pyke""]","[""Anivia"", ""Jarvan IV"", ""Yorick"", ""Karma"", ""Sivir""]",[],[],1,leaguepedia_cargo_patch_range,0
Esports World Cup 2026/Online Qualifiers/Asia-Pacific_Round 2_2_1,2026-05-07 09:08:00,26.09,Esports World Cup 2026 Online Qualifier: Asia-Pacific,Fukuoka SoftBank HAWKS gaming,CTBC Flying Oyster,Fukuoka SoftBank HAWKS gaming,"[""Orianna"", ""Varus"", ""Ashe"", ""Corki"", ""Lulu""]","[""Ezreal"", ""Nocturne"", ""Lucian"", ""Caitlyn"", ""Nautilus""]","[""Rumble"", ""Lee Sin"", ""Aurora"", ""Alistar"", ""Kai'Sa""]","[""K'Sante"", ""Jarvan IV"", ""Ryze"", ""Yunara"", ""Poppy""]",[],[],1,leaguepedia_cargo_patch_range,0
LPL/2026 Season/Split 2_Week 6_3_1,2026-05-07 09:12:00,26.09,LPL 2026 Split 2,Team WE,Weibo Gaming,Weibo Gaming,"[""Ezreal"", ""Bard"", ""Varus"", ""Jhin"", ""Nautilus""]","[""Ashe"", ""Ambessa"", ""Karma"", ""Lulu"", ""Lucian""]","[""Orianna"", ""Nocturne"", ""Sion"", ""Yunara"", ""Nami""]","[""Rumble"", ""Jarvan IV"", ""Akali"", ""Corki"", ""Rakan""]",[],[],0,leaguepedia_cargo_patch_range,1
Esports World Cup 2026/Online Qualifiers/Asia-Pacific_Round 2_2_2,2026-05-07 09:55:00,26.09,Esports World Cup 2026 Online Qualifier: Asia-Pacific,Fukuoka SoftBank HAWKS gaming,CTBC Flying Oyster,CTBC Flying Oyster,"[""Pyke"", ""Varus"", ""Orianna"", ""Cassiopeia"", ""Mel""]","[""Ezreal"", ""Nocturne"", ""Nautilus"", ""Viktor"", ""Akali""]","[""Ashe"", ""Xin Zhao"", ""Seraphine"", ""Renekton"", ""Ahri""]","[""Zeri"", ""Yuumi"", ""Skarner"", ""Taliyah"", ""Zaahen""]",[],[],0,leaguepedia_cargo_patch_range,1
LPL/2026 Season/Split 2_Week 6_3_2,2026-05-07 10:10:00,26.09,LPL 2026 Split 2,Team WE,Weibo Gaming,Team WE,"[""Karma"", ""Vi"", ""Xin Zhao"", ""Jhin"", ""Sivir""]","[""Ashe"", ""Varus"", ""Lucian"", ""Nautilus"", ""Seraphine""]","[""Ezreal"", ""Pantheon"", ""Annie"", ""Neeko"", ""Renekton""]","[""Bard"", ""Ryze"", ""Lee Sin"", ""Caitlyn"", ""K'Sante""]",[],[],1,leaguepedia_cargo_patch_range,0
Esports World Cup 2026/Online Qualifiers/Asia-Pacific_Round 2_1_2,2026-05-07 10:18:00,26.09,Esports World Cup 2026 Online Qualifier: Asia-Pacific,Team Secret (Vietnamese Team),GAM Esports,Team Secret (Vietnamese Team),"[""Nocturne"", ""Pantheon"", ""Ambessa"", ""Milio"", ""Braum""]","[""Varus"", ""Caitlyn"", ""Rumble"", ""Naafiri"", ""Vi""]","[""Ezreal"", ""Nautilus"", ""Akali"", ""Trundle"", ""Jax""]","[""Lucian"", ""Orianna"", ""Xin Zhao"", ""Leona"", ""Gnar""]",[],[],1,leaguepedia_cargo_patch_range,0
LCK/2026 Season/Rounds 1-2_Week 6_4_1,2026-05-07 10:30:00,26.09,LCK 2026 Rounds 1-2,BNK FEARX,HANJIN BRION,HANJIN BRION,"[""Varus"", ""Lee Sin"", ""Karma"", ""Akali"", ""Azir""]","[""Rumble"", ""Orianna"", ""Jarvan IV"", ""Annie"", ""Jayce""]","[""Nocturne"", ""Neeko"", ""Jhin"", ""Gnar"", ""Ryze""]","[""Bard"", ""Ezreal"", ""Pantheon"", ""Renekton"", ""Anivia""]",[],[],0,leaguepedia_cargo_patch_range,1
Esports World Cup 2026/Online Qualifiers/Asia-Pacific_Round 2_2_3,2026-05-07 10:49:00,26.09,Esports World Cup 2026 Online Qualifier: Asia-Pacific,CTBC Flying Oyster,Fukuoka SoftBank HAWKS gaming,Fukuoka SoftBank HAWKS gaming,"[""Nocturne"", ""Nautilus"", ""Pantheon"", ""Caitlyn"", ""Gwen""]","[""Ezreal"", ""Pyke"", ""Vi"", ""Naafiri"", ""Yorick""]","[""Orianna"", ""Lucian"", ""Milio"", ""Sion"", ""Malphite""]","[""Akali"", ""Varus"", ""Wukong"", ""Rell"", ""Miss Fortune""]",[],[],0,leaguepedia_cargo_patch_range,1
LCK/2026 Season/Rounds 1-2_Week 6_4_2,2026-05-07 11:22:00,26.09,LCK 2026 Rounds 1-2,HANJIN BRION,BNK FEARX,HANJIN BRION,"[""Varus"", ""Caitlyn"", ""Lee Sin"", ""Vayne"", ""Akali""]","[""Rumble"", ""Orianna"", ""Jarvan IV"", ""Jayce"", ""Annie""]","[""Lucian"", ""Trundle"", ""Milio"", ""Aurora"", ""Zaahen""]","[""Ashe"", ""Seraphine"", ""Vi"", ""Ambessa"", ""Ahri""]",[],[],1,leaguepedia_cargo_patch_range,0
LPL/2026 Season/Split 2_Week 6_3_3,2026-05-07 11:23:00,26.09,LPL 2026 Split 2,Team WE,Weibo Gaming,Weibo Gaming,"[""Ashe"", ""Xin Zhao"", ""Azir"", ""LeBlanc"", ""Aurora""]","[""Varus"", ""Twisted Fate"", ""Vi"", ""Yorick"", ""Ambessa""]","[""Karma"", ""Jhin"", ""Cassiopeia"", ""Trundle"", ""Vayne""]","[""Lucian"", ""Milio"", ""Jayce"", ""Mel"", ""Naafiri""]",[],[],0,leaguepedia_cargo_patch_range,1
LPL/2026 Season/Split 2_Week 6_4_1,2026-05-07 12:39:00,26.09,LPL 2026 Split 2,Anyone's Legend,Ninjas in Pyjamas.CN,Ninjas in Pyjamas.CN,"[""Ezreal"", ""Seraphine"", ""Jarvan IV"", ""Ryze"", ""Yone""]","[""Orianna"", ""Milio"", ""Varus"", ""Lulu"", ""Nautilus""]","[""Annie"", ""Nocturne"", ""Sion"", ""Corki"", ""Nami""]","[""Jhin"", ""Rumble"", ""Bard"", ""Azir"", ""Skarner""]",[],[],0,leaguepedia_cargo_patch_range,1
Hellenic Legends League/2026 Season/Spring Split_Week 6_5_1,2026-05-07 13:15:00,26.09,HLL 2026 Spring,Team Phantasma,WLGaming Esports,Team Phantasma,"[""Jarvan IV"", ""Nautilus"", ""Aurora"", ""Annie"", ""LeBlanc""]","[""Ryze"", ""Karma"", ""Orianna"", ""Lulu"", ""Lucian""]","[""Nocturne"", ""Rumble"", ""Ahri"", ""Corki"", ""Nami""]","[""Pantheon"", ""Ezreal"", ""Sion"", ""Zoe"", ""Neeko""]",[],[],1,leaguepedia_cargo_patch_range,0
LPL/2026 Season/Split 2_Week 6_4_2,2026-05-07 13:36:00,26.09,LPL 2026 Split 2,Ninjas in Pyjamas.CN,Anyone's Legend,Ninjas in Pyjamas.CN,"[""Vi"", ""Seraphine"", ""Varus"", ""Ryze"", ""Vayne""]","[""Orianna"", ""Ezreal"", ""Jarvan IV"", ""Cassiopeia"", ""LeBlanc""]","[""Milio"", ""Pantheon"", ""Sivir"", ""Mel"", ""Gnar""]","[""Lucian"", ""Nautilus"", ""Lee Sin"", ""Twisted Fate"", ""Jayce""]",[],[],1,leaguepedia_cargo_patch_range,0
Hellenic Legends League/2026 Season/Spring Split_Week 6_5_2,2026-05-07 14:28:00,26.09,HLL 2026 Spring,WLGaming Esports,Team Phantasma,Team Phantasma,"[""Azir"", ""Nautilus"", ""Seraphine"", ""Vi"", ""Jayce""]","[""Orianna"", ""Karma"", ""Jarvan IV"", ""Aurora"", ""Yorick""]","[""Ryze"", ""Lulu"", ""Yunara"", ""Xin Zhao"", ""Kennen""]","[""Bard"", ""Caitlyn"", ""Anivia"", ""Varus"", ""Dr. Mundo""]",[],[],0,leaguepedia_cargo_patch_range,1
TCL/2026 Season/Spring Split_Week 5_5_1,2026-05-07 14:31:00,26.09,TCL 2026 Spring,Misa Esports,Dark Passage,Misa Esports,"[""Jarvan IV"", ""Nautilus"", ""Darius"", ""Yunara"", ""Varus""]","[""Ambessa"", ""Karma"", ""Seraphine"", ""Rell"", ""Rakan""]","[""Orianna"", ""Xin Zhao"", ""Sion"", ""Ezreal"", ""Bard""]","[""Pantheon"", ""Ahri"", ""Garen"", ""Jhin"", ""Pyke""]",[],[],1,leaguepedia_cargo_patch_range,0
Prime League 1st Division/2026 Season/Spring Split_Week 6_5_1,2026-05-07 15:08:00,26.09,PRM 1st Division 2026 Spring,Eintracht Frankfurt,Eintracht Spandau,Eintracht Spandau,"[""Nautilus"", ""Ryze"", ""Bard"", ""Pantheon"", ""Varus""]","[""Jarvan IV"", ""Xin Zhao"", ""Karma"", ""Nocturne"", ""Vi""]","[""Orianna"", ""Kai'Sa"", ""Neeko"", ""Wukong"", ""Jayce""]","[""Azir"", ""Ezreal"", ""Nami"", ""Aatrox"", ""Sion""]",[],[],0,leaguepedia_cargo_patch_range,1
LES/2026 Season/Spring Split_Week 5_3_1,2026-05-07 15:10:00,26.09,LES 2026 Spring,UB Alma Mater,UCAM Esports,UCAM Esports,"[""Pyke"", ""Nocturne"", ""Orianna"", ""Neeko"", ""Ryze""]","[""K'Sante"", ""Akali"", ""Xin Zhao"", ""Sivir"", ""Smolder""]","[""Rumble"", ""Jarvan IV"", ""Bard"", ""Xayah"", ""Aurora""]","[""Ambessa"", ""Pantheon"", ""Ezreal"", ""Nautilus"", ""LeBlanc""]",[],[],0,leaguepedia_cargo_patch_range,1
TCL/2026 Season/Spring Split_Week 5_5_2,2026-05-07 15:20:00,26.09,TCL 2026 Spring,Misa Esports,Dark Passage,Misa Esports,"[""Nautilus"", ""Jarvan IV"", ""Darius"", ""Ornn"", ""Rell""]","[""Ambessa"", ""Karma"", ""Seraphine"", ""Ashe"", ""Caitlyn""]","[""Nocturne"", ""Rumble"", ""Akali"", ""Lucian"", ""Milio""]","[""Dr. Mundo"", ""Azir"", ""Xayah"", ""Tahm Kench"", ""Soraka""]",[],[],1,leaguepedia_cargo_patch_range,0
Rift Legends/2026 Season/Spring Split_Week 5_5_1,2026-05-07 15:22:00,26.09,Rift Legends 2026 Spring,Bomba Team,GLORE,Bomba Team,"[""Nautilus"", ""Jarvan IV"", ""Varus"", ""Lucian"", ""Corki""]","[""Pantheon"", ""Karma"", ""Nunu &amp; Willump"", ""Bard"", ""Pyke""]","[""Xin Zhao"", ""Ezreal"", ""Ahri"", ""Leona"", ""Jayce""]","[""Wukong"", ""Aurora"", ""Nami"", ""Brand"", ""K'Sante""]",[],[],1,leaguepedia_cargo_patch_range,0
Hellenic Legends League/2026 Season/Spring Split_Week 6_6_1,2026-05-07 15:30:00,26.09,HLL 2026 Spring,Spartans EU,Gamespace Mediterranean College Esports,Spartans EU,"[""Nocturne"", ""Yunara"", ""Varus"", ""Shen"", ""K'Sante""]","[""Rumble"", ""Orianna"", ""Akali"", ""Fiora"", ""Jarvan IV""]","[""Caitlyn"", ""Nautilus"", ""Ryze"", ""Sion"", ""Vi""]","[""Ezreal"", ""Karma"", ""Hwei"", ""Xin Zhao"", ""Gwen""]",[],[],1,leaguepedia_cargo_patch_range,0
LES/2026 Season/Spring Split_Week 5_3_2,2026-05-07 15:59:00,26.09,LES 2026 Spring,UB Alma Mater,UCAM Esports,UCAM Esports,"[""Pyke"", ""Orianna"", ""Nocturne"", ""Renata Glasc"", ""Neeko""]","[""K'Sante"", ""Akali"", ""Wukong"", ""Alistar"", ""Rell""]","[""Sion"", ""Aatrox"", ""Ryze"", ""Ziggs"", ""Maokai""]","[""Jayce"", ""Xin Zhao"", ""Anivia"", ""Kalista"", ""Leona""]",[],[],0,leaguepedia_cargo_patch_range,1
Prime League 1st Division/2026 Season/Spring Split_Week 6_5_2,2026-05-07 16:06:00,26.09,PRM 1st Division 2026 Spring,Eintracht Spandau,Eintracht Frankfurt,Eintracht Spandau,"[""Ryze"", ""Nautilus"", ""Jarvan IV"", ""Aurora"", ""Viktor""]","[""Varus"", ""Karma"", ""Bard"", ""Syndra"", ""Hwei""]","[""Lucian"", ""Skarner"", ""Milio"", ""Rumble"", ""Anivia""]","[""Pantheon"", ""Yunara"", ""Lulu"", ""Annie"", ""Gnar""]",[],[],1,leaguepedia_cargo_patch_range,0
Esports Balkan League/2026 Season/Spring Playoffs_Round 1_3_1,2026-05-07 16:09:00,26.09,EBL 2026 Spring Playoffs,Washed Gaming,Magaza Esports,Magaza Esports,"[""Aatrox"", ""LeBlanc"", ""Zaahen"", ""Aurora"", ""Gnar""]","[""Orianna"", ""Karma"", ""Akali"", ""Syndra"", ""K'Sante""]","[""Seraphine"", ""Wukong"", ""Ashe"", ""Renekton"", ""Azir""]","[""Lucian"", ""Xin Zhao"", ""Milio"", ""Mel"", ""Ornn""]",[],[],0,leaguepedia_cargo_patch_range,1
LFL/2026 Season/Spring Playoffs_Round 1_3_1,2026-05-07 16:09:00,26.09,LFL 2026 Spring Playoffs,Galions,Vitality.Bee,Galions,"[""Nautilus"", ""Sion"", ""Ahri"", ""Zoe"", ""Aurora""]","[""Orianna"", ""Pantheon"", ""Xin Zhao"", ""Jayce"", ""Varus""]","[""Jarvan IV"", ""Ashe"", ""Seraphine"", ""Rumble"", ""Viktor""]","[""Ezreal"", ""Vi"", ""Bard"", ""Mel"", ""Ambessa""]",[],[],1,leaguepedia_cargo_patch_range,0
LIT/2026 Season/Spring Playoffs_Semifinals_1_1,2026-05-07 16:09:00,26.09,LIT 2026 Spring Playoffs,HMBLE,Colossal Gaming,HMBLE,"[""Akali"", ""Orianna"", ""Ezreal"", ""Syndra"", ""Aurora""]","[""Xin Zhao"", ""Pantheon"", ""Lulu"", ""Aatrox"", ""Gnar""]","[""Lee Sin"", ""Lucian"", ""Milio"", ""Ryze"", ""Gwen""]","[""Jarvan IV"", ""Corki"", ""Nami"", ""K'Sante"", ""LeBlanc""]",[],[],1,leaguepedia_cargo_patch_range,0
Rift Legends/2026 Season/Spring Split_Week 5_5_2,2026-05-07 16:12:00,26.09,Rift Legends 2026 Spring,Bomba Team,GLORE,Bomba Team,"[""Nautilus"", ""Varus"", ""Nidalee"", ""Lulu"", ""Seraphine""]","[""Pantheon"", ""Nunu &amp; Willump"", ""Karma"", ""Caitlyn"", ""Jhin""]","[""Ryze"", ""Jarvan IV"", ""Bard"", ""Yasuo"", ""Smolder""]","[""Ashe"", ""Hwei"", ""Graves"", ""Rakan"", ""Viktor""]",[],[],1,leaguepedia_cargo_patch_range,0
Hellenic Legends League/2026 Season/Spring Split_Week 6_6_2,2026-05-07 16:23:00,26.09,HLL 2026 Spring,Gamespace Mediterranean College Esports,Spartans EU,Spartans EU,"[""Fiora"", ""Jarvan IV"", ""Akali"", ""Orianna"", ""Aurora""]","[""Nocturne"", ""Varus"", ""Yunara"", ""Milio"", ""Ahri""]","[""Rumble"", ""Lucian"", ""Dr. Mundo"", ""Yuumi"", ""Zed""]","[""Corki"", ""Pantheon"", ""Ornn"", ""Nami"", ""Viktor""]",[],[],0,leaguepedia_cargo_patch_range,1
TCL/2026 Season/Spring Split_Week 5_6_1,2026-05-07 16:23:00,26.09,TCL 2026 Spring,Bushido Wildcats,PCIFIC Esports,PCIFIC Esports,"[""Ezreal"", ""Nami"", ""Xin Zhao"", ""Sion"", ""Galio""]","[""Orianna"", ""Pantheon"", ""Ashe"", ""Wukong"", ""Zaahen""]","[""Karma"", ""Rumble"", ""Caitlyn"", ""Nocturne"", ""Aurora""]","[""Nautilus"", ""Jarvan IV"", ""Jhin"", ""Anivia"", ""Akali""]",[],[],0,leaguepedia_cargo_patch_range,1
Esports Balkan League/2026 Season/Spring Playoffs_Round 1_3_2,2026-05-07 16:53:00,26.09,EBL 2026 Spring Playoffs,Magaza Esports,Washed Gaming,Magaza Esports,"[""Karma"", ""Akali"", ""LeBlanc"", ""Skarner"", ""Dr. Mundo""]","[""Aatrox"", ""Zaahen"", ""Orianna"", ""Aurora"", ""Neeko""]","[""Ambessa"", ""Shaco"", ""Ezreal"", ""Ryze"", ""Jarvan IV""]","[""Lulu"", ""Yunara"", ""K'Sante"", ""Vi"", ""Syndra""]",[],[],1,leaguepedia_cargo_patch_range,0
LFL/2026 Season/Spring Playoffs_Round 1_3_2,2026-05-07 16:54:00,26.09,LFL 2026 Spring Playoffs,Galions,Vitality.Bee,Galions,"[""Nautilus"", ""Sion"", ""Karma"", ""Wukong"", ""Varus""]","[""Orianna"", ""Pantheon"", ""Xin Zhao"", ""Jayce"", ""LeBlanc""]","[""Yunara"", ""Lulu"", ""Nocturne"", ""Ryze"", ""Renekton""]","[""Caitlyn"", ""Anivia"", ""Ahri"", ""Naafiri"", ""Fiora""]",[],[],1,leaguepedia_cargo_patch_range,0
LES/2026 Season/Spring Split_Week 5_4_1,2026-05-07 16:55:00,26.09,LES 2026 Spring,Team Heretics Academy,Movistar KOI Fénix,Team Heretics Academy,"[""Orianna"", ""Karma"", ""Ryze"", ""Gwen"", ""Varus""]","[""Nautilus"", ""Rumble"", ""Jarvan IV"", ""Sion"", ""LeBlanc""]","[""Gnar"", ""Nocturne"", ""Ahri"", ""Caitlyn"", ""Bard""]","[""Ambessa"", ""Pantheon"", ""Aurora"", ""Jhin"", ""Neeko""]",[],[],1,leaguepedia_cargo_patch_range,0
LIT/2026 Season/Spring Playoffs_Semifinals_1_2,2026-05-07 16:56:00,26.09,LIT 2026 Spring Playoffs,HMBLE,Colossal Gaming,HMBLE,"[""Akali"", ""Orianna"", ""Nautilus"", ""Yorick"", ""Malphite""]","[""Rumble"", ""Xin Zhao"", ""Pantheon"", ""Mel"", ""Jayce""]","[""Ezreal"", ""Nocturne"", ""Neeko"", ""Vayne"", ""Twisted Fate""]","[""Smolder"", ""Karma"", ""Ahri"", ""Gnar"", ""Kayn""]",[],[],1,leaguepedia_cargo_patch_range,0
Prime League 1st Division/2026 Season/Spring Split_Week 6_6_1,2026-05-07 17:09:00,26.09,PRM 1st Division 2026 Spring,Berlin International Gaming,Kaufland Hangry Knights,Berlin International Gaming,"[""Vi"", ""Nocturne"", ""Jayce"", ""Ahri"", ""LeBlanc""]","[""Orianna"", ""Karma"", ""Pantheon"", ""Cassiopeia"", ""Aurora""]","[""Jarvan IV"", ""Lucian"", ""Milio"", ""Rumble"", ""Yone""]","[""Ezreal"", ""Bard"", ""Naafiri"", ""Azir"", ""Ornn""]",[],[],1,leaguepedia_cargo_patch_range,0
Road Of Legends/2026 Season/Spring Split_Week 6_3_1,2026-05-07 17:13:00,26.09,Road Of Legends 2026 Spring,Senshi eSports (Benelux Team),Once Upon A Team,Senshi eSports (Benelux Team),"[""Dr. Mundo"", ""Nautilus"", ""Akali"", ""Jhin"", ""Draven""]","[""Orianna"", ""Karma"", ""Pantheon"", ""Nami"", ""Lulu""]","[""Rumble"", ""Xin Zhao"", ""Viktor"", ""Lucian"", ""Milio""]","[""Jarvan IV"", ""K'Sante"", ""Zoe"", ""Ashe"", ""Seraphine""]",[],[],1,leaguepedia_cargo_patch_range,0
TCL/2026 Season/Spring Split_Week 5_6_2,2026-05-07 17:18:00,26.09,TCL 2026 Spring,PCIFIC Esports,Bushido Wildcats,Bushido Wildcats,"[""Pantheon"", ""LeBlanc"", ""Ashe"", ""Lucian"", ""Tristana""]","[""Orianna"", ""Ezreal"", ""Nami"", ""Gnar"", ""Annie""]","[""Lulu"", ""Aatrox"", ""Yunara"", ""K'Sante"", ""Azir""]","[""Xin Zhao"", ""Ahri"", ""Sion"", ""Neeko"", ""Kai'Sa""]",[],[],0,leaguepedia_cargo_patch_range,1
Rift Legends/2026 Season/Spring Split_Week 5_6_1,2026-05-07 17:23:00,26.09,Rift Legends 2026 Spring,LODIS (Polish Team),Anonymo Esports,Anonymo Esports,"[""Yasuo"", ""Ezreal"", ""Akali"", ""Ornn"", ""Ahri""]","[""Aatrox"", ""Ryze"", ""Ashe"", ""K'Sante"", ""Nocturne""]","[""Orianna"", ""Lucian"", ""Milio"", ""Sion"", ""Naafiri""]","[""Caitlyn"", ""Jarvan IV"", ""Karma"", ""Galio"", ""Gnar""]",[],[],0,leaguepedia_cargo_patch_range,1
LIT/2026 Season/Spring Playoffs_Semifinals_1_3,2026-05-07 17:41:00,26.09,LIT 2026 Spring Playoffs,HMBLE,Colossal Gaming,HMBLE,"[""Akali"", ""Orianna"", ""Hecarim"", ""Naafiri"", ""Syndra""]","[""Rumble"", ""Pantheon"", ""Ashe"", ""Taliyah"", ""Galio""]","[""Jayce"", ""Kalista"", ""Renata Glasc"", ""Poppy"", ""Cassiopeia""]","[""Kai'Sa"", ""Zaahen"", ""Rell"", ""Aurora"", ""Yorick""]",[],[],1,leaguepedia_cargo_patch_range,0
Esports Balkan League/2026 Season/Spring Playoffs_Round 1_4_1,2026-05-07 17:44:00,26.09,EBL 2026 Spring Playoffs,The Secret Club,Team Spawn Peek,The Secret Club,"[""Akali"", ""Skarner"", ""Jarvan IV"", ""Lucian"", ""Illaoi""]","[""Orianna"", ""Seraphine"", ""Karma"", ""Ambessa"", ""Ezreal""]","[""Ryze"", ""Pantheon"", ""Bard"", ""Jhin"", ""Rumble""]","[""Syndra"", ""Xin Zhao"", ""Nami"", ""Corki"", ""Ornn""]",[],[],1,leaguepedia_cargo_patch_range,0
LES/2026 Season/Spring Split_Week 5_4_2,2026-05-07 17:44:00,26.09,LES 2026 Spring,Movistar KOI Fénix,Team Heretics Academy,Team Heretics Academy,"[""Nautilus"", ""Rumble"", ""Jarvan IV"", ""Skarner"", ""LeBlanc""]","[""Orianna"", ""Karma"", ""Ryze"", ""Sion"", ""Viktor""]","[""Ashe"", ""Xin Zhao"", ""Seraphine"", ""Yorick"", ""Azir""]","[""Ezreal"", ""Jayce"", ""Anivia"", ""Mel"", ""Shen""]",[],[],0,leaguepedia_cargo_patch_range,1
LFL/2026 Season/Spring Playoffs_Round 1_4_1,2026-05-07 17:54:00,26.09,LFL 2026 Spring Playoffs,ZYB Esport,Solary,Solary,"[""Jarvan IV"", ""Varus"", ""Nautilus"", ""Jayce"", ""Annie""]","[""Orianna"", ""Rumble"", ""Caitlyn"", ""Syndra"", ""K'Sante""]","[""Karma"", ""Vayne"", ""Jax"", ""Azir"", ""Gnar""]","[""Ezreal"", ""Xin Zhao"", ""Nami"", ""Anivia"", ""Taliyah""]",[],[],0,leaguepedia_cargo_patch_range,1
Prime League 1st Division/2026 Season/Spring Split_Week 6_6_2,2026-05-07 17:59:00,26.09,PRM 1st Division 2026 Spring,Berlin International Gaming,Kaufland Hangry Knights,Berlin International Gaming,"[""Vi"", ""Nocturne"", ""Nautilus"", ""Aurora"", ""Jayce""]","[""Orianna"", ""Karma"", ""Pantheon"", ""Aatrox"", ""Wukong""]","[""Seraphine"", ""Ashe"", ""Cassiopeia"", ""Sion"", ""Qiyana""]","[""Xin Zhao"", ""Lulu"", ""Yunara"", ""Viktor"", ""Yorick""]",[],[],1,leaguepedia_cargo_patch_range,0
Road Of Legends/2026 Season/Spring Split_Week 6_4_1,2026-05-07 18:08:00,26.09,Road Of Legends 2026 Spring,Frites Esports Club,Myth Esports,Frites Esports Club,"[""Aphelios"", ""Naafiri"", ""Nautilus"", ""LeBlanc"", ""Akali""]","[""Orianna"", ""Karma"", ""Ezreal"", ""Caitlyn"", ""Ashe""]","[""Jarvan IV"", ""Rumble"", ""Aurora"", ""Xayah"", ""Rakan""]","[""Yunara"", ""Vi"", ""Sion"", ""Ahri"", ""Lulu""]",[],[],1,leaguepedia_cargo_patch_range,0
LPLOL/2026 Season/Spring Split_Week 2_1_1,2026-05-07 18:09:00,26.09,LPLOL 2026 Spring,Dream Esports,Ronaldo Team,Dream Esports,"[""Jarvan IV"", ""Nautilus"", ""Ashe"", ""Vayne"", ""Aurora""]","[""Naafiri"", ""Graves"", ""Riven"", ""Gwen"", ""Syndra""]","[""Ambessa"", ""Smolder"", ""Karma"", ""Dr. Mundo"", ""Ahri""]","[""Vi"", ""Kalista"", ""Renata Glasc"", ""Sion"", ""Taliyah""]",[],[],1,leaguepedia_cargo_patch_range,0
Road Of Legends/2026 Season/Spring Split_Week 6_3_2,2026-05-07 18:10:00,26.09,Road Of Legends 2026 Spring,Once Upon A Team,Senshi eSports (Benelux Team),Senshi eSports (Benelux Team),"[""Nautilus"", ""Nocturne"", ""Akali"", ""Lulu"", ""Varus""]","[""Dr. Mundo"", ""Karma"", ""Pantheon"", ""Draven"", ""Yasuo""]","[""Orianna"", ""Naafiri"", ""Jayce"", ""Alistar"", ""Smolder""]","[""Ambessa"", ""LeBlanc"", ""Irelia"", ""Kai'Sa"", ""Bard""]",[],[],0,leaguepedia_cargo_patch_range,1
TCL/2026 Season/Spring Split_Week 5_6_3,2026-05-07 18:12:00,26.09,TCL 2026 Spring,Bushido Wildcats,PCIFIC Esports,PCIFIC Esports,"[""Ezreal"", ""Ambessa"", ""Bard"", ""Gnar"", ""Malphite""]","[""Orianna"", ""Pantheon"", ""Ashe"", ""Renekton"", ""Ornn""]","[""Nami"", ""Viktor"", ""Corki"", ""Wukong"", ""Kennen""]","[""Lucian"", ""Ryze"", ""Milio"", ""Vi"", ""Yone""]",[],[],0,leaguepedia_cargo_patch_range,1
Rift Legends/2026 Season/Spring Split_Week 5_6_2,2026-05-07 18:35:00,26.09,Rift Legends 2026 Spring,Anonymo Esports,LODIS (Polish Team),Anonymo Esports,"[""Aatrox"", ""Jayce"", ""Yunara"", ""Xin Zhao"", ""Illaoi""]","[""Yasuo"", ""Ezreal"", ""Bard"", ""Ornn"", ""K'Sante""]","[""Ryze"", ""Ashe"", ""Neeko"", ""Nocturne"", ""Rumble""]","[""Seraphine"", ""Anivia"", ""Senna"", ""Skarner"", ""Swain""]",[],[],1,leaguepedia_cargo_patch_range,0
Esports Balkan League/2026 Season/Spring Playoffs_Round 1_4_2,2026-05-07 18:38:00,26.09,EBL 2026 Spring Playoffs,The Secret Club,Team Spawn Peek,The Secret Club,"[""Akali"", ""Skarner"", ""Jarvan IV"", ""Aurora"", ""Illaoi""]","[""Orianna"", ""Nocturne"", ""Vi"", ""Yone"", ""Hwei""]","[""Seraphine"", ""Pyke"", ""Jayce"", ""Anivia"", ""Sion""]","[""Ashe"", ""Karma"", ""Wukong"", ""Annie"", ""Ambessa""]",[],[],1,leaguepedia_cargo_patch_range,0
LFL/2026 Season/Spring Playoffs_Round 1_4_2,2026-05-07 18:46:00,26.09,LFL 2026 Spring Playoffs,ZYB Esport,Solary,Solary,"[""Jarvan IV"", ""Varus"", ""Ashe"", ""Yunara"", ""Alistar""]","[""Orianna"", ""Rumble"", ""Caitlyn"", ""Nautilus"", ""Kalista""]","[""Pantheon"", ""Cassiopeia"", ""Sion"", ""Jinx"", ""Thresh""]","[""Ryze"", ""Skarner"", ""Zaahen"", ""Bard"", ""Aphelios""]",[],[],0,leaguepedia_cargo_patch_range,1
Road Of Legends/2026 Season/Spring Split_Week 6_4_2,2026-05-07 18:57:00,26.09,Road Of Legends 2026 Spring,Frites Esports Club,Myth Esports,Frites Esports Club,"[""Aphelios"", ""Nautilus"", ""Dr. Mundo"", ""Yasuo"", ""Jayce""]","[""Orianna"", ""Karma"", ""Ezreal"", ""Wukong"", ""Gnar""]","[""Lucian"", ""Milio"", ""Anivia"", ""Akali"", ""Skarner""]","[""Rell"", ""Xin Zhao"", ""Kai'Sa"", ""Viktor"", ""Sett""]",[],[],1,leaguepedia_cargo_patch_range,0
LPLOL/2026 Season/Spring Split_Week 2_2_1,2026-05-07 19:13:00,26.09,LPLOL 2026 Spring,Crusaders,GTZ Esports,Crusaders,"[""Akali"", ""Caitlyn"", ""Hwei"", ""Corki"", ""K'Sante""]","[""Pantheon"", ""Karma"", ""Jayce"", ""Gnar"", ""Yunara""]","[""Orianna"", ""Naafiri"", ""Nautilus"", ""Ezreal"", ""Ambessa""]","[""Jarvan IV"", ""Viktor"", ""Braum"", ""Varus"", ""Ornn""]",[],[],1,leaguepedia_cargo_patch_range,0
North American Challengers League/2026 Season/Spring Season_Week 7_3_1,2026-05-07 20:07:00,26.09,NACL 2026 Spring,Blue Otter,Conviction,Conviction,"[""Ryze"", ""Jarvan IV"", ""Caitlyn"", ""Viktor"", ""Syndra""]","[""Orianna"", ""Karma"", ""Zoe"", ""Varus"", ""Ziggs""]","[""Pantheon"", ""Aurora"", ""Nautilus"", ""Jhin"", ""Rumble""]","[""Seraphine"", ""Ashe"", ""Xin Zhao"", ""Twisted Fate"", ""K'Sante""]",[],[],0,leaguepedia_cargo_patch_range,1
LPLOL/2026 Season/Spring Split_Week 2_3_1,2026-05-07 20:14:00,26.09,LPLOL 2026 Spring,Otter Side,Francesinhas,Otter Side,"[""Rengar"", ""Caitlyn"", ""Irelia"", ""Nocturne"", ""Jarvan IV""]","[""Xin Zhao"", ""Ryze"", ""Naafiri"", ""Syndra"", ""Taliyah""]","[""Karma"", ""Rumble"", ""Sivir"", ""Pantheon"", ""Ahri""]","[""Ezreal"", ""Orianna"", ""Sion"", ""Lee Sin"", ""Nami""]",[],[],1,leaguepedia_cargo_patch_range,0
North American Challengers League/2026 Season/Spring Season_Week 7_3_2,2026-05-07 20:57:00,26.09,NACL 2026 Spring,Blue Otter,Conviction,Blue Otter,"[""Caitlyn"", ""Ryze"", ""Ezreal"", ""Gwen"", ""Ambessa""]","[""Orianna"", ""Karma"", ""Nocturne"", ""Neeko"", ""Lulu""]","[""Jarvan IV"", ""Ahri"", ""Sion"", ""Xayah"", ""Rakan""]","[""Vi"", ""Lucian"", ""Nami"", ""Aatrox"", ""Lissandra""]",[],[],1,leaguepedia_cargo_patch_range,0
LPLOL/2026 Season/Spring Split_Week 2_4_1,2026-05-07 21:11:00,26.09,LPLOL 2026 Spring,Bubliki,ZeroZone Gaming,Bubliki,"[""Nautilus"", ""Syndra"", ""Jarvan IV"", ""Sivir"", ""Varus""]","[""Orianna"", ""Ashe"", ""Graves"", ""Volibear"", ""Ahri""]","[""Xin Zhao"", ""Nami"", ""Corki"", ""Hwei"", ""Ornn""]","[""Lee Sin"", ""Karma"", ""Aurora"", ""Jhin"", ""Zed""]",[],[],1,leaguepedia_cargo_patch_range,0
North American Challengers League/2026 Season/Spring Season_Week 7_3_3,2026-05-07 21:53:00,26.09,NACL 2026 Spring,Conviction,Blue Otter,Conviction,"[""Neeko"", ""Nocturne"", ""Dr. Mundo"", ""Annie"", ""Bard""]","[""Orianna"", ""Ryze"", ""Caitlyn"", ""Irelia"", ""Skarner""]","[""Karma"", ""Jayce"", ""Smolder"", ""Trundle"", ""Syndra""]","[""Ezreal"", ""Wukong"", ""Yorick"", ""Leona"", ""Zoe""]",[],[],1,leaguepedia_cargo_patch_range,0
North American Challengers League/2026 Season/Spring Season_Week 7_4_1,2026-05-07 22:52:00,26.09,NACL 2026 Spring,CCG Esports,NRG,CCG Esports,"[""Varus"", ""Bard"", ""Vi"", ""Rumble"", ""Gwen""]","[""Orianna"", ""Ezreal"", ""Nocturne"", ""Ornn"", ""Nami""]","[""Karma"", ""Xin Zhao"", ""Lucian"", ""Anivia"", ""Sion""]","[""Jarvan IV"", ""Ashe"", ""Seraphine"", ""Ryze"", ""Rek'Sai""]",[],[],1,leaguepedia_cargo_patch_range,0
North American Challengers League/2026 Season/Spring Season_Week 7_4_2,2026-05-07 23:47:00,26.09,NACL 2026 Spring,CCG Esports,NRG,NRG,"[""Varus"", ""Bard"", ""Vi"", ""Senna"", ""Nidalee""]","[""Orianna"", ""Nocturne"", ""Ornn"", ""K'Sante"", ""Yorick""]","[""Pantheon"", ""Neeko"", ""Ezreal"", ""Annie"", ""Skarner""]","[""Caitlyn"", ""Naafiri"", ""Rumble"", ""Aurora"", ""Morgana""]",[],[],0,leaguepedia_cargo_patch_range,1
North American Challengers League/2026 Season/Spring Season_Week 7_4_3,2026-05-08 00:41:00,26.09,NACL 2026 Spring,NRG,CCG Esports,NRG,"[""Varus"", ""Bard"", ""Vi"", ""Sivir"", ""Vayne""]","[""Orianna"", ""Nocturne"", ""Nami"", ""Ornn"", ""Gragas""]","[""Yunara"", ""Nautilus"", ""Jayce"", ""K'Sante"", ""Nidalee""]","[""Senna"", ""Wukong"", ""Viktor"", ""Leona"", ""Fiora""]",[],[],1,leaguepedia_cargo_patch_range,0
LCK CL/2026 Season/Rounds 1-2_Week 6_9_1,2026-05-08 05:07:00,26.09,LCK CL 2026 Rounds 1-2,KT Rolster Challengers,Dplus Kia Challengers,KT Rolster Challengers,"[""Varus"", ""Jarvan IV"", ""Nocturne"", ""Akali"", ""Gnar""]","[""Rumble"", ""Karma"", ""Azir"", ""Pantheon"", ""Sion""]","[""Orianna"", ""Ashe"", ""Seraphine"", ""K'Sante"", ""Xin Zhao""]","[""Ezreal"", ""Vi"", ""Bard"", ""LeBlanc"", ""Vayne""]",[],[],1,leaguepedia_cargo_patch_range,0
LCK CL/2026 Season/Rounds 1-2_Week 6_10_1,2026-05-08 05:09:00,26.09,LCK CL 2026 Rounds 1-2,HANJIN BRION Challengers,DN SOOPers Challengers,HANJIN BRION Challengers,"[""Varus"", ""Karma"", ""Ambessa"", ""Vayne"", ""Gwen""]","[""Orianna"", ""Jarvan IV"", ""Rumble"", ""Azir"", ""Jayce""]","[""Lulu"", ""Yunara"", ""Xin Zhao"", ""Sion"", ""Aurora""]","[""Nocturne"", ""Ashe"", ""Seraphine"", ""Gnar"", ""Syndra""]",[],[],1,leaguepedia_cargo_patch_range,0
LCK CL/2026 Season/Rounds 1-2_Week 6_9_2,2026-05-08 05:58:00,26.09,LCK CL 2026 Rounds 1-2,KT Rolster Challengers,Dplus Kia Challengers,KT Rolster Challengers,"[""Azir"", ""Karma"", ""Varus"", ""Lee Sin"", ""Pantheon""]","[""Rumble"", ""Nocturne"", ""Lulu"", ""Anivia"", ""Cassiopeia""]","[""Jarvan IV"", ""Yunara"", ""Nautilus"", ""Sion"", ""Akali""]","[""Lucian"", ""Milio"", ""Ryze"", ""Skarner"", ""Zaahen""]",[],[],1,leaguepedia_cargo_patch_range,0
LCK CL/2026 Season/Rounds 1-2_Week 6_10_2,2026-05-08 06:00:00,26.09,LCK CL 2026 Rounds 1-2,HANJIN BRION Challengers,DN SOOPers Challengers,DN SOOPers Challengers,"[""Varus"", ""Karma"", ""Lucian"", ""Vi"", ""Skarner""]","[""Orianna"", ""Jarvan IV"", ""Rumble"", ""K'Sante"", ""Yorick""]","[""Pantheon"", ""Azir"", ""Ezreal"", ""Rell"", ""Anivia""]","[""Bard"", ""Jhin"", ""Jayce"", ""Maokai"", ""Irelia""]",[],[],0,leaguepedia_cargo_patch_range,1
LCK CL/2026 Season/Rounds 1-2_Week 6_10_3,2026-05-08 06:45:00,26.09,LCK CL 2026 Rounds 1-2,HANJIN BRION Challengers,DN SOOPers Challengers,DN SOOPers Challengers,"[""Varus"", ""Karma"", ""Lucian"", ""Xayah"", ""Corki""]","[""Orianna"", ""Rumble"", ""Jarvan IV"", ""Renekton"", ""Vayne""]","[""Vi"", ""Kai'Sa"", ""Neeko"", ""K'Sante"", ""Akali""]","[""Wukong"", ""Annie"", ""Ambessa"", ""Aphelios"", ""Milio""]",[],[],0,leaguepedia_cargo_patch_range,1
LCK/2026 Season/Rounds 1-2_Week 6_5_1,2026-05-08 08:06:00,26.09,LCK 2026 Rounds 1-2,T1,DN SOOPers,T1,"[""Jarvan IV"", ""Varus"", ""Rumble"", ""Nautilus"", ""Pyke""]","[""Bard"", ""Karma"", ""Orianna"", ""Annie"", ""Aurora""]","[""Ashe"", ""Xin Zhao"", ""Seraphine"", ""Jayce"", ""Ahri""]","[""Ziggs"", ""Vi"", ""Yone"", ""Camille"", ""K'Sante""]",[],[],1,leaguepedia_cargo_patch_range,0
LCK/2026 Season/Rounds 1-2_Week 6_5_2,2026-05-08 08:52:00,26.09,LCK 2026 Rounds 1-2,T1,DN SOOPers,T1,"[""Rumble"", ""Varus"", ""Ezreal"", ""Pantheon"", ""Vayne""]","[""Bard"", ""Karma"", ""Lee Sin"", ""Kai'Sa"", ""Caitlyn""]","[""Orianna"", ""Jarvan IV"", ""Neeko"", ""Sivir"", ""Renekton""]","[""Akali"", ""Nocturne"", ""Jhin"", ""Rakan"", ""Gnar""]",[],[],1,leaguepedia_cargo_patch_range,0
LPL/2026 Season/Split 2_Week 6_5_1,2026-05-08 09:19:00,26.09,LPL 2026 Split 2,LNG Esports,Ultra Prime,LNG Esports,"[""Varus"", ""Bard"", ""Seraphine"", ""Cassiopeia"", ""Gnar""]","[""Orianna"", ""Rumble"", ""Pantheon"", ""Vi"", ""Nocturne""]","[""Karma"", ""Ezreal"", ""Ryze"", ""Jarvan IV"", ""Yorick""]","[""Xin Zhao"", ""Lucian"", ""Milio"", ""Annie"", ""Sion""]",[],[],1,leaguepedia_cargo_patch_range,0
LPL/2026 Season/Split 2_Week 6_5_2,2026-05-08 10:15:00,26.09,LPL 2026 Split 2,LNG Esports,Ultra Prime,Ultra Prime,"[""Varus"", ""Nocturne"", ""Gnar"", ""Skarner"", ""Jayce""]","[""Orianna"", ""Rumble"", ""Vi"", ""Akali"", ""Ambessa""]","[""Seraphine"", ""Pantheon"", ""Ashe"", ""Aurora"", ""Udyr""]","[""Bard"", ""Jhin"", ""Cassiopeia"", ""Lee Sin"", ""Vayne""]",[],[],0,leaguepedia_cargo_patch_range,1
LCK/2026 Season/Rounds 1-2_Week 6_6_1,2026-05-08 10:41:00,26.09,LCK 2026 Rounds 1-2,Gen.G,Kiwoom DRX,Gen.G,"[""Bard"", ""Varus"", ""Nocturne"", ""Nautilus"", ""Gwen""]","[""Orianna"", ""Rumble"", ""Xin Zhao"", ""Azir"", ""Jayce""]","[""Karma"", ""Jhin"", ""Pantheon"", ""Sion"", ""Anivia""]","[""Ezreal"", ""Jarvan IV"", ""Ryze"", ""Seraphine"", ""Gnar""]",[],[],1,leaguepedia_cargo_patch_range,0
LPL/2026 Season/Split 2_Week 6_5_3,2026-05-08 11:17:00,26.09,LPL 2026 Split 2,LNG Esports,Ultra Prime,LNG Esports,"[""Varus"", ""Gnar"", ""Skarner"", ""Maokai"", ""Sejuani""]","[""Orianna"", ""Rumble"", ""Vi"", ""Akali"", ""Twisted Fate""]","[""Nocturne"", ""Zeri"", ""Yuumi"", ""Ahri"", ""K'Sante""]","[""Yunara"", ""Lulu"", ""Yone"", ""Trundle"", ""Gwen""]",[],[],1,leaguepedia_cargo_patch_range,0
LCK/2026 Season/Rounds 1-2_Week 6_6_2,2026-05-08 11:32:00,26.09,LCK 2026 Rounds 1-2,Gen.G,Kiwoom DRX,Gen.G,"[""Varus"", ""Bard"", ""Nocturne"", ""Aurora"", ""Jayce""]","[""Orianna"", ""Rumble"", ""Caitlyn"", ""Trundle"", ""Lee Sin""]","[""Annie"", ""Kog'Maw"", ""Lulu"", ""Shen"", ""Naafiri""]","[""Lucian"", ""Milio"", ""Xin Zhao"", ""Renekton"", ""Viktor""]",[],[],1,leaguepedia_cargo_patch_range,0
LPL/2026 Season/Split 2_Week 6_6_1,2026-05-08 12:26:00,26.09,LPL 2026 Split 2,JD Gaming,Bilibili Gaming,Bilibili Gaming,"[""Varus"", ""Nocturne"", ""Ashe"", ""Twisted Fate"", ""Rumble""]","[""Orianna"", ""Annie"", ""Bard"", ""Ahri"", ""Cassiopeia""]","[""Ezreal"", ""Seraphine"", ""Vi"", ""Sion"", ""Aurora""]","[""Karma"", ""Jarvan IV"", ""Jhin"", ""Ryze"", ""Ambessa""]",[],[],0,leaguepedia_cargo_patch_range,1
LPL/2026 Season/Split 2_Week 6_6_2,2026-05-08 13:29:00,26.09,LPL 2026 Split 2,JD Gaming,Bilibili Gaming,Bilibili Gaming,"[""Nocturne"", ""Twisted Fate"", ""Lucian"", ""Cassiopeia"", ""Azir""]","[""Orianna"", ""Annie"", ""Varus"", ""Naafiri"", ""Trundle""]","[""Rumble"", ""Caitlyn"", ""Elise"", ""Pantheon"", ""Viktor""]","[""K'Sante"", ""Bard"", ""Miss Fortune"", ""Skarner"", ""Hwei""]",[],[],0,leaguepedia_cargo_patch_range,1
LEC/2026 Season/Spring Season_Week 7_1_1,2026-05-08 14:13:00,26.09,LEC 2026 Spring,G2 Esports,Karmine Corp,G2 Esports,"[""Nautilus"", ""Jarvan IV"", ""Seraphine"", ""Xin Zhao"", ""Gwen""]","[""Orianna"", ""Bard"", ""Rumble"", ""Caitlyn"", ""Sivir""]","[""Karma"", ""Pantheon"", ""Azir"", ""Jhin"", ""Sion""]","[""Ezreal"", ""Nami"", ""LeBlanc"", ""Skarner"", ""Kled""]",[],[],1,leaguepedia_cargo_patch_range,0
LEC/2026 Season/Spring Season_Week 7_1_2,2026-05-08 15:06:00,26.09,LEC 2026 Spring,G2 Esports,Karmine Corp,G2 Esports,"[""Nautilus"", ""Jarvan IV"", ""Anivia"", ""Yasuo"", ""Vayne""]","[""Orianna"", ""Rumble"", ""Varus"", ""Jayce"", ""Nocturne""]","[""Ashe"", ""Seraphine"", ""Ryze"", ""Xin Zhao"", ""Aurora""]","[""Caitlyn"", ""Bard"", ""Annie"", ""Gnar"", ""Olaf""]",[],[],1,leaguepedia_cargo_patch_range,0
Arabian League/2026 Season/Spring Split_Last Chance_1_1,2026-05-08 16:04:00,26.09,Arabian League 2026 Spring,Baam Esports,3BL Esports,3BL Esports,"[""Nautilus"", ""Rell"", ""Caitlyn"", ""Sion"", ""Anivia""]","[""Pantheon"", ""Nocturne"", ""Ezreal"", ""Orianna"", ""Akali""]","[""Karma"", ""Wukong"", ""Varus"", ""Galio"", ""Jhin""]","[""Yunara"", ""Xin Zhao"", ""Nami"", ""Viktor"", ""Malphite""]",[],[],0,leaguepedia_cargo_patch_range,1
LIT/2026 Season/Spring Playoffs_Round 4_1_1,2026-05-08 16:09:00,26.09,LIT 2026 Spring Playoffs,GMBLERS Esports,Zena Esports,Zena Esports,"[""Zaahen"", ""Karma"", ""Jarvan IV"", ""Taliyah"", ""Ahri""]","[""Smolder"", ""Senna"", ""Orianna"", ""Jax"", ""Darius""]","[""Ezreal"", ""Xin Zhao"", ""Nautilus"", ""Aurora"", ""Renekton""]","[""Nocturne"", ""Ashe"", ""Seraphine"", ""Gwen"", ""Galio""]",[],[],0,leaguepedia_cargo_patch_range,1
LEC/2026 Season/Spring Season_Week 7_2_1,2026-05-08 16:15:00,26.09,LEC 2026 Spring,Movistar KOI,GIANTX,Movistar KOI,"[""Seraphine"", ""Xin Zhao"", ""Jarvan IV"", ""Ahri"", ""Ornn""]","[""Orianna"", ""Pantheon"", ""Varus"", ""Ryze"", ""LeBlanc""]","[""Vi"", ""Ezreal"", ""Karma"", ""Rumble"", ""Viktor""]","[""Nocturne"", ""Caitlyn"", ""Nautilus"", ""Akali"", ""Sion""]",[],[],1,leaguepedia_cargo_patch_range,0
Prime League 2nd Division/2026 Season/Spring Split_Week 2_1_1,2026-05-08 16:16:00,26.09,PRM 2nd Division 25-26 Spring,Babos Gaming,LOOKSMAXXER,Babos Gaming,[],[],[],[],[],[],1,leaguepedia_cargo_patch_range,0
Prime League 2nd Division/2026 Season/Spring Split_Week 2_2_1,2026-05-08 16:16:00,26.09,PRM 2nd Division 25-26 Spring,Hannover Esports e.V.,All for One Gaming,All for One Gaming,[],[],[],[],[],[],0,leaguepedia_cargo_patch_range,1
LIT/2026 Season/Spring Playoffs_Round 4_1_2,2026-05-08 17:05:00,26.09,LIT 2026 Spring Playoffs,GMBLERS Esports,Zena Esports,GMBLERS Esports,"[""Zaahen"", ""Sion"", ""Varus"", ""Taliyah"", ""Syndra""]","[""Senna"", ""Orianna"", ""Smolder"", ""Jax"", ""Ahri""]","[""Yunara"", ""Vi"", ""Lulu"", ""Rumble"", ""Ryze""]","[""Pantheon"", ""Lucian"", ""Milio"", ""Aatrox"", ""Viktor""]",[],[],1,leaguepedia_cargo_patch_range,0
Prime League 2nd Division/2026 Season/Spring Split_Week 2_1_2,2026-05-08 17:05:00,26.09,PRM 2nd Division 25-26 Spring,Babos Gaming,LOOKSMAXXER,Babos Gaming,[],[],[],[],[],[],1,leaguepedia_cargo_patch_range,0
Prime League 2nd Division/2026 Season/Spring Split_Week 2_2_2,2026-05-08 17:09:00,26.09,PRM 2nd Division 25-26 Spring,Hannover Esports e.V.,All for One Gaming,Hannover Esports e.V.,[],[],[],[],[],[],1,leaguepedia_cargo_patch_range,0
Arabian League/2026 Season/Spring Split_Last Chance_1_2,2026-05-08 17:10:00,26.09,Arabian League 2026 Spring,3BL Esports,Baam Esports,Baam Esports,"[""Pyke"", ""Ezreal"", ""LeBlanc"", ""Nautilus"", ""Kled""]","[""Rell"", ""Pantheon"", ""Anivia"", ""Kai'Sa"", ""Caitlyn""]","[""Nocturne"", ""Aurora"", ""Neeko"", ""Tristana"", ""Sion""]","[""Jarvan IV"", ""Corki"", ""Ahri"", ""Bard"", ""K'Sante""]",[],[],0,leaguepedia_cargo_patch_range,1
Benelux Ascend Series/2026 Season/Spring Split_Week 6_3_1,2026-05-08 17:23:00,26.09,Benelux Ascend Series 2026 Spring,ZennIT Academy,Mind Blue eSports,Mind Blue eSports,"[""Varus"", ""Zoe"", ""Caitlyn"", ""Xin Zhao"", ""Jarvan IV""]",[],"[""Orianna"", ""Ezreal"", ""Karma"", ""Qiyana"", ""Ornn""]","[""Ashe"", ""Seraphine"", ""LeBlanc"", ""Pantheon"", ""Dr. Mundo""]",[],[],0,leaguepedia_cargo_patch_range,1
LEC/2026 Season/Spring Season_Week 7_2_2,2026-05-08 17:24:00,26.09,LEC 2026 Spring,Movistar KOI,GIANTX,Movistar KOI,"[""Seraphine"", ""Xin Zhao"", ""Nami"", ""Vayne"", ""Jayce""]","[""Orianna"", ""Pantheon"", ""Varus"", ""Annie"", ""Aurora""]","[""Jarvan IV"", ""Kalista"", ""Renata Glasc"", ""Shen"", ""Anivia""]","[""Lucian"", ""Milio"", ""Skarner"", ""Renekton"", ""Azir""]",[],[],1,leaguepedia_cargo_patch_range,0
Arabian League/2026 Season/Spring Split_Last Chance_1_3,2026-05-08 18:06:00,26.09,Arabian League 2026 Spring,Baam Esports,3BL Esports,Baam Esports,"[""Rell"", ""Anivia"", ""Ornn"", ""Syndra"", ""Akali""]","[""Ezreal"", ""Milio"", ""Rumble"", ""Kled"", ""Yorick""]","[""Pantheon"", ""Ashe"", ""Seraphine"", ""Aatrox"", ""Ryze""]","[""Skarner"", ""Caitlyn"", ""Nautilus"", ""Gnar"", ""Hwei""]",[],[],1,leaguepedia_cargo_patch_range,0
Benelux Ascend Series/2026 Season/Spring Split_Week 6_4_1,2026-05-08 18:09:00,26.09,Benelux Ascend Series 2026 Spring,Soul's Heart Esport,RED OUAT,RED OUAT,"[""Seraphine"", ""Orianna"", ""Jhin"", ""Aurora"", ""Ryze""]","[""Varus"", ""Karma"", ""Ambessa"", ""Viktor"", ""Akali""]","[""Caitlyn"", ""Milio"", ""Jarvan IV"", ""Galio"", ""Gnar""]","[""Pantheon"", ""Ashe"", ""Neeko"", ""Ahri"", ""Malphite""]",[],[],0,leaguepedia_cargo_patch_range,1
LIT/2026 Season/Spring Playoffs_Round 4_1_3,2026-05-08 18:09:00,26.09,LIT 2026 Spring Playoffs,Zena Esports,GMBLERS Esports,Zena Esports,"[""Orianna"", ""Senna"", ""Smolder"", ""Jax"", ""Annie""]","[""Zaahen"", ""Sion"", ""Corki"", ""Taliyah"", ""Ahri""]","[""Wukong"", ""Bard"", ""Sivir"", ""Akali"", ""Ambessa""]","[""Varus"", ""Jarvan IV"", ""Rell"", ""Malzahar"", ""K'Sante""]",[],[],1,leaguepedia_cargo_patch_range,0
Prime League 2nd Division/2026 Season/Spring Split_Week 2_2_3,2026-05-08 18:09:00,26.09,PRM 2nd Division 25-26 Spring,Hannover Esports e.V.,All for One Gaming,Hannover Esports e.V.,[],[],[],[],[],[],1,leaguepedia_cargo_patch_range,0
Arabian League 2nd Division/2026 Season/Spring Split_Week 5_2_1,2026-05-08 18:12:00,26.09,Arabian League 2nd Division 2026 Spring,NextGeneration Esports,Lunaris Esports (MENA Team),NextGeneration Esports,"[""Zoe"", ""Ambessa"", ""Orianna"", ""Fiora"", ""K'Sante""]","[""Karma"", ""Seraphine"", ""Jarvan IV"", ""Irelia"", ""Sylas""]","[""Xin Zhao"", ""Braum"", ""Varus"", ""Kennen"", ""Syndra""]","[""Wukong"", ""Nautilus"", ""Vladimir"", ""Twisted Fate"", ""Jayce""]",[],[],1,leaguepedia_cargo_patch_range,0
Benelux Ascend Series/2026 Season/Spring Split_Week 6_3_2,2026-05-08 18:29:00,26.09,Benelux Ascend Series 2026 Spring,ZennIT Academy,Mind Blue eSports,Mind Blue eSports,"[""Varus"", ""Zoe"", ""Ambessa"", ""Mel"", ""Aurora""]","[""Lulu"", ""Nami"", ""Akali"", ""Wukong"", ""Ahri""]","[""Rumble"", ""Nautilus"", ""Jhin"", ""Yone"", ""Kha'Zix""]","[""Caitlyn"", ""Bard"", ""Jarvan IV"", ""Anivia"", ""Cassiopeia""]",[],[],0,leaguepedia_cargo_patch_range,1
Prime League 2nd Division/2026 Season/Spring Split_Week 2_4_1,2026-05-08 18:47:00,26.09,PRM 2nd Division 25-26 Spring,Team Rift,Circus Kittens,Team Rift,[],[],[],[],[],[],1,leaguepedia_cargo_patch_range,0
Prime League 2nd Division/2026 Season/Spring Split_Week 2_3_1,2026-05-08 18:50:00,26.09,PRM 2nd Division 25-26 Spring,CGN Esports,Locked In (Dutch Team),Locked In (Dutch Team),[],[],[],[],[],[],0,leaguepedia_cargo_patch_range,1
Arabian League 2nd Division/2026 Season/Spring Split_Week 5_2_2,2026-05-08 18:53:00,26.09,Arabian League 2nd Division 2026 Spring,Lunaris Esports (MENA Team),NextGeneration Esports,NextGeneration Esports,"[""Seraphine"", ""Bard"", ""Orianna"", ""Yunara"", ""Sivir""]","[""Zoe"", ""Jarvan IV"", ""Karma"", ""Ezreal"", ""Corki""]","[""Rumble"", ""Shen"", ""Rakan"", ""Xayah"", ""LeBlanc""]","[""Ornn"", ""Vi"", ""Lulu"", ""Kog'Maw"", ""Ahri""]",[],[],0,leaguepedia_cargo_patch_range,1
Arabian League/2026 Season/Spring Split_Last Chance_1_4,2026-05-08 19:08:00,26.09,Arabian League 2026 Spring,Baam Esports,3BL Esports,3BL Esports,"[""Rell"", ""Anivia"", ""Lee Sin"", ""Akali"", ""Ornn""]","[""Ezreal"", ""Pyke"", ""Kled"", ""Sivir"", ""Jinx""]","[""Lulu"", ""Rumble"", ""Vi"", ""Annie"", ""Xayah""]","[""Aphelios"", ""Ambessa"", ""Tahm Kench"", ""Sejuani"", ""Kassadin""]",[],[],0,leaguepedia_cargo_patch_range,1
Benelux Ascend Series/2026 Season/Spring Split_Week 6_4_2,2026-05-08 19:08:00,26.09,Benelux Ascend Series 2026 Spring,RED OUAT,Soul's Heart Esport,RED OUAT,"[""Varus"", ""Viktor"", ""Kled"", ""Xayah"", ""Kassadin""]","[""Orianna"", ""Ryze"", ""Sion"", ""Aurora"", ""Xin Zhao""]","[""Ambessa"", ""Nautilus"", ""Sivir"", ""Nocturne"", ""Taliyah""]","[""Zaahen"", ""Seraphine"", ""Naafiri"", ""Kai'Sa"", ""Alistar""]",[],[],1,leaguepedia_cargo_patch_range,0
LIT/2026 Season/Spring Playoffs_Round 4_1_4,2026-05-08 19:10:00,26.09,LIT 2026 Spring Playoffs,GMBLERS Esports,Zena Esports,GMBLERS Esports,"[""Zaahen"", ""Sion"", ""Taliyah"", ""Syndra"", ""Hwei""]","[""Senna"", ""Orianna"", ""Smolder"", ""Jax"", ""Annie""]","[""Corki"", ""Nami"", ""Skarner"", ""Anivia"", ""Yorick""]","[""Karma"", ""Jhin"", ""Lee Sin"", ""Ahri"", ""Gnar""]",[],[],1,leaguepedia_cargo_patch_range,0
Prime League 2nd Division/2026 Season/Spring Split_Week 2_4_2,2026-05-08 19:35:00,26.09,PRM 2nd Division 25-26 Spring,Circus Kittens,Team Rift,Team Rift,[],[],[],[],[],[],0,leaguepedia_cargo_patch_range,1
Prime League 2nd Division/2026 Season/Spring Split_Week 2_3_2,2026-05-08 19:48:00,26.09,PRM 2nd Division 25-26 Spring,Locked In (Dutch Team),CGN Esports,CGN Esports,[],[],[],[],[],[],0,leaguepedia_cargo_patch_range,1
Arabian League/2026 Season/Spring Split_Last Chance_1_5,2026-05-08 20:15:00,26.09,Arabian League 2026 Spring,3BL Esports,Baam Esports,Baam Esports,"[""Ezreal"", ""Kog'Maw"", ""Milio"", ""Rakan"", ""Alistar""]","[""Rell"", ""Lee Sin"", ""Anivia"", ""Lissandra"", ""LeBlanc""]","[""Jinx"", ""Braum"", ""Viego"", ""Cassiopeia"", ""Gragas""]","[""Naafiri"", ""Kai'Sa"", ""Akali"", ""Renata Glasc"", ""Yorick""]",[],[],0,leaguepedia_cargo_patch_range,1
LIT/2026 Season/Spring Playoffs_Round 4_1_5,2026-05-08 20:19:00,26.09,LIT 2026 Spring Playoffs,Zena Esports,GMBLERS Esports,GMBLERS Esports,"[""Senna"", ""Smolder"", ""Orianna"", ""Caitlyn"", ""Jinx""]","[""Zaahen"", ""Vayne"", ""Yone"", ""Taliyah"", ""Hwei""]","[""Neeko"", ""Dr. Mundo"", ""Graves"", ""Kai'Sa"", ""Leona""]","[""Sion"", ""Trundle"", ""Syndra"", ""Xayah"", ""Alistar""]",[],[],0,leaguepedia_cargo_patch_range,1
North American Challengers League/2026 Season/Spring Season_Week 7_5_1,2026-05-08 20:21:00,26.09,NACL 2026 Spring,Maryville University,Winthrop University,Maryville University,"[""Seraphine"", ""Karma"", ""Varus"", ""Rumble"", ""Akali""]","[""Nocturne"", ""Pantheon"", ""Lucian"", ""Neeko"", ""Corki""]","[""Orianna"", ""Xin Zhao"", ""Jayce"", ""Nautilus"", ""Kai'Sa""]","[""Bard"", ""Ezreal"", ""Jarvan IV"", ""Ryze"", ""K'Sante""]",[],[],1,leaguepedia_cargo_patch_range,0
Prime League 2nd Division/2026 Season/Spring Split_Week 2_3_3,2026-05-08 20:47:00,26.09,PRM 2nd Division 25-26 Spring,CGN Esports,Locked In (Dutch Team),CGN Esports,[],[],[],[],[],[],1,leaguepedia_cargo_patch_range,0
North American Challengers League/2026 Season/Spring Season_Week 7_5_2,2026-05-08 21:06:00,26.09,NACL 2026 Spring,Maryville University,Winthrop University,Maryville University,"[""Seraphine"", ""Karma"", ""Neeko"", ""Jax"", ""Viktor""]","[""Gnar"", ""Nocturne"", ""Lucian"", ""Rell"", ""Leona""]","[""Varus"", ""Lee Sin"", ""Annie"", ""Jhin"", ""Rakan""]","[""Pantheon"", ""Nami"", ""Corki"", ""Mel"", ""Naafiri""]",[],[],1,leaguepedia_cargo_patch_range,0
North American Challengers League/2026 Season/Spring Season_Week 7_6_1,2026-05-08 22:14:00,26.09,NACL 2026 Spring,Citadel Gaming,Apex Mission Impossible,Citadel Gaming,"[""Xin Zhao"", ""Jarvan IV"", ""Caitlyn"", ""Jhin"", ""Sivir""]","[""Orianna"", ""Karma"", ""Neeko"", ""Jax"", ""Nautilus""]","[""Ezreal"", ""Skarner"", ""Rumble"", ""Ahri"", ""Nami""]","[""Bard"", ""Pantheon"", ""Yorick"", ""Varus"", ""Mel""]",[],[],1,leaguepedia_cargo_patch_range,0
North American Challengers League/2026 Season/Spring Season_Week 7_6_2,2026-05-08 23:08:00,26.09,NACL 2026 Spring,Citadel Gaming,Apex Mission Impossible,Citadel Gaming,"[""Nocturne"", ""Vi"", ""Seraphine"", ""Akali"", ""LeBlanc""]","[""Jarvan IV"", ""Caitlyn"", ""Jhin"", ""Nautilus"", ""Rell""]","[""Orianna"", ""Trundle"", ""Senna"", ""Rakan"", ""Jax""]","[""Xin Zhao"", ""Karma"", ""Smolder"", ""Azir"", ""Gragas""]",[],[],1,leaguepedia_cargo_patch_range,0
LCK Academy Series/2026 Season/1st Championship Playoffs_Round 1_1_1,2026-05-09 05:13:00,26.09,LCK AS 2026 1st Championship Playoffs,Dplus Kia Youth,KT Rolster Academy,Dplus Kia Youth,"[""Varus"", ""Ezreal"", ""Jarvan IV"", ""Annie"", ""Ryze""]","[""Rumble"", ""Karma"", ""Orianna"", ""Nautilus"", ""Pyke""]","[""Nocturne"", ""Ziggs"", ""Aurora"", ""Rell"", ""Gnar""]","[""Ashe"", ""Seraphine"", ""Xin Zhao"", ""Ahri"", ""Jayce""]",[],[],1,leaguepedia_cargo_patch_range,0
LCK Academy Series/2026 Season/1st Championship Playoffs_Round 1_1_2,2026-05-09 05:57:00,26.09,LCK AS 2026 1st Championship Playoffs,KT Rolster Academy,Dplus Kia Youth,KT Rolster Academy,"[""Nautilus"", ""Varus"", ""Annie"", ""Ryze"", ""Vayne""]","[""Orianna"", ""Rumble"", ""Karma"", ""Anivia"", ""Akali""]","[""Jarvan IV"", ""Lucian"", ""Nami"", ""Renekton"", ""Taliyah""]","[""Milio"", ""Lee Sin"", ""Aphelios"", ""K'Sante"", ""Twisted Fate""]",[],[],1,leaguepedia_cargo_patch_range,0
LCK Academy Series/2026 Season/1st Championship Playoffs_Round 1_1_3,2026-05-09 06:57:00,26.09,LCK AS 2026 1st Championship Playoffs,KT Rolster Academy,Dplus Kia Youth,Dplus Kia Youth,"[""Nautilus"", ""Pantheon"", ""Varus"", ""Ryze"", ""Galio""]","[""Rumble"", ""Orianna"", ""Ezreal"", ""Naafiri"", ""Wukong""]","[""Karma"", ""Jhin"", ""Annie"", ""Sion"", ""Qiyana""]","[""Bard"", ""Ambessa"", ""Caitlyn"", ""Vi"", ""Vel'Koz""]",[],[],0,leaguepedia_cargo_patch_range,1
LCK Academy Series/2026 Season/1st Championship Playoffs_Round 1_1_4,2026-05-09 07:51:00,26.09,LCK AS 2026 1st Championship Playoffs,KT Rolster Academy,Dplus Kia Youth,Dplus Kia Youth,"[""Ryze"", ""Ezreal"", ""Pantheon"", ""Sivir"", ""Kai'Sa""]","[""Rumble"", ""Orianna"", ""Lulu"", ""Akali"", ""LeBlanc""]","[""Varus"", ""Wukong"", ""Rakan"", ""Yunara"", ""Galio""]","[""Naafiri"", ""Neeko"", ""Azir"", ""Yasuo"", ""Gragas""]",[],[],0,leaguepedia_cargo_patch_range,1
LCK/2026 Season/Rounds 1-2_Week 6_7_1,2026-05-09 08:06:00,26.09,LCK 2026 Rounds 1-2,KT Rolster,BNK FEARX,BNK FEARX,"[""Varus"", ""Lucian"", ""Bard"", ""Ryze"", ""Azir""]","[""Rumble"", ""Karma"", ""Orianna"", ""Gnar"", ""Vayne""]","[""Jarvan IV"", ""Mel"", ""Skarner"", ""Olaf"", ""Aurora""]","[""Ashe"", ""Seraphine"", ""Xin Zhao"", ""Jayce"", ""Taliyah""]",[],[],0,leaguepedia_cargo_patch_range,1
LCK Academy Series/2026 Season/1st Championship Playoffs_Round 1_2_1,2026-05-09 08:53:00,26.09,LCK AS 2026 1st Championship Playoffs,DN SOOPers Academy,Gen.G Scholars,Gen.G Scholars,"[""Varus"", ""Pantheon"", ""Jarvan IV"", ""K'Sante"", ""Aurora""]","[""Orianna"", ""Karma"", ""Ezreal"", ""Nautilus"", ""Caitlyn""]","[""Rumble"", ""Vi"", ""Ryze"", ""Corki"", ""Nami""]","[""Nocturne"", ""Lucian"", ""Milio"", ""Anivia"", ""Sion""]",[],[],0,leaguepedia_cargo_patch_range,1
LCK/2026 Season/Rounds 1-2_Week 6_7_2,2026-05-09 09:00:00,26.09,LCK 2026 Rounds 1-2,KT Rolster,BNK FEARX,BNK FEARX,"[""Varus"", ""Nocturne"", ""Lucian"", ""Pantheon"", ""Annie""]","[""Rumble"", ""Karma"", ""Orianna"", ""Ryze"", ""Gnar""]","[""Vi"", ""Yunara"", ""Lulu"", ""K'Sante"", ""Ahri""]","[""Bard"", ""Renekton"", ""Caitlyn"", ""Wukong"", ""Lissandra""]",[],[],0,leaguepedia_cargo_patch_range,1
Hitpoint 2nd Division Challengers/2026 Season/Spring Split_Week 3_1_1,2026-05-09 09:13:00,26.09,Hitpoint 2nd Div Challengers 2026 Spring,KIA.eSuba Academy,CITA Kaizen Academy,CITA Kaizen Academy,"[""Syndra"", ""Ambessa"", ""Corki"", ""Smolder"", ""Varus""]","[""Jarvan IV"", ""Orianna"", ""Ezreal"", ""Akali"", ""Ahri""]","[""Karma"", ""Pantheon"", ""Caitlyn"", ""Taliyah"", ""K'Sante""]","[""Xin Zhao"", ""Nami"", ""Azir"", ""Lucian"", ""Cho'Gath""]",[],[],0,leaguepedia_cargo_patch_range,1
LPL/2026 Season/Split 2_Week 6_7_1,2026-05-09 09:13:00,26.09,LPL 2026 Split 2,Invictus Gaming,Ninjas in Pyjamas.CN,Invictus Gaming,"[""Jarvan IV"", ""Ezreal"", ""Seraphine"", ""Ambessa"", ""Gnar""]","[""Rumble"", ""Lucian"", ""Varus"", ""Corki"", ""Yunara""]","[""Orianna"", ""Vi"", ""Sion"", ""Jhin"", ""Bard""]","[""Nocturne"", ""Karma"", ""Akali"", ""Gwen"", ""Sivir""]",[],[],1,leaguepedia_cargo_patch_range,0
LCP/2026 Season/Split 2_Week 6_1_1,2026-05-09 09:20:00,26.09,LCP 2026 Split 2,Ground Zero Gaming,CTBC Flying Oyster,CTBC Flying Oyster,"[""Orianna"", ""Pantheon"", ""Nautilus"", ""Bard"", ""Mel""]","[""Lucian"", ""Ezreal"", ""Nocturne"", ""K'Sante"", ""Sion""]","[""Ashe"", ""Xin Zhao"", ""Seraphine"", ""Ornn"", ""Aurora""]","[""Rumble"", ""Jarvan IV"", ""Varus"", ""Rell"", ""Ryze""]",[],[],0,leaguepedia_cargo_patch_range,1
LCK Academy Series/2026 Season/1st Championship Playoffs_Round 1_2_2,2026-05-09 09:42:00,26.09,LCK AS 2026 1st Championship Playoffs,Gen.G Scholars,DN SOOPers Academy,DN SOOPers Academy,"[""Karma"", ""Varus"", ""Bard"", ""Vayne"", ""Jayce""]","[""Orianna"", ""Pantheon"", ""Nautilus"", ""Galio"", ""Annie""]","[""Ezreal"", ""Pyke"", ""Naafiri"", ""Gnar"", ""Viktor""]","[""Xin Zhao"", ""Seraphine"", ""Sivir"", ""Aurora"", ""Twisted Fate""]",[],[],0,leaguepedia_cargo_patch_range,1
Nexus League/2026 Season/Spring Split_Week 5_1_1,2026-05-09 10:07:00,26.09,Nexus League 2026 Spring,Karmine Corp Blue Stars,Project Conquerors,Karmine Corp Blue Stars,"[""Varus"", ""Karma"", ""Ryze"", ""Sion"", ""Pantheon""]","[""Jarvan IV"", ""Akali"", ""Nocturne"", ""Jayce"", ""Sivir""]","[""Orianna"", ""Xin Zhao"", ""Braum"", ""Ezreal"", ""Aurora""]","[""Viktor"", ""Nautilus"", ""Smolder"", ""Kayn"", ""Ambessa""]",[],[],1,leaguepedia_cargo_patch_range,0
Hitpoint 2nd Division Challengers/2026 Season/Spring Split_Week 3_1_2,2026-05-09 10:09:00,26.09,Hitpoint 2nd Div Challengers 2026 Spring,KIA.eSuba Academy,CITA Kaizen Academy,CITA Kaizen Academy,"[""Syndra"", ""Ambessa"", ""Ashe"", ""Akali"", ""Anivia""]","[""Jarvan IV"", ""Orianna"", ""Ezreal"", ""Nautilus"", ""Bard""]","[""Yunara"", ""Nocturne"", ""Ryze"", ""Neeko"", ""Sion""]","[""Smolder"", ""Seraphine"", ""Wukong"", ""Aurora"", ""Zac""]",[],[],0,leaguepedia_cargo_patch_range,1
LCP/2026 Season/Split 2_Week 6_1_2,2026-05-09 10:09:00,26.09,LCP 2026 Split 2,CTBC Flying Oyster,Ground Zero Gaming,CTBC Flying Oyster,"[""Ambessa"", ""Orianna"", ""Naafiri"", ""Wukong"", ""Yone""]","[""Lucian"", ""Ezreal"", ""Pantheon"", ""Ahri"", ""Taliyah""]","[""Vi"", ""Leona"", ""Kai'Sa"", ""Annie"", ""Sion""]","[""Jayce"", ""Ziggs"", ""Shen"", ""Skarner"", ""Gwen""]",[],[],1,leaguepedia_cargo_patch_range,0
LPL/2026 Season/Split 2_Week 6_7_2,2026-05-09 10:12:00,26.09,LPL 2026 Split 2,Ninjas in Pyjamas.CN,Invictus Gaming,Invictus Gaming,"[""Varus"", ""Lucian"", ""Lee Sin"", ""Pantheon"", ""Jayce""]","[""Rumble"", ""Jarvan IV"", ""Ezreal"", ""Viktor"", ""Aurora""]","[""Ashe"", ""Lulu"", ""Xin Zhao"", ""Renekton"", ""Ryze""]","[""Seraphine"", ""Annie"", ""Senna"", ""Shyvana"", ""Gnar""]",[],[],0,leaguepedia_cargo_patch_range,1
Hellenic Challengers Cup/2026 Season/Spring Playoffs_Semifinals_1_1,2026-05-09 10:14:00,26.09,HCC 2026 Spring Playoffs,Zerolag Esports,The ParadOx Academy,Zerolag Esports,"[""Ivern"", ""Naafiri"", ""Aurora"", ""Kai'Sa"", ""Sivir""]","[""Rumble"", ""Gnar"", ""Gwen"", ""Zaahen"", ""Varus""]","[""Orianna"", ""Ezreal"", ""Karma"", ""Olaf"", ""Trundle""]","[""Sion"", ""Jarvan IV"", ""Nautilus"", ""Seraphine"", ""Anivia""]",[],[],1,leaguepedia_cargo_patch_range,0
LCK/2026 Season/Rounds 1-2_Week 6_8_1,2026-05-09 10:15:00,26.09,LCK 2026 Rounds 1-2,HANJIN BRION,Nongshim RedForce,HANJIN BRION,"[""Varus"", ""Ezreal"", ""Lee Sin"", ""Nocturne"", ""Vi""]","[""Orianna"", ""Karma"", ""Azir"", ""Anivia"", ""Cassiopeia""]","[""Jarvan IV"", ""Caitlyn"", ""Bard"", ""Ambessa"", ""Annie""]","[""Rumble"", ""Lucian"", ""Milio"", ""Ryze"", ""Xin Zhao""]",[],[],1,leaguepedia_cargo_patch_range,0
Hellenic Challengers Cup/2026 Season/Spring Playoffs_Semifinals_2_1,2026-05-09 10:16:00,26.09,HCC 2026 Spring Playoffs,Paranormal Invaders,EKSI EPTA,EKSI EPTA,"[""Aurora"", ""Naafiri"", ""Orianna"", ""Jarvan IV"", ""Dr. Mundo""]","[""Rumble"", ""Jayce"", ""Pyke"", ""Nautilus"", ""Syndra""]","[""Taliyah"", ""Sion"", ""Jhin"", ""Renekton"", ""Nami""]","[""Bard"", ""Caitlyn"", ""Ryze"", ""Pantheon"", ""K'Sante""]",[],[],0,leaguepedia_cargo_patch_range,1
LCK Academy Series/2026 Season/1st Championship Playoffs_Round 1_2_3,2026-05-09 10:31:00,26.09,LCK AS 2026 1st Championship Playoffs,Gen.G Scholars,DN SOOPers Academy,Gen.G Scholars,"[""Karma"", ""Olaf"", ""Nautilus"", ""Caitlyn"", ""Jhin""]","[""Orianna"", ""Pantheon"", ""Varus"", ""Annie"", ""Lissandra""]","[""Jarvan IV"", ""Yunara"", ""Lulu"", ""Galio"", ""Renekton""]","[""Ahri"", ""Lee Sin"", ""Bard"", ""Smolder"", ""K'Sante""]",[],[],1,leaguepedia_cargo_patch_range,0
Hellenic Challengers Cup/2026 Season/Spring Playoffs_Semifinals_1_2,2026-05-09 10:57:00,26.09,HCC 2026 Spring Playoffs,Zerolag Esports,The ParadOx Academy,Zerolag Esports,"[""Ivern"", ""Aurora"", ""Naafiri"", ""Rakan"", ""Braum""]","[""Rumble"", ""Gnar"", ""Gwen"", ""Alistar"", ""Rell""]","[""Ryze"", ""Pantheon"", ""Kai'Sa"", ""Thresh"", ""Aatrox""]","[""Wukong"", ""Akali"", ""Xayah"", ""Lulu"", ""K'Sante""]",[],[],1,leaguepedia_cargo_patch_range,0
LCK/2026 Season/Rounds 1-2_Week 6_8_2,2026-05-09 11:13:00,26.09,LCK 2026 Rounds 1-2,HANJIN BRION,Nongshim RedForce,HANJIN BRION,"[""Varus"", ""Azir"", ""Karma"", ""Viktor"", ""Renekton""]","[""Orianna"", ""Ezreal"", ""Nocturne"", ""Jayce"", ""Vayne""]","[""Pantheon"", ""Miss Fortune"", ""Nautilus"", ""Twisted Fate"", ""Aurora""]","[""Ashe"", ""Seraphine"", ""Skarner"", ""Gnar"", ""Taliyah""]",[],[],1,leaguepedia_cargo_patch_range,0
Nexus League/2026 Season/Spring Split_Week 5_2_1,2026-05-09 11:16:00,26.09,Nexus League 2026 Spring,Galions Sharks,Crystal Rose (French Team),Galions Sharks,"[""Nocturne"", ""Aurelion Sol""]","[""Seraphine"", ""Orianna"", ""Karma"", ""Bard"", ""Yunara""]","[""Sion"", ""Rumble"", ""Gwen"", ""Kai'Sa"", ""Nautilus""]","[""Aatrox"", ""Xin Zhao"", ""Viktor"", ""Jhin"", ""Alistar""]",[],[],1,leaguepedia_cargo_patch_range,0
LPL/2026 Season/Split 2_Week 6_8_1,2026-05-09 11:17:00,26.09,LPL 2026 Split 2,Team WE,Top Esports,Top Esports,"[""Ashe"", ""Varus"", ""Ambessa"", ""Sivir"", ""Yorick""]","[""Orianna"", ""Rumble"", ""Sion"", ""Xin Zhao"", ""Naafiri""]","[""Ezreal"", ""Ryze"", ""Bard"", ""Jayce"", ""Lee Sin""]","[""Jarvan IV"", ""Karma"", ""Annie"", ""Jhin"", ""K'Sante""]",[],[],0,leaguepedia_cargo_patch_range,1
Hitpoint 2nd Division Challengers/2026 Season/Spring Split_Week 3_2_1,2026-05-09 11:19:00,26.09,Hitpoint 2nd Div Challengers 2026 Spring,Priority,EXILE esports Academy,EXILE esports Academy,"[""Talon"", ""Seraphine"", ""Ambessa"", ""Malphite"", ""Yorick""]","[""K'Sante"", ""Orianna"", ""Aurora"", ""Skarner"", ""Dr. Mundo""]","[""Jayce"", ""Ezreal"", ""Bard"", ""Sion"", ""Jarvan IV""]","[""Karma"", ""Viktor"", ""Xin Zhao"", ""Varus"", ""Cho'Gath""]",[],[],0,leaguepedia_cargo_patch_range,1
LCP/2026 Season/Split 2_Week 6_2_1,2026-05-09 11:24:00,26.09,LCP 2026 Split 2,Team Secret Whales,MVK Esports,Team Secret Whales,"[""Ashe"", ""Nocturne"", ""Nautilus"", ""Annie"", ""K'Sante""]","[""Orianna"", ""Jarvan IV"", ""Ryze"", ""Xin Zhao"", ""Vi""]","[""Rumble"", ""Jhin"", ""Bard"", ""Aurora"", ""Pantheon""]","[""Ezreal"", ""Karma"", ""Naafiri"", ""Ornn"", ""Viktor""]",[],[],1,leaguepedia_cargo_patch_range,0
LCK Academy Series/2026 Season/1st Championship Playoffs_Round 1_2_4,2026-05-09 11:32:00,26.09,LCK AS 2026 1st Championship Playoffs,DN SOOPers Academy,Gen.G Scholars,Gen.G Scholars,"[""Azir"", ""Neeko"", ""Karma"", ""Annie"", ""Jayce""]","[""Varus"", ""Orianna"", ""Caitlyn"", ""Olaf"", ""Yorick""]","[""Pantheon"", ""Kai'Sa"", ""Nautilus"", ""Akali"", ""Ambessa""]","[""Jhin"", ""Skarner"", ""Leona"", ""Brand"", ""Vayne""]",[],[],0,leaguepedia_cargo_patch_range,1
Hellenic Challengers Cup/2026 Season/Spring Playoffs_Semifinals_2_2,2026-05-09 11:33:00,26.09,HCC 2026 Spring Playoffs,EKSI EPTA,Paranormal Invaders,Paranormal Invaders,"[""Jayce"", ""Pyke"", ""Nautilus"", ""Gwen"", ""Syndra""]","[""Naafiri"", ""Orianna"", ""Ashe"", ""Aurora"", ""Aurelion Sol""]","[""Karma"", ""Ezreal"", ""Xin Zhao"", ""Anivia"", ""Ornn""]","[""Yunara"", ""Lulu"", ""Dr. Mundo"", ""Viktor"", ""Aatrox""]",[],[],0,leaguepedia_cargo_patch_range,1
Hellenic Challengers Cup/2026 Season/Spring Playoffs_Semifinals_1_3,2026-05-09 11:42:00,26.09,HCC 2026 Spring Playoffs,Zerolag Esports,The ParadOx Academy,Zerolag Esports,"[""Ivern"", ""Aurora"", ""Naafiri"", ""Milio"", ""Jax""]","[""Rumble"", ""Gnar"", ""Gwen"", ""Leona"", ""Rell""]","[""Varus"", ""Annie"", ""Yorick"", ""Nami"", ""Zac""]","[""Udyr"", ""Aphelios"", ""Zed"", ""Neeko"", ""Rakan""]",[],[],1,leaguepedia_cargo_patch_range,0
Hitpoint 2nd Division Challengers/2026 Season/Spring Split_Week 3_2_2,2026-05-09 12:11:00,26.09,Hitpoint 2nd Div Challengers 2026 Spring,EXILE esports Academy,Priority,Priority,"[""K'Sante"", ""Aurora"", ""Akali"", ""Wukong"", ""Nocturne""]","[""Talon"", ""Seraphine"", ""Orianna"", ""Sylas"", ""Vi""]","[""Caitlyn"", ""Mel"", ""Neeko"", ""Dr. Mundo"", ""Rumble""]","[""Jhin"", ""Ahri"", ""Malphite"", ""Skarner"", ""Camille""]",[],[],0,leaguepedia_cargo_patch_range,1
Nexus League/2026 Season/Spring Split_Week 5_3_1,2026-05-09 12:13:00,26.09,Nexus League 2026 Spring,Lausanne-Sport Esports,Caldya Esport,Caldya Esport,"[""Nautilus"", ""Sion"", ""Anivia"", ""Malphite"", ""Syndra""]","[""Zoe"", ""Orianna"", ""Ezreal"", ""Ahri"", ""Jarvan IV""]","[""Karma"", ""Jhin"", ""Jayce"", ""Gwen"", ""Rek'Sai""]","[""Nocturne"", ""Caitlyn"", ""Bard"", ""Yorick"", ""Viktor""]",[],[],0,leaguepedia_cargo_patch_range,1
LCP/2026 Season/Split 2_Week 6_2_2,2026-05-09 12:19:00,26.09,LCP 2026 Split 2,Team Secret Whales,MVK Esports,Team Secret Whales,"[""Xin Zhao"", ""Orianna"", ""Ryze"", ""Akali"", ""Gangplank""]","[""Ashe"", ""Nocturne"", ""Jarvan IV"", ""Annie"", ""Taliyah""]","[""Vi"", ""Lucian"", ""Milio"", ""Cassiopeia"", ""Gnar""]","[""Varus"", ""Trundle"", ""Nautilus"", ""Ahri"", ""Malphite""]",[],[],1,leaguepedia_cargo_patch_range,0
LPL/2026 Season/Split 2_Week 6_8_2,2026-05-09 12:22:00,26.09,LPL 2026 Split 2,Team WE,Top Esports,Top Esports,"[""Ashe"", ""Nocturne"", ""Vi"", ""Lulu"", ""Nautilus""]","[""Orianna"", ""Varus"", ""Rumble"", ""Twisted Fate"", ""Renekton""]","[""Pantheon"", ""Lucian"", ""Milio"", ""Aatrox"", ""LeBlanc""]","[""Xin Zhao"", ""Aurora"", ""Ambessa"", ""Corki"", ""Nami""]",[],[],0,leaguepedia_cargo_patch_range,1
Hellenic Challengers Cup/2026 Season/Spring Playoffs_Semifinals_2_3,2026-05-09 12:37:00,26.09,HCC 2026 Spring Playoffs,Paranormal Invaders,EKSI EPTA,EKSI EPTA,"[""Naafiri"", ""Orianna"", ""Aurora"", ""Nautilus"", ""Rell""]","[""Pyke"", ""Jayce"", ""Rumble"", ""Syndra"", ""Jax""]","[""Ashe"", ""Seraphine"", ""Lee Sin"", ""LeBlanc"", ""Olaf""]","[""Jarvan IV"", ""Varus"", ""Aurelion Sol"", ""Milio"", ""Lucian""]",[],[],0,leaguepedia_cargo_patch_range,1
Hitpoint 2nd Division Challengers/2026 Season/Spring Split_Week 3_2_3,2026-05-09 13:02:00,26.09,Hitpoint 2nd Div Challengers 2026 Spring,EXILE esports Academy,Priority,Priority,"[""K'Sante"", ""Aurora"", ""Orianna"", ""Pyke"", ""Nautilus""]","[""Talon"", ""Seraphine"", ""Akali"", ""Taliyah"", ""Lillia""]","[""Gnar"", ""Zyra"", ""Yone"", ""Yunara"", ""Lulu""]","[""Ornn"", ""Wukong"", ""Azir"", ""Kai'Sa"", ""Pantheon""]",[],[],0,leaguepedia_cargo_patch_range,1
Nexus League/2026 Season/Spring Split_Week 5_4_1,2026-05-09 13:10:00,26.09,Nexus League 2026 Spring,Lille Esport,Zephyr Esport,Lille Esport,"[""Zoe"", ""Rumble"", ""Ezreal"", ""Gwen"", ""Ahri""]","[""Akali"", ""Orianna"", ""Pantheon"", ""Viktor"", ""Sion""]","[""Xin Zhao"", ""Ashe"", ""Seraphine"", ""K'Sante"", ""Ryze""]","[""Jarvan IV"", ""Corki"", ""Nami"", ""Syndra"", ""Gnar""]",[],[],1,leaguepedia_cargo_patch_range,0
Hellenic Challengers Cup/2026 Season/Spring Playoffs_Semifinals_2_4,2026-05-09 13:31:00,26.09,HCC 2026 Spring Playoffs,EKSI EPTA,Paranormal Invaders,EKSI EPTA,"[""Pyke"", ""Jayce"", ""Akali"", ""Rumble"", ""Jax""]","[""Orianna"", ""Aurora"", ""Naafiri"", ""Braum"", ""Alistar""]","[""Syndra"", ""Wukong"", ""Smolder"", ""Gnar"", ""Tahm Kench""]","[""Nocturne"", ""Ahri"", ""Nautilus"", ""Kai'Sa"", ""Vayne""]",[],[],1,leaguepedia_cargo_patch_range,0
LEC/2026 Season/Spring Season_Week 7_3_1,2026-05-09 14:14:00,26.09,LEC 2026 Spring,GIANTX,G2 Esports,G2 Esports,"[""Jarvan IV"", ""Karma"", ""Ashe"", ""Yunara"", ""Annie""]","[""Orianna"", ""Varus"", ""Lucian"", ""Nautilus"", ""Bard""]","[""Rumble"", ""Skarner"", ""Ezreal"", ""Nami"", ""Yone""]","[""Ornn"", ""Pantheon"", ""Lulu"", ""Sivir"", ""Aurora""]",[],[],0,leaguepedia_cargo_patch_range,1
LEC/2026 Season/Spring Season_Week 7_3_2,2026-05-09 15:15:00,26.09,LEC 2026 Spring,G2 Esports,GIANTX,G2 Esports,"[""Nautilus"", ""Milio"", ""Varus"", ""Vayne"", ""Viktor""]","[""Orianna"", ""Caitlyn"", ""Ashe"", ""Annie"", ""Ryze""]","[""Neeko"", ""Wukong"", ""Kai'Sa"", ""Gnar"", ""Galio""]","[""Bard"", ""Jarvan IV"", ""Xayah"", ""LeBlanc"", ""Renekton""]",[],[],1,leaguepedia_cargo_patch_range,0
CBLOL/2026 Season/Split 1 Playoffs_Round 1_1_1,2026-05-09 16:16:00,26.09,CBLOL 2026 Split 1 Playoffs,LOUD,Vivo Keyd Stars,LOUD,"[""Bard"", ""Jarvan IV"", ""Naafiri"", ""Jhin"", ""Ezreal""]","[""Varus"", ""Nocturne"", ""Pantheon"", ""Xin Zhao"", ""Annie""]","[""Rumble"", ""Ashe"", ""Seraphine"", ""Zaahen"", ""Orianna""]","[""Ryze"", ""K'Sante"", ""Aatrox"", ""Caitlyn"", ""Karma""]",[],[],1,leaguepedia_cargo_patch_range,0
LEC/2026 Season/Spring Season_Week 7_4_1,2026-05-09 16:32:00,26.09,LEC 2026 Spring,Karmine Corp,Movistar KOI,Karmine Corp,"[""Varus"", ""Nautilus"", ""Karma"", ""Vi"", ""Sion""]","[""Orianna"", ""Xin Zhao"", ""Jarvan IV"", ""Akali"", ""Rumble""]","[""Pantheon"", ""Ashe"", ""Seraphine"", ""Jayce"", ""Taliyah""]","[""Azir"", ""Bard"", ""Caitlyn"", ""Skarner"", ""Shyvana""]",[],[],1,leaguepedia_cargo_patch_range,0
CBLOL/2026 Season/Split 1 Playoffs_Round 1_1_2,2026-05-09 17:12:00,26.09,CBLOL 2026 Split 1 Playoffs,LOUD,Vivo Keyd Stars,LOUD,"[""Naafiri"", ""Vayne"", ""Bard"", ""Ezreal"", ""Lucian""]","[""Varus"", ""Nocturne"", ""Pantheon"", ""Lulu"", ""Milio""]","[""Jarvan IV"", ""Galio"", ""Jayce"", ""Xayah"", ""Rakan""]","[""Vi"", ""Ahri"", ""Sion"", ""Kalista"", ""Renata Glasc""]",[],[],1,leaguepedia_cargo_patch_range,0
LEC/2026 Season/Spring Season_Week 7_4_2,2026-05-09 17:37:00,26.09,LEC 2026 Spring,Karmine Corp,Movistar KOI,Movistar KOI,"[""Varus"", ""Nautilus"", ""Jarvan IV"", ""Lulu"", ""Rakan""]","[""Xin Zhao"", ""Milio"", ""Karma"", ""Poppy"", ""Galio""]","[""Orianna"", ""Corki"", ""Nami"", ""Wukong"", ""Renekton""]","[""Rumble"", ""Vi"", ""Akali"", ""Kai'Sa"", ""Neeko""]",[],[],0,leaguepedia_cargo_patch_range,1
CBLOL/2026 Season/Split 1 Playoffs_Round 1_1_3,2026-05-09 17:59:00,26.09,CBLOL 2026 Split 1 Playoffs,LOUD,Vivo Keyd Stars,Vivo Keyd Stars,"[""Naafiri"", ""Vayne"", ""Nautilus"", ""Annie"", ""Aurora""]","[""Nocturne"", ""Varus"", ""Pantheon"", ""Skarner"", ""Twisted Fate""]","[""Lucian"", ""Nami"", ""Yorick"", ""Poppy"", ""Viktor""]","[""Gnar"", ""Milio"", ""Draven"", ""LeBlanc"", ""Trundle""]",[],[],0,leaguepedia_cargo_patch_range,1
LEC/2026 Season/Spring Season_Week 7_4_3,2026-05-09 18:26:00,26.09,LEC 2026 Spring,Movistar KOI,Karmine Corp,Karmine Corp,"[""Milio"", ""Xin Zhao"", ""Nautilus"", ""Vayne"", ""Naafiri""]","[""Anivia"", ""Jarvan IV"", ""Varus"", ""Nocturne"", ""Qiyana""]","[""Karma"", ""Ezreal"", ""Ryze"", ""Trundle"", ""Zeri""]","[""Lulu"", ""Sivir"", ""Annie"", ""Gnar"", ""Kha'Zix""]",[],[],0,leaguepedia_cargo_patch_range,1
Arabian League 2nd Division/2026 Season/Spring Split_Week 5_4_2,2026-05-09 18:43:00,26.09,Arabian League 2nd Division 2026 Spring,Pyramid IV Esports,Pegasus Esports,Pyramid IV Esports,"[""Karma"", ""Seraphine"", ""Poppy"", ""Lulu""]","[""Olaf"", ""Vladimir"", ""Gwen"", ""Ahri"", ""Neeko""]","[""Jarvan IV"", ""Darius"", ""Kalista"", ""Orianna"", ""Vayne""]","[""Sion"", ""Zaahen"", ""Yunara"", ""Braum"", ""Ryze""]",[],[],1,leaguepedia_cargo_patch_range,0
Arabian League 2nd Division/2026 Season/Spring Split_Week 5_3_1,2026-05-09 18:47:00,26.09,Arabian League 2nd Division 2026 Spring,3BL Galaxy Academy,JSK Academy,JSK Academy,"[""Akali"", ""Anivia"", ""Xin Zhao"", ""Sion"", ""Zoe""]","[""Orianna"", ""Ryze"", ""Ambessa"", ""Shen"", ""Mel""]","[""Smolder"", ""Nami"", ""Jarvan IV"", ""Syndra"", ""Renekton""]","[""Karma"", ""Caitlyn"", ""Pantheon"", ""Ahri"", ""Gragas""]",[],[],0,leaguepedia_cargo_patch_range,1
CBLOL/2026 Season/Split 1 Playoffs_Round 1_1_4,2026-05-09 18:57:00,26.09,CBLOL 2026 Split 1 Playoffs,Vivo Keyd Stars,LOUD,LOUD,"[""Pantheon"", ""Lulu"", ""Varus"", ""Twisted Fate"", ""Akali""]","[""Nocturne"", ""Annie"", ""Renekton"", ""Volibear"", ""Vayne""]","[""Naafiri"", ""Bard"", ""Jhin"", ""Rek'Sai"", ""Aurora""]","[""Skarner"", ""Neeko"", ""Sivir"", ""Ambessa"", ""Syndra""]",[],[],0,leaguepedia_cargo_patch_range,1
Arabian League 2nd Division/2026 Season/Spring Split_Week 5_3_2,2026-05-09 19:37:00,26.09,Arabian League 2nd Division 2026 Spring,JSK Academy,3BL Galaxy Academy,JSK Academy,"[""Ambessa"", ""Mel"", ""Braum"", ""Milio"", ""Seraphine""]","[""Ryze"", ""Aphelios"", ""Nautilus"", ""Alistar"", ""Bard""]","[""Varus"", ""Lillia"", ""Irelia"", ""Kog'Maw"", ""Lulu""]","[""Ashe"", ""Wukong"", ""Akali"", ""Rakan"", ""Malphite""]",[],[],1,leaguepedia_cargo_patch_range,0
Arabian League 2nd Division/2026 Season/Spring Split_Week 5_4_3,2026-05-09 19:42:00,26.09,Arabian League 2nd Division 2026 Spring,Pyramid IV Esports,Pegasus Esports,Pyramid IV Esports,"[""Karma"", ""Ornn"", ""Aatrox"", ""Xin Zhao"", ""Alistar""]","[""Gwen"", ""Olaf"", ""Vladimir"", ""Neeko"", ""Ambessa""]","[""Viktor"", ""Trundle"", ""Kai'Sa"", ""Vi"", ""Rell""]","[""Syndra"", ""K'Sante"", ""Aphelios"", ""Naafiri"", ""Thresh""]",[],[],1,leaguepedia_cargo_patch_range,0
LCS/2026 Season/Spring Season_Week 6_1_1,2026-05-09 20:08:00,26.09,LCS 2026 Spring,Shopify Rebellion,Sentinels,Sentinels,"[""Varus"", ""Anivia"", ""Jarvan IV"", ""Pantheon"", ""Vi""]","[""Orianna"", ""Karma"", ""Nocturne"", ""Lee Sin"", ""Naafiri""]","[""Ryze"", ""Ezreal"", ""Neeko"", ""Dr. Mundo"", ""Rumble""]","[""Bard"", ""Cassiopeia"", ""Caitlyn"", ""Skarner"", ""K'Sante""]",[],[],0,leaguepedia_cargo_patch_range,1
LCS/2026 Season/Spring Season_Week 6_1_2,2026-05-09 21:05:00,26.09,LCS 2026 Spring,Shopify Rebellion,Sentinels,Sentinels,"[""Anivia"", ""Jarvan IV"", ""Xin Zhao"", ""Sion"", ""Annie""]","[""Orianna"", ""Varus"", ""Nocturne"", ""Akali"", ""Sylas""]","[""Pantheon"", ""Corki"", ""Nami"", ""Taliyah"", ""Jayce""]","[""Ashe"", ""Seraphine"", ""Naafiri"", ""Viktor"", ""Ornn""]",[],[],0,leaguepedia_cargo_patch_range,1
LCS/2026 Season/Spring Season_Week 6_2_1,2026-05-09 22:00:00,26.09,LCS 2026 Spring,Dignitas,Disguised,Disguised,"[""Jarvan IV"", ""Bard"", ""Varus"", ""Anivia"", ""Cassiopeia""]","[""Orianna"", ""Nocturne"", ""Karma"", ""Ezreal"", ""Nautilus""]","[""Rumble"", ""Xin Zhao"", ""Ryze"", ""Smolder"", ""Nami""]","[""Ashe"", ""Seraphine"", ""Ornn"", ""Taliyah"", ""Vi""]",[],[],0,leaguepedia_cargo_patch_range,1
LCS/2026 Season/Spring Season_Week 6_2_2,2026-05-09 22:43:00,26.09,LCS 2026 Spring,Disguised,Dignitas,Disguised,"[""Nocturne"", ""Pantheon"", ""Bard"", ""Neeko"", ""Sivir""]","[""Varus"", ""Karma"", ""Lucian"", ""Gwen"", ""Gnar""]","[""Orianna"", ""Poppy"", ""Ezreal"", ""Nautilus"", ""Shen""]","[""Akali"", ""Jarvan IV"", ""Sion"", ""Yunara"", ""Lulu""]",[],[],1,leaguepedia_cargo_patch_range,0
LCK Academy Series/2026 Season/1st Championship Playoffs_Round 2_1_1,2026-05-10 05:12:00,26.09,LCK AS 2026 1st Championship Playoffs,T1 Esports Academy Rookies,Gen.G Scholars,T1 Esports Academy Rookies,"[""Varus"", ""Pantheon"", ""Nocturne"", ""Viktor"", ""Aurora""]","[""Orianna"", ""Karma"", ""Ezreal"", ""Seraphine"", ""Nautilus""]","[""Rumble"", ""Xin Zhao"", ""Annie"", ""Kalista"", ""Renata Glasc""]","[""Lucian"", ""Jarvan IV"", ""Milio"", ""Sion"", ""Ryze""]",[],[],1,leaguepedia_cargo_patch_range,0
LCK Academy Series/2026 Season/1st Championship Playoffs_Round 2_1_2,2026-05-10 06:07:00,26.09,LCK AS 2026 1st Championship Playoffs,Gen.G Scholars,T1 Esports Academy Rookies,Gen.G Scholars,"[""Varus"", ""Karma"", ""Vi"", ""Caitlyn"", ""Pantheon""]","[""Nocturne"", ""Orianna"", ""Lulu"", ""Nautilus"", ""Galio""]","[""Ezreal"", ""Lee Sin"", ""Jayce"", ""Twisted Fate"", ""Neeko""]","[""Bard"", ""Aurora"", ""Yorick"", ""Skarner"", ""Jhin""]",[],[],1,leaguepedia_cargo_patch_range,0
LCK Academy Series/2026 Season/1st Championship Playoffs_Round 2_1_3,2026-05-10 06:59:00,26.09,LCK AS 2026 1st Championship Playoffs,T1 Esports Academy Rookies,Gen.G Scholars,Gen.G Scholars,"[""Pantheon"", ""Lulu"", ""Orianna"", ""Vi"", ""Wukong""]","[""Karma"", ""Ashe"", ""Varus"", ""Ahri"", ""Vayne""]","[""Nocturne"", ""Nautilus"", ""Miss Fortune"", ""Renekton"", ""Azir""]","[""Corki"", ""Nami"", ""Akali"", ""Trundle"", ""Gnar""]",[],[],0,leaguepedia_cargo_patch_range,1
LCK Academy Series/2026 Season/1st Championship Playoffs_Round 2_1_4,2026-05-10 07:53:00,26.09,LCK AS 2026 1st Championship Playoffs,Gen.G Scholars,T1 Esports Academy Rookies,T1 Esports Academy Rookies,"[""Karma"", ""Vi"", ""Ashe"", ""Caitlyn"", ""Thresh""]","[""Lulu"", ""Orianna"", ""Varus"", ""Galio"", ""Sylas""]","[""Pantheon"", ""Vayne"", ""Yunara"", ""Anivia"", ""Alistar""]","[""K'Sante"", ""Viego"", ""Ahri"", ""Sivir"", ""Poppy""]",[],[],0,leaguepedia_cargo_patch_range,1
LCK/2026 Season/Rounds 1-2_Week 6_9_1,2026-05-10 08:09:00,26.09,LCK 2026 Rounds 1-2,T1,Dplus Kia,T1,"[""Nocturne"", ""Bard"", ""Varus"", ""Azir"", ""Anivia""]","[""Orianna"", ""Karma"", ""Jarvan IV"", ""Ezreal"", ""Miss Fortune""]","[""Rumble"", ""Seraphine"", ""Trundle"", ""Caitlyn"", ""Sylas""]","[""Ashe"", ""Xin Zhao"", ""Lulu"", ""Twisted Fate"", ""Yorick""]",[],[],1,leaguepedia_cargo_patch_range,0
LCK Academy Series/2026 Season/1st Championship Playoffs_Round 2_1_5,2026-05-10 08:51:00,26.09,LCK AS 2026 1st Championship Playoffs,Gen.G Scholars,T1 Esports Academy Rookies,Gen.G Scholars,"[""Karma"", ""Ashe"", ""Vi"", ""Jax"", ""Pyke""]","[""Orianna"", ""Lulu"", ""Varus"", ""Kai'Sa"", ""Caitlyn""]","[""Ambessa"", ""Naafiri"", ""Brand"", ""Xayah"", ""Rakan""]","[""Maokai"", ""Yone"", ""Ziggs"", ""Zaahen"", ""Rell""]",[],[],1,leaguepedia_cargo_patch_range,0
LCK/2026 Season/Rounds 1-2_Week 6_9_2,2026-05-10 08:58:00,26.09,LCK 2026 Rounds 1-2,T1,Dplus Kia,T1,"[""Nocturne"", ""Bard"", ""Varus"", ""Gnar"", ""Azir""]","[""Orianna"", ""Karma"", ""Lee Sin"", ""Akali"", ""Jayce""]","[""Lucian"", ""Milio"", ""Jarvan IV"", ""Sion"", ""Viktor""]","[""Vi"", ""Ezreal"", ""Neeko"", ""Anivia"", ""Ambessa""]",[],[],1,leaguepedia_cargo_patch_range,0
LPL/2026 Season/Split 2_Week 6_9_1,2026-05-10 09:11:00,26.09,LPL 2026 Split 2,Ninjas in Pyjamas.CN,Weibo Gaming,Weibo Gaming,"[""Vi"", ""Annie"", ""Sion"", ""Naafiri"", ""Rumble""]","[""Orianna"", ""Nocturne"", ""Jarvan IV"", ""Cassiopeia"", ""Aurora""]","[""Varus"", ""Karma"", ""Ezreal"", ""Trundle"", ""Azir""]","[""Lucian"", ""Milio"", ""Ryze"", ""Anivia"", ""Qiyana""]",[],[],0,leaguepedia_cargo_patch_range,1
Hitpoint 2nd Division Challengers/2026 Season/Spring Split_Week 3_3_1,2026-05-10 09:12:00,26.09,Hitpoint 2nd Div Challengers 2026 Spring,Ethereal Enigmas,Diversion Gaming,Ethereal Enigmas,"[""Yunara"", ""Karma"", ""Ambessa"", ""Taliyah"", ""Sion""]","[""Aurora"", ""Xin Zhao"", ""Zaahen"", ""Gnar"", ""Jayce""]","[""Jarvan IV"", ""Lucian"", ""Nami"", ""Anivia"", ""Ahri""]","[""Ezreal"", ""Seraphine"", ""Vi"", ""Renekton"", ""Akali""]",[],[],1,leaguepedia_cargo_patch_range,0
LCP/2026 Season/Split 2_Week 6_3_1,2026-05-10 09:19:00,26.09,LCP 2026 Split 2,DetonatioN FocusMe,Deep Cross Gaming,Deep Cross Gaming,"[""Varus"", ""Ezreal"", ""Nautilus"", ""Vayne"", ""Ryze""]","[""Orianna"", ""Rumble"", ""Nocturne"", ""Cassiopeia"", ""Anivia""]","[""Jarvan IV"", ""Lucian"", ""Milio"", ""Mel"", ""Renekton""]","[""Lee Sin"", ""Bard"", ""Caitlyn"", ""Annie"", ""Gnar""]",[],[],0,leaguepedia_cargo_patch_range,1
LCK Academy Series/2026 Season/1st Championship Playoffs_Round 2_2_1,2026-05-10 09:48:00,26.09,LCK AS 2026 1st Championship Playoffs,Hanwha Life Esports Academy,Dplus Kia Youth,Dplus Kia Youth,"[""Varus"", ""Xin Zhao"", ""Jarvan IV"", ""Vayne"", ""Gnar""]","[""Orianna"", ""Rumble"", ""Ezreal"", ""Annie"", ""Ryze""]","[""Nocturne"", ""Lucian"", ""Milio"", ""Ahri"", ""K'Sante""]","[""Bard"", ""Vi"", ""Caitlyn"", ""Aurora"", ""Rek'Sai""]",[],[],0,leaguepedia_cargo_patch_range,1
Hitpoint 2nd Division Challengers/2026 Season/Spring Split_Week 3_3_2,2026-05-10 09:56:00,26.09,Hitpoint 2nd Div Challengers 2026 Spring,Ethereal Enigmas,Diversion Gaming,Ethereal Enigmas,"[""Yunara"", ""Lulu"", ""Ambessa"", ""Milio"", ""Bard""]","[""Aurora"", ""Xin Zhao"", ""Karma"", ""Neeko"", ""Braum""]","[""Taliyah"", ""Ivern"", ""Caitlyn"", ""Leona"", ""Aatrox""]","[""Wukong"", ""Orianna"", ""Jinx"", ""Nautilus"", ""Darius""]",[],[],1,leaguepedia_cargo_patch_range,0
LCP/2026 Season/Split 2_Week 6_3_2,2026-05-10 10:07:00,26.09,LCP 2026 Split 2,Deep Cross Gaming,DetonatioN FocusMe,Deep Cross Gaming,"[""Ezreal"", ""Nautilus"", ""Varus"", ""Ryze"", ""Jayce""]","[""Orianna"", ""Rumble"", ""Nocturne"", ""Anivia"", ""Yorick""]","[""Ashe"", ""Seraphine"", ""Xin Zhao"", ""Zoe"", ""Ambessa""]","[""Jhin"", ""Karma"", ""Trundle"", ""Aurora"", ""Vayne""]",[],[],1,leaguepedia_cargo_patch_range,0
Nexus League/2026 Season/Spring Split_Week 5_5_1,2026-05-10 10:08:00,26.09,Nexus League 2026 Spring,Crystal Rose (French Team),Caldya Esport,Caldya Esport,"[""Karma"", ""Ezreal"", ""Yorick"", ""Caitlyn"", ""Lulu""]","[""Nocturne"", ""Aatrox"", ""Orianna"", ""Jhin"", ""Smolder""]","[""Aurelion Sol"", ""Gragas"", ""Naafiri"", ""Varus"", ""Neeko""]","[""Vi"", ""Anivia"", ""Sion"", ""Corki"", ""Nami""]",[],[],0,leaguepedia_cargo_patch_range,1
LPL/2026 Season/Split 2_Week 6_9_2,2026-05-10 10:12:00,26.09,LPL 2026 Split 2,Weibo Gaming,Ninjas in Pyjamas.CN,Weibo Gaming,"[""Jarvan IV"", ""Rumble"", ""Ambessa"", ""Nami"", ""Caitlyn""]","[""Orianna"", ""Ashe"", ""Nocturne"", ""Gnar"", ""Xin Zhao""]","[""Annie"", ""Yunara"", ""Lulu"", ""Gwen"", ""Naafiri""]","[""Vi"", ""Viktor"", ""Sion"", ""Jhin"", ""Bard""]",[],[],1,leaguepedia_cargo_patch_range,0
Hellenic Challengers Cup/2026 Season/Spring Playoffs_Finals_1_1,2026-05-10 10:20:00,26.09,HCC 2026 Spring Playoffs,Zerolag Esports,EKSI EPTA,Zerolag Esports,"[""Aurelion Sol"", ""Caitlyn"", ""Anivia"", ""Pantheon"", ""Gwen""]","[""Rumble"", ""Orianna"", ""Ryze"", ""Gnar"", ""Annie""]","[""Ezreal"", ""Jarvan IV"", ""Nami"", ""Xerath"", ""Sion""]","[""Karma"", ""Viktor"", ""Sivir"", ""Xin Zhao"", ""Ornn""]",[],[],1,leaguepedia_cargo_patch_range,0
LCK Academy Series/2026 Season/1st Championship Playoffs_Round 2_2_2,2026-05-10 10:30:00,26.09,LCK AS 2026 1st Championship Playoffs,Hanwha Life Esports Academy,Dplus Kia Youth,Dplus Kia Youth,"[""Varus"", ""Xin Zhao"", ""Pantheon"", ""Nautilus"", ""Karma""]","[""Rumble"", ""Orianna"", ""Ezreal"", ""Ashe"", ""Jhin""]","[""Jarvan IV"", ""Ryze"", ""Jayce"", ""Corki"", ""Nami""]","[""Annie"", ""Lee Sin"", ""Yorick"", ""Lulu"", ""Yunara""]",[],[],0,leaguepedia_cargo_patch_range,1
LCK/2026 Season/Rounds 1-2_Week 6_10_1,2026-05-10 10:32:00,26.09,LCK 2026 Rounds 1-2,Kiwoom DRX,Hanwha Life Esports,Kiwoom DRX,"[""Varus"", ""Jayce"", ""Vayne"", ""Caitlyn"", ""Jhin""]","[""Orianna"", ""Rumble"", ""Ezreal"", ""Yunara"", ""Karma""]","[""Jarvan IV"", ""Gnar"", ""Ryze"", ""Miss Fortune"", ""Nautilus""]","[""Bard"", ""Xin Zhao"", ""Cassiopeia"", ""Tristana"", ""Sivir""]",[],[],1,leaguepedia_cargo_patch_range,0
Nexus League/2026 Season/Spring Split_Week 5_6_1,2026-05-10 11:09:00,26.09,Nexus League 2026 Spring,Lille Esport,Galions Sharks,Lille Esport,"[""Bard"", ""Rumble"", ""Ambessa"", ""Renekton"", ""Gnar""]","[""Orianna"", ""Nocturne"", ""Ashe"", ""Syndra"", ""Ryze""]","[""Xin Zhao"", ""Varus"", ""Nautilus"", ""Viktor"", ""K'Sante""]","[""Karma"", ""Ezreal"", ""Zaahen"", ""Annie"", ""Gwen""]",[],[],1,leaguepedia_cargo_patch_range,0
Hellenic Challengers Cup/2026 Season/Spring Playoffs_Finals_1_2,2026-05-10 11:11:00,26.09,HCC 2026 Spring Playoffs,EKSI EPTA,Zerolag Esports,Zerolag Esports,"[""Rumble"", ""Pantheon"", ""Varus"", ""Kai'Sa"", ""Jayce""]","[""Aurelion Sol"", ""Caitlyn"", ""Dr. Mundo"", ""Corki"", ""Xayah""]","[""Ryze"", ""Wukong"", ""Bard"", ""Jhin"", ""Gnar""]","[""Orianna"", ""Nocturne"", ""Nautilus"", ""Lucian"", ""Malphite""]",[],[],0,leaguepedia_cargo_patch_range,1
LCP/2026 Season/Split 2_Week 6_4_1,2026-05-10 11:14:00,26.09,LCP 2026 Split 2,Fukuoka SoftBank HAWKS gaming,GAM Esports,GAM Esports,"[""Nocturne"", ""Nautilus"", ""Ezreal"", ""Pyke"", ""Viktor""]","[""Orianna"", ""Ryze"", ""Lee Sin"", ""Vi"", ""Xin Zhao""]","[""Rumble"", ""Lucian"", ""Milio"", ""Aurora"", ""Pantheon""]","[""Jarvan IV"", ""Varus"", ""Ambessa"", ""Bard"", ""Ahri""]",[],[],0,leaguepedia_cargo_patch_range,1
LCK/2026 Season/Rounds 1-2_Week 6_10_2,2026-05-10 11:21:00,26.09,LCK 2026 Rounds 1-2,Kiwoom DRX,Hanwha Life Esports,Hanwha Life Esports,"[""Varus"", ""Karma"", ""Aurora"", ""Milio"", ""Wukong""]","[""Orianna"", ""Jayce"", ""Yone"", ""Jhin"", ""Caitlyn""]","[""Rumble"", ""Vi"", ""Ahri"", ""Ashe"", ""Seraphine""]","[""Anivia"", ""Lucian"", ""Annie"", ""Lee Sin"", ""Nami""]",[],[],0,leaguepedia_cargo_patch_range,1
LCK Academy Series/2026 Season/1st Championship Playoffs_Round 2_2_3,2026-05-10 11:24:00,26.09,LCK AS 2026 1st Championship Playoffs,Hanwha Life Esports Academy,Dplus Kia Youth,Dplus Kia Youth,"[""Pantheon"", ""Xin Zhao"", ""Olaf"", ""Kai'Sa"", ""Kalista""]","[""Orianna"", ""Rumble"", ""Ezreal"", ""Karma"", ""Nautilus""]","[""Varus"", ""Maokai"", ""Yone"", ""Gwen"", ""Alistar""]","[""Naafiri"", ""Azir"", ""Neeko"", ""Sion"", ""Jhin""]",[],[],0,leaguepedia_cargo_patch_range,1
LPL/2026 Season/Split 2_Week 6_10_1,2026-05-10 11:25:00,26.09,LPL 2026 Split 2,JD Gaming,Anyone's Legend,JD Gaming,"[""Nocturne"", ""Jarvan IV"", ""Ashe"", ""Twisted Fate"", ""Ryze""]","[""Orianna"", ""Sion"", ""Bard"", ""Ambessa"", ""Yorick""]","[""Karma"", ""Vi"", ""Ezreal"", ""Cassiopeia"", ""Aurora""]","[""Varus"", ""Nautilus"", ""Rumble"", ""Annie"", ""Naafiri""]",[],[],1,leaguepedia_cargo_patch_range,0
Hitpoint 2nd Division Challengers/2026 Season/Spring Split_Week 3_4_1,2026-05-10 11:36:00,26.09,Hitpoint 2nd Div Challengers 2026 Spring,CITA Kaizen Academy,Andromeda Gaming,CITA Kaizen Academy,"[""Jarvan IV"", ""Nautilus"", ""Varus"", ""Mel"", ""Viktor""]","[""Syndra"", ""Ambessa"", ""Rumble"", ""Ahri"", ""Orianna""]","[""Zac"", ""Wukong"", ""Aurora"", ""Lucian"", ""Nami""]","[""Yone"", ""Xin Zhao"", ""Ryze"", ""Smolder"", ""Leona""]",[],[],1,leaguepedia_cargo_patch_range,0
LCP/2026 Season/Split 2_Week 6_4_2,2026-05-10 11:59:00,26.09,LCP 2026 Split 2,Fukuoka SoftBank HAWKS gaming,GAM Esports,GAM Esports,"[""Orianna"", ""Lee Sin"", ""Cassiopeia"", ""Sion"", ""Yorick""]","[""Nocturne"", ""Karma"", ""Ryze"", ""Trundle"", ""Mel""]","[""Ezreal"", ""Nautilus"", ""Jayce"", ""Naafiri"", ""Hwei""]","[""Ashe"", ""Seraphine"", ""Xin Zhao"", ""Annie"", ""K'Sante""]",[],[],0,leaguepedia_cargo_patch_range,1
Nexus League/2026 Season/Spring Split_Week 5_7_1,2026-05-10 12:00:00,26.09,Nexus League 2026 Spring,Karmine Corp Blue Stars,Zephyr Esport,Karmine Corp Blue Stars,"[""Zoe"", ""Karma"", ""Ryze"", ""Ahri"", ""Sion""]","[""Aurora"", ""Pantheon"", ""Orianna"", ""Sylas"", ""Akali""]","[""Xin Zhao"", ""Corki"", ""Nami"", ""K'Sante"", ""LeBlanc""]","[""Ezreal"", ""Jarvan IV"", ""Nautilus"", ""Syndra"", ""Rumble""]",[],[],1,leaguepedia_cargo_patch_range,0
LCK/2026 Season/Rounds 1-2_Week 6_10_3,2026-05-10 12:06:00,26.09,LCK 2026 Rounds 1-2,Hanwha Life Esports,Kiwoom DRX,Hanwha Life Esports,"[""Jayce"", ""Vayne"", ""Twisted Fate"", ""Taliyah"", ""Azir""]","[""Orianna"", ""Karma"", ""Ezreal"", ""Caitlyn"", ""Renekton""]","[""Varus"", ""Nocturne"", ""Aurora"", ""Poppy"", ""K'Sante""]","[""Lulu"", ""Yunara"", ""Jax"", ""Sylas"", ""Pantheon""]",[],[],1,leaguepedia_cargo_patch_range,0
Hellenic Challengers Cup/2026 Season/Spring Playoffs_Finals_1_3,2026-05-10 12:07:00,26.09,HCC 2026 Spring Playoffs,Zerolag Esports,EKSI EPTA,EKSI EPTA,"[""Aurelion Sol"", ""Caitlyn"", ""Vladimir"", ""Jax"", ""Riven""]","[""Rumble"", ""Pantheon"", ""Aurora"", ""Akali"", ""Syndra""]","[""Ashe"", ""Vi"", ""Seraphine"", ""Lux"", ""Olaf""]","[""Lulu"", ""Yunara"", ""Mel"", ""Varus"", ""Naafiri""]",[],[],0,leaguepedia_cargo_patch_range,1
LPL/2026 Season/Split 2_Week 6_10_2,2026-05-10 12:30:00,26.09,LPL 2026 Split 2,Anyone's Legend,JD Gaming,Anyone's Legend,"[""Sion"", ""Pantheon"", ""Azir"", ""Qiyana"", ""Trundle""]","[""Nocturne"", ""Jarvan IV"", ""Renekton"", ""Skarner"", ""Kha'Zix""]","[""Orianna"", ""Lucian"", ""Milio"", ""Malphite"", ""Ambessa""]","[""Ashe"", ""Seraphine"", ""Ryze"", ""Xin Zhao"", ""Vayne""]",[],[],1,leaguepedia_cargo_patch_range,0
Hitpoint 2nd Division Challengers/2026 Season/Spring Split_Week 3_4_2,2026-05-10 12:31:00,26.09,Hitpoint 2nd Div Challengers 2026 Spring,Andromeda Gaming,CITA Kaizen Academy,Andromeda Gaming,"[""Ambessa"", ""Syndra"", ""Zaahen"", ""Nautilus"", ""Lulu""]","[""Jarvan IV"", ""Karma"", ""Varus"", ""Ahri"", ""Viktor""]","[""Gragas"", ""Vi"", ""LeBlanc"", ""Xayah"", ""Rakan""]","[""Rumble"", ""Pantheon"", ""Azir"", ""Caitlyn"", ""Bard""]",[],[],1,leaguepedia_cargo_patch_range,0
Nexus League/2026 Season/Spring Split_Week 5_8_1,2026-05-10 12:57:00,26.09,Nexus League 2026 Spring,Project Conquerors,Lausanne-Sport Esports,Project Conquerors,"[""Zoe"", ""Jarvan IV"", ""Jayce"", ""Ahri"", ""Aurora""]","[""Ryze"", ""Orianna"", ""Karma"", ""Sion"", ""Akali""]","[""Ezreal"", ""Skarner"", ""Nautilus"", ""Hwei"", ""Renekton""]","[""Vi"", ""Kai'Sa"", ""Rell"", ""Viktor"", ""Kennen""]",[],[],1,leaguepedia_cargo_patch_range,0
Prime League 2nd Division/2026 Season/Spring Split_Week 2_5_1,2026-05-10 13:11:00,26.09,PRM 2nd Division 25-26 Spring,Reveal Multigaming,DKB XPERION NXT,Reveal Multigaming,[],[],[],[],[],[],1,leaguepedia_cargo_patch_range,0
Prime League 2nd Division/2026 Season/Spring Split_Week 2_6_1,2026-05-10 13:11:00,26.09,PRM 2nd Division 25-26 Spring,MT1 Esports,TeamOrangeGaming Academy,MT1 Esports,[],[],[],[],[],[],1,leaguepedia_cargo_patch_range,0
LEC/2026 Season/Spring Season_Week 7_5_1,2026-05-10 13:12:00,26.09,LEC 2026 Spring,GIANTX,Karmine Corp,Karmine Corp,"[""Bard"", ""Ashe"", ""Jarvan IV"", ""Yunara"", ""Sivir""]","[""Orianna"", ""Vi"", ""Rumble"", ""Nautilus"", ""Elise""]","[""Varus"", ""Nocturne"", ""Ryze"", ""Neeko"", ""Renekton""]","[""Aurora"", ""Pantheon"", ""Lulu"", ""Zeri"", ""Anivia""]",[],[],0,leaguepedia_cargo_patch_range,1
Hellenic Challengers Cup/2026 Season/Spring Playoffs_Finals_1_4,2026-05-10 13:17:00,26.09,HCC 2026 Spring Playoffs,EKSI EPTA,Zerolag Esports,Zerolag Esports,"[""Rumble"", ""Annie"", ""Sejuani"", ""Rakan"", ""Gwen""]","[""Aurelion Sol"", ""Caitlyn"", ""Vladimir"", ""Kennen"", ""Braum""]","[""Pantheon"", ""Aurora"", ""Smolder"", ""Poppy"", ""Renekton""]","[""Kai'Sa"", ""Skarner"", ""Akali"", ""Rell"", ""Jax""]",[],[],0,leaguepedia_cargo_patch_range,1
LPL/2026 Season/Split 2_Week 6_10_3,2026-05-10 13:23:00,26.09,LPL 2026 Split 2,JD Gaming,Anyone's Legend,JD Gaming,"[""Nocturne"", ""Twisted Fate"", ""Renekton"", ""Ziggs"", ""Kai'Sa""]","[""Jarvan IV"", ""Sion"", ""Bard"", ""Neeko"", ""Nami""]","[""Azir"", ""Skarner"", ""Gnar"", ""Jhin"", ""Anivia""]","[""Yone"", ""Maokai"", ""Jax"", ""Caitlyn"", ""Elise""]",[],[],1,leaguepedia_cargo_patch_range,0
Hitpoint 2nd Division Challengers/2026 Season/Spring Split_Week 3_4_3,2026-05-10 13:42:00,26.09,Hitpoint 2nd Div Challengers 2026 Spring,Andromeda Gaming,CITA Kaizen Academy,CITA Kaizen Academy,"[""Syndra"", ""Ambessa"", ""Ahri"", ""Sylas"", ""Zaahen""]","[""Jarvan IV"", ""Nautilus"", ""Mel"", ""Rell"", ""Neeko""]","[""Cho'Gath"", ""Nocturne"", ""Orianna"", ""Kai'Sa"", ""Thresh""]","[""Sion"", ""Aatrox"", ""Akali"", ""Ezreal"", ""Karma""]",[],[],0,leaguepedia_cargo_patch_range,1
Prime League 2nd Division/2026 Season/Spring Split_Week 2_5_2,2026-05-10 14:01:00,26.09,PRM 2nd Division 25-26 Spring,Reveal Multigaming,DKB XPERION NXT,Reveal Multigaming,[],[],[],[],[],[],1,leaguepedia_cargo_patch_range,0
LEC/2026 Season/Spring Season_Week 7_5_2,2026-05-10 14:10:00,26.09,LEC 2026 Spring,Karmine Corp,GIANTX,GIANTX,"[""Nautilus"", ""Xin Zhao"", ""Elise"", ""Sion"", ""Vayne""]","[""Orianna"", ""Rumble"", ""Ashe"", ""LeBlanc"", ""Jayce""]","[""Bard"", ""Vi"", ""Caitlyn"", ""Viktor"", ""Cassiopeia""]","[""Ezreal"", ""Karma"", ""Skarner"", ""Gnar"", ""Azir""]",[],[],0,leaguepedia_cargo_patch_range,1
Prime League 2nd Division/2026 Season/Spring Split_Week 2_6_2,2026-05-10 14:10:00,26.09,PRM 2nd Division 25-26 Spring,TeamOrangeGaming Academy,MT1 Esports,MT1 Esports,[],[],[],[],[],[],0,leaguepedia_cargo_patch_range,1
LEC/2026 Season/Spring Season_Week 7_5_3,2026-05-10 15:17:00,26.09,LEC 2026 Spring,Karmine Corp,GIANTX,GIANTX,"[""Ashe"", ""Jarvan IV"", ""Annie"", ""Jayce"", ""Vayne""]","[""Orianna"", ""Rumble"", ""Sion"", ""Taliyah"", ""Akali""]","[""Xin Zhao"", ""Lucian"", ""Nami"", ""Jax"", ""Ahri""]","[""Corki"", ""Naafiri"", ""Nautilus"", ""Brand"", ""Sylas""]",[],[],0,leaguepedia_cargo_patch_range,1
Prime League 2nd Division/2026 Season/Spring Split_Week 2_7_1,2026-05-10 15:46:00,26.09,PRM 2nd Division 25-26 Spring,Spongecord prime,LOOKSMAXXER,Spongecord prime,[],[],[],[],[],[],1,leaguepedia_cargo_patch_range,0
Prime League 2nd Division/2026 Season/Spring Split_Week 2_8_1,2026-05-10 15:48:00,26.09,PRM 2nd Division 25-26 Spring,Babos Gaming,regnum4games,Babos Gaming,[],[],[],[],[],[],1,leaguepedia_cargo_patch_range,0
CBLOL/2026 Season/Split 1 Playoffs_Round 1_2_1,2026-05-10 16:13:00,26.09,CBLOL 2026 Split 1 Playoffs,Fluxo W7M,LØS,Fluxo W7M,"[""Orianna"", ""Varus"", ""Nocturne"", ""Vayne"", ""Ryze""]","[""Rumble"", ""Karma"", ""Jarvan IV"", ""Cassiopeia"", ""Akali""]","[""Pantheon"", ""Lucian"", ""Milio"", ""Zoe"", ""Renekton""]","[""Trundle"", ""Bard"", ""Caitlyn"", ""Viktor"", ""Kennen""]",[],[],1,leaguepedia_cargo_patch_range,0
LEC/2026 Season/Spring Season_Week 7_6_1,2026-05-10 16:29:00,26.09,LEC 2026 Spring,G2 Esports,Movistar KOI,Movistar KOI,"[""Nautilus"", ""Varus"", ""Akali"", ""Anivia"", ""Bard""]","[""Ashe"", ""Lulu"", ""Orianna"", ""Jarvan IV"", ""Xin Zhao""]","[""Karma"", ""Ezreal"", ""Ornn"", ""Ryze"", ""Nocturne""]","[""Rumble"", ""Pantheon"", ""Yunara"", ""Rakan"", ""Azir""]",[],[],0,leaguepedia_cargo_patch_range,1
Prime League 2nd Division/2026 Season/Spring Split_Week 2_7_2,2026-05-10 16:43:00,26.09,PRM 2nd Division 25-26 Spring,Spongecord prime,LOOKSMAXXER,Spongecord prime,[],[],[],[],[],[],1,leaguepedia_cargo_patch_range,0
Prime League 2nd Division/2026 Season/Spring Split_Week 2_8_2,2026-05-10 16:44:00,26.09,PRM 2nd Division 25-26 Spring,Babos Gaming,regnum4games,regnum4games,[],[],[],[],[],[],0,leaguepedia_cargo_patch_range,1
CBLOL/2026 Season/Split 1 Playoffs_Round 1_2_2,2026-05-10 16:56:00,26.09,CBLOL 2026 Split 1 Playoffs,Fluxo W7M,LØS,LØS,"[""Vi"", ""Karma"", ""Seraphine"", ""Neeko"", ""Annie""]","[""Orianna"", ""Varus"", ""Nautilus"", ""Sivir"", ""Jhin""]","[""Rumble"", ""Nocturne"", ""Ryze"", ""Corki"", ""Nami""]","[""Jarvan IV"", ""Ezreal"", ""K'Sante"", ""Ahri"", ""Alistar""]",[],[],0,leaguepedia_cargo_patch_range,1
CBLOL/2026 Season/Split 1 Playoffs_Round 1_2_3,2026-05-10 17:41:00,26.09,CBLOL 2026 Split 1 Playoffs,Fluxo W7M,LØS,Fluxo W7M,"[""Orianna"", ""Varus"", ""Jayce"", ""Aurora"", ""Vayne""]","[""Vi"", ""Karma"", ""Seraphine"", ""Akali"", ""Annie""]","[""Aatrox"", ""Xayah"", ""Rakan"", ""LeBlanc"", ""Ambessa""]","[""Neeko"", ""Xin Zhao"", ""Yunara"", ""Taliyah"", ""Gnar""]",[],[],1,leaguepedia_cargo_patch_range,0
LEC/2026 Season/Spring Season_Week 7_6_2,2026-05-10 17:41:00,26.09,LEC 2026 Spring,Movistar KOI,G2 Esports,G2 Esports,"[""Xin Zhao"", ""Ashe"", ""Lucian"", ""Viktor"", ""Yasuo""]","[""Orianna"", ""Varus"", ""Caitlyn"", ""Anivia"", ""Syndra""]","[""Jarvan IV"", ""Nautilus"", ""Kai'Sa"", ""Gnar"", ""Lissandra""]","[""Lulu"", ""Skarner"", ""Sivir"", ""Ahri"", ""Vayne""]",[],[],0,leaguepedia_cargo_patch_range,1
Prime League 2nd Division/2026 Season/Spring Split_Week 2_8_3,2026-05-10 17:48:00,26.09,PRM 2nd Division 25-26 Spring,regnum4games,Babos Gaming,Babos Gaming,[],[],[],[],[],[],0,leaguepedia_cargo_patch_range,1
CBLOL/2026 Season/Split 1 Playoffs_Round 1_2_4,2026-05-10 18:31:00,26.09,CBLOL 2026 Split 1 Playoffs,Fluxo W7M,LØS,LØS,"[""Orianna"", ""Jayce"", ""Seraphine"", ""Syndra"", ""Aurora""]","[""Vi"", ""Karma"", ""Sion"", ""Akali"", ""Galio""]","[""Varus"", ""Zaahen"", ""Nautilus"", ""Cassiopeia"", ""Gwen""]","[""Sivir"", ""Naafiri"", ""Rell"", ""Annie"", ""Vayne""]",[],[],0,leaguepedia_cargo_patch_range,1
LEC/2026 Season/Spring Season_Week 7_6_3,2026-05-10 18:38:00,26.09,LEC 2026 Spring,G2 Esports,Movistar KOI,Movistar KOI,"[""Varus"", ""Vi"", ""Akali"", ""Poppy"", ""Viktor""]","[""Nami"", ""Caitlyn"", ""Orianna"", ""Trundle"", ""Olaf""]","[""Seraphine"", ""Miss Fortune"", ""K'Sante"", ""LeBlanc"", ""Lee Sin""]","[""Ashe"", ""Anivia"", ""Xin Zhao"", ""Rell"", ""Galio""]",[],[],0,leaguepedia_cargo_patch_range,1
CBLOL/2026 Season/Split 1 Playoffs_Round 1_2_5,2026-05-10 19:20:00,26.09,CBLOL 2026 Split 1 Playoffs,Fluxo W7M,LØS,Fluxo W7M,"[""Orianna"", ""Jayce"", ""Aurora"", ""Syndra"", ""Camille""]","[""Vi"", ""Karma"", ""Seraphine"", ""Wukong"", ""Sylas""]","[""Sion"", ""Jinx"", ""Thresh"", ""Yone"", ""Maokai""]","[""Aphelios"", ""Skarner"", ""Lulu"", ""Twisted Fate"", ""Olaf""]",[],[],1,leaguepedia_cargo_patch_range,0
LCS/2026 Season/Spring Season_Week 6_3_1,2026-05-10 20:07:00,26.09,LCS 2026 Spring,FlyQuest,Cloud9,FlyQuest,"[""Varus"", ""Jarvan IV"", ""Ambessa"", ""Anivia"", ""Viktor""]","[""Orianna"", ""Bard"", ""Xin Zhao"", ""Taliyah"", ""Ziggs""]","[""Karma"", ""Ezreal"", ""Vi"", ""K'Sante"", ""Annie""]","[""Lucian"", ""Milio"", ""Shen"", ""Rumble"", ""Cassiopeia""]",[],[],1,leaguepedia_cargo_patch_range,0
LCS/2026 Season/Spring Season_Week 6_3_2,2026-05-10 21:06:00,26.09,LCS 2026 Spring,FlyQuest,Cloud9,Cloud9,"[""Nocturne"", ""Ambessa"", ""Ryze"", ""Jayce"", ""Anivia""]","[""Orianna"", ""Bard"", ""Varus"", ""Ziggs"", ""Taliyah""]","[""Seraphine"", ""Xin Zhao"", ""Senna"", ""Renekton"", ""Viktor""]","[""Ashe"", ""Jarvan IV"", ""Lulu"", ""Aurora"", ""Sion""]",[],[],0,leaguepedia_cargo_patch_range,1
LCS/2026 Season/Spring Season_Week 6_3_3,2026-05-10 22:02:00,26.09,LCS 2026 Spring,Cloud9,FlyQuest,Cloud9,"[""Ziggs"", ""Nocturne"", ""Taliyah"", ""Yorick"", ""Jayce""]","[""Orianna"", ""Varus"", ""Caitlyn"", ""Ambessa"", ""Vayne""]","[""Bard"", ""Jhin"", ""Anivia"", ""Dr. Mundo"", ""Hwei""]","[""Corki"", ""Nami"", ""Sejuani"", ""Gnar"", ""Twisted Fate""]",[],[],1,leaguepedia_cargo_patch_range,0
LCS/2026 Season/Spring Season_Week 6_4_1,2026-05-10 22:54:00,26.09,LCS 2026 Spring,Team Liquid,LYON (2024 American Team),LYON (2024 American Team),"[""Nocturne"", ""Pantheon"", ""Lee Sin"", ""Ryze"", ""Sion""]","[""Orianna"", ""Bard"", ""Varus"", ""Rumble"", ""Gwen""]","[""Karma"", ""Jarvan IV"", ""Ezreal"", ""Twisted Fate"", ""Jayce""]","[""Ashe"", ""Seraphine"", ""Xin Zhao"", ""Aurora"", ""Gragas""]",[],[],0,leaguepedia_cargo_patch_range,1
LCS/2026 Season/Spring Season_Week 6_4_2,2026-05-10 23:47:00,26.09,LCS 2026 Spring,LYON (2024 American Team),Team Liquid,Team Liquid,"[""Bard"", ""Varus"", ""Akali"", ""Ornn"", ""Ambessa""]","[""Pantheon"", ""Nocturne"", ""Orianna"", ""Wukong"", ""Annie""]","[""Rumble"", ""Caitlyn"", ""Neeko"", ""Yone"", ""Skarner""]","[""Ryze"", ""Lucian"", ""Milio"", ""Vi"", ""Ahri""]",[],[],0,leaguepedia_cargo_patch_range,1
LCS/2026 Season/Spring Season_Week 6_4_3,2026-05-11 00:44:00,26.09,LCS 2026 Spring,Team Liquid,LYON (2024 American Team),LYON (2024 American Team),"[""Pantheon"", ""Lee Sin"", ""Renekton"", ""Wukong"", ""Naafiri""]","[""Orianna"", ""Varus"", ""Lulu"", ""Azir"", ""Akali""]","[""Nocturne"", ""Corki"", ""Nami"", ""Anivia"", ""Sylas""]","[""Xayah"", ""Rakan"", ""Viktor"", ""Sejuani"", ""Jax""]",[],[],0,leaguepedia_cargo_patch_range,1
LCK CL/2026 Season/Rounds 1-2_Week 7_1_1,2026-05-11 05:05:00,26.09,LCK CL 2026 Rounds 1-2,Nongshim Esports Academy,Kiwoom DRX Challengers,Kiwoom DRX Challengers,"[""Varus"", ""Bard"", ""Karma"", ""Akali"", ""Ahri""]","[""Rumble"", ""Jarvan IV"", ""Nocturne"", ""Lucian"", ""Ashe""]","[""Pantheon"", ""Jayce"", ""Orianna"", ""Yunara"", ""Lulu""]","[""Ezreal"", ""Neeko"", ""Vi"", ""Sion"", ""Ryze""]",[],[],0,leaguepedia_cargo_patch_range,1
LCK CL/2026 Season/Rounds 1-2_Week 7_1_2,2026-05-11 05:55:00,26.09,LCK CL 2026 Rounds 1-2,Kiwoom DRX Challengers,Nongshim Esports Academy,Nongshim Esports Academy,"[""Bard"", ""Vayne"", ""Twisted Fate"", ""Anivia"", ""Akali""]","[""Rumble"", ""Nocturne"", ""Jarvan IV"", ""Alistar"", ""Braum""]","[""Varus"", ""Lee Sin"", ""Annie"", ""Ashe"", ""Seraphine""]","[""Gnar"", ""Miss Fortune"", ""Nautilus"", ""Cassiopeia"", ""Xin Zhao""]",[],[],0,leaguepedia_cargo_patch_range,1
LCK CL/2026 Season/Rounds 1-2_Week 7_1_3,2026-05-11 06:49:00,26.09,LCK CL 2026 Rounds 1-2,Nongshim Esports Academy,Kiwoom DRX Challengers,Nongshim Esports Academy,"[""Karma"", ""Vayne"", ""Rumble"", ""Mel"", ""Dr. Mundo""]","[""Bard"", ""Nocturne"", ""Jarvan IV"", ""Wukong"", ""Naafiri""]","[""Lucian"", ""Milio"", ""Twisted Fate"", ""Renekton"", ""Maokai""]","[""Caitlyn"", ""Aurora"", ""Nami"", ""Trundle"", ""Jax""]",[],[],1,leaguepedia_cargo_patch_range,0
LCK CL/2026 Season/Rounds 1-2_Week 7_2_1,2026-05-11 07:55:00,26.09,LCK CL 2026 Rounds 1-2,Gen.G Global Academy,T1 Esports Academy,T1 Esports Academy,"[""Varus"", ""Bard"", ""Karma"", ""Vayne"", ""Orianna""]","[""Rumble"", ""Jarvan IV"", ""Nocturne"", ""Jayce"", ""Viktor""]","[""Pantheon"", ""Nautilus"", ""Mel"", ""Gnar"", ""Aurora""]","[""Ashe"", ""Seraphine"", ""Xin Zhao"", ""Sion"", ""Annie""]",[],[],0,leaguepedia_cargo_patch_range,1
LCK CL/2026 Season/Rounds 1-2_Week 7_2_2,2026-05-11 08:38:00,26.09,LCK CL 2026 Rounds 1-2,T1 Esports Academy,Gen.G Global Academy,T1 Esports Academy,"[""Varus"", ""Karma"", ""Milio"", ""Twisted Fate"", ""Ryze""]","[""Orianna"", ""Rumble"", ""Bard"", ""Vayne"", ""Ambessa""]","[""Nocturne"", ""Ezreal"", ""Neeko"", ""Renekton"", ""Ahri""]","[""Yunara"", ""Lulu"", ""Jarvan IV"", ""K'Sante"", ""LeBlanc""]",[],[],1,leaguepedia_cargo_patch_range,0
LCK CL/2026 Season/Rounds 1-2_Week 7_3_1,2026-05-11 09:42:00,26.09,LCK CL 2026 Rounds 1-2,DN SOOPers Challengers,BNK FEARX Youth,DN SOOPers Challengers,"[""Varus"", ""Neeko"", ""Karma"", ""Sion"", ""Pantheon""]","[""Rumble"", ""Jarvan IV"", ""Akali"", ""Lucian"", ""Nautilus""]","[""Nocturne"", ""Jayce"", ""Ahri"", ""Yunara"", ""Lulu""]","[""Orianna"", ""Bard"", ""Ezreal"", ""K'Sante"", ""Xin Zhao""]",[],[],1,leaguepedia_cargo_patch_range,0
LCK CL/2026 Season/Rounds 1-2_Week 7_3_2,2026-05-11 10:28:00,26.09,LCK CL 2026 Rounds 1-2,DN SOOPers Challengers,BNK FEARX Youth,DN SOOPers Challengers,"[""Varus"", ""Karma"", ""Vi"", ""Vayne"", ""Ryze""]","[""Rumble"", ""Jarvan IV"", ""Akali"", ""LeBlanc"", ""Gnar""]","[""Pantheon"", ""Miss Fortune"", ""Nautilus"", ""Sion"", ""Aurora""]","[""Lucian"", ""Milio"", ""Skarner"", ""Anivia"", ""Gwen""]",[],[],1,leaguepedia_cargo_patch_range,0
TCL/2026 Season/Spring Split_Week 6_1_1,2026-05-11 14:30:00,26.09,TCL 2026 Spring,SU Esports,Ozarox Esports,Ozarox Esports,"[""Kalista"", ""Ezreal"", ""Nautilus"", ""Aurora"", ""LeBlanc""]","[""Orianna"", ""Ashe"", ""Karma"", ""Ahri"", ""Syndra""]","[""Jarvan IV"", ""Jinx"", ""Lulu"", ""Ryze"", ""Gwen""]","[""Xin Zhao"", ""Nami"", ""Lucian"", ""Sion"", ""Anivia""]",[],[],0,leaguepedia_cargo_patch_range,1
Prime League 1st Division/2026 Season/Spring Split_Week 7_1_1,2026-05-11 15:09:00,26.09,PRM 1st Division 2026 Spring,Eintracht Frankfurt,G2 NORD,G2 NORD,"[""Nautilus"", ""Bard"", ""Vi"", ""Ryze"", ""Rumble""]","[""Orianna"", ""Jarvan IV"", ""Seraphine"", ""Anivia"", ""Jayce""]","[""Ezreal"", ""Xin Zhao"", ""Nami"", ""Sion"", ""Ahri""]","[""Karma"", ""Pantheon"", ""Sivir"", ""Aurora"", ""Gwen""]",[],[],0,leaguepedia_cargo_patch_range,1
Hitpoint 2nd Division Challengers/2026 Season/Spring Split_Week 4_1_1,2026-05-11 15:18:00,26.09,Hitpoint 2nd Div Challengers 2026 Spring,Andromeda Gaming,Ethereal Enigmas,Andromeda Gaming,"[""Ivern"", ""Lucian"", ""Renekton"", ""Caitlyn"", ""Varus""]","[""Karma"", ""Yunara"", ""Vi"", ""Rakan"", ""Seraphine""]","[""Wukong"", ""Ambessa"", ""Ahri"", ""Xayah"", ""Pyke""]","[""Camille"", ""Jarvan IV"", ""Taliyah"", ""Brand"", ""Nami""]",[],[],1,leaguepedia_cargo_patch_range,0
TCL/2026 Season/Spring Split_Week 6_1_2,2026-05-11 15:56:00,26.09,TCL 2026 Spring,Ozarox Esports,SU Esports,Ozarox Esports,"[""Nautilus"", ""Orianna"", ""Nocturne"", ""Caitlyn"", ""Tristana""]","[""Ashe"", ""Karma"", ""Pantheon"", ""LeBlanc"", ""Aurora""]","[""Rumble"", ""Kalista"", ""Renata Glasc"", ""Zaahen"", ""Viktor""]","[""K'Sante"", ""Vi"", ""Ahri"", ""Rell"", ""Aphelios""]",[],[],1,leaguepedia_cargo_patch_range,0
Prime League 1st Division/2026 Season/Spring Split_Week 7_1_2,2026-05-11 16:09:00,26.09,PRM 1st Division 2026 Spring,G2 NORD,Eintracht Frankfurt,G2 NORD,"[""Nautilus"", ""Varus"", ""Bard"", ""Nocturne"", ""Anivia""]","[""Orianna"", ""Jarvan IV"", ""Ryze"", ""Vi"", ""Naafiri""]","[""Seraphine"", ""Rumble"", ""Ashe"", ""Annie"", ""Lee Sin""]","[""Jayce"", ""Ziggs"", ""Pyke"", ""K'Sante"", ""Sylas""]",[],[],1,leaguepedia_cargo_patch_range,0
Hitpoint 2nd Division Challengers/2026 Season/Spring Split_Week 4_1_2,2026-05-11 16:18:00,26.09,Hitpoint 2nd Div Challengers 2026 Spring,Andromeda Gaming,Ethereal Enigmas,Ethereal Enigmas,"[""Orianna"", ""Lucian"", ""Ashe"", ""Draven"", ""Corki""]","[""Yunara"", ""Aurora"", ""Vi"", ""Vayne"", ""Anivia""]","[""Ivern"", ""Nautilus"", ""Yone"", ""Kai'Sa"", ""Sylas""]","[""Azir"", ""Nunu &amp; Willump"", ""Braum"", ""Gnar"", ""Caitlyn""]",[],[],0,leaguepedia_cargo_patch_range,1
TCL/2026 Season/Spring Split_Week 6_2_1,2026-05-11 16:58:00,26.09,TCL 2026 Spring,BoostGate Esports,Team Phoenix (Turkish Team),BoostGate Esports,"[""Neeko"", ""Ezreal"", ""Nautilus"", ""Lucian"", ""Varus""]","[""Rumble"", ""K'Sante"", ""Karma"", ""Ashe"", ""Caitlyn""]","[""Xin Zhao"", ""Gnar"", ""Aurora"", ""Yunara"", ""Lulu""]","[""Renekton"", ""Naafiri"", ""Sylas"", ""Xayah"", ""Rakan""]",[],[],1,leaguepedia_cargo_patch_range,0
Hitpoint 2nd Division Challengers/2026 Season/Spring Split_Week 4_1_3,2026-05-11 17:01:00,26.09,Hitpoint 2nd Div Challengers 2026 Spring,Ethereal Enigmas,Andromeda Gaming,Ethereal Enigmas,"[""Yunara"", ""Vi"", ""Karma"", ""Pantheon"", ""Nocturne""]","[""Lucian"", ""Zaahen"", ""Orianna"", ""Twitch"", ""Corki""]","[""Xin Zhao"", ""Aurora"", ""Bard"", ""Jhin"", ""Akali""]","[""Seraphine"", ""Ashe"", ""Viktor"", ""Hecarim"", ""Lee Sin""]",[],[],1,leaguepedia_cargo_patch_range,0
Prime League 1st Division/2026 Season/Spring Split_Week 7_2_1,2026-05-11 17:05:00,26.09,PRM 1st Division 2026 Spring,Kaufland Hangry Knights,TeamOrangeGaming,Kaufland Hangry Knights,"[""Nautilus"", ""Pyke"", ""Jarvan IV"", ""Aurora"", ""Jayce""]","[""Orianna"", ""Pantheon"", ""Lucian"", ""Aatrox"", ""Vi""]","[""Karma"", ""Caitlyn"", ""Rumble"", ""Nocturne"", ""Annie""]","[""Ezreal"", ""Skarner"", ""Bard"", ""Varus"", ""Azir""]",[],[],1,leaguepedia_cargo_patch_range,0
TCL/2026 Season/Spring Split_Week 6_2_2,2026-05-11 17:47:00,26.09,TCL 2026 Spring,BoostGate Esports,Team Phoenix (Turkish Team),Team Phoenix (Turkish Team),"[""Neeko"", ""Ezreal"", ""Nautilus"", ""LeBlanc"", ""Akali""]","[""Rumble"", ""K'Sante"", ""Nocturne"", ""Vladimir"", ""Jayce""]","[""Jarvan IV"", ""Caitlyn"", ""Senna"", ""Gwen"", ""Viktor""]","[""Aatrox"", ""Bard"", ""Varus"", ""Sion"", ""Ahri""]",[],[],0,leaguepedia_cargo_patch_range,1
Hitpoint 2nd Division Challengers/2026 Season/Spring Split_Week 4_2_1,2026-05-11 17:54:00,26.09,Hitpoint 2nd Div Challengers 2026 Spring,EXILE esports Academy,Rugby Club Havířov,Rugby Club Havířov,"[""K'Sante"", ""Ahri"", ""Smolder"", ""Jarvan IV"", ""Vi""]","[""Naafiri"", ""Xerath"", ""Karma"", ""Bard"", ""Nautilus""]","[""Syndra"", ""Xin Zhao"", ""Ezreal"", ""Nami"", ""Volibear""]","[""Ashe"", ""Seraphine"", ""Viktor"", ""Pantheon"", ""Sion""]",[],[],0,leaguepedia_cargo_patch_range,1
Prime League 1st Division/2026 Season/Spring Split_Week 7_2_2,2026-05-11 18:04:00,26.09,PRM 1st Division 2026 Spring,Kaufland Hangry Knights,TeamOrangeGaming,TeamOrangeGaming,"[""Nautilus"", ""Pyke"", ""Jarvan IV"", ""Lulu"", ""Malphite""]","[""Orianna"", ""Pantheon"", ""Lucian"", ""Ashe"", ""Nami""]","[""Aurora"", ""Jayce"", ""Gnar"", ""Kai'Sa"", ""Neeko""]","[""Yunara"", ""Xin Zhao"", ""Ahri"", ""Shyvana"", ""Blitzcrank""]",[],[],0,leaguepedia_cargo_patch_range,1
Hitpoint 2nd Division Challengers/2026 Season/Spring Split_Week 4_2_2,2026-05-11 18:48:00,26.09,Hitpoint 2nd Div Challengers 2026 Spring,Rugby Club Havířov,EXILE esports Academy,EXILE esports Academy,"[""Naafiri"", ""Xerath"", ""Karma"", ""Lillia"", ""Vladimir""]","[""Ahri"", ""Vi"", ""Jarvan IV"", ""Azir"", ""Nocturne""]","[""K'Sante"", ""Braum"", ""Smolder"", ""Sylas"", ""Anivia""]","[""Gnar"", ""Varus"", ""Nautilus"", ""Zyra"", ""Zed""]",[],[],0,leaguepedia_cargo_patch_range,1
TCL/2026 Season/Spring Split_Week 6_2_3,2026-05-11 18:55:00,26.09,TCL 2026 Spring,Team Phoenix (Turkish Team),BoostGate Esports,BoostGate Esports,"[""Rumble"", ""Vi"", ""Nocturne"", ""Jayce"", ""Vladimir""]","[""Ezreal"", ""Neeko"", ""Pantheon"", ""Akali"", ""LeBlanc""]","[""Ashe"", ""Anivia"", ""Ornn"", ""Yone"", ""Qiyana""]","[""Seraphine"", ""Jhin"", ""Olaf"", ""Mel"", ""Wukong""]",[],[],0,leaguepedia_cargo_patch_range,1
Prime League 1st Division/2026 Season/Spring Split_Week 7_2_3,2026-05-11 19:02:00,26.09,PRM 1st Division 2026 Spring,TeamOrangeGaming,Kaufland Hangry Knights,TeamOrangeGaming,"[""Lucian"", ""Pantheon"", ""Naafiri"", ""Lissandra"", ""Ryze""]","[""Orianna"", ""Pyke"", ""K'Sante"", ""Nautilus"", ""Rakan""]","[""Vi"", ""Smolder"", ""LeBlanc"", ""Shen"", ""Aatrox""]","[""Corki"", ""Jarvan IV"", ""Nami"", ""Viktor"", ""Ambessa""]",[],[],1,leaguepedia_cargo_patch_range,0
Hitpoint 2nd Division Challengers/2026 Season/Spring Split_Week 4_2_3,2026-05-11 19:50:00,26.09,Hitpoint 2nd Div Challengers 2026 Spring,Rugby Club Havířov,EXILE esports Academy,EXILE esports Academy,"[""Naafiri"", ""Xerath"", ""Karma"", ""Lulu"", ""Alistar""]","[""Azir"", ""Ahri"", ""Wukong"", ""Rakan"", ""Ornn""]","[""Gwen"", ""Vi"", ""LeBlanc"", ""Xayah"", ""Poppy""]","[""Jarvan IV"", ""Cho'Gath"", ""Vladimir"", ""Yunara"", ""Bard""]",[],[],0,leaguepedia_cargo_patch_range,1
Circuito Desafiante/2026 Season/Split 1 Playoffs_Round 1_3_1,2026-05-11 20:03:00,26.09,CD 2026 Split 1 Playoffs,Ei Nerd Esports,Estral Esports,Estral Esports,"[""Pyke"", ""K'Sante"", ""Orianna"", ""Vi"", ""Xin Zhao""]","[""Nocturne"", ""Pantheon"", ""Seraphine"", ""Ahri"", ""Ryze""]","[""Jarvan IV"", ""Caitlyn"", ""Karma"", ""LeBlanc"", ""Rumble""]","[""Lucian"", ""Milio"", ""Aurora"", ""Wukong"", ""Ornn""]",[],[],0,leaguepedia_cargo_patch_range,1
Circuito Desafiante/2026 Season/Split 1 Playoffs_Round 1_3_2,2026-05-11 20:50:00,26.09,CD 2026 Split 1 Playoffs,Estral Esports,Ei Nerd Esports,Estral Esports,"[""Pyke"", ""K'Sante"", ""Seraphine"", ""Varus"", ""Lulu""]","[""Nocturne"", ""Pantheon"", ""Orianna"", ""Nautilus"", ""Kalista""]","[""Annie"", ""Aatrox"", ""Twisted Fate"", ""Kai'Sa"", ""Rakan""]","[""Xin Zhao"", ""Galio"", ""Olaf"", ""Nami"", ""Corki""]",[],[],1,leaguepedia_cargo_patch_range,0
Circuito Desafiante/2026 Season/Split 1 Playoffs_Round 1_3_3,2026-05-11 21:30:00,26.09,CD 2026 Split 1 Playoffs,Estral Esports,Ei Nerd Esports,Estral Esports,"[""Varus"", ""Nautilus"", ""Nocturne"", ""Gwen"", ""Ezreal""]","[""Pyke"", ""Seraphine"", ""Lulu"", ""Azir"", ""Viktor""]","[""K'Sante"", ""Neeko"", ""Skarner"", ""Yunara"", ""Zoe""]","[""Orianna"", ""Pantheon"", ""Alistar"", ""Vayne"", ""Jinx""]",[],[],1,leaguepedia_cargo_patch_range,0
Liga Regional Norte/2026 Season/Split 1 Playoffs_Round 1_4_1,2026-05-11 23:11:00,26.09,LRN 2026 Split 1 Playoffs,LYON Academy,SDM Tigres,SDM Tigres,"[""Nocturne"", ""Seraphine"", ""Ezreal"", ""Orianna"", ""Renekton""]","[""Karma"", ""Pantheon"", ""Smolder"", ""Jayce"", ""Anivia""]","[""Jarvan IV"", ""Nautilus"", ""Varus"", ""Jax"", ""Ryze""]","[""Xin Zhao"", ""Lucian"", ""Braum"", ""Ornn"", ""Aurora""]",[],[],0,leaguepedia_cargo_patch_range,1
Liga Regional Norte/2026 Season/Split 1 Playoffs_Round 1_4_2,2026-05-12 00:02:00,26.09,LRN 2026 Split 1 Playoffs,SDM Tigres,LYON Academy,SDM Tigres,"[""Nocturne"", ""Smolder"", ""Skarner"", ""Jayce"", ""Annie""]","[""Karma"", ""Pantheon"", ""Seraphine"", ""Dr. Mundo"", ""Wukong""]","[""Rumble"", ""Sivir"", ""Lulu"", ""Trundle"", ""Anivia""]","[""Ezreal"", ""Vi"", ""Neeko"", ""Ambessa"", ""Orianna""]",[],[],1,leaguepedia_cargo_patch_range,0
Liga Regional Norte/2026 Season/Split 1 Playoffs_Round 1_4_3,2026-05-12 01:05:00,26.09,LRN 2026 Split 1 Playoffs,LYON Academy,SDM Tigres,SDM Tigres,"[""Jayce"", ""Corki"", ""Nocturne"", ""Leona"", ""Rakan""]","[""Karma"", ""Seraphine"", ""Caitlyn"", ""Milio"", ""Sion""]","[""Smolder"", ""LeBlanc"", ""Aatrox"", ""Tahm Kench"", ""K'Sante""]","[""Pantheon"", ""Jinx"", ""Annie"", ""Thresh"", ""Vayne""]",[],[],0,leaguepedia_cargo_patch_range,1
LCK CL/2026 Season/Rounds 1-2_Week 7_4_1,2026-05-12 08:04:00,26.09,LCK CL 2026 Rounds 1-2,KT Rolster Challengers,Hanwha Life Esports Challengers,KT Rolster Challengers,"[""Varus"", ""Karma"", ""Ashe"", ""Vi"", ""Akali""]","[""Lucian"", ""Yunara"", ""Nocturne"", ""Ryze"", ""Orianna""]","[""Jarvan IV"", ""Sivir"", ""Bard"", ""Aurora"", ""Ambessa""]","[""Rumble"", ""Ezreal"", ""Neeko"", ""Xin Zhao"", ""Tristana""]",[],[],1,leaguepedia_cargo_patch_range,0
Esports World Cup 2026/Online Qualifiers/Korea_Round 2_1_1,2026-05-12 08:07:00,26.09,Esports World Cup 2026 Online Qualifier: Korea,T1,BNK FEARX,T1,"[""Bard"", ""Nocturne"", ""Varus"", ""Ryze"", ""Twisted Fate""]","[""Orianna"", ""Karma"", ""Lulu"", ""Nautilus"", ""Lucian""]","[""Rumble"", ""Jarvan IV"", ""Aurora"", ""Caitlyn"", ""Neeko""]","[""Ashe"", ""Seraphine"", ""Xin Zhao"", ""Galio"", ""Akali""]",[],[],1,leaguepedia_cargo_patch_range,0
Esports World Cup 2026/Online Qualifiers/Korea_Round 2_1_2,2026-05-12 08:54:00,26.09,Esports World Cup 2026 Online Qualifier: Korea,BNK FEARX,T1,T1,"[""Annie"", ""Vi"", ""Varus"", ""Cassiopeia"", ""Jayce""]","[""Karma"", ""Bard"", ""Orianna"", ""Lee Sin"", ""Pantheon""]","[""Lucian"", ""Milio"", ""Twisted Fate"", ""Renekton"", ""Wukong""]","[""Yunara"", ""Nocturne"", ""Lulu"", ""Ryze"", ""Gnar""]",[],[],0,leaguepedia_cargo_patch_range,1
LCK CL/2026 Season/Rounds 1-2_Week 7_4_2,2026-05-12 09:00:00,26.09,LCK CL 2026 Rounds 1-2,KT Rolster Challengers,Hanwha Life Esports Challengers,KT Rolster Challengers,"[""Karma"", ""Lucian"", ""Nocturne"", ""Ryze"", ""Annie""]","[""Vi"", ""Ashe"", ""Varus"", ""Jayce"", ""Vayne""]","[""Yunara"", ""Skarner"", ""Nautilus"", ""Kennen"", ""Orianna""]","[""Pantheon"", ""Lulu"", ""Xayah"", ""Gnar"", ""Azir""]",[],[],1,leaguepedia_cargo_patch_range,0
LPL/2026 Season/Split 2_Week 7_1_1,2026-05-12 09:10:00,26.09,LPL 2026 Split 2,Ninjas in Pyjamas.CN,Top Esports,Ninjas in Pyjamas.CN,"[""Karma"", ""Jarvan IV"", ""Seraphine"", ""Vayne"", ""Jayce""]","[""Varus"", ""Orianna"", ""Rumble"", ""Lulu"", ""Nautilus""]","[""Nocturne"", ""Cassiopeia"", ""Gnar"", ""Corki"", ""Nami""]","[""Lucian"", ""Annie"", ""Milio"", ""Ambessa"", ""Lee Sin""]",[],[],1,leaguepedia_cargo_patch_range,0
Esports World Cup 2026/Online Qualifiers/Asia-Pacific_Round 1_5_1,2026-05-12 09:22:00,26.09,Esports World Cup 2026 Online Qualifier: Asia-Pacific,DetonatioN FocusMe,Deep Cross Gaming,Deep Cross Gaming,"[""Ezreal"", ""Varus"", ""Nautilus"", ""Vayne"", ""Caitlyn""]","[""Orianna"", ""Rumble"", ""Nocturne"", ""Cassiopeia"", ""Anivia""]","[""Jarvan IV"", ""Jhin"", ""Karma"", ""Renekton"", ""Aurora""]","[""Lee Sin"", ""Bard"", ""Ryze"", ""Miss Fortune"", ""Gnar""]",[],[],0,leaguepedia_cargo_patch_range,1
Esports World Cup 2026/Online Qualifiers/Asia-Pacific_Round 1_6_1,2026-05-12 09:26:00,26.09,Esports World Cup 2026 Online Qualifier: Asia-Pacific,Ground Zero Gaming,MVK Esports,MVK Esports,"[""Nocturne"", ""Ezreal"", ""Pyke"", ""Annie"", ""Hwei""]","[""Rumble"", ""Jarvan IV"", ""Orianna"", ""Jayce"", ""Akali""]","[""Xin Zhao"", ""Mel"", ""Nautilus"", ""Jax"", ""Anivia""]","[""Ashe"", ""Trundle"", ""Braum"", ""Cassiopeia"", ""Renekton""]",[],[],0,leaguepedia_cargo_patch_range,1
Esports World Cup 2026/Online Qualifiers/Korea_Round 2_2_1,2026-05-12 10:01:00,26.09,Esports World Cup 2026 Online Qualifier: Korea,Hanwha Life Esports,Dplus Kia,Hanwha Life Esports,"[""Varus"", ""Karma"", ""Lee Sin"", ""Viktor"", ""Gnar""]","[""Rumble"", ""Jarvan IV"", ""Bard"", ""Vi"", ""Kha'Zix""]","[""Orianna"", ""Lucian"", ""Milio"", ""Sion"", ""Naafiri""]","[""Nocturne"", ""Ashe"", ""Seraphine"", ""Twisted Fate"", ""Ambessa""]",[],[],1,leaguepedia_cargo_patch_range,0
LPL/2026 Season/Split 2_Week 7_1_2,2026-05-12 10:02:00,26.09,LPL 2026 Split 2,Ninjas in Pyjamas.CN,Top Esports,Top Esports,"[""Karma"", ""Jarvan IV"", ""Seraphine"", ""Naafiri"", ""Jayce""]","[""Varus"", ""Rumble"", ""Vi"", ""Sion"", ""Trundle""]","[""Lulu"", ""Azir"", ""Yunara"", ""Renekton"", ""Shyvana""]","[""Orianna"", ""Ezreal"", ""Neeko"", ""Xin Zhao"", ""Vayne""]",[],[],0,leaguepedia_cargo_patch_range,1
LCK CL/2026 Season/Rounds 1-2_Week 7_5_1,2026-05-12 10:11:00,26.09,LCK CL 2026 Rounds 1-2,Dplus Kia Challengers,HANJIN BRION Challengers,Dplus Kia Challengers,"[""Varus"", ""Karma"", ""Azir"", ""Vayne"", ""Ryze""]","[""Rumble"", ""Orianna"", ""Ashe"", ""Anivia"", ""Twisted Fate""]","[""Jarvan IV"", ""Lucian"", ""Milio"", ""Aurora"", ""Jayce""]","[""Bard"", ""Caitlyn"", ""Xin Zhao"", ""Annie"", ""Yorick""]",[],[],1,leaguepedia_cargo_patch_range,0
Esports World Cup 2026/Online Qualifiers/Asia-Pacific_Round 1_5_2,2026-05-12 10:17:00,26.09,Esports World Cup 2026 Online Qualifier: Asia-Pacific,Deep Cross Gaming,DetonatioN FocusMe,Deep Cross Gaming,"[""Ashe"", ""Lucian"", ""Xin Zhao"", ""Cassiopeia"", ""Poppy""]","[""Varus"", ""Orianna"", ""Nocturne"", ""Kai'Sa"", ""Kalista""]","[""Rumble"", ""Vi"", ""Ahri"", ""Corki"", ""Rell""]","[""Pantheon"", ""Ezreal"", ""K'Sante"", ""Akali"", ""Alistar""]",[],[],1,leaguepedia_cargo_patch_range,0
Esports World Cup 2026/Online Qualifiers/Asia-Pacific_Round 1_6_2,2026-05-12 10:27:00,26.09,Esports World Cup 2026 Online Qualifier: Asia-Pacific,Ground Zero Gaming,MVK Esports,MVK Esports,"[""Pyke"", ""Ezreal"", ""Nocturne"", ""Lucian"", ""Sivir""]","[""Rumble"", ""Jarvan IV"", ""Orianna"", ""Naafiri"", ""Wukong""]","[""Ryze"", ""Varus"", ""Ambessa"", ""Skarner"", ""Bard""]","[""Pantheon"", ""Annie"", ""Gnar"", ""Jhin"", ""Karma""]",[],[],0,leaguepedia_cargo_patch_range,1
Esports World Cup 2026/Online Qualifiers/Korea_Round 2_2_2,2026-05-12 10:52:00,26.09,Esports World Cup 2026 Online Qualifier: Korea,Hanwha Life Esports,Dplus Kia,Dplus Kia,"[""Varus"", ""Karma"", ""Annie"", ""LeBlanc"", ""Gnar""]","[""Rumble"", ""Aurora"", ""Jayce"", ""Azir"", ""Akali""]","[""Jarvan IV"", ""Jhin"", ""Nautilus"", ""Sylas"", ""Renekton""]","[""Xin Zhao"", ""Bard"", ""Ezreal"", ""Viktor"", ""Illaoi""]",[],[],0,leaguepedia_cargo_patch_range,1
LPL/2026 Season/Split 2_Week 7_1_3,2026-05-12 10:52:00,26.09,LPL 2026 Split 2,Top Esports,Ninjas in Pyjamas.CN,Ninjas in Pyjamas.CN,"[""Karma"", ""Jarvan IV"", ""Vi"", ""Caitlyn"", ""Miss Fortune""]","[""Rumble"", ""Varus"", ""Seraphine"", ""Alistar"", ""Leona""]","[""Ryze"", ""Naafiri"", ""Jayce"", ""Sivir"", ""Nautilus""]","[""Yone"", ""Maokai"", ""K'Sante"", ""Jhin"", ""Rell""]",[],[],0,leaguepedia_cargo_patch_range,1
LCK CL/2026 Season/Rounds 1-2_Week 7_5_2,2026-05-12 10:58:00,26.09,LCK CL 2026 Rounds 1-2,HANJIN BRION Challengers,Dplus Kia Challengers,Dplus Kia Challengers,"[""Varus"", ""Karma"", ""Azir"", ""Sion"", ""Vayne""]","[""Rumble"", ""Orianna"", ""Nocturne"", ""Anivia"", ""Cassiopeia""]","[""Ashe"", ""Lulu"", ""Pantheon"", ""Taliyah"", ""Renekton""]","[""Seraphine"", ""Vi"", ""Ryze"", ""Ezreal"", ""Gnar""]",[],[],0,leaguepedia_cargo_patch_range,1
Esports World Cup 2026/Online Qualifiers/Korea_Round 2_2_3,2026-05-12 11:38:00,26.09,Esports World Cup 2026 Online Qualifier: Korea,Dplus Kia,Hanwha Life Esports,Dplus Kia,"[""Varus"", ""Anivia"", ""Jayce"", ""Aurora"", ""Wukong""]","[""Rumble"", ""Annie"", ""Karma"", ""Vayne"", ""Tristana""]","[""Vi"", ""Caitlyn"", ""Lux"", ""Cassiopeia"", ""Irelia""]","[""Yunara"", ""Lulu"", ""Gnar"", ""Ahri"", ""Pantheon""]",[],[],1,leaguepedia_cargo_patch_range,0
LPL/2026 Season/Split 2_Week 7_2_1,2026-05-12 12:04:00,26.09,LPL 2026 Split 2,Bilibili Gaming,Invictus Gaming,Invictus Gaming,"[""Varus"", ""Ezreal"", ""Bard"", ""Vi"", ""Nocturne""]","[""Orianna"", ""Rumble"", ""Ashe"", ""Vayne"", ""Annie""]","[""Jarvan IV"", ""Karma"", ""Caitlyn"", ""Jax"", ""Ryze""]","[""Lucian"", ""Milio"", ""Gnar"", ""Twisted Fate"", ""Pantheon""]",[],[],0,leaguepedia_cargo_patch_range,1
LPL/2026 Season/Split 2_Week 7_2_2,2026-05-12 13:03:00,26.09,LPL 2026 Split 2,Invictus Gaming,Bilibili Gaming,Bilibili Gaming,"[""Nocturne"", ""Ashe"", ""Akali"", ""Nami"", ""Annie""]","[""Varus"", ""Rumble"", ""Ezreal"", ""Lulu"", ""Xayah""]","[""Orianna"", ""Xin Zhao"", ""Sion"", ""Sivir"", ""Bard""]","[""Vi"", ""Corki"", ""Ambessa"", ""Viktor"", ""Alistar""]",[],[],0,leaguepedia_cargo_patch_range,1
LPL/2026 Season/Split 2_Week 7_2_3,2026-05-12 13:59:00,26.09,LPL 2026 Split 2,Bilibili Gaming,Invictus Gaming,Bilibili Gaming,"[""Ezreal"", ""Annie"", ""Ashe"", ""Naafiri"", ""Maokai""]","[""Nocturne"", ""Varus"", ""Rumble"", ""Vayne"", ""K'Sante""]","[""Lulu"", ""Wukong"", ""Yunara"", ""Yorick"", ""Aurora""]","[""Jayce"", ""Nautilus"", ""Ziggs"", ""Lee Sin"", ""Cassiopeia""]",[],[],1,leaguepedia_cargo_patch_range,0
TCL/2026 Season/Spring Split_Week 6_3_1,2026-05-12 14:34:00,26.09,TCL 2026 Spring,Misa Esports,Bushido Wildcats,Bushido Wildcats,"[""Ambessa"", ""Nautilus"", ""Gnar"", ""Rell"", ""Pyke""]","[""Orianna"", ""Karma"", ""Ashe"", ""Gwen"", ""Viktor""]","[""Xin Zhao"", ""Ezreal"", ""Neeko"", ""Kled"", ""Ryze""]","[""Pantheon"", ""Kai'Sa"", ""Sion"", ""Milio"", ""Lucian""]",[],[],0,leaguepedia_cargo_patch_range,1
Prime League 1st Division/2026 Season/Spring Split_Week 7_3_1,2026-05-12 15:08:00,26.09,PRM 1st Division 2026 Spring,VfB eSports,E WIE EINFACH E-SPORTS,VfB eSports,"[""Orianna"", ""Pyke"", ""Ezreal"", ""Cassiopeia"", ""Nautilus""]","[""Shen"", ""Nocturne"", ""Jarvan IV"", ""Ambessa"", ""Aatrox""]","[""Ryze"", ""Xin Zhao"", ""Ziggs"", ""Gnar"", ""Bard""]","[""Varus"", ""Naafiri"", ""Sion"", ""Azir"", ""Leona""]",[],[],1,leaguepedia_cargo_patch_range,0
Hitpoint 2nd Division Challengers/2026 Season/Spring Split_Week 4_3_1,2026-05-12 15:24:00,26.09,Hitpoint 2nd Div Challengers 2026 Spring,Diversion Gaming,Priority,Priority,"[""K'Sante"", ""Aurora"", ""Orianna"", ""Jax"", ""Darius""]","[""Viktor"", ""Karma"", ""Akali"", ""Rakan"", ""Ornn""]","[""Xin Zhao"", ""Vi"", ""Taliyah"", ""Xayah"", ""Thresh""]","[""Olaf"", ""Skarner"", ""Azir"", ""Kai'Sa"", ""Lulu""]",[],[],0,leaguepedia_cargo_patch_range,1
TCL/2026 Season/Spring Split_Week 6_3_2,2026-05-12 15:34:00,26.09,TCL 2026 Spring,Misa Esports,Bushido Wildcats,Misa Esports,"[""Ambessa"", ""Nautilus"", ""Nocturne"", ""Wukong"", ""Viego""]","[""Orianna"", ""Karma"", ""Jarvan IV"", ""Naafiri"", ""Vi""]","[""Caitlyn"", ""Pyke"", ""Aurora"", ""Lee Sin"", ""K'Sante""]","[""Rumble"", ""Bard"", ""Mel"", ""Qiyana"", ""Jayce""]",[],[],1,leaguepedia_cargo_patch_range,0
Prime League 1st Division/2026 Season/Spring Split_Week 7_3_2,2026-05-12 16:06:00,26.09,PRM 1st Division 2026 Spring,E WIE EINFACH E-SPORTS,VfB eSports,E WIE EINFACH E-SPORTS,"[""Shen"", ""Karma"", ""Nocturne"", ""Sylas"", ""Annie""]","[""Orianna"", ""Caitlyn"", ""Ezreal"", ""Poppy"", ""Galio""]","[""Jarvan IV"", ""Ashe"", ""Seraphine"", ""LeBlanc"", ""Renekton""]","[""Lucian"", ""Lee Sin"", ""Milio"", ""Ahri"", ""Udyr""]",[],[],1,leaguepedia_cargo_patch_range,0
Arabian League/2026 Season/Spring Playoffs_Round 1_1_1,2026-05-12 16:18:00,26.09,Arabian League 2026 Spring Playoffs,Baam Esports,Dragons Esports,Baam Esports,"[""Nautilus"", ""Jayce"", ""Orianna"", ""Aurora"", ""Galio""]","[""Pantheon"", ""Akali"", ""Ezreal"", ""Sion"", ""K'Sante""]","[""Milio"", ""Caitlyn"", ""Xin Zhao"", ""Ornn"", ""Annie""]","[""Jarvan IV"", ""Lucian"", ""Nami"", ""Rumble"", ""Mel""]",[],[],1,leaguepedia_cargo_patch_range,0
Hitpoint 2nd Division Challengers/2026 Season/Spring Split_Week 4_3_2,2026-05-12 16:26:00,26.09,Hitpoint 2nd Div Challengers 2026 Spring,Diversion Gaming,Priority,Priority,"[""K'Sante"", ""Orianna"", ""Aurora"", ""Wukong"", ""Pantheon""]","[""Akali"", ""Karma"", ""Seraphine"", ""Ahri"", ""Syndra""]","[""Mordekaiser"", ""Jarvan IV"", ""Ryze"", ""Ezreal"", ""Bard""]","[""Ornn"", ""Naafiri"", ""Viktor"", ""Lucian"", ""Nami""]",[],[],0,leaguepedia_cargo_patch_range,1
TCL/2026 Season/Spring Split_Week 6_3_3,2026-05-12 16:37:00,26.09,TCL 2026 Spring,Misa Esports,Bushido Wildcats,Misa Esports,"[""Ambessa"", ""Nautilus"", ""Nocturne"", ""Gnar"", ""Ziggs""]","[""Orianna"", ""Karma"", ""Jarvan IV"", ""Viktor"", ""Annie""]","[""Ashe"", ""Zaahen"", ""Braum"", ""LeBlanc"", ""Gragas""]","[""Rell"", ""Viego"", ""Ahri"", ""Smolder"", ""Poppy""]",[],[],1,leaguepedia_cargo_patch_range,0
Prime League 1st Division/2026 Season/Spring Split_Week 7_3_3,2026-05-12 17:01:00,26.09,PRM 1st Division 2026 Spring,E WIE EINFACH E-SPORTS,VfB eSports,E WIE EINFACH E-SPORTS,"[""Shen"", ""Vi"", ""Karma"", ""Rakan"", ""Alistar""]","[""Orianna"", ""Caitlyn"", ""Ezreal"", ""Neeko"", ""Lulu""]","[""Nocturne"", ""Rumble"", ""Aurora"", ""Rell"", ""Miss Fortune""]","[""Skarner"", ""Smolder"", ""Kassadin"", ""Illaoi"", ""Braum""]",[],[],1,leaguepedia_cargo_patch_range,0
Road Of Legends/2026 Season/Spring Split_Week 7_1_1,2026-05-12 17:13:00,26.09,Road Of Legends 2026 Spring,Frites Esports Club,mCon esports,Frites Esports Club,"[""Nautilus"", ""Naafiri"", ""Vi"", ""Fiora"", ""Irelia""]","[""Orianna"", ""Karma"", ""Ezreal"", ""LeBlanc"", ""Mel""]","[""Lucian"", ""Jarvan IV"", ""Milio"", ""Aurora"", ""Rumble""]","[""Ashe"", ""Xin Zhao"", ""Seraphine"", ""Ahri"", ""Yorick""]",[],[],1,leaguepedia_cargo_patch_range,0
Hitpoint 2nd Division Challengers/2026 Season/Spring Split_Week 4_4_1,2026-05-12 17:39:00,26.09,Hitpoint 2nd Div Challengers 2026 Spring,Rugby Club Havířov,CITA Kaizen Academy,CITA Kaizen Academy,"[""Aurora"", ""Nami"", ""Azir"", ""Lulu"", ""Seraphine""]","[""Ashe"", ""Ahri"", ""Vi"", ""Gwen"", ""K'Sante""]","[""Karma"", ""Pantheon"", ""Ezreal"", ""Zaahen"", ""Katarina""]","[""Syndra"", ""Xin Zhao"", ""Sion"", ""Lucian"", ""Yuumi""]",[],[],0,leaguepedia_cargo_patch_range,1
TCL/2026 Season/Spring Split_Week 6_4_1,2026-05-12 17:44:00,26.09,TCL 2026 Spring,PCIFIC Esports,Dark Passage,PCIFIC Esports,"[""Jarvan IV"", ""Nautilus"", ""Sion"", ""Ornn"", ""Malphite""]","[""Gnar"", ""Karma"", ""Nidalee"", ""Xin Zhao"", ""Jayce""]","[""Orianna"", ""Ashe"", ""Seraphine"", ""Varus"", ""Wukong""]","[""Jhin"", ""LeBlanc"", ""Sylas"", ""Ambessa"", ""Yasuo""]",[],[],1,leaguepedia_cargo_patch_range,0
Prime League 1st Division/2026 Season/Spring Split_Week 7_4_1,2026-05-12 18:02:00,26.09,PRM 1st Division 2026 Spring,ROSSMANN Centaurs,Unicorns of Love Sexy Edition,Unicorns of Love Sexy Edition,"[""Jarvan IV"", ""Yunara"", ""Karma"", ""Gwen"", ""Galio""]","[""Orianna"", ""Senna"", ""Nautilus"", ""Aurora"", ""Ryze""]","[""Pantheon"", ""Ezreal"", ""Camille"", ""Viktor"", ""Ornn""]","[""Caitlyn"", ""Bard"", ""Xin Zhao"", ""Annie"", ""Gnar""]",[],[],0,leaguepedia_cargo_patch_range,1
Road Of Legends/2026 Season/Spring Split_Week 7_1_2,2026-05-12 18:03:00,26.09,Road Of Legends 2026 Spring,Frites Esports Club,mCon esports,Frites Esports Club,"[""Nautilus"", ""Varus"", ""Fiora"", ""LeBlanc"", ""Akali""]","[""Karma"", ""Orianna"", ""Pantheon"", ""Wukong"", ""Nocturne""]","[""Bard"", ""Caitlyn"", ""Anivia"", ""Sion"", ""Trundle""]","[""Yunara"", ""Lulu"", ""Vi"", ""Hwei"", ""Gwen""]",[],[],1,leaguepedia_cargo_patch_range,0
Road Of Legends/2026 Season/Spring Split_Week 7_2_1,2026-05-12 18:10:00,26.09,Road Of Legends 2026 Spring,Dynasty,Senshi eSports (Benelux Team),Senshi eSports (Benelux Team),"[""Seraphine"", ""Jarvan IV"", ""Nocturne"", ""Fiora"", ""Irelia""]","[""Sion"", ""Yasuo"", ""Orianna"", ""Kled"", ""K'Sante""]","[""Naafiri"", ""Kalista"", ""Renata Glasc"", ""Gragas"", ""Viktor""]","[""Xin Zhao"", ""Ezreal"", ""Karma"", ""Aatrox"", ""Akali""]",[],[],0,leaguepedia_cargo_patch_range,1
Hitpoint 2nd Division Challengers/2026 Season/Spring Split_Week 4_4_2,2026-05-12 18:24:00,26.09,Hitpoint 2nd Div Challengers 2026 Spring,Rugby Club Havířov,CITA Kaizen Academy,Rugby Club Havířov,"[""Aurora"", ""Nami"", ""Azir"", ""Orianna"", ""Mel""]","[""Ahri"", ""Seraphine"", ""K'Sante"", ""Yone"", ""Irelia""]","[""Ornn"", ""Maokai"", ""Ryze"", ""Smolder"", ""Soraka""]","[""Rumble"", ""Wukong"", ""Viktor"", ""Sivir"", ""Alistar""]",[],[],1,leaguepedia_cargo_patch_range,0
TCL/2026 Season/Spring Split_Week 6_4_2,2026-05-12 18:33:00,26.09,TCL 2026 Spring,PCIFIC Esports,Dark Passage,PCIFIC Esports,"[""Jarvan IV"", ""Pantheon"", ""Nocturne"", ""Nami"", ""Braum""]","[""Gnar"", ""Ivern"", ""Karma"", ""Caitlyn"", ""Kalista""]","[""Ryze"", ""Naafiri"", ""Nautilus"", ""Kai'Sa"", ""Anivia""]","[""Viktor"", ""Nidalee"", ""Corki"", ""Elise"", ""Zed""]",[],[],1,leaguepedia_cargo_patch_range,0
Arabian League/2026 Season/Spring Playoffs_Round 1_2_1,2026-05-12 18:45:00,26.09,Arabian League 2026 Spring Playoffs,FN Esports,Anubis Gaming,Anubis Gaming,"[""Aurora"", ""Varus"", ""Pantheon"", ""Jayce"", ""Zoe""]","[""Karma"", ""Nocturne"", ""Orianna"", ""Vi"", ""Xin Zhao""]","[""Rumble"", ""Ezreal"", ""Neeko"", ""Wukong"", ""Ahri""]","[""Ashe"", ""Jarvan IV"", ""Seraphine"", ""Akali"", ""Vayne""]",[],[],0,leaguepedia_cargo_patch_range,1
Prime League 1st Division/2026 Season/Spring Split_Week 7_4_2,2026-05-12 18:56:00,26.09,PRM 1st Division 2026 Spring,ROSSMANN Centaurs,Unicorns of Love Sexy Edition,Unicorns of Love Sexy Edition,"[""Lucian"", ""Yunara"", ""Ambessa"", ""Nocturne"", ""Ryze""]","[""Orianna"", ""Dr. Mundo"", ""Jarvan IV"", ""Malphite"", ""Vi""]","[""Aurora"", ""Sivir"", ""Lulu"", ""Sion"", ""Lee Sin""]","[""Varus"", ""Nautilus"", ""Zeri"", ""Cassiopeia"", ""Skarner""]",[],[],0,leaguepedia_cargo_patch_range,1
Road Of Legends/2026 Season/Spring Split_Week 7_2_2,2026-05-12 19:07:00,26.09,Road Of Legends 2026 Spring,Senshi eSports (Benelux Team),Dynasty,Dynasty,"[""Sion"", ""Yasuo"", ""Nautilus"", ""Zed"", ""Rell""]","[""Ashe"", ""Pantheon"", ""Orianna"", ""Kai'Sa"", ""Caitlyn""]","[""Jarvan IV"", ""Bard"", ""Ornn"", ""Yunara"", ""Ryze""]","[""Rumble"", ""Vi"", ""Smolder"", ""Alistar"", ""Ambessa""]",[],[],0,leaguepedia_cargo_patch_range,1
Hitpoint 2nd Division Challengers/2026 Season/Spring Split_Week 4_4_3,2026-05-12 19:31:00,26.09,Hitpoint 2nd Div Challengers 2026 Spring,Rugby Club Havířov,CITA Kaizen Academy,CITA Kaizen Academy,"[""Aurora"", ""Nami"", ""Azir"", ""Zac"", ""Nocturne""]","[""Seraphine"", ""Vi"", ""Ahri"", ""Nautilus"", ""LeBlanc""]","[""Jarvan IV"", ""Ashe"", ""K'Sante"", ""Cassiopeia"", ""Poppy""]","[""Yunara"", ""Lulu"", ""Akali"", ""Gnar"", ""Aatrox""]",[],[],0,leaguepedia_cargo_patch_range,1
Arabian League/2026 Season/Spring Playoffs_Round 1_2_2,2026-05-12 19:45:00,26.09,Arabian League 2026 Spring Playoffs,Anubis Gaming,FN Esports,Anubis Gaming,"[""Nautilus"", ""Viktor"", ""Kog'Maw"", ""Sion"", ""Ornn""]","[""Karma"", ""Orianna"", ""Pantheon"", ""Bard"", ""Jayce""]","[""Aurora"", ""Jhin"", ""Vi"", ""Anivia"", ""Gnar""]","[""Caitlyn"", ""Xin Zhao"", ""Nami"", ""Ryze"", ""K'Sante""]",[],[],1,leaguepedia_cargo_patch_range,0
Circuito Desafiante/2026 Season/Split 1 Playoffs_Round 1_4_1,2026-05-12 20:02:00,26.09,CD 2026 Split 1 Playoffs,7REX,paiN Gaming Academy,paiN Gaming Academy,"[""Akali"", ""Bard"", ""Varus"", ""K'Sante"", ""Jarvan IV""]","[""Nocturne"", ""Seraphine"", ""Pantheon"", ""Lucian"", ""Sivir""]","[""Rumble"", ""Naafiri"", ""Orianna"", ""Caitlyn"", ""Nami""]","[""Ezreal"", ""Karma"", ""Galio"", ""Xin Zhao"", ""Ambessa""]",[],[],0,leaguepedia_cargo_patch_range,1
Road Of Legends/2026 Season/Spring Split_Week 7_2_3,2026-05-12 20:05:00,26.09,Road Of Legends 2026 Spring,Dynasty,Senshi eSports (Benelux Team),Dynasty,"[""Ashe"", ""Lucian"", ""Nocturne"", ""Fiora"", ""Gwen""]","[""Sion"", ""Orianna"", ""Yasuo"", ""Zed"", ""LeBlanc""]","[""Pantheon"", ""Nautilus"", ""Varus"", ""K'Sante"", ""Taliyah""]","[""Corki"", ""Nami"", ""Skarner"", ""Aurora"", ""Gnar""]",[],[],1,leaguepedia_cargo_patch_range,0
Liga Regional Sur/2026 Season/Split 1 Playoffs_Round 1_4_1,2026-05-12 20:07:00,26.09,LRS 2026 Split 1 Playoffs,The New Kings,Malvinas Gaming,Malvinas Gaming,"[""Pantheon"", ""Nocturne"", ""Lulu"", ""Gwen"", ""Sylas""]","[""Varus"", ""Karma"", ""Jarvan IV"", ""Orianna"", ""Cassiopeia""]","[""Seraphine"", ""Ashe"", ""Xin Zhao"", ""Sion"", ""Ahri""]","[""Bard"", ""Ezreal"", ""Lee Sin"", ""Ryze"", ""Aatrox""]",[],[],0,leaguepedia_cargo_patch_range,1
Circuito Desafiante/2026 Season/Split 1 Playoffs_Round 1_4_2,2026-05-12 20:47:00,26.09,CD 2026 Split 1 Playoffs,7REX,paiN Gaming Academy,paiN Gaming Academy,"[""Jarvan IV"", ""Seraphine"", ""Skarner"", ""Wukong"", ""Vayne""]","[""Pantheon"", ""Nocturne"", ""Bard"", ""Annie"", ""Akali""]","[""Vi"", ""Yunara"", ""Lulu"", ""Ahri"", ""Sion""]","[""Lucian"", ""Milio"", ""Aurora"", ""Nasus"", ""Gwen""]",[],[],0,leaguepedia_cargo_patch_range,1
Liga Regional Sur/2026 Season/Split 1 Playoffs_Round 1_4_2,2026-05-12 21:00:00,26.09,LRS 2026 Split 1 Playoffs,The New Kings,Malvinas Gaming,Malvinas Gaming,"[""Pantheon"", ""Nocturne"", ""Lulu"", ""Naafiri"", ""Azir""]","[""Varus"", ""Karma"", ""Aurora"", ""Skarner"", ""Wukong""]","[""Caitlyn"", ""Rumble"", ""Nami"", ""Jarvan IV"", ""Akali""]","[""Lucian"", ""Milio"", ""Ornn"", ""Vi"", ""LeBlanc""]",[],[],0,leaguepedia_cargo_patch_range,1
Circuito Desafiante/2026 Season/Split 1 Playoffs_Round 1_4_3,2026-05-12 21:35:00,26.09,CD 2026 Split 1 Playoffs,7REX,paiN Gaming Academy,paiN Gaming Academy,"[""Bard"", ""Neeko"", ""Jarvan IV"", ""Yorick"", ""Yuumi""]","[""Nocturne"", ""Pantheon"", ""Seraphine"", ""Alistar"", ""Kalista""]","[""Varus"", ""Zaahen"", ""Ryze"", ""Jayce"", ""Renata Glasc""]","[""Aatrox"", ""Annie"", ""Sivir"", ""Nautilus"", ""K'Sante""]",[],[],0,leaguepedia_cargo_patch_range,1
Liga Regional Sur/2026 Season/Split 1 Playoffs_Round 1_4_3,2026-05-12 21:44:00,26.09,LRS 2026 Split 1 Playoffs,The New Kings,Malvinas Gaming,Malvinas Gaming,"[""Pantheon"", ""Lulu"", ""Yorick"", ""K'Sante"", ""Sivir""]","[""Nocturne"", ""Karma"", ""Varus"", ""Jhin"", ""Miss Fortune""]","[""Orianna"", ""Nautilus"", ""Wukong"", ""Senna"", ""Jayce""]","[""Viktor"", ""Neeko"", ""Naafiri"", ""Corki"", ""Gragas""]",[],[],0,leaguepedia_cargo_patch_range,1
LCK/2026 Season/Rounds 1-2_Week 7_1_1,2026-05-13 08:06:00,26.09,LCK 2026 Rounds 1-2,T1,Nongshim RedForce,T1,"[""Varus"", ""Lucian"", ""Rumble"", ""Azir"", ""Akali""]","[""Bard"", ""Karma"", ""Orianna"", ""Gnar"", ""Annie""]","[""Ashe"", ""Xin Zhao"", ""Seraphine"", ""Ryze"", ""Sion""]","[""Jarvan IV"", ""Ezreal"", ""Neeko"", ""Twisted Fate"", ""Ambessa""]",[],[],1,leaguepedia_cargo_patch_range,0
LCK/2026 Season/Rounds 1-2_Week 7_1_2,2026-05-13 08:53:00,26.09,LCK 2026 Rounds 1-2,Nongshim RedForce,T1,T1,"[""Varus"", ""Trundle"", ""Nocturne"", ""Caitlyn"", ""Lulu""]","[""Karma"", ""Orianna"", ""Vi"", ""Skarner"", ""Lee Sin""]","[""Lucian"", ""K'Sante"", ""Milio"", ""Akali"", ""Wukong""]","[""Pantheon"", ""Rumble"", ""Viktor"", ""Corki"", ""Nami""]",[],[],0,leaguepedia_cargo_patch_range,1
Esports World Cup 2026/Online Qualifiers/Asia-Pacific_Round 2_3_1,2026-05-13 09:07:00,26.09,Esports World Cup 2026 Online Qualifier: Asia-Pacific,Deep Cross Gaming,CTBC Flying Oyster,Deep Cross Gaming,"[""Nautilus"", ""Varus"", ""Lee Sin"", ""Ryze"", ""Yorick""]","[""Rumble"", ""Orianna"", ""Lucian"", ""Cassiopeia"", ""Annie""]","[""Ezreal"", ""Jarvan IV"", ""Bard"", ""Aurora"", ""Sion""]","[""Karma"", ""Caitlyn"", ""Xin Zhao"", ""Jayce"", ""Ahri""]",[],[],1,leaguepedia_cargo_patch_range,0
Esports World Cup 2026/Online Qualifiers/Asia-Pacific_Round 2_4_1,2026-05-13 09:07:00,26.09,Esports World Cup 2026 Online Qualifier: Asia-Pacific,MVK Esports,GAM Esports,GAM Esports,"[""Seraphine"", ""Nocturne"", ""Orianna"", ""Sion"", ""Yorick""]","[""Rumble"", ""Jarvan IV"", ""Pantheon"", ""Gnar"", ""Vayne""]","[""Ezreal"", ""Nautilus"", ""Ryze"", ""Varus"", ""Lee Sin""]","[""Cassiopeia"", ""Corki"", ""Braum"", ""K'Sante"", ""Wukong""]",[],[],0,leaguepedia_cargo_patch_range,1
LPL/2026 Season/Split 2_Week 7_3_1,2026-05-13 09:10:00,26.09,LPL 2026 Split 2,EDward Gaming,Oh My God,EDward Gaming,"[""Varus"", ""Nocturne"", ""Jarvan IV"", ""Jhin"", ""Yorick""]","[""Rumble"", ""Orianna"", ""Ryze"", ""Cassiopeia"", ""Sion""]","[""Ezreal"", ""Bard"", ""Pantheon"", ""Twisted Fate"", ""Jayce""]","[""Xin Zhao"", ""Karma"", ""Annie"", ""Senna"", ""K'Sante""]",[],[],1,leaguepedia_cargo_patch_range,0
Esports World Cup 2026/Online Qualifiers/Asia-Pacific_Round 2_3_2,2026-05-13 09:56:00,26.09,Esports World Cup 2026 Online Qualifier: Asia-Pacific,Deep Cross Gaming,CTBC Flying Oyster,Deep Cross Gaming,"[""Nautilus"", ""Varus"", ""Nocturne"", ""Aphelios"", ""Kog'Maw""]","[""Rumble"", ""Orianna"", ""Ashe"", ""Cassiopeia"", ""Akali""]","[""Lucian"", ""Pantheon"", ""Nami"", ""Ryze"", ""Renekton""]","[""Milio"", ""Vi"", ""Taliyah"", ""Zeri"", ""Shen""]",[],[],1,leaguepedia_cargo_patch_range,0
Esports World Cup 2026/Online Qualifiers/Asia-Pacific_Round 2_4_2,2026-05-13 09:58:00,26.09,Esports World Cup 2026 Online Qualifier: Asia-Pacific,MVK Esports,GAM Esports,GAM Esports,"[""Caitlyn"", ""Pantheon"", ""Orianna"", ""Aurora"", ""Akali""]","[""Seraphine"", ""Nocturne"", ""Lucian"", ""Pyke"", ""Anivia""]","[""Jarvan IV"", ""Ornn"", ""Annie"", ""Elise"", ""Kalista""]","[""Rumble"", ""Naafiri"", ""Bard"", ""Ahri"", ""Jhin""]",[],[],0,leaguepedia_cargo_patch_range,1
VCS/2026 Season/Summer Season_Week 1_1_1,2026-05-13 10:10:00,26.09,VCS 2026 Summer,ZEN Esports (Vietnamese Team),Saigon Warriors,Saigon Warriors,[],"[""Orianna"", ""Xin Zhao"", ""Karma"", ""K'Sante"", ""Aurora""]","[""Bard"", ""Pantheon"", ""Ezreal"", ""Sion"", ""Azir""]","[""Varus"", ""Jarvan IV"", ""Rumble"", ""Nautilus"", ""Yone""]",[],[],0,leaguepedia_cargo_patch_range,1
LCK/2026 Season/Rounds 1-2_Week 7_2_1,2026-05-13 10:12:00,26.09,LCK 2026 Rounds 1-2,Dplus Kia,DN SOOPers,Dplus Kia,"[""Varus"", ""Nocturne"", ""Vi"", ""Gnar"", ""Twisted Fate""]","[""Orianna"", ""Rumble"", ""Karma"", ""Anivia"", ""Akali""]","[""Jarvan IV"", ""Caitlyn"", ""Lux"", ""Cassiopeia"", ""Sion""]","[""Lucian"", ""Milio"", ""Xin Zhao"", ""Viktor"", ""Gwen""]",[],[],1,leaguepedia_cargo_patch_range,0
LPL/2026 Season/Split 2_Week 7_3_2,2026-05-13 10:14:00,26.09,LPL 2026 Split 2,EDward Gaming,Oh My God,Oh My God,"[""Varus"", ""Nocturne"", ""Lucian"", ""Vayne"", ""Sion""]","[""Rumble"", ""Orianna"", ""Seraphine"", ""Nautilus"", ""Nami""]","[""Ryze"", ""Vi"", ""Gnar"", ""Ziggs"", ""Pyke""]","[""Lulu"", ""Jarvan IV"", ""Yunara"", ""Cassiopeia"", ""Renekton""]",[],[],0,leaguepedia_cargo_patch_range,1
VCS/2026 Season/Summer Season_Week 1_1_2,2026-05-13 10:55:00,26.09,VCS 2026 Summer,ZEN Esports (Vietnamese Team),Saigon Warriors,Saigon Warriors,"[""Ryze"", ""Jayce"", ""Xin Zhao"", ""Ahri"", ""Aurora""]","[""Orianna"", ""Karma"", ""Seraphine"", ""Annie"", ""Galio""]","[""Nocturne"", ""Lucian"", ""Milio"", ""Anivia"", ""K'Sante""]","[""Neeko"", ""Vi"", ""Kai'Sa"", ""Taliyah"", ""Gnar""]",[],[],0,leaguepedia_cargo_patch_range,1
LCK/2026 Season/Rounds 1-2_Week 7_2_2,2026-05-13 11:00:00,26.09,LCK 2026 Rounds 1-2,Dplus Kia,DN SOOPers,Dplus Kia,"[""Varus"", ""Nocturne"", ""Trundle"", ""Jayce"", ""Vayne""]","[""Rumble"", ""Orianna"", ""Karma"", ""Twisted Fate"", ""Anivia""]","[""Ashe"", ""Lulu"", ""Skarner"", ""Gnar"", ""Taliyah""]","[""Pantheon"", ""Seraphine"", ""Ezreal"", ""Ryze"", ""Sylas""]",[],[],1,leaguepedia_cargo_patch_range,0
LPL/2026 Season/Split 2_Week 7_3_3,2026-05-13 11:13:00,26.09,LPL 2026 Split 2,Oh My God,EDward Gaming,EDward Gaming,"[""Varus"", ""Akali"", ""Caitlyn"", ""Aurora"", ""Ahri""]","[""Orianna"", ""Nocturne"", ""Lucian"", ""Azir"", ""Viktor""]","[""Rumble"", ""Nautilus"", ""Jhin"", ""Anivia"", ""Lee Sin""]","[""Ashe"", ""Seraphine"", ""Ambessa"", ""Wukong"", ""Taliyah""]",[],[],0,leaguepedia_cargo_patch_range,1
VCS/2026 Season/Summer Season_Week 1_2_1,2026-05-13 11:56:00,26.09,VCS 2026 Summer,MVK Esports Academy,Saigon Dino,Saigon Dino,"[""Orianna"", ""Ezreal"", ""Nocturne"", ""Annie"", ""Ryze""]","[""Varus"", ""Rumble"", ""Pantheon"", ""Anivia"", ""Cassiopeia""]","[""Karma"", ""Naafiri"", ""Jhin"", ""Renekton"", ""Zoe""]","[""Jarvan IV"", ""Bard"", ""Sivir"", ""Aurora"", ""Gnar""]",[],[],0,leaguepedia_cargo_patch_range,1
LPL/2026 Season/Split 2_Week 7_4_1,2026-05-13 12:27:00,26.09,LPL 2026 Split 2,Anyone's Legend,Team WE,Team WE,"[""Ryze"", ""Jarvan IV"", ""Karma"", ""Lee Sin"", ""Nocturne""]","[""Orianna"", ""Ashe"", ""Varus"", ""Neeko"", ""Sion""]","[""Ezreal"", ""Naafiri"", ""Annie"", ""Seraphine"", ""Galio""]","[""Bard"", ""Rumble"", ""Akali"", ""Trundle"", ""Sivir""]",[],[],0,leaguepedia_cargo_patch_range,1
VCS/2026 Season/Summer Season_Week 1_2_2,2026-05-13 12:47:00,26.09,VCS 2026 Summer,Saigon Dino,MVK Esports Academy,Saigon Dino,"[""Ashe"", ""Rumble"", ""Pantheon"", ""Mel"", ""Sylas""]","[""Orianna"", ""Nocturne"", ""Varus"", ""Nautilus"", ""Neeko""]","[""Ezreal"", ""Vi"", ""Ahri"", ""Sion"", ""Seraphine""]","[""Lucian"", ""Xin Zhao"", ""Milio"", ""Taliyah"", ""Ambessa""]",[],[],1,leaguepedia_cargo_patch_range,0
Hellenic Legends League/2026 Season/Spring Playoffs_Semifinals_1_1,2026-05-13 13:13:00,26.09,HLL 2026 Spring Playoffs,WLGaming Esports,Team Phantasma,WLGaming Esports,"[""Varus"", ""Nautilus"", ""Anivia"", ""Sion"", ""K'Sante""]","[""Orianna"", ""Karma"", ""Rumble"", ""Aurora"", ""Akali""]","[""Nocturne"", ""Ezreal"", ""Nami"", ""Annie"", ""Gnar""]","[""Ashe"", ""Seraphine"", ""Xin Zhao"", ""Ryze"", ""Jayce""]",[],[],1,leaguepedia_cargo_patch_range,0
LPL/2026 Season/Split 2_Week 7_4_2,2026-05-13 13:22:00,26.09,LPL 2026 Split 2,Anyone's Legend,Team WE,Anyone's Legend,"[""Karma"", ""Lee Sin"", ""Azir"", ""Lulu"", ""Caitlyn""]","[""Orianna"", ""Varus"", ""Jarvan IV"", ""Pantheon"", ""Vayne""]","[""Ryze"", ""Lucian"", ""Milio"", ""Shen"", ""Vi""]","[""Sion"", ""Xin Zhao"", ""Cassiopeia"", ""Nautilus"", ""Miss Fortune""]",[],[],1,leaguepedia_cargo_patch_range,0
LPL/2026 Season/Split 2_Week 7_4_3,2026-05-13 14:09:00,26.09,LPL 2026 Split 2,Anyone's Legend,Team WE,Anyone's Legend,"[""Karma"", ""Twisted Fate"", ""Nocturne"", ""Lee Sin"", ""Skarner""]","[""Orianna"", ""Varus"", ""Jarvan IV"", ""K'Sante"", ""Yorick""]","[""Pantheon"", ""Caitlyn"", ""Lux"", ""Vayne"", ""Viktor""]","[""Corki"", ""Nami"", ""Jayce"", ""Aurora"", ""Malphite""]",[],[],1,leaguepedia_cargo_patch_range,0
Hellenic Legends League/2026 Season/Spring Playoffs_Semifinals_1_2,2026-05-13 14:13:00,26.09,HLL 2026 Spring Playoffs,WLGaming Esports,Team Phantasma,Team Phantasma,"[""Varus"", ""Nautilus"", ""Anivia"", ""Vayne"", ""Aurora""]","[""Orianna"", ""Karma"", ""Rumble"", ""Akali"", ""Ahri""]","[""Pantheon"", ""Jhin"", ""Neeko"", ""Renekton"", ""Viktor""]","[""Caitlyn"", ""Bard"", ""Dr. Mundo"", ""Azir"", ""Ornn""]",[],[],0,leaguepedia_cargo_patch_range,1
Hellenic Legends League/2026 Season/Spring Playoffs_Semifinals_1_3,2026-05-13 15:10:00,26.09,HLL 2026 Spring Playoffs,WLGaming Esports,Team Phantasma,WLGaming Esports,"[""Varus"", ""Nautilus"", ""Anivia"", ""Akali"", ""Ahri""]","[""Orianna"", ""Rumble"", ""Ambessa"", ""Sion"", ""Vi""]","[""Aurora"", ""Lucian"", ""Yuumi"", ""Wukong"", ""Lissandra""]","[""Jarvan IV"", ""Milio"", ""Aphelios"", ""LeBlanc"", ""Yorick""]",[],[],1,leaguepedia_cargo_patch_range,0
Hitpoint 2nd Division Challengers/2026 Season/Spring Split_Week 4_5_1,2026-05-13 15:15:00,26.09,Hitpoint 2nd Div Challengers 2026 Spring,KIA.eSuba Academy,Diversion Gaming,KIA.eSuba Academy,"[""Ambessa"", ""Vi"", ""Ezreal"", ""Fiora"", ""Sion""]","[""Jarvan IV"", ""Orianna"", ""Pantheon"", ""K'Sante"", ""Dr. Mundo""]","[""Karma"", ""Xin Zhao"", ""Caitlyn"", ""Viktor"", ""Ornn""]","[""Ashe"", ""Seraphine"", ""Wukong"", ""Cho'Gath"", ""Ahri""]",[],[],1,leaguepedia_cargo_patch_range,0
LES/2026 Season/Spring Split_Week 6_1_1,2026-05-13 15:16:00,26.09,LES 2026 Spring,Falke Esports,Barça eSports,Barça eSports,"[""Seraphine"", ""Karma"", ""Anivia"", ""Jayce"", ""Cassiopeia""]","[""Orianna"", ""Bard"", ""Rumble"", ""Lux"", ""Annie""]","[""Pantheon"", ""Kai'Sa"", ""Nautilus"", ""Gnar"", ""Aurora""]","[""Ezreal"", ""Jarvan IV"", ""Braum"", ""Ryze"", ""Kennen""]",[],[],0,leaguepedia_cargo_patch_range,1
Hellenic Legends League/2026 Season/Spring Playoffs_Semifinals_1_4,2026-05-13 15:58:00,26.09,HLL 2026 Spring Playoffs,WLGaming Esports,Team Phantasma,Team Phantasma,"[""Varus"", ""Nautilus"", ""Anivia"", ""Kai'Sa"", ""Gwen""]","[""Orianna"", ""Rumble"", ""Lulu"", ""Sivir"", ""Sion""]","[""Karma"", ""Poppy"", ""Mel"", ""Smolder"", ""Ambessa""]","[""Ahri"", ""Vi"", ""Leona"", ""Yunara"", ""Vayne""]",[],[],0,leaguepedia_cargo_patch_range,1
LES/2026 Season/Spring Split_Week 6_1_2,2026-05-13 15:59:00,26.09,LES 2026 Spring,Falke Esports,Barça eSports,Barça eSports,"[""Seraphine"", ""Karma"", ""Anivia"", ""Lucian"", ""Smolder""]","[""Bard"", ""Orianna"", ""Rumble"", ""Kalista"", ""Nami""]","[""Annie"", ""Renekton"", ""Lee Sin"", ""Lulu"", ""Zeri""]","[""Viktor"", ""Xin Zhao"", ""Jayce"", ""Varus"", ""Neeko""]",[],[],0,leaguepedia_cargo_patch_range,1
Hitpoint 2nd Division Challengers/2026 Season/Spring Split_Week 4_5_2,2026-05-13 16:05:00,26.09,Hitpoint 2nd Div Challengers 2026 Spring,KIA.eSuba Academy,Diversion Gaming,Diversion Gaming,"[""Ambessa"", ""Vi"", ""Ezreal"", ""Nautilus"", ""Leona""]","[""Jarvan IV"", ""Pantheon"", ""Orianna"", ""Skarner"", ""Zaahen""]","[""Ryze"", ""Nami"", ""Smolder"", ""Volibear"", ""Renekton""]","[""Taliyah"", ""Sylas"", ""Samira"", ""Viego"", ""Garen""]",[],[],0,leaguepedia_cargo_patch_range,1
Arabian League/2026 Season/Spring Playoffs_Round 1_3_1,2026-05-13 16:09:00,26.09,Arabian League 2026 Spring Playoffs,Dragons Esports,FN Esports,FN Esports,"[""Pantheon"", ""Ryze"", ""Ashe"", ""Xin Zhao"", ""Akali""]","[""Neeko"", ""Karma"", ""Orianna"", ""Jhin"", ""Ezreal""]","[""Jarvan IV"", ""Sion"", ""Bard"", ""Miss Fortune"", ""Ahri""]","[""Caitlyn"", ""Rumble"", ""Nami"", ""Wukong"", ""Aurora""]",[],[],0,leaguepedia_cargo_patch_range,1
Prime League 2nd Division/2026 Season/Spring Split_Week 3_1_1,2026-05-13 16:12:00,26.09,PRM 2nd Division 25-26 Spring,DKB XPERION NXT,Spongecord prime,DKB XPERION NXT,[],[],[],[],[],[],1,leaguepedia_cargo_patch_range,0
LFL/2026 Season/Spring Playoffs_Round 1_5_1,2026-05-13 16:14:00,26.09,LFL 2026 Spring Playoffs,Ici Japon Corp. Esport,Esprit Shōnen,Esprit Shōnen,"[""Ezreal"", ""Azir"", ""Anivia"", ""Neeko"", ""Akali""]","[""Orianna"", ""Caitlyn"", ""Ryze"", ""Nautilus"", ""Leona""]","[""Pantheon"", ""Rumble"", ""Jhin"", ""Aurora"", ""Rell""]","[""Nocturne"", ""Varus"", ""Sion"", ""Bard"", ""Ahri""]",[],[],0,leaguepedia_cargo_patch_range,1
Prime League 2nd Division/2026 Season/Spring Split_Week 3_2_1,2026-05-13 16:22:00,26.09,PRM 2nd Division 25-26 Spring,All for One Gaming,MT1 Esports,All for One Gaming,[],[],[],[],[],[],1,leaguepedia_cargo_patch_range,0
Esports Balkan League/2026 Season/Spring Playoffs_Round 1_5_1,2026-05-13 16:25:00,26.09,EBL 2026 Spring Playoffs,TQ DURPA KASHLQ,SPIKE Syndicate,TQ DURPA KASHLQ,"[""Caitlyn"", ""Naafiri"", ""Olaf"", ""K'Sante"", ""Ryze""]","[""Orianna"", ""Ambessa"", ""Vladimir"", ""Sion"", ""Gwen""]","[""Gnar"", ""Zaahen"", ""Aurora"", ""Ashe"", ""Karma""]","[""Malphite"", ""Xin Zhao"", ""Azir"", ""Ezreal"", ""Seraphine""]",[],[],1,leaguepedia_cargo_patch_range,0
LES/2026 Season/Spring Split_Week 6_2_1,2026-05-13 16:54:00,26.09,LES 2026 Spring,Movistar KOI Fénix,GIANTX iTero,Movistar KOI Fénix,"[""Shen"", ""Nautilus"", ""Anivia"", ""Xin Zhao"", ""Viktor""]","[""Orianna"", ""Caitlyn"", ""Jarvan IV"", ""Pantheon"", ""Nocturne""]","[""Karma"", ""Ezreal"", ""Rumble"", ""Azir"", ""Vi""]","[""Seraphine"", ""Ashe"", ""Sion"", ""Zaahen"", ""Annie""]",[],[],1,leaguepedia_cargo_patch_range,0
Hitpoint 2nd Division Challengers/2026 Season/Spring Split_Week 4_5_3,2026-05-13 16:55:00,26.09,Hitpoint 2nd Div Challengers 2026 Spring,KIA.eSuba Academy,Diversion Gaming,KIA.eSuba Academy,"[""Ambessa"", ""Vi"", ""Fiora"", ""Braum"", ""Bard""]","[""Jarvan IV"", ""Pantheon"", ""Orianna"", ""Rell"", ""Neeko""]","[""Sion"", ""Kai'Sa"", ""Lillia"", ""Yone"", ""Leona""]","[""Ezreal"", ""Dr. Mundo"", ""Kindred"", ""Nautilus"", ""Akali""]",[],[],1,leaguepedia_cargo_patch_range,0
Arabian League/2026 Season/Spring Playoffs_Round 1_3_2,2026-05-13 16:59:00,26.09,Arabian League 2026 Spring Playoffs,FN Esports,Dragons Esports,FN Esports,"[""Ambessa"", ""Neeko"", ""Nautilus"", ""Fiora"", ""Viktor""]","[""Ryze"", ""Orianna"", ""Pantheon"", ""Akali"", ""LeBlanc""]","[""Karma"", ""Kog'Maw"", ""Zaahen"", ""K'Sante"", ""Syndra""]","[""Ezreal"", ""Xin Zhao"", ""Seraphine"", ""Mel"", ""Jayce""]",[],[],1,leaguepedia_cargo_patch_range,0
Hellenic Legends League/2026 Season/Spring Playoffs_Semifinals_1_5,2026-05-13 17:00:00,26.09,HLL 2026 Spring Playoffs,WLGaming Esports,Team Phantasma,WLGaming Esports,"[""Nautilus"", ""Yone"", ""Naafiri"", ""Aurelion Sol"", ""Akali""]","[""Orianna"", ""Lulu"", ""Sion"", ""Sivir"", ""K'Sante""]","[""Anivia"", ""Alistar"", ""Trundle"", ""Syndra"", ""Zeri""]","[""Rumble"", ""Skarner"", ""Rakan"", ""Varus"", ""Sylas""]",[],[],1,leaguepedia_cargo_patch_range,0
Benelux Ascend Series/2026 Season/Spring Split_Week 7_1_1,2026-05-13 17:07:00,26.09,Benelux Ascend Series 2026 Spring,SNOOZE Esports,Mind Blue eSports,SNOOZE Esports,"[""Bard"", ""Pantheon"", ""Orianna"", ""Ahri"", ""Viktor""]","[""Ezreal"", ""Karma"", ""Rumble"", ""K'Sante"", ""Cho'Gath""]","[""Aurora"", ""Yunara"", ""Lulu"", ""Jarvan IV"", ""Jayce""]","[""Ashe"", ""Seraphine"", ""Xin Zhao"", ""Zoe"", ""Malphite""]",[],[],1,leaguepedia_cargo_patch_range,0
LFL/2026 Season/Spring Playoffs_Round 1_5_2,2026-05-13 17:08:00,26.09,LFL 2026 Spring Playoffs,Ici Japon Corp. Esport,Esprit Shōnen,Esprit Shōnen,"[""Ezreal"", ""Azir"", ""Anivia"", ""Gnar"", ""Akali""]","[""Orianna"", ""Caitlyn"", ""Ryze"", ""Jayce"", ""Renekton""]","[""Jarvan IV"", ""Senna"", ""Nautilus"", ""Viktor"", ""Camille""]","[""Xin Zhao"", ""Ashe"", ""Braum"", ""Ambessa"", ""Hwei""]",[],[],0,leaguepedia_cargo_patch_range,1
Esports Balkan League/2026 Season/Spring Playoffs_Round 1_5_2,2026-05-13 17:12:00,26.09,EBL 2026 Spring Playoffs,TQ DURPA KASHLQ,SPIKE Syndicate,SPIKE Syndicate,"[""Caitlyn"", ""Naafiri"", ""Lulu"", ""Smolder"", ""Yunara""]","[""Orianna"", ""Ambessa"", ""Corki"", ""Xayah"", ""Lucian""]","[""Wukong"", ""K'Sante"", ""Viktor"", ""Sivir"", ""Braum""]","[""Rumble"", ""Vi"", ""Hwei"", ""Varus"", ""Alistar""]",[],[],0,leaguepedia_cargo_patch_range,1
Prime League 2nd Division/2026 Season/Spring Split_Week 3_2_2,2026-05-13 17:13:00,26.09,PRM 2nd Division 25-26 Spring,MT1 Esports,All for One Gaming,All for One Gaming,[],[],[],[],[],[],0,leaguepedia_cargo_patch_range,1
Prime League 2nd Division/2026 Season/Spring Split_Week 3_1_2,2026-05-13 17:17:00,26.09,PRM 2nd Division 25-26 Spring,Spongecord prime,DKB XPERION NXT,Spongecord prime,[],[],[],[],[],[],1,leaguepedia_cargo_patch_range,0
LES/2026 Season/Spring Split_Week 6_2_2,2026-05-13 17:37:00,26.09,LES 2026 Spring,Movistar KOI Fénix,GIANTX iTero,Movistar KOI Fénix,"[""Shen"", ""Nautilus"", ""Skarner"", ""Aurora"", ""Anivia""]","[""Orianna"", ""Pantheon"", ""Caitlyn"", ""Taliyah"", ""LeBlanc""]","[""Jarvan IV"", ""Aphelios"", ""Lulu"", ""Akali"", ""Gnar""]","[""Kalista"", ""Wukong"", ""Blitzcrank"", ""Viktor"", ""Varus""]",[],[],1,leaguepedia_cargo_patch_range,0
Arabian League/2026 Season/Spring Playoffs_Round 1_3_3,2026-05-13 17:48:00,26.09,Arabian League 2026 Spring Playoffs,FN Esports,Dragons Esports,FN Esports,"[""Neeko"", ""Ambessa"", ""Nautilus"", ""Galio"", ""Viktor""]","[""Orianna"", ""Ryze"", ""Pantheon"", ""Ornn"", ""Akali""]","[""Ashe"", ""Lulu"", ""Dr. Mundo"", ""Irelia"", ""Azir""]","[""Milio"", ""Nocturne"", ""Lucian"", ""Gnar"", ""Taliyah""]",[],[],1,leaguepedia_cargo_patch_range,0
Hitpoint 2nd Division Challengers/2026 Season/Spring Split_Week 4_6_1,2026-05-13 17:48:00,26.09,Hitpoint 2nd Div Challengers 2026 Spring,Ethereal Enigmas,EXILE esports Academy,Ethereal Enigmas,"[""Xerath"", ""Syndra"", ""Karma"", ""Rumble"", ""Gragas""]","[""Azir"", ""Nami"", ""Aurora"", ""Rakan"", ""Braum""]","[""Jarvan IV"", ""Orianna"", ""Kai'Sa"", ""Gnar"", ""Rell""]","[""Naafiri"", ""Ezreal"", ""Zed"", ""Nautilus"", ""Sylas""]",[],[],1,leaguepedia_cargo_patch_range,0
Esports Balkan League/2026 Season/Spring Playoffs_Round 1_5_3,2026-05-13 17:55:00,26.09,EBL 2026 Spring Playoffs,SPIKE Syndicate,TQ DURPA KASHLQ,TQ DURPA KASHLQ,"[""Syndra"", ""Corki"", ""Renekton"", ""Pantheon"", ""Sion""]","[""Naafiri"", ""Orianna"", ""Ambessa"", ""Bard"", ""Nautilus""]","[""Caitlyn"", ""Jarvan IV"", ""Ryze"", ""Rell"", ""Aatrox""]","[""Jinx"", ""Lulu"", ""Anivia"", ""Volibear"", ""Poppy""]",[],[],0,leaguepedia_cargo_patch_range,1
LFL/2026 Season/Spring Playoffs_Round 1_6_1,2026-05-13 18:17:00,26.09,LFL 2026 Spring Playoffs,ZYB Esport,Vitality.Bee,Vitality.Bee,"[""Jarvan IV"", ""Nautilus"", ""Ashe"", ""Corki"", ""Lucian""]","[""Orianna"", ""Caitlyn"", ""Karma"", ""Neeko"", ""Bard""]","[""Ezreal"", ""Xin Zhao"", ""Rumble"", ""Nami"", ""Aurora""]","[""Pantheon"", ""Viktor"", ""Anivia"", ""Varus"", ""Pyke""]",[],[],0,leaguepedia_cargo_patch_range,1
Benelux Ascend Series/2026 Season/Spring Split_Week 7_2_1,2026-05-13 18:19:00,26.09,Benelux Ascend Series 2026 Spring,ZennIT Academy,Soul's Heart Esport,ZennIT Academy,"[""Varus"", ""Nautilus"", ""Jarvan IV"", ""Ambessa"", ""Gnar""]","[""Orianna"", ""Azir"", ""Qiyana"", ""Renekton"", ""Sion""]","[""Karma"", ""Caitlyn"", ""Pantheon"", ""Viktor"", ""Ornn""]","[""Seraphine"", ""Anivia"", ""Ezreal"", ""Wukong"", ""K'Sante""]",[],[],1,leaguepedia_cargo_patch_range,0
Benelux Ascend Series/2026 Season/Spring Split_Week 7_1_2,2026-05-13 18:20:00,26.09,Benelux Ascend Series 2026 Spring,SNOOZE Esports,Mind Blue eSports,SNOOZE Esports,"[""Bard"", ""Pantheon"", ""Orianna"", ""Caitlyn"", ""Rell""]","[""Ezreal"", ""Karma"", ""Rumble"", ""Sion"", ""Nautilus""]","[""Ahri"", ""Graves"", ""Jhin"", ""Rakan"", ""K'Sante""]","[""Ryze"", ""Varus"", ""Kayn"", ""Alistar"", ""Jinx""]",[],[],1,leaguepedia_cargo_patch_range,0
Prime League 2nd Division/2026 Season/Spring Split_Week 3_1_3,2026-05-13 18:23:00,26.09,PRM 2nd Division 25-26 Spring,DKB XPERION NXT,Spongecord prime,Spongecord prime,[],[],[],[],[],[],0,leaguepedia_cargo_patch_range,1
Hitpoint 2nd Division Challengers/2026 Season/Spring Split_Week 4_6_2,2026-05-13 18:40:00,26.09,Hitpoint 2nd Div Challengers 2026 Spring,Ethereal Enigmas,EXILE esports Academy,Ethereal Enigmas,"[""Xerath"", ""Syndra"", ""Zyra"", ""Vi"", ""Wukong""]","[""Azir"", ""Aurora"", ""Xin Zhao"", ""Pantheon"", ""Dr. Mundo""]","[""Seraphine"", ""Ashe"", ""Ryze"", ""Rek'Sai"", ""Renekton""]","[""Karma"", ""Varus"", ""Ahri"", ""Qiyana"", ""Malphite""]",[],[],1,leaguepedia_cargo_patch_range,0
Esports Balkan League/2026 Season/Spring Playoffs_Round 1_6_1,2026-05-13 18:44:00,26.09,EBL 2026 Spring Playoffs,Team Spawn Peek,Washed Gaming,Team Spawn Peek,"[""Seraphine"", ""LeBlanc"", ""Yunara"", ""Nami"", ""Milio""]","[""Ryze"", ""Karma"", ""Pantheon"", ""Lulu"", ""Ezreal""]","[""Rumble"", ""Wukong"", ""Galio"", ""Smolder"", ""Soraka""]","[""K'Sante"", ""Akali"", ""Skarner"", ""Xayah"", ""Nautilus""]",[],[],1,leaguepedia_cargo_patch_range,0
Prime League 2nd Division/2026 Season/Spring Split_Week 3_4_1,2026-05-13 18:48:00,26.09,PRM 2nd Division 25-26 Spring,Hannover Esports e.V.,AceGaming,Hannover Esports e.V.,[],[],[],[],[],[],1,leaguepedia_cargo_patch_range,0
Prime League 2nd Division/2026 Season/Spring Split_Week 3_3_1,2026-05-13 18:49:00,26.09,PRM 2nd Division 25-26 Spring,LOOKSMAXXER,Locked In (Dutch Team),LOOKSMAXXER,[],[],[],[],[],[],1,leaguepedia_cargo_patch_range,0
LFL/2026 Season/Spring Playoffs_Round 1_6_2,2026-05-13 19:13:00,26.09,LFL 2026 Spring Playoffs,Vitality.Bee,ZYB Esport,ZYB Esport,"[""Nautilus"", ""Karma"", ""Yasuo"", ""Nocturne"", ""Vi""]","[""Orianna"", ""Jarvan IV"", ""Bard"", ""Poppy"", ""Renekton""]","[""Seraphine"", ""Aatrox"", ""Ashe"", ""Sion"", ""Taliyah""]","[""Rell"", ""Jax"", ""Samira"", ""Sejuani"", ""Azir""]",[],[],0,leaguepedia_cargo_patch_range,1
Benelux Ascend Series/2026 Season/Spring Split_Week 7_2_2,2026-05-13 19:16:00,26.09,Benelux Ascend Series 2026 Spring,Soul's Heart Esport,ZennIT Academy,ZennIT Academy,"[""Azir"", ""Qiyana"", ""Sion"", ""Nautilus"", ""Rakan""]","[""Orianna"", ""Varus"", ""Jarvan IV"", ""Nami"", ""Milio""]","[""Rumble"", ""Dr. Mundo"", ""Aurora"", ""Rell"", ""Kai'Sa""]","[""Ambessa"", ""Nocturne"", ""Ryze"", ""Lulu"", ""Yunara""]",[],[],0,leaguepedia_cargo_patch_range,1
Esports Balkan League/2026 Season/Spring Playoffs_Round 1_6_2,2026-05-13 19:34:00,26.09,EBL 2026 Spring Playoffs,Team Spawn Peek,Washed Gaming,Washed Gaming,"[""Seraphine"", ""LeBlanc"", ""Yunara"", ""Nami"", ""Alistar""]","[""Ryze"", ""Karma"", ""Milio"", ""Lulu"", ""Illaoi""]","[""Xin Zhao"", ""Sivir"", ""Viktor"", ""Rell"", ""Ornn""]","[""Nocturne"", ""Ezreal"", ""Orianna"", ""Rakan"", ""Olaf""]",[],[],0,leaguepedia_cargo_patch_range,1
Prime League 2nd Division/2026 Season/Spring Split_Week 3_4_2,2026-05-13 19:38:00,26.09,PRM 2nd Division 25-26 Spring,AceGaming,Hannover Esports e.V.,Hannover Esports e.V.,[],[],[],[],[],[],0,leaguepedia_cargo_patch_range,1
Prime League 2nd Division/2026 Season/Spring Split_Week 3_3_2,2026-05-13 19:44:00,26.09,PRM 2nd Division 25-26 Spring,Locked In (Dutch Team),LOOKSMAXXER,LOOKSMAXXER,[],[],[],[],[],[],0,leaguepedia_cargo_patch_range,1
LFL/2026 Season/Spring Playoffs_Round 1_6_3,2026-05-13 20:16:00,26.09,LFL 2026 Spring Playoffs,ZYB Esport,Vitality.Bee,Vitality.Bee,"[""Yunara"", ""Fiora"", ""Ryze"", ""Ahri"", ""Renekton""]","[""Orianna"", ""Caitlyn"", ""Yasuo"", ""Nautilus"", ""Mel""]","[""Kai'Sa"", ""Neeko"", ""Shen"", ""Ambessa"", ""Akali""]","[""Lucian"", ""Vi"", ""Milio"", ""Syndra"", ""Gwen""]",[],[],0,leaguepedia_cargo_patch_range,1
Esports Balkan League/2026 Season/Spring Playoffs_Round 1_6_3,2026-05-13 20:29:00,26.09,EBL 2026 Spring Playoffs,Washed Gaming,Team Spawn Peek,Team Spawn Peek,"[""Pantheon"", ""Milio"", ""Syndra"", ""Illaoi"", ""Mel""]","[""LeBlanc"", ""Yunara"", ""Ryze"", ""Dr. Mundo"", ""Ahri""]","[""Karma"", ""Vi"", ""Corki"", ""Azir"", ""Aatrox""]","[""Ashe"", ""Jarvan IV"", ""Seraphine"", ""Aurora"", ""Volibear""]",[],[],0,leaguepedia_cargo_patch_range,1
LCK CL/2026 Season/Rounds 1-2_Week 7_6_1,2026-05-14 05:06:00,26.09,LCK CL 2026 Rounds 1-2,KT Rolster Challengers,HANJIN BRION Challengers,KT Rolster Challengers,"[""Varus"", ""Karma"", ""Vi"", ""Jayce"", ""Vayne""]","[""Nocturne"", ""Ashe"", ""Rumble"", ""Jhin"", ""Sion""]","[""Jarvan IV"", ""Orianna"", ""Bard"", ""Caitlyn"", ""Renekton""]","[""Ezreal"", ""Xin Zhao"", ""Akali"", ""Neeko"", ""Gnar""]",[],[],1,leaguepedia_cargo_patch_range,0
LCK CL/2026 Season/Rounds 1-2_Week 7_7_1,2026-05-14 05:08:00,26.09,LCK CL 2026 Rounds 1-2,Dplus Kia Challengers,BNK FEARX Youth,BNK FEARX Youth,"[""Varus"", ""Lucian"", ""Orianna"", ""Sion"", ""Aurora""]","[""Rumble"", ""Jarvan IV"", ""Karma"", ""Ryze"", ""Annie""]","[""Ashe"", ""Nocturne"", ""Lulu"", ""Mel"", ""Jayce""]","[""Seraphine"", ""Xin Zhao"", ""Ezreal"", ""Ahri"", ""K'Sante""]",[],[],0,leaguepedia_cargo_patch_range,1
LCK CL/2026 Season/Rounds 1-2_Week 7_8_1,2026-05-14 05:10:00,26.09,LCK CL 2026 Rounds 1-2,DN SOOPers Challengers,T1 Esports Academy,T1 Esports Academy,"[""Varus"", ""Karma"", ""Bard"", ""Sion"", ""K'Sante""]","[""Rumble"", ""Nocturne"", ""Jarvan IV"", ""Lucian"", ""Nautilus""]","[""Orianna"", ""Pantheon"", ""Jayce"", ""Mel"", ""Pyke""]","[""Ashe"", ""Xin Zhao"", ""Seraphine"", ""Viktor"", ""Skarner""]",[],[],0,leaguepedia_cargo_patch_range,1
LCK CL/2026 Season/Rounds 1-2_Week 7_6_2,2026-05-14 05:51:00,26.09,LCK CL 2026 Rounds 1-2,HANJIN BRION Challengers,KT Rolster Challengers,HANJIN BRION Challengers,"[""Varus"", ""Karma"", ""Lucian"", ""Vayne"", ""Viktor""]","[""Nocturne"", ""Ashe"", ""Rumble"", ""Sion"", ""Jayce""]","[""Vi"", ""Aphelios"", ""Thresh"", ""Aurora"", ""Aatrox""]","[""Yunara"", ""Lulu"", ""Skarner"", ""Ambessa"", ""Taliyah""]",[],[],1,leaguepedia_cargo_patch_range,0
LCK CL/2026 Season/Rounds 1-2_Week 7_7_2,2026-05-14 06:02:00,26.09,LCK CL 2026 Rounds 1-2,BNK FEARX Youth,Dplus Kia Challengers,Dplus Kia Challengers,"[""Varus"", ""Karma"", ""Vayne"", ""Gwen""]","[""Rumble"", ""Orianna"", ""Jarvan IV"", ""Akali"", ""Twisted Fate""]","[""Lucian"", ""Milio"", ""Wukong"", ""Aurora"", ""Sion""]","[""Bard"", ""Vi"", ""Caitlyn"", ""Azir"", ""Gnar""]",[],[],0,leaguepedia_cargo_patch_range,1
LCK CL/2026 Season/Rounds 1-2_Week 7_8_2,2026-05-14 06:03:00,26.09,LCK CL 2026 Rounds 1-2,DN SOOPers Challengers,T1 Esports Academy,DN SOOPers Challengers,"[""Varus"", ""Karma"", ""Bard"", ""Vayne"", ""Annie""]","[""Rumble"", ""Nocturne"", ""Jarvan IV"", ""Anivia"", ""Twisted Fate""]","[""Vi"", ""Lucian"", ""Milio"", ""Ambessa"", ""Taliyah""]","[""Neeko"", ""Wukong"", ""Ezreal"", ""Gnar"", ""Ahri""]",[],[],1,leaguepedia_cargo_patch_range,0
LCK CL/2026 Season/Rounds 1-2_Week 7_6_3,2026-05-14 06:44:00,26.09,LCK CL 2026 Rounds 1-2,HANJIN BRION Challengers,KT Rolster Challengers,KT Rolster Challengers,"[""Nocturne"", ""Ashe"", ""Lucian"", ""Nautilus"", ""Miss Fortune""]","[""Rumble"", ""Varus"", ""Karma"", ""Vayne"", ""Viktor""]","[""Pantheon"", ""Corki"", ""Nami"", ""Gwen"", ""Azir""]","[""Wukong"", ""Anivia"", ""K'Sante"", ""Jhin"", ""Mel""]",[],[],0,leaguepedia_cargo_patch_range,1
LCK CL/2026 Season/Rounds 1-2_Week 7_8_3,2026-05-14 06:49:00,26.09,LCK CL 2026 Rounds 1-2,DN SOOPers Challengers,T1 Esports Academy,T1 Esports Academy,"[""Varus"", ""Karma"", ""Lee Sin"", ""Annie"", ""Vayne""]","[""Rumble"", ""Jarvan IV"", ""Nocturne"", ""Azir"", ""Cassiopeia""]","[""Bard"", ""Caitlyn"", ""Trundle"", ""Renekton"", ""Twisted Fate""]","[""Yunara"", ""Lulu"", ""Naafiri"", ""Anivia"", ""Aurora""]",[],[],0,leaguepedia_cargo_patch_range,1
LCK CL/2026 Season/Rounds 1-2_Week 7_7_3,2026-05-14 06:54:00,26.09,LCK CL 2026 Rounds 1-2,Dplus Kia Challengers,BNK FEARX Youth,Dplus Kia Challengers,"[""Orianna"", ""Nautilus"", ""Varus"", ""Ryze"", ""Cassiopeia""]","[""Rumble"", ""Jarvan IV"", ""Karma"", ""Vayne"", ""Lee Sin""]","[""Nami"", ""Corki"", ""Annie"", ""Naafiri"", ""Skarner""]","[""Sivir"", ""Yuumi"", ""Renekton"", ""Anivia"", ""Maokai""]",[],[],1,leaguepedia_cargo_patch_range,0
LCK/2026 Season/Rounds 1-2_Week 7_3_1,2026-05-14 08:07:00,26.09,LCK 2026 Rounds 1-2,BNK FEARX,Gen.G,Gen.G,"[""Varus"", ""Bard"", ""Xin Zhao"", ""Gnar"", ""Ahri""]","[""Karma"", ""Orianna"", ""Rumble"", ""Twisted Fate"", ""Annie""]","[""Jarvan IV"", ""Lucian"", ""Milio"", ""Sion"", ""Cassiopeia""]","[""Ashe"", ""Seraphine"", ""Vi"", ""Renekton"", ""Akali""]",[],[],0,leaguepedia_cargo_patch_range,1
LJL/2026 Season/Spring Series_Week 3_1_1,2026-05-14 08:11:00,26.09,LJL 2026 Spring Series,Uwinks,L Guide Gaming,Uwinks,"[""Riven"", ""Akali"", ""Jarvan IV"", ""LeBlanc"", ""Ornn""]","[""Naafiri"", ""Varus"", ""Nocturne"", ""Nautilus"", ""Neeko""]","[""Viktor"", ""Kai'Sa"", ""Pantheon"", ""Rell"", ""Renekton""]","[""Ezreal"", ""Lee Sin"", ""Karma"", ""Orianna"", ""Gnar""]",[],[],1,leaguepedia_cargo_patch_range,0
LCK/2026 Season/Rounds 1-2_Week 7_3_2,2026-05-14 09:01:00,26.09,LCK 2026 Rounds 1-2,BNK FEARX,Gen.G,Gen.G,"[""Varus"", ""Bard"", ""Ezreal"", ""Corki"", ""Caitlyn""]","[""Rumble"", ""Karma"", ""Orianna"", ""Anivia"", ""Twisted Fate""]","[""Nocturne"", ""Yunara"", ""Lulu"", ""Annie"", ""Gnar""]","[""Neeko"", ""Wukong"", ""Ryze"", ""Jhin"", ""Vayne""]",[],[],0,leaguepedia_cargo_patch_range,1
Esports World Cup 2026/Online Qualifiers/Asia-Pacific_Round 3_1_1,2026-05-14 09:07:00,26.09,Esports World Cup 2026 Online Qualifier: Asia-Pacific,Deep Cross Gaming,GAM Esports,GAM Esports,"[""Varus"", ""Bard"", ""Karma"", ""Ashe"", ""Poppy""]","[""Nocturne"", ""Orianna"", ""Ezreal"", ""Lucian"", ""Sivir""]","[""Rumble"", ""Lee Sin"", ""Ryze"", ""Corki"", ""Rell""]","[""Jarvan IV"", ""Ambessa"", ""Cassiopeia"", ""Nautilus"", ""Jhin""]",[],[],0,leaguepedia_cargo_patch_range,1
Esports World Cup 2026/Online Qualifiers/Asia-Pacific_Round 4_1_1,2026-05-14 09:09:00,26.09,Esports World Cup 2026 Online Qualifier: Asia-Pacific,Fukuoka SoftBank HAWKS gaming,Team Secret (Vietnamese Team),Fukuoka SoftBank HAWKS gaming,"[""Varus"", ""Nautilus"", ""Orianna"", ""Vayne"", ""Gwen""]","[""Rumble"", ""Ashe"", ""Karma"", ""Zaahen"", ""K'Sante""]","[""Jarvan IV"", ""Lucian"", ""Milio"", ""Cassiopeia"", ""Shen""]","[""Ezreal"", ""Lee Sin"", ""Seraphine"", ""Sion"", ""Viktor""]",[],[],1,leaguepedia_cargo_patch_range,0
LPL/2026 Season/Split 2_Week 7_5_1,2026-05-14 09:10:00,26.09,LPL 2026 Split 2,LNG Esports,LGD Gaming,LNG Esports,"[""Akali"", ""Varus"", ""Nocturne"", ""Vayne"", ""Jayce""]","[""Seraphine"", ""Rumble"", ""Orianna"", ""Anivia"", ""Cassiopeia""]","[""Karma"", ""Ezreal"", ""Trundle"", ""Gnar"", ""Annie""]","[""Nautilus"", ""Skarner"", ""Miss Fortune"", ""Ryze"", ""Twisted Fate""]",[],[],1,leaguepedia_cargo_patch_range,0
LJL/2026 Season/Spring Series_Week 3_1_2,2026-05-14 09:17:00,26.09,LJL 2026 Spring Series,L Guide Gaming,Uwinks,Uwinks,"[""Naafiri"", ""Nocturne"", ""Caitlyn"", ""Aurora"", ""Olaf""]","[""Ryze"", ""Jarvan IV"", ""Lucian"", ""Riven"", ""Ornn""]","[""Varus"", ""Bard"", ""Annie"", ""Rumble"", ""Xin Zhao""]","[""Ashe"", ""Seraphine"", ""Hwei"", ""Ambessa"", ""Anivia""]",[],[],0,leaguepedia_cargo_patch_range,1
Esports World Cup 2026/Online Qualifiers/Asia-Pacific_Round 3_1_2,2026-05-14 09:58:00,26.09,Esports World Cup 2026 Online Qualifier: Asia-Pacific,Deep Cross Gaming,GAM Esports,Deep Cross Gaming,"[""Orianna"", ""Naafiri"", ""Wukong"", ""Annie"", ""Ahri""]","[""Nocturne"", ""Karma"", ""Lucian"", ""Pyke"", ""Ashe""]","[""Varus"", ""Pantheon"", ""Aurora"", ""Sivir"", ""Rakan""]","[""Bard"", ""Ezreal"", ""Xin Zhao"", ""Twisted Fate"", ""Yorick""]",[],[],1,leaguepedia_cargo_patch_range,0
Esports World Cup 2026/Online Qualifiers/Asia-Pacific_Round 4_1_2,2026-05-14 10:04:00,26.09,Esports World Cup 2026 Online Qualifier: Asia-Pacific,Fukuoka SoftBank HAWKS gaming,Team Secret (Vietnamese Team),Team Secret (Vietnamese Team),"[""K'Sante"", ""Lulu"", ""Orianna"", ""Neeko"", ""Miss Fortune""]","[""Rumble"", ""Varus"", ""Nocturne"", ""Nautilus"", ""Jhin""]","[""Ryze"", ""Xin Zhao"", ""Renekton"", ""Ziggs"", ""Bard""]","[""Anivia"", ""Naafiri"", ""Gragas"", ""Caitlyn"", ""Skarner""]",[],[],0,leaguepedia_cargo_patch_range,1
VCS/2026 Season/Summer Season_Week 1_3_1,2026-05-14 10:07:00,26.09,VCS 2026 Summer,SN CyberCore Esports,9Gaming,SN CyberCore Esports,"[""Nocturne"", ""Seraphine"", ""Varus"", ""Annie"", ""Rumble""]","[""Orianna"", ""Karma"", ""Pantheon"", ""Aurora"", ""Taliyah""]","[""Jarvan IV"", ""Nautilus"", ""Corki"", ""Akali"", ""Jax""]","[""Lucian"", ""Milio"", ""Xin Zhao"", ""Anivia"", ""K'Sante""]",[],[],1,leaguepedia_cargo_patch_range,0
LPL/2026 Season/Split 2_Week 7_5_2,2026-05-14 10:13:00,26.09,LPL 2026 Split 2,LNG Esports,LGD Gaming,LNG Esports,"[""Akali"", ""Varus"", ""Vi"", ""Yone"", ""Xin Zhao""]","[""Seraphine"", ""Orianna"", ""Caitlyn"", ""K'Sante"", ""Sion""]","[""Nocturne"", ""Lulu"", ""Yunara"", ""Cassiopeia"", ""Yorick""]","[""Lucian"", ""Rumble"", ""Milio"", ""Wukong"", ""Anivia""]",[],[],1,leaguepedia_cargo_patch_range,0
LJL/2026 Season/Spring Series_Week 3_2_1,2026-05-14 10:14:00,26.09,LJL 2026 Spring Series,Arneb,FENNEL,FENNEL,"[""Neeko"", ""Seraphine"", ""Karma"", ""Varus"", ""Akali""]","[""Sion"", ""Malphite"", ""Nocturne"", ""Miss Fortune"", ""Ryze""]","[""Rumble"", ""Rell"", ""Wukong"", ""Viktor"", ""Ezreal""]","[""Nautilus"", ""Naafiri"", ""Ambessa"", ""Annie"", ""Kai'Sa""]",[],[],0,leaguepedia_cargo_patch_range,1
LCK/2026 Season/Rounds 1-2_Week 7_4_1,2026-05-14 10:16:00,26.09,LCK 2026 Rounds 1-2,Kiwoom DRX,KT Rolster,KT Rolster,"[""Varus"", ""Lucian"", ""Jarvan IV"", ""Gnar"", ""Ryze""]","[""Orianna"", ""Rumble"", ""Trundle"", ""Cassiopeia"", ""Viktor""]","[""Karma"", ""Sivir"", ""Pantheon"", ""Jayce"", ""Annie""]","[""Ezreal"", ""Xin Zhao"", ""Bard"", ""Renekton"", ""Aurora""]",[],[],0,leaguepedia_cargo_patch_range,1
Esports World Cup 2026/Online Qualifiers/Asia-Pacific_Round 3_1_3,2026-05-14 10:47:00,26.09,Esports World Cup 2026 Online Qualifier: Asia-Pacific,Deep Cross Gaming,GAM Esports,GAM Esports,"[""Vi"", ""Akali"", ""Wukong"", ""Gwen"", ""Gnar""]","[""Nocturne"", ""Orianna"", ""Jayce"", ""Galio"", ""Ahri""]","[""Naafiri"", ""Caitlyn"", ""Neeko"", ""Sion"", ""Mel""]","[""Lucian"", ""Milio"", ""Annie"", ""Olaf"", ""Shen""]",[],[],0,leaguepedia_cargo_patch_range,1
Esports World Cup 2026/Online Qualifiers/Asia-Pacific_Round 4_1_3,2026-05-14 10:59:00,26.09,Esports World Cup 2026 Online Qualifier: Asia-Pacific,Team Secret (Vietnamese Team),Fukuoka SoftBank HAWKS gaming,Team Secret (Vietnamese Team),"[""Akali"", ""Varus"", ""Gwen"", ""Jhin"", ""Vayne""]","[""Rumble"", ""K'Sante"", ""Orianna"", ""Ambessa"", ""Kai'Sa""]","[""Nocturne"", ""Aurora"", ""Neeko"", ""Yunara"", ""Yorick""]","[""Ahri"", ""Vi"", ""Karma"", ""Sivir"", ""Cho'Gath""]",[],[],1,leaguepedia_cargo_patch_range,0
LCK/2026 Season/Rounds 1-2_Week 7_4_2,2026-05-14 11:01:00,26.09,LCK 2026 Rounds 1-2,KT Rolster,Kiwoom DRX,Kiwoom DRX,"[""Varus"", ""Ashe"", ""Vayne"", ""Caitlyn"", ""Nautilus""]","[""Rumble"", ""Lucian"", ""Nocturne"", ""Naafiri"", ""Lee Sin""]","[""Orianna"", ""Yunara"", ""Lulu"", ""Vi"", ""Kennen""]","[""Gnar"", ""Jarvan IV"", ""Ryze"", ""Corki"", ""Nami""]",[],[],0,leaguepedia_cargo_patch_range,1
VCS/2026 Season/Summer Season_Week 1_3_2,2026-05-14 11:09:00,26.09,VCS 2026 Summer,SN CyberCore Esports,9Gaming,SN CyberCore Esports,"[""Nocturne"", ""Seraphine"", ""Varus"", ""Naafiri"", ""Ambessa""]","[""Karma"", ""Orianna"", ""Pantheon"", ""Vi"", ""Lee Sin""]","[""Rumble"", ""Bard"", ""Jhin"", ""Twisted Fate"", ""Trundle""]","[""Aurora"", ""Lulu"", ""Yunara"", ""Zaahen"", ""Ryze""]",[],[],1,leaguepedia_cargo_patch_range,0
LJL/2026 Season/Spring Series_Week 3_2_2,2026-05-14 11:13:00,26.09,LJL 2026 Spring Series,Arneb,FENNEL,Arneb,"[""Varus"", ""Jarvan IV"", ""Akali"", ""Gnar"", ""Renekton""]","[""Sion"", ""Nocturne"", ""Karma"", ""Jayce"", ""Pantheon""]","[""Orianna"", ""Mel"", ""Leona"", ""Xin Zhao"", ""K'Sante""]","[""Seraphine"", ""Ashe"", ""Ryze"", ""Lee Sin"", ""Gwen""]",[],[],1,leaguepedia_cargo_patch_range,0
LPL/2026 Season/Split 2_Week 7_6_1,2026-05-14 11:30:00,26.09,LPL 2026 Split 2,JD Gaming,Weibo Gaming,Weibo Gaming,"[""Ashe"", ""Ezreal"", ""Nocturne"", ""Nautilus"", ""Bard""]","[""Orianna"", ""Varus"", ""Jarvan IV"", ""Lucian"", ""Lulu""]","[""Vi"", ""Sion"", ""Cassiopeia"", ""Corki"", ""Nami""]","[""Rumble"", ""Naafiri"", ""Yone"", ""Karma"", ""Jhin""]",[],[],0,leaguepedia_cargo_patch_range,1
LCK/2026 Season/Rounds 1-2_Week 7_4_3,2026-05-14 11:54:00,26.09,LCK 2026 Rounds 1-2,Kiwoom DRX,KT Rolster,KT Rolster,"[""Varus"", ""Ashe"", ""Trundle"", ""Vayne"", ""Ambessa""]","[""Rumble"", ""Lucian"", ""Nocturne"", ""Lee Sin"", ""Skarner""]","[""Caitlyn"", ""Lux"", ""K'Sante"", ""Poppy"", ""Cassiopeia""]","[""Neeko"", ""Naafiri"", ""Jhin"", ""Zaahen"", ""Hwei""]",[],[],0,leaguepedia_cargo_patch_range,1
VCS/2026 Season/Summer Season_Week 1_4_1,2026-05-14 12:08:00,26.09,VCS 2026 Summer,Saigon Dino,ZEN Esports (Vietnamese Team),Saigon Dino,"[""Ashe"", ""Pantheon"", ""Jarvan IV"", ""Jhin"", ""Ezreal""]","[""Orianna"", ""Karma"", ""Nocturne"", ""Nautilus"", ""Caitlyn""]","[""Varus"", ""Trundle"", ""Ryze"", ""Rumble"", ""Anivia""]","[""Xin Zhao"", ""Bard"", ""Cassiopeia"", ""Corki"", ""Gnar""]",[],[],1,leaguepedia_cargo_patch_range,0
LJL/2026 Season/Spring Series_Week 3_2_3,2026-05-14 12:13:00,26.09,LJL 2026 Spring Series,FENNEL,Arneb,FENNEL,"[""Sion"", ""Nocturne"", ""Malphite"", ""Bard"", ""Akali""]","[""Neeko"", ""Varus"", ""Gnar"", ""Jarvan IV"", ""Vi""]","[""Karma"", ""Jhin"", ""Renekton"", ""Azir"", ""Trundle""]","[""Pantheon"", ""Caitlyn"", ""Ornn"", ""Milio"", ""Aurora""]",[],[],1,leaguepedia_cargo_patch_range,0
LPL/2026 Season/Split 2_Week 7_6_2,2026-05-14 12:36:00,26.09,LPL 2026 Split 2,Weibo Gaming,JD Gaming,JD Gaming,"[""Annie"", ""Ryze"", ""Nocturne"", ""Jax"", ""Xin Zhao""]","[""Orianna"", ""Varus"", ""Jarvan IV"", ""Skarner"", ""Trundle""]","[""Twisted Fate"", ""Lucian"", ""Milio"", ""Renekton"", ""Lee Sin""]","[""Ashe"", ""Seraphine"", ""Azir"", ""Pantheon"", ""Gnar""]",[],[],0,leaguepedia_cargo_patch_range,1
VCS/2026 Season/Summer Season_Week 1_4_2,2026-05-14 12:58:00,26.09,VCS 2026 Summer,ZEN Esports (Vietnamese Team),Saigon Dino,Saigon Dino,"[""Karma"", ""Ashe"", ""Akali"", ""Vayne"", ""Jayce""]","[""Pantheon"", ""Nocturne"", ""Orianna"", ""Hwei"", ""Syndra""]","[""Jarvan IV"", ""Jhin"", ""Neeko"", ""Aurora"", ""Renekton""]","[""Naafiri"", ""Ezreal"", ""Annie"", ""Nautilus"", ""Zaahen""]",[],[],0,leaguepedia_cargo_patch_range,1
Hellenic Legends League/2026 Season/Spring Playoffs_Semifinals_2_1,2026-05-14 13:18:00,26.09,HLL 2026 Spring Playoffs,GOAL,Team Insidious,Team Insidious,"[""Zed"", ""Ryze"", ""Xin Zhao"", ""LeBlanc"", ""Syndra""]","[""Pantheon"", ""Nocturne"", ""Orianna"", ""Gwen"", ""Akali""]","[""Rumble"", ""Jarvan IV"", ""Ezreal"", ""Aurora"", ""Karma""]","[""Anivia"", ""Dr. Mundo"", ""Jhin"", ""Alistar"", ""Ahri""]",[],[],0,leaguepedia_cargo_patch_range,1
LPL/2026 Season/Split 2_Week 7_6_3,2026-05-14 13:30:00,26.09,LPL 2026 Split 2,JD Gaming,Weibo Gaming,Weibo Gaming,"[""Nocturne"", ""Annie"", ""Anivia"", ""Trundle"", ""Vayne""]","[""Jarvan IV"", ""Orianna"", ""Varus"", ""Wukong"", ""Ambessa""]","[""Ryze"", ""Ezreal"", ""Neeko"", ""Jayce"", ""K'Sante""]","[""Bard"", ""Taliyah"", ""Caitlyn"", ""Skarner"", ""Zaahen""]",[],[],0,leaguepedia_cargo_patch_range,1
Arabian League 2nd Division/2026 Season/Spring Playoffs_Round 1_1_1,2026-05-14 14:07:00,26.09,Arabian League 2nd Division 2026 Spring Playoffs,Victorious Demons,Pyramid IV Esports,Pyramid IV Esports,"[""Aurora"", ""Jarvan IV"", ""Bard"", ""Nautilus"", ""Ornn""]","[""Varus"", ""Pantheon"", ""Ryze"", ""Aatrox"", ""Nocturne""]","[""Orianna"", ""Ezreal"", ""Karma"", ""Wukong"", ""Sion""]","[""Akali"", ""Xin Zhao"", ""Sivir"", ""Seraphine"", ""K'Sante""]",[],[],0,leaguepedia_cargo_patch_range,1
Hellenic Legends League/2026 Season/Spring Playoffs_Semifinals_2_2,2026-05-14 14:17:00,26.09,HLL 2026 Spring Playoffs,Team Insidious,GOAL,Team Insidious,"[""Akali"", ""Nocturne"", ""Varus"", ""Bard"", ""Leona""]","[""Zed"", ""Orianna"", ""Pantheon"", ""Cassiopeia"", ""Syndra""]","[""Jayce"", ""Trundle"", ""Ziggs"", ""Yone"", ""Rell""]","[""Xin Zhao"", ""K'Sante"", ""Ryze"", ""Nautilus"", ""Sivir""]",[],[],1,leaguepedia_cargo_patch_range,0
Arabian League 2nd Division/2026 Season/Spring Playoffs_Round 1_1_2,2026-05-14 15:01:00,26.09,Arabian League 2nd Division 2026 Spring Playoffs,Victorious Demons,Pyramid IV Esports,Victorious Demons,"[""Aurora"", ""Jarvan IV"", ""Bard"", ""Zaahen"", ""Vi""]","[""Varus"", ""Pantheon"", ""Ryze"", ""Viego"", ""Ambessa""]","[""Neeko"", ""Corki"", ""Rumble"", ""Sylas"", ""Aatrox""]","[""Ashe"", ""Leona"", ""Ornn"", ""Hecarim"", ""Cassiopeia""]",[],[],1,leaguepedia_cargo_patch_range,0
Esports World Cup 2026/Online Qualifiers/EMEA_Round 4_1_1,2026-05-14 15:03:00,26.09,Esports World Cup 2026 Online Qualifier: EMEA,Natus Vincere,G2 Esports,G2 Esports,"[""Nautilus"", ""Jarvan IV"", ""Ezreal"", ""Gnar"", ""Kled""]","[""Orianna"", ""Bard"", ""Rumble"", ""Anivia"", ""Viktor""]","[""Ashe"", ""Lulu"", ""Wukong"", ""Sion"", ""Cassiopeia""]","[""Seraphine"", ""Pantheon"", ""Smolder"", ""Annie"", ""Vayne""]",[],[],0,leaguepedia_cargo_patch_range,1
Hellenic Legends League/2026 Season/Spring Playoffs_Semifinals_2_3,2026-05-14 15:07:00,26.09,HLL 2026 Spring Playoffs,Team Insidious,GOAL,GOAL,"[""Akali"", ""Nocturne"", ""Leona"", ""Gwen"", ""Skarner""]","[""Zed"", ""Orianna"", ""Pantheon"", ""Bel'Veth"", ""Syndra""]","[""Bard"", ""Caitlyn"", ""Irelia"", ""LeBlanc"", ""Kha'Zix""]","[""Varus"", ""Lucian"", ""Milio"", ""Wukong"", ""Aurelion Sol""]",[],[],0,leaguepedia_cargo_patch_range,1
LES/2026 Season/Spring Split_Week 6_3_1,2026-05-14 15:10:00,26.09,LES 2026 Spring,LUA Gaming,UCAM Esports,UCAM Esports,"[""Pyke"", ""Nocturne"", ""Kalista"", ""Gnar"", ""Ryze""]","[""Rumble"", ""Orianna"", ""Pantheon"", ""Anivia"", ""Viktor""]","[""Xin Zhao"", ""Caitlyn"", ""Karma"", ""Syndra"", ""Sion""]","[""Jarvan IV"", ""Ezreal"", ""Nautilus"", ""Annie"", ""Ambessa""]",[],[],0,leaguepedia_cargo_patch_range,1
Esports World Cup 2026/Online Qualifiers/EMEA_Round 4_2_1,2026-05-14 15:12:00,26.09,Esports World Cup 2026 Online Qualifier: EMEA,Karmine Corp,Movistar KOI,Karmine Corp,"[""Nautilus"", ""Varus"", ""Bard"", ""Rakan"", ""Kalista""]","[""Ashe"", ""Xin Zhao"", ""Pantheon"", ""Ezreal"", ""Lucian""]","[""Orianna"", ""Vi"", ""Galio"", ""Yunara"", ""Nami""]","[""Rumble"", ""Jarvan IV"", ""Ryze"", ""Corki"", ""Rell""]",[],[],1,leaguepedia_cargo_patch_range,0
Hitpoint 2nd Division Challengers/2026 Season/Spring Split_Week 4_7_1,2026-05-14 15:18:00,26.09,Hitpoint 2nd Div Challengers 2026 Spring,KIA.eSuba Academy,Rugby Club Havířov,KIA.eSuba Academy,"[""Katarina"", ""K'Sante"", ""Ezreal"", ""Sivir"", ""Smolder""]","[""Orianna"", ""Jarvan IV"", ""Karma"", ""Pantheon"", ""Wukong""]","[""Ryze"", ""Ashe"", ""Seraphine"", ""Vi"", ""Sion""]","[""Xin Zhao"", ""Ahri"", ""Bard"", ""Varus"", ""Ornn""]",[],[],1,leaguepedia_cargo_patch_range,0
Esports World Cup 2026/Online Qualifiers/EMEA_Round 4_1_2,2026-05-14 15:59:00,26.09,Esports World Cup 2026 Online Qualifier: EMEA,G2 Esports,Natus Vincere,G2 Esports,"[""Bard"", ""Varus"", ""Caitlyn"", ""Viktor"", ""Anivia""]","[""Orianna"", ""Ezreal"", ""Jarvan IV"", ""Vi"", ""Nocturne""]","[""Rumble"", ""Senna"", ""Nautilus"", ""Taliyah"", ""Trundle""]","[""Ornn"", ""Lucian"", ""Milio"", ""Ryze"", ""Naafiri""]",[],[],1,leaguepedia_cargo_patch_range,0
Esports World Cup 2026/Online Qualifiers/EMEA_Round 4_2_2,2026-05-14 16:01:00,26.09,Esports World Cup 2026 Online Qualifier: EMEA,Karmine Corp,Movistar KOI,Karmine Corp,"[""Nautilus"", ""Varus"", ""Bard"", ""Akali"", ""Gwen""]","[""Lulu"", ""Pantheon"", ""Azir"", ""Olaf"", ""Jayce""]","[""Seraphine"", ""Ezreal"", ""Anivia"", ""Sion"", ""Naafiri""]","[""Xin Zhao"", ""Ashe"", ""Karma"", ""Viktor"", ""Dr. Mundo""]",[],[],1,leaguepedia_cargo_patch_range,0
Arabian League 2nd Division/2026 Season/Spring Playoffs_Round 1_1_3,2026-05-14 16:02:00,26.09,Arabian League 2nd Division 2026 Spring Playoffs,Victorious Demons,Pyramid IV Esports,Pyramid IV Esports,"[""Aurora"", ""Zaahen"", ""Yunara"", ""Renekton"", ""Caitlyn""]","[""Varus"", ""Ambessa"", ""LeBlanc"", ""Kai'Sa"", ""Smolder""]","[""Ryze"", ""Jarvan IV"", ""Pyke"", ""Xayah"", ""Gnar""]","[""Bard"", ""Pantheon"", ""Anivia"", ""Tristana"", ""Kennen""]",[],[],0,leaguepedia_cargo_patch_range,1
LES/2026 Season/Spring Split_Week 6_3_2,2026-05-14 16:03:00,26.09,LES 2026 Spring,LUA Gaming,UCAM Esports,UCAM Esports,"[""Pyke"", ""Nocturne"", ""Kalista"", ""Wukong"", ""Poppy""]","[""Varus"", ""Bard"", ""Pantheon"", ""Akali"", ""Aurora""]","[""Ornn"", ""Naafiri"", ""Viktor"", ""Lucian"", ""Milio""]","[""Rumble"", ""Vi"", ""Orianna"", ""Ashe"", ""Seraphine""]",[],[],0,leaguepedia_cargo_patch_range,1
Esports Balkan League/2026 Season/Spring Playoffs_Round 2_1_1,2026-05-14 16:06:00,26.09,EBL 2026 Spring Playoffs,Lenovo Legion Honvéd,Partizan Sangal,Partizan Sangal,"[""Aurora"", ""Naafiri"", ""Ambessa"", ""Nocturne"", ""Wukong""]","[""Nautilus"", ""Rumble"", ""Jarvan IV"", ""Mel"", ""Akali""]","[""Xin Zhao"", ""Bard"", ""Ezreal"", ""Skarner"", ""Renekton""]","[""Seraphine"", ""Orianna"", ""Ashe"", ""Pantheon"", ""Gnar""]",[],[],0,leaguepedia_cargo_patch_range,1
LIT/2026 Season/Spring Playoffs_Round 5_1_1,2026-05-14 16:06:00,26.09,LIT 2026 Spring Playoffs,EKO Esports,GMBLERS Esports,GMBLERS Esports,"[""Gwen"", ""Ambessa"", ""LeBlanc"", ""Caitlyn"", ""Karma""]","[""Seraphine"", ""Lissandra"", ""Xin Zhao"", ""Jarvan IV"", ""Qiyana""]","[""Smolder"", ""K'Sante"", ""Ryze"", ""Lee Sin"", ""Nautilus""]","[""Sion"", ""Orianna"", ""Nocturne"", ""Lucian"", ""Milio""]",[],[],0,leaguepedia_cargo_patch_range,1
Prime League 2nd Division/2026 Season/Spring Split_Week 3_5_1,2026-05-14 16:14:00,26.09,PRM 2nd Division 25-26 Spring,Babos Gaming,Reveal Multigaming,Reveal Multigaming,[],[],[],[],[],[],0,leaguepedia_cargo_patch_range,1
Prime League 2nd Division/2026 Season/Spring Split_Week 3_6_1,2026-05-14 16:14:00,26.09,PRM 2nd Division 25-26 Spring,Team Rift,PvB (Swiss Team),Team Rift,[],[],[],[],[],[],1,leaguepedia_cargo_patch_range,0
Hitpoint 2nd Division Challengers/2026 Season/Spring Split_Week 4_7_2,2026-05-14 16:17:00,26.09,Hitpoint 2nd Div Challengers 2026 Spring,KIA.eSuba Academy,Rugby Club Havířov,KIA.eSuba Academy,"[""Katarina"", ""K'Sante"", ""Kai'Sa"", ""Wukong"", ""Nocturne""]","[""Orianna"", ""Jarvan IV"", ""Karma"", ""Syndra"", ""Taliyah""]","[""Ezreal"", ""Pantheon"", ""Rumble"", ""Hwei"", ""Alistar""]","[""Yunara"", ""Maokai"", ""Akali"", ""Gragas"", ""Neeko""]",[],[],1,leaguepedia_cargo_patch_range,0
Hellenic Legends League/2026 Season/Spring Playoffs_Semifinals_2_4,2026-05-14 16:24:00,26.09,HLL 2026 Spring Playoffs,GOAL,Team Insidious,GOAL,"[""Zed"", ""Orianna"", ""Syndra"", ""Sylas"", ""Cassiopeia""]","[""Nocturne"", ""Pantheon"", ""Gwen"", ""Vi"", ""Lillia""]","[""Akali"", ""Miss Fortune"", ""Seraphine"", ""Olaf"", ""Renekton""]","[""Skarner"", ""Ashe"", ""Rakan"", ""Yasuo"", ""Kennen""]",[],[],1,leaguepedia_cargo_patch_range,0
Arabian League 2nd Division/2026 Season/Spring Playoffs_Round 1_2_2,2026-05-14 16:29:00,26.09,Arabian League 2nd Division 2026 Spring Playoffs,NextGeneration Esports,JSK Academy,JSK Academy,"[""Nautilus"", ""Akali"", ""Caitlyn"", ""Darius"", ""K'Sante""]","[""Jarvan IV"", ""Orianna"", ""Ryze"", ""Gwen"", ""Ornn""]","[""Karma"", ""Pantheon"", ""Ezreal"", ""Shen"", ""Ahri""]","[""Xin Zhao"", ""Lulu"", ""Sivir"", ""Sion"", ""LeBlanc""]",[],[],0,leaguepedia_cargo_patch_range,1
Esports Balkan League/2026 Season/Spring Playoffs_Round 2_1_2,2026-05-14 16:44:00,26.09,EBL 2026 Spring Playoffs,Partizan Sangal,Lenovo Legion Honvéd,Partizan Sangal,"[""Nautilus"", ""Rumble"", ""Sylas"", ""Nami"", ""Leona""]","[""Naafiri"", ""Ambessa"", ""Nocturne"", ""Galio"", ""Ahri""]","[""Jarvan IV"", ""Yunara"", ""Lulu"", ""Twisted Fate"", ""Jayce""]","[""Aurora"", ""Wukong"", ""Smolder"", ""Karma"", ""Annie""]",[],[],1,leaguepedia_cargo_patch_range,0
Esports World Cup 2026/Online Qualifiers/EMEA_Round 3_1_1,2026-05-14 16:51:00,26.09,Esports World Cup 2026 Online Qualifier: EMEA,Galions,Shifters,Galions,"[""Nautilus"", ""Ashe"", ""Yunara"", ""Jarvan IV"", ""Vi""]","[""Orianna"", ""Pantheon"", ""Rumble"", ""Nocturne"", ""Xin Zhao""]","[""Ezreal"", ""Karma"", ""Ryze"", ""Naafiri"", ""Jayce""]","[""Lucian"", ""Milio"", ""Taliyah"", ""Wukong"", ""Sion""]",[],[],1,leaguepedia_cargo_patch_range,0
LES/2026 Season/Spring Split_Week 6_4_1,2026-05-14 16:52:00,26.09,LES 2026 Spring,UB Alma Mater,Team Heretics Academy,Team Heretics Academy,"[""Bard"", ""Jayce"", ""Jarvan IV"", ""LeBlanc"", ""Ryze""]","[""Karma"", ""Orianna"", ""K'Sante"", ""Nocturne"", ""Xin Zhao""]","[""Sion"", ""Neeko"", ""Varus"", ""Naafiri"", ""Akali""]","[""Ezreal"", ""Anivia"", ""Pantheon"", ""Shen"", ""Annie""]",[],[],0,leaguepedia_cargo_patch_range,1
LIT/2026 Season/Spring Playoffs_Round 5_1_2,2026-05-14 16:52:00,26.09,LIT 2026 Spring Playoffs,EKO Esports,GMBLERS Esports,GMBLERS Esports,"[""Ambessa"", ""Pantheon"", ""Caitlyn"", ""LeBlanc"", ""Aurora""]","[""Seraphine"", ""Lissandra"", ""Qiyana"", ""Jarvan IV"", ""Naafiri""]","[""Ezreal"", ""Karma"", ""Hwei"", ""Trundle"", ""Swain""]","[""Xin Zhao"", ""Kai'Sa"", ""Rell"", ""Mel"", ""Ornn""]",[],[],0,leaguepedia_cargo_patch_range,1
Esports World Cup 2026/Online Qualifiers/EMEA_Round 3_2_1,2026-05-14 16:55:00,26.09,Esports World Cup 2026 Online Qualifier: EMEA,Solary,GIANTX,GIANTX,"[""Varus"", ""Nautilus"", ""Ryze"", ""Bard"", ""Gnar""]","[""Xin Zhao"", ""Karma"", ""Vayne"", ""Rell"", ""Alistar""]","[""Orianna"", ""Smolder"", ""Vi"", ""K'Sante"", ""Nami""]","[""Jarvan IV"", ""Ezreal"", ""Akali"", ""Rakan"", ""Renekton""]",[],[],0,leaguepedia_cargo_patch_range,1
Prime League 2nd Division/2026 Season/Spring Split_Week 3_5_2,2026-05-14 17:05:00,26.09,PRM 2nd Division 25-26 Spring,Babos Gaming,Reveal Multigaming,Reveal Multigaming,[],[],[],[],[],[],0,leaguepedia_cargo_patch_range,1
Prime League 2nd Division/2026 Season/Spring Split_Week 3_6_2,2026-05-14 17:08:00,26.09,PRM 2nd Division 25-26 Spring,Team Rift,PvB (Swiss Team),PvB (Swiss Team),[],[],[],[],[],[],0,leaguepedia_cargo_patch_range,1
Hellenic Legends League/2026 Season/Spring Playoffs_Semifinals_2_5,2026-05-14 17:21:00,26.09,HLL 2026 Spring Playoffs,Team Insidious,GOAL,GOAL,"[""Gwen"", ""Braum"", ""Nocturne"", ""Vayne"", ""Sion""]","[""Zed"", ""Orianna"", ""Pantheon"", ""Syndra"", ""Cassiopeia""]","[""Leona"", ""Kai'Sa"", ""Naafiri"", ""Gnar"", ""Azir""]","[""Corki"", ""Aatrox"", ""Nami"", ""Taliyah"", ""Ambessa""]",[],[],0,leaguepedia_cargo_patch_range,1
Esports Balkan League/2026 Season/Spring Playoffs_Round 2_2_1,2026-05-14 17:27:00,26.09,EBL 2026 Spring Playoffs,The Secret Club,Magaza Esports,Magaza Esports,"[""Aatrox"", ""Zaahen"", ""Lucian"", ""Lulu"", ""Milio""]","[""Orianna"", ""Karma"", ""Seraphine"", ""Ryze"", ""Akali""]","[""Rumble"", ""Ezreal"", ""Pantheon"", ""Annie"", ""Bard""]","[""K'Sante"", ""Xin Zhao"", ""Aurora"", ""Varus"", ""Nautilus""]",[],[],0,leaguepedia_cargo_patch_range,1
Arabian League 2nd Division/2026 Season/Spring Playoffs_Round 1_2_3,2026-05-14 17:32:00,26.09,Arabian League 2nd Division 2026 Spring Playoffs,JSK Academy,NextGeneration Esports,NextGeneration Esports,"[""Caitlyn"", ""Akali"", ""Seraphine"", ""Syndra"", ""Azir""]","[""Jarvan IV"", ""Orianna"", ""Bard"", ""K'Sante"", ""Ryze""]","[""Nami"", ""Corki"", ""Skarner"", ""Ornn"", ""Taliyah""]","[""Nautilus"", ""Varus"", ""Vi"", ""Kennen"", ""Katarina""]",[],[],0,leaguepedia_cargo_patch_range,1
LIT/2026 Season/Spring Playoffs_Round 5_1_3,2026-05-14 17:43:00,26.09,LIT 2026 Spring Playoffs,EKO Esports,GMBLERS Esports,GMBLERS Esports,"[""Pantheon"", ""Caitlyn"", ""Vi"", ""LeBlanc"", ""Aurora""]","[""Seraphine"", ""Lissandra"", ""Qiyana"", ""Anivia"", ""Galio""]","[""Corki"", ""Nami"", ""Naafiri"", ""Syndra"", ""Yorick""]","[""Jarvan IV"", ""Senna"", ""Leona"", ""Akali"", ""Shyvana""]",[],[],0,leaguepedia_cargo_patch_range,1
LES/2026 Season/Spring Split_Week 6_4_2,2026-05-14 17:44:00,26.09,LES 2026 Spring,UB Alma Mater,Team Heretics Academy,Team Heretics Academy,"[""Bard"", ""Jarvan IV"", ""Rumble"", ""Nocturne"", ""Wukong""]","[""K'Sante"", ""Nautilus"", ""Pyke"", ""Ryze"", ""Hwei""]","[""Ambessa"", ""Xin Zhao"", ""Ahri"", ""Ashe"", ""Seraphine""]","[""Gnar"", ""Dr. Mundo"", ""Orianna"", ""Caitlyn"", ""Karma""]",[],[],0,leaguepedia_cargo_patch_range,1
Hitpoint 2nd Division Challengers/2026 Season/Spring Split_Week 4_8_1,2026-05-14 17:47:00,26.09,Hitpoint 2nd Div Challengers 2026 Spring,CITA Kaizen Academy,Priority,Priority,"[""K'Sante"", ""Skarner"", ""Orianna"", ""Vi"", ""Jarvan IV""]","[""Syndra"", ""Akali"", ""Ambessa"", ""Ornn"", ""Sion""]","[""Cho'Gath"", ""Xin Zhao"", ""Viktor"", ""Lucian"", ""Yuumi""]","[""Aurora"", ""Pantheon"", ""Ahri"", ""Corki"", ""Nami""]",[],[],0,leaguepedia_cargo_patch_range,1
Esports World Cup 2026/Online Qualifiers/EMEA_Round 3_2_2,2026-05-14 17:48:00,26.09,Esports World Cup 2026 Online Qualifier: EMEA,Solary,GIANTX,GIANTX,"[""Olaf"", ""Ryze"", ""Lulu"", ""Rell"", ""Rumble""]","[""Ashe"", ""Varus"", ""Neeko"", ""Ahri"", ""Gnar""]","[""Xin Zhao"", ""Ziggs"", ""Nautilus"", ""Viktor"", ""Jax""]","[""Anivia"", ""Caitlyn"", ""Pantheon"", ""Bard"", ""Galio""]",[],[],0,leaguepedia_cargo_patch_range,1
Road Of Legends/2026 Season/Spring Split_Week 7_3_2,2026-05-14 17:48:00,26.09,Road Of Legends 2026 Spring,Myth Esports,The Bandits,The Bandits,"[""Aurelion Sol"", ""Ashe"", ""Ezreal"", ""Fiora"", ""Vayne""]","[""Aphelios"", ""Orianna"", ""Karma"", ""Nautilus"", ""Pyke""]","[""Aurora"", ""Jarvan IV"", ""Jhin"", ""Sion"", ""Bard""]","[""Yunara"", ""Xin Zhao"", ""Lulu"", ""Ahri"", ""Gwen""]",[],[],0,leaguepedia_cargo_patch_range,1
Esports World Cup 2026/Online Qualifiers/EMEA_Round 3_1_2,2026-05-14 17:50:00,26.09,Esports World Cup 2026 Online Qualifier: EMEA,Galions,Shifters,Galions,"[""Nautilus"", ""Jarvan IV"", ""Varus"", ""Anivia"", ""Vayne""]","[""Orianna"", ""Ashe"", ""Yunara"", ""LeBlanc"", ""Ornn""]","[""Pantheon"", ""Kai'Sa"", ""Neeko"", ""K'Sante"", ""Viktor""]","[""Rumble"", ""Jhin"", ""Rakan"", ""Ahri"", ""Nocturne""]",[],[],1,leaguepedia_cargo_patch_range,0
Prime League 2nd Division/2026 Season/Spring Split_Week 3_6_3,2026-05-14 18:02:00,26.09,PRM 2nd Division 25-26 Spring,PvB (Swiss Team),Team Rift,PvB (Swiss Team),[],[],[],[],[],[],1,leaguepedia_cargo_patch_range,0
LPLOL/2026 Season/Spring Split_Week 3_1_1,2026-05-14 18:09:00,26.09,LPLOL 2026 Spring,Ronaldo Team,Otter Side,Otter Side,"[""Caitlyn"", ""Nocturne"", ""Renekton"", ""Ahri"", ""Taliyah""]","[""Orianna"", ""Varus"", ""Jarvan IV"", ""Kalista"", ""Sivir""]","[""Ambessa"", ""Brand"", ""Rell"", ""Naafiri"", ""Viktor""]","[""Ezreal"", ""Vi"", ""Karma"", ""Sion"", ""Ryze""]",[],[],0,leaguepedia_cargo_patch_range,1
Road Of Legends/2026 Season/Spring Split_Week 7_4_1,2026-05-14 18:09:00,26.09,Road Of Legends 2026 Spring,ZennIT,Once Upon A Team,Once Upon A Team,"[""Zoe"", ""Lux"", ""Yasuo"", ""Draven"", ""Tristana""]","[""Azir"", ""Karma"", ""Lulu"", ""Xin Zhao"", ""Wukong""]","[""Ryze"", ""Ashe"", ""Seraphine"", ""Jarvan IV"", ""K'Sante""]","[""Pantheon"", ""Annie"", ""Nautilus"", ""Mel"", ""Gnar""]",[],[],0,leaguepedia_cargo_patch_range,1
Esports Balkan League/2026 Season/Spring Playoffs_Round 2_2_2,2026-05-14 18:21:00,26.09,EBL 2026 Spring Playoffs,Magaza Esports,The Secret Club,Magaza Esports,"[""LeBlanc"", ""Seraphine"", ""Akali"", ""Jax"", ""Renekton""]","[""Orianna"", ""Lucian"", ""Aatrox"", ""Anivia"", ""Zoe""]","[""Zaahen"", ""Lulu"", ""Yunara"", ""Skarner"", ""Viktor""]","[""Karma"", ""Ryze"", ""Jhin"", ""Ambessa"", ""Jarvan IV""]",[],[],1,leaguepedia_cargo_patch_range,0
Hitpoint 2nd Division Challengers/2026 Season/Spring Split_Week 4_8_2,2026-05-14 18:40:00,26.09,Hitpoint 2nd Div Challengers 2026 Spring,CITA Kaizen Academy,Priority,CITA Kaizen Academy,"[""K'Sante"", ""Orianna"", ""LeBlanc"", ""Varus"", ""Smolder""]","[""Syndra"", ""Akali"", ""Ambessa"", ""Karma"", ""Bard""]","[""Azir"", ""Wukong"", ""Sion"", ""Xayah"", ""Rakan""]","[""Taliyah"", ""Skarner"", ""Aatrox"", ""Lulu"", ""Tristana""]",[],[],1,leaguepedia_cargo_patch_range,0
Road Of Legends/2026 Season/Spring Split_Week 7_3_3,2026-05-14 18:43:00,26.09,Road Of Legends 2026 Spring,The Bandits,Myth Esports,The Bandits,"[""Jayce"", ""Aphelios"", ""Karma"", ""Nami"", ""Malphite""]","[""Aurelion Sol"", ""Ashe"", ""Orianna"", ""Rakan"", ""Leona""]","[""Ryze"", ""Ezreal"", ""Wukong"", ""Nautilus"", ""Tryndamere""]","[""Anivia"", ""Corki"", ""Naafiri"", ""Alistar"", ""Darius""]",[],[],1,leaguepedia_cargo_patch_range,0
Prime League 2nd Division/2026 Season/Spring Split_Week 3_7_1,2026-05-14 18:47:00,26.09,PRM 2nd Division 25-26 Spring,CGN Esports,regnum4games,CGN Esports,[],[],[],[],[],[],1,leaguepedia_cargo_patch_range,0
Arabian League 2nd Division/2026 Season/Spring Playoffs_Round 1_3_1,2026-05-14 18:54:00,26.09,Arabian League 2nd Division 2026 Spring Playoffs,Victorious Demons,JSK Academy,Victorious Demons,"[""Brand"", ""Akali"", ""Karma"", ""Yunara"", ""Sivir""]","[""Orianna"", ""Jarvan IV"", ""Caitlyn"", ""Ezreal""]","[""Bard"", ""Pantheon"", ""K'Sante"", ""Jhin"", ""Ahri""]","[""Aatrox"", ""Xin Zhao"", ""Lulu"", ""Tristana"", ""Mel""]",[],[],1,leaguepedia_cargo_patch_range,0
Prime League 2nd Division/2026 Season/Spring Split_Week 3_8_1,2026-05-14 19:01:00,26.09,PRM 2nd Division 25-26 Spring,All for One Gaming,TeamOrangeGaming Academy,All for One Gaming,[],[],[],[],[],[],1,leaguepedia_cargo_patch_range,0
Road Of Legends/2026 Season/Spring Split_Week 7_4_2,2026-05-14 19:10:00,26.09,Road Of Legends 2026 Spring,Once Upon A Team,ZennIT,ZennIT,"[""Azir"", ""Viktor"", ""Xin Zhao"", ""Vi"", ""Nocturne""]","[""Karma"", ""Zoe"", ""Draven"", ""Ahri"", ""Orianna""]","[""Lulu"", ""Ambessa"", ""Varus"", ""Syndra"", ""Renekton""]","[""Lucian"", ""Milio"", ""Aurora"", ""Naafiri"", ""Ornn""]",[],[],0,leaguepedia_cargo_patch_range,1
LPLOL/2026 Season/Spring Split_Week 3_2_1,2026-05-14 19:13:00,26.09,LPLOL 2026 Spring,Bubliki,Francesinhas,Bubliki,"[""Nautilus"", ""Jarvan IV"", ""Bard"", ""Gnar"", ""Twisted Fate""]","[""Xin Zhao"", ""Orianna"", ""Seraphine"", ""Sion"", ""Volibear""]","[""Karma"", ""Tristana"", ""Wukong"", ""Ahri"", ""Shen""]","[""Naafiri"", ""Ezreal"", ""Nami"", ""Hwei"", ""Fiora""]",[],[],1,leaguepedia_cargo_patch_range,0
Hitpoint 2nd Division Challengers/2026 Season/Spring Split_Week 4_8_3,2026-05-14 19:35:00,26.09,Hitpoint 2nd Div Challengers 2026 Spring,Priority,CITA Kaizen Academy,CITA Kaizen Academy,"[""Akali"", ""Syndra"", ""Orianna"", ""Ambessa"", ""Naafiri""]","[""K'Sante"", ""Jarvan IV"", ""Vi"", ""Ornn"", ""Dr. Mundo""]","[""Olaf"", ""Nocturne"", ""Anivia"", ""Ashe"", ""Seraphine""]","[""Renekton"", ""Sylas"", ""Ryze"", ""Ezreal"", ""Bard""]",[],[],0,leaguepedia_cargo_patch_range,1
Prime League 2nd Division/2026 Season/Spring Split_Week 3_7_2,2026-05-14 19:42:00,26.09,PRM 2nd Division 25-26 Spring,CGN Esports,regnum4games,CGN Esports,[],[],[],[],[],[],1,leaguepedia_cargo_patch_range,0
Prime League 2nd Division/2026 Season/Spring Split_Week 3_8_2,2026-05-14 19:51:00,26.09,PRM 2nd Division 25-26 Spring,All for One Gaming,TeamOrangeGaming Academy,All for One Gaming,[],[],[],[],[],[],1,leaguepedia_cargo_patch_range,0
Arabian League 2nd Division/2026 Season/Spring Playoffs_Round 1_3_2,2026-05-14 19:57:00,26.09,Arabian League 2nd Division 2026 Spring Playoffs,Victorious Demons,JSK Academy,JSK Academy,"[""Brand"", ""Akali"", ""Anivia"", ""Sion"", ""LeBlanc""]","[""Neeko"", ""Orianna"", ""Ryze"", ""Gwen"", ""Varus""]","[""Karma"", ""Wukong"", ""Ezreal"", ""Dr. Mundo"", ""Aurora""]","[""Jarvan IV"", ""Nautilus"", ""Kai'Sa"", ""Ornn"", ""Azir""]",[],[],0,leaguepedia_cargo_patch_range,1
North American Challengers League/2026 Season/Spring Season_Week 8_1_1,2026-05-14 20:09:00,26.10,NACL 2026 Spring,Maryville University,Supernova,Maryville University,"[""Nocturne"", ""Varus"", ""Caitlyn"", ""Ahri"", ""Ryze""]","[""Pantheon"", ""Wukong"", ""Xin Zhao"", ""Jhin"", ""Sivir""]","[""Orianna"", ""Karma"", ""Vi"", ""Smolder"", ""Rumble""]","[""Jarvan IV"", ""Ezreal"", ""Bard"", ""Azir"", ""Galio""]",[],[],1,leaguepedia_cargo_patch_range,0
LPLOL/2026 Season/Spring Split_Week 3_3_1,2026-05-14 20:14:00,26.09,LPLOL 2026 Spring,Crusaders,Dream Esports,Crusaders,"[""Akali"", ""Seraphine"", ""Bard"", ""Vi"", ""Pantheon""]","[""Orianna"", ""Naafiri"", ""Karma"", ""Shyvana"", ""Nocturne""]","[""Ryze"", ""Yunara"", ""Lulu"", ""Skarner"", ""Rumble""]","[""Smolder"", ""Ahri"", ""Nami"", ""Xin Zhao"", ""K'Sante""]",[],[],1,leaguepedia_cargo_patch_range,0
Road Of Legends/2026 Season/Spring Split_Week 7_4_3,2026-05-14 20:19:00,26.09,Road Of Legends 2026 Spring,Once Upon A Team,ZennIT,Once Upon A Team,"[""Azir"", ""Viktor"", ""Sion"", ""Gwen"", ""Zaahen""]","[""Karma"", ""Zoe"", ""Yasuo"", ""Alistar"", ""Rumble""]","[""Xin Zhao"", ""Ahri"", ""Ezreal"", ""Yuumi"", ""Aatrox""]","[""Orianna"", ""Nocturne"", ""Sivir"", ""Neeko"", ""Vayne""]",[],[],1,leaguepedia_cargo_patch_range,0
Arabian League 2nd Division/2026 Season/Spring Playoffs_Round 1_3_3,2026-05-14 20:48:00,26.09,Arabian League 2nd Division 2026 Spring Playoffs,JSK Academy,Victorious Demons,JSK Academy,"[""Neeko"", ""Akali"", ""Seraphine"", ""Rumble"", ""Kennen""]","[""Sion"", ""Ryze"", ""Orianna"", ""LeBlanc"", ""Zoe""]","[""Lucian"", ""Nami"", ""Skarner"", ""Galio"", ""Renekton""]","[""Varus"", ""Ambessa"", ""Rell"", ""Hwei"", ""Viego""]",[],[],1,leaguepedia_cargo_patch_range,0
North American Challengers League/2026 Season/Spring Season_Week 8_1_2,2026-05-14 21:00:00,26.10,NACL 2026 Spring,Maryville University,Supernova,Supernova,"[""Anivia"", ""Pantheon"", ""Caitlyn"", ""Miss Fortune"", ""Ambessa""]","[""Nocturne"", ""Varus"", ""Neeko"", ""Cassiopeia"", ""Viktor""]","[""Lucian"", ""Milio"", ""Wukong"", ""Akali"", ""Jax""]","[""Ryze"", ""Nautilus"", ""Xin Zhao"", ""Senna"", ""K'Sante""]",[],[],0,leaguepedia_cargo_patch_range,1
LPLOL/2026 Season/Spring Split_Week 3_4_1,2026-05-14 21:09:00,26.09,LPLOL 2026 Spring,ZeroZone Gaming,GTZ Esports,GTZ Esports,"[""Neeko"", ""Bard"", ""Jarvan IV"", ""Ornn"", ""Skarner""]","[""Aurora"", ""Ezreal"", ""Karma"", ""Nocturne"", ""Vi""]","[""Orianna"", ""Yunara"", ""Lulu"", ""Lee Sin"", ""Gnar""]","[""Akali"", ""Corki"", ""Nami"", ""Pantheon"", ""Malphite""]",[],[],0,leaguepedia_cargo_patch_range,1
North American Challengers League/2026 Season/Spring Season_Week 8_1_3,2026-05-14 21:57:00,26.10,NACL 2026 Spring,Maryville University,Supernova,Supernova,"[""Seraphine"", ""Jayce"", ""Renekton"", ""Viktor"", ""Mel""]","[""Varus"", ""Nocturne"", ""Pantheon"", ""Aurora"", ""Lee Sin""]","[""Ambessa"", ""Jhin"", ""Neeko"", ""Annie"", ""Naafiri""]","[""Caitlyn"", ""Skarner"", ""Anivia"", ""Twisted Fate"", ""Vayne""]",[],[],0,leaguepedia_cargo_patch_range,1
North American Challengers League/2026 Season/Spring Season_Week 8_2_1,2026-05-14 23:05:00,26.10,NACL 2026 Spring,Conviction,Dorado Gaming,Conviction,"[""Ryze"", ""Seraphine"", ""Jarvan IV"", ""Akali"", ""Irelia""]","[""Karma"", ""Nocturne"", ""Pantheon"", ""Xin Zhao"", ""Wukong""]","[""Orianna"", ""Ezreal"", ""Neeko"", ""Rumble"", ""Naafiri""]","[""Varus"", ""Bard"", ""Vi"", ""Ahri"", ""Ambessa""]",[],[],1,leaguepedia_cargo_patch_range,0
North American Challengers League/2026 Season/Spring Season_Week 8_2_2,2026-05-14 23:51:00,26.10,NACL 2026 Spring,Conviction,Dorado Gaming,Conviction,"[""Nocturne"", ""Pantheon"", ""Seraphine"", ""Annie"", ""Viktor""]","[""Karma"", ""Lucian"", ""Ryze"", ""Syndra"", ""Akali""]","[""Jarvan IV"", ""Caitlyn"", ""Elise"", ""Jayce"", ""Twisted Fate""]","[""Corki"", ""Xin Zhao"", ""Nami"", ""Aurora"", ""Sion""]",[],[],1,leaguepedia_cargo_patch_range,0
LCK CL/2026 Season/Rounds 1-2_Week 7_9_1,2026-05-15 05:07:00,26.09,LCK CL 2026 Rounds 1-2,Gen.G Global Academy,Kiwoom DRX Challengers,Kiwoom DRX Challengers,"[""Varus"", ""Karma"", ""Nocturne"", ""Annie"", ""Aurora""]","[""Orianna"", ""Rumble"", ""Jarvan IV"", ""Ahri"", ""Taliyah""]","[""Lucian"", ""Vi"", ""Milio"", ""Jayce"", ""Viktor""]","[""Yunara"", ""Lulu"", ""Xin Zhao"", ""Cassiopeia"", ""K'Sante""]",[],[],0,leaguepedia_cargo_patch_range,1
LCK CL/2026 Season/Rounds 1-2_Week 7_10_1,2026-05-15 05:14:00,26.09,LCK CL 2026 Rounds 1-2,Nongshim Esports Academy,Hanwha Life Esports Challengers,Nongshim Esports Academy,"[""Varus"", ""Karma"", ""Nocturne"", ""Akali"", ""Azir""]","[""Orianna"", ""Rumble"", ""Ashe"", ""Gwen"", ""Ambessa""]","[""Jarvan IV"", ""Bard"", ""Caitlyn"", ""Gnar"", ""Cassiopeia""]","[""Xin Zhao"", ""Ezreal"", ""Neeko"", ""Sion"", ""Aurora""]",[],[],1,leaguepedia_cargo_patch_range,0
LCK CL/2026 Season/Rounds 1-2_Week 7_10_2,2026-05-15 06:01:00,26.09,LCK CL 2026 Rounds 1-2,Nongshim Esports Academy,Hanwha Life Esports Challengers,Hanwha Life Esports Challengers,"[""Varus"", ""Karma"", ""Vi"", ""Nautilus"", ""Ashe""]","[""Rumble"", ""Nocturne"", ""Orianna"", ""Skarner"", ""K'Sante""]","[""Lucian"", ""Milio"", ""Anivia"", ""Trundle"", ""Yorick""]","[""Jayce"", ""Ryze"", ""Pantheon"", ""Yunara"", ""Lulu""]",[],[],0,leaguepedia_cargo_patch_range,1
LCK CL/2026 Season/Rounds 1-2_Week 7_9_2,2026-05-15 06:02:00,26.09,LCK CL 2026 Rounds 1-2,Gen.G Global Academy,Kiwoom DRX Challengers,Kiwoom DRX Challengers,"[""Karma"", ""Varus"", ""Rumble"", ""Orianna"", ""Vayne""]","[""Jarvan IV"", ""Nocturne"", ""Ashe"", ""Akali"", ""Annie""]","[""Pantheon"", ""Nautilus"", ""Miss Fortune"", ""Yorick"", ""Taliyah""]","[""Ezreal"", ""Bard"", ""Skarner"", ""Gnar"", ""Ryze""]",[],[],0,leaguepedia_cargo_patch_range,1
LCK CL/2026 Season/Rounds 1-2_Week 7_10_3,2026-05-15 07:04:00,26.09,LCK CL 2026 Rounds 1-2,Hanwha Life Esports Challengers,Nongshim Esports Academy,Nongshim Esports Academy,"[""Varus"", ""Ashe"", ""Vi"", ""Twisted Fate"", ""Taliyah""]","[""Rumble"", ""Nocturne"", ""Orianna"", ""Rakan"", ""Karma""]","[""Annie"", ""Renekton"", ""Wukong"", ""Jhin"", ""Nautilus""]","[""Skarner"", ""Miss Fortune"", ""Vayne"", ""Viktor"", ""Alistar""]",[],[],0,leaguepedia_cargo_patch_range,1
LCK/2026 Season/Rounds 1-2_Week 7_5_1,2026-05-15 08:07:00,26.09,LCK 2026 Rounds 1-2,Hanwha Life Esports,Dplus Kia,Hanwha Life Esports,"[""Varus"", ""Ezreal"", ""Rumble"", ""Gnar"", ""Viktor""]","[""Lucian"", ""Bard"", ""Nocturne"", ""Xin Zhao"", ""Naafiri""]","[""Orianna"", ""Caitlyn"", ""Karma"", ""Sion"", ""Lee Sin""]","[""Jarvan IV"", ""Ashe"", ""Seraphine"", ""Zyra"", ""Irelia""]",[],[],1,leaguepedia_cargo_patch_range,0
LJL/2026 Season/Spring Series_Week 3_3_1,2026-05-15 08:12:00,26.09,LJL 2026 Spring Series,Rising Gaming,DetonatioN FocusMe Academy,Rising Gaming,"[""Rumble"", ""Nocturne"", ""Lucian"", ""Jax"", ""Irelia""]","[""Karma"", ""Jarvan IV"", ""Varus"", ""Orianna"", ""Ryze""]","[""Bard"", ""Xin Zhao"", ""Ezreal"", ""Taliyah"", ""Gnar""]","[""Nautilus"", ""Vi"", ""Kai'Sa"", ""Ahri"", ""Jayce""]",[],[],1,leaguepedia_cargo_patch_range,0
LJL/2026 Season/Spring Series_Week 3_3_2,2026-05-15 08:58:00,26.09,LJL 2026 Spring Series,Rising Gaming,DetonatioN FocusMe Academy,Rising Gaming,"[""Rumble"", ""Nocturne"", ""Seraphine"", ""Gwen"", ""Vayne""]","[""Karma"", ""Jarvan IV"", ""Varus"", ""Ryze"", ""Annie""]","[""Ambessa"", ""Yunara"", ""Lulu"", ""K'Sante"", ""LeBlanc""]","[""Lucian"", ""Milio"", ""Wukong"", ""Akali"", ""Smolder""]",[],[],1,leaguepedia_cargo_patch_range,0
LCK/2026 Season/Rounds 1-2_Week 7_5_2,2026-05-15 09:08:00,26.09,LCK 2026 Rounds 1-2,Hanwha Life Esports,Dplus Kia,Hanwha Life Esports,"[""Varus"", ""Nautilus"", ""Lucian"", ""Azir"", ""Annie""]","[""Bard"", ""Rumble"", ""Vi"", ""Pantheon"", ""Skarner""]","[""Lulu"", ""Yunara"", ""Twisted Fate"", ""Nocturne"", ""Jayce""]","[""Xin Zhao"", ""Corki"", ""Nami"", ""Cassiopeia"", ""Yorick""]",[],[],1,leaguepedia_cargo_patch_range,0
LPL/2026 Season/Split 2_Week 7_7_1,2026-05-15 09:09:00,26.09,LPL 2026 Split 2,Ultra Prime,Oh My God,Ultra Prime,"[""Varus"", ""Nocturne"", ""Karma"", ""Lucian"", ""Caitlyn""]","[""Orianna"", ""Seraphine"", ""Bard"", ""Pyke"", ""Nautilus""]","[""Rumble"", ""Vi"", ""Taliyah"", ""Yunara"", ""Lulu""]","[""Jarvan IV"", ""Ryze"", ""K'Sante"", ""Corki"", ""Nami""]",[],[],1,leaguepedia_cargo_patch_range,0
LPL/2026 Season/Split 2_Week 7_7_2,2026-05-15 10:06:00,26.09,LPL 2026 Split 2,Ultra Prime,Oh My God,Ultra Prime,"[""Varus"", ""Jayce"", ""Seraphine"", ""Twisted Fate"", ""Aurora""]","[""Orianna"", ""Nocturne"", ""Karma"", ""Vayne"", ""Jax""]","[""Pantheon"", ""Caitlyn"", ""Bard"", ""Akali"", ""Yorick""]","[""Lucian"", ""Milio"", ""Gnar"", ""Xin Zhao"", ""LeBlanc""]",[],[],1,leaguepedia_cargo_patch_range,0
LJL/2026 Season/Spring Series_Week 3_4_1,2026-05-15 10:07:00,26.09,LJL 2026 Spring Series,RAYN Clocks,New Meta,New Meta,"[""Irelia"", ""Nocturne"", ""Akali"", ""Gnar"", ""Gwen""]","[""Varus"", ""Karma"", ""Orianna"", ""Rumble"", ""Annie""]","[""Ezreal"", ""Xin Zhao"", ""Bard"", ""Renekton"", ""Galio""]","[""Jarvan IV"", ""Neeko"", ""Kai'Sa"", ""Viktor"", ""Jayce""]",[],[],0,leaguepedia_cargo_patch_range,1
VCS/2026 Season/Summer Season_Week 1_5_1,2026-05-15 10:07:00,26.09,VCS 2026 Summer,SN CyberCore Esports,Saigon Warriors,SN CyberCore Esports,"[""Seraphine"", ""Varus"", ""Pantheon"", ""Naafiri"", ""Xin Zhao""]","[""Orianna"", ""Jarvan IV"", ""Karma"", ""Miss Fortune"", ""Jhin""]","[""Nocturne"", ""Ornn"", ""Nautilus"", ""Sivir"", ""Aurora""]","[""Bard"", ""Rumble"", ""Ezreal"", ""Trundle"", ""Ryze""]",[],[],1,leaguepedia_cargo_patch_range,0
LCK/2026 Season/Rounds 1-2_Week 7_6_1,2026-05-15 10:22:00,26.09,LCK 2026 Rounds 1-2,HANJIN BRION,DN SOOPers,HANJIN BRION,"[""Varus"", ""Ezreal"", ""Caitlyn"", ""Nocturne"", ""Jayce""]","[""Orianna"", ""Rumble"", ""Lucian"", ""Cassiopeia"", ""Anivia""]","[""Jarvan IV"", ""Ashe"", ""Seraphine"", ""Taliyah"", ""Renekton""]","[""Karma"", ""Jhin"", ""Ryze"", ""Lee Sin"", ""Sion""]",[],[],1,leaguepedia_cargo_patch_range,0
VCS/2026 Season/Summer Season_Week 1_5_2,2026-05-15 11:03:00,26.09,VCS 2026 Summer,Saigon Warriors,SN CyberCore Esports,Saigon Warriors,"[""Karma"", ""Jarvan IV"", ""Akali"", ""Ahri"", ""Sion""]","[""Varus"", ""Seraphine"", ""Orianna"", ""Anivia"", ""Mel""]","[""Pantheon"", ""Lucian"", ""Milio"", ""Cassiopeia"", ""Jayce""]","[""Nami"", ""Vi"", ""Corki"", ""Twisted Fate"", ""Yorick""]",[],[],1,leaguepedia_cargo_patch_range,0
LJL/2026 Season/Spring Series_Week 3_4_2,2026-05-15 11:11:00,26.09,LJL 2026 Spring Series,New Meta,RAYN Clocks,RAYN Clocks,"[""Varus"", ""Rumble"", ""Nocturne"", ""Caitlyn"", ""Jhin""]","[""Irelia"", ""Ashe"", ""Vi"", ""Wukong"", ""Pantheon""]","[""Orianna"", ""Lulu"", ""Yunara"", ""Skarner"", ""Ambessa""]","[""Karma"", ""Naafiri"", ""Annie"", ""Miss Fortune"", ""Maokai""]",[],[],0,leaguepedia_cargo_patch_range,1
LCK/2026 Season/Rounds 1-2_Week 7_6_2,2026-05-15 11:12:00,26.09,LCK 2026 Rounds 1-2,DN SOOPers,HANJIN BRION,HANJIN BRION,"[""Varus"", ""Caitlyn"", ""Rumble"", ""Lulu"", ""Bard""]","[""Orianna"", ""Nocturne"", ""Lucian"", ""Jayce"", ""Annie""]","[""Ezreal"", ""Neeko"", ""Xin Zhao"", ""Zaahen"", ""Akali""]","[""Cassiopeia"", ""Vi"", ""Ambessa"", ""Corki"", ""Nami""]",[],[],0,leaguepedia_cargo_patch_range,1
LPL/2026 Season/Split 2_Week 7_8_1,2026-05-15 11:19:00,26.09,LPL 2026 Split 2,Top Esports,Bilibili Gaming,Bilibili Gaming,"[""Karma"", ""Seraphine"", ""Rumble"", ""Lucian"", ""Nami""]","[""Orianna"", ""Varus"", ""Ezreal"", ""Bard"", ""Lulu""]","[""Jarvan IV"", ""Jayce"", ""LeBlanc"", ""Xayah"", ""Rakan""]","[""Vi"", ""Cassiopeia"", ""K'Sante"", ""Jhin"", ""Neeko""]",[],[],0,leaguepedia_cargo_patch_range,1
VCS/2026 Season/Summer Season_Week 1_5_3,2026-05-15 11:49:00,26.09,VCS 2026 Summer,Saigon Warriors,SN CyberCore Esports,Saigon Warriors,"[""Akali"", ""Karma"", ""Caitlyn"", ""Renekton"", ""Annie""]","[""Orianna"", ""Jarvan IV"", ""Varus"", ""LeBlanc"", ""Anivia""]","[""Ashe"", ""Naafiri"", ""Lulu"", ""Vayne"", ""Sylas""]","[""Seraphine"", ""Xin Zhao"", ""Jhin"", ""Gnar"", ""Viktor""]",[],[],1,leaguepedia_cargo_patch_range,0
LPL/2026 Season/Split 2_Week 7_8_2,2026-05-15 12:14:00,26.09,LPL 2026 Split 2,Bilibili Gaming,Top Esports,Bilibili Gaming,"[""Varus"", ""Ezreal"", ""Ashe"", ""Annie"", ""Twisted Fate""]","[""Orianna"", ""Rumble"", ""Nocturne"", ""Vayne"", ""Xin Zhao""]","[""Ryze"", ""Yunara"", ""Lulu"", ""Ambessa"", ""Lee Sin""]","[""Lucian"", ""Milio"", ""Gnar"", ""Pantheon"", ""Anivia""]",[],[],1,leaguepedia_cargo_patch_range,0
VCS/2026 Season/Summer Season_Week 1_6_1,2026-05-15 12:30:00,26.09,VCS 2026 Summer,9Gaming,MVK Esports Academy,MVK Esports Academy,"[""Karma"", ""Varus"", ""Jarvan IV"", ""Mel"", ""K'Sante""]","[""Orianna"", ""Nocturne"", ""Pantheon"", ""Ashe"", ""Sivir""]","[""Rumble"", ""Xin Zhao"", ""Seraphine"", ""Kai'Sa"", ""Galio""]","[""Ezreal"", ""Naafiri"", ""Nautilus"", ""Sion"", ""Ryze""]",[],[],0,leaguepedia_cargo_patch_range,1
LJL/2026 Season/Spring Series_Week 3_4_3,2026-05-15 12:31:00,26.09,LJL 2026 Spring Series,New Meta,RAYN Clocks,New Meta,"[""Varus"", ""Nocturne"", ""Rumble"", ""Hwei"", ""Anivia""]","[""Irelia"", ""Lucian"", ""Ashe"", ""Akali"", ""Aurora""]","[""Lee Sin"", ""Jhin"", ""Seraphine"", ""Cassiopeia"", ""Tryndamere""]","[""Caitlyn"", ""Rek'Sai"", ""Elise"", ""Sion"", ""Jax""]",[],[],1,leaguepedia_cargo_patch_range,0
VCS/2026 Season/Summer Season_Week 1_6_2,2026-05-15 13:22:00,26.09,VCS 2026 Summer,MVK Esports Academy,9Gaming,MVK Esports Academy,"[""Ambessa"", ""Aurora"", ""Jayce"", ""Ahri"", ""Annie""]","[""Karma"", ""Orianna"", ""Varus"", ""Taliyah"", ""Mel""]","[""Pantheon"", ""Lucian"", ""Milio"", ""Akali"", ""Renekton""]","[""Nocturne"", ""Lulu"", ""Aphelios"", ""Cassiopeia"", ""K'Sante""]",[],[],1,leaguepedia_cargo_patch_range,0
TCL/2026 Season/Spring Split_Week 6_5_1,2026-05-15 14:31:00,26.09,TCL 2026 Spring,Ozarox Esports,Team Phoenix (Turkish Team),Team Phoenix (Turkish Team),"[""Sion"", ""Naafiri"", ""Neeko"", ""Urgot"", ""Irelia""]","[""Rumble"", ""Lulu"", ""Seraphine"", ""Nami"", ""Karma""]","[""Brand"", ""Hecarim"", ""Ekko"", ""Yasuo"", ""Senna""]","[""Orianna"", ""Jarvan IV"", ""Bard"", ""Ezreal"", ""Anivia""]",[],[],0,leaguepedia_cargo_patch_range,1
Esports World Cup 2026/Online Qualifiers/EMEA_Round 4_3_1,2026-05-15 15:03:00,26.09,Esports World Cup 2026 Online Qualifier: EMEA,Galions,Natus Vincere,Natus Vincere,"[""Nautilus"", ""Varus"", ""Ezreal"", ""Gnar"", ""Skarner""]","[""Orianna"", ""Pantheon"", ""Seraphine"", ""Anivia"", ""Rumble""]","[""Lucian"", ""Nami"", ""Wukong"", ""Sion"", ""Cassiopeia""]","[""Yunara"", ""Milio"", ""Viktor"", ""Vi"", ""Vayne""]",[],[],0,leaguepedia_cargo_patch_range,1
Hitpoint 2nd Division Challengers/2026 Season/Spring Split_Week 4_9_1,2026-05-15 15:13:00,26.09,Hitpoint 2nd Div Challengers 2026 Spring,Andromeda Gaming,EXILE esports Academy,EXILE esports Academy,"[""Syndra"", ""Xerath"", ""Gnar"", ""Akali"", ""Ahri""]","[""Garen"", ""Jarvan IV"", ""Orianna"", ""Vayne"", ""Aurora""]","[""Xin Zhao"", ""Ezreal"", ""Pyke"", ""Darius"", ""Ryze""]","[""Varus"", ""Wukong"", ""Nautilus"", ""Gangplank"", ""Cassiopeia""]",[],[],0,leaguepedia_cargo_patch_range,1
TCL/2026 Season/Spring Split_Week 6_5_2,2026-05-15 15:31:00,26.09,TCL 2026 Spring,Team Phoenix (Turkish Team),Ozarox Esports,Team Phoenix (Turkish Team),"[""Rumble"", ""Seraphine"", ""Lulu"", ""Azir"", ""Jayce""]","[""Naafiri"", ""Karma"", ""LeBlanc"", ""Urgot"", ""Sion""]","[""Xin Zhao"", ""Kalista"", ""Renata Glasc"", ""Gwen"", ""Galio""]","[""Shyvana"", ""Mel"", ""Fiddlesticks"", ""Varus"", ""Vayne""]",[],[],1,leaguepedia_cargo_patch_range,0
Esports World Cup 2026/Online Qualifiers/EMEA_Round 4_3_2,2026-05-15 15:54:00,26.09,Esports World Cup 2026 Online Qualifier: EMEA,Natus Vincere,Galions,Galions,"[""Varus"", ""Jarvan IV"", ""Nautilus"", ""Nocturne"", ""Ryze""]","[""Orianna"", ""Pantheon"", ""Xin Zhao"", ""Trundle"", ""Skarner""]","[""Seraphine"", ""Ashe"", ""Rumble"", ""Aurora"", ""Ambessa""]","[""Caitlyn"", ""Bard"", ""Ornn"", ""Naafiri"", ""Annie""]",[],[],0,leaguepedia_cargo_patch_range,1
Hitpoint 2nd Division Challengers/2026 Season/Spring Split_Week 4_9_2,2026-05-15 15:59:00,26.09,Hitpoint 2nd Div Challengers 2026 Spring,EXILE esports Academy,Andromeda Gaming,EXILE esports Academy,"[""Garen"", ""Jarvan IV"", ""Orianna"", ""Xayah"", ""Alistar""]","[""Syndra"", ""Xerath"", ""Seraphine"", ""Malphite"", ""Rumble""]","[""Ahri"", ""Talon"", ""Kai'Sa"", ""Twisted Fate"", ""Blitzcrank""]","[""Lissandra"", ""Viego"", ""Vayne"", ""Ashe"", ""Leona""]",[],[],1,leaguepedia_cargo_patch_range,0
LIT/2026 Season/Spring Playoffs_Semifinals_2_1,2026-05-15 16:14:00,26.09,LIT 2026 Spring Playoffs,Colossal Gaming,GMBLERS Esports,Colossal Gaming,"[""Rumble"", ""Seraphine"", ""Jarvan IV"", ""Rakan"", ""Braum""]","[""Akali"", ""Zaahen"", ""Ezreal"", ""Nautilus"", ""Yorick""]","[""Malphite"", ""Nocturne"", ""Orianna"", ""Kai'Sa"", ""Rell""]","[""Xin Zhao"", ""LeBlanc"", ""Xayah"", ""Alistar"", ""Gnar""]",[],[],1,leaguepedia_cargo_patch_range,0
Arabian League 2nd Division/2026 Season/Spring Playoffs_Round 2_1_1,2026-05-15 16:21:00,26.09,Arabian League 2nd Division 2026 Spring Playoffs,NextGeneration Esports,Pyramid IV Esports,Pyramid IV Esports,"[""Hecarim"", ""Wukong"", ""Pantheon"", ""K'Sante"", ""Renekton""]","[""Karma"", ""Xin Zhao"", ""Jarvan IV"", ""Nocturne"", ""Lee Sin""]","[""Orianna"", ""Nautilus"", ""Kai'Sa"", ""Sion"", ""Vi""]","[""Ryze"", ""Bard"", ""Zaahen"", ""Xayah"", ""Gwen""]",[],[],0,leaguepedia_cargo_patch_range,1
TCL/2026 Season/Spring Split_Week 6_6_1,2026-05-15 16:37:00,26.09,TCL 2026 Spring,SU Esports,BoostGate Esports,BoostGate Esports,"[""Bard"", ""Varus"", ""Nautilus"", ""Naafiri"", ""Xin Zhao""]","[""Ahri"", ""Orianna"", ""Ashe"", ""Syndra"", ""Ryze""]","[""Karma"", ""Sivir"", ""Jarvan IV"", ""Sion"", ""Viktor""]","[""Rumble"", ""Ezreal"", ""Seraphine"", ""Pantheon"", ""Aurelion Sol""]",[],[],0,leaguepedia_cargo_patch_range,1
Esports World Cup 2026/Online Qualifiers/EMEA_Round 4_3_3,2026-05-15 16:44:00,26.09,Esports World Cup 2026 Online Qualifier: EMEA,Galions,Natus Vincere,Natus Vincere,"[""Nautilus"", ""Karma"", ""Varus"", ""LeBlanc"", ""Anivia""]","[""Orianna"", ""Jarvan IV"", ""Lulu"", ""Ryze"", ""Ahri""]","[""Pantheon"", ""Sivir"", ""Rell"", ""Jayce"", ""Taliyah""]","[""Neeko"", ""Aatrox"", ""Corki"", ""Renekton"", ""Lissandra""]",[],[],0,leaguepedia_cargo_patch_range,1
LIT/2026 Season/Spring Playoffs_Semifinals_2_2,2026-05-15 17:11:00,26.09,LIT 2026 Spring Playoffs,Colossal Gaming,GMBLERS Esports,GMBLERS Esports,"[""Rumble"", ""Caitlyn"", ""Seraphine"", ""Aurora"", ""Ahri""]","[""Akali"", ""Zaahen"", ""Ezreal"", ""Ekko"", ""Taliyah""]","[""Jarvan IV"", ""Varus"", ""Nautilus"", ""Gragas"", ""Viktor""]","[""Lucian"", ""Milio"", ""Wukong"", ""Syndra"", ""Shyvana""]",[],[],0,leaguepedia_cargo_patch_range,1
Benelux Ascend Series/2026 Season/Spring Split_Week 7_3_1,2026-05-15 17:13:00,26.09,Benelux Ascend Series 2026 Spring,TAKA ASCEND,FUSE,FUSE,"[""Jarvan IV"", ""Dr. Mundo"", ""Zaahen""]","[""Ashe"", ""Caitlyn"", ""Karma"", ""Xayah"", ""Yunara""]","[""Xin Zhao"", ""Seraphine"", ""Viktor"", ""Jinx"", ""K'Sante""]","[""Orianna"", ""Lulu"", ""Aphelios"", ""Naafiri"", ""Poppy""]",[],[],0,leaguepedia_cargo_patch_range,1
Arabian League 2nd Division/2026 Season/Spring Playoffs_Round 2_1_2,2026-05-15 17:15:00,26.09,Arabian League 2nd Division 2026 Spring Playoffs,NextGeneration Esports,Pyramid IV Esports,Pyramid IV Esports,"[""Hecarim"", ""Wukong"", ""Pantheon"", ""K'Sante"", ""Milio""]","[""Karma"", ""Xin Zhao"", ""Jarvan IV"", ""Ahri"", ""Syndra""]","[""Seraphine"", ""Ezreal"", ""Lee Sin"", ""LeBlanc"", ""Kennen""]","[""Ashe"", ""Aurora"", ""Sejuani"", ""Rell"", ""Irelia""]",[],[],0,leaguepedia_cargo_patch_range,1
LIT/2026 Season/Summer Promotion_Round 1_3_1,2026-05-15 17:22:00,26.10,LIT 2026 Summer Promotion,DECOY 21,Epitomy Warriors,DECOY 21,"[""Ahri"", ""Viego"", ""Gnar"", ""Rumble"", ""Gwen""]","[""Dr. Mundo"", ""Nocturne"", ""Sylas"", ""Jarvan IV"", ""Wukong""]","[""Sion"", ""Ambessa"", ""Azir"", ""Ezreal"", ""Seraphine""]","[""Xin Zhao"", ""Ashe"", ""Braum"", ""Shen"", ""Syndra""]",[],[],1,leaguepedia_cargo_patch_range,0
LIT/2026 Season/Summer Promotion_Round 1_1_1,2026-05-15 17:29:00,26.10,LIT 2026 Summer Promotion,P11 Esports,StoneHenge Esports Academy,P11 Esports,[],[],[],[],[],[],1,leaguepedia_cargo_patch_range,0
TCL/2026 Season/Spring Split_Week 6_6_2,2026-05-15 17:36:00,26.09,TCL 2026 Spring,BoostGate Esports,SU Esports,SU Esports,"[""Ahri"", ""Orianna"", ""Xin Zhao"", ""Syndra"", ""Annie""]","[""Bard"", ""Ashe"", ""Nocturne"", ""LeBlanc"", ""Kog'Maw""]","[""Varus"", ""Nautilus"", ""Vi"", ""Hwei"", ""Gnar""]","[""Yunara"", ""Lulu"", ""Naafiri"", ""Aurora"", ""Jax""]",[],[],0,leaguepedia_cargo_patch_range,1
LIT/2026 Season/Summer Promotion_Round 1_2_1,2026-05-15 17:37:00,26.10,LIT 2026 Summer Promotion,Obsidian Oath,Epitomy Esports,Epitomy Esports,"[""Hwei"", ""Sion"", ""Ashe"", ""Mel"", ""Renekton""]","[""Orianna"", ""Nocturne"", ""Ambessa"", ""LeBlanc"", ""Akali""]","[""Zaahen"", ""Vi"", ""Ahri"", ""Jinx"", ""Thresh""]","[""Fiora"", ""Aatrox"", ""Viktor"", ""Ezreal"", ""Bard""]",[],[],0,leaguepedia_cargo_patch_range,1
Esports World Cup 2026/Online Qualifiers/EMEA_Round 4_4_1,2026-05-15 17:42:00,26.09,Esports World Cup 2026 Online Qualifier: EMEA,Movistar KOI,GIANTX,Movistar KOI,"[""Nautilus"", ""Akali"", ""Pantheon"", ""Karma"", ""Ryze""]","[""Jarvan IV"", ""Orianna"", ""Seraphine"", ""Neeko"", ""Rell""]","[""Varus"", ""Viktor"", ""Skarner"", ""Lucian"", ""Milio""]","[""Xin Zhao"", ""Anivia"", ""Ezreal"", ""Bard"", ""Cassiopeia""]",[],[],1,leaguepedia_cargo_patch_range,0
LIT/2026 Season/Spring Playoffs_Semifinals_2_3,2026-05-15 17:59:00,26.09,LIT 2026 Spring Playoffs,Colossal Gaming,GMBLERS Esports,GMBLERS Esports,"[""Rumble"", ""Seraphine"", ""Pantheon"", ""Ahri"", ""Gwen""]","[""Akali"", ""Zaahen"", ""Ezreal"", ""Yorick"", ""Sion""]","[""Ashe"", ""Nami"", ""Morgana"", ""K'Sante"", ""Naafiri""]","[""Corki"", ""Leona"", ""Vi"", ""Jayce"", ""Aurora""]",[],[],0,leaguepedia_cargo_patch_range,1
Benelux Ascend Series/2026 Season/Spring Split_Week 7_4_1,2026-05-15 18:12:00,26.09,Benelux Ascend Series 2026 Spring,RED OUAT,Frost Tails,RED OUAT,"[""Yunara"", ""Xin Zhao"", ""Karma"", ""Ornn"", ""Nautilus""]","[""Ambessa"", ""Orianna"", ""Seraphine"", ""Rell"", ""Braum""]","[""Pantheon"", ""Kai'Sa"", ""Aurora"", ""Sion"", ""Thresh""]","[""Ezreal"", ""Jarvan IV"", ""Annie"", ""Leona"", ""Darius""]",[],[],1,leaguepedia_cargo_patch_range,0
LPLOL/2026 Season/Spring Split_Week 3_5_1,2026-05-15 18:19:00,26.09,LPLOL 2026 Spring,Dream Esports,ZeroZone Gaming,Dream Esports,"[""Aurora"", ""Xin Zhao"", ""Orianna"", ""Sion"", ""Ornn""]","[""Smolder"", ""Ambessa"", ""Bard"", ""Ahri"", ""Annie""]","[""Karma"", ""Jarvan IV"", ""Jhin"", ""Syndra"", ""K'Sante""]","[""Ashe"", ""Seraphine"", ""Rek'Sai"", ""Taliyah"", ""Gnar""]",[],[],1,leaguepedia_cargo_patch_range,0
Arabian League 2nd Division/2026 Season/Spring Playoffs_Round 2_2_1,2026-05-15 18:20:00,26.09,Arabian League 2nd Division 2026 Spring Playoffs,JSK Academy,NextGeneration Esports,NextGeneration Esports,"[""Irelia"", ""Xin Zhao"", ""Orianna"", ""Nautilus"", ""Akali""]","[""Jarvan IV"", ""Skarner"", ""Karma"", ""Gwen"", ""Darius""]","[""Pantheon"", ""Ezreal"", ""Bard"", ""Aatrox"", ""Viktor""]","[""Vi"", ""Varus"", ""Sion"", ""Neeko"", ""Syndra""]",[],[],0,leaguepedia_cargo_patch_range,1
LIT/2026 Season/Summer Promotion_Round 1_1_2,2026-05-15 18:22:00,26.10,LIT 2026 Summer Promotion,P11 Esports,StoneHenge Esports Academy,P11 Esports,[],[],[],[],[],[],1,leaguepedia_cargo_patch_range,0
Benelux Ascend Series/2026 Season/Spring Split_Week 7_3_2,2026-05-15 18:25:00,26.09,Benelux Ascend Series 2026 Spring,FUSE,TAKA ASCEND,TAKA ASCEND,"[""Ashe"", ""Caitlyn"", ""Wukong"", ""Nautilus"", ""Cho'Gath""]","[""Dr. Mundo"", ""Smolder"", ""Ambessa"", ""Vi"", ""Zaahen""]","[""Karma"", ""Sivir"", ""Ryze"", ""Sion"", ""Jayce""]","[""Pantheon"", ""Ezreal"", ""Anivia"", ""Rakan"", ""Aatrox""]",[],[],0,leaguepedia_cargo_patch_range,1
LIT/2026 Season/Summer Promotion_Round 1_3_2,2026-05-15 18:25:00,26.10,LIT 2026 Summer Promotion,Epitomy Warriors,DECOY 21,DECOY 21,"[""Dr. Mundo"", ""Nocturne"", ""Sylas"", ""Vayne"", ""Cho'Gath""]","[""Viego"", ""Ahri"", ""Gnar"", ""Orianna"", ""Lissandra""]","[""Wukong"", ""Aphelios"", ""Thresh"", ""Renekton"", ""Aurora""]","[""Jarvan IV"", ""Caitlyn"", ""Nautilus"", ""Ornn"", ""Cassiopeia""]",[],[],0,leaguepedia_cargo_patch_range,1
TCL/2026 Season/Spring Split_Week 6_6_3,2026-05-15 18:28:00,26.09,TCL 2026 Spring,SU Esports,BoostGate Esports,SU Esports,"[""Bard"", ""Nocturne"", ""Wukong"", ""Neeko"", ""Leona""]","[""Ahri"", ""Orianna"", ""Ashe"", ""Irelia"", ""Yorick""]","[""Xin Zhao"", ""Lucian"", ""Milio"", ""Syndra"", ""K'Sante""]","[""Maokai"", ""Jayce"", ""Jhin"", ""Nami"", ""Vayne""]",[],[],1,leaguepedia_cargo_patch_range,0
Esports World Cup 2026/Online Qualifiers/EMEA_Round 4_4_2,2026-05-15 18:32:00,26.09,Esports World Cup 2026 Online Qualifier: EMEA,Movistar KOI,GIANTX,Movistar KOI,"[""Akali"", ""Nautilus"", ""Pantheon"", ""Vi"", ""Vayne""]","[""Orianna"", ""Jarvan IV"", ""Jhin"", ""Nocturne"", ""Rumble""]","[""Ryze"", ""Miss Fortune"", ""Rell"", ""Gnar"", ""Wukong""]","[""Ashe"", ""Seraphine"", ""Taliyah"", ""Trundle"", ""Shyvana""]",[],[],1,leaguepedia_cargo_patch_range,0
LIT/2026 Season/Summer Promotion_Round 1_2_2,2026-05-15 18:39:00,26.10,LIT 2026 Summer Promotion,Epitomy Esports,Obsidian Oath,Obsidian Oath,"[""Nocturne"", ""Ambessa"", ""Orianna"", ""Lulu"", ""Gnar""]","[""Sion"", ""Hwei"", ""Ashe"", ""Mel"", ""Galio""]","[""Xin Zhao"", ""Corki"", ""Nami"", ""Syndra"", ""Renekton""]","[""Rek'Sai"", ""Yunara"", ""LeBlanc"", ""Rell"", ""Ornn""]",[],[],0,leaguepedia_cargo_patch_range,1
LIT/2026 Season/Spring Playoffs_Semifinals_2_4,2026-05-15 18:54:00,26.09,LIT 2026 Spring Playoffs,Colossal Gaming,GMBLERS Esports,Colossal Gaming,"[""Rumble"", ""Pantheon"", ""Caitlyn"", ""Lee Sin"", ""Ambessa""]","[""Akali"", ""Zaahen"", ""Ezreal"", ""Kayn"", ""Trundle""]","[""Yunara"", ""Lulu"", ""Ahri"", ""Dr. Mundo"", ""Brand""]","[""Smolder"", ""Bard"", ""Anivia"", ""Skarner"", ""Renekton""]",[],[],1,leaguepedia_cargo_patch_range,0
Hitpoint 2nd Division Challengers/2026 Season/Spring Split_Week 4_10_1,2026-05-15 18:58:00,26.09,Hitpoint 2nd Div Challengers 2026 Spring,Priority,KIA.eSuba Academy,Priority,"[""Ashe"", ""Jarvan IV"", ""Akali"", ""Ahri"", ""Syndra""]","[""K'Sante"", ""Aurora"", ""Orianna"", ""Yunara"", ""Tristana""]","[""Viktor"", ""Skarner"", ""Lulu"", ""Zeri"", ""Ornn""]","[""Karma"", ""Xin Zhao"", ""Ezreal"", ""Ryze"", ""Renekton""]",[],[],1,leaguepedia_cargo_patch_range,0
Arabian League 2nd Division/2026 Season/Spring Playoffs_Round 2_2_2,2026-05-15 19:11:00,26.09,Arabian League 2nd Division 2026 Spring Playoffs,NextGeneration Esports,JSK Academy,NextGeneration Esports,"[""Skarner"", ""Karma"", ""Naafiri"", ""Corki"", ""Kalista""]","[""Caitlyn"", ""Jarvan IV"", ""Xin Zhao"", ""Gwen"", ""Kennen""]","[""Wukong"", ""Akali"", ""Xayah"", ""Fizz"", ""Rakan""]","[""Nocturne"", ""Orianna"", ""K'Sante"", ""Lucian"", ""Nami""]",[],[],1,leaguepedia_cargo_patch_range,0
Benelux Ascend Series/2026 Season/Spring Split_Week 7_4_2,2026-05-15 19:19:00,26.09,Benelux Ascend Series 2026 Spring,RED OUAT,Frost Tails,RED OUAT,"[""Xin Zhao"", ""Karma"", ""Yunara"", ""Ornn"", ""K'Sante""]","[""Ambessa"", ""Orianna"", ""Seraphine"", ""Rell"", ""Neeko""]","[""Taliyah"", ""Nocturne"", ""Varus"", ""Rakan"", ""Gnar""]","[""Smolder"", ""Xerath"", ""Lee Sin"", ""Braum"", ""Nasus""]",[],[],1,leaguepedia_cargo_patch_range,0
LPLOL/2026 Season/Spring Split_Week 3_6_1,2026-05-15 19:26:00,26.09,LPLOL 2026 Spring,Ronaldo Team,Crusaders,Crusaders,"[""Karma"", ""Nami"", ""Xin Zhao"", ""Bard"", ""Vayne""]","[""Caitlyn"", ""Orianna"", ""Varus"", ""Annie"", ""Viktor""]","[""Jarvan IV"", ""Yunara"", ""Lulu"", ""Sion"", ""Cassiopeia""]","[""Naafiri"", ""Ezreal"", ""Ryze"", ""Nautilus"", ""Gnar""]",[],[],0,leaguepedia_cargo_patch_range,1
LIT/2026 Season/Summer Promotion_Round 1_2_3,2026-05-15 19:33:00,26.10,LIT 2026 Summer Promotion,Obsidian Oath,Epitomy Esports,Epitomy Esports,"[""Sion"", ""Hwei"", ""Ashe"", ""Yorick"", ""Malphite""]","[""Orianna"", ""Ambessa"", ""Nocturne"", ""Gnar"", ""Jarvan IV""]","[""Caitlyn"", ""Braum"", ""Ryze"", ""Wukong"", ""Poppy""]","[""Nautilus"", ""Mel"", ""Cassiopeia"", ""Pantheon"", ""Olaf""]",[],[],0,leaguepedia_cargo_patch_range,1
Benelux Ascend Series/2026 Season/Spring Split_Week 7_3_3,2026-05-15 19:40:00,26.09,Benelux Ascend Series 2026 Spring,TAKA ASCEND,FUSE,FUSE,"[""Nautilus"", ""Smolder"", ""Mel"", ""Akali"", ""Nocturne""]","[""Ornn"", ""Ahri""]","[""Wukong"", ""Caitlyn"", ""Nami"", ""Renekton"", ""Aurora""]","[""Senna"", ""Ambessa"", ""Rell"", ""Syndra"", ""Malphite""]",[],[],0,leaguepedia_cargo_patch_range,1
LIT/2026 Season/Spring Playoffs_Semifinals_2_5,2026-05-15 19:43:00,26.09,LIT 2026 Spring Playoffs,GMBLERS Esports,Colossal Gaming,GMBLERS Esports,"[""Zaahen"", ""Akali"", ""Ezreal"", ""Qiyana"", ""Taliyah""]","[""Rumble"", ""Pantheon"", ""Caitlyn"", ""Ornn"", ""Olaf""]","[""Trundle"", ""Sivir"", ""Rakan"", ""Ryze"", ""Vayne""]","[""Karma"", ""Lillia"", ""Miss Fortune"", ""Veigar"", ""Darius""]",[],[],1,leaguepedia_cargo_patch_range,0
Hitpoint 2nd Division Challengers/2026 Season/Spring Split_Week 4_10_2,2026-05-15 19:47:00,26.09,Hitpoint 2nd Div Challengers 2026 Spring,Priority,KIA.eSuba Academy,Priority,"[""K'Sante"", ""Aurora"", ""Akali"", ""Bard"", ""Nami""]","[""Ashe"", ""Jarvan IV"", ""Caitlyn"", ""Aatrox"", ""Jayce""]","[""Orianna"", ""Nocturne"", ""Neeko"", ""Kai'Sa"", ""Camille""]","[""LeBlanc"", ""Ambessa"", ""Sylas"", ""Rakan"", ""Xayah""]",[],[],1,leaguepedia_cargo_patch_range,0
North American Challengers League/2026 Season/Spring Season_Week 8_3_1,2026-05-15 20:09:00,26.10,NACL 2026 Spring,Citadel Gaming,Winthrop University,Winthrop University,"[""Varus"", ""Ezreal"", ""Karma"", ""Rumble"", ""Sion""]","[""Nocturne"", ""Lucian"", ""Jarvan IV"", ""Pantheon"", ""Jayce""]","[""Orianna"", ""Nautilus"", ""Jhin"", ""Gnar"", ""Wukong""]","[""Bard"", ""Azir"", ""Sivir"", ""K'Sante"", ""Nasus""]",[],[],0,leaguepedia_cargo_patch_range,1
LPLOL/2026 Season/Spring Split_Week 3_7_1,2026-05-15 20:35:00,26.09,LPLOL 2026 Spring,Bubliki,Otter Side,Otter Side,"[""Nautilus"", ""Rumble"", ""Pantheon"", ""Annie""]","[""Orianna"", ""Xin Zhao"", ""Jarvan IV"", ""Shen"", ""Volibear""]","[""Ashe"", ""Seraphine"", ""Nocturne"", ""Renekton"", ""Mel""]","[""Caitlyn"", ""Bard"", ""Wukong"", ""Gnar"", ""Viktor""]",[],[],0,leaguepedia_cargo_patch_range,1
North American Challengers League/2026 Season/Spring Season_Week 8_3_2,2026-05-15 21:22:00,26.10,NACL 2026 Spring,Citadel Gaming,Winthrop University,Winthrop University,"[""Ezreal"", ""Seraphine"", ""Caitlyn"", ""Cassiopeia"", ""Renekton""]","[""Nocturne"", ""Lucian"", ""Varus"", ""Jayce"", ""Ahri""]","[""Jarvan IV"", ""Neeko"", ""Kai'Sa"", ""Ambessa"", ""Ryze""]","[""Smolder"", ""Pantheon"", ""Karma"", ""Aurora"", ""Vayne""]",[],[],0,leaguepedia_cargo_patch_range,1
LPLOL/2026 Season/Spring Split_Week 3_8_1,2026-05-15 21:37:00,26.09,LPLOL 2026 Spring,Francesinhas,GTZ Esports,Francesinhas,"[""Orianna"", ""Karma"", ""Seraphine"", ""Anivia"", ""Malphite""]","[""Yunara"", ""Bard"", ""Kalista"", ""Zoe"", ""Ahri""]","[""Pantheon"", ""Jhin"", ""Neeko"", ""Aurora"", ""K'Sante""]","[""Naafiri"", ""Caitlyn"", ""Nautilus"", ""Hwei"", ""Ornn""]",[],[],1,leaguepedia_cargo_patch_range,0
North American Challengers League/2026 Season/Spring Season_Week 8_4_1,2026-05-15 22:19:00,26.10,NACL 2026 Spring,CCG Esports,Dorado Gaming,CCG Esports,"[""Vi"", ""Aurora"", ""Varus"", ""Gwen"", ""Gnar""]","[""Sion"", ""Nocturne"", ""Ryze"", ""Annie"", ""Ahri""]","[""Karma"", ""Lucian"", ""Xin Zhao"", ""Sejuani"", ""Rumble""]","[""Ezreal"", ""Jarvan IV"", ""Orianna"", ""Neeko"", ""K'Sante""]",[],[],1,leaguepedia_cargo_patch_range,0
North American Challengers League/2026 Season/Spring Season_Week 8_4_2,2026-05-15 23:11:00,26.10,NACL 2026 Spring,CCG Esports,Dorado Gaming,CCG Esports,"[""Vi"", ""Aurora"", ""Gwen"", ""Gnar"", ""Vayne""]","[""Nocturne"", ""Viktor"", ""Sion"", ""Ryze"", ""Annie""]","[""Varus"", ""Bard"", ""Ornn"", ""Rek'Sai"", ""Cassiopeia""]","[""Seraphine"", ""Pantheon"", ""Ashe"", ""Shyvana"", ""Hwei""]",[],[],1,leaguepedia_cargo_patch_range,0
LCK Academy Series/2026 Season/1st Championship Playoffs_Round 3_1_1,2026-05-16 05:10:00,26.09,LCK AS 2026 1st Championship Playoffs,Dplus Kia Youth,Gen.G Scholars,Dplus Kia Youth,"[""Varus"", ""Nocturne"", ""Ezreal"", ""Gnar"", ""Lee Sin""]","[""Orianna"", ""Rumble"", ""Caitlyn"", ""Anivia"", ""Cassiopeia""]","[""Jarvan IV"", ""Ashe"", ""Seraphine"", ""Sion"", ""Viktor""]","[""Lucian"", ""Milio"", ""Ryze"", ""Naafiri"", ""Shen""]",[],[],1,leaguepedia_cargo_patch_range,0
LCK Academy Series/2026 Season/1st Championship Playoffs_Round 3_1_2,2026-05-16 06:01:00,26.09,LCK AS 2026 1st Championship Playoffs,Gen.G Scholars,Dplus Kia Youth,Dplus Kia Youth,"[""Nocturne"", ""Karma"", ""Bard"", ""Jhin"", ""Ziggs""]","[""Orianna"", ""Rumble"", ""Ezreal"", ""Nami"", ""K'Sante""]","[""Varus"", ""Skarner"", ""Aurora"", ""Lulu"", ""Gragas""]","[""Jayce"", ""Pantheon"", ""Twisted Fate"", ""Yunara"", ""Nautilus""]",[],[],0,leaguepedia_cargo_patch_range,1
LCK Academy Series/2026 Season/1st Championship Playoffs_Round 3_1_3,2026-05-16 06:45:00,26.09,LCK AS 2026 1st Championship Playoffs,Gen.G Scholars,Dplus Kia Youth,Dplus Kia Youth,"[""Karma"", ""Caitlyn"", ""Nocturne"", ""Pyke"", ""Neeko""]","[""Orianna"", ""Nami"", ""Ezreal"", ""Akali"", ""Anivia""]","[""Rumble"", ""Trundle"", ""Bard"", ""Jhin"", ""Brand""]","[""Xin Zhao"", ""K'Sante"", ""Annie"", ""Rell"", ""Samira""]",[],[],0,leaguepedia_cargo_patch_range,1
LCK Academy Series/2026 Season/1st Championship Playoffs_Round 2_3_1,2026-05-16 08:05:00,26.09,LCK AS 2026 1st Championship Playoffs,T1 Esports Academy Rookies,Hanwha Life Esports Academy,T1 Esports Academy Rookies,"[""Varus"", ""Jarvan IV"", ""Karma"", ""Annie"", ""Akali""]","[""Rumble"", ""Orianna"", ""Vi"", ""Ryze"", ""Galio""]","[""Nocturne"", ""Lucian"", ""Milio"", ""Sion"", ""Aurora""]","[""Ezreal"", ""Bard"", ""Xin Zhao"", ""Twisted Fate"", ""Gwen""]",[],[],1,leaguepedia_cargo_patch_range,0
LCK/2026 Season/Rounds 1-2_Week 7_7_1,2026-05-16 08:06:00,26.09,LCK 2026 Rounds 1-2,Gen.G,T1,Gen.G,"[""Varus"", ""Lucian"", ""Jarvan IV"", ""Trundle"", ""Vi""]","[""Orianna"", ""Karma"", ""Bard"", ""Cassiopeia"", ""Ryze""]","[""Ashe"", ""Xin Zhao"", ""Lulu"", ""Yorick"", ""Twisted Fate""]","[""Ezreal"", ""Seraphine"", ""Rumble"", ""Skarner"", ""Renekton""]",[],[],1,leaguepedia_cargo_patch_range,0
LCK Academy Series/2026 Season/1st Championship Playoffs_Round 2_3_2,2026-05-16 08:53:00,26.09,LCK AS 2026 1st Championship Playoffs,Hanwha Life Esports Academy,T1 Esports Academy Rookies,T1 Esports Academy Rookies,"[""Varus"", ""Vi"", ""Pantheon"", ""Lee Sin"", ""Naafiri""]","[""Rumble"", ""Orianna"", ""Karma"", ""Viktor"", ""Akali""]","[""Jarvan IV"", ""Mel"", ""Pyke"", ""Ryze"", ""Jayce""]","[""Ashe"", ""Seraphine"", ""Annie"", ""Aatrox"", ""K'Sante""]",[],[],0,leaguepedia_cargo_patch_range,1
LCK/2026 Season/Rounds 1-2_Week 7_7_2,2026-05-16 08:57:00,26.09,LCK 2026 Rounds 1-2,T1,Gen.G,T1,"[""Varus"", ""Bard"", ""Lucian"", ""Gwen"", ""Ryze""]","[""Orianna"", ""Vi"", ""Jarvan IV"", ""Nocturne"", ""Cassiopeia""]","[""Karma"", ""Jhin"", ""Sion"", ""Annie"", ""Wukong""]","[""Caitlyn"", ""Lee Sin"", ""Lux"", ""Ornn"", ""Anivia""]",[],[],1,leaguepedia_cargo_patch_range,0
LPL/2026 Season/Split 2_Week 7_9_1,2026-05-16 09:11:00,26.09,LPL 2026 Split 2,ThunderTalk Gaming,EDward Gaming,ThunderTalk Gaming,"[""Nocturne"", ""Karma"", ""Lucian"", ""Nautilus"", ""Jhin""]","[""Orianna"", ""Pantheon"", ""Varus"", ""Ryze"", ""Ambessa""]","[""Seraphine"", ""Xin Zhao"", ""Ashe"", ""K'Sante"", ""Annie""]","[""Rumble"", ""Vi"", ""Cassiopeia"", ""Senna"", ""Alistar""]",[],[],1,leaguepedia_cargo_patch_range,0
LCP/2026 Season/Split 2_Week 7_1_1,2026-05-16 09:16:00,26.10,LCP 2026 Split 2,Ground Zero Gaming,Deep Cross Gaming,Ground Zero Gaming,"[""Nocturne"", ""Nautilus"", ""Lee Sin"", ""Vayne"", ""Caitlyn""]","[""Rumble"", ""Orianna"", ""Karma"", ""Cassiopeia"", ""Anivia""]","[""Ashe"", ""Xin Zhao"", ""Seraphine"", ""Aurora"", ""K'Sante""]","[""Jarvan IV"", ""Bard"", ""Ryze"", ""Ezreal"", ""Gnar""]",[],[],1,leaguepedia_cargo_patch_range,0
LCK Academy Series/2026 Season/1st Championship Playoffs_Round 2_3_3,2026-05-16 09:41:00,26.09,LCK AS 2026 1st Championship Playoffs,T1 Esports Academy Rookies,Hanwha Life Esports Academy,T1 Esports Academy Rookies,"[""Varus"", ""Nautilus"", ""Vi"", ""Caitlyn"", ""Neeko""]","[""Orianna"", ""Karma"", ""Naafiri"", ""Skarner"", ""Viktor""]","[""Rumble"", ""Yunara"", ""Lulu"", ""Trundle"", ""Galio""]","[""Ambessa"", ""Pantheon"", ""Ahri"", ""Corki"", ""Nami""]",[],[],1,leaguepedia_cargo_patch_range,0
LPL/2026 Season/Split 2_Week 7_9_2,2026-05-16 10:03:00,26.09,LPL 2026 Split 2,ThunderTalk Gaming,EDward Gaming,EDward Gaming,"[""Varus"", ""Karma"", ""Ambessa"", ""Nautilus"", ""Bard""]","[""Orianna"", ""Nocturne"", ""Lucian"", ""Jayce"", ""Vayne""]","[""Ryze"", ""Corki"", ""Nami"", ""Twisted Fate"", ""Naafiri""]","[""Jarvan IV"", ""Azir"", ""Gnar"", ""Jhin"", ""Anivia""]",[],[],0,leaguepedia_cargo_patch_range,1
LCK/2026 Season/Rounds 1-2_Week 7_7_3,2026-05-16 10:10:00,26.09,LCK 2026 Rounds 1-2,T1,Gen.G,T1,"[""Jarvan IV"", ""Lucian"", ""Varus"", ""Nami"", ""Akali""]","[""Bard"", ""Orianna"", ""Nocturne"", ""Kalista"", ""Ziggs""]","[""Cassiopeia"", ""Jayce"", ""Vi"", ""Mel"", ""Camille""]","[""Corki"", ""Pantheon"", ""K'Sante"", ""Neeko"", ""Taliyah""]",[],[],1,leaguepedia_cargo_patch_range,0
LCP/2026 Season/Split 2_Week 7_1_2,2026-05-16 10:10:00,26.10,LCP 2026 Split 2,Ground Zero Gaming,Deep Cross Gaming,Deep Cross Gaming,"[""Nocturne"", ""Annie"", ""Lucian"", ""Renata Glasc"", ""Renekton""]","[""Rumble"", ""Orianna"", ""Cassiopeia"", ""Sylas"", ""Akali""]","[""Lee Sin"", ""Nautilus"", ""Jhin"", ""Ambessa"", ""LeBlanc""]","[""Varus"", ""Vi"", ""Ahri"", ""Rell"", ""Jayce""]",[],[],0,leaguepedia_cargo_patch_range,1
Nexus League/2026 Season/Spring Split_Week 6_1_1,2026-05-16 10:16:00,26.09,Nexus League 2026 Spring,Crystal Rose (French Team),Lausanne-Sport Esports,Lausanne-Sport Esports,"[""Ezreal"", ""Lucian"", ""Zoe"", ""Nautilus"", ""Rell""]","[""Orianna"", ""Aurelion Sol"", ""Aatrox"", ""Alistar"", ""Karma""]","[""Varus"", ""Galio"", ""Lee Sin"", ""Leona"", ""Gragas""]","[""Viktor"", ""Kalista"", ""Rek'Sai"", ""Neeko"", ""Olaf""]",[],[],0,leaguepedia_cargo_patch_range,1
Hitpoint Masters/2026 Season/Spring Split_Week 4_1_1,2026-05-16 10:21:00,26.10,Hitpoint Masters 2026 Spring,CITA Kaizen,Bohemian Guardians,CITA Kaizen,"[""Nautilus"", ""Naafiri"", ""Ambessa"", ""Nocturne"", ""Jarvan IV""]","[""Lee Sin"", ""Irelia"", ""Karma"", ""Qiyana"", ""Bel'Veth""]","[""Rumble"", ""Jhin"", ""Bard"", ""Orianna"", ""Kha'Zix""]","[""Ezreal"", ""Neeko"", ""Ornn"", ""Pantheon"", ""Ryze""]",[],[],1,leaguepedia_cargo_patch_range,0
LCP/2026 Season/Split 2_Week 7_1_3,2026-05-16 10:58:00,26.10,LCP 2026 Split 2,Deep Cross Gaming,Ground Zero Gaming,Deep Cross Gaming,"[""Caitlyn"", ""Akali"", ""Rumble"", ""Xayah"", ""Gwen""]","[""Nocturne"", ""Orianna"", ""Lucian"", ""Cassiopeia"", ""Renekton""]","[""Pantheon"", ""Yunara"", ""Lulu"", ""Sion"", ""Taliyah""]","[""Annie"", ""Wukong"", ""Rakan"", ""Zeri"", ""Riven""]",[],[],1,leaguepedia_cargo_patch_range,0
LPL/2026 Season/Split 2_Week 7_9_3,2026-05-16 11:01:00,26.09,LPL 2026 Split 2,EDward Gaming,ThunderTalk Gaming,ThunderTalk Gaming,"[""Karma"", ""Lucian"", ""Lee Sin"", ""Sion"", ""Bard""]","[""Orianna"", ""Varus"", ""Lulu"", ""Sivir"", ""Nautilus""]","[""Nocturne"", ""Jayce"", ""Akali"", ""Zeri"", ""Yuumi""]","[""Ezreal"", ""Aurora"", ""Wukong"", ""Neeko"", ""Gragas""]",[],[],0,leaguepedia_cargo_patch_range,1
Hitpoint Masters/2026 Season/Spring Split_Week 4_1_2,2026-05-16 11:03:00,26.10,Hitpoint Masters 2026 Spring,Bohemian Guardians,CITA Kaizen,CITA Kaizen,"[""Lee Sin"", ""Irelia"", ""Nautilus"", ""Ahri"", ""Akali""]","[""Naafiri"", ""Ambessa"", ""Karma"", ""Mel"", ""Sion""]","[""Jarvan IV"", ""Seraphine"", ""Ashe"", ""Viktor"", ""Gnar""]","[""Yunara"", ""Lulu"", ""Qiyana"", ""Syndra"", ""Malphite""]",[],[],0,leaguepedia_cargo_patch_range,1
Nexus League/2026 Season/Spring Split_Week 6_2_1,2026-05-16 11:10:00,26.09,Nexus League 2026 Spring,Lille Esport,Caldya Esport,Caldya Esport,"[""Bard"", ""Rumble"", ""Skarner"", ""Viktor"", ""Anivia""]","[""Seraphine"", ""Orianna"", ""Nocturne"", ""Akali"", ""LeBlanc""]","[""Pantheon"", ""Varus"", ""Nautilus"", ""Ahri"", ""K'Sante""]","[""Ezreal"", ""Jarvan IV"", ""Rell"", ""Syndra"", ""Gnar""]",[],[],0,leaguepedia_cargo_patch_range,1
LCK/2026 Season/Rounds 1-2_Week 7_8_1,2026-05-16 11:30:00,26.09,LCK 2026 Rounds 1-2,BNK FEARX,Nongshim RedForce,BNK FEARX,"[""Varus"", ""Ashe"", ""Vi"", ""Cassiopeia"", ""Twisted Fate""]","[""Orianna"", ""Rumble"", ""Lucian"", ""Lee Sin"", ""Xin Zhao""]","[""Karma"", ""Caitlyn"", ""Ryze"", ""Pantheon"", ""Jayce""]","[""Ezreal"", ""Jarvan IV"", ""Nami"", ""Azir"", ""Sion""]",[],[],1,leaguepedia_cargo_patch_range,0
Hitpoint Masters/2026 Season/Spring Split_Week 4_2_1,2026-05-16 12:05:00,26.10,Hitpoint Masters 2026 Spring,EXILE esports,BRUTE,EXILE esports,"[""Yunara"", ""Jarvan IV"", ""Ashe"", ""Sion"", ""K'Sante""]","[""Ezreal"", ""Varus"", ""Nocturne"", ""Braum"", ""Neeko""]","[""Rumble"", ""Pantheon"", ""Syndra"", ""Smolder"", ""Alistar""]","[""Ornn"", ""Xin Zhao"", ""Orianna"", ""Xayah"", ""Nautilus""]",[],[],1,leaguepedia_cargo_patch_range,0
LCP/2026 Season/Split 2_Week 7_2_1,2026-05-16 12:06:00,26.10,LCP 2026 Split 2,Fukuoka SoftBank HAWKS gaming,MVK Esports,MVK Esports,"[""Nocturne"", ""Varus"", ""Nautilus"", ""K'Sante"", ""Sion""]","[""Orianna"", ""Jarvan IV"", ""Xin Zhao"", ""Akali"", ""Lee Sin""]","[""Ezreal"", ""Rumble"", ""Pyke"", ""Sejuani"", ""Yone""]","[""Karma"", ""Cassiopeia"", ""Sivir"", ""Ornn"", ""Maokai""]",[],[],0,leaguepedia_cargo_patch_range,1
Nexus League/2026 Season/Spring Split_Week 6_3_1,2026-05-16 12:09:00,26.09,Nexus League 2026 Spring,Karmine Corp Blue Stars,Galions Sharks,Karmine Corp Blue Stars,"[""Nautilus"", ""Ryze"", ""Jarvan IV"", ""Kai'Sa"", ""Ashe""]","[""Nocturne"", ""Xin Zhao"", ""Orianna"", ""Akali"", ""Yasuo""]","[""Pantheon"", ""Ezreal"", ""Aurora"", ""Karma"", ""Sylas""]","[""Rumble"", ""Zaahen"", ""Ahri"", ""Lucian"", ""Milio""]",[],[],1,leaguepedia_cargo_patch_range,0
LCK/2026 Season/Rounds 1-2_Week 7_8_2,2026-05-16 12:25:00,26.09,LCK 2026 Rounds 1-2,BNK FEARX,Nongshim RedForce,BNK FEARX,"[""Varus"", ""Vi"", ""Seraphine"", ""Xin Zhao"", ""Vayne""]","[""Orianna"", ""Rumble"", ""Lucian"", ""Akali"", ""Aphelios""]","[""Lulu"", ""Nocturne"", ""Gnar"", ""Kog'Maw"", ""Galio""]","[""Cassiopeia"", ""Yunara"", ""Milio"", ""Naafiri"", ""Olaf""]",[],[],1,leaguepedia_cargo_patch_range,0
Hitpoint Masters/2026 Season/Spring Split_Week 4_2_2,2026-05-16 12:48:00,26.10,Hitpoint Masters 2026 Spring,EXILE esports,BRUTE,EXILE esports,"[""Yunara"", ""Jarvan IV"", ""Pyke"", ""Karma"", ""Bard""]","[""Ezreal"", ""Varus"", ""Nocturne"", ""Ivern"", ""Vladimir""]","[""Ashe"", ""Sion"", ""Seraphine"", ""Darius"", ""Ahri""]","[""Skarner"", ""Jhin"", ""Fiora"", ""Bel'Veth"", ""Sylas""]",[],[],1,leaguepedia_cargo_patch_range,0
LPL/2026 Season/Split 2_Week 7_10_1,2026-05-16 12:49:00,26.09,LPL 2026 Split 2,Team WE,Ninjas in Pyjamas.CN,Ninjas in Pyjamas.CN,"[""Akali"", ""Rumble"", ""Jarvan IV"", ""Trundle"", ""Jayce""]","[""Ashe"", ""Varus"", ""Nocturne"", ""Alistar"", ""Bard""]","[""Ezreal"", ""Azir"", ""Vi"", ""Seraphine"", ""Renekton""]","[""Karma"", ""Orianna"", ""Sivir"", ""Xin Zhao"", ""K'Sante""]",[],[],0,leaguepedia_cargo_patch_range,1
LCP/2026 Season/Split 2_Week 7_2_2,2026-05-16 13:00:00,26.10,LCP 2026 Split 2,Fukuoka SoftBank HAWKS gaming,MVK Esports,Fukuoka SoftBank HAWKS gaming,"[""Nocturne"", ""Varus"", ""Gwen"", ""Neeko"", ""Lulu""]","[""Jarvan IV"", ""Ryze"", ""Lucian"", ""Bard"", ""Nautilus""]","[""Lee Sin"", ""Orianna"", ""Yorick"", ""Poppy"", ""Jhin""]","[""Gnar"", ""Wukong"", ""Akali"", ""Mel"", ""Seraphine""]",[],[],1,leaguepedia_cargo_patch_range,0
Nexus League/2026 Season/Spring Split_Week 6_4_1,2026-05-16 13:03:00,26.09,Nexus League 2026 Spring,Zephyr Esport,Project Conquerors,Project Conquerors,"[""Nautilus"", ""Bard"", ""Karma"", ""Akali"", ""Gwen""]","[""Zoe"", ""Jarvan IV"", ""Ezreal"", ""Pantheon"", ""Xin Zhao""]","[""Orianna"", ""Corki"", ""Nami"", ""Naafiri"", ""Sion""]","[""Nocturne"", ""Seraphine"", ""Varus"", ""Viktor"", ""Miss Fortune""]",[],[],0,leaguepedia_cargo_patch_range,1
LCP/2026 Season/Split 2_Week 7_2_3,2026-05-16 13:51:00,26.10,LCP 2026 Split 2,Fukuoka SoftBank HAWKS gaming,MVK Esports,MVK Esports,"[""Nocturne"", ""Varus"", ""Nautilus"", ""Naafiri"", ""Xin Zhao""]","[""Jarvan IV"", ""Ryze"", ""Lucian"", ""Bard"", ""K'Sante""]","[""Caitlyn"", ""Vi"", ""Ahri"", ""Sion"", ""Camille""]","[""Jayce"", ""Ziggs"", ""Aurora"", ""Ambessa"", ""Alistar""]",[],[],0,leaguepedia_cargo_patch_range,1
LPL/2026 Season/Split 2_Week 7_10_2,2026-05-16 13:54:00,26.09,LPL 2026 Split 2,Team WE,Ninjas in Pyjamas.CN,Team WE,"[""Akali"", ""Rumble"", ""Jarvan IV"", ""Lee Sin"", ""Sion""]","[""Nocturne"", ""Varus"", ""Lucian"", ""Gnar"", ""Naafiri""]","[""Cassiopeia"", ""Caitlyn"", ""Bard"", ""Jayce"", ""Qiyana""]","[""Corki"", ""Nami"", ""Annie"", ""Trundle"", ""Gragas""]",[],[],1,leaguepedia_cargo_patch_range,0
Hitpoint Masters/2026 Season/Spring Split_Week 4_3_1,2026-05-16 14:04:00,26.10,Hitpoint Masters 2026 Spring,Onion Team,Meavedron,Onion Team,"[""Jarvan IV"", ""Ezreal"", ""Fiora"", ""Wukong"", ""Xin Zhao""]","[""Varus"", ""Dr. Mundo"", ""Xerath"", ""Gnar"", ""Kog'Maw""]","[""Ambessa"", ""Vi"", ""Lux"", ""Yunara"", ""Nautilus""]","[""Ornn"", ""Nocturne"", ""Orianna"", ""Caitlyn"", ""Karma""]",[],[],1,leaguepedia_cargo_patch_range,0
LPL/2026 Season/Split 2_Week 7_10_3,2026-05-16 14:41:00,26.09,LPL 2026 Split 2,Team WE,Ninjas in Pyjamas.CN,Ninjas in Pyjamas.CN,"[""Akali"", ""Rumble"", ""Jarvan IV"", ""Yorick"", ""Gwen""]","[""Nocturne"", ""Varus"", ""Gnar"", ""Shyvana"", ""Skarner""]","[""Ryze"", ""Kog'Maw"", ""Lulu"", ""Naafiri"", ""Sion""]","[""Lucian"", ""Milio"", ""Twisted Fate"", ""Pantheon"", ""Shen""]",[],[],0,leaguepedia_cargo_patch_range,1
Hitpoint Masters/2026 Season/Spring Split_Week 4_3_2,2026-05-16 14:56:00,26.10,Hitpoint Masters 2026 Spring,Onion Team,Meavedron,Meavedron,"[""Fiora"", ""Jarvan IV"", ""Ashe"", ""Sion"", ""Renekton""]","[""Varus"", ""Dr. Mundo"", ""Xerath"", ""Braum"", ""Alistar""]","[""Ezreal"", ""Xin Zhao"", ""Seraphine"", ""Elise"", ""K'Sante""]","[""Wukong"", ""Draven"", ""Rell"", ""Viktor"", ""Gwen""]",[],[],0,leaguepedia_cargo_patch_range,1
Esports World Cup 2026/Online Qualifiers/EMEA_Round 6_1_1,2026-05-16 15:02:00,26.09,Esports World Cup 2026 Online Qualifier: EMEA,Karmine Corp,G2 Esports,G2 Esports,"[""Nautilus"", ""Varus"", ""Smolder"", ""Karma"", ""Ornn""]","[""Orianna"", ""Bard"", ""Seraphine"", ""Vi"", ""Skarner""]","[""Rumble"", ""Corki"", ""Nami"", ""Aurora"", ""Pantheon""]","[""Anivia"", ""Jarvan IV"", ""Ezreal"", ""Neeko"", ""Twisted Fate""]",[],[],0,leaguepedia_cargo_patch_range,1
Esports World Cup 2026/Online Qualifiers/EMEA_Round 5_1_1,2026-05-16 15:05:00,26.09,Esports World Cup 2026 Online Qualifier: EMEA,Movistar KOI,Natus Vincere,Movistar KOI,"[""Lucian"", ""Wukong"", ""Seraphine"", ""Gwen"", ""Galio""]","[""Orianna"", ""Rumble"", ""Ezreal"", ""Cassiopeia"", ""Ahri""]","[""Pantheon"", ""Caitlyn"", ""Neeko"", ""Sion"", ""Akali""]","[""Bard"", ""Anivia"", ""Jhin"", ""Skarner"", ""Gnar""]",[],[],1,leaguepedia_cargo_patch_range,0
Hitpoint Masters/2026 Season/Spring Split_Week 4_3_3,2026-05-16 15:50:00,26.10,Hitpoint Masters 2026 Spring,Onion Team,Meavedron,Meavedron,"[""Fiora"", ""Zaahen"", ""Jarvan IV"", ""Braum"", ""Lulu""]","[""Varus"", ""Dr. Mundo"", ""Xerath"", ""Bard"", ""Alistar""]","[""Sion"", ""Trundle"", ""Miss Fortune"", ""Rakan"", ""Morgana""]","[""Ashe"", ""Viego"", ""Aatrox"", ""Leona"", ""Hwei""]",[],[],0,leaguepedia_cargo_patch_range,1
Esports World Cup 2026/Online Qualifiers/EMEA_Round 6_1_2,2026-05-16 15:52:00,26.09,Esports World Cup 2026 Online Qualifier: EMEA,G2 Esports,Karmine Corp,G2 Esports,"[""Varus"", ""Bard"", ""Xin Zhao"", ""Vayne"", ""Gnar""]","[""Orianna"", ""Seraphine"", ""Nautilus"", ""Taliyah"", ""Ahri""]","[""Vi"", ""Caitlyn"", ""Karma"", ""K'Sante"", ""Cassiopeia""]","[""Lulu"", ""Naafiri"", ""Yunara"", ""Annie"", ""Sion""]",[],[],1,leaguepedia_cargo_patch_range,0
Esports World Cup 2026/Online Qualifiers/EMEA_Round 5_1_2,2026-05-16 15:59:00,26.09,Esports World Cup 2026 Online Qualifier: EMEA,Movistar KOI,Natus Vincere,Movistar KOI,"[""Aatrox"", ""Zaahen"", ""Lucian"", ""Miss Fortune"", ""Ornn""]","[""Orianna"", ""Nocturne"", ""Ezreal"", ""Jarvan IV"", ""Vi""]","[""Seraphine"", ""Ashe"", ""Rumble"", ""Taliyah"", ""Trundle""]","[""Varus"", ""Cassiopeia"", ""Nautilus"", ""K'Sante"", ""Qiyana""]",[],[],1,leaguepedia_cargo_patch_range,0
CBLOL/2026 Season/Split 1 Playoffs_Round 2_1_1,2026-05-16 16:12:00,26.10,CBLOL 2026 Split 1 Playoffs,Fluxo W7M,RED Canids,Fluxo W7M,"[""Varus"", ""Lucian"", ""Nautilus"", ""Vayne"", ""Jayce""]","[""Orianna"", ""Rumble"", ""Karma"", ""Anivia"", ""Ahri""]","[""Bard"", ""Caitlyn"", ""Vi"", ""Gnar"", ""Zoe""]","[""Ezreal"", ""Jarvan IV"", ""Neeko"", ""Ryze"", ""Yorick""]",[],[],1,leaguepedia_cargo_patch_range,0
Arabian League 2nd Division/2026 Season/Spring Playoffs_Finals_1_1,2026-05-16 16:21:00,26.09,Arabian League 2nd Division 2026 Spring Playoffs,Pyramid IV Esports,NextGeneration Esports,NextGeneration Esports,"[""Karma"", ""Jarvan IV"", ""Pantheon"", ""Caitlyn"", ""Gwen""]","[""Ryze"", ""Xin Zhao"", ""Wukong"", ""LeBlanc"", ""Taliyah""]","[""Bard"", ""Zaahen"", ""Sivir"", ""Orianna"", ""K'Sante""]","[""Nautilus"", ""Lee Sin"", ""Ahri"", ""Corki"", ""Gragas""]",[],[],0,leaguepedia_cargo_patch_range,1
Hitpoint Masters/2026 Season/Spring Split_Week 4_4_1,2026-05-16 16:46:00,26.10,Hitpoint Masters 2026 Spring,eSuba,Nightbirds,Nightbirds,"[""Jarvan IV"", ""Lucian"", ""Renekton"", ""Jayce"", ""Bard""]","[""Orianna"", ""Rumble"", ""Karma"", ""Azir"", ""Anivia""]","[""Ambessa"", ""Skarner"", ""Senna"", ""Cassiopeia"", ""Rell""]","[""Ezreal"", ""Pantheon"", ""Ryze"", ""Vayne"", ""Nami""]",[],[],0,leaguepedia_cargo_patch_range,1
Esports World Cup 2026/Online Qualifiers/EMEA_Round 6_1_3,2026-05-16 16:50:00,26.09,Esports World Cup 2026 Online Qualifier: EMEA,G2 Esports,Karmine Corp,G2 Esports,"[""Bard"", ""Milio"", ""Varus"", ""Kalista"", ""Xayah""]","[""Orianna"", ""Seraphine"", ""Trundle"", ""Yorick"", ""Yasuo""]","[""Ryze"", ""Smolder"", ""Nautilus"", ""Olaf"", ""Malphite""]","[""Azir"", ""Skarner"", ""Jayce"", ""Rell"", ""Tristana""]",[],[],1,leaguepedia_cargo_patch_range,0
LIT/2026 Season/Summer Promotion_Round 3_1_1,2026-05-16 17:07:00,26.10,LIT 2026 Summer Promotion,P11 Esports,StoneHenge Esports,StoneHenge Esports,"[""Cho'Gath"", ""Nautilus"", ""Draven"", ""Leona"", ""Gangplank""]","[""Ashe"", ""Karma"", ""Jarvan IV"", ""Akali"", ""Sion""]","[""Lulu"", ""Wukong"", ""Sivir"", ""Jax"", ""Azir""]","[""Varus"", ""Xin Zhao"", ""Orianna"", ""Bard"", ""Gragas""]",[],[],0,leaguepedia_cargo_patch_range,1
LIT/2026 Season/Summer Promotion_Round 2_1_1,2026-05-16 17:10:00,26.10,LIT 2026 Summer Promotion,DECOY 21,Obsidian Oath,DECOY 21,"[""Ambessa"", ""LeBlanc"", ""Orianna"", ""Gnar"", ""Aatrox""]","[""Taric"", ""Dr. Mundo"", ""Nocturne"", ""Azir"", ""Mel""]","[""Karma"", ""Xin Zhao"", ""Sivir"", ""Sylas"", ""Sion""]","[""Ezreal"", ""Neeko"", ""Ahri"", ""Jarvan IV"", ""Camille""]",[],[],1,leaguepedia_cargo_patch_range,0
LIT/2026 Season/Summer Promotion_Round 3_2_1,2026-05-16 17:13:00,26.10,LIT 2026 Summer Promotion,Epitomy Esports,Huskies Esports,Huskies Esports,"[""Gragas"", ""Aurora"", ""Trundle"", ""Akali"", ""Rumble""]","[""Sion"", ""Aatrox"", ""Mel"", ""Hwei"", ""Viktor""]","[""Renekton"", ""Xin Zhao"", ""Syndra"", ""Ezreal"", ""Bard""]","[""Zaahen"", ""Jarvan IV"", ""Ahri"", ""Ashe"", ""Seraphine""]",[],[],0,leaguepedia_cargo_patch_range,1
Arabian League 2nd Division/2026 Season/Spring Playoffs_Finals_1_2,2026-05-16 17:18:00,26.09,Arabian League 2nd Division 2026 Spring Playoffs,NextGeneration Esports,Pyramid IV Esports,Pyramid IV Esports,"[""Ryze"", ""Aurora"", ""Hecarim"", ""Sion"", ""Ornn""]","[""Karma"", ""Xin Zhao"", ""Jarvan IV"", ""Kennen"", ""Gwen""]","[""Wukong"", ""Milio"", ""Lucian"", ""Poppy"", ""Syndra""]","[""Ashe"", ""Seraphine"", ""Pantheon"", ""Renekton"", ""Viktor""]",[],[],0,leaguepedia_cargo_patch_range,1
CBLOL/2026 Season/Split 1 Playoffs_Round 2_1_2,2026-05-16 17:18:00,26.10,CBLOL 2026 Split 1 Playoffs,Fluxo W7M,RED Canids,RED Canids,"[""Varus"", ""Aatrox"", ""Nautilus"", ""Jayce"", ""Akali""]","[""Orianna"", ""Rumble"", ""Nocturne"", ""Vayne"", ""LeBlanc""]","[""Seraphine"", ""Senna"", ""Pantheon"", ""Gwen"", ""Taliyah""]","[""Ashe"", ""Lulu"", ""Skarner"", ""Sion"", ""Tristana""]",[],[],0,leaguepedia_cargo_patch_range,1
Hitpoint Masters/2026 Season/Spring Split_Week 4_4_2,2026-05-16 17:40:00,26.10,Hitpoint Masters 2026 Spring,eSuba,Nightbirds,Nightbirds,"[""Lucian"", ""Karma"", ""Orianna"", ""Yunara"", ""Caitlyn""]","[""Varus"", ""Nautilus"", ""Ashe"", ""Ziggs"", ""Smolder""]","[""K'Sante"", ""Wukong"", ""Aurora"", ""Kai'Sa"", ""Leona""]","[""Rumble"", ""Bard"", ""Ahri"", ""Xayah"", ""Lee Sin""]",[],[],0,leaguepedia_cargo_patch_range,1
LIT/2026 Season/Summer Promotion_Round 3_1_2,2026-05-16 17:54:00,26.10,LIT 2026 Summer Promotion,StoneHenge Esports,P11 Esports,P11 Esports,"[""Karma"", ""Jarvan IV"", ""Sion"", ""Ryze"", ""Sylas""]","[""Cho'Gath"", ""Draven"", ""Ahri"", ""Gnar"", ""Gangplank""]","[""Ashe"", ""Nautilus"", ""Pantheon"", ""Jayce"", ""Aurora""]","[""Seraphine"", ""Ezreal"", ""Zaahen"", ""K'Sante"", ""Akali""]",[],[],0,leaguepedia_cargo_patch_range,1
LIT/2026 Season/Summer Promotion_Round 2_1_2,2026-05-16 18:06:00,26.10,LIT 2026 Summer Promotion,DECOY 21,Obsidian Oath,Obsidian Oath,"[""LeBlanc"", ""Lulu"", ""Lillia"", ""Nautilus"", ""Gnar""]","[""Taric"", ""Dr. Mundo"", ""Ashe"", ""Rakan"", ""Kayle""]","[""Ambessa"", ""Wukong"", ""Xayah"", ""Bard"", ""Galio""]","[""Orianna"", ""Nocturne"", ""Yunara"", ""Nami"", ""Renekton""]",[],[],0,leaguepedia_cargo_patch_range,1
CBLOL/2026 Season/Split 1 Playoffs_Round 2_1_3,2026-05-16 18:14:00,26.10,CBLOL 2026 Split 1 Playoffs,RED Canids,Fluxo W7M,RED Canids,"[""Nocturne"", ""Varus"", ""Nautilus"", ""Naafiri"", ""LeBlanc""]","[""Rumble"", ""Aatrox"", ""Lucian"", ""K'Sante"", ""Olaf""]","[""Karma"", ""Xin Zhao"", ""Smolder"", ""Ahri"", ""Renekton""]","[""Jhin"", ""Jayce"", ""Rakan"", ""Rek'Sai"", ""Sylas""]",[],[],1,leaguepedia_cargo_patch_range,0
LIT/2026 Season/Summer Promotion_Round 3_2_2,2026-05-16 18:18:00,26.10,LIT 2026 Summer Promotion,Huskies Esports,Epitomy Esports,Epitomy Esports,[],[],[],[],[],[],0,leaguepedia_cargo_patch_range,1
Arabian League 2nd Division/2026 Season/Spring Playoffs_Finals_1_3,2026-05-16 18:24:00,26.09,Arabian League 2nd Division 2026 Spring Playoffs,Pyramid IV Esports,NextGeneration Esports,Pyramid IV Esports,"[""Karma"", ""Neeko"", ""Caitlyn"", ""LeBlanc"", ""Katarina""]","[""Ryze"", ""Hecarim"", ""Aurora"", ""Gwen"", ""Ambessa""]","[""Xin Zhao"", ""Ezreal"", ""Rakan"", ""Gnar"", ""Akali""]","[""Varus"", ""Jarvan IV"", ""Sion"", ""Rell"", ""Fizz""]",[],[],1,leaguepedia_cargo_patch_range,0
LIT/2026 Season/Summer Promotion_Round 3_1_3,2026-05-16 18:45:00,26.10,LIT 2026 Summer Promotion,P11 Esports,StoneHenge Esports,StoneHenge Esports,"[""Mel"", ""Draven"", ""Cho'Gath"", ""Poppy"", ""Braum""]","[""Karma"", ""Jarvan IV"", ""Xayah"", ""Caitlyn"", ""Senna""]","[""Ahri"", ""Ambessa"", ""Naafiri"", ""Maokai"", ""Kai'Sa""]","[""Gnar"", ""Nocturne"", ""Taliyah"", ""Corki"", ""Alistar""]",[],[],0,leaguepedia_cargo_patch_range,1
LIT/2026 Season/Summer Promotion_Round 2_1_3,2026-05-16 18:56:00,26.10,LIT 2026 Summer Promotion,Obsidian Oath,DECOY 21,DECOY 21,"[""Taric"", ""Dr. Mundo"", ""Viktor"", ""Diana"", ""Kayle""]","[""Lulu"", ""Aphelios"", ""Akali"", ""Varus"", ""Kai'Sa""]","[""Rek'Sai"", ""LeBlanc"", ""Blitzcrank"", ""Tristana"", ""Malphite""]","[""Lucian"", ""Milio"", ""Yasuo"", ""Karthus"", ""Ornn""]",[],[],0,leaguepedia_cargo_patch_range,1
CBLOL/2026 Season/Split 1 Playoffs_Round 2_1_4,2026-05-16 18:58:00,26.10,CBLOL 2026 Split 1 Playoffs,RED Canids,Fluxo W7M,RED Canids,"[""Varus"", ""Ambessa"", ""Aurora"", ""Akali"", ""LeBlanc""]","[""Rumble"", ""Aatrox"", ""Lucian"", ""Nautilus"", ""K'Sante""]","[""Nocturne"", ""Orianna"", ""Sivir"", ""Milio"", ""Vayne""]","[""Dr. Mundo"", ""Zeri"", ""Alistar"", ""Azir"", ""Anivia""]",[],[],1,leaguepedia_cargo_patch_range,0
LIT/2026 Season/Summer Promotion_Round 3_2_3,2026-05-16 19:10:00,26.10,LIT 2026 Summer Promotion,Epitomy Esports,Huskies Esports,Epitomy Esports,[],[],[],[],[],[],1,leaguepedia_cargo_patch_range,0
Arabian League 2nd Division/2026 Season/Spring Playoffs_Finals_1_4,2026-05-16 19:18:00,26.09,Arabian League 2nd Division 2026 Spring Playoffs,Pyramid IV Esports,NextGeneration Esports,Pyramid IV Esports,"[""Karma"", ""Kennen"", ""Gwen"", ""Yunara"", ""Aphelios""]","[""Hecarim"", ""Ryze"", ""Aurora"", ""Tristana"", ""Caitlyn""]","[""Ornn"", ""Trundle"", ""Leona"", ""Jinx"", ""Hwei""]","[""Lulu"", ""Sejuani"", ""Shen"", ""Vayne"", ""LeBlanc""]",[],[],1,leaguepedia_cargo_patch_range,0
LCS/2026 Season/Spring Season_Week 7_1_1,2026-05-16 20:08:00,26.10,LCS 2026 Spring,Cloud9,Team Liquid,Cloud9,"[""Cassiopeia"", ""Annie"", ""Seraphine"", ""Ambessa"", ""Bard""]","[""Karma"", ""Orianna"", ""Lucian"", ""Vi"", ""Nocturne""]","[""Rumble"", ""Yone"", ""Ezreal"", ""Pantheon"", ""Neeko""]","[""Varus"", ""Jarvan IV"", ""Twisted Fate"", ""Aurora"", ""Nautilus""]",[],[],1,leaguepedia_cargo_patch_range,0
LCS/2026 Season/Spring Season_Week 7_1_2,2026-05-16 21:09:00,26.10,LCS 2026 Spring,Cloud9,Team Liquid,Cloud9,"[""Cassiopeia"", ""Ziggs"", ""Bard"", ""Wukong"", ""Gnar""]","[""Orianna"", ""Lucian"", ""Lee Sin"", ""Jayce"", ""Naafiri""]","[""Karma"", ""Caitlyn"", ""Ryze"", ""Xin Zhao"", ""Renekton""]","[""Ashe"", ""Seraphine"", ""Annie"", ""Nocturne"", ""Sion""]",[],[],1,leaguepedia_cargo_patch_range,0
LCS/2026 Season/Spring Season_Week 7_2_1,2026-05-16 22:00:00,26.10,LCS 2026 Spring,Shopify Rebellion,Disguised,Shopify Rebellion,"[""Varus"", ""Akali"", ""Ryze"", ""Ornn"", ""Taliyah""]","[""Karma"", ""Jarvan IV"", ""Orianna"", ""Shen"", ""Nocturne""]","[""Rumble"", ""Lucian"", ""Milio"", ""Olaf"", ""Annie""]","[""Ashe"", ""Seraphine"", ""Vi"", ""K'Sante"", ""Cassiopeia""]",[],[],1,leaguepedia_cargo_patch_range,0
LCS/2026 Season/Spring Season_Week 7_2_2,2026-05-16 22:52:00,26.10,LCS 2026 Spring,Shopify Rebellion,Disguised,Shopify Rebellion,"[""Nocturne"", ""Jarvan IV"", ""Nautilus"", ""Yorick"", ""Aurora""]","[""Karma"", ""Orianna"", ""Varus"", ""Taliyah"", ""Viktor""]","[""Bard"", ""Caitlyn"", ""Pantheon"", ""Twisted Fate"", ""Jayce""]","[""Ezreal"", ""Neeko"", ""Wukong"", ""Anivia"", ""Sion""]",[],[],1,leaguepedia_cargo_patch_range,0
LCK Academy Series/2026 Season/1st Championship Playoffs_Round 3_2_1,2026-05-17 05:15:00,26.09,LCK AS 2026 1st Championship Playoffs,Gen.G Scholars,T1 Esports Academy Rookies,T1 Esports Academy Rookies,"[""Varus"", ""Caitlyn"", ""Nocturne"", ""Galio"", ""Cassiopeia""]","[""Rumble"", ""Orianna"", ""Karma"", ""Vayne"", ""Viktor""]","[""Jarvan IV"", ""Ashe"", ""Seraphine"", ""Shen"", ""Ryze""]","[""Lucian"", ""Milio"", ""Xin Zhao"", ""Sion"", ""Annie""]",[],[],0,leaguepedia_cargo_patch_range,1
LCK Academy Series/2026 Season/1st Championship Playoffs_Round 3_2_2,2026-05-17 06:09:00,26.09,LCK AS 2026 1st Championship Playoffs,Gen.G Scholars,T1 Esports Academy Rookies,T1 Esports Academy Rookies,"[""Varus"", ""Caitlyn"", ""Nocturne"", ""Galio"", ""K'Sante""]","[""Rumble"", ""Orianna"", ""Karma"", ""Twisted Fate"", ""Aurora""]","[""Ezreal"", ""Pantheon"", ""Nami"", ""Cassiopeia"", ""Renekton""]","[""Lulu"", ""Naafiri"", ""Yunara"", ""Akali"", ""Gnar""]",[],[],0,leaguepedia_cargo_patch_range,1
LCK Academy Series/2026 Season/1st Championship Playoffs_Round 3_2_3,2026-05-17 06:56:00,26.09,LCK AS 2026 1st Championship Playoffs,T1 Esports Academy Rookies,Gen.G Scholars,T1 Esports Academy Rookies,"[""Varus"", ""Nocturne"", ""Orianna"", ""Bard"", ""Renata Glasc""]","[""Rumble"", ""Karma"", ""Caitlyn"", ""Ziggs"", ""Neeko""]","[""Jayce"", ""Vi"", ""Ahri"", ""Rell"", ""Draven""]","[""Lee Sin"", ""Aurora"", ""Yorick"", ""Nautilus"", ""Miss Fortune""]",[],[],1,leaguepedia_cargo_patch_range,0
LCK/2026 Season/Rounds 1-2_Week 7_9_1,2026-05-17 08:06:00,26.09,LCK 2026 Rounds 1-2,KT Rolster,Hanwha Life Esports,KT Rolster,"[""Varus"", ""Ezreal"", ""Annie"", ""Xin Zhao"", ""Trundle""]","[""Orianna"", ""Rumble"", ""Bard"", ""Akali"", ""Aurora""]","[""Jarvan IV"", ""Miss Fortune"", ""Nautilus"", ""Azir"", ""Sion""]","[""Karma"", ""Cassiopeia"", ""Sivir"", ""Pantheon"", ""Zaahen""]",[],[],1,leaguepedia_cargo_patch_range,0
Esports Series Madrid 2026/Split 1_Semifinals_1_1,2026-05-17 08:14:00,26.09,Esports Series Madrid 2026 Split 1,Madrid in Game,Babymonster,Babymonster,[],[],[],[],[],[],0,leaguepedia_cargo_patch_range,1
LCK Academy Series/2026 Season/1st Championship Playoffs_Finals_1_1,2026-05-17 08:16:00,26.09,LCK AS 2026 1st Championship Playoffs,Dplus Kia Youth,T1 Esports Academy Rookies,Dplus Kia Youth,"[""Varus"", ""Jarvan IV"", ""Ezreal"", ""Yorick"", ""Annie""]","[""Rumble"", ""Orianna"", ""Jayce"", ""Ziggs"", ""Cassiopeia""]","[""Nocturne"", ""Nautilus"", ""Gnar"", ""Viktor"", ""Jhin""]","[""Caitlyn"", ""Karma"", ""Aatrox"", ""Ryze"", ""Sion""]",[],[],1,leaguepedia_cargo_patch_range,0
LCK/2026 Season/Rounds 1-2_Week 7_9_2,2026-05-17 08:58:00,26.09,LCK 2026 Rounds 1-2,KT Rolster,Hanwha Life Esports,Hanwha Life Esports,"[""Varus"", ""Annie"", ""Ezreal"", ""Nocturne"", ""Yorick""]","[""Orianna"", ""Rumble"", ""Lucian"", ""Anivia"", ""Twisted Fate""]","[""Vi"", ""Ziggs"", ""Pyke"", ""Jayce"", ""Taliyah""]","[""Ashe"", ""Seraphine"", ""Ryze"", ""Lee Sin"", ""K'Sante""]",[],[],0,leaguepedia_cargo_patch_range,1
LCK Academy Series/2026 Season/1st Championship Playoffs_Finals_1_2,2026-05-17 09:05:00,26.09,LCK AS 2026 1st Championship Playoffs,Dplus Kia Youth,T1 Esports Academy Rookies,Dplus Kia Youth,"[""Varus"", ""Ezreal"", ""K'Sante"", ""Annie"", ""Twisted Fate""]","[""Rumble"", ""Orianna"", ""Jarvan IV"", ""Jayce"", ""Vayne""]","[""Xin Zhao"", ""Ashe"", ""Seraphine"", ""Aurora"", ""Zaahen""]","[""Yunara"", ""Lulu"", ""Trundle"", ""Renekton"", ""Akali""]",[],[],1,leaguepedia_cargo_patch_range,0
Esports Series Madrid 2026/Split 1_Semifinals_1_2,2026-05-17 09:11:00,26.09,Esports Series Madrid 2026 Split 1,Babymonster,Madrid in Game,Babymonster,[],[],[],[],[],[],1,leaguepedia_cargo_patch_range,0
LPL/2026 Season/Split 2_Week 7_11_1,2026-05-17 09:15:00,26.09,LPL 2026 Split 2,Invictus Gaming,JD Gaming,Invictus Gaming,"[""Xin Zhao"", ""Ezreal"", ""Varus"", ""Lee Sin"", ""Pantheon""]","[""Jarvan IV"", ""Orianna"", ""Nocturne"", ""Cassiopeia"", ""Ambessa""]","[""Vi"", ""Lucian"", ""Milio"", ""Sion"", ""Taliyah""]","[""Ashe"", ""Seraphine"", ""Ryze"", ""Rumble"", ""Naafiri""]",[],[],1,leaguepedia_cargo_patch_range,0
LCP/2026 Season/Split 2_Week 7_3_1,2026-05-17 09:19:00,26.10,LCP 2026 Split 2,DetonatioN FocusMe,Team Secret Whales,Team Secret Whales,"[""Ezreal"", ""Varus"", ""Nautilus"", ""Lulu"", ""Karma""]","[""Ashe"", ""Nocturne"", ""Caitlyn"", ""Lee Sin"", ""Xin Zhao""]","[""Orianna"", ""Lucian"", ""Milio"", ""K'Sante"", ""Wukong""]","[""Rumble"", ""Jarvan IV"", ""Akali"", ""Seraphine"", ""Senna""]",[],[],0,leaguepedia_cargo_patch_range,1
LCK/2026 Season/Rounds 1-2_Week 7_9_3,2026-05-17 09:48:00,26.09,LCK 2026 Rounds 1-2,KT Rolster,Hanwha Life Esports,KT Rolster,"[""Varus"", ""Caitlyn"", ""Gnar"", ""Shen"", ""Xin Zhao""]","[""Rumble"", ""Orianna"", ""Annie"", ""Zoe"", ""Akali""]","[""Lucian"", ""Renekton"", ""Nami"", ""Skarner"", ""Viktor""]","[""Milio"", ""Aurora"", ""Draven"", ""Nocturne"", ""Olaf""]",[],[],1,leaguepedia_cargo_patch_range,0
LCK Academy Series/2026 Season/1st Championship Playoffs_Finals_1_3,2026-05-17 10:03:00,26.09,LCK AS 2026 1st Championship Playoffs,Dplus Kia Youth,T1 Esports Academy Rookies,T1 Esports Academy Rookies,"[""Varus"", ""Ezreal"", ""Lucian"", ""Draven"", ""Nami""]","[""Rumble"", ""Orianna"", ""Aphelios"", ""Smolder"", ""Bard""]","[""Annie"", ""Naafiri"", ""Ambessa"", ""Xayah"", ""Rakan""]","[""Jarvan IV"", ""Galio"", ""Gwen"", ""Neeko"", ""Corki""]",[],[],0,leaguepedia_cargo_patch_range,1
Nexus League/2026 Season/Spring Split_Week 6_5_1,2026-05-17 10:05:00,26.09,Nexus League 2026 Spring,Lausanne-Sport Esports,Zephyr Esport,Zephyr Esport,"[""Varus"", ""Nautilus"", ""Zoe"", ""Syndra"", ""Vayne""]","[""Bard"", ""Pantheon"", ""Orianna"", ""Xin Zhao"", ""Naafiri""]","[""Karma"", ""Caitlyn"", ""Viktor"", ""Lee Sin"", ""Gnar""]","[""Ezreal"", ""Nami"", ""Jarvan IV"", ""LeBlanc"", ""Jayce""]",[],[],0,leaguepedia_cargo_patch_range,1
Hitpoint Masters/2026 Season/Spring Split_Week 4_5_1,2026-05-17 10:10:00,26.10,Hitpoint Masters 2026 Spring,Onion Team,CITA Kaizen,CITA Kaizen,"[""Bel'Veth"", ""Irelia"", ""Rumble"", ""Karthus"", ""Lee Sin""]","[""Kog'Maw"", ""Anivia"", ""Xerath"", ""Nautilus"", ""Neeko""]","[""Orianna"", ""Wukong"", ""Kai'Sa"", ""Rell"", ""Mordekaiser""]","[""Akali"", ""Yunara"", ""Lulu"", ""Xin Zhao"", ""Gnar""]",[],[],0,leaguepedia_cargo_patch_range,1
Esports Series Madrid 2026/Split 1_Semifinals_2_1,2026-05-17 10:15:00,26.09,Esports Series Madrid 2026 Split 1,La Tropa Goofy,Madriz city,Madriz city,[],[],[],[],[],[],0,leaguepedia_cargo_patch_range,1
LCP/2026 Season/Split 2_Week 7_3_2,2026-05-17 10:19:00,26.10,LCP 2026 Split 2,Team Secret Whales,DetonatioN FocusMe,DetonatioN FocusMe,"[""Cassiopeia"", ""Nocturne"", ""Nautilus"", ""Caitlyn"", ""Sion""]","[""Varus"", ""Ezreal"", ""Pantheon"", ""Annie"", ""Aurora""]","[""Karma"", ""Xin Zhao"", ""Jhin"", ""Renekton"", ""Twisted Fate""]","[""Lee Sin"", ""Bard"", ""Ryze"", ""Miss Fortune"", ""Zaahen""]",[],[],0,leaguepedia_cargo_patch_range,1
LPL/2026 Season/Split 2_Week 7_11_2,2026-05-17 10:19:00,26.09,LPL 2026 Split 2,Invictus Gaming,JD Gaming,JD Gaming,"[""Varus"", ""Ezreal"", ""Xin Zhao"", ""Bard"", ""Lulu""]","[""Jarvan IV"", ""Nocturne"", ""Orianna"", ""Jayce"", ""Skarner""]","[""Cassiopeia"", ""Jhin"", ""Karma"", ""Trundle"", ""K'Sante""]","[""Akali"", ""Pantheon"", ""Renekton"", ""Corki"", ""Nami""]",[],[],0,leaguepedia_cargo_patch_range,1
Hitpoint Masters/2026 Season/Spring Split_Week 4_5_2,2026-05-17 10:56:00,26.10,Hitpoint Masters 2026 Spring,Onion Team,CITA Kaizen,CITA Kaizen,"[""Bel'Veth"", ""Irelia"", ""Rumble"", ""Karma"", ""Braum""]","[""Kog'Maw"", ""Anivia"", ""Xerath"", ""Dr. Mundo"", ""Sion""]","[""Varus"", ""Nautilus"", ""Jinx"", ""Trundle"", ""Renekton""]","[""Ryze"", ""Ezreal"", ""Lee Sin"", ""Leona"", ""Yorick""]",[],[],0,leaguepedia_cargo_patch_range,1
LCK Academy Series/2026 Season/1st Championship Playoffs_Finals_1_4,2026-05-17 10:56:00,26.09,LCK AS 2026 1st Championship Playoffs,T1 Esports Academy Rookies,Dplus Kia Youth,T1 Esports Academy Rookies,"[""Pantheon"", ""Vi"", ""Orianna"", ""Pyke"", ""Aphelios""]","[""Rumble"", ""Lucian"", ""Varus"", ""Yone"", ""Twisted Fate""]","[""Jayce"", ""Ezreal"", ""Bard"", ""Nidalee"", ""Jax""]","[""Skarner"", ""Yorick"", ""Azir"", ""Rell"", ""Kai'Sa""]",[],[],1,leaguepedia_cargo_patch_range,0
LCK/2026 Season/Rounds 1-2_Week 7_10_1,2026-05-17 11:06:00,26.09,LCK 2026 Rounds 1-2,HANJIN BRION,Kiwoom DRX,HANJIN BRION,"[""Varus"", ""Jayce"", ""Vayne"", ""Sion"", ""Gnar""]","[""Orianna"", ""Rumble"", ""Jarvan IV"", ""Caitlyn"", ""Sivir""]","[""Karma"", ""Lee Sin"", ""Annie"", ""Miss Fortune"", ""K'Sante""]","[""Ezreal"", ""Cassiopeia"", ""Xin Zhao"", ""Renekton"", ""Bard""]",[],[],1,leaguepedia_cargo_patch_range,0
Esports Series Madrid 2026/Split 1_Semifinals_2_2,2026-05-17 11:11:00,26.09,Esports Series Madrid 2026 Split 1,Madriz city,La Tropa Goofy,La Tropa Goofy,[],[],[],[],[],[],0,leaguepedia_cargo_patch_range,1
LPL/2026 Season/Split 2_Week 7_11_3,2026-05-17 11:15:00,26.09,LPL 2026 Split 2,JD Gaming,Invictus Gaming,JD Gaming,"[""Twisted Fate"", ""Annie"", ""Orianna"", ""Vayne"", ""Aurora""]","[""Jarvan IV"", ""Varus"", ""Nocturne"", ""LeBlanc"", ""Azir""]","[""Xin Zhao"", ""Ezreal"", ""Neeko"", ""Gnar"", ""Sylas""]","[""Caitlyn"", ""Skarner"", ""Bard"", ""Viktor"", ""Tristana""]",[],[],1,leaguepedia_cargo_patch_range,0
Nexus League/2026 Season/Spring Split_Week 6_6_1,2026-05-17 11:16:00,26.09,Nexus League 2026 Spring,Project Conquerors,Galions Sharks,Galions Sharks,"[""Jarvan IV"", ""Ezreal"", ""Varus"", ""Karma"", ""Seraphine""]","[""Orianna"", ""Nocturne"", ""Miss Fortune"", ""Corki"", ""Kog'Maw""]","[""Viktor"", ""Skarner"", ""Rumble"", ""Nautilus"", ""Caitlyn""]","[""Xin Zhao"", ""Hwei"", ""Sion"", ""Jhin"", ""Leona""]",[],[],0,leaguepedia_cargo_patch_range,1
LCP/2026 Season/Split 2_Week 7_3_3,2026-05-17 11:17:00,26.10,LCP 2026 Split 2,DetonatioN FocusMe,Team Secret Whales,Team Secret Whales,"[""Ezreal"", ""Varus"", ""Ambessa"", ""Kai'Sa"", ""Ziggs""]","[""Nocturne"", ""Pantheon"", ""Cassiopeia"", ""Naafiri"", ""Trundle""]","[""Annie"", ""Yunara"", ""Lulu"", ""Sion"", ""Skarner""]","[""Ahri"", ""Nautilus"", ""Vi"", ""Zeri"", ""Sett""]",[],[],0,leaguepedia_cargo_patch_range,1
LCK Academy Series/2026 Season/1st Championship Playoffs_Finals_1_5,2026-05-17 11:41:00,26.09,LCK AS 2026 1st Championship Playoffs,Dplus Kia Youth,T1 Esports Academy Rookies,Dplus Kia Youth,"[""Lucian"", ""Wukong"", ""Pantheon"", ""Draven"", ""Pyke""]","[""Rumble"", ""Orianna"", ""Varus"", ""Thresh"", ""Milio""]","[""Vi"", ""Vladimir"", ""Aphelios"", ""Yone"", ""Alistar""]","[""Ahri"", ""Viego"", ""Anivia"", ""Jinx"", ""Poppy""]",[],[],1,leaguepedia_cargo_patch_range,0
Hitpoint Masters/2026 Season/Spring Split_Week 4_6_1,2026-05-17 11:52:00,26.10,Hitpoint Masters 2026 Spring,Nightbirds,Bohemian Guardians,Nightbirds,"[""Naafiri"", ""Varus"", ""Ezreal"", ""Ashe"", ""Bard""]","[""Orianna"", ""Jayce"", ""Rumble"", ""Yunara"", ""Lulu""]","[""Syndra"", ""Wukong"", ""Renekton"", ""Tristana"", ""Nautilus""]","[""Ambessa"", ""Akali"", ""Gnar"", ""Lucian"", ""Braum""]",[],[],1,leaguepedia_cargo_patch_range,0
Esports Series Madrid 2026/Split 1_Semifinals_2_3,2026-05-17 11:57:00,26.09,Esports Series Madrid 2026 Split 1,Madriz city,La Tropa Goofy,La Tropa Goofy,[],[],[],[],[],[],0,leaguepedia_cargo_patch_range,1
LCK/2026 Season/Rounds 1-2_Week 7_10_2,2026-05-17 12:10:00,26.09,LCK 2026 Rounds 1-2,HANJIN BRION,Kiwoom DRX,Kiwoom DRX,"[""Varus"", ""Jayce"", ""Ashe"", ""Vayne"", ""Twisted Fate""]","[""Orianna"", ""Rumble"", ""Jarvan IV"", ""Lulu"", ""Caitlyn""]","[""Ryze"", ""Vi"", ""Gnar"", ""Yunara"", ""Nautilus""]","[""Lucian"", ""Milio"", ""Nocturne"", ""Anivia"", ""Sion""]",[],[],0,leaguepedia_cargo_patch_range,1
Nexus League/2026 Season/Spring Split_Week 6_7_1,2026-05-17 12:15:00,26.09,Nexus League 2026 Spring,Caldya Esport,Karmine Corp Blue Stars,Karmine Corp Blue Stars,"[""Pantheon"", ""Jarvan IV"", ""Ezreal"", ""Gwen"", ""Irelia""]","[""Orianna"", ""Nocturne"", ""Corki"", ""Nautilus"", ""Rakan""]","[""Ahri"", ""Vi"", ""Smolder"", ""Sion"", ""Nami""]","[""Varus"", ""Ryze"", ""Skarner"", ""Bard"", ""Jhin""]",[],[],0,leaguepedia_cargo_patch_range,1
LCP/2026 Season/Split 2_Week 7_4_1,2026-05-17 12:17:00,26.10,LCP 2026 Split 2,CTBC Flying Oyster,GAM Esports,CTBC Flying Oyster,"[""Varus"", ""Ryze"", ""Jarvan IV"", ""K'Sante"", ""Annie""]","[""Orianna"", ""Xin Zhao"", ""Nocturne"", ""Vi"", ""Wukong""]","[""Ezreal"", ""Nautilus"", ""Rumble"", ""Naafiri"", ""Cassiopeia""]","[""Karma"", ""Lee Sin"", ""Sivir"", ""Ambessa"", ""Akali""]",[],[],1,leaguepedia_cargo_patch_range,0
LPL/2026 Season/Split 2_Week 7_12_1,2026-05-17 12:31:00,26.09,LPL 2026 Split 2,Bilibili Gaming,Anyone's Legend,Bilibili Gaming,"[""Varus"", ""Seraphine"", ""Cassiopeia"", ""Lucian"", ""Bard""]","[""Orianna"", ""Jarvan IV"", ""Ezreal"", ""Caitlyn"", ""Ziggs""]","[""Vi"", ""Ambessa"", ""Twisted Fate"", ""Jhin"", ""Karma""]","[""Ryze"", ""Rumble"", ""Naafiri"", ""Corki"", ""Nautilus""]",[],[],1,leaguepedia_cargo_patch_range,0
Hitpoint Masters/2026 Season/Spring Split_Week 4_6_2,2026-05-17 12:45:00,26.10,Hitpoint Masters 2026 Spring,Bohemian Guardians,Nightbirds,Nightbirds,"[""Orianna"", ""Jayce"", ""Dr. Mundo"", ""Bard"", ""Lulu""]","[""Karma"", ""Ezreal"", ""Naafiri"", ""Yone"", ""Caitlyn""]","[""Rumble"", ""Sejuani"", ""Neeko"", ""Ashe"", ""Irelia""]","[""Varus"", ""Jarvan IV"", ""Annie"", ""Zeri"", ""Yuumi""]",[],[],0,leaguepedia_cargo_patch_range,1
LCK/2026 Season/Rounds 1-2_Week 7_10_3,2026-05-17 13:04:00,26.09,LCK 2026 Rounds 1-2,Kiwoom DRX,HANJIN BRION,Kiwoom DRX,"[""Varus"", ""Ashe"", ""Skarner"", ""Leona"", ""Twisted Fate""]","[""Rumble"", ""Orianna"", ""Neeko"", ""Pantheon"", ""Naafiri""]","[""Caitlyn"", ""Jayce"", ""Elise"", ""Poppy"", ""Viktor""]","[""Jarvan IV"", ""Jhin"", ""Yorick"", ""Alistar"", ""Taliyah""]",[],[],1,leaguepedia_cargo_patch_range,0
LCP/2026 Season/Split 2_Week 7_4_2,2026-05-17 13:06:00,26.10,LCP 2026 Split 2,CTBC Flying Oyster,GAM Esports,GAM Esports,"[""Xin Zhao"", ""Sion"", ""Orianna"", ""Annie"", ""Vi""]","[""Jarvan IV"", ""Varus"", ""Ryze"", ""Galio"", ""Mel""]","[""Nocturne"", ""Yunara"", ""Lulu"", ""Ahri"", ""Yorick""]","[""Jayce"", ""Lucian"", ""Milio"", ""Aurora"", ""Renekton""]",[],[],0,leaguepedia_cargo_patch_range,1
Nexus League/2026 Season/Spring Split_Week 6_8_1,2026-05-17 13:08:00,26.09,Nexus League 2026 Spring,Crystal Rose (French Team),Lille Esport,Lille Esport,"[""Seraphine"", ""Ezreal"", ""Xin Zhao"", ""Nocturne"", ""K'Sante""]","[""Karma"", ""Orianna"", ""Varus"", ""Viktor"", ""Aurelion Sol""]","[""Aatrox"", ""Senna"", ""Nautilus"", ""Lee Sin"", ""Annie""]","[""Corki"", ""Nami"", ""Ryze"", ""Wukong"", ""Renekton""]",[],[],0,leaguepedia_cargo_patch_range,1
Prime League 2nd Division/2026 Season/Spring Split_Week 3_9_1,2026-05-17 13:11:00,26.09,PRM 2nd Division 25-26 Spring,LOOKSMAXXER,regnum4games,regnum4games,[],[],[],[],[],[],0,leaguepedia_cargo_patch_range,1
Prime League 2nd Division/2026 Season/Spring Split_Week 3_10_1,2026-05-17 13:14:00,26.09,PRM 2nd Division 25-26 Spring,PvB (Swiss Team),TeamOrangeGaming Academy,PvB (Swiss Team),[],[],[],[],[],[],1,leaguepedia_cargo_patch_range,0
Hitpoint Masters/2026 Season/Spring Split_Week 4_7_1,2026-05-17 13:35:00,26.10,Hitpoint Masters 2026 Spring,eSuba,BRUTE,eSuba,"[""Jarvan IV"", ""Renekton"", ""Seraphine"", ""Annie"", ""Taliyah""]","[""Rumble"", ""Ezreal"", ""Orianna"", ""Syndra"", ""Varus""]","[""Ambessa"", ""Talon"", ""Nautilus"", ""Twitch"", ""LeBlanc""]","[""Karma"", ""Kindred"", ""Gnar"", ""Pyke"", ""Ahri""]",[],[],1,leaguepedia_cargo_patch_range,0
LPL/2026 Season/Split 2_Week 7_12_2,2026-05-17 13:35:00,26.09,LPL 2026 Split 2,Anyone's Legend,Bilibili Gaming,Bilibili Gaming,"[""Seraphine"", ""Nocturne"", ""Cassiopeia"", ""Vayne"", ""Sion""]","[""Orianna"", ""Jarvan IV"", ""Varus"", ""Jayce"", ""Lee Sin""]","[""Annie"", ""Lucian"", ""Milio"", ""Gnar"", ""Poppy""]","[""Ezreal"", ""Bard"", ""Akali"", ""Pantheon"", ""Yorick""]",[],[],0,leaguepedia_cargo_patch_range,1
LCP/2026 Season/Split 2_Week 7_4_3,2026-05-17 13:56:00,26.10,LCP 2026 Split 2,CTBC Flying Oyster,GAM Esports,GAM Esports,"[""Bard"", ""Ryze"", ""Varus"", ""Gnar"", ""Annie""]","[""Orianna"", ""Xin Zhao"", ""Vi"", ""Vayne"", ""Taliyah""]","[""Jarvan IV"", ""Caitlyn"", ""Neeko"", ""Mel"", ""Sion""]","[""Pantheon"", ""Jhin"", ""Pyke"", ""Twisted Fate"", ""Gwen""]",[],[],0,leaguepedia_cargo_patch_range,1
Prime League 2nd Division/2026 Season/Spring Split_Week 3_9_2,2026-05-17 13:56:00,26.09,PRM 2nd Division 25-26 Spring,regnum4games,LOOKSMAXXER,regnum4games,[],[],[],[],[],[],1,leaguepedia_cargo_patch_range,0
Hitpoint Masters/2026 Season/Spring Split_Week 4_7_2,2026-05-17 14:16:00,26.10,Hitpoint Masters 2026 Spring,eSuba,BRUTE,eSuba,"[""Jarvan IV"", ""Bard"", ""Annie"", ""Syndra"", ""Viktor""]","[""Rumble"", ""Ezreal"", ""Orianna"", ""Nocturne"", ""Qiyana""]","[""Zeri"", ""Zyra"", ""Caitlyn"", ""Anivia"", ""Nasus""]","[""Pantheon"", ""Smolder"", ""Rakan"", ""Vladimir"", ""Hwei""]",[],[],1,leaguepedia_cargo_patch_range,0
Prime League 2nd Division/2026 Season/Spring Split_Week 3_10_2,2026-05-17 14:21:00,26.09,PRM 2nd Division 25-26 Spring,TeamOrangeGaming Academy,PvB (Swiss Team),TeamOrangeGaming Academy,[],[],[],[],[],[],1,leaguepedia_cargo_patch_range,0
Esports World Cup 2026/Online Qualifiers/EMEA_Round 6_2_1,2026-05-17 15:05:00,26.09,Esports World Cup 2026 Online Qualifier: EMEA,Movistar KOI,Karmine Corp,Movistar KOI,"[""Nautilus"", ""Vi"", ""Jarvan IV"", ""Cassiopeia"", ""Jax""]","[""Orianna"", ""Rumble"", ""Akali"", ""Kai'Sa"", ""Neeko""]","[""Anivia"", ""Varus"", ""Nocturne"", ""Sivir"", ""Rakan""]","[""Bard"", ""Pantheon"", ""Ezreal"", ""Aurora"", ""Ahri""]",[],[],1,leaguepedia_cargo_patch_range,0
Hitpoint Masters/2026 Season/Spring Split_Week 4_8_1,2026-05-17 15:10:00,26.10,Hitpoint Masters 2026 Spring,Meavedron,EXILE esports,Meavedron,"[""Anivia"", ""Smolder"", ""Ambessa"", ""Akali"", ""Syndra""]","[""Jarvan IV"", ""Karma"", ""Ezreal"", ""Ahri"", ""Orianna""]","[""Fiora"", ""Wukong"", ""Viktor"", ""Varus"", ""Nautilus""]","[""Renekton"", ""Xin Zhao"", ""Xerath"", ""Ashe"", ""Seraphine""]",[],[],1,leaguepedia_cargo_patch_range,0
Prime League 2nd Division/2026 Season/Spring Split_Week 3_10_3,2026-05-17 15:14:00,26.09,PRM 2nd Division 25-26 Spring,TeamOrangeGaming Academy,PvB (Swiss Team),PvB (Swiss Team),[],[],[],[],[],[],0,leaguepedia_cargo_patch_range,1
Prime League 2nd Division/2026 Season/Spring Split_Week 3_11_1,2026-05-17 15:44:00,26.09,PRM 2nd Division 25-26 Spring,Hannover Esports e.V.,Team Rift,Hannover Esports e.V.,[],[],[],[],[],[],1,leaguepedia_cargo_patch_range,0
Prime League 2nd Division/2026 Season/Spring Split_Week 3_12_1,2026-05-17 15:47:00,26.09,PRM 2nd Division 25-26 Spring,Circus Kittens,AceGaming,AceGaming,[],[],[],[],[],[],0,leaguepedia_cargo_patch_range,1
Esports World Cup 2026/Online Qualifiers/EMEA_Round 6_2_2,2026-05-17 15:54:00,26.09,Esports World Cup 2026 Online Qualifier: EMEA,Movistar KOI,Karmine Corp,Karmine Corp,"[""Nautilus"", ""Annie"", ""Syndra"", ""Lulu"", ""Milio""]","[""Orianna"", ""Rumble"", ""Jarvan IV"", ""Xin Zhao"", ""Trundle""]","[""Seraphine"", ""Miss Fortune"", ""Cassiopeia"", ""Olaf"", ""Sion""]","[""Ashe"", ""Vi"", ""Taliyah"", ""Vel'Koz"", ""Yone""]",[],[],0,leaguepedia_cargo_patch_range,1
CBLOL/2026 Season/Split 1 Playoffs_Round 2_2_1,2026-05-17 16:11:00,26.10,CBLOL 2026 Split 1 Playoffs,LOUD,FURIA,FURIA,"[""Jarvan IV"", ""Karma"", ""Pantheon"", ""Xin Zhao"", ""Zaahen""]","[""Naafiri"", ""Nocturne"", ""Lucian"", ""Akali"", ""Ahri""]","[""Ashe"", ""Seraphine"", ""Vi"", ""Aurora"", ""Rumble""]","[""Orianna"", ""Ezreal"", ""Bard"", ""Olaf"", ""Ornn""]",[],[],0,leaguepedia_cargo_patch_range,1
Hitpoint Masters/2026 Season/Spring Split_Week 4_8_2,2026-05-17 16:18:00,26.10,Hitpoint Masters 2026 Spring,EXILE esports,Meavedron,Meavedron,"[""Jarvan IV"", ""Nocturne"", ""Karma"", ""Syndra"", ""Hwei""]","[""Anivia"", ""Smolder"", ""Orianna"", ""Pantheon"", ""Vi""]","[""Singed"", ""Trundle"", ""Ahri"", ""Yunara"", ""Lulu""]","[""Ambessa"", ""Viego"", ""Veigar"", ""Draven"", ""Leona""]",[],[],0,leaguepedia_cargo_patch_range,1
Prime League 2nd Division/2026 Season/Spring Split_Week 3_11_2,2026-05-17 16:38:00,26.09,PRM 2nd Division 25-26 Spring,Hannover Esports e.V.,Team Rift,Hannover Esports e.V.,[],[],[],[],[],[],1,leaguepedia_cargo_patch_range,0
Esports World Cup 2026/Online Qualifiers/EMEA_Round 6_2_3,2026-05-17 16:51:00,26.09,Esports World Cup 2026 Online Qualifier: EMEA,Karmine Corp,Movistar KOI,Karmine Corp,"[""Nautilus"", ""Akali"", ""Kalista"", ""Azir"", ""Xin Zhao""]","[""Annie"", ""Orianna"", ""Milio"", ""Nami"", ""Neeko""]","[""Jarvan IV"", ""Rumble"", ""Ryze"", ""Caitlyn"", ""Janna""]","[""Lulu"", ""Yunara"", ""Galio"", ""Naafiri"", ""Twisted Fate""]",[],[],1,leaguepedia_cargo_patch_range,0
Prime League 2nd Division/2026 Season/Spring Split_Week 3_12_2,2026-05-17 16:53:00,26.09,PRM 2nd Division 25-26 Spring,AceGaming,Circus Kittens,AceGaming,[],[],[],[],[],[],1,leaguepedia_cargo_patch_range,0
CBLOL/2026 Season/Split 1 Playoffs_Round 2_2_2,2026-05-17 17:02:00,26.10,CBLOL 2026 Split 1 Playoffs,FURIA,LOUD,FURIA,"[""Naafiri"", ""Nocturne"", ""Nautilus"", ""Vayne"", ""Trundle""]","[""Pantheon"", ""Jarvan IV"", ""Varus"", ""Zaahen"", ""Gnar""]","[""Milio"", ""Ryze"", ""Lucian"", ""Ambessa"", ""Skarner""]","[""Caitlyn"", ""Karma"", ""Annie"", ""K'Sante"", ""Lee Sin""]",[],[],1,leaguepedia_cargo_patch_range,0
LIT/2026 Season/Summer Promotion_Round 3_3_1,2026-05-17 17:13:00,26.10,LIT 2026 Summer Promotion,StoneHenge Esports Academy,DECOY 21,DECOY 21,[],[],[],[],[],[],0,leaguepedia_cargo_patch_range,1
LIT/2026 Season/Summer Promotion_Semifinals_1_1,2026-05-17 17:17:00,26.10,LIT 2026 Summer Promotion,Epitomy Esports,StoneHenge Esports,Epitomy Esports,"[""Gragas"", ""Cho'Gath"", ""Xin Zhao"", ""Nocturne"", ""Rumble""]","[""Sion"", ""Jarvan IV"", ""Ezreal"", ""Vi"", ""Zaahen""]","[""Varus"", ""Mel"", ""Nautilus"", ""Olaf"", ""Malphite""]","[""Seraphine"", ""Ashe"", ""Braum"", ""Wukong"", ""Sylas""]",[],[],1,leaguepedia_cargo_patch_range,0
Esports World Cup 2026/Online Qualifiers/EMEA_Round 6_2_4,2026-05-17 17:47:00,26.09,Esports World Cup 2026 Online Qualifier: EMEA,Karmine Corp,Movistar KOI,Karmine Corp,"[""Annie"", ""Milio"", ""Nami"", ""Vayne"", ""Trundle""]","[""Orianna"", ""Akali"", ""Kalista"", ""Aphelios"", ""Jinx""]","[""Azir"", ""Rell"", ""Xin Zhao"", ""Tristana"", ""Shyvana""]","[""Nautilus"", ""Smolder"", ""Viktor"", ""Jax"", ""Gnar""]",[],[],1,leaguepedia_cargo_patch_range,0
CBLOL/2026 Season/Split 1 Playoffs_Round 2_2_3,2026-05-17 17:51:00,26.10,CBLOL 2026 Split 1 Playoffs,FURIA,LOUD,FURIA,"[""Naafiri"", ""Nocturne"", ""Nautilus"", ""LeBlanc"", ""Gwen""]","[""Pantheon"", ""Jarvan IV"", ""Varus"", ""Xin Zhao"", ""Aatrox""]","[""Lulu"", ""Cassiopeia"", ""Yunara"", ""Sion"", ""Rek'Sai""]","[""Nami"", ""Corki"", ""Qiyana"", ""Zoe"", ""Gnar""]",[],[],1,leaguepedia_cargo_patch_range,0
LIT/2026 Season/Summer Promotion_Round 3_3_2,2026-05-17 18:08:00,26.10,LIT 2026 Summer Promotion,DECOY 21,StoneHenge Esports Academy,DECOY 21,[],[],[],[],[],[],1,leaguepedia_cargo_patch_range,0
LIT/2026 Season/Summer Promotion_Semifinals_1_2,2026-05-17 18:08:00,26.10,LIT 2026 Summer Promotion,StoneHenge Esports,Epitomy Esports,Epitomy Esports,"[""Sion"", ""Jarvan IV"", ""Ezreal"", ""Vi"", ""Fiora""]","[""Gragas"", ""Cho'Gath"", ""Xin Zhao"", ""Nocturne"", ""Gnar""]","[""Karma"", ""Draven"", ""Pyke"", ""Nidalee"", ""Jayce""]","[""Hwei"", ""Rell"", ""Syndra"", ""Renekton"", ""Aatrox""]",[],[],0,leaguepedia_cargo_patch_range,1
LCS/2026 Season/Spring Season_Week 7_3_1,2026-05-17 20:07:00,26.10,LCS 2026 Spring,Dignitas,Sentinels,Sentinels,"[""Nocturne"", ""Varus"", ""Nautilus"", ""Akali"", ""Gwen""]","[""Orianna"", ""Karma"", ""Bard"", ""Rumble"", ""Cassiopeia""]","[""Jarvan IV"", ""Caitlyn"", ""Anivia"", ""Lux"", ""Sion""]","[""Lucian"", ""Milio"", ""Xin Zhao"", ""Ryze"", ""Shen""]",[],[],0,leaguepedia_cargo_patch_range,1
LCS/2026 Season/Spring Season_Week 7_3_2,2026-05-17 20:56:00,26.10,LCS 2026 Spring,Sentinels,Dignitas,Sentinels,"[""Nocturne"", ""Nautilus"", ""Pantheon"", ""Jayce"", ""Olaf""]","[""Orianna"", ""Rumble"", ""Karma"", ""Cassiopeia"", ""Viktor""]","[""Varus"", ""Bard"", ""Skarner"", ""Renekton"", ""Hwei""]","[""Naafiri"", ""Seraphine"", ""Ashe"", ""Annie"", ""Ornn""]",[],[],1,leaguepedia_cargo_patch_range,0
LCS/2026 Season/Spring Season_Week 7_4_1,2026-05-17 21:47:00,26.10,LCS 2026 Spring,LYON (2024 American Team),FlyQuest,FlyQuest,"[""Varus"", ""Xin Zhao"", ""Pantheon"", ""Akali"", ""Twisted Fate""]","[""Karma"", ""Jarvan IV"", ""Caitlyn"", ""Wukong"", ""Rumble""]","[""Orianna"", ""Senna"", ""Nautilus"", ""Ambessa"", ""Jayce""]","[""Nocturne"", ""Lucian"", ""Milio"", ""Sylas"", ""Sion""]",[],[],0,leaguepedia_cargo_patch_range,1
LCS/2026 Season/Spring Season_Week 7_4_2,2026-05-17 22:50:00,26.10,LCS 2026 Spring,FlyQuest,LYON (2024 American Team),LYON (2024 American Team),"[""Bard"", ""Pantheon"", ""Cassiopeia"", ""Ezreal"", ""Gnar""]","[""Karma"", ""Seraphine"", ""Varus"", ""Akali"", ""Ryze""]","[""Anivia"", ""Neeko"", ""Caitlyn"", ""Yone"", ""Sejuani""]","[""Nami"", ""Jarvan IV"", ""Viktor"", ""Corki"", ""K'Sante""]",[],[],0,leaguepedia_cargo_patch_range,1
LCS/2026 Season/Spring Season_Week 7_4_3,2026-05-17 23:43:00,26.10,LCS 2026 Spring,LYON (2024 American Team),FlyQuest,FlyQuest,"[""Pantheon"", ""Bard"", ""Twisted Fate"", ""Ryze"", ""Wukong""]","[""Varus"", ""Seraphine"", ""Karma"", ""Cassiopeia"", ""Xin Zhao""]","[""Lulu"", ""Rumble"", ""Aphelios"", ""Nasus"", ""Annie""]","[""Yunara"", ""Rakan"", ""Aurora"", ""Vi"", ""Yorick""]",[],[],0,leaguepedia_cargo_patch_range,1
LCK CL/2026 Season/Rounds 1-2_Week 8_1_1,2026-05-18 05:09:00,26.10,LCK CL 2026 Rounds 1-2,Dplus Kia Challengers,T1 Esports Academy,T1 Esports Academy,"[""Varus"", ""Ezreal"", ""Rumble"", ""Viktor"", ""Gnar""]","[""Jarvan IV"", ""Nocturne"", ""Karma"", ""Xin Zhao"", ""Skarner""]","[""Orianna"", ""Ashe"", ""Seraphine"", ""Sion"", ""Lee Sin""]","[""Bard"", ""Vi"", ""Caitlyn"", ""Annie"", ""Ambessa""]",[],[],0,leaguepedia_cargo_patch_range,1
LCK CL/2026 Season/Rounds 1-2_Week 8_1_2,2026-05-18 06:05:00,26.10,LCK CL 2026 Rounds 1-2,T1 Esports Academy,Dplus Kia Challengers,T1 Esports Academy,"[""Varus"", ""Lucian"", ""Jarvan IV"", ""Skarner"", ""Pantheon""]","[""Rumble"", ""Karma"", ""Nocturne"", ""Akali"", ""Azir""]","[""Xin Zhao"", ""Lulu"", ""Sivir"", ""Anivia"", ""Jayce""]","[""Neeko"", ""Ezreal"", ""Cassiopeia"", ""Trundle"", ""Yorick""]",[],[],1,leaguepedia_cargo_patch_range,0
LCK CL/2026 Season/Rounds 1-2_Week 8_2_1,2026-05-18 07:12:00,26.10,LCK CL 2026 Rounds 1-2,DN SOOPers Challengers,Kiwoom DRX Challengers,DN SOOPers Challengers,"[""Varus"", ""Karma"", ""Nocturne"", ""Lee Sin"", ""Vi""]","[""Rumble"", ""Orianna"", ""Bard"", ""Akali"", ""Anivia""]","[""Jarvan IV"", ""Caitlyn"", ""Lux"", ""Sion"", ""Syndra""]","[""Cassiopeia"", ""Lucian"", ""Milio"", ""Xin Zhao"", ""Gwen""]",[],[],1,leaguepedia_cargo_patch_range,0
Esports World Cup 2026/Online Qualifiers/Korea_Round 1_5_1,2026-05-18 08:06:00,26.10,Esports World Cup 2026 Online Qualifier: Korea,KT Rolster,HANJIN BRION,HANJIN BRION,"[""Varus"", ""Lee Sin"", ""Karma"", ""Nautilus"", ""Bard""]","[""Orianna"", ""Rumble"", ""Lucian"", ""Annie"", ""Yorick""]","[""Jarvan IV"", ""Ashe"", ""Seraphine"", ""Sion"", ""Aurora""]","[""Cassiopeia"", ""Pantheon"", ""Jayce"", ""Ezreal"", ""Neeko""]",[],[],0,leaguepedia_cargo_patch_range,1
LCK CL/2026 Season/Rounds 1-2_Week 8_2_2,2026-05-18 08:17:00,26.10,LCK CL 2026 Rounds 1-2,DN SOOPers Challengers,Kiwoom DRX Challengers,Kiwoom DRX Challengers,"[""Varus"", ""Karma"", ""Ryze"", ""Azir"", ""Vayne""]","[""Rumble"", ""Nocturne"", ""Neeko"", ""Trundle"", ""Lee Sin""]","[""Orianna"", ""Miss Fortune"", ""Nautilus"", ""Vi"", ""Olaf""]","[""Ashe"", ""Seraphine"", ""Skarner"", ""Viktor"", ""Gnar""]",[],[],0,leaguepedia_cargo_patch_range,1
Esports World Cup 2026/Online Qualifiers/Korea_Round 1_5_2,2026-05-18 09:04:00,26.10,Esports World Cup 2026 Online Qualifier: Korea,HANJIN BRION,KT Rolster,HANJIN BRION,"[""Varus"", ""Caitlyn"", ""Annie"", ""Gnar"", ""Xin Zhao""]","[""Orianna"", ""Lucian"", ""Rumble"", ""Anivia"", ""Vi""]","[""Karma"", ""Sivir"", ""Renekton"", ""Azir"", ""Skarner""]","[""Ryze"", ""Jhin"", ""Bard"", ""Zaahen"", ""Naafiri""]",[],[],1,leaguepedia_cargo_patch_range,0
LCK CL/2026 Season/Rounds 1-2_Week 8_2_3,2026-05-18 09:35:00,26.10,LCK CL 2026 Rounds 1-2,Kiwoom DRX Challengers,DN SOOPers Challengers,Kiwoom DRX Challengers,"[""Varus"", ""Karma"", ""Lee Sin"", ""Vayne"", ""Jayce""]","[""Rumble"", ""Nocturne"", ""Neeko"", ""Annie"", ""Twisted Fate""]","[""Lulu"", ""Naafiri"", ""Yunara"", ""K'Sante"", ""Galio""]","[""Bard"", ""Ezreal"", ""Ryze"", ""Renekton"", ""Wukong""]",[],[],1,leaguepedia_cargo_patch_range,0
Esports World Cup 2026/Online Qualifiers/Korea_Round 1_6_1,2026-05-18 10:10:00,26.10,Esports World Cup 2026 Online Qualifier: Korea,DN SOOPers,Nongshim RedForce,Nongshim RedForce,"[""Varus"", ""Vi"", ""Nautilus"", ""Ashe"", ""Neeko""]","[""Orianna"", ""Karma"", ""Jarvan IV"", ""Annie"", ""K'Sante""]","[""Lucian"", ""Milio"", ""Lee Sin"", ""Anivia"", ""Galio""]","[""Rumble"", ""Cassiopeia"", ""Wukong"", ""Yunara"", ""Lulu""]",[],[],0,leaguepedia_cargo_patch_range,1
LCK CL/2026 Season/Rounds 1-2_Week 8_3_1,2026-05-18 10:39:00,26.10,LCK CL 2026 Rounds 1-2,Gen.G Global Academy,Hanwha Life Esports Challengers,Hanwha Life Esports Challengers,"[""Varus"", ""Karma"", ""Cassiopeia"", ""Gwen"", ""Ryze""]","[""Rumble"", ""Orianna"", ""Bard"", ""Vayne"", ""Gnar""]","[""Jarvan IV"", ""Ezreal"", ""Neeko"", ""Ambessa"", ""Annie""]","[""Lucian"", ""Milio"", ""Nocturne"", ""Sion"", ""Akali""]",[],[],0,leaguepedia_cargo_patch_range,1
Esports World Cup 2026/Online Qualifiers/Korea_Round 1_6_2,2026-05-18 11:00:00,26.10,Esports World Cup 2026 Online Qualifier: Korea,DN SOOPers,Nongshim RedForce,Nongshim RedForce,"[""Varus"", ""Jarvan IV"", ""Nocturne"", ""Gwen"", ""Vayne""]","[""Karma"", ""Orianna"", ""Xin Zhao"", ""Vi"", ""Sion""]","[""Ryze"", ""Caitlyn"", ""Bard"", ""K'Sante"", ""Naafiri""]","[""Ashe"", ""Seraphine"", ""Twisted Fate"", ""Pantheon"", ""Gnar""]",[],[],0,leaguepedia_cargo_patch_range,1
LCK CL/2026 Season/Rounds 1-2_Week 8_3_2,2026-05-18 11:32:00,26.10,LCK CL 2026 Rounds 1-2,Hanwha Life Esports Challengers,Gen.G Global Academy,Hanwha Life Esports Challengers,"[""Cassiopeia"", ""Varus"", ""Karma"", ""Jayce"", ""Vayne""]","[""Orianna"", ""Rumble"", ""Bard"", ""Yorick"", ""Twisted Fate""]","[""Ashe"", ""Xin Zhao"", ""Seraphine"", ""Ryze"", ""Anivia""]","[""Mel"", ""Vi"", ""Nautilus"", ""Gnar"", ""Taliyah""]",[],[],1,leaguepedia_cargo_patch_range,0
Streamers Clash/Season 4_Day 1_1_1,2026-05-18 16:18:00,26.10,Streamers Clash Season 4,VEDICI DEEMONS,FREEZŮV WOLT DŮCHOĎÁK,VEDICI DEEMONS,"[""Yuumi"", ""Draven"", ""Seraphine"", ""Zaahen"", ""Xin Zhao""]","[""Aatrox"", ""Syndra"", ""Tristana"", ""Caitlyn""]","[""Nautilus"", ""Naafiri"", ""Orianna"", ""Kai'Sa"", ""Amumu""]","[""Mordekaiser"", ""Wukong"", ""Maokai"", ""Smolder"", ""Rell""]",[],[],1,leaguepedia_cargo_patch_range,0
Streamers Clash/Season 4_Day 1_2_1,2026-05-18 17:13:00,26.10,Streamers Clash Season 4,HERDYNŮV LANGUSTA TÝM,SPAJKOVI UKRADLI SUPERSTRIKE,HERDYNŮV LANGUSTA TÝM,"[""Udyr"", ""Jarvan IV"", ""Vayne"", ""Kog'Maw"", ""Zed""]","[""Viego"", ""Yuumi"", ""Seraphine"", ""Zaahen"", ""Viktor""]","[""Nautilus"", ""Mel"", ""Cho'Gath"", ""Gwen"", ""Tristana""]","[""Morgana"", ""Maokai"", ""Ornn"", ""Karthus"", ""Yone""]",[],[],1,leaguepedia_cargo_patch_range,0
Streamers Clash/Season 4_Day 1_3_1,2026-05-18 18:04:00,26.10,Streamers Clash Season 4,TYBLÁHO MEWING SOCIETY,NATÁLKY IMAGINÁRNÍ KAMARÁDI,NATÁLKY IMAGINÁRNÍ KAMARÁDI,"[""Vladimir"", ""Syndra"", ""Malphite"", ""Orianna"", ""Kassadin""]","[""Irelia"", ""Olaf"", ""Yuumi"", ""Zilean"", ""Ashe""]","[""Kayle"", ""Braum"", ""Skarner"", ""Galio"", ""Brand""]","[""Miss Fortune"", ""Nautilus"", ""Xin Zhao"", ""Nasus"", ""Ahri""]",[],[],0,leaguepedia_cargo_patch_range,1
Streamers Clash/Season 4_Day 1_4_1,2026-05-18 19:04:00,26.10,Streamers Clash Season 4,SILNĚJŠÍ SE XNAPYM,STOPERCENTNÁ KAMILOVA TUTOFKA,STOPERCENTNÁ KAMILOVA TUTOFKA,"[""Olaf"", ""Vayne"", ""Ambessa"", ""Seraphine"", ""Jarvan IV""]","[""Yone"", ""Malphite"", ""Smolder"", ""Akali"", ""Sylas""]","[""Ashe"", ""Nasus"", ""Zaahen"", ""Swain"", ""Nautilus""]","[""Gwen"", ""Yuumi"", ""Galio"", ""Malzahar"", ""Trundle""]",[],[],0,leaguepedia_cargo_patch_range,1
Circuito Desafiante/2026 Season/Split 1 Playoffs_Round 2_3_1,2026-05-18 20:02:00,26.10,CD 2026 Split 1 Playoffs,Estral Esports,RED Academy,Estral Esports,"[""Jarvan IV"", ""Lucian"", ""Varus"", ""Ryze"", ""Gwen""]","[""Rumble"", ""Orianna"", ""Ezreal"", ""Annie"", ""Twisted Fate""]","[""Nocturne"", ""Sivir"", ""Yuumi"", ""Sion"", ""Ahri""]","[""Caitlyn"", ""Karma"", ""Pantheon"", ""Aurora"", ""Gnar""]",[],[],1,leaguepedia_cargo_patch_range,0
Circuito Desafiante/2026 Season/Split 1 Playoffs_Round 2_3_2,2026-05-18 20:53:00,26.10,CD 2026 Split 1 Playoffs,Estral Esports,RED Academy,Estral Esports,"[""Rumble"", ""Ezreal"", ""Jarvan IV"", ""Vayne"", ""Twisted Fate""]","[""Orianna"", ""Varus"", ""Ryze"", ""Vi"", ""Annie""]","[""Lucian"", ""Milio"", ""Renekton"", ""Qiyana"", ""Anivia""]","[""Ashe"", ""Aatrox"", ""Seraphine"", ""Jax"", ""Syndra""]",[],[],1,leaguepedia_cargo_patch_range,0
Circuito Desafiante/2026 Season/Split 1 Playoffs_Round 2_3_3,2026-05-18 21:45:00,26.10,CD 2026 Split 1 Playoffs,Estral Esports,RED Academy,Estral Esports,"[""Ezreal"", ""Annie"", ""Varus"", ""Yorick"", ""Vayne""]","[""Orianna"", ""Jarvan IV"", ""Rumble"", ""Nautilus"", ""Kai'Sa""]","[""Vi"", ""Twisted Fate"", ""Azir"", ""Xayah"", ""Rakan""]","[""Ryze"", ""Lee Sin"", ""Bard"", ""Gwen"", ""Jhin""]",[],[],1,leaguepedia_cargo_patch_range,0
Liga Regional Norte/2026 Season/Split 1 Playoffs_Round 2_1_1,2026-05-18 23:15:00,26.10,LRN 2026 Split 1 Playoffs,SDM Tigres,Zeu5 Esports,SDM Tigres,"[""Vayne"", ""Karma"", ""Jarvan IV"", ""Nautilus"", ""Nami""]","[""Bard"", ""Smolder"", ""Seraphine"", ""Akali"", ""Ahri""]","[""Varus"", ""Xin Zhao"", ""Neeko"", ""Viktor"", ""Rumble""]","[""Nocturne"", ""Ezreal"", ""Orianna"", ""Rell"", ""K'Sante""]",[],[],1,leaguepedia_cargo_patch_range,0
Liga Regional Norte/2026 Season/Split 1 Playoffs_Round 2_1_2,2026-05-19 00:03:00,26.10,LRN 2026 Split 1 Playoffs,Zeu5 Esports,SDM Tigres,SDM Tigres,"[""Vayne"", ""Ryze"", ""Karma"", ""Gwen"", ""Ahri""]","[""Bard"", ""Smolder"", ""Seraphine"", ""Lulu"", ""Nautilus""]","[""Jarvan IV"", ""Aphelios"", ""Taliyah"", ""Sion"", ""Milio""]","[""Pantheon"", ""Lucian"", ""Nami"", ""Aurora"", ""Gnar""]",[],[],0,leaguepedia_cargo_patch_range,1
Liga Regional Norte/2026 Season/Split 1 Playoffs_Round 2_1_3,2026-05-19 00:59:00,26.10,LRN 2026 Split 1 Playoffs,Zeu5 Esports,SDM Tigres,SDM Tigres,"[""Bard"", ""Seraphine"", ""Smolder"", ""Renekton"", ""Vayne""]","[""Ryze"", ""Karma"", ""Sylas"", ""Wukong"", ""Yone""]","[""Ambessa"", ""Rakan"", ""Ziggs"", ""Vi"", ""Twisted Fate""]","[""Jhin"", ""Trundle"", ""Ahri"", ""Camille"", ""Shyvana""]",[],[],0,leaguepedia_cargo_patch_range,1
LCK CL/2026 Season/Rounds 1-2_Week 8_4_1,2026-05-19 08:02:00,26.10,LCK CL 2026 Rounds 1-2,BNK FEARX Youth,HANJIN BRION Challengers,BNK FEARX Youth,"[""Varus"", ""Karma"", ""Jarvan IV"", ""Cassiopeia"", ""Ryze""]","[""Rumble"", ""Orianna"", ""Nocturne"", ""Anivia"", ""Taliyah""]","[""Vi"", ""Zeri"", ""Lulu"", ""Viktor"", ""Sion""]","[""Lucian"", ""Milio"", ""Xin Zhao"", ""Annie"", ""Gwen""]",[],[],1,leaguepedia_cargo_patch_range,0
Esports World Cup 2026/Online Qualifiers/Korea_Round 2_3_1,2026-05-19 08:08:00,26.10,Esports World Cup 2026 Online Qualifier: Korea,HANJIN BRION,Hanwha Life Esports,Hanwha Life Esports,"[""Varus"", ""Ezreal"", ""Jarvan IV"", ""Aurora"", ""Ambessa""]","[""Orianna"", ""Rumble"", ""Vi"", ""Trundle"", ""Pantheon""]","[""Cassiopeia"", ""Jhin"", ""Bard"", ""Sion"", ""Lee Sin""]","[""Karma"", ""Caitlyn"", ""Xin Zhao"", ""Akali"", ""Gnar""]",[],[],0,leaguepedia_cargo_patch_range,1
Esports World Cup 2026/Online Qualifiers/Korea_Round 2_3_2,2026-05-19 08:58:00,26.10,Esports World Cup 2026 Online Qualifier: Korea,Hanwha Life Esports,HANJIN BRION,Hanwha Life Esports,"[""Varus"", ""Vi"", ""Lucian"", ""Yorick"", ""Annie""]","[""Orianna"", ""Rumble"", ""Ezreal"", ""Mel"", ""Ziggs""]","[""Jarvan IV"", ""Jayce"", ""Ryze"", ""Miss Fortune"", ""Nautilus""]","[""Ashe"", ""Naafiri"", ""Seraphine"", ""K'Sante"", ""Aurora""]",[],[],1,leaguepedia_cargo_patch_range,0
LCK CL/2026 Season/Rounds 1-2_Week 8_4_2,2026-05-19 08:59:00,26.10,LCK CL 2026 Rounds 1-2,HANJIN BRION Challengers,BNK FEARX Youth,BNK FEARX Youth,"[""Varus"", ""Karma"", ""Jayce"", ""Vayne"", ""Gnar""]","[""Rumble"", ""Orianna"", ""Bard"", ""Ryze"", ""Cassiopeia""]","[""Jarvan IV"", ""Ashe"", ""Seraphine"", ""Renekton"", ""Twisted Fate""]","[""Ezreal"", ""Neeko"", ""Nocturne"", ""Aurora"", ""Anivia""]",[],[],0,leaguepedia_cargo_patch_range,1
Esports World Cup 2026/Online Qualifiers/Asia-Pacific_Round 4_2_1,2026-05-19 09:02:00,26.10,Esports World Cup 2026 Online Qualifier: Asia-Pacific,Fukuoka SoftBank HAWKS gaming,GAM Esports,GAM Esports,"[""Varus"", ""Nocturne"", ""Jarvan IV"", ""Ambessa"", ""Pantheon""]","[""Orianna"", ""Lee Sin"", ""Nautilus"", ""Bard"", ""Pyke""]","[""Ezreal"", ""Cassiopeia"", ""Rumble"", ""Skarner"", ""Jayce""]","[""Karma"", ""Jhin"", ""Akali"", ""Sion"", ""Wukong""]",[],[],0,leaguepedia_cargo_patch_range,1
Esports World Cup 2026/Online Qualifiers/Korea_Round 2_4_1,2026-05-19 10:03:00,26.10,Esports World Cup 2026 Online Qualifier: Korea,BNK FEARX,Nongshim RedForce,BNK FEARX,"[""Varus"", ""Ashe"", ""Jarvan IV"", ""Vi"", ""Pantheon""]","[""Orianna"", ""Karma"", ""Lucian"", ""Lulu"", ""Nami""]","[""Rumble"", ""Lee Sin"", ""Twisted Fate"", ""Xayah"", ""Nautilus""]","[""Bard"", ""Cassiopeia"", ""Ezreal"", ""Naafiri"", ""K'Sante""]",[],[],1,leaguepedia_cargo_patch_range,0
Esports World Cup 2026/Online Qualifiers/Asia-Pacific_Round 4_2_2,2026-05-19 10:07:00,26.10,Esports World Cup 2026 Online Qualifier: Asia-Pacific,Fukuoka SoftBank HAWKS gaming,GAM Esports,GAM Esports,"[""Lee Sin"", ""Orianna"", ""Vi"", ""Lucian"", ""Caitlyn""]","[""Nocturne"", ""Ryze"", ""Varus"", ""Bard"", ""Ziggs""]","[""Jarvan IV"", ""Gnar"", ""Twisted Fate"", ""Nautilus"", ""Mel""]","[""Naafiri"", ""Aurora"", ""Malphite"", ""Ashe"", ""Seraphine""]",[],[],0,leaguepedia_cargo_patch_range,1
LCK CL/2026 Season/Rounds 1-2_Week 8_5_1,2026-05-19 10:15:00,26.10,LCK CL 2026 Rounds 1-2,KT Rolster Challengers,Nongshim Esports Academy,Nongshim Esports Academy,"[""Varus"", ""Karma"", ""Cassiopeia"", ""Ryze"", ""Gnar""]","[""Rumble"", ""Vi"", ""Orianna"", ""Anivia"", ""Viktor""]","[""Lucian"", ""Xin Zhao"", ""Milio"", ""Sion"", ""Azir""]","[""Jarvan IV"", ""Yunara"", ""Lulu"", ""Annie"", ""Shen""]",[],[],0,leaguepedia_cargo_patch_range,1
LCK CL/2026 Season/Rounds 1-2_Week 8_5_2,2026-05-19 11:01:00,26.10,LCK CL 2026 Rounds 1-2,Nongshim Esports Academy,KT Rolster Challengers,KT Rolster Challengers,"[""Varus"", ""Vi"", ""Ashe"", ""Ryze"", ""Orianna""]","[""Rumble"", ""Nocturne"", ""Karma"", ""Cassiopeia"", ""Twisted Fate""]","[""Ezreal"", ""Nami"", ""Pantheon"", ""Jayce"", ""Aurora""]","[""Sivir"", ""Bard"", ""Lee Sin"", ""Akali"", ""Vayne""]",[],[],0,leaguepedia_cargo_patch_range,1
Esports World Cup 2026/Online Qualifiers/Korea_Round 2_4_2,2026-05-19 11:12:00,26.10,Esports World Cup 2026 Online Qualifier: Korea,Nongshim RedForce,BNK FEARX,Nongshim RedForce,"[""Varus"", ""Sion"", ""Vi"", ""Caitlyn"", ""Lulu""]","[""Orianna"", ""Karma"", ""Ashe"", ""Annie"", ""Yorick""]","[""Lucian"", ""Milio"", ""Wukong"", ""Taliyah"", ""Xin Zhao""]","[""Ryze"", ""Jarvan IV"", ""Jayce"", ""Corki"", ""Nami""]",[],[],1,leaguepedia_cargo_patch_range,0
LCK CL/2026 Season/Rounds 1-2_Week 8_5_3,2026-05-19 11:54:00,26.10,LCK CL 2026 Rounds 1-2,KT Rolster Challengers,Nongshim Esports Academy,Nongshim Esports Academy,"[""Karma"", ""Nocturne"", ""Cassiopeia"", ""Neeko"", ""Caitlyn""]","[""Vi"", ""Orianna"", ""Varus"", ""Ashe"", ""Jhin""]","[""Rumble"", ""Trundle"", ""Anivia"", ""Corki"", ""Nautilus""]","[""Gnar"", ""Ryze"", ""Naafiri"", ""Miss Fortune"", ""Rell""]",[],[],0,leaguepedia_cargo_patch_range,1
Esports World Cup 2026/Online Qualifiers/Korea_Round 2_4_3,2026-05-19 12:03:00,26.10,Esports World Cup 2026 Online Qualifier: Korea,Nongshim RedForce,BNK FEARX,Nongshim RedForce,"[""Varus"", ""Vi"", ""Poppy"", ""Vayne"", ""Akali""]","[""Orianna"", ""Karma"", ""Nocturne"", ""Mel"", ""Yunara""]","[""Annie"", ""Trundle"", ""Gnar"", ""Zeri"", ""Yuumi""]","[""Ashe"", ""Pantheon"", ""Seraphine"", ""Renekton"", ""Azir""]",[],[],1,leaguepedia_cargo_patch_range,0
Hellenic Legends League/2026 Season/Summer Promotion_Promotion_2_1,2026-05-19 13:10:00,26.09,HLL 2026 Summer Promotion,Gamespace Mediterranean College Esports,EKSI EPTA,Gamespace Mediterranean College Esports,"[""Aurelion Sol"", ""Caitlyn"", ""Naafiri"", ""Xin Zhao"", ""Pantheon""]","[""Nocturne"", ""Rumble"", ""Varus"", ""Akali"", ""Shen""]","[""Yunara"", ""Nautilus"", ""Jarvan IV"", ""Gnar"", ""Orianna""]","[""Viktor"", ""Karma"", ""Ezreal"", ""Zaahen"", ""Jax""]",[],[],1,leaguepedia_cargo_patch_range,0
Hellenic Legends League/2026 Season/Summer Promotion_Promotion_1_1,2026-05-19 13:14:00,26.09,HLL 2026 Summer Promotion,The ParadOx,Zerolag Esports,The ParadOx,"[""Nocturne"", ""Ezreal"", ""Orianna"", ""Lulu"", ""Alistar""]","[""Aurora"", ""Jarvan IV"", ""Neeko"", ""Syndra"", ""Mel""]","[""Rumble"", ""Shen"", ""Kai'Sa"", ""Rell"", ""Zed""]","[""Varus"", ""Pantheon"", ""Annie"", ""Ornn"", ""Renata Glasc""]",[],[],1,leaguepedia_cargo_patch_range,0
Hellenic Legends League/2026 Season/Summer Promotion_Promotion_3_1,2026-05-19 13:16:00,26.09,HLL 2026 Summer Promotion,Paranormal Invaders,ALMO Players,ALMO Players,"[""Nocturne"", ""Cassiopeia"", ""Orianna"", ""Pantheon"", ""Dr. Mundo""]","[""Rumble"", ""Jayce"", ""Pyke"", ""Mel"", ""Jax""]","[""Caitlyn"", ""Xin Zhao"", ""Bard"", ""Akali"", ""Gnar""]","[""Ezreal"", ""Karma"", ""Ahri"", ""Vi"", ""Urgot""]",[],[],0,leaguepedia_cargo_patch_range,1
Hellenic Legends League/2026 Season/Summer Promotion_Promotion_2_2,2026-05-19 14:03:00,26.09,HLL 2026 Summer Promotion,Gamespace Mediterranean College Esports,EKSI EPTA,Gamespace Mediterranean College Esports,"[""Zed"", ""Naafiri"", ""Akali"", ""Kassadin"", ""Pantheon""]","[""Nocturne"", ""Rumble"", ""Varus"", ""Shen"", ""Ornn""]","[""Caitlyn"", ""Xin Zhao"", ""Bard"", ""Syndra"", ""Gwen""]","[""Neeko"", ""Jhin"", ""K'Sante"", ""Wukong"", ""Karthus""]",[],[],1,leaguepedia_cargo_patch_range,0
Hellenic Legends League/2026 Season/Summer Promotion_Promotion_3_2,2026-05-19 14:08:00,26.09,HLL 2026 Summer Promotion,ALMO Players,Paranormal Invaders,ALMO Players,"[""Rumble"", ""Jayce"", ""Pyke"", ""Ambessa"", ""Varus""]","[""Nocturne"", ""Orianna"", ""Dr. Mundo"", ""Renekton"", ""Sion""]","[""Pantheon"", ""Ashe"", ""Seraphine"", ""Sylas"", ""Aatrox""]","[""Syndra"", ""Wukong"", ""Nautilus"", ""Jhin"", ""Camille""]",[],[],1,leaguepedia_cargo_patch_range,0
Hellenic Legends League/2026 Season/Summer Promotion_Promotion_1_2,2026-05-19 14:11:00,26.09,HLL 2026 Summer Promotion,Zerolag Esports,The ParadOx,Zerolag Esports,"[""Aurora"", ""Neeko"", ""Jarvan IV"", ""Nautilus"", ""Leona""]","[""Nocturne"", ""Orianna"", ""Ezreal"", ""Seraphine"", ""Nami""]","[""Ryze"", ""Sion"", ""Wukong"", ""Karma"", ""Jhin""]","[""Xin Zhao"", ""Viktor"", ""Brand"", ""Sivir"", ""Amumu""]",[],[],1,leaguepedia_cargo_patch_range,0
Hellenic Legends League/2026 Season/Summer Promotion_Promotion_3_3,2026-05-19 14:51:00,26.09,HLL 2026 Summer Promotion,ALMO Players,Paranormal Invaders,Paranormal Invaders,"[""Rumble"", ""Jayce"", ""Pyke"", ""Jax"", ""Renekton""]","[""Nocturne"", ""Orianna"", ""Lulu"", ""Dr. Mundo"", ""Jarvan IV""]","[""Nami"", ""Aurora"", ""Corki"", ""Naafiri"", ""Ambessa""]","[""Lucian"", ""Milio"", ""Viktor"", ""Sejuani"", ""Volibear""]",[],[],0,leaguepedia_cargo_patch_range,1
Hellenic Legends League/2026 Season/Summer Promotion_Promotion_2_3,2026-05-19 14:56:00,26.09,HLL 2026 Summer Promotion,Gamespace Mediterranean College Esports,EKSI EPTA,EKSI EPTA,"[""Zed"", ""Naafiri"", ""Akali"", ""Lillia"", ""Diana""]","[""Nocturne"", ""Rumble"", ""Lucian"", ""Azir"", ""Shen""]","[""Jinx"", ""Alistar"", ""Aatrox"", ""Sylas"", ""Mordekaiser""]","[""Varus"", ""Rell"", ""Yasuo"", ""Ornn"", ""Lee Sin""]",[],[],0,leaguepedia_cargo_patch_range,1
TCL/2026 Season/Spring Playoffs_Round 1_1_1,2026-05-19 15:00:00,26.10,TCL 2026 Spring Playoffs,SU Esports,BoostGate Esports,BoostGate Esports,"[""Varus"", ""Nautilus"", ""Seraphine"", ""Lulu"", ""Rumble""]","[""Ahri"", ""Orianna"", ""Karma"", ""Syndra"", ""Viktor""]","[""Lucian"", ""Jarvan IV"", ""Milio"", ""Annie"", ""Sion""]","[""Ashe"", ""Wukong"", ""Aurora"", ""Neeko"", ""Aatrox""]",[],[],0,leaguepedia_cargo_patch_range,1
Rift Legends/2026 Season/Spring Split_Week 6_1_1,2026-05-19 15:14:00,26.10,Rift Legends 2026 Spring,Barcząca Esports,Forsaken (Polish Team),Barcząca Esports,"[""Nautilus"", ""Varus"", ""Aurora"", ""Lee Sin"", ""Wukong""]","[""Karma"", ""Orianna"", ""Ashe"", ""Rumble"", ""Annie""]","[""Jarvan IV"", ""Lucian"", ""Milio"", ""Twisted Fate"", ""Sion""]","[""Yunara"", ""Lulu"", ""LeBlanc"", ""Xin Zhao"", ""Gwen""]",[],[],1,leaguepedia_cargo_patch_range,0
Hellenic Legends League/2026 Season/Summer Promotion_Promotion_1_3,2026-05-19 15:17:00,26.09,HLL 2026 Summer Promotion,The ParadOx,Zerolag Esports,The ParadOx,"[""Nocturne"", ""Ashe"", ""Orianna"", ""Milio"", ""Skarner""]","[""Neeko"", ""Jarvan IV"", ""Ezreal"", ""Aphelios"", ""Rakan""]","[""K'Sante"", ""Vi"", ""Aurora"", ""Yunara"", ""Alistar""]","[""Garen"", ""Sejuani"", ""Ahri"", ""Lucian"", ""Braum""]",[],[],1,leaguepedia_cargo_patch_range,0
Hellenic Legends League/2026 Season/Summer Promotion_Promotion_2_4,2026-05-19 15:44:00,26.09,HLL 2026 Summer Promotion,EKSI EPTA,Gamespace Mediterranean College Esports,Gamespace Mediterranean College Esports,"[""Rumble"", ""Nocturne"", ""Lucian"", ""Shen"", ""Azir""]","[""Zed"", ""Akali"", ""Naafiri"", ""Pantheon"", ""Dr. Mundo""]","[""Lulu"", ""Sivir"", ""Cassiopeia"", ""Skarner"", ""Kennen""]","[""Nami"", ""Vi"", ""Corki"", ""Kassadin"", ""Malphite""]",[],[],0,leaguepedia_cargo_patch_range,1
Hellenic Legends League/2026 Season/Summer Promotion_Promotion_3_4,2026-05-19 15:44:00,26.09,HLL 2026 Summer Promotion,Paranormal Invaders,ALMO Players,ALMO Players,"[""Nocturne"", ""Orianna"", ""Cassiopeia"", ""Rell"", ""Vayne""]","[""Jayce"", ""Rumble"", ""LeBlanc"", ""Anivia"", ""Jax""]","[""Lulu"", ""Tristana"", ""Maokai"", ""Zeri"", ""Sion""]","[""Yunara"", ""Jarvan IV"", ""Ryze"", ""Soraka"", ""Gwen""]",[],[],0,leaguepedia_cargo_patch_range,1
Streamers Clash/Season 4_Day 2_1_1,2026-05-19 15:50:00,26.10,Streamers Clash Season 4,FREEZŮV WOLT DŮCHOĎÁK,HERDYNŮV LANGUSTA TÝM,HERDYNŮV LANGUSTA TÝM,"[""Viego"", ""Mordekaiser"", ""Sylas"", ""Zaahen"", ""Gwen""]","[""Draven"", ""Kog'Maw"", ""Malphite"", ""Xin Zhao"", ""Jarvan IV""]","[""Seraphine"", ""Tristana"", ""Galio"", ""Ornn"", ""Master Yi""]","[""Mel"", ""Yuumi"", ""Nasus"", ""Orianna"", ""Bel'Veth""]",[],[],0,leaguepedia_cargo_patch_range,1
TCL/2026 Season/Spring Playoffs_Round 1_1_2,2026-05-19 15:53:00,26.10,TCL 2026 Spring Playoffs,SU Esports,BoostGate Esports,SU Esports,"[""Varus"", ""Nocturne"", ""Akali"", ""Nautilus"", ""Karma""]","[""Ahri"", ""Orianna"", ""Syndra"", ""Yunara"", ""Tristana""]","[""Pantheon"", ""Ambessa"", ""Ryze"", ""Jhin"", ""Bard""]","[""Rumble"", ""Vi"", ""Aurelion Sol"", ""Caitlyn"", ""Seraphine""]",[],[],1,leaguepedia_cargo_patch_range,0
Road Of Legends/2026 Season/Spring Playoffs_Round 1_1_1,2026-05-19 16:06:00,26.10,Road Of Legends 2026 Spring Playoffs,Dynasty,Frites Esports Club,Frites Esports Club,"[""Bard"", ""Naafiri"", ""Karma"", ""LeBlanc"", ""Ambessa""]","[""Yasuo"", ""Sion"", ""Orianna"", ""Rumble"", ""Renekton""]","[""Pantheon"", ""Jhin"", ""Taliyah"", ""Ornn"", ""Rell""]","[""Aurora"", ""Jarvan IV"", ""Kai'Sa"", ""Nautilus"", ""Vayne""]",[],[],0,leaguepedia_cargo_patch_range,1
Arabian League/2026 Season/Spring Playoffs_Round 2_1_1,2026-05-19 16:13:00,26.09,Arabian League 2026 Spring Playoffs,Baam Esports,Anubis Gaming,Anubis Gaming,"[""Nautilus"", ""Jarvan IV"", ""Varus"", ""Gnar"", ""Vayne""]","[""Nocturne"", ""Sion"", ""Galio"", ""Akali"", ""Ahri""]","[""Karma"", ""Xin Zhao"", ""Sivir"", ""K'Sante"", ""LeBlanc""]","[""Ezreal"", ""Pantheon"", ""Orianna"", ""Bard"", ""Twisted Fate""]",[],[],0,leaguepedia_cargo_patch_range,1
Hellenic Legends League/2026 Season/Summer Promotion_Promotion_1_4,2026-05-19 16:13:00,26.09,HLL 2026 Summer Promotion,Zerolag Esports,The ParadOx,Zerolag Esports,"[""Neeko"", ""Aphelios"", ""Nautilus"", ""Dr. Mundo"", ""Poppy""]","[""Nocturne"", ""Ezreal"", ""Ashe"", ""Smolder"", ""Xayah""]","[""Jarvan IV"", ""Rakan"", ""Galio"", ""Jinx"", ""Ambessa""]","[""Orianna"", ""Leona"", ""Zeri"", ""Zaahen"", ""Malphite""]",[],[],1,leaguepedia_cargo_patch_range,0
Rift Legends/2026 Season/Spring Split_Week 6_1_2,2026-05-19 16:19:00,26.10,Rift Legends 2026 Spring,Barcząca Esports,Forsaken (Polish Team),Barcząca Esports,"[""Nautilus"", ""Varus"", ""Bard"", ""Nami""]","[""Karma"", ""Orianna"", ""Ashe"", ""Caitlyn"", ""Jhin""]","[""Nocturne"", ""Rumble"", ""Cassiopeia"", ""Neeko"", ""Kai'Sa""]","[""Aurora"", ""Pantheon"", ""Ornn"", ""Ezreal"", ""Yuumi""]",[],[],1,leaguepedia_cargo_patch_range,0
Streamers Clash/Season 4_Day 2_2_1,2026-05-19 16:48:00,26.10,Streamers Clash Season 4,STOPERCENTNÁ KAMILOVA TUTOFKA,VEDICI DEEMONS,VEDICI DEEMONS,"[""Orianna"", ""Amumu"", ""Smolder"", ""Malphite"", ""Seraphine""]","[""Yuumi"", ""Gwen"", ""Olaf"", ""Yone"", ""Vayne""]","[""Ashe"", ""Maokai"", ""Jarvan IV"", ""Galio"", ""Ambessa""]","[""Nautilus"", ""Kayle"", ""Sylas"", ""Corki"", ""Skarner""]",[],[],0,leaguepedia_cargo_patch_range,1
TCL/2026 Season/Spring Playoffs_Round 1_1_3,2026-05-19 16:50:00,26.10,TCL 2026 Spring Playoffs,BoostGate Esports,SU Esports,SU Esports,"[""Syndra"", ""Orianna"", ""Lulu"", ""Sivir"", ""Tristana""]","[""Nocturne"", ""Varus"", ""Ezreal"", ""Nami"", ""Karma""]","[""Ahri"", ""Jax"", ""Renekton"", ""Nautilus"", ""Kai'Sa""]","[""Viktor"", ""Xin Zhao"", ""Gnar"", ""Kalista"", ""Renata Glasc""]",[],[],0,leaguepedia_cargo_patch_range,1
Road Of Legends/2026 Season/Spring Playoffs_Round 1_1_2,2026-05-19 16:54:00,26.10,Road Of Legends 2026 Spring Playoffs,Frites Esports Club,Dynasty,Frites Esports Club,"[""Yasuo"", ""Sion"", ""Naafiri"", ""Swain"", ""Leona""]","[""Orianna"", ""Ezreal"", ""Bard"", ""Seraphine"", ""Braum""]","[""Ashe"", ""Xin Zhao"", ""Anivia"", ""Rakan"", ""K'Sante""]","[""Rumble"", ""Vi"", ""Zed"", ""Varus"", ""Karma""]",[],[],1,leaguepedia_cargo_patch_range,0
Hellenic Legends League/2026 Season/Summer Promotion_Promotion_1_5,2026-05-19 17:05:00,26.09,HLL 2026 Summer Promotion,The ParadOx,Zerolag Esports,The ParadOx,"[""Nocturne"", ""Ashe"", ""Xerath"", ""Naafiri"", ""Smolder""]","[""Neeko"", ""Ezreal"", ""Aphelios"", ""LeBlanc"", ""Kassadin""]","[""Lulu"", ""Dr. Mundo"", ""Tristana"", ""Gragas"", ""Syndra""]","[""Nautilus"", ""Ziggs"", ""Olaf"", ""Renekton"", ""Lux""]",[],[],1,leaguepedia_cargo_patch_range,0
Arabian League/2026 Season/Spring Playoffs_Round 2_1_2,2026-05-19 17:07:00,26.09,Arabian League 2026 Spring Playoffs,Anubis Gaming,Baam Esports,Anubis Gaming,"[""Nautilus"", ""Nocturne"", ""Sion"", ""Vi"", ""Malphite""]","[""Skarner"", ""Caitlyn"", ""Neeko"", ""Galio"", ""Ryze""]","[""Jarvan IV"", ""Ashe"", ""Seraphine"", ""Aurora"", ""Jayce""]","[""Lucian"", ""Milio"", ""Akali"", ""Wukong"", ""Anivia""]",[],[],1,leaguepedia_cargo_patch_range,0
Rift Legends/2026 Season/Spring Split_Week 6_2_1,2026-05-19 17:20:00,26.10,Rift Legends 2026 Spring,DOCISK,devils.one inStreamly,DOCISK,"[""Olaf"", ""Seraphine"", ""Pantheon"", ""Galio"", ""Ryze""]","[""Naafiri"", ""Lucian"", ""Karma"", ""Nautilus"", ""Rakan""]","[""Orianna"", ""Wukong"", ""Kled"", ""Yunara"", ""Lulu""]","[""Ezreal"", ""Jarvan IV"", ""Nami"", ""K'Sante"", ""Ahri""]",[],[],1,leaguepedia_cargo_patch_range,0
TCL/2026 Season/Spring Playoffs_Round 1_1_4,2026-05-19 17:36:00,26.10,TCL 2026 Spring Playoffs,SU Esports,BoostGate Esports,SU Esports,"[""Ezreal"", ""Varus"", ""Hwei"", ""Jayce"", ""Akali""]","[""Syndra"", ""Orianna"", ""Karma"", ""LeBlanc"", ""Twisted Fate""]","[""Nocturne"", ""Zeri"", ""Yuumi"", ""Azir"", ""K'Sante""]","[""Yunara"", ""Lulu"", ""Skarner"", ""Gwen"", ""Zed""]",[],[],1,leaguepedia_cargo_patch_range,0
Streamers Clash/Season 4_Day 2_3_1,2026-05-19 17:47:00,26.10,Streamers Clash Season 4,TYBLÁHO MEWING SOCIETY,SPAJKOVI UKRADLI SUPERSTRIKE,TYBLÁHO MEWING SOCIETY,"[""Malphite"", ""Udyr"", ""Tryndamere"", ""Vayne"", ""Jax""]","[""Yuumi"", ""Seraphine"", ""Brand"", ""Ahri"", ""Mel""]","[""Irelia"", ""Malzahar"", ""Braum"", ""Skarner"", ""Veigar""]","[""Maokai"", ""Miss Fortune"", ""Galio"", ""Naafiri"", ""Rumble""]",[],[],1,leaguepedia_cargo_patch_range,0
Road Of Legends/2026 Season/Spring Playoffs_Round 1_2_1,2026-05-19 17:54:00,26.10,Road Of Legends 2026 Spring Playoffs,Senshi eSports (Benelux Team),The Bandits,The Bandits,"[""Dr. Mundo"", ""Aurelion Sol"", ""Nautilus"", ""Varus"", ""Vayne""]","[""Karma"", ""Orianna"", ""Jarvan IV"", ""Aatrox"", ""LeBlanc""]","[""Pantheon"", ""Lucian"", ""Milio"", ""Syndra"", ""Renekton""]","[""Wukong"", ""Yunara"", ""Rakan"", ""Cassiopeia"", ""Ornn""]",[],[],0,leaguepedia_cargo_patch_range,1
Arabian League/2026 Season/Spring Playoffs_Round 2_1_3,2026-05-19 17:55:00,26.09,Arabian League 2026 Spring Playoffs,Anubis Gaming,Baam Esports,Anubis Gaming,"[""Nautilus"", ""Nocturne"", ""Sion"", ""Poppy"", ""Malphite""]","[""Neeko"", ""Vi"", ""Varus"", ""Nami"", ""Rell""]","[""Caitlyn"", ""Ryze"", ""Naafiri"", ""Alistar"", ""Vayne""]","[""Jhin"", ""Aatrox"", ""Cassiopeia"", ""Rakan"", ""Yorick""]",[],[],1,leaguepedia_cargo_patch_range,0
Rift Legends/2026 Season/Spring Split_Week 6_2_2,2026-05-19 18:25:00,26.10,Rift Legends 2026 Spring,DOCISK,devils.one inStreamly,devils.one inStreamly,"[""Olaf"", ""Seraphine"", ""Pantheon"", ""Varus"", ""Jhin""]","[""Naafiri"", ""Lucian"", ""Karma"", ""Nocturne"", ""Xin Zhao""]","[""Aurora"", ""Caitlyn"", ""Bard"", ""Sion"", ""Kha'Zix""]","[""Ryze"", ""Lee Sin"", ""Nautilus"", ""Miss Fortune"", ""Shyvana""]",[],[],0,leaguepedia_cargo_patch_range,1
Road Of Legends/2026 Season/Spring Playoffs_Round 1_2_2,2026-05-19 18:43:00,26.10,Road Of Legends 2026 Spring Playoffs,The Bandits,Senshi eSports (Benelux Team),The Bandits,"[""Rumble"", ""Orianna"", ""Nautilus"", ""Aatrox"", ""K'Sante""]","[""Dr. Mundo"", ""Aurelion Sol"", ""Jax"", ""Anivia"", ""Zaahen""]","[""Karma"", ""Vayne"", ""Sion"", ""Urgot"", ""Viktor""]","[""Ezreal"", ""Xin Zhao"", ""Bard"", ""Ryze"", ""Mordekaiser""]",[],[],1,leaguepedia_cargo_patch_range,0
Rift Legends/2026 Season/Spring Split_Week 6_2_3,2026-05-19 19:19:00,26.10,Rift Legends 2026 Spring,devils.one inStreamly,DOCISK,DOCISK,"[""Naafiri"", ""Lucian"", ""Akali"", ""Viktor"", ""Sylas""]","[""Olaf"", ""Seraphine"", ""Karma"", ""Taliyah"", ""Rell""]","[""Nocturne"", ""Renekton"", ""Varus"", ""Soraka"", ""Annie""]","[""Xin Zhao"", ""Neeko"", ""Ashe"", ""Gnar"", ""Zoe""]",[],[],0,leaguepedia_cargo_patch_range,1
Streamers Clash/Season 4_Day 2_4_1,2026-05-19 19:41:00,26.10,Streamers Clash Season 4,NATÁLKY IMAGINÁRNÍ KAMARÁDI,SILNĚJŠÍ SE XNAPYM,SILNĚJŠÍ SE XNAPYM,[],[],[],[],[],[],0,leaguepedia_cargo_patch_range,1
Circuito Desafiante/2026 Season/Split 1 Playoffs_Round 2_4_1,2026-05-19 20:04:00,26.10,CD 2026 Split 1 Playoffs,paiN Gaming Academy,INTZ,paiN Gaming Academy,"[""Varus"", ""Pantheon"", ""Akali"", ""Aatrox"", ""Jarvan IV""]","[""Ryze"", ""Nocturne"", ""Orianna"", ""Naafiri"", ""Lee Sin""]","[""Karma"", ""Caitlyn"", ""Rumble"", ""Trundle"", ""Annie""]","[""Ezreal"", ""Bard"", ""Ambessa"", ""Xin Zhao"", ""Viktor""]",[],[],1,leaguepedia_cargo_patch_range,0
Liga Regional Sur/2026 Season/Split 1 Playoffs_Round 2_1_1,2026-05-19 20:09:00,26.10,LRS 2026 Split 1 Playoffs,Malvinas Gaming,9z Globant,9z Globant,"[""Jarvan IV"", ""Nocturne"", ""Ashe"", ""Gwen"", ""Yorick""]","[""Varus"", ""Pantheon"", ""Caitlyn"", ""Vi"", ""Sion""]","[""Ezreal"", ""Bard"", ""Ryze"", ""Ornn"", ""Wukong""]","[""Karma"", ""Sivir"", ""Cassiopeia"", ""Jayce"", ""Xin Zhao""]",[],[],0,leaguepedia_cargo_patch_range,1
Circuito Desafiante/2026 Season/Split 1 Playoffs_Round 2_4_2,2026-05-19 21:02:00,26.10,CD 2026 Split 1 Playoffs,paiN Gaming Academy,INTZ,paiN Gaming Academy,"[""Ryze"", ""Nocturne"", ""Varus"", ""LeBlanc"", ""Yorick""]","[""Pantheon"", ""Orianna"", ""Lucian"", ""Vi"", ""Aatrox""]","[""Aurora"", ""Jhin"", ""Neeko"", ""Jayce"", ""Naafiri""]","[""Jarvan IV"", ""Ashe"", ""Seraphine"", ""Cassiopeia"", ""Sion""]",[],[],1,leaguepedia_cargo_patch_range,0
Liga Regional Sur/2026 Season/Split 1 Playoffs_Round 2_1_2,2026-05-19 21:13:00,26.10,LRS 2026 Split 1 Playoffs,Malvinas Gaming,9z Globant,9z Globant,"[""Pantheon"", ""Lulu"", ""Jarvan IV"", ""Nautilus"", ""Gwen""]","[""Nocturne"", ""Ashe"", ""Varus"", ""Aatrox"", ""Skarner""]","[""Caitlyn"", ""Neeko"", ""Akali"", ""Shen"", ""Naafiri""]","[""Orianna"", ""Jhin"", ""Vi"", ""Sion"", ""Alistar""]",[],[],0,leaguepedia_cargo_patch_range,1
Circuito Desafiante/2026 Season/Split 1 Playoffs_Round 2_4_3,2026-05-19 21:51:00,26.10,CD 2026 Split 1 Playoffs,paiN Gaming Academy,INTZ,INTZ,"[""Ryze"", ""Varus"", ""Lee Sin"", ""Wukong"", ""Yorick""]","[""Pantheon"", ""Orianna"", ""Lucian"", ""LeBlanc"", ""Akali""]","[""Nocturne"", ""Corki"", ""Nami"", ""Twisted Fate"", ""Anivia""]","[""Lulu"", ""Yunara"", ""Ahri"", ""Vi"", ""K'Sante""]",[],[],0,leaguepedia_cargo_patch_range,1
Liga Regional Sur/2026 Season/Split 1 Playoffs_Round 2_1_3,2026-05-19 22:09:00,26.10,LRS 2026 Split 1 Playoffs,Malvinas Gaming,9z Globant,9z Globant,"[""Jarvan IV"", ""Nocturne"", ""Lucian"", ""Tristana"", ""Ahri""]","[""Varus"", ""Pantheon"", ""Seraphine"", ""K'Sante"", ""Aatrox""]","[""Ashe"", ""Lulu"", ""Aurora"", ""Shyvana"", ""Vayne""]","[""Yunara"", ""Rumble"", ""Nautilus"", ""Skarner"", ""Viktor""]",[],[],0,leaguepedia_cargo_patch_range,1
Circuito Desafiante/2026 Season/Split 1 Playoffs_Round 2_4_4,2026-05-19 22:44:00,26.10,CD 2026 Split 1 Playoffs,INTZ,paiN Gaming Academy,INTZ,"[""Pantheon"", ""Akali"", ""Nautilus"", ""Xayah"", ""Kalista""]","[""Varus"", ""Lucian"", ""Lee Sin"", ""Tristana"", ""Rell""]","[""Orianna"", ""Zaahen"", ""Gnar"", ""Jinx"", ""Yuumi""]","[""Ryze"", ""Aatrox"", ""Vayne"", ""Sivir"", ""Leona""]",[],[],1,leaguepedia_cargo_patch_range,0
Circuito Desafiante/2026 Season/Split 1 Playoffs_Round 2_4_5,2026-05-19 23:32:00,26.10,CD 2026 Split 1 Playoffs,INTZ,paiN Gaming Academy,paiN Gaming Academy,"[""Lee Sin"", ""LeBlanc"", ""Varus"", ""Akali"", ""Jax""]","[""Pantheon"", ""Lucian"", ""Kalista"", ""Azir"", ""Taliyah""]","[""Dr. Mundo"", ""Miss Fortune"", ""Nautilus"", ""Hwei"", ""Gwen""]","[""Xayah"", ""Rakan"", ""Nasus"", ""Syndra"", ""Kennen""]",[],[],0,leaguepedia_cargo_patch_range,1
LCK/2026 Season/Rounds 1-2_Week 8_1_1,2026-05-20 08:05:00,26.10,LCK 2026 Rounds 1-2,T1,Kiwoom DRX,T1,"[""Bard"", ""Karma"", ""Ashe"", ""Nocturne"", ""Xin Zhao""]","[""Orianna"", ""Cassiopeia"", ""Varus"", ""Caitlyn"", ""Corki""]","[""Ryze"", ""Vi"", ""Rumble"", ""Yunara"", ""Nautilus""]","[""Lucian"", ""Milio"", ""Anivia"", ""K'Sante"", ""Wukong""]",[],[],1,leaguepedia_cargo_patch_range,0
LCK/2026 Season/Rounds 1-2_Week 8_1_2,2026-05-20 08:54:00,26.10,LCK 2026 Rounds 1-2,T1,Kiwoom DRX,Kiwoom DRX,"[""Bard"", ""Caitlyn"", ""Ashe"", ""Galio"", ""Neeko""]","[""Orianna"", ""Cassiopeia"", ""Jarvan IV"", ""Sivir"", ""Yorick""]","[""Karma"", ""Lee Sin"", ""Annie"", ""Miss Fortune"", ""Jax""]","[""Varus"", ""Ezreal"", ""Skarner"", ""Viktor"", ""Tahm Kench""]",[],[],0,leaguepedia_cargo_patch_range,1
Esports World Cup 2026/Online Qualifiers/Asia-Pacific_Finals_1_1,2026-05-20 09:06:00,26.10,Esports World Cup 2026 Online Qualifier: Asia-Pacific,Team Secret (Vietnamese Team),GAM Esports,Team Secret (Vietnamese Team),"[""Orianna"", ""Nautilus"", ""Ezreal"", ""Karma"", ""Ashe""]","[""Varus"", ""Rumble"", ""Nocturne"", ""Bard"", ""Caitlyn""]","[""Ryze"", ""Lee Sin"", ""Jayce"", ""Yunara"", ""Lulu""]","[""Jarvan IV"", ""Cassiopeia"", ""Sion"", ""Lucian"", ""Milio""]",[],[],1,leaguepedia_cargo_patch_range,0
LCK/2026 Season/Rounds 1-2_Week 8_1_3,2026-05-20 09:47:00,26.10,LCK 2026 Rounds 1-2,Kiwoom DRX,T1,T1,"[""Sion"", ""Jarvan IV"", ""Nocturne"", ""Sivir"", ""Jhin""]","[""Bard"", ""Ashe"", ""Caitlyn"", ""Corki"", ""Zeri""]","[""Orianna"", ""Trundle"", ""Jayce"", ""Ziggs"", ""Pyke""]","[""Cassiopeia"", ""Xin Zhao"", ""Yorick"", ""Kalista"", ""Leona""]",[],[],0,leaguepedia_cargo_patch_range,1
Esports World Cup 2026/Online Qualifiers/Asia-Pacific_Finals_1_2,2026-05-20 10:01:00,26.10,Esports World Cup 2026 Online Qualifier: Asia-Pacific,Team Secret (Vietnamese Team),GAM Esports,Team Secret (Vietnamese Team),"[""Nocturne"", ""Ambessa"", ""Ezreal"", ""Twisted Fate"", ""Gnar""]","[""Varus"", ""Nautilus"", ""Rumble"", ""Jax"", ""Malphite""]","[""Karma"", ""Xin Zhao"", ""Sivir"", ""Aurora"", ""Shen""]","[""Jhin"", ""Pantheon"", ""Bard"", ""Renekton"", ""Orianna""]",[],[],1,leaguepedia_cargo_patch_range,0
VCS/2026 Season/Summer Season_Week 2_1_1,2026-05-20 10:07:00,26.09,VCS 2026 Summer,ZEN Esports (Vietnamese Team),MVK Esports Academy,ZEN Esports (Vietnamese Team),"[""Varus"", ""Rumble"", ""Naafiri"", ""Nautilus"", ""Neeko""]","[""Orianna"", ""Karma"", ""Jarvan IV"", ""Jhin"", ""Ezreal""]","[""Bard"", ""Viktor"", ""Xin Zhao"", ""Corki"", ""K'Sante""]","[""Cassiopeia"", ""Nocturne"", ""Jayce"", ""Lucian"", ""Milio""]",[],[],1,leaguepedia_cargo_patch_range,0
Esports World Cup 2026/Online Qualifiers/Asia-Pacific_Finals_1_3,2026-05-20 10:53:00,26.10,Esports World Cup 2026 Online Qualifier: Asia-Pacific,Team Secret (Vietnamese Team),GAM Esports,GAM Esports,"[""Nautilus"", ""Vi"", ""Jax"", ""Sylas"", ""Ahri""]","[""Nocturne"", ""Varus"", ""Rumble"", ""Wukong"", ""Trundle""]","[""Ezreal"", ""Gnar"", ""Pyke"", ""Viego"", ""Annie""]","[""Naafiri"", ""Miss Fortune"", ""Camille"", ""Maokai"", ""Twisted Fate""]",[],[],0,leaguepedia_cargo_patch_range,1
VCS/2026 Season/Summer Season_Week 2_1_2,2026-05-20 10:56:00,26.09,VCS 2026 Summer,MVK Esports Academy,ZEN Esports (Vietnamese Team),ZEN Esports (Vietnamese Team),"[""Ezreal"", ""Varus"", ""Ryze"", ""Braum"", ""Seraphine""]","[""Orianna"", ""Rumble"", ""Karma"", ""Pyke"", ""Neeko""]","[""Jarvan IV"", ""Sion"", ""Aurora"", ""Sett"", ""Miss Fortune""]","[""Lee Sin"", ""Annie"", ""Gwen"", ""Nautilus"", ""Yunara""]",[],[],0,leaguepedia_cargo_patch_range,1
LCK/2026 Season/Rounds 1-2_Week 8_2_1,2026-05-20 11:01:00,26.10,LCK 2026 Rounds 1-2,Nongshim RedForce,KT Rolster,Nongshim RedForce,"[""Varus"", ""Jarvan IV"", ""Karma"", ""Vi"", ""Gnar""]","[""Orianna"", ""Cassiopeia"", ""Rumble"", ""Wukong"", ""Pantheon""]","[""Lucian"", ""Milio"", ""Annie"", ""Sion"", ""Naafiri""]","[""Ryze"", ""Ezreal"", ""Nami"", ""Lee Sin"", ""K'Sante""]",[],[],1,leaguepedia_cargo_patch_range,0
LCK/2026 Season/Rounds 1-2_Week 8_2_2,2026-05-20 11:45:00,26.10,LCK 2026 Rounds 1-2,KT Rolster,Nongshim RedForce,KT Rolster,"[""Varus"", ""Caitlyn"", ""Ashe"", ""Twisted Fate"", ""Azir""]","[""Orianna"", ""Cassiopeia"", ""Rumble"", ""Jayce"", ""Zaahen""]","[""Jarvan IV"", ""Nautilus"", ""Miss Fortune"", ""Aurora"", ""Gnar""]","[""Yunara"", ""Lulu"", ""Xin Zhao"", ""Renekton"", ""Viktor""]",[],[],1,leaguepedia_cargo_patch_range,0
Esports World Cup 2026/Online Qualifiers/Asia-Pacific_Finals_1_4,2026-05-20 11:47:00,26.10,Esports World Cup 2026 Online Qualifier: Asia-Pacific,Team Secret (Vietnamese Team),GAM Esports,Team Secret (Vietnamese Team),"[""Nocturne"", ""Ambessa"", ""Wukong"", ""Aatrox"", ""Kha'Zix""]","[""Vi"", ""Nautilus"", ""Ziggs"", ""Renata Glasc"", ""Seraphine""]","[""Varus"", ""Trundle"", ""Ornn"", ""Ahri"", ""LeBlanc""]","[""Rumble"", ""Kai'Sa"", ""Neeko"", ""Kindred"", ""Sylas""]",[],[],1,leaguepedia_cargo_patch_range,0
VCS/2026 Season/Summer Season_Week 2_2_1,2026-05-20 12:03:00,26.09,VCS 2026 Summer,Saigon Warriors,9Gaming,Saigon Warriors,"[""Varus"", ""Nocturne"", ""Jarvan IV"", ""Xin Zhao"", ""Akali""]","[""Orianna"", ""Karma"", ""Pantheon"", ""Ezreal"", ""Ahri""]","[""Rumble"", ""Vi"", ""Bard"", ""Jhin"", ""Cassiopeia""]","[""Ashe"", ""Seraphine"", ""K'Sante"", ""Skarner"", ""Annie""]",[],[],1,leaguepedia_cargo_patch_range,0
LCK/2026 Season/Rounds 1-2_Week 8_2_3,2026-05-20 12:36:00,26.10,LCK 2026 Rounds 1-2,KT Rolster,Nongshim RedForce,KT Rolster,"[""Varus"", ""Ashe"", ""Nocturne"", ""Ahri"", ""Jax""]","[""Orianna"", ""Cassiopeia"", ""Rumble"", ""Wukong"", ""Jayce""]","[""Caitlyn"", ""Bard"", ""Twisted Fate"", ""Yorick"", ""Skarner""]","[""Pantheon"", ""Karma"", ""Sivir"", ""Taliyah"", ""Zaahen""]",[],[],1,leaguepedia_cargo_patch_range,0
VCS/2026 Season/Summer Season_Week 2_2_2,2026-05-20 12:43:00,26.09,VCS 2026 Summer,Saigon Warriors,9Gaming,Saigon Warriors,"[""Varus"", ""Nocturne"", ""Caitlyn"", ""Akali"", ""Gwen""]","[""Orianna"", ""Karma"", ""Pantheon"", ""Ryze"", ""Ahri""]","[""Lucian"", ""Jarvan IV"", ""Milio"", ""Sion"", ""Azir""]","[""Xin Zhao"", ""Ezreal"", ""Nautilus"", ""Galio"", ""Camille""]",[],[],1,leaguepedia_cargo_patch_range,0
TCL/2026 Season/Spring Playoffs_Round 1_2_1,2026-05-20 15:01:00,26.10,TCL 2026 Spring Playoffs,Bushido Wildcats,PCIFIC Esports,Bushido Wildcats,"[""Anivia"", ""Ryze"", ""Ezreal"", ""Aurora"", ""Akali""]","[""Orianna"", ""Pantheon"", ""Nocturne"", ""Braum"", ""Sivir""]","[""Xin Zhao"", ""Sion"", ""Ahri"", ""Rell"", ""Kai'Sa""]","[""Jarvan IV"", ""Varus"", ""Nautilus"", ""Viktor"", ""Gwen""]",[],[],1,leaguepedia_cargo_patch_range,0
Prime League 1st Division/2026 Season/Spring Playoffs_Quarterfinals_1_1,2026-05-20 15:10:00,26.10,PRM 1st Division 2026 Spring Playoffs,E WIE EINFACH E-SPORTS,TeamOrangeGaming,E WIE EINFACH E-SPORTS,"[""Nautilus"", ""Skarner"", ""Pyke"", ""Karma"", ""Bard""]","[""Orianna"", ""Ryze"", ""Viego"", ""Rumble"", ""Kennen""]","[""Xin Zhao"", ""Ashe"", ""Seraphine"", ""Viktor"", ""Poppy""]","[""Ezreal"", ""Wukong"", ""Gnar"", ""Nami"", ""Mel""]",[],[],1,leaguepedia_cargo_patch_range,0
Rift Legends/2026 Season/Spring Split_Week 6_3_1,2026-05-20 15:17:00,26.10,Rift Legends 2026 Spring,GLORE,LODIS (Polish Team),LODIS (Polish Team),"[""Ezreal"", ""Naafiri"", ""Viktor"", ""Sion"", ""Irelia""]","[""Jarvan IV"", ""Smolder"", ""Orianna"", ""Ornn"", ""Wukong""]","[""Ashe"", ""Seraphine"", ""Anivia"", ""Annie"", ""Pantheon""]","[""Lucian"", ""Milio"", ""Mel"", ""Qiyana"", ""Diana""]",[],[],0,leaguepedia_cargo_patch_range,1
LES/2026 Season/Spring Split_Week 7_1_1,2026-05-20 15:22:00,26.10,LES 2026 Spring,LUA Gaming,UB Alma Mater,LUA Gaming,"[""K'Sante"", ""Nautilus"", ""Hwei""]","[""Karma"", ""Ornn"", ""Sion""]","[""Rumble"", ""Pantheon"", ""Syndra"", ""Lucian"", ""Milio""]","[""Renekton"", ""Wukong"", ""Ryze"", ""Ezreal"", ""Rell""]",[],[],1,leaguepedia_cargo_patch_range,0
TCL/2026 Season/Spring Playoffs_Round 1_2_2,2026-05-20 16:01:00,26.10,TCL 2026 Spring Playoffs,Bushido Wildcats,PCIFIC Esports,PCIFIC Esports,"[""Anivia"", ""Ryze"", ""Aurora"", ""Wukong"", ""Gnar""]","[""Orianna"", ""Pantheon"", ""Rumble"", ""Vex"", ""Lissandra""]","[""Vi"", ""Lucian"", ""Milio"", ""Annie"", ""Renekton""]","[""Ezreal"", ""Karma"", ""LeBlanc"", ""Naafiri"", ""Jayce""]",[],[],0,leaguepedia_cargo_patch_range,1
Streamers Clash/Season 4_Day 3_1_1,2026-05-20 16:06:00,26.10,Streamers Clash Season 4,SPAJKOVI UKRADLI SUPERSTRIKE,SILNĚJŠÍ SE XNAPYM,SILNĚJŠÍ SE XNAPYM,"[""Malphite"", ""Skarner"", ""Akali"", ""Zoe"", ""Orianna""]","[""Seraphine"", ""Udyr"", ""Yuumi"", ""Yone"", ""Vayne""]","[""Gwen"", ""Mel"", ""Maokai"", ""Mordekaiser"", ""Ezreal""]","[""Miss Fortune"", ""Ornn"", ""Bel'Veth"", ""Amumu"", ""Cassiopeia""]",[],[],0,leaguepedia_cargo_patch_range,1
Prime League 1st Division/2026 Season/Spring Playoffs_Quarterfinals_1_2,2026-05-20 16:07:00,26.10,PRM 1st Division 2026 Spring Playoffs,E WIE EINFACH E-SPORTS,TeamOrangeGaming,TeamOrangeGaming,"[""Skarner"", ""Yunara"", ""Vi"", ""Jayce"", ""Rumble""]","[""Orianna"", ""Ryze"", ""Viego"", ""Sion"", ""Aurora""]","[""Jarvan IV"", ""Nautilus"", ""Ziggs"", ""Ahri"", ""Renekton""]","[""Nocturne"", ""Pyke"", ""Sivir"", ""LeBlanc"", ""Vayne""]",[],[],0,leaguepedia_cargo_patch_range,1
Esports Balkan League/2026 Season/Spring Playoffs_Round 2_3_1,2026-05-20 16:09:00,26.10,EBL 2026 Spring Playoffs,TQ DURPA KASHLQ,The Secret Club,The Secret Club,"[""Rumble"", ""Akali"", ""Ambessa"", ""Jax"", ""K'Sante""]","[""Orianna"", ""Olaf"", ""Naafiri"", ""Viktor"", ""Syndra""]","[""Zaahen"", ""Ashe"", ""Karma"", ""Hwei"", ""Varus""]","[""Jayce"", ""Seraphine"", ""Nautilus"", ""Gnar"", ""LeBlanc""]",[],[],0,leaguepedia_cargo_patch_range,1
LES/2026 Season/Spring Split_Week 7_1_2,2026-05-20 16:11:00,26.10,LES 2026 Spring,LUA Gaming,UB Alma Mater,LUA Gaming,"[""Pyke"", ""Seraphine"", ""K'Sante"", ""Braum"", ""Lulu""]","[""Orianna"", ""Viktor"", ""Karma"", ""Caitlyn"", ""Annie""]","[""Varus"", ""Xin Zhao"", ""Ahri"", ""Kalista"", ""Nautilus""]","[""Ambessa"", ""Jarvan IV"", ""Taliyah"", ""Zeri"", ""Neeko""]",[],[],1,leaguepedia_cargo_patch_range,0
Rift Legends/2026 Season/Spring Split_Week 6_3_2,2026-05-20 16:11:00,26.10,Rift Legends 2026 Spring,LODIS (Polish Team),GLORE,LODIS (Polish Team),"[""Jarvan IV"", ""Caitlyn"", ""Azir"", ""Malphite"", ""Jax""]","[""Orianna"", ""Smolder"", ""Naafiri"", ""Nocturne"", ""Vi""]","[""Ryze"", ""Yunara"", ""Lulu"", ""Xin Zhao"", ""Kha'Zix""]","[""Cassiopeia"", ""Ezreal"", ""Bard"", ""Jayce"", ""Fiora""]",[],[],1,leaguepedia_cargo_patch_range,0
LFL/2026 Season/Spring Playoffs_Round 2_1_1,2026-05-20 16:13:00,26.10,LFL 2026 Spring Playoffs,Karmine Corp Blue,TLN Pirates,Karmine Corp Blue,"[""Ashe"", ""Caitlyn"", ""Xin Zhao"", ""Ahri"", ""Aurora""]","[""Orianna"", ""Pantheon"", ""Jarvan IV"", ""Nocturne"", ""Wukong""]","[""Ezreal"", ""Bard"", ""Anivia"", ""Rek'Sai"", ""Renekton""]","[""Karma"", ""Yunara"", ""Vi"", ""Ziggs"", ""Ornn""]",[],[],1,leaguepedia_cargo_patch_range,0
Arabian League/2026 Season/Spring Playoffs_Round 2_2_1,2026-05-20 16:14:00,26.09,Arabian League 2026 Spring Playoffs,Baam Esports,FN Esports,Baam Esports,"[""K'Sante"", ""Jarvan IV"", ""Orianna"", ""Galio"", ""Neeko""]","[""Pantheon"", ""Nocturne"", ""Karma"", ""Bard"", ""Nautilus""]","[""Rumble"", ""Ezreal"", ""Vi"", ""Pyke"", ""Akali""]","[""Caitlyn"", ""Xin Zhao"", ""Aurora"", ""Nami"", ""Ryze""]",[],[],1,leaguepedia_cargo_patch_range,0
Esports Balkan League/2026 Season/Spring Playoffs_Round 2_3_2,2026-05-20 16:52:00,26.10,EBL 2026 Spring Playoffs,The Secret Club,TQ DURPA KASHLQ,The Secret Club,"[""Olaf"", ""Naafiri"", ""Wukong"", ""Vayne"", ""Gwen""]","[""Rumble"", ""Ambessa"", ""Orianna"", ""Akali"", ""K'Sante""]","[""Xin Zhao"", ""Lucian"", ""Milio"", ""Sion"", ""Ahri""]","[""Volibear"", ""Ezreal"", ""Bard"", ""Syndra"", ""Yone""]",[],[],1,leaguepedia_cargo_patch_range,0
TCL/2026 Season/Spring Playoffs_Round 1_2_3,2026-05-20 16:59:00,26.10,TCL 2026 Spring Playoffs,PCIFIC Esports,Bushido Wildcats,PCIFIC Esports,"[""Pantheon"", ""Mel"", ""Nocturne"", ""Jhin"", ""Caitlyn""]","[""Orianna"", ""Ashe"", ""Anivia"", ""Ornn"", ""K'Sante""]","[""Aurora"", ""Wukong"", ""Tristana"", ""Rakan"", ""Xayah""]","[""Ryze"", ""Rumble"", ""Zaahen"", ""Smolder"", ""Leona""]",[],[],1,leaguepedia_cargo_patch_range,0
Prime League 1st Division/2026 Season/Spring Playoffs_Quarterfinals_1_3,2026-05-20 17:04:00,26.10,PRM 1st Division 2026 Spring Playoffs,E WIE EINFACH E-SPORTS,TeamOrangeGaming,E WIE EINFACH E-SPORTS,"[""Skarner"", ""Vi"", ""Karma"", ""Neeko"", ""Lux""]","[""Orianna"", ""Ryze"", ""Rumble"", ""Naafiri"", ""Azir""]","[""Bard"", ""Sion"", ""Varus"", ""Jayce"", ""Syndra""]","[""Caitlyn"", ""Aurora"", ""Trundle"", ""Elise"", ""Gwen""]",[],[],1,leaguepedia_cargo_patch_range,0
Streamers Clash/Season 4_Day 3_2_1,2026-05-20 17:06:00,26.10,Streamers Clash Season 4,TYBLÁHO MEWING SOCIETY,HERDYNŮV LANGUSTA TÝM,HERDYNŮV LANGUSTA TÝM,"[""Viego"", ""Malphite"", ""Nasus"", ""Syndra"", ""Mordekaiser""]","[""Irelia"", ""Vayne"", ""Yuumi"", ""Skarner"", ""Olaf""]","[""Gwen"", ""Nautilus"", ""Malzahar"", ""Veigar"", ""Shyvana""]","[""Seraphine"", ""Braum"", ""Zaahen"", ""Viktor"", ""Renekton""]",[],[],0,leaguepedia_cargo_patch_range,1
LES/2026 Season/Spring Split_Week 7_2_1,2026-05-20 17:07:00,26.10,LES 2026 Spring,Barça eSports,Team Heretics Academy,Team Heretics Academy,"[""Anivia"", ""Orianna"", ""Karma"", ""Shen"", ""Akali""]","[""Nautilus"", ""Rumble"", ""Jarvan IV"", ""Annie"", ""Mel""]","[""Aurora"", ""Pantheon"", ""Lissandra"", ""Ezreal"", ""Nami""]","[""Gnar"", ""Nocturne"", ""LeBlanc"", ""Caitlyn"", ""Bard""]",[],[],0,leaguepedia_cargo_patch_range,1
Benelux Ascend Series/2026 Season/Spring Playoffs_Round 1_1_1,2026-05-20 17:09:00,26.10,Benelux Ascend Series 2026 Spring Playoffs,SNOOZE Esports,RED OUAT,SNOOZE Esports,"[""Ambessa"", ""Jayce"", ""Orianna"", ""Lulu"", ""Neeko""]","[""Graves"", ""Karma"", ""Aurora"", ""Braum"", ""Rakan""]","[""Ezreal"", ""Wukong"", ""Ahri"", ""Rumble"", ""Rell""]","[""Pantheon"", ""Yunara"", ""Viktor"", ""Nautilus"", ""Aatrox""]",[],[],1,leaguepedia_cargo_patch_range,0
LFL/2026 Season/Spring Playoffs_Round 2_1_2,2026-05-20 17:12:00,26.10,LFL 2026 Spring Playoffs,TLN Pirates,Karmine Corp Blue,TLN Pirates,"[""Nautilus"", ""Varus"", ""Ryze"", ""Neeko"", ""Rakan""]","[""Ashe"", ""Caitlyn"", ""Orianna"", ""Sion"", ""Mel""]","[""Pantheon"", ""Lucian"", ""Milio"", ""Taliyah"", ""Yorick""]","[""Nocturne"", ""Ahri"", ""Ambessa"", ""Kai'Sa"", ""Rell""]",[],[],1,leaguepedia_cargo_patch_range,0
Arabian League/2026 Season/Spring Playoffs_Round 2_2_2,2026-05-20 17:14:00,26.09,Arabian League 2026 Spring Playoffs,Baam Esports,FN Esports,FN Esports,"[""Nautilus"", ""Jayce"", ""Orianna"", ""Gnar"", ""K'Sante""]","[""Karma"", ""Pantheon"", ""Jarvan IV"", ""LeBlanc"", ""Viktor""]","[""Milio"", ""Lucian"", ""Olaf"", ""Sion"", ""Galio""]","[""Ashe"", ""Wukong"", ""Lulu"", ""Ahri"", ""Vayne""]",[],[],0,leaguepedia_cargo_patch_range,1
Rift Legends/2026 Season/Spring Split_Week 6_4_1,2026-05-20 17:27:00,26.10,Rift Legends 2026 Spring,Bomba Team,Anonymo Esports,Bomba Team,"[""Nautilus"", ""Ashe"", ""Neeko"", ""Brand"", ""Zyra""]","[""Aurora"", ""Karma"", ""Varus"", ""Caitlyn"", ""K'Sante""]","[""Orianna"", ""Bard"", ""Pantheon"", ""Corki"", ""Yone""]","[""Ezreal"", ""Rumble"", ""Yasuo"", ""Rell"", ""Wukong""]",[],[],1,leaguepedia_cargo_patch_range,0
LES/2026 Season/Spring Split_Week 7_2_2,2026-05-20 17:54:00,26.10,LES 2026 Spring,Barça eSports,Team Heretics Academy,Team Heretics Academy,"[""Anivia"", ""Karma"", ""Seraphine"", ""Braum"", ""Kalista""]","[""Orianna"", ""Vi"", ""Jarvan IV"", ""Lee Sin"", ""Poppy""]","[""Annie"", ""Nautilus"", ""Senna"", ""Aatrox"", ""Rumble""]","[""Varus"", ""Cassiopeia"", ""Wukong"", ""Rell"", ""Miss Fortune""]",[],[],0,leaguepedia_cargo_patch_range,1
Prime League 1st Division/2026 Season/Spring Playoffs_Quarterfinals_1_4,2026-05-20 17:58:00,26.10,PRM 1st Division 2026 Spring Playoffs,E WIE EINFACH E-SPORTS,TeamOrangeGaming,E WIE EINFACH E-SPORTS,"[""Skarner"", ""Yunara"", ""Vi"", ""Lulu"", ""Neeko""]","[""Orianna"", ""Ryze"", ""Rumble"", ""Dr. Mundo"", ""Maokai""]","[""Azir"", ""Lucian"", ""Milio"", ""Naafiri"", ""Shen""]","[""Sejuani"", ""Yone"", ""Kog'Maw"", ""Karma"", ""Kennen""]",[],[],1,leaguepedia_cargo_patch_range,0
LFL/2026 Season/Spring Playoffs_Round 2_1_3,2026-05-20 18:03:00,26.10,LFL 2026 Spring Playoffs,TLN Pirates,Karmine Corp Blue,Karmine Corp Blue,"[""Varus"", ""Jarvan IV"", ""Cassiopeia"", ""Rakan"", ""Nautilus""]","[""Ashe"", ""Caitlyn"", ""Lulu"", ""Taric"", ""Nami""]","[""Orianna"", ""Naafiri"", ""Sion"", ""Renata Glasc"", ""Xayah""]","[""Xin Zhao"", ""Akali"", ""Aatrox"", ""Alistar"", ""Jhin""]",[],[],0,leaguepedia_cargo_patch_range,1
TCL/2026 Season/Spring Playoffs_Round 1_2_4,2026-05-20 18:05:00,26.10,TCL 2026 Spring Playoffs,PCIFIC Esports,Bushido Wildcats,Bushido Wildcats,"[""Nocturne"", ""Mel"", ""Pantheon"", ""Jhin"", ""Sivir""]","[""Anivia"", ""Orianna"", ""Ashe"", ""Aatrox"", ""Dr. Mundo""]","[""Neeko"", ""Caitlyn"", ""Akali"", ""Vayne"", ""Skarner""]","[""Bard"", ""Lee Sin"", ""Vex"", ""Gnar"", ""Miss Fortune""]",[],[],0,leaguepedia_cargo_patch_range,1
Arabian League/2026 Season/Spring Playoffs_Round 2_2_3,2026-05-20 18:06:00,26.09,Arabian League 2026 Spring Playoffs,FN Esports,Baam Esports,FN Esports,"[""Pantheon"", ""Nautilus"", ""Nocturne"", ""Aatrox"", ""Ambessa""]","[""Orianna"", ""Karma"", ""Jarvan IV"", ""Naafiri"", ""Skarner""]","[""Varus"", ""Seraphine"", ""Viktor"", ""Gangplank"", ""Kha'Zix""]","[""Kai'Sa"", ""Neeko"", ""Cassiopeia"", ""Lee Sin"", ""Yorick""]",[],[],1,leaguepedia_cargo_patch_range,0
Esports Balkan League/2026 Season/Spring Playoffs_Round 2_4_1,2026-05-20 18:06:00,26.10,EBL 2026 Spring Playoffs,Team Spawn Peek,Lenovo Legion Honvéd,Lenovo Legion Honvéd,"[""Naafiri"", ""Bard"", ""Anivia"", ""Nautilus"", ""Leona""]","[""Orianna"", ""Jayce"", ""Seraphine"", ""Smolder"", ""Sivir""]","[""Rumble"", ""Wukong"", ""Annie"", ""Yunara"", ""Lulu""]","[""Sion"", ""Xin Zhao"", ""Galio"", ""Karma"", ""Ezreal""]",[],[],0,leaguepedia_cargo_patch_range,1
Streamers Clash/Season 4_Day 3_3_1,2026-05-20 18:06:00,26.10,Streamers Clash Season 4,FREEZŮV WOLT DŮCHOĎÁK,STOPERCENTNÁ KAMILOVA TUTOFKA,FREEZŮV WOLT DŮCHOĎÁK,"[""Yuumi"", ""Gwen"", ""Nasus"", ""Trundle"", ""Pantheon""]","[""Draven"", ""Smolder"", ""Tristana"", ""Jarvan IV"", ""Vayne""]","[""Malphite"", ""Galio"", ""Amumu"", ""Aatrox"", ""Zeri""]","[""Sylas"", ""Malzahar"", ""Olaf"", ""Maokai"", ""Mordekaiser""]",[],[],1,leaguepedia_cargo_patch_range,0
Benelux Ascend Series/2026 Season/Spring Playoffs_Round 1_2_1,2026-05-20 18:08:00,26.10,Benelux Ascend Series 2026 Spring Playoffs,Mind Blue eSports,ZennIT Academy,Mind Blue eSports,"[""Qiyana"", ""Lulu"", ""Seraphine"", ""Sion"", ""Azir""]","[""Orianna"", ""Karma"", ""Varus"", ""Pyke"", ""Nautilus""]","[""Viktor"", ""Ezreal"", ""Xin Zhao"", ""Gnar"", ""Elise""]","[""Caitlyn"", ""Jarvan IV"", ""Bard"", ""Hwei"", ""Malphite""]",[],[],1,leaguepedia_cargo_patch_range,0
Benelux Ascend Series/2026 Season/Spring Playoffs_Round 1_1_2,2026-05-20 18:11:00,26.10,Benelux Ascend Series 2026 Spring Playoffs,RED OUAT,SNOOZE Esports,SNOOZE Esports,"[""Graves"", ""Karma"", ""Aurora"", ""Xayah"", ""Sivir""]","[""Jayce"", ""Seraphine"", ""Orianna"", ""Caitlyn"", ""Neeko""]","[""Ambessa"", ""Ryze"", ""Nocturne"", ""Varus"", ""Yuumi""]","[""Xin Zhao"", ""Lulu"", ""Renekton"", ""Annie"", ""Smolder""]",[],[],0,leaguepedia_cargo_patch_range,1
Rift Legends/2026 Season/Spring Split_Week 6_4_2,2026-05-20 18:28:00,26.10,Rift Legends 2026 Spring,Bomba Team,Anonymo Esports,Bomba Team,"[""Nautilus"", ""Ashe"", ""Akali"", ""Ahri""]","[""Aurora"", ""Karma"", ""Varus"", ""Lulu"", ""Lucian""]","[""Anivia"", ""Mel"", ""Jarvan IV"", ""Vayne"", ""Senna""]","[""Caitlyn"", ""Neeko"", ""Shyvana"", ""Ryze"", ""Vi""]",[],[],1,leaguepedia_cargo_patch_range,0
Esports Balkan League/2026 Season/Spring Playoffs_Round 2_4_2,2026-05-20 18:50:00,26.10,EBL 2026 Spring Playoffs,Lenovo Legion Honvéd,Team Spawn Peek,Lenovo Legion Honvéd,"[""Poppy"", ""Orianna"", ""Alistar"", ""Vi"", ""Skarner""]","[""Jarvan IV"", ""Naafiri"", ""Leona"", ""Aurora"", ""Gnar""]","[""Pantheon"", ""Camille"", ""Samira"", ""Vayne"", ""Zoe""]","[""Ashe"", ""Seraphine"", ""Illaoi"", ""Shaco"", ""Akali""]",[],[],1,leaguepedia_cargo_patch_range,0
Benelux Ascend Series/2026 Season/Spring Playoffs_Round 1_2_2,2026-05-20 19:03:00,26.10,Benelux Ascend Series 2026 Spring Playoffs,Mind Blue eSports,ZennIT Academy,Mind Blue eSports,"[""Qiyana"", ""Smolder"", ""Lulu"", ""Azir"", ""Ahri""]","[""Orianna"", ""Varus"", ""LeBlanc"", ""Zoe"", ""Cassiopeia""]","[""Karma"", ""Yunara"", ""Kayn"", ""Syndra"", ""K'Sante""]","[""Ashe"", ""Pantheon"", ""Seraphine"", ""Ryze"", ""Ambessa""]",[],[],1,leaguepedia_cargo_patch_range,0
Arabian League/2026 Season/Spring Playoffs_Round 2_2_4,2026-05-20 19:05:00,26.09,Arabian League 2026 Spring Playoffs,FN Esports,Baam Esports,FN Esports,"[""Nautilus"", ""Pantheon"", ""Nocturne"", ""Bard"", ""Leona""]","[""Orianna"", ""Karma"", ""Jarvan IV"", ""Annie"", ""Mel""]","[""Jayce"", ""Tristana"", ""Zyra"", ""Rakan"", ""Yone""]","[""Naafiri"", ""Yunara"", ""LeBlanc"", ""K'Sante"", ""Poppy""]",[],[],1,leaguepedia_cargo_patch_range,0
Streamers Clash/Season 4_Day 3_4_1,2026-05-20 19:05:00,26.10,Streamers Clash Season 4,VEDICI DEEMONS,NATÁLKY IMAGINÁRNÍ KAMARÁDI,VEDICI DEEMONS,"[""Vladimir"", ""Ahri"", ""Nasus"", ""Brand"", ""Miss Fortune""]","[""Malphite"", ""Amumu"", ""Maokai"", ""Tristana"", ""Smolder""]","[""Orianna"", ""Skarner"", ""Leona"", ""Kai'Sa"", ""Zed""]","[""Nautilus"", ""Xin Zhao"", ""Syndra"", ""Veigar"", ""Camille""]",[],[],1,leaguepedia_cargo_patch_range,0
LFL/2026 Season/Spring Playoffs_Round 2_2_1,2026-05-20 19:09:00,26.10,LFL 2026 Spring Playoffs,Galions,Solary,Solary,"[""Nautilus"", ""Jarvan IV"", ""Bard"", ""Vayne"", ""Gwen""]","[""Orianna"", ""Nocturne"", ""Renekton"", ""Anivia"", ""Gnar""]","[""Seraphine"", ""Wukong"", ""Ezreal"", ""Sion"", ""Cassiopeia""]","[""Ashe"", ""Xin Zhao"", ""Milio"", ""Ryze"", ""Zaahen""]",[],[],0,leaguepedia_cargo_patch_range,1
TCL/2026 Season/Spring Playoffs_Round 1_2_5,2026-05-20 19:17:00,26.10,TCL 2026 Spring Playoffs,PCIFIC Esports,Bushido Wildcats,PCIFIC Esports,"[""Nocturne"", ""Mel"", ""Corki"", ""Ornn"", ""Volibear""]","[""Orianna"", ""Anivia"", ""Pantheon"", ""K'Sante"", ""Kennen""]","[""Ashe"", ""Aatrox"", ""Seraphine"", ""Twisted Fate"", ""Sylas""]","[""Lulu"", ""Yunara"", ""Talon"", ""Shen"", ""Syndra""]",[],[],1,leaguepedia_cargo_patch_range,0
Circuito Desafiante/2026 Season/Split 1 Playoffs_Round 4_1_1,2026-05-20 20:05:00,26.10,CD 2026 Split 1 Playoffs,Vivo Keyd Stars Academy,KaBuM! Ilha das Lendas,KaBuM! Ilha das Lendas,"[""Ezreal"", ""Karma"", ""Pantheon"", ""K'Sante"", ""Ornn""]","[""Nocturne"", ""Orianna"", ""Annie"", ""Nautilus"", ""Ahri""]","[""Varus"", ""Vi"", ""Rumble"", ""Aurora"", ""Bard""]","[""Lucian"", ""Jarvan IV"", ""Milio"", ""Sion"", ""Ryze""]",[],[],0,leaguepedia_cargo_patch_range,1
LFL/2026 Season/Spring Playoffs_Round 2_2_2,2026-05-20 20:10:00,26.10,LFL 2026 Spring Playoffs,Solary,Galions,Solary,"[""Nautilus"", ""Varus"", ""Nocturne"", ""Vayne"", ""Ornn""]","[""Orianna"", ""Skarner"", ""Caitlyn"", ""Anivia"", ""Annie""]","[""Nami"", ""Vi"", ""Lucian"", ""Rumble"", ""Ahri""]","[""Yunara"", ""Lulu"", ""Jarvan IV"", ""Viktor"", ""K'Sante""]",[],[],1,leaguepedia_cargo_patch_range,0
North American Challengers League/2026 Season/Spring Playoffs_Round 1_1_1,2026-05-20 20:11:00,26.10,NACL 2026 Spring Playoffs,Winthrop University,CCG Esports,Winthrop University,"[""Neeko"", ""Nautilus"", ""Bard"", ""Gnar"", ""Jayce""]","[""Karma"", ""Lucian"", ""Varus"", ""Akali"", ""Sion""]","[""Nami"", ""Corki"", ""Jarvan IV"", ""K'Sante"", ""Galio""]","[""Nocturne"", ""Orianna"", ""Ezreal"", ""Rakan"", ""Gwen""]",[],[],1,leaguepedia_cargo_patch_range,0
Circuito Desafiante/2026 Season/Split 1 Playoffs_Round 4_1_2,2026-05-20 20:59:00,26.10,CD 2026 Split 1 Playoffs,KaBuM! Ilha das Lendas,Vivo Keyd Stars Academy,Vivo Keyd Stars Academy,"[""Ezreal"", ""Karma"", ""Seraphine"", ""Vayne"", ""Renekton""]","[""Nocturne"", ""Orianna"", ""Annie"", ""Jayce"", ""Sylas""]","[""Pantheon"", ""Corki"", ""Nami"", ""Gnar"", ""Cassiopeia""]","[""Neeko"", ""Xin Zhao"", ""Jhin"", ""Ahri"", ""Olaf""]",[],[],0,leaguepedia_cargo_patch_range,1
North American Challengers League/2026 Season/Spring Playoffs_Round 1_1_2,2026-05-20 21:21:00,26.10,NACL 2026 Spring Playoffs,CCG Esports,Winthrop University,CCG Esports,"[""Neeko"", ""Nautilus"", ""Gnar"", ""Jayce"", ""Anivia""]","[""Karma"", ""Lucian"", ""Bard"", ""Wukong"", ""Naafiri""]","[""Varus"", ""Sion"", ""Cassiopeia"", ""Leona"", ""Ambessa""]","[""Xin Zhao"", ""Seraphine"", ""Ashe"", ""Kog'Maw"", ""Zaahen""]",[],[],1,leaguepedia_cargo_patch_range,0
Circuito Desafiante/2026 Season/Split 1 Playoffs_Round 4_1_3,2026-05-20 21:53:00,26.10,CD 2026 Split 1 Playoffs,Vivo Keyd Stars Academy,KaBuM! Ilha das Lendas,KaBuM! Ilha das Lendas,"[""Annie"", ""Nautilus"", ""Wukong"", ""Vayne"", ""Jax""]","[""Ezreal"", ""Karma"", ""Orianna"", ""Twisted Fate"", ""Akali""]","[""Nocturne"", ""Zeri"", ""Yuumi"", ""Mel"", ""K'Sante""]","[""Ashe"", ""Seraphine"", ""Trundle"", ""Viktor"", ""Renekton""]",[],[],0,leaguepedia_cargo_patch_range,1
North American Challengers League/2026 Season/Spring Playoffs_Round 1_1_3,2026-05-20 22:14:00,26.10,NACL 2026 Spring Playoffs,CCG Esports,Winthrop University,CCG Esports,"[""Yorick"", ""Malphite"", ""Caitlyn"", ""Ornn"", ""Singed""]","[""Neeko"", ""Bard"", ""Lucian"", ""Vayne"", ""Jayce""]","[""Karma"", ""Anivia"", ""Sivir"", ""Gnar"", ""Wukong""]","[""Nautilus"", ""Ryze"", ""Kai'Sa"", ""Gragas"", ""Nasus""]",[],[],1,leaguepedia_cargo_patch_range,0
Circuito Desafiante/2026 Season/Split 1 Playoffs_Round 4_1_4,2026-05-20 22:44:00,26.10,CD 2026 Split 1 Playoffs,KaBuM! Ilha das Lendas,Vivo Keyd Stars Academy,Vivo Keyd Stars Academy,"[""Ezreal"", ""Karma"", ""Caitlyn"", ""Miss Fortune"", ""Senna""]","[""Annie"", ""Orianna"", ""Skarner"", ""Maokai"", ""Twisted Fate""]","[""Jayce"", ""Lulu"", ""Yunara"", ""Anivia"", ""Gwen""]","[""Wukong"", ""Yorick"", ""Nautilus"", ""Smolder"", ""Akali""]",[],[],0,leaguepedia_cargo_patch_range,1
North American Challengers League/2026 Season/Spring Playoffs_Round 1_2_1,2026-05-20 23:19:00,26.10,NACL 2026 Spring Playoffs,Conviction,Maryville University,Conviction,"[""Nocturne"", ""Rumble"", ""Jarvan IV"", ""Ambessa"", ""Xin Zhao""]","[""Orianna"", ""Vi"", ""Anivia"", ""Syndra"", ""Viktor""]","[""Varus"", ""Pantheon"", ""Nautilus"", ""Kog'Maw"", ""Jayce""]","[""Ezreal"", ""Karma"", ""Cassiopeia"", ""Skarner"", ""Sion""]",[],[],1,leaguepedia_cargo_patch_range,0
Circuito Desafiante/2026 Season/Split 1 Playoffs_Round 4_1_5,2026-05-20 23:34:00,26.10,CD 2026 Split 1 Playoffs,KaBuM! Ilha das Lendas,Vivo Keyd Stars Academy,Vivo Keyd Stars Academy,"[""Naafiri"", ""Vayne"", ""Lee Sin"", ""Kog'Maw"", ""Sivir""]","[""Ezreal"", ""Caitlyn"", ""Kalista"", ""Karma"", ""Miss Fortune""]","[""Orianna"", ""Ambessa"", ""Rek'Sai"", ""Jinx"", ""Thresh""]","[""Annie"", ""Aatrox"", ""Jax"", ""Xayah"", ""Rakan""]",[],[],0,leaguepedia_cargo_patch_range,1
North American Challengers League/2026 Season/Spring Playoffs_Round 1_2_2,2026-05-21 00:34:00,26.10,NACL 2026 Spring Playoffs,Conviction,Maryville University,Maryville University,"[""Anivia"", ""Seraphine"", ""Vi"", ""K'Sante"", ""Gnar""]","[""Nocturne"", ""Jarvan IV"", ""Ryze"", ""Rumble"", ""Ambessa""]","[""Orianna"", ""Caitlyn"", ""Neeko"", ""Jax"", ""Wukong""]","[""Lucian"", ""Nami"", ""Ahri"", ""Xin Zhao"", ""Akali""]",[],[],0,leaguepedia_cargo_patch_range,1
North American Challengers League/2026 Season/Spring Playoffs_Round 1_2_3,2026-05-21 01:26:00,26.10,NACL 2026 Spring Playoffs,Maryville University,Conviction,Conviction,"[""Azir"", ""Nocturne"", ""Rumble"", ""Dr. Mundo"", ""Lee Sin""]","[""Vi"", ""Jarvan IV"", ""Anivia"", ""Vayne"", ""Gnar""]","[""Ryze"", ""Blitzcrank"", ""Jhin"", ""Renekton"", ""Nidalee""]","[""Ashe"", ""Seraphine"", ""Ambessa"", ""Twisted Fate"", ""K'Sante""]",[],[],0,leaguepedia_cargo_patch_range,1
LCK CL/2026 Season/Rounds 1-2_Week 8_8_1,2026-05-21 05:07:00,26.10,LCK CL 2026 Rounds 1-2,Gen.G Global Academy,Nongshim Esports Academy,Nongshim Esports Academy,"[""Karma"", ""Varus"", ""Rumble"", ""Vayne"", ""Sion""]","[""Lucian"", ""Jarvan IV"", ""Orianna"", ""Akali"", ""Anivia""]","[""Nocturne"", ""Ezreal"", ""Neeko"", ""Jayce"", ""Syndra""]","[""Yunara"", ""Lulu"", ""Skarner"", ""Cassiopeia"", ""K'Sante""]",[],[],0,leaguepedia_cargo_patch_range,1
LCK CL/2026 Season/Rounds 1-2_Week 8_6_1,2026-05-21 05:08:00,26.10,LCK CL 2026 Rounds 1-2,Dplus Kia Challengers,Kiwoom DRX Challengers,Dplus Kia Challengers,"[""Varus"", ""Lucian"", ""Orianna"", ""Bard"", ""Yuumi""]","[""Jarvan IV"", ""Nocturne"", ""Karma"", ""Anivia"", ""Cassiopeia""]","[""Ashe"", ""Seraphine"", ""K'Sante"", ""Azir"", ""Lee Sin""]","[""Rumble"", ""Xin Zhao"", ""Ryze"", ""Caitlyn"", ""Lux""]",[],[],1,leaguepedia_cargo_patch_range,0
LCK CL/2026 Season/Rounds 1-2_Week 8_7_1,2026-05-21 05:08:00,26.10,LCK CL 2026 Rounds 1-2,DN SOOPers Challengers,Hanwha Life Esports Challengers,DN SOOPers Challengers,"[""Varus"", ""Lucian"", ""Ashe"", ""Ryze"", ""Ambessa""]","[""Orianna"", ""Cassiopeia"", ""Neeko"", ""Anivia"", ""Akali""]","[""Karma"", ""Rumble"", ""Caitlyn"", ""Nocturne"", ""Yone""]","[""Ezreal"", ""Jarvan IV"", ""Bard"", ""Azir"", ""K'Sante""]",[],[],1,leaguepedia_cargo_patch_range,0
LCK CL/2026 Season/Rounds 1-2_Week 8_7_2,2026-05-21 05:59:00,26.10,LCK CL 2026 Rounds 1-2,DN SOOPers Challengers,Hanwha Life Esports Challengers,DN SOOPers Challengers,"[""Lulu"", ""Lucian"", ""Ashe"", ""Nami"", ""Rakan""]","[""Orianna"", ""Cassiopeia"", ""Varus"", ""Renekton"", ""Vayne""]","[""Neeko"", ""Annie"", ""Xin Zhao"", ""Xayah"", ""Gwen""]","[""Aurora"", ""Vi"", ""Ambessa"", ""Yunara"", ""Milio""]",[],[],1,leaguepedia_cargo_patch_range,0
LCK CL/2026 Season/Rounds 1-2_Week 8_8_2,2026-05-21 06:03:00,26.10,LCK CL 2026 Rounds 1-2,Nongshim Esports Academy,Gen.G Global Academy,Nongshim Esports Academy,"[""Karma"", ""Varus"", ""Ashe"", ""Vayne"", ""Gnar""]","[""Lucian"", ""Jarvan IV"", ""Rumble"", ""Miss Fortune"", ""Jhin""]","[""Vi"", ""Orianna"", ""Nautilus"", ""Corki"", ""Renekton""]","[""Bard"", ""Caitlyn"", ""Xin Zhao"", ""Akali"", ""Zaahen""]",[],[],1,leaguepedia_cargo_patch_range,0
LCK CL/2026 Season/Rounds 1-2_Week 8_6_2,2026-05-21 06:04:00,26.10,LCK CL 2026 Rounds 1-2,Dplus Kia Challengers,Kiwoom DRX Challengers,Dplus Kia Challengers,"[""Varus"", ""Orianna"", ""Bard"", ""Cassiopeia"", ""Vi""]","[""Jarvan IV"", ""Nocturne"", ""Lucian"", ""Trundle"", ""Wukong""]","[""Karma"", ""Sivir"", ""Jayce"", ""Skarner"", ""Twisted Fate""]","[""Ezreal"", ""Anivia"", ""Sion"", ""Pantheon"", ""Mel""]",[],[],1,leaguepedia_cargo_patch_range,0
LCK/2026 Season/Rounds 1-2_Week 8_3_1,2026-05-21 08:07:00,26.10,LCK 2026 Rounds 1-2,BNK FEARX,Hanwha Life Esports,Hanwha Life Esports,"[""Varus"", ""Ezreal"", ""Jarvan IV"", ""K'Sante"", ""Sion""]","[""Orianna"", ""Cassiopeia"", ""Bard"", ""Lee Sin"", ""Trundle""]","[""Rumble"", ""Nautilus"", ""Miss Fortune"", ""Vi"", ""Yone""]","[""Karma"", ""Xin Zhao"", ""Sivir"", ""Ryze"", ""Galio""]",[],[],0,leaguepedia_cargo_patch_range,1
LJL/2026 Season/Spring Series_Week 4_1_1,2026-05-21 08:12:00,26.10,LJL 2026 Spring Series,FENNEL,Uwinks,FENNEL,"[""Galio"", ""Ezreal"", ""Sion"", ""Pantheon"", ""Lee Sin""]","[""Vi"", ""Varus"", ""Nocturne"", ""Nautilus"", ""Leona""]","[""Orianna"", ""Naafiri"", ""Mel"", ""Renekton"", ""Skarner""]","[""Ashe"", ""Seraphine"", ""Viktor"", ""Ambessa"", ""Kennen""]",[],[],1,leaguepedia_cargo_patch_range,0
LJL/2026 Season/Spring Series_Week 4_1_2,2026-05-21 09:00:00,26.10,LJL 2026 Spring Series,FENNEL,Uwinks,FENNEL,"[""Ezreal"", ""Sion"", ""Nocturne"", ""Hwei"", ""Gnar""]","[""Vi"", ""Rumble"", ""Varus"", ""LeBlanc"", ""Akali""]","[""Lee Sin"", ""Miss Fortune"", ""Rell"", ""K'Sante"", ""Annie""]","[""Kai'Sa"", ""Pantheon"", ""Neeko"", ""Aurora"", ""Smolder""]",[],[],1,leaguepedia_cargo_patch_range,0
LCK/2026 Season/Rounds 1-2_Week 8_3_2,2026-05-21 09:05:00,26.10,LCK 2026 Rounds 1-2,Hanwha Life Esports,BNK FEARX,Hanwha Life Esports,"[""Varus"", ""Bard"", ""Ziggs"", ""Naafiri"", ""Lee Sin""]","[""Orianna"", ""Cassiopeia"", ""Jarvan IV"", ""Nocturne"", ""Wukong""]","[""Lucian"", ""Milio"", ""Twisted Fate"", ""Sion"", ""Trundle""]","[""Ashe"", ""Seraphine"", ""Mel"", ""Pantheon"", ""Ambessa""]",[],[],1,leaguepedia_cargo_patch_range,0
LJL/2026 Season/Spring Series_Week 4_2_1,2026-05-21 10:03:00,26.10,LJL 2026 Spring Series,Rising Gaming,New Meta,New Meta,"[""Nocturne"", ""Lucian"", ""Sion"", ""Ornn"", ""Orianna""]","[""Bard"", ""Ezreal"", ""Akali"", ""Nautilus"", ""Yunara""]","[""Rumble"", ""Jayce"", ""Viktor"", ""Senna"", ""Tahm Kench""]","[""Xin Zhao"", ""Karma"", ""Jhin"", ""Sylas"", ""Irelia""]",[],[],0,leaguepedia_cargo_patch_range,1
VCS/2026 Season/Summer Season_Week 2_3_1,2026-05-21 10:08:00,26.09,VCS 2026 Summer,Saigon Dino,SN CyberCore Esports,Saigon Dino,"[""Nautilus"", ""Nocturne"", ""Lucian"", ""Gwen"", ""Pyke""]","[""Orianna"", ""Pantheon"", ""Rumble"", ""Aurora"", ""Akali""]","[""Ezreal"", ""Bard"", ""Sion"", ""Jarvan IV"", ""Viktor""]","[""Varus"", ""Cassiopeia"", ""Skarner"", ""Ambessa"", ""Naafiri""]",[],[],1,leaguepedia_cargo_patch_range,0
LCK/2026 Season/Rounds 1-2_Week 8_4_1,2026-05-21 10:22:00,26.10,LCK 2026 Rounds 1-2,Dplus Kia,HANJIN BRION,Dplus Kia,"[""Varus"", ""Karma"", ""Lee Sin"", ""Cassiopeia"", ""LeBlanc""]","[""Nocturne"", ""Lucian"", ""Elise"", ""Xin Zhao"", ""Naafiri""]","[""Orianna"", ""Nautilus"", ""Ezreal"", ""Rumble"", ""Pantheon""]","[""Jarvan IV"", ""Bard"", ""Sivir"", ""Viktor"", ""K'Sante""]",[],[],1,leaguepedia_cargo_patch_range,0
LJL/2026 Season/Spring Series_Week 4_2_2,2026-05-21 10:53:00,26.10,LJL 2026 Spring Series,New Meta,Rising Gaming,Rising Gaming,"[""Bard"", ""Akali"", ""Ezreal"", ""Yunara"", ""Caitlyn""]","[""Nocturne"", ""Vi"", ""Varus"", ""Renekton"", ""Gwen""]","[""Orianna"", ""Skarner"", ""Ashe"", ""Seraphine"", ""Tryndamere""]","[""Jarvan IV"", ""LeBlanc"", ""Ambessa"", ""Lucian"", ""Milio""]",[],[],0,leaguepedia_cargo_patch_range,1
VCS/2026 Season/Summer Season_Week 2_3_2,2026-05-21 11:04:00,26.09,VCS 2026 Summer,SN CyberCore Esports,Saigon Dino,Saigon Dino,"[""Nocturne"", ""Pantheon"", ""Ashe"", ""Xin Zhao"", ""Vi""]","[""Rumble"", ""Lucian"", ""Renekton"", ""Akali"", ""Gwen""]","[""Jayce"", ""Caitlyn"", ""Braum"", ""Trundle"", ""Sylas""]","[""Miss Fortune"", ""Nautilus"", ""Orianna"", ""K'Sante"", ""Lee Sin""]",[],[],0,leaguepedia_cargo_patch_range,1
LCK/2026 Season/Rounds 1-2_Week 8_4_2,2026-05-21 11:23:00,26.10,LCK 2026 Rounds 1-2,HANJIN BRION,Dplus Kia,HANJIN BRION,"[""Varus"", ""Twisted Fate"", ""Lee Sin"", ""Sion"", ""Yorick""]","[""Nocturne"", ""Karma"", ""Trundle"", ""Pyke"", ""Lucian""]","[""Cassiopeia"", ""Vi"", ""Jayce"", ""Caitlyn"", ""Lux""]","[""Ashe"", ""Xin Zhao"", ""Seraphine"", ""Anivia"", ""Kog'Maw""]",[],[],1,leaguepedia_cargo_patch_range,0
LJL/2026 Season/Spring Series_Week 4_2_3,2026-05-21 11:59:00,26.10,LJL 2026 Spring Series,Rising Gaming,New Meta,Rising Gaming,"[""Nocturne"", ""Vi"", ""Varus"", ""Gwen"", ""Jax""]","[""Bard"", ""Yunara"", ""Ezreal"", ""Akali"", ""Zoe""]","[""Lee Sin"", ""Miss Fortune"", ""Nautilus"", ""Gnar"", ""Aurora""]","[""Neeko"", ""Caitlyn"", ""Trundle"", ""Anivia"", ""Vayne""]",[],[],1,leaguepedia_cargo_patch_range,0
VCS/2026 Season/Summer Season_Week 2_4_1,2026-05-21 12:03:00,26.09,VCS 2026 Summer,ZEN Esports (Vietnamese Team),9Gaming,ZEN Esports (Vietnamese Team),"[""Varus"", ""Nocturne"", ""Lucian"", ""Nautilus""]","[""Orianna"", ""Karma"", ""Pantheon"", ""Caitlyn"", ""Braum""]","[""Jarvan IV"", ""Cassiopeia"", ""Gnar"", ""Jhin"", ""Bard""]","[""Rumble"", ""Xin Zhao"", ""Syndra"", ""Seraphine"", ""Yunara""]",[],[],1,leaguepedia_cargo_patch_range,0
LCK/2026 Season/Rounds 1-2_Week 8_4_3,2026-05-21 12:22:00,26.10,LCK 2026 Rounds 1-2,HANJIN BRION,Dplus Kia,Dplus Kia,"[""Nocturne"", ""Varus"", ""Elise"", ""Gnar"", ""Alistar""]","[""Lee Sin"", ""Lucian"", ""Ryze"", ""Sion"", ""Twisted Fate""]","[""Karma"", ""Wukong"", ""Yunara"", ""Taliyah"", ""Illaoi""]","[""Jhin"", ""Annie"", ""Naafiri"", ""Renekton"", ""Neeko""]",[],[],0,leaguepedia_cargo_patch_range,1
VCS/2026 Season/Summer Season_Week 2_4_2,2026-05-21 12:59:00,26.09,VCS 2026 Summer,ZEN Esports (Vietnamese Team),9Gaming,ZEN Esports (Vietnamese Team),"[""Varus"", ""Ryze"", ""Nocturne"", ""Naafiri"", ""Vi""]","[""Orianna"", ""Karma"", ""Pantheon"", ""Milio"", ""Nami""]","[""Lucian"", ""Lee Sin"", ""Annie"", ""Pyke"", ""Jayce""]","[""Caitlyn"", ""Lux"", ""Galio"", ""Volibear"", ""Yorick""]",[],[],1,leaguepedia_cargo_patch_range,0
Prime League 1st Division/2026 Season/Spring Playoffs_Quarterfinals_2_1,2026-05-21 15:08:00,26.10,PRM 1st Division 2026 Spring Playoffs,Unicorns of Love Sexy Edition,G2 NORD,G2 NORD,"[""Varus"", ""Nautilus"", ""Jarvan IV"", ""Gwen"", ""Ambessa""]","[""Seraphine"", ""Ezreal"", ""Orianna"", ""Renekton"", ""Sion""]","[""Caitlyn"", ""Karma"", ""Xin Zhao"", ""Ahri"", ""Aurora""]","[""Pantheon"", ""Bard"", ""Jhin"", ""Anivia"", ""Yorick""]",[],[],0,leaguepedia_cargo_patch_range,1
TCL/2026 Season/Spring Playoffs_Round 2_1_1,2026-05-21 15:12:00,26.10,TCL 2026 Spring Playoffs,Misa Esports,Ozarox Esports,Misa Esports,"[""Nautilus"", ""Ambessa"", ""Varus"", ""Anivia"", ""Aurora""]","[""Karma"", ""Orianna"", ""Ashe"", ""Xin Zhao"", ""Jarvan IV""]","[""Lucian"", ""Milio"", ""Cassiopeia"", ""Gwen"", ""Wukong""]","[""Pantheon"", ""Kalista"", ""Renata Glasc"", ""Sion"", ""Viktor""]",[],[],1,leaguepedia_cargo_patch_range,0
LES/2026 Season/Spring Split_Week 7_3_1,2026-05-21 15:13:00,26.10,LES 2026 Spring,Falke Esports,GIANTX iTero,GIANTX iTero,"[""Shen"", ""Bard"", ""Nautilus"", ""Karma"", ""Nami""]","[""Pantheon"", ""Seraphine"", ""Akali"", ""Neeko"", ""Alistar""]","[""Orianna"", ""Jarvan IV"", ""Jhin"", ""Rell"", ""Gnar""]","[""Ezreal"", ""Nocturne"", ""Galio"", ""Rakan"", ""Vayne""]",[],[],0,leaguepedia_cargo_patch_range,1
Rift Legends/2026 Season/Spring Split_Week 6_5_1,2026-05-21 15:16:00,26.10,Rift Legends 2026 Spring,Forsaken (Polish Team),DOCISK,Forsaken (Polish Team),"[""Xin Zhao"", ""Orianna"", ""Ezreal"", ""Ryze"", ""Yorick""]","[""Rumble"", ""Karma"", ""Vi"", ""LeBlanc"", ""Gnar""]","[""Jarvan IV"", ""Ashe"", ""Seraphine"", ""Akali"", ""K'Sante""]","[""Lucian"", ""Lee Sin"", ""Milio"", ""Sion"", ""Aurora""]",[],[],1,leaguepedia_cargo_patch_range,0
Streamers Clash/Season 4_Day 4_1_1,2026-05-21 15:41:00,26.10,Streamers Clash Season 4,SPAJKOVI UKRADLI SUPERSTRIKE,VEDICI DEEMONS,VEDICI DEEMONS,"[""Nautilus"", ""Skarner"", ""Malphite"", ""Zed"", ""Naafiri""]","[""Udyr"", ""Yone"", ""Yuumi"", ""Nasus"", ""Kayle""]","[""Seraphine"", ""Gwen"", ""Braum"", ""Sion"", ""Jarvan IV""]","[""Maokai"", ""Vayne"", ""Jinx"", ""Lillia"", ""Amumu""]",[],[],0,leaguepedia_cargo_patch_range,1
Prime League 1st Division/2026 Season/Spring Playoffs_Quarterfinals_2_2,2026-05-21 16:01:00,26.10,PRM 1st Division 2026 Spring Playoffs,G2 NORD,Unicorns of Love Sexy Edition,G2 NORD,"[""Nautilus"", ""Varus"", ""Nocturne"", ""Aatrox"", ""Jayce""]","[""Orianna"", ""Seraphine"", ""Rumble"", ""Viktor"", ""Akali""]","[""Lucian"", ""Jarvan IV"", ""Nami"", ""Hwei"", ""Renekton""]","[""Yunara"", ""Milio"", ""Wukong"", ""Cassiopeia"", ""Gnar""]",[],[],1,leaguepedia_cargo_patch_range,0
Road Of Legends/2026 Season/Spring Playoffs_Round 1_3_1,2026-05-21 16:03:00,26.10,Road Of Legends 2026 Spring Playoffs,Once Upon A Team,Dynasty,Once Upon A Team,"[""Sion"", ""Zed"", ""Yasuo"", ""Viktor"", ""Syndra""]","[""Orianna"", ""Zoe"", ""Ambessa"", ""Taliyah"", ""Aatrox""]","[""Pantheon"", ""Nautilus"", ""Ezreal"", ""Ryze"", ""Gnar""]","[""Xin Zhao"", ""Karma"", ""Varus"", ""Ornn"", ""Anivia""]",[],[],1,leaguepedia_cargo_patch_range,0
Esports Balkan League/2026 Season/Spring Playoffs_Round 4_1_1,2026-05-21 16:04:00,26.10,EBL 2026 Spring Playoffs,Magaza Esports,Partizan Sangal,Partizan Sangal,"[""Nautilus"", ""Aurora"", ""Zaahen"", ""Gnar"", ""Vayne""]","[""Orianna"", ""Wukong"", ""Jarvan IV"", ""Syndra"", ""Mel""]","[""Xin Zhao"", ""Lucian"", ""Milio"", ""K'Sante"", ""LeBlanc""]","[""Ashe"", ""Seraphine"", ""Ryze"", ""Pantheon"", ""Varus""]",[],[],0,leaguepedia_cargo_patch_range,1
LFL/2026 Season/Spring Playoffs_Round 2_3_1,2026-05-21 16:08:00,26.10,LFL 2026 Spring Playoffs,Esprit Shōnen,Galions,Galions,"[""Nautilus"", ""Ashe"", ""Pantheon"", ""Ryze"", ""Ornn""]","[""Orianna"", ""Varus"", ""Anivia"", ""Sion"", ""Syndra""]","[""Ezreal"", ""Karma"", ""Jarvan IV"", ""Rumble"", ""Akali""]","[""Lucian"", ""Xin Zhao"", ""Milio"", ""Viktor"", ""K'Sante""]",[],[],0,leaguepedia_cargo_patch_range,1
Rift Legends/2026 Season/Spring Split_Week 6_5_2,2026-05-21 16:09:00,26.10,Rift Legends 2026 Spring,Forsaken (Polish Team),DOCISK,Forsaken (Polish Team),"[""Wukong"", ""Ezreal"", ""Karma"", ""Zoe"", ""Yorick""]","[""Orianna"", ""Rumble"", ""Xin Zhao"", ""Azir"", ""Ryze""]","[""Bard"", ""Skarner"", ""Caitlyn"", ""Viktor"", ""Jayce""]","[""Pantheon"", ""Neeko"", ""Yunara"", ""Ahri"", ""Ambessa""]",[],[],1,leaguepedia_cargo_patch_range,0
LES/2026 Season/Spring Split_Week 7_3_2,2026-05-21 16:10:00,26.10,LES 2026 Spring,GIANTX iTero,Falke Esports,GIANTX iTero,"[""Pantheon"", ""Seraphine"", ""Varus"", ""Jayce"", ""Renekton""]","[""Shen"", ""Bard"", ""Nautilus"", ""Ornn"", ""Rumble""]","[""Ambessa"", ""Vi"", ""Xerath"", ""Corki"", ""Nami""]","[""Darius"", ""Xin Zhao"", ""Anivia"", ""Caitlyn"", ""Karma""]",[],[],1,leaguepedia_cargo_patch_range,0
Arabian League/2026 Season/Spring Playoffs_Finals_1_1,2026-05-21 16:12:00,26.09,Arabian League 2026 Spring Playoffs,Anubis Gaming,FN Esports,Anubis Gaming,"[""Nautilus"", ""Nocturne"", ""Ezreal"", ""Aurora"", ""Ahri""]","[""Karma"", ""Orianna"", ""Seraphine"", ""Ryze"", ""Rumble""]","[""Jarvan IV"", ""Jhin"", ""Neeko"", ""Anivia"", ""Gnar""]","[""Caitlyn"", ""Xin Zhao"", ""Nami"", ""Annie"", ""Irelia""]",[],[],1,leaguepedia_cargo_patch_range,0
TCL/2026 Season/Spring Playoffs_Round 2_1_2,2026-05-21 16:16:00,26.10,TCL 2026 Spring Playoffs,Ozarox Esports,Misa Esports,Misa Esports,"[""Nautilus"", ""Jarvan IV"", ""Karma"", ""Viego"", ""Gnar""]","[""Orianna"", ""Rumble"", ""Varus"", ""Anivia"", ""Ryze""]","[""Xin Zhao"", ""Ezreal"", ""Nami"", ""K'Sante"", ""Akali""]","[""Ashe"", ""Seraphine"", ""Annie"", ""Nocturne"", ""Twisted Fate""]",[],[],0,leaguepedia_cargo_patch_range,1
Streamers Clash/Season 4_Day 4_2_1,2026-05-21 16:36:00,26.10,Streamers Clash Season 4,SILNĚJŠÍ SE XNAPYM,TYBLÁHO MEWING SOCIETY,TYBLÁHO MEWING SOCIETY,"[""Olaf"", ""Irelia"", ""Yuumi"", ""Jarvan IV"", ""Shyvana""]","[""Bel'Veth"", ""Malphite"", ""Gwen"", ""Nasus"", ""Akali""]","[""Ashe"", ""Amumu"", ""Skarner"", ""Ornn"", ""Cassiopeia""]","[""Braum"", ""Seraphine"", ""Vayne"", ""Xin Zhao"", ""Galio""]",[],[],0,leaguepedia_cargo_patch_range,1
Prime League 1st Division/2026 Season/Spring Playoffs_Quarterfinals_2_3,2026-05-21 16:54:00,26.10,PRM 1st Division 2026 Spring Playoffs,G2 NORD,Unicorns of Love Sexy Edition,G2 NORD,"[""Varus"", ""Annie"", ""Nocturne"", ""Aatrox"", ""Taliyah""]","[""Orianna"", ""Rumble"", ""Vi"", ""Ezreal"", ""Poppy""]","[""Seraphine"", ""Ryze"", ""Lee Sin"", ""Senna"", ""Olaf""]","[""Ashe"", ""Lulu"", ""Skarner"", ""Ambessa"", ""Azir""]",[],[],1,leaguepedia_cargo_patch_range,0
Esports Balkan League/2026 Season/Spring Playoffs_Round 4_1_2,2026-05-21 16:56:00,26.10,EBL 2026 Spring Playoffs,Partizan Sangal,Magaza Esports,Partizan Sangal,"[""Nautilus"", ""Wukong"", ""Jarvan IV"", ""Zaahen"", ""Zeri""]","[""Orianna"", ""Karma"", ""Aurora"", ""Jayce"", ""Vayne""]","[""Yunara"", ""Nami"", ""Nocturne"", ""Gnar"", ""Cassiopeia""]","[""Lulu"", ""Skarner"", ""Tristana"", ""Aatrox"", ""Viktor""]",[],[],1,leaguepedia_cargo_patch_range,0
LFL/2026 Season/Spring Playoffs_Round 2_3_2,2026-05-21 16:56:00,26.10,LFL 2026 Spring Playoffs,Galions,Esprit Shōnen,Galions,"[""Nautilus"", ""Varus"", ""Anivia"", ""Gnar"", ""Kennen""]","[""Orianna"", ""Pantheon"", ""Yunara"", ""LeBlanc"", ""Syndra""]","[""Seraphine"", ""Ashe"", ""Zaahen"", ""Renekton"", ""Annie""]","[""Wukong"", ""Nami"", ""Senna"", ""Cassiopeia"", ""Ornn""]",[],[],1,leaguepedia_cargo_patch_range,0
Road Of Legends/2026 Season/Spring Playoffs_Round 1_3_2,2026-05-21 17:00:00,26.10,Road Of Legends 2026 Spring Playoffs,Once Upon A Team,Dynasty,Once Upon A Team,"[""Sion"", ""Zed"", ""Yasuo"", ""Viktor"", ""Nami""]","[""Orianna"", ""Zoe"", ""Ambessa"", ""Lux"", ""Poppy""]","[""Jarvan IV"", ""Tristana"", ""Aurora"", ""Galio"", ""Rell""]","[""Rumble"", ""Vi"", ""Corki"", ""Ahri"", ""Alistar""]",[],[],1,leaguepedia_cargo_patch_range,0
Arabian League/2026 Season/Spring Playoffs_Finals_1_2,2026-05-21 17:04:00,26.09,Arabian League 2026 Spring Playoffs,Anubis Gaming,FN Esports,Anubis Gaming,"[""Nautilus"", ""Nocturne"", ""Viktor"", ""Sion"", ""Wukong""]","[""Karma"", ""Orianna"", ""Pantheon"", ""Cassiopeia"", ""Vi""]","[""Ashe"", ""Seraphine"", ""Aurora"", ""Shen"", ""Jayce""]","[""Lucian"", ""Milio"", ""Ryze"", ""Lee Sin"", ""K'Sante""]",[],[],1,leaguepedia_cargo_patch_range,0
LES/2026 Season/Spring Split_Week 7_4_1,2026-05-21 17:11:00,26.10,LES 2026 Spring,UCAM Esports,Movistar KOI Fénix,UCAM Esports,"[""Orianna"", ""Pantheon"", ""Rumble"", ""Gwen"", ""Ambessa""]","[""Pyke"", ""Nocturne"", ""Nautilus"", ""LeBlanc"", ""Sion""]","[""Yorick"", ""Xin Zhao"", ""Viktor"", ""Ashe"", ""Seraphine""]","[""Jayce"", ""Jarvan IV"", ""Sylas"", ""Ezreal"", ""Karma""]",[],[],1,leaguepedia_cargo_patch_range,0
TCL/2026 Season/Spring Playoffs_Round 2_1_3,2026-05-21 17:13:00,26.10,TCL 2026 Spring Playoffs,Ozarox Esports,Misa Esports,Misa Esports,"[""Caitlyn"", ""Nautilus"", ""Jarvan IV"", ""Ambessa"", ""Naafiri""]","[""Varus"", ""Orianna"", ""Lulu"", ""Aatrox"", ""Vi""]","[""Karma"", ""Rumble"", ""Sivir"", ""Skarner"", ""Yasuo""]","[""Aurora"", ""Jhin"", ""Alistar"", ""Jayce"", ""Anivia""]",[],[],0,leaguepedia_cargo_patch_range,1
LIT/2026 Season/Summer Promotion_Round 4_1_1,2026-05-21 17:19:00,26.10,LIT 2026 Summer Promotion,DECOY 21,P11 Esports,P11 Esports,"[""Ahri"", ""Zaahen"", ""Aurora"", ""Kai'Sa"", ""Gwen""]","[""Ambessa"", ""Xin Zhao"", ""Cassiopeia"", ""Orianna"", ""Ornn""]","[""Nocturne"", ""Karma"", ""Ezreal"", ""Dr. Mundo"", ""Azir""]","[""Ryze"", ""Wukong"", ""Nautilus"", ""Varus"", ""Senna""]",[],[],0,leaguepedia_cargo_patch_range,1
Rift Legends/2026 Season/Spring Split_Week 6_6_1,2026-05-21 17:31:00,26.10,Rift Legends 2026 Spring,Barcząca Esports,devils.one inStreamly,Barcząca Esports,"[""Nautilus"", ""Olaf"", ""Varus"", ""Shyvana"", ""K'Sante""]","[""Karma"", ""Bard"", ""Orianna"", ""Rumble"", ""Twisted Fate""]","[""Ashe"", ""Lee Sin"", ""Seraphine"", ""Anivia"", ""Jayce""]","[""Ezreal"", ""Nami"", ""Wukong"", ""Ryze"", ""Sion""]",[],[],1,leaguepedia_cargo_patch_range,0
Streamers Clash/Season 4_Day 4_3_1,2026-05-21 17:34:00,26.10,Streamers Clash Season 4,NATÁLKY IMAGINÁRNÍ KAMARÁDI,FREEZŮV WOLT DŮCHOĎÁK,FREEZŮV WOLT DŮCHOĎÁK,"[""Yuumi"", ""Mordekaiser"", ""Tristana"", ""Zeri"", ""Caitlyn""]","[""Vladimir"", ""Orianna"", ""Ahri"", ""Nautilus"", ""Brand""]","[""Malphite"", ""Xin Zhao"", ""Smolder"", ""Veigar"", ""Rell""]","[""Galio"", ""Amumu"", ""Ornn"", ""Ivern"", ""Sivir""]",[],[],0,leaguepedia_cargo_patch_range,1
Arabian League/2026 Season/Spring Playoffs_Finals_1_3,2026-05-21 17:49:00,26.09,Arabian League 2026 Spring Playoffs,FN Esports,Anubis Gaming,Anubis Gaming,"[""Varus"", ""Pantheon"", ""Nautilus"", ""Vayne"", ""Ambessa""]","[""Nocturne"", ""Orianna"", ""Karma"", ""Kog'Maw"", ""Sivir""]","[""Lulu"", ""Wukong"", ""Rumble"", ""Xayah"", ""Akali""]","[""Bard"", ""Vi"", ""Ezreal"", ""Ahri"", ""Sion""]",[],[],0,leaguepedia_cargo_patch_range,1
LES/2026 Season/Spring Split_Week 7_4_2,2026-05-21 17:57:00,26.10,LES 2026 Spring,Movistar KOI Fénix,UCAM Esports,Movistar KOI Fénix,"[""Pyke"", ""Nocturne"", ""Nautilus"", ""Aurora"", ""Rumble""]","[""Orianna"", ""Pantheon"", ""Caitlyn"", ""Anivia"", ""Cassiopeia""]","[""Vi"", ""Lulu"", ""Yunara"", ""Gnar"", ""Taliyah""]","[""Lucian"", ""Milio"", ""Wukong"", ""Annie"", ""Sion""]",[],[],1,leaguepedia_cargo_patch_range,0
LIT/2026 Season/Summer Promotion_Round 4_1_2,2026-05-21 18:01:00,26.10,LIT 2026 Summer Promotion,DECOY 21,P11 Esports,DECOY 21,"[""Ahri"", ""Zaahen"", ""Aurora"", ""Gwen"", ""Jax""]","[""Cassiopeia"", ""Vayne"", ""Ambessa"", ""Yunara"", ""Jinx""]","[""Sion"", ""Jarvan IV"", ""Lulu"", ""Sivir"", ""Sylas""]","[""Ashe"", ""Seraphine"", ""Xin Zhao"", ""Gnar"", ""Hwei""]",[],[],1,leaguepedia_cargo_patch_range,0
Road Of Legends/2026 Season/Spring Playoffs_Round 1_4_1,2026-05-21 18:03:00,26.10,Road Of Legends 2026 Spring Playoffs,mCon esports,Senshi eSports (Benelux Team),mCon esports,"[""Jarvan IV"", ""Nautilus"", ""Caitlyn"", ""LeBlanc"", ""Sion""]","[""Rumble"", ""Orianna"", ""Karma"", ""Fiora"", ""Gwen""]","[""Lucian"", ""Xin Zhao"", ""Milio"", ""Ambessa"", ""Taliyah""]","[""Yunara"", ""Lulu"", ""Wukong"", ""K'Sante"", ""Akali""]",[],[],1,leaguepedia_cargo_patch_range,0
LFL/2026 Season/Spring Playoffs_Round 2_4_1,2026-05-21 18:04:00,26.10,LFL 2026 Spring Playoffs,Vitality.Bee,TLN Pirates,TLN Pirates,"[""Nautilus"", ""Caitlyn"", ""Anivia"", ""Sion"", ""Ambessa""]","[""Orianna"", ""Ezreal"", ""Ryze"", ""Vi"", ""Skarner""]","[""Milio"", ""Viktor"", ""Jinx"", ""Xin Zhao"", ""K'Sante""]","[""Yunara"", ""Pantheon"", ""Lulu"", ""Akali"", ""Gwen""]",[],[],0,leaguepedia_cargo_patch_range,1
Esports Balkan League/2026 Season/Spring Playoffs_Round 3_1_1,2026-05-21 18:09:00,26.10,EBL 2026 Spring Playoffs,Lenovo Legion Honvéd,The Secret Club,The Secret Club,"[""Seraphine"", ""Annie"", ""Caitlyn"", ""LeBlanc"", ""Ahri""]","[""Orianna"", ""Ezreal"", ""Ambessa"", ""Gwen"", ""Gnar""]","[""Ornn"", ""Pantheon"", ""Hwei"", ""Sivir"", ""Karma""]","[""Sion"", ""Jayce"", ""Syndra"", ""Senna"", ""Nautilus""]",[],[],0,leaguepedia_cargo_patch_range,1
Rift Legends/2026 Season/Spring Split_Week 6_6_2,2026-05-21 18:11:00,26.10,Rift Legends 2026 Spring,Barcząca Esports,devils.one inStreamly,devils.one inStreamly,"[""Nautilus"", ""Olaf"", ""Shyvana"", ""Caitlyn"", ""Lucian""]","[""Bard"", ""Karma"", ""Orianna"", ""Jarvan IV"", ""Twisted Fate""]","[""Varus"", ""Kog'Maw"", ""Lulu"", ""Trundle"", ""Viktor""]","[""Milio"", ""Pantheon"", ""K'Sante"", ""Aphelios"", ""Ahri""]",[],[],0,leaguepedia_cargo_patch_range,1
LPLOL/2026 Season/Spring Split_Week 4_1_1,2026-05-21 18:13:00,26.09,LPLOL 2026 Spring,Francesinhas,Dream Esports,Dream Esports,"[""Orianna"", ""Jhin"", ""Karma"", ""Nami"", ""Neeko""]","[""Rengar"", ""Ashe"", ""Pantheon"", ""Fiora"", ""Vayne""]","[""Naafiri"", ""Yunara"", ""Bard"", ""Rumble"", ""Viktor""]","[""Smolder"", ""Hecarim"", ""K'Sante"", ""Rakan"", ""Vladimir""]",[],[],0,leaguepedia_cargo_patch_range,1
Streamers Clash/Season 4_Day 4_4_1,2026-05-21 18:38:00,26.10,Streamers Clash Season 4,HERDYNŮV LANGUSTA TÝM,STOPERCENTNÁ KAMILOVA TUTOFKA,HERDYNŮV LANGUSTA TÝM,"[""Gwen"", ""Vayne"", ""Ambessa"", ""Pantheon"", ""Jarvan IV""]","[""Malphite"", ""Viego"", ""Yuumi"", ""Sylas"", ""Nasus""]","[""Seraphine"", ""Nautilus"", ""Cho'Gath"", ""Lillia"", ""Tristana""]","[""Ashe"", ""Maokai"", ""Kayle"", ""Trundle"", ""Lissandra""]",[],[],1,leaguepedia_cargo_patch_range,0
LES/2026 Season/Spring Split_Week 7_4_3,2026-05-21 18:43:00,26.10,LES 2026 Spring,UCAM Esports,Movistar KOI Fénix,Movistar KOI Fénix,"[""Nautilus"", ""Bard"", ""Azir"", ""Sivir"", ""Corki""]","[""Orianna"", ""Nocturne"", ""Kalista"", ""Ahri"", ""Hwei""]","[""Pantheon"", ""Rumble"", ""Jhin"", ""Rell"", ""LeBlanc""]","[""Sejuani"", ""Anivia"", ""Ambessa"", ""Zeri"", ""Yuumi""]",[],[],0,leaguepedia_cargo_patch_range,1
Esports Balkan League/2026 Season/Spring Playoffs_Round 3_1_2,2026-05-21 18:56:00,26.10,EBL 2026 Spring Playoffs,The Secret Club,Lenovo Legion Honvéd,Lenovo Legion Honvéd,"[""Lucian"", ""Aurora"", ""Ambessa"", ""Zoe"", ""Gnar""]","[""Seraphine"", ""Orianna"", ""Wukong"", ""Jarvan IV"", ""Nocturne""]","[""Ezreal"", ""Leona"", ""Ryze"", ""K'Sante"", ""Naafiri""]","[""Xin Zhao"", ""Kai'Sa"", ""Rell"", ""Rumble"", ""Swain""]",[],[],0,leaguepedia_cargo_patch_range,1
LIT/2026 Season/Summer Promotion_Round 4_1_3,2026-05-21 18:56:00,26.10,LIT 2026 Summer Promotion,DECOY 21,P11 Esports,P11 Esports,"[""Ahri"", ""Zaahen"", ""Tristana"", ""Neeko"", ""Aurora""]","[""Ornn"", ""Cassiopeia"", ""Ambessa"", ""Jax"", ""Orianna""]","[""Smolder"", ""Malphite"", ""Bard"", ""Akali"", ""Trundle""]","[""Pantheon"", ""Aphelios"", ""Gwen"", ""Milio"", ""Viktor""]",[],[],0,leaguepedia_cargo_patch_range,1
Road Of Legends/2026 Season/Spring Playoffs_Round 1_4_2,2026-05-21 18:57:00,26.10,Road Of Legends 2026 Spring Playoffs,mCon esports,Senshi eSports (Benelux Team),Senshi eSports (Benelux Team),"[""Jarvan IV"", ""Nautilus"", ""Orianna"", ""LeBlanc"", ""Ryze""]","[""Rumble"", ""Ashe"", ""Karma"", ""Anivia"", ""Annie""]","[""Pantheon"", ""Kai'Sa"", ""Neeko"", ""Sion"", ""Aurora""]","[""Ezreal"", ""Nocturne"", ""Bard"", ""Ahri"", ""Aatrox""]",[],[],0,leaguepedia_cargo_patch_range,1
LFL/2026 Season/Spring Playoffs_Round 2_4_2,2026-05-21 19:01:00,26.10,LFL 2026 Spring Playoffs,TLN Pirates,Vitality.Bee,Vitality.Bee,"[""Nautilus"", ""Pyke"", ""Anivia"", ""Sion"", ""Ahri""]","[""Orianna"", ""Caitlyn"", ""Seraphine"", ""Annie"", ""Mel""]","[""Ezreal"", ""Bard"", ""Vi"", ""Rumble"", ""LeBlanc""]","[""Karma"", ""Jarvan IV"", ""Sivir"", ""Aurora"", ""Galio""]",[],[],0,leaguepedia_cargo_patch_range,1
Rift Legends/2026 Season/Spring Split_Week 6_6_3,2026-05-21 19:06:00,26.10,Rift Legends 2026 Spring,devils.one inStreamly,Barcząca Esports,Barcząca Esports,"[""Rumble"", ""Bard"", ""Karma"", ""Yunara"", ""Neeko""]","[""Olaf"", ""Jarvan IV"", ""Shyvana"", ""Rell"", ""Braum""]","[""Orianna"", ""Naafiri"", ""Renekton"", ""Xayah"", ""Alistar""]","[""Nocturne"", ""Galio"", ""Gnar"", ""Nautilus"", ""Corki""]",[],[],0,leaguepedia_cargo_patch_range,1
LPLOL/2026 Season/Spring Split_Week 4_2_1,2026-05-21 19:12:00,26.09,LPLOL 2026 Spring,ZeroZone Gaming,Crusaders,Crusaders,"[""Ryze"", ""Corki"", ""K'Sante"", ""Jax"", ""Ornn""]","[""Orianna"", ""Lulu"", ""Nautilus"", ""Wukong"", ""Jarvan IV""]","[""Karma"", ""Ezreal"", ""Rumble"", ""Vi"", ""Ahri""]","[""Xin Zhao"", ""Lucian"", ""Nami"", ""Aurora"", ""Viktor""]",[],[],0,leaguepedia_cargo_patch_range,1
Esports Balkan League/2026 Season/Spring Playoffs_Round 3_1_3,2026-05-21 19:46:00,26.10,EBL 2026 Spring Playoffs,Lenovo Legion Honvéd,The Secret Club,The Secret Club,"[""Seraphine"", ""Nocturne"", ""Wukong"", ""Yasuo"", ""Olaf""]","[""Orianna"", ""Lucian"", ""Skarner"", ""Zoe"", ""Viktor""]","[""Jarvan IV"", ""Corki"", ""Nami"", ""Renekton"", ""Annie""]","[""Yunara"", ""Lulu"", ""Sejuani"", ""Aurora"", ""Zaahen""]",[],[],0,leaguepedia_cargo_patch_range,1
Road Of Legends/2026 Season/Spring Playoffs_Round 1_4_3,2026-05-21 19:56:00,26.10,Road Of Legends 2026 Spring Playoffs,mCon esports,Senshi eSports (Benelux Team),mCon esports,"[""Jarvan IV"", ""Nautilus"", ""Orianna"", ""Jayce"", ""Renekton""]","[""Rumble"", ""Ashe"", ""Ryze"", ""Anivia"", ""Viktor""]","[""Karma"", ""Varus"", ""Zaahen"", ""Fiora"", ""Syndra""]","[""Jhin"", ""Vi"", ""Rakan"", ""Mel"", ""Jax""]",[],[],1,leaguepedia_cargo_patch_range,0
LFL/2026 Season/Spring Playoffs_Round 2_4_3,2026-05-21 20:08:00,26.10,LFL 2026 Spring Playoffs,Vitality.Bee,TLN Pirates,TLN Pirates,"[""Caitlyn"", ""Nami"", ""Nocturne"", ""Wukong"", ""Naafiri""]","[""Orianna"", ""Seraphine"", ""Anivia"", ""Ambessa"", ""Fiora""]","[""Cassiopeia"", ""Lee Sin"", ""Varus"", ""Leona"", ""Vayne""]","[""Syndra"", ""Jhin"", ""Sion"", ""Maokai"", ""Alistar""]",[],[],0,leaguepedia_cargo_patch_range,1
North American Challengers League/2026 Season/Spring Playoffs_Round 1_3_1,2026-05-21 20:12:00,26.10,NACL 2026 Spring Playoffs,Winthrop University,Maryville University,Winthrop University,"[""Nocturne"", ""Lucian"", ""Jarvan IV"", ""Xin Zhao"", ""K'Sante""]","[""Karma"", ""Varus"", ""Orianna"", ""Cassiopeia"", ""Anivia""]","[""Ezreal"", ""Pantheon"", ""Neeko"", ""Akali"", ""Rumble""]","[""Jhin"", ""Bard"", ""Ryze"", ""Wukong"", ""Galio""]",[],[],1,leaguepedia_cargo_patch_range,0
LPLOL/2026 Season/Spring Split_Week 4_3_1,2026-05-21 20:20:00,26.09,LPLOL 2026 Spring,Bubliki,Ronaldo Team,Ronaldo Team,"[""Nautilus"", ""Jarvan IV"", ""Varus"", ""Bard"", ""Leona""]","[""Karma"", ""Xin Zhao"", ""Wukong"", ""Vi"", ""Naafiri""]","[""Orianna"", ""Seraphine"", ""Ashe"", ""Rek'Sai"", ""Renekton""]","[""Nocturne"", ""Ryze"", ""Ezreal"", ""Nami"", ""Vayne""]",[],[],0,leaguepedia_cargo_patch_range,1
Circuito Desafiante/2026 Season/Split 2 Promotion/Open Qualifier_Round 6_3_1,2026-05-21 21:12:00,26.10,CD 2026 Split 2 Open Qualifier,Rumble Victory eSports,EmBRAZA! Esports,EmBRAZA! Esports,[],[],[],[],[],[],0,leaguepedia_cargo_patch_range,1
Circuito Desafiante/2026 Season/Split 2 Promotion/Open Qualifier_Round 8_1_1,2026-05-21 21:13:00,26.10,CD 2026 Split 2 Open Qualifier,RAMPAGE (Brazilian Team),Barulhinhos,RAMPAGE (Brazilian Team),[],[],[],[],[],[],1,leaguepedia_cargo_patch_range,0
North American Challengers League/2026 Season/Spring Playoffs_Round 1_3_2,2026-05-21 21:14:00,26.10,NACL 2026 Spring Playoffs,Winthrop University,Maryville University,Maryville University,"[""Nocturne"", ""Lucian"", ""Nautilus"", ""Annie"", ""Rell""]","[""Karma"", ""Orianna"", ""Varus"", ""Corki"", ""Sivir""]","[""Jarvan IV"", ""Jayce"", ""Viktor"", ""Ashe"", ""Seraphine""]","[""Ziggs"", ""Lee Sin"", ""Vayne"", ""Cassiopeia"", ""Pyke""]",[],[],0,leaguepedia_cargo_patch_range,1
Circuito Desafiante/2026 Season/Split 2 Promotion/Open Qualifier_Round 6_2_1,2026-05-21 21:18:00,26.10,CD 2026 Split 2 Open Qualifier,Trupe dos Falange,Kleyton Rhasta,Trupe dos Falange,[],[],[],[],[],[],1,leaguepedia_cargo_patch_range,0
Circuito Desafiante/2026 Season/Split 2 Promotion/Open Qualifier_Round 6_4_1,2026-05-21 21:20:00,26.10,CD 2026 Split 2 Open Qualifier,Nugget enterprises,Marere Invokers,Marere Invokers,[],[],[],[],[],[],0,leaguepedia_cargo_patch_range,1
Circuito Desafiante/2026 Season/Split 2 Promotion/Open Qualifier_Round 6_1_1,2026-05-21 21:23:00,26.10,CD 2026 Split 2 Open Qualifier,Vasco E-Sports,Pandinhas,Vasco E-Sports,[],[],[],[],[],[],1,leaguepedia_cargo_patch_range,0
Circuito Desafiante/2026 Season/Split 2 Promotion/Open Qualifier_Round 8_2_1,2026-05-21 21:23:00,26.10,CD 2026 Split 2 Open Qualifier,PREDIQT,Kuma eSports B,Kuma eSports B,[],[],[],[],[],[],0,leaguepedia_cargo_patch_range,1
LPLOL/2026 Season/Spring Split_Week 4_4_1,2026-05-21 21:24:00,26.09,LPLOL 2026 Spring,Otter Side,GTZ Esports,Otter Side,"[""Pantheon"", ""Nautilus"", ""Hwei"", ""Ambessa"", ""Sion""]","[""Karma"", ""Vi"", ""Caitlyn"", ""Nami"", ""Seraphine""]","[""Orianna"", ""Xin Zhao"", ""Ezreal"", ""Leona"", ""Jayce""]","[""Bard"", ""Aurora"", ""Smolder"", ""Zaahen"", ""K'Sante""]",[],[],1,leaguepedia_cargo_patch_range,0
Circuito Desafiante/2026 Season/Split 2 Promotion/Open Qualifier_Round 6_3_2,2026-05-21 21:55:00,26.10,CD 2026 Split 2 Open Qualifier,EmBRAZA! Esports,Rumble Victory eSports,EmBRAZA! Esports,[],[],[],[],[],[],1,leaguepedia_cargo_patch_range,0
Circuito Desafiante/2026 Season/Split 2 Promotion/Open Qualifier_Round 8_1_2,2026-05-21 22:02:00,26.10,CD 2026 Split 2 Open Qualifier,RAMPAGE (Brazilian Team),Barulhinhos,Barulhinhos,[],[],[],[],[],[],0,leaguepedia_cargo_patch_range,1
North American Challengers League/2026 Season/Spring Playoffs_Round 1_3_3,2026-05-21 22:03:00,26.10,NACL 2026 Spring Playoffs,Maryville University,Winthrop University,Maryville University,"[""Jax"", ""Karma"", ""Nocturne"", ""Vi"", ""Twisted Fate""]","[""Lucian"", ""Orianna"", ""Varus"", ""Senna"", ""Miss Fortune""]","[""Xin Zhao"", ""Gnar"", ""Nautilus"", ""Xayah"", ""Ahri""]","[""Corki"", ""Nami"", ""Ambessa"", ""Zaahen"", ""Azir""]",[],[],1,leaguepedia_cargo_patch_range,0
Circuito Desafiante/2026 Season/Split 2 Promotion/Open Qualifier_Round 6_1_2,2026-05-21 22:17:00,26.10,CD 2026 Split 2 Open Qualifier,Vasco E-Sports,Pandinhas,Vasco E-Sports,[],[],[],[],[],[],1,leaguepedia_cargo_patch_range,0
Circuito Desafiante/2026 Season/Split 2 Promotion/Open Qualifier_Round 6_2_2,2026-05-21 22:26:00,26.10,CD 2026 Split 2 Open Qualifier,Trupe dos Falange,Kleyton Rhasta,Trupe dos Falange,[],[],[],[],[],[],1,leaguepedia_cargo_patch_range,0
Circuito Desafiante/2026 Season/Split 2 Promotion/Open Qualifier_Round 6_4_2,2026-05-21 22:27:00,26.10,CD 2026 Split 2 Open Qualifier,Nugget enterprises,Marere Invokers,Marere Invokers,[],[],[],[],[],[],0,leaguepedia_cargo_patch_range,1
Circuito Desafiante/2026 Season/Split 2 Promotion/Open Qualifier_Round 8_2_2,2026-05-21 22:29:00,26.10,CD 2026 Split 2 Open Qualifier,PREDIQT,Kuma eSports B,PREDIQT,[],[],[],[],[],[],1,leaguepedia_cargo_patch_range,0
Circuito Desafiante/2026 Season/Split 2 Promotion/Open Qualifier_Round 8_1_3,2026-05-21 22:44:00,26.10,CD 2026 Split 2 Open Qualifier,Barulhinhos,RAMPAGE (Brazilian Team),Barulhinhos,[],[],[],[],[],[],1,leaguepedia_cargo_patch_range,0
North American Challengers League/2026 Season/Spring Playoffs_Round 1_3_4,2026-05-21 22:52:00,26.10,NACL 2026 Spring Playoffs,Maryville University,Winthrop University,Winthrop University,"[""Naafiri"", ""Vi"", ""Nocturne"", ""Twisted Fate"", ""Blitzcrank""]","[""Orianna"", ""Lucian"", ""Varus"", ""K'Sante"", ""Sion""]","[""Karma"", ""Jinx"", ""Skarner"", ""Annie"", ""Kennen""]","[""Caitlyn"", ""Anivia"", ""Jax"", ""Kha'Zix"", ""Mel""]",[],[],0,leaguepedia_cargo_patch_range,1
Circuito Desafiante/2026 Season/Split 2 Promotion/Open Qualifier_Round 7_1_1,2026-05-21 23:18:00,26.10,CD 2026 Split 2 Open Qualifier,Trupe dos Falange,Vasco E-Sports,Vasco E-Sports,[],[],[],[],[],[],0,leaguepedia_cargo_patch_range,1
Circuito Desafiante/2026 Season/Split 2 Promotion/Open Qualifier_Round 7_2_1,2026-05-21 23:19:00,26.10,CD 2026 Split 2 Open Qualifier,EmBRAZA! Esports,Marere Invokers,Marere Invokers,[],[],[],[],[],[],0,leaguepedia_cargo_patch_range,1
Circuito Desafiante/2026 Season/Split 2 Promotion/Open Qualifier_Round 8_2_3,2026-05-21 23:29:00,26.10,CD 2026 Split 2 Open Qualifier,PREDIQT,Kuma eSports B,Kuma eSports B,[],[],[],[],[],[],0,leaguepedia_cargo_patch_range,1
North American Challengers League/2026 Season/Spring Playoffs_Round 1_3_5,2026-05-21 23:47:00,26.10,NACL 2026 Spring Playoffs,Winthrop University,Maryville University,Winthrop University,"[""Sion"", ""Vi"", ""K'Sante"", ""Rell"", ""Blitzcrank""]","[""Orianna"", ""Varus"", ""Lucian"", ""Renekton"", ""Shen""]","[""Nocturne"", ""Yunara"", ""Lulu"", ""Vladimir"", ""Aatrox""]","[""Twisted Fate"", ""Trundle"", ""Camille"", ""Aphelios"", ""Milio""]",[],[],1,leaguepedia_cargo_patch_range,0
Circuito Desafiante/2026 Season/Split 2 Promotion/Open Qualifier_Round 7_1_2,2026-05-22 00:04:00,26.10,CD 2026 Split 2 Open Qualifier,Vasco E-Sports,Trupe dos Falange,Vasco E-Sports,[],[],[],[],[],[],1,leaguepedia_cargo_patch_range,0
Circuito Desafiante/2026 Season/Split 2 Promotion/Open Qualifier_Round 7_2_2,2026-05-22 00:06:00,26.10,CD 2026 Split 2 Open Qualifier,EmBRAZA! Esports,Marere Invokers,EmBRAZA! Esports,[],[],[],[],[],[],1,leaguepedia_cargo_patch_range,0
Circuito Desafiante/2026 Season/Split 2 Promotion/Open Qualifier_Round 7_2_3,2026-05-22 01:05:00,26.10,CD 2026 Split 2 Open Qualifier,EmBRAZA! Esports,Marere Invokers,Marere Invokers,[],[],[],[],[],[],0,leaguepedia_cargo_patch_range,1
LCK CL/2026 Season/Rounds 1-2_Week 8_9_1,2026-05-22 05:06:00,26.10,LCK CL 2026 Rounds 1-2,BNK FEARX Youth,KT Rolster Challengers,KT Rolster Challengers,"[""Varus"", ""Karma"", ""Jarvan IV"", ""Vi"", ""Yorick""]","[""Nocturne"", ""Lucian"", ""Rumble"", ""Xin Zhao"", ""Skarner""]","[""Orianna"", ""Yunara"", ""Lulu"", ""Pantheon"", ""Jayce""]","[""Ezreal"", ""Bard"", ""Akali"", ""Lee Sin"", ""K'Sante""]",[],[],0,leaguepedia_cargo_patch_range,1
LCK CL/2026 Season/Rounds 1-2_Week 8_10_1,2026-05-22 05:08:00,26.10,LCK CL 2026 Rounds 1-2,HANJIN BRION Challengers,T1 Esports Academy,T1 Esports Academy,"[""Varus"", ""Karma"", ""Bard"", ""Cassiopeia"", ""Yorick""]","[""Rumble"", ""Jarvan IV"", ""Nocturne"", ""Ahri"", ""Orianna""]","[""Vi"", ""Zeri"", ""Yuumi"", ""Jayce"", ""Mel""]","[""Ashe"", ""Xin Zhao"", ""Seraphine"", ""Twisted Fate"", ""Sion""]",[],[],0,leaguepedia_cargo_patch_range,1
LCK CL/2026 Season/Rounds 1-2_Week 8_10_2,2026-05-22 05:59:00,26.10,LCK CL 2026 Rounds 1-2,HANJIN BRION Challengers,T1 Esports Academy,T1 Esports Academy,"[""Varus"", ""Lucian"", ""Karma"", ""Vayne"", ""Cassiopeia""]","[""Orianna"", ""Jarvan IV"", ""Rumble"", ""Aurora"", ""Akali""]","[""Nocturne"", ""Jhin"", ""Neeko"", ""Teemo"", ""Ryze""]","[""Caitlyn"", ""Bard"", ""Wukong"", ""Gnar"", ""Anivia""]",[],[],0,leaguepedia_cargo_patch_range,1
LCK CL/2026 Season/Rounds 1-2_Week 8_9_2,2026-05-22 06:00:00,26.10,LCK CL 2026 Rounds 1-2,KT Rolster Challengers,BNK FEARX Youth,BNK FEARX Youth,"[""Varus"", ""Ashe"", ""Karma"", ""Ryze"", ""Vayne""]","[""Lucian"", ""Rumble"", ""Cassiopeia"", ""Aurora"", ""Ahri""]","[""Nocturne"", ""Corki"", ""Nami"", ""Annie"", ""Renekton""]","[""Jarvan IV"", ""Neeko"", ""Kalista"", ""LeBlanc"", ""Gnar""]",[],[],0,leaguepedia_cargo_patch_range,1
LCK CL/2026 Season/Rounds 1-2_Week 8_9_3,2026-05-22 06:54:00,26.10,LCK CL 2026 Rounds 1-2,BNK FEARX Youth,KT Rolster Challengers,KT Rolster Challengers,"[""Varus"", ""Ashe"", ""Karma"", ""Anivia"", ""Taliyah""]","[""Lucian"", ""Rumble"", ""Cassiopeia"", ""Miss Fortune"", ""Sivir""]","[""Vi"", ""Ambessa"", ""Aurora"", ""Jinx"", ""Rell""]","[""Xin Zhao"", ""Nautilus"", ""Xayah"", ""Viktor"", ""Irelia""]",[],[],0,leaguepedia_cargo_patch_range,1
LCK/2026 Season/Rounds 1-2_Week 8_5_1,2026-05-22 08:06:00,26.10,LCK 2026 Rounds 1-2,DN SOOPers,Kiwoom DRX,Kiwoom DRX,"[""Varus"", ""Ezreal"", ""Lee Sin"", ""Ashe"", ""Ziggs""]","[""Orianna"", ""Jarvan IV"", ""Vi"", ""Nautilus"", ""Yunara""]","[""Cassiopeia"", ""Xin Zhao"", ""K'Sante"", ""Miss Fortune"", ""Bard""]","[""Rumble"", ""Yone"", ""Skarner"", ""Lucian"", ""Milio""]",[],[],0,leaguepedia_cargo_patch_range,1
LJL/2026 Season/Spring Series_Week 4_3_1,2026-05-22 08:08:00,26.10,LJL 2026 Spring Series,DetonatioN FocusMe Academy,RAYN Clocks,RAYN Clocks,"[""Anivia"", ""Nocturne"", ""Jarvan IV"", ""Ryze"", ""Annie""]","[""Lucian"", ""Varus"", ""Ivern"", ""Aphelios"", ""Ezreal""]","[""Rumble"", ""Nautilus"", ""Xin Zhao"", ""Jinx"", ""Akali""]","[""Ashe"", ""Seraphine"", ""Lee Sin"", ""K'Sante"", ""Galio""]",[],[],0,leaguepedia_cargo_patch_range,1
LJL/2026 Season/Spring Series_Week 4_3_2,2026-05-22 08:58:00,26.10,LJL 2026 Spring Series,RAYN Clocks,DetonatioN FocusMe Academy,DetonatioN FocusMe Academy,"[""Lucian"", ""Ivern"", ""Lulu"", ""Sejuani"", ""Gwen""]","[""Jarvan IV"", ""Vi"", ""Nocturne"", ""Bard"", ""Neeko""]","[""Varus"", ""Naafiri"", ""Orianna"", ""Alistar"", ""Jax""]","[""Karma"", ""Ezreal"", ""Yone"", ""Skarner"", ""Renekton""]",[],[],0,leaguepedia_cargo_patch_range,1
LCK/2026 Season/Rounds 1-2_Week 8_5_2,2026-05-22 09:04:00,26.10,LCK 2026 Rounds 1-2,Kiwoom DRX,DN SOOPers,Kiwoom DRX,"[""Varus"", ""Vi"", ""Jarvan IV"", ""Mel"", ""Nocturne""]","[""Orianna"", ""Ryze"", ""Annie"", ""Sylas"", ""Jayce""]","[""Lee Sin"", ""Nautilus"", ""Sivir"", ""Ahri"", ""Ambessa""]","[""Ezreal"", ""Karma"", ""Gnar"", ""Pantheon"", ""Viktor""]",[],[],1,leaguepedia_cargo_patch_range,0
LJL/2026 Season/Spring Series_Week 4_3_3,2026-05-22 10:03:00,26.10,LJL 2026 Spring Series,DetonatioN FocusMe Academy,RAYN Clocks,RAYN Clocks,"[""Nocturne"", ""Annie"", ""Vi"", ""Sion"", ""Mel""]","[""Lucian"", ""Ivern"", ""Lulu"", ""Aurora"", ""Gwen""]","[""Jarvan IV"", ""Bard"", ""Jhin"", ""Sylas"", ""Irelia""]","[""Neeko"", ""Caitlyn"", ""Nidalee"", ""Maokai"", ""Pantheon""]",[],[],0,leaguepedia_cargo_patch_range,1
VCS/2026 Season/Summer Season_Week 2_5_1,2026-05-22 10:09:00,26.09,VCS 2026 Summer,Saigon Dino,Saigon Warriors,Saigon Warriors,"[""Rumble"", ""Nautilus"", ""Nocturne"", ""Ahri"", ""Gwen""]","[""Orianna"", ""Jarvan IV"", ""Ezreal"", ""Pantheon"", ""Naafiri""]","[""Karma"", ""Jhin"", ""Cassiopeia"", ""Sion"", ""Xin Zhao""]","[""Varus"", ""Bard"", ""Vi"", ""LeBlanc"", ""Sivir""]",[],[],0,leaguepedia_cargo_patch_range,1
LCK/2026 Season/Rounds 1-2_Week 8_6_1,2026-05-22 10:20:00,26.10,LCK 2026 Rounds 1-2,KT Rolster,Gen.G,Gen.G,"[""Varus"", ""Jarvan IV"", ""Nautilus"", ""Taliyah"", ""Zaahen""]","[""Rumble"", ""Orianna"", ""Cassiopeia"", ""Lee Sin"", ""Wukong""]","[""Karma"", ""Jhin"", ""Ryze"", ""Naafiri"", ""Sion""]","[""Ezreal"", ""Nami"", ""Pantheon"", ""Anivia"", ""Ambessa""]",[],[],0,leaguepedia_cargo_patch_range,1
VCS/2026 Season/Summer Season_Week 2_5_2,2026-05-22 10:56:00,26.09,VCS 2026 Summer,Saigon Dino,Saigon Warriors,Saigon Warriors,"[""Nocturne"", ""Pantheon"", ""Rumble"", ""Azir"", ""Taliyah""]","[""Orianna"", ""Jarvan IV"", ""Annie"", ""Miss Fortune"", ""Corki""]","[""Ryze"", ""Lee Sin"", ""Nautilus"", ""Renekton"", ""Senna""]","[""Lucian"", ""Milio"", ""Skarner"", ""Aurora"", ""Gnar""]",[],[],0,leaguepedia_cargo_patch_range,1
LJL/2026 Season/Spring Series_Week 4_4_1,2026-05-22 11:04:00,26.10,LJL 2026 Spring Series,L Guide Gaming,Arneb,Arneb,"[""Nocturne"", ""Orianna"", ""Lee Sin"", ""Jarvan IV"", ""Naafiri""]","[""Neeko"", ""Seraphine"", ""Varus"", ""Aatrox"", ""Ambessa""]","[""Viktor"", ""Sivir"", ""Nautilus"", ""Rumble"", ""Pantheon""]","[""Ezreal"", ""Bard"", ""Akali"", ""Wukong"", ""Galio""]",[],[],0,leaguepedia_cargo_patch_range,1
LCK/2026 Season/Rounds 1-2_Week 8_6_2,2026-05-22 11:11:00,26.10,LCK 2026 Rounds 1-2,KT Rolster,Gen.G,Gen.G,"[""Varus"", ""Caitlyn"", ""Rumble"", ""Xin Zhao"", ""Yorick""]","[""Orianna"", ""Jarvan IV"", ""Lucian"", ""Miss Fortune"", ""Ziggs""]","[""Cassiopeia"", ""Nautilus"", ""Jayce"", ""Corki"", ""Trundle""]","[""Ashe"", ""Galio"", ""Seraphine"", ""Nocturne"", ""Vayne""]",[],[],0,leaguepedia_cargo_patch_range,1
VCS/2026 Season/Summer Season_Week 2_6_1,2026-05-22 11:53:00,26.09,VCS 2026 Summer,MVK Esports Academy,SN CyberCore Esports,SN CyberCore Esports,"[""Nautilus"", ""Ezreal"", ""Varus"", ""Gwen"", ""Sivir""]","[""Rumble"", ""Pantheon"", ""Lucian"", ""Lee Sin"", ""Naafiri""]","[""Orianna"", ""Karma"", ""Jhin"", ""Sion"", ""Xin Zhao""]","[""Nocturne"", ""Akali"", ""Bard"", ""Corki"", ""Zaahen""]",[],[],0,leaguepedia_cargo_patch_range,1
LJL/2026 Season/Spring Series_Week 4_4_2,2026-05-22 11:56:00,26.10,LJL 2026 Spring Series,L Guide Gaming,Arneb,Arneb,"[""Nocturne"", ""Orianna"", ""Naafiri"", ""Yorick"", ""Annie""]","[""Neeko"", ""Jarvan IV"", ""Varus"", ""Milio"", ""Nami""]","[""Lee Sin"", ""Mel"", ""Gnar"", ""Zeri"", ""Braum""]","[""Ashe"", ""Xin Zhao"", ""Leona"", ""Sion"", ""Ryze""]",[],[],0,leaguepedia_cargo_patch_range,1
VCS/2026 Season/Summer Season_Week 2_6_2,2026-05-22 12:47:00,26.09,VCS 2026 Summer,SN CyberCore Esports,MVK Esports Academy,MVK Esports Academy,"[""Varus"", ""Jarvan IV"", ""Lucian"", ""Naafiri"", ""Vi""]","[""Pantheon"", ""Ezreal"", ""Caitlyn"", ""Braum"", ""Sivir""]","[""Rumble"", ""Lee Sin"", ""Annie"", ""Miss Fortune"", ""Poppy""]","[""Cassiopeia"", ""Nautilus"", ""Ambessa"", ""K'Sante"", ""Jinx""]",[],[],0,leaguepedia_cargo_patch_range,1
VCS/2026 Season/Summer Season_Week 2_6_3,2026-05-22 13:43:00,26.09,VCS 2026 Summer,MVK Esports Academy,SN CyberCore Esports,SN CyberCore Esports,"[""Ezreal"", ""Aurora"", ""Anivia"", ""Yunara"", ""Sivir""]","[""Pantheon"", ""Jarvan IV"", ""Jayce"", ""Pyke"", ""Elise""]","[""Ryze"", ""Jax"", ""Sejuani"", ""Lucian"", ""Milio""]","[""Naafiri"", ""Twisted Fate"", ""Lulu"", ""Shen"", ""Ashe""]",[],[],0,leaguepedia_cargo_patch_range,1
TCL/2026 Season/Spring Playoffs_Round 2_2_1,2026-05-22 15:01:00,26.10,TCL 2026 Spring Playoffs,SU Esports,PCIFIC Esports,SU Esports,"[""Nautilus"", ""Varus"", ""Ezreal"", ""Gnar"", ""Anivia""]","[""Orianna"", ""Karma"", ""Pantheon"", ""Sion"", ""K'Sante""]","[""Ashe"", ""Xin Zhao"", ""Seraphine"", ""Ryze"", ""Rumble""]","[""Mel"", ""Jarvan IV"", ""Nami"", ""Aurora"", ""Tristana""]",[],[],1,leaguepedia_cargo_patch_range,0
TCL/2026 Season/Spring Playoffs_Round 2_2_2,2026-05-22 15:53:00,26.10,TCL 2026 Spring Playoffs,SU Esports,PCIFIC Esports,PCIFIC Esports,"[""Nautilus"", ""Varus"", ""Ezreal"", ""Anivia"", ""Jax""]","[""Orianna"", ""Karma"", ""Pantheon"", ""Sion"", ""Annie""]","[""Lucian"", ""Nocturne"", ""Yuumi"", ""LeBlanc"", ""Yorick""]","[""Aphelios"", ""Milio"", ""Wukong"", ""Ahri"", ""Volibear""]",[],[],0,leaguepedia_cargo_patch_range,1
Streamers Clash/Season 4_Day 5_1_1,2026-05-22 16:06:00,26.10,Streamers Clash Season 4,VEDICI DEEMONS,TYBLÁHO MEWING SOCIETY,VEDICI DEEMONS,"[""Irelia"", ""Yuumi"", ""Kayle"", ""Seraphine"", ""Brand""]","[""Zed"", ""Syndra"", ""Orianna"", ""Naafiri"", ""Lillia""]","[""Vayne"", ""Malphite"", ""Nautilus"", ""Trundle"", ""Viktor""]","[""Twisted Fate"", ""Skarner"", ""Braum"", ""Miss Fortune"", ""Sylas""]",[],[],1,leaguepedia_cargo_patch_range,0
Prime League 2nd Division/2026 Season/Spring Split_Week 4_2_1,2026-05-22 16:14:00,26.10,PRM 2nd Division 25-26 Spring,Circus Kittens,MT1 Esports,MT1 Esports,[],[],[],[],[],[],0,leaguepedia_cargo_patch_range,1
Prime League 2nd Division/2026 Season/Spring Split_Week 4_1_1,2026-05-22 16:21:00,26.10,PRM 2nd Division 25-26 Spring,Babos Gaming,Locked In (Dutch Team),Babos Gaming,[],[],[],[],[],[],1,leaguepedia_cargo_patch_range,0
TCL/2026 Season/Spring Playoffs_Round 2_2_3,2026-05-22 16:47:00,26.10,TCL 2026 Spring Playoffs,PCIFIC Esports,SU Esports,PCIFIC Esports,"[""Sion"", ""Syndra"", ""Pantheon"", ""Neeko"", ""Nautilus""]","[""Orianna"", ""Varus"", ""Ezreal"", ""Karma"", ""Rell""]","[""Caitlyn"", ""Dr. Mundo"", ""Akali"", ""Lux"", ""Renekton""]","[""Vi"", ""Jhin"", ""Viktor"", ""Bard"", ""Gnar""]",[],[],1,leaguepedia_cargo_patch_range,0
Prime League 2nd Division/2026 Season/Spring Split_Week 4_2_2,2026-05-22 17:00:00,26.10,PRM 2nd Division 25-26 Spring,MT1 Esports,Circus Kittens,MT1 Esports,[],[],[],[],[],[],1,leaguepedia_cargo_patch_range,0
Streamers Clash/Season 4_Day 5_2_1,2026-05-22 17:03:00,26.10,Streamers Clash Season 4,STOPERCENTNÁ KAMILOVA TUTOFKA,NATÁLKY IMAGINÁRNÍ KAMARÁDI,STOPERCENTNÁ KAMILOVA TUTOFKA,"[""Vladimir"", ""Malphite"", ""Nasus"", ""Jarvan IV"", ""Graves""]","[""Yuumi"", ""Gwen"", ""Ambessa"", ""Trundle"", ""Pantheon""]","[""Veigar"", ""Maokai"", ""Vayne"", ""Amumu"", ""Galio""]","[""Miss Fortune"", ""Nautilus"", ""Ahri"", ""Wukong"", ""Shen""]",[],[],1,leaguepedia_cargo_patch_range,0
Benelux Ascend Series/2026 Season/Spring Playoffs_Round 1_3_1,2026-05-22 17:08:00,26.10,Benelux Ascend Series 2026 Spring Playoffs,RED OUAT,TAKA ASCEND,RED OUAT,"[""Karma"", ""Xin Zhao"", ""Renekton"", ""Akali"", ""Aurora""]","[""Pantheon"", ""Jarvan IV"", ""Ambessa"", ""Sion"", ""K'Sante""]","[""Orianna"", ""Mel"", ""Wukong"", ""Nautilus"", ""Aatrox""]","[""Ashe"", ""Seraphine"", ""Nocturne"", ""Viktor"", ""Fiora""]",[],[],1,leaguepedia_cargo_patch_range,0
LIT/2026 Season/Summer Promotion_Round 5_1_1,2026-05-22 17:19:00,26.10,LIT 2026 Summer Promotion,P11 Esports,Huskies Esports,P11 Esports,"[""Nautilus"", ""Jarvan IV"", ""Shaco"", ""Gragas"", ""Yorick""]","[""Zaahen"", ""Varus"", ""Sion"", ""Orianna"", ""Mel""]","[""Karma"", ""Wukong"", ""Ezreal"", ""Jayce"", ""Ahri""]","[""Ashe"", ""Xin Zhao"", ""Seraphine"", ""Aurora"", ""Malphite""]",[],[],1,leaguepedia_cargo_patch_range,0
Prime League 2nd Division/2026 Season/Spring Split_Week 4_1_2,2026-05-22 17:31:00,26.10,PRM 2nd Division 25-26 Spring,Babos Gaming,Locked In (Dutch Team),Babos Gaming,[],[],[],[],[],[],1,leaguepedia_cargo_patch_range,0
TCL/2026 Season/Spring Playoffs_Round 2_2_4,2026-05-22 17:31:00,26.10,TCL 2026 Spring Playoffs,SU Esports,PCIFIC Esports,PCIFIC Esports,"[""Varus"", ""Nautilus"", ""Ezreal"", ""Anivia"", ""Diana""]","[""Orianna"", ""Karma"", ""Pantheon"", ""Sion"", ""K'Sante""]","[""Lulu"", ""Yunara"", ""Syndra"", ""Skarner"", ""Ambessa""]","[""Xayah"", ""Rakan"", ""Yasuo"", ""Zyra"", ""Vayne""]",[],[],0,leaguepedia_cargo_patch_range,1
Benelux Ascend Series/2026 Season/Spring Playoffs_Round 1_4_1,2026-05-22 18:07:00,26.10,Benelux Ascend Series 2026 Spring Playoffs,ZennIT Academy,FUSE,FUSE,"[""Dr. Mundo"", ""Nautilus"", ""Seraphine"", ""Jarvan IV"", ""Pantheon""]","[""Qiyana"", ""Karma"", ""Caitlyn"", ""Lulu"", ""Milio""]","[""Orianna"", ""Xin Zhao"", ""Rumble"", ""Xayah"", ""Rakan""]","[""Smolder"", ""Akali"", ""Ambessa"", ""Sion"", ""Nami""]",[],[],0,leaguepedia_cargo_patch_range,1
Streamers Clash/Season 4_Day 5_3_1,2026-05-22 18:13:00,26.10,Streamers Clash Season 4,HERDYNŮV LANGUSTA TÝM,SILNĚJŠÍ SE XNAPYM,HERDYNŮV LANGUSTA TÝM,"[""Senna"", ""Zoe"", ""Zac"", ""Cassiopeia"", ""Ryze""]","[""Viego"", ""Yuumi"", ""Gwen"", ""Bel'Veth"", ""Lillia""]","[""Seraphine"", ""Nautilus"", ""Mordekaiser"", ""Vayne"", ""Orianna""]","[""Cho'Gath"", ""Brand"", ""Zaahen"", ""Rell"", ""Ahri""]",[],[],1,leaguepedia_cargo_patch_range,0
Benelux Ascend Series/2026 Season/Spring Playoffs_Round 1_3_2,2026-05-22 18:14:00,26.10,Benelux Ascend Series 2026 Spring Playoffs,TAKA ASCEND,RED OUAT,RED OUAT,"[""Pantheon"", ""Jarvan IV"", ""Caitlyn"", ""Ezreal"", ""Neeko""]","[""Karma"", ""Lulu"", ""Xin Zhao"", ""Nami"", ""Morgana""]","[""Ambessa"", ""Ryze"", ""Smolder"", ""Sejuani"", ""Braum""]","[""Aurora"", ""Renekton"", ""Vi"", ""Varus"", ""Rakan""]",[],[],0,leaguepedia_cargo_patch_range,1
LPLOL/2026 Season/Spring Split_Week 4_5_1,2026-05-22 18:15:00,26.09,LPLOL 2026 Spring,Bubliki,GTZ Esports,Bubliki,"[""Nautilus"", ""Jarvan IV"", ""Bard"", ""K'Sante"", ""Ahri""]","[""Orianna"", ""Karma"", ""Ashe"", ""Volibear"", ""Shen""]","[""Xin Zhao"", ""Lulu"", ""Yunara"", ""Gragas"", ""Syndra""]","[""Pantheon"", ""Ezreal"", ""Nami"", ""Ornn"", ""Fizz""]",[],[],1,leaguepedia_cargo_patch_range,0
LIT/2026 Season/Summer Promotion_Round 5_1_2,2026-05-22 18:16:00,26.10,LIT 2026 Summer Promotion,P11 Esports,Huskies Esports,P11 Esports,"[""Nautilus"", ""Jarvan IV"", ""Shaco"", ""Gragas"", ""Sejuani""]","[""Zaahen"", ""Varus"", ""Sion"", ""Orianna"", ""Hwei""]","[""Lulu"", ""Yunara"", ""Skarner"", ""Xerath"", ""Anivia""]","[""Jinx"", ""Leona"", ""Trundle"", ""Cassiopeia"", ""Ambessa""]",[],[],1,leaguepedia_cargo_patch_range,0
Prime League 2nd Division/2026 Season/Spring Split_Week 4_4_1,2026-05-22 18:41:00,26.10,PRM 2nd Division 25-26 Spring,Spongecord prime,Reveal Multigaming,Reveal Multigaming,[],[],[],[],[],[],0,leaguepedia_cargo_patch_range,1
Prime League 2nd Division/2026 Season/Spring Split_Week 4_3_1,2026-05-22 18:51:00,26.10,PRM 2nd Division 25-26 Spring,CGN Esports,DKB XPERION NXT,CGN Esports,[],[],[],[],[],[],1,leaguepedia_cargo_patch_range,0
Benelux Ascend Series/2026 Season/Spring Playoffs_Round 1_4_2,2026-05-22 18:59:00,26.10,Benelux Ascend Series 2026 Spring Playoffs,ZennIT Academy,FUSE,ZennIT Academy,"[""Dr. Mundo"", ""Nautilus"", ""Ezreal"", ""Gnar"", ""Cho'Gath""]","[""Qiyana"", ""Karma"", ""Caitlyn"", ""Rek'Sai"", ""Jarvan IV""]","[""Ashe"", ""Seraphine"", ""Hwei"", ""Ornn"", ""Kha'Zix""]","[""Senna"", ""Viktor"", ""Jayce"", ""Rell"", ""K'Sante""]",[],[],1,leaguepedia_cargo_patch_range,0
Streamers Clash/Season 4_Day 5_4_1,2026-05-22 19:10:00,26.10,Streamers Clash Season 4,SPAJKOVI UKRADLI SUPERSTRIKE,FREEZŮV WOLT DŮCHOĎÁK,FREEZŮV WOLT DŮCHOĎÁK,"[""Amumu"", ""Galio"", ""Malphite"", ""Ivern"", ""Tristana""]","[""Udyr"", ""Yone"", ""Yuumi"", ""Olaf"", ""Xin Zhao""]","[""Seraphine"", ""Azir"", ""Maokai"", ""Wukong"", ""Mordekaiser""]","[""Nasus"", ""Nautilus"", ""Veigar"", ""Jarvan IV"", ""Caitlyn""]",[],[],0,leaguepedia_cargo_patch_range,1
LPLOL/2026 Season/Spring Split_Week 4_6_1,2026-05-22 19:11:00,26.09,LPLOL 2026 Spring,Francesinhas,Crusaders,Francesinhas,"[""Ryze"", ""Wukong"", ""Karma"", ""Ahri"", ""Gwen""]","[""Orianna"", ""Pantheon"", ""Seraphine"", ""Akali"", ""Twisted Fate""]","[""Naafiri"", ""Caitlyn"", ""Bard"", ""K'Sante"", ""Annie""]","[""Yunara"", ""Lulu"", ""Xin Zhao"", ""Taliyah"", ""Gnar""]",[],[],1,leaguepedia_cargo_patch_range,0
Prime League 2nd Division/2026 Season/Spring Split_Week 4_4_2,2026-05-22 19:30:00,26.10,PRM 2nd Division 25-26 Spring,Reveal Multigaming,Spongecord prime,Reveal Multigaming,[],[],[],[],[],[],1,leaguepedia_cargo_patch_range,0
Prime League 2nd Division/2026 Season/Spring Split_Week 4_3_2,2026-05-22 19:34:00,26.10,PRM 2nd Division 25-26 Spring,CGN Esports,DKB XPERION NXT,DKB XPERION NXT,[],[],[],[],[],[],0,leaguepedia_cargo_patch_range,1
Benelux Ascend Series/2026 Season/Spring Playoffs_Round 1_4_3,2026-05-22 20:04:00,26.10,Benelux Ascend Series 2026 Spring Playoffs,ZennIT Academy,FUSE,FUSE,"[""Dr. Mundo"", ""Nautilus"", ""Ezreal"", ""Gnar"", ""Cho'Gath""]","[""Qiyana"", ""Karma"", ""Caitlyn"", ""Rek'Sai"", ""Naafiri""]","[""Bard"", ""Varus"", ""Anivia"", ""Pantheon"", ""Renekton""]","[""Aphelios"", ""Lulu"", ""Jarvan IV"", ""Syndra"", ""Malphite""]",[],[],0,leaguepedia_cargo_patch_range,1
North American Challengers League/2026 Season/Spring Playoffs_Round 2_1_1,2026-05-22 20:07:00,26.10,NACL 2026 Spring Playoffs,NRG,CCG Esports,CCG Esports,"[""Bard"", ""Varus"", ""Vi"", ""Rek'Sai"", ""Gwen""]","[""Ezreal"", ""Nocturne"", ""Orianna"", ""Cassiopeia"", ""Anivia""]","[""Lucian"", ""Nasus"", ""Milio"", ""Sion"", ""Taliyah""]","[""Xin Zhao"", ""Seraphine"", ""Ashe"", ""Ryze"", ""Ambessa""]",[],[],0,leaguepedia_cargo_patch_range,1
LPLOL/2026 Season/Spring Split_Week 4_7_1,2026-05-22 20:16:00,26.09,LPLOL 2026 Spring,Otter Side,Dream Esports,Otter Side,"[""Smolder"", ""Ambessa"", ""Nautilus"", ""Vladimir"", ""Aurora""]","[""Caitlyn"", ""Karma"", ""Orianna"", ""Ryze"", ""Ahri""]","[""Ezreal"", ""Leona"", ""Nocturne"", ""Gnar"", ""Cassiopeia""]","[""Jhin"", ""Bard"", ""Wukong"", ""K'Sante"", ""Kog'Maw""]",[],[],1,leaguepedia_cargo_patch_range,0
Prime League 2nd Division/2026 Season/Spring Split_Week 4_3_3,2026-05-22 20:20:00,26.10,PRM 2nd Division 25-26 Spring,DKB XPERION NXT,CGN Esports,DKB XPERION NXT,[],[],[],[],[],[],1,leaguepedia_cargo_patch_range,0
North American Challengers League/2026 Season/Spring Playoffs_Round 2_1_2,2026-05-22 20:55:00,26.10,NACL 2026 Spring Playoffs,CCG Esports,NRG,CCG Esports,"[""Nocturne"", ""Cassiopeia"", ""Ornn"", ""Caitlyn"", ""Smolder""]","[""Bard"", ""Varus"", ""Ezreal"", ""Nautilus"", ""Naafiri""]","[""Orianna"", ""Rumble"", ""Senna"", ""Wukong"", ""Alistar""]","[""Karma"", ""Jarvan IV"", ""Galio"", ""Yorick"", ""Zeri""]",[],[],1,leaguepedia_cargo_patch_range,0
Circuito Desafiante/2026 Season/Split 2 Promotion/Open Qualifier_Round 8_4_1,2026-05-22 21:17:00,26.10,CD 2026 Split 2 Open Qualifier,PREDIQT,Marere Invokers,Marere Invokers,[],[],[],[],[],[],0,leaguepedia_cargo_patch_range,1
Circuito Desafiante/2026 Season/Split 2 Promotion/Open Qualifier_Round 8_3_1,2026-05-22 21:18:00,26.10,CD 2026 Split 2 Open Qualifier,Vasco E-Sports,RAMPAGE (Brazilian Team),RAMPAGE (Brazilian Team),[],[],[],[],[],[],0,leaguepedia_cargo_patch_range,1
LPLOL/2026 Season/Spring Split_Week 4_8_1,2026-05-22 21:18:00,26.09,LPLOL 2026 Spring,ZeroZone Gaming,Ronaldo Team,Ronaldo Team,"[""Ryze"", ""Ahri"", ""Vi"", ""Taliyah"", ""Sylas""]","[""Aurora"", ""Orianna"", ""Karma"", ""Gnar"", ""Syndra""]","[""Jarvan IV"", ""Ashe"", ""Lulu"", ""Hwei"", ""Ambessa""]","[""Varus"", ""Xin Zhao"", ""Nautilus"", ""Cassiopeia"", ""Draven""]",[],[],0,leaguepedia_cargo_patch_range,1
Circuito Desafiante/2026 Season/Split 2 Promotion/Open Qualifier_Round 10_1_1,2026-05-22 21:23:00,26.10,CD 2026 Split 2 Open Qualifier,Barulhinhos,Kuma eSports B,Kuma eSports B,[],[],[],[],[],[],0,leaguepedia_cargo_patch_range,1
North American Challengers League/2026 Season/Spring Playoffs_Round 2_2_1,2026-05-22 21:57:00,26.10,NACL 2026 Spring Playoffs,Conviction,Supernova,Conviction,"[""Nocturne"", ""Ryze"", ""Jarvan IV"", ""Rumble"", ""Ambessa""]","[""Karma"", ""Orianna"", ""Pantheon"", ""Nautilus"", ""Bard""]","[""Varus"", ""Vi"", ""Jayce"", ""Cassiopeia"", ""Nami""]","[""Lucian"", ""Wukong"", ""Milio"", ""Yorick"", ""Akali""]",[],[],1,leaguepedia_cargo_patch_range,0
Circuito Desafiante/2026 Season/Split 2 Promotion/Open Qualifier_Round 8_3_2,2026-05-22 22:08:00,26.10,CD 2026 Split 2 Open Qualifier,RAMPAGE (Brazilian Team),Vasco E-Sports,Vasco E-Sports,[],[],[],[],[],[],0,leaguepedia_cargo_patch_range,1
Circuito Desafiante/2026 Season/Split 2 Promotion/Open Qualifier_Round 10_1_2,2026-05-22 22:20:00,26.10,CD 2026 Split 2 Open Qualifier,Barulhinhos,Kuma eSports B,Barulhinhos,[],[],[],[],[],[],1,leaguepedia_cargo_patch_range,0
Circuito Desafiante/2026 Season/Split 2 Promotion/Open Qualifier_Round 8_4_2,2026-05-22 22:22:00,26.10,CD 2026 Split 2 Open Qualifier,PREDIQT,Marere Invokers,Marere Invokers,[],[],[],[],[],[],0,leaguepedia_cargo_patch_range,1
North American Challengers League/2026 Season/Spring Playoffs_Round 2_2_2,2026-05-22 22:48:00,26.10,NACL 2026 Spring Playoffs,Conviction,Supernova,Supernova,"[""Nocturne"", ""Rumble"", ""Jarvan IV"", ""Skarner"", ""Xin Zhao""]","[""Karma"", ""Orianna"", ""Pantheon"", ""Nasus"", ""Trundle""]","[""Ryze"", ""Ezreal"", ""Nautilus"", ""Renekton"", ""Sejuani""]","[""Caitlyn"", ""Bard"", ""Anivia"", ""Lee Sin"", ""K'Sante""]",[],[],0,leaguepedia_cargo_patch_range,1
Circuito Desafiante/2026 Season/Split 2 Promotion/Open Qualifier_Round 8_3_3,2026-05-22 22:59:00,26.10,CD 2026 Split 2 Open Qualifier,Vasco E-Sports,RAMPAGE (Brazilian Team),RAMPAGE (Brazilian Team),[],[],[],[],[],[],0,leaguepedia_cargo_patch_range,1
Circuito Desafiante/2026 Season/Split 2 Promotion/Open Qualifier_Round 10_1_3,2026-05-22 23:28:00,26.10,CD 2026 Split 2 Open Qualifier,Barulhinhos,Kuma eSports B,Barulhinhos,[],[],[],[],[],[],1,leaguepedia_cargo_patch_range,0
Circuito Desafiante/2026 Season/Split 2 Promotion/Open Qualifier_Round 9_1_1,2026-05-22 23:51:00,26.10,CD 2026 Split 2 Open Qualifier,RAMPAGE (Brazilian Team),Marere Invokers,Marere Invokers,[],[],[],[],[],[],0,leaguepedia_cargo_patch_range,1
North American Challengers League/2026 Season/Spring Playoffs_Round 2_2_3,2026-05-22 23:57:00,26.10,NACL 2026 Spring Playoffs,Conviction,Supernova,Conviction,"[""Nocturne"", ""Ziggs"", ""Neeko"", ""Rumble"", ""Ahri""]","[""Orianna"", ""Pantheon"", ""Ashe"", ""Gnar"", ""Ambessa""]","[""Jarvan IV"", ""Yunara"", ""Lulu"", ""Aurora"", ""Riven""]","[""Karma"", ""Xin Zhao"", ""Smolder"", ""Jax"", ""Twisted Fate""]",[],[],1,leaguepedia_cargo_patch_range,0
Circuito Desafiante/2026 Season/Split 2 Promotion/Open Qualifier_Round 9_1_2,2026-05-23 00:45:00,26.10,CD 2026 Split 2 Open Qualifier,RAMPAGE (Brazilian Team),Marere Invokers,Marere Invokers,[],[],[],[],[],[],0,leaguepedia_cargo_patch_range,1
LPL/2026 Season/Split 2 Playoffs_Play-In_1_1,2026-05-23 06:07:00,26.10,LPL 2026 Split 2 Playoffs,LNG Esports,Team WE,Team WE,"[""Nocturne"", ""Cassiopeia"", ""Varus"", ""Lee Sin"", ""Xin Zhao""]","[""Karma"", ""Orianna"", ""Rumble"", ""Nautilus"", ""Neeko""]","[""Ezreal"", ""Akali"", ""Vi"", ""Nami"", ""Sion""]","[""Lucian"", ""Annie"", ""Milio"", ""Wukong"", ""Gnar""]",[],[],0,leaguepedia_cargo_patch_range,1
LPL/2026 Season/Split 2 Playoffs_Play-In_1_2,2026-05-23 07:00:00,26.10,LPL 2026 Split 2 Playoffs,Team WE,LNG Esports,LNG Esports,"[""Pantheon"", ""Karma"", ""Varus"", ""Seraphine"", ""Sivir""]","[""Orianna"", ""Cassiopeia"", ""Nocturne"", ""Caitlyn"", ""Miss Fortune""]","[""Rumble"", ""Trundle"", ""Yone"", ""Nautilus"", ""Yunara""]","[""Ryze"", ""K'Sante"", ""Lee Sin"", ""Jhin"", ""Alistar""]",[],[],0,leaguepedia_cargo_patch_range,1
LPL/2026 Season/Split 2 Playoffs_Play-In_1_3,2026-05-23 07:58:00,26.10,LPL 2026 Split 2 Playoffs,LNG Esports,Team WE,LNG Esports,"[""Cassiopeia"", ""Nocturne"", ""Karma"", ""Jayce"", ""Jax""]","[""Pantheon"", ""Orianna"", ""Skarner"", ""Azir"", ""Mel""]","[""Jarvan IV"", ""Varus"", ""Neeko"", ""Renekton"", ""Aurora""]","[""Xin Zhao"", ""Bard"", ""Sivir"", ""Twisted Fate"", ""Zaahen""]",[],[],1,leaguepedia_cargo_patch_range,0
LCK/2026 Season/Rounds 1-2_Week 8_7_1,2026-05-23 08:06:00,26.10,LCK 2026 Rounds 1-2,Dplus Kia,BNK FEARX,Dplus Kia,"[""Varus"", ""Bard"", ""Cassiopeia"", ""Viktor"", ""Ambessa""]","[""Nocturne"", ""Ezreal"", ""Rumble"", ""Lee Sin"", ""Xin Zhao""]","[""Orianna"", ""Lucian"", ""Milio"", ""Naafiri"", ""Sion""]","[""Jarvan IV"", ""Karma"", ""Caitlyn"", ""Ryze"", ""Gnar""]",[],[],1,leaguepedia_cargo_patch_range,0
LPL/2026 Season/Split 2 Playoffs_Play-In_1_4,2026-05-23 08:54:00,26.10,LPL 2026 Split 2 Playoffs,LNG Esports,Team WE,Team WE,"[""Nocturne"", ""Cassiopeia"", ""Poppy"", ""Viktor"", ""LeBlanc""]","[""Pantheon"", ""Orianna"", ""Skarner"", ""Shen"", ""Ambessa""]","[""Naafiri"", ""Caitlyn"", ""Lux"", ""Ornn"", ""Ahri""]","[""Karma"", ""Yorick"", ""Miss Fortune"", ""Maokai"", ""Tristana""]",[],[],0,leaguepedia_cargo_patch_range,1
LCK/2026 Season/Rounds 1-2_Week 8_7_2,2026-05-23 09:01:00,26.10,LCK 2026 Rounds 1-2,BNK FEARX,Dplus Kia,BNK FEARX,"[""Varus"", ""Bard"", ""Cassiopeia"", ""Twisted Fate"", ""Viktor""]","[""Nocturne"", ""Trundle"", ""Renekton"", ""Annie"", ""Akali""]","[""Ashe"", ""Lulu"", ""Lee Sin"", ""Ambessa"", ""Ahri""]","[""Seraphine"", ""Xin Zhao"", ""Ezreal"", ""Rumble"", ""LeBlanc""]",[],[],1,leaguepedia_cargo_patch_range,0
LCP/2026 Season/Split 2 Playoffs_Round 1_1_1,2026-05-23 09:13:00,26.10,LCP 2026 Split 2 Playoffs,CTBC Flying Oyster,MVK Esports,CTBC Flying Oyster,"[""Nocturne"", ""Ashe"", ""Ezreal"", ""Naafiri"", ""Wukong""]","[""Lucian"", ""Jarvan IV"", ""Varus"", ""Lee Sin"", ""Vi""]","[""Cassiopeia"", ""Nautilus"", ""Miss Fortune"", ""Rumble"", ""Jayce""]","[""Orianna"", ""Jhin"", ""Leona"", ""Zyra"", ""K'Sante""]",[],[],1,leaguepedia_cargo_patch_range,0
LPL/2026 Season/Split 2 Playoffs_Play-In_1_5,2026-05-23 09:45:00,26.10,LPL 2026 Split 2 Playoffs,LNG Esports,Team WE,Team WE,"[""Pantheon"", ""Skarner"", ""Malphite"", ""Azir"", ""Olaf""]","[""Nocturne"", ""Cassiopeia"", ""Orianna"", ""Mel"", ""Ziggs""]","[""Jayce"", ""Ambessa"", ""Galio"", ""Lulu"", ""Jinx""]","[""Ashe"", ""Seraphine"", ""Poppy"", ""Aatrox"", ""Smolder""]",[],[],0,leaguepedia_cargo_patch_range,1
LCK/2026 Season/Rounds 1-2_Week 8_7_3,2026-05-23 09:58:00,26.10,LCK 2026 Rounds 1-2,Dplus Kia,BNK FEARX,Dplus Kia,"[""Varus"", ""Nocturne"", ""Akali"", ""Nami"", ""Nautilus""]","[""Bard"", ""Cassiopeia"", ""Wukong"", ""Neeko"", ""Sivir""]","[""Viktor"", ""Skarner"", ""Jayce"", ""Poppy"", ""Jhin""]","[""Pantheon"", ""Taliyah"", ""Yorick"", ""Alistar"", ""Miss Fortune""]",[],[],1,leaguepedia_cargo_patch_range,0
Nexus League/2026 Season/Spring Split_Week 7_1_1,2026-05-23 10:07:00,26.10,Nexus League 2026 Spring,Karmine Corp Blue Stars,Crystal Rose (French Team),Karmine Corp Blue Stars,"[""Nautilus"", ""Jarvan IV"", ""Viktor"", ""Yorick"", ""Vi""]","[""Xin Zhao"", ""Orianna"", ""Nami"", ""Aurora"", ""Jayce""]","[""Ezreal"", ""Pantheon"", ""Neeko"", ""Ryze"", ""Rumble""]","[""Bard"", ""Jhin"", ""Aatrox"", ""Twisted Fate"", ""Sion""]",[],[],1,leaguepedia_cargo_patch_range,0
LCP/2026 Season/Split 2 Playoffs_Round 1_1_2,2026-05-23 10:10:00,26.10,LCP 2026 Split 2 Playoffs,CTBC Flying Oyster,MVK Esports,MVK Esports,"[""Ashe"", ""Nocturne"", ""Varus"", ""Gwen"", ""Annie""]","[""Lucian"", ""Ryze"", ""Ezreal"", ""Twisted Fate"", ""Sion""]","[""Jarvan IV"", ""Karma"", ""Senna"", ""Renekton"", ""Viktor""]","[""Lee Sin"", ""Caitlyn"", ""Pyke"", ""Aurora"", ""Gnar""]",[],[],0,leaguepedia_cargo_patch_range,1
Hellenic Legends League/2026 Season/Spring Playoffs_Finals_1_1,2026-05-23 10:14:00,26.09,HLL 2026 Spring Playoffs,WLGaming Esports,GOAL,WLGaming Esports,"[""Varus"", ""Nautilus"", ""Anivia"", ""Leona"", ""Gwen""]","[""Karma"", ""Rumble"", ""Bard"", ""Yunara"", ""Zeri""]","[""Nocturne"", ""Orianna"", ""Lulu"", ""Sivir"", ""Sion""]","[""Ezreal"", ""Pantheon"", ""Akali"", ""Nami"", ""Gnar""]",[],[],1,leaguepedia_cargo_patch_range,0
Hitpoint Masters/2026 Season/Spring Playoffs_Round 1_1_1,2026-05-23 10:20:00,26.10,Hitpoint Masters 2026 Spring Playoffs,Nightbirds,Meavedron,Nightbirds,"[""Nautilus"", ""Wukong"", ""Varus"", ""Galio"", ""Akali""]","[""Jayce"", ""Bard"", ""Karma"", ""Kai'Sa"", ""Lucian""]","[""Orianna"", ""Vi"", ""K'Sante"", ""Zeri"", ""Yuumi""]","[""Ezreal"", ""Jarvan IV"", ""Ambessa"", ""Veigar"", ""Rell""]",[],[],1,leaguepedia_cargo_patch_range,0
LPL/2026 Season/Split 2 Playoffs_Play-In_2_1,2026-05-23 10:55:00,26.10,LPL 2026 Split 2 Playoffs,ThunderTalk Gaming,Invictus Gaming,ThunderTalk Gaming,"[""Seraphine"", ""Varus"", ""Akali"", ""Bard"", ""Nautilus""]","[""Karma"", ""Nocturne"", ""Lucian"", ""Caitlyn"", ""Lulu""]","[""Orianna"", ""K'Sante"", ""Naafiri"", ""Neeko"", ""Corki""]","[""Ryze"", ""Rumble"", ""Lee Sin"", ""Nami"", ""Ezreal""]",[],[],1,leaguepedia_cargo_patch_range,0
LCP/2026 Season/Split 2 Playoffs_Round 1_1_3,2026-05-23 10:59:00,26.10,LCP 2026 Split 2 Playoffs,CTBC Flying Oyster,MVK Esports,CTBC Flying Oyster,"[""Nocturne"", ""Ashe"", ""Vi"", ""Skarner"", ""Yorick""]","[""Lucian"", ""Ryze"", ""Xin Zhao"", ""Sion"", ""Trundle""]","[""Ezreal"", ""Neeko"", ""Akali"", ""Sejuani"", ""Ambessa""]","[""Corki"", ""Nami"", ""Azir"", ""Maokai"", ""Varus""]",[],[],1,leaguepedia_cargo_patch_range,0
Nexus League/2026 Season/Spring Split_Week 7_2_1,2026-05-23 11:04:00,26.10,Nexus League 2026 Spring,Lausanne-Sport Esports,Lille Esport,Lille Esport,"[""Ryze"", ""Akali"", ""K'Sante"", ""Galio"", ""Syndra""]","[""Zoe"", ""Orianna"", ""Karma"", ""Ezreal"", ""Neeko""]","[""Rumble"", ""Graves"", ""Mel"", ""Rell"", ""Kalista""]","[""Ashe"", ""Jarvan IV"", ""Seraphine"", ""Ambessa"", ""Cassiopeia""]",[],[],0,leaguepedia_cargo_patch_range,1
Hitpoint Masters/2026 Season/Spring Playoffs_Round 1_1_2,2026-05-23 11:07:00,26.10,Hitpoint Masters 2026 Spring Playoffs,Nightbirds,Meavedron,Nightbirds,"[""Nautilus"", ""Ashe"", ""Varus"", ""Neeko"", ""Ahri""]","[""Jayce"", ""Bard"", ""Karma"", ""Akali"", ""Ryze""]","[""Wukong"", ""Jhin"", ""Rumble"", ""Cassiopeia"", ""Aatrox""]","[""Viego"", ""Caitlyn"", ""Ornn"", ""Viktor"", ""Leona""]",[],[],1,leaguepedia_cargo_patch_range,0
LCK/2026 Season/Rounds 1-2_Week 8_8_1,2026-05-23 11:15:00,26.10,LCK 2026 Rounds 1-2,Hanwha Life Esports,Nongshim RedForce,Nongshim RedForce,"[""Varus"", ""Karma"", ""Jarvan IV"", ""Ryze"", ""Jayce""]","[""Orianna"", ""Cassiopeia"", ""Ezreal"", ""Lee Sin"", ""Pantheon""]","[""Rumble"", ""Lucian"", ""Milio"", ""Annie"", ""Wukong""]","[""Bard"", ""Xin Zhao"", ""Jhin"", ""Yorick"", ""Akali""]",[],[],0,leaguepedia_cargo_patch_range,1
Hellenic Legends League/2026 Season/Spring Playoffs_Finals_1_2,2026-05-23 11:21:00,26.09,HLL 2026 Spring Playoffs,WLGaming Esports,GOAL,WLGaming Esports,"[""Varus"", ""Nautilus"", ""Dr. Mundo"", ""Aurelion Sol"", ""LeBlanc""]","[""Ryze"", ""Karma"", ""Bard"", ""Yorick"", ""Rumble""]","[""Aurora"", ""Ashe"", ""Seraphine"", ""Wukong"", ""Anivia""]","[""Lucian"", ""Milio"", ""Jayce"", ""Xin Zhao"", ""Gwen""]",[],[],1,leaguepedia_cargo_patch_range,0
LPL/2026 Season/Split 2 Playoffs_Play-In_2_2,2026-05-23 11:48:00,26.10,LPL 2026 Split 2 Playoffs,ThunderTalk Gaming,Invictus Gaming,ThunderTalk Gaming,"[""Seraphine"", ""Varus"", ""Ambessa"", ""Bard"", ""Kalista""]","[""Karma"", ""Nocturne"", ""Lucian"", ""Caitlyn"", ""Lulu""]","[""Cassiopeia"", ""Jarvan IV"", ""Sion"", ""Ashe"", ""Braum""]","[""Xin Zhao"", ""Jayce"", ""Akali"", ""Nautilus"", ""Senna""]",[],[],1,leaguepedia_cargo_patch_range,0
Hitpoint Masters/2026 Season/Spring Playoffs_Round 1_1_3,2026-05-23 11:55:00,26.10,Hitpoint Masters 2026 Spring Playoffs,Nightbirds,Meavedron,Nightbirds,"[""Ashe"", ""Fiora"", ""Nocturne"", ""Ahri"", ""Annie""]","[""Jayce"", ""Bard"", ""Karma"", ""Ryze"", ""Aurora""]","[""Pantheon"", ""Yunara"", ""Lulu"", ""Taliyah"", ""Sion""]","[""Lucian"", ""Milio"", ""Lee Sin"", ""Sylas"", ""Hwei""]",[],[],1,leaguepedia_cargo_patch_range,0
LCP/2026 Season/Split 2 Playoffs_Round 1_1_4,2026-05-23 12:05:00,26.10,LCP 2026 Split 2 Playoffs,CTBC Flying Oyster,MVK Esports,MVK Esports,"[""Nocturne"", ""Ashe"", ""Naafiri"", ""Viego"", ""Camille""]","[""Lucian"", ""Ryze"", ""Lulu"", ""Kai'Sa"", ""Sivir""]","[""Sion"", ""Vi"", ""Ahri"", ""Zeri"", ""Yuumi""]","[""Vayne"", ""Ziggs"", ""Lissandra"", ""Xin Zhao"", ""Poppy""]",[],[],0,leaguepedia_cargo_patch_range,1
LCK/2026 Season/Rounds 1-2_Week 8_8_2,2026-05-23 12:08:00,26.10,LCK 2026 Rounds 1-2,Nongshim RedForce,Hanwha Life Esports,Hanwha Life Esports,"[""Varus"", ""Ezreal"", ""Jarvan IV"", ""Gnar"", ""Azir""]","[""Cassiopeia"", ""Orianna"", ""Ryze"", ""Jayce"", ""Yone""]","[""Vi"", ""Ziggs"", ""Pyke"", ""Aurora"", ""Sion""]","[""Ashe"", ""Pantheon"", ""Nautilus"", ""Ahri"", ""Ambessa""]",[],[],0,leaguepedia_cargo_patch_range,1
Hellenic Legends League/2026 Season/Spring Playoffs_Finals_1_3,2026-05-23 12:23:00,26.09,HLL 2026 Spring Playoffs,WLGaming Esports,GOAL,WLGaming Esports,"[""Varus"", ""Nautilus"", ""Aurelion Sol"", ""LeBlanc"", ""Renekton""]","[""Ryze"", ""Karma"", ""Rumble"", ""Viktor"", ""Kennen""]","[""Bard"", ""Jarvan IV"", ""Jhin"", ""Aatrox"", ""Taliyah""]","[""Caitlyn"", ""Neeko"", ""Dr. Mundo"", ""K'Sante"", ""Syndra""]",[],[],1,leaguepedia_cargo_patch_range,0
Nexus League/2026 Season/Spring Split_Week 7_3_1,2026-05-23 12:27:00,26.10,Nexus League 2026 Spring,Project Conquerors,Caldya Esport,Caldya Esport,"[""Jarvan IV"", ""Zyra"", ""Varus"", ""Smolder"", ""Gnar""]","[""Orianna"", ""Seraphine"", ""Ezreal"", ""Senna"", ""Miss Fortune""]","[""Nautilus"", ""Shyvana"", ""Viktor"", ""Kog'Maw"", ""Renekton""]","[""Rell"", ""Nocturne"", ""Cassiopeia"", ""Corki"", ""K'Sante""]",[],[],0,leaguepedia_cargo_patch_range,1
LPL/2026 Season/Split 2 Playoffs_Play-In_2_3,2026-05-23 12:38:00,26.10,LPL 2026 Split 2 Playoffs,Invictus Gaming,ThunderTalk Gaming,ThunderTalk Gaming,"[""Vi"", ""Nidalee"", ""Pantheon"", ""Bard"", ""Draven""]","[""Karma"", ""Nocturne"", ""Lucian"", ""Renekton"", ""Poppy""]","[""Varus"", ""Trundle"", ""Taliyah"", ""Yunara"", ""Lulu""]","[""Wukong"", ""Annie"", ""Ambessa"", ""Seraphine"", ""Jhin""]",[],[],0,leaguepedia_cargo_patch_range,1
LCP/2026 Season/Split 2 Playoffs_Round 1_1_5,2026-05-23 12:58:00,26.10,LCP 2026 Split 2 Playoffs,CTBC Flying Oyster,MVK Esports,MVK Esports,"[""Nocturne"", ""Naafiri"", ""Camille"", ""Jax"", ""Gwen""]","[""Lucian"", ""Ryze"", ""Annie"", ""LeBlanc"", ""Twisted Fate""]","[""Ashe"", ""Wukong"", ""Lulu"", ""Yorick"", ""Galio""]","[""Seraphine"", ""Aatrox"", ""Mel"", ""Taliyah"", ""Zaahen""]",[],[],0,leaguepedia_cargo_patch_range,1
LCK/2026 Season/Rounds 1-2_Week 8_8_3,2026-05-23 12:59:00,26.10,LCK 2026 Rounds 1-2,Hanwha Life Esports,Nongshim RedForce,Hanwha Life Esports,"[""Varus"", ""Caitlyn"", ""Jayce"", ""Karma"", ""Thresh""]","[""Orianna"", ""Ezreal"", ""Cassiopeia"", ""Vayne"", ""Azir""]","[""Jarvan IV"", ""Yunara"", ""Lulu"", ""Twisted Fate"", ""Renekton""]","[""Ryze"", ""Lee Sin"", ""Gnar"", ""Corki"", ""Nami""]",[],[],1,leaguepedia_cargo_patch_range,0
Nexus League/2026 Season/Spring Split_Week 7_4_1,2026-05-23 13:28:00,26.10,Nexus League 2026 Spring,Zephyr Esport,Galions Sharks,Zephyr Esport,"[""Jarvan IV"", ""Nautilus"", ""Karma"", ""Gwen"", ""Varus""]","[""Zoe"", ""Nocturne"", ""Orianna"", ""Viktor"", ""Syndra""]","[""Pantheon"", ""Ashe"", ""Seraphine"", ""Vayne"", ""Annie""]","[""Ezreal"", ""Xin Zhao"", ""Leona"", ""Sion"", ""Hwei""]",[],[],1,leaguepedia_cargo_patch_range,0
LEC/2026 Season/Spring Playoffs_Round 1_1_1,2026-05-23 15:11:00,26.10,LEC 2026 Spring Playoffs,G2 Esports,Karmine Corp,Karmine Corp,"[""Varus"", ""Jarvan IV"", ""Azir"", ""Akali"", ""Vayne""]","[""Orianna"", ""Ezreal"", ""Bard"", ""Pantheon"", ""Nocturne""]","[""Anivia"", ""Nautilus"", ""Smolder"", ""Xin Zhao"", ""Cassiopeia""]","[""Ashe"", ""Vi"", ""Seraphine"", ""Yone"", ""Taliyah""]",[],[],0,leaguepedia_cargo_patch_range,1
CBLOL/2026 Season/Split 1 Playoffs_Round 1_3_1,2026-05-23 16:12:00,26.10,CBLOL 2026 Split 1 Playoffs,LØS,Vivo Keyd Stars,LØS,"[""Varus"", ""Jarvan IV"", ""Bard"", ""Karma"", ""Corki""]","[""Nocturne"", ""Akali"", ""Lucian"", ""Caitlyn"", ""Ashe""]","[""Orianna"", ""K'Sante"", ""Naafiri"", ""Kai'Sa"", ""Neeko""]","[""Rumble"", ""Cassiopeia"", ""Pantheon"", ""Ezreal"", ""Rakan""]",[],[],1,leaguepedia_cargo_patch_range,0
LEC/2026 Season/Spring Playoffs_Round 1_1_2,2026-05-23 16:16:00,26.10,LEC 2026 Spring Playoffs,G2 Esports,Karmine Corp,G2 Esports,"[""Varus"", ""Caitlyn"", ""Bard"", ""Pantheon"", ""Nocturne""]","[""Orianna"", ""Milio"", ""Jarvan IV"", ""Sivir"", ""Yunara""]","[""Rumble"", ""Wukong"", ""Annie"", ""Neeko"", ""Miss Fortune""]","[""Ryze"", ""Ezreal"", ""Galio"", ""Skarner"", ""Karma""]",[],[],1,leaguepedia_cargo_patch_range,0
LEC/2026 Season/Spring Playoffs_Round 1_1_3,2026-05-23 17:05:00,26.10,LEC 2026 Spring Playoffs,G2 Esports,Karmine Corp,G2 Esports,"[""Varus"", ""Lucian"", ""Nocturne"", ""Vayne"", ""Jayce""]","[""Jarvan IV"", ""Orianna"", ""Pantheon"", ""Poppy"", ""Rek'Sai""]","[""Lulu"", ""Yunara"", ""LeBlanc"", ""Gnar"", ""Lee Sin""]","[""Corki"", ""Azir"", ""Nami"", ""Naafiri"", ""Twisted Fate""]",[],[],1,leaguepedia_cargo_patch_range,0
CBLOL/2026 Season/Split 1 Playoffs_Round 1_3_2,2026-05-23 17:09:00,26.10,CBLOL 2026 Split 1 Playoffs,LØS,Vivo Keyd Stars,LØS,"[""Varus"", ""Bard"", ""Trundle"", ""Ahri"", ""Vayne""]","[""Nocturne"", ""Akali"", ""Jarvan IV"", ""Skarner"", ""Shen""]","[""Viktor"", ""Zeri"", ""Lulu"", ""Xin Zhao"", ""Sion""]","[""Lucian"", ""Milio"", ""Vi"", ""Taliyah"", ""Aatrox""]",[],[],1,leaguepedia_cargo_patch_range,0
LIT/2026 Season/Summer Promotion_Semifinals_2_1,2026-05-23 17:12:00,26.10,LIT 2026 Summer Promotion,P11 Esports,StoneHenge Esports,P11 Esports,"[""Cho'Gath"", ""Draven"", ""Jarvan IV"", ""Gragas"", ""Anivia""]","[""Nautilus"", ""Seraphine"", ""Sion"", ""Akali"", ""K'Sante""]","[""Varus"", ""Zaahen"", ""Karma"", ""Sylas"", ""Xayah""]","[""Ezreal"", ""Nocturne"", ""Orianna"", ""Leona"", ""Jayce""]",[],[],1,leaguepedia_cargo_patch_range,0
LEC/2026 Season/Spring Playoffs_Round 1_1_4,2026-05-23 17:59:00,26.10,LEC 2026 Spring Playoffs,G2 Esports,Karmine Corp,G2 Esports,"[""Lucian"", ""Nocturne"", ""Bard"", ""Vayne"", ""Viktor""]","[""Jarvan IV"", ""Pantheon"", ""Orianna"", ""Akali"", ""Aurora""]","[""Varus"", ""Alistar"", ""Aatrox"", ""Gragas"", ""Ahri""]","[""Jhin"", ""Trundle"", ""Rakan"", ""Brand"", ""Ambessa""]",[],[],1,leaguepedia_cargo_patch_range,0
CBLOL/2026 Season/Split 1 Playoffs_Round 1_3_3,2026-05-23 18:04:00,26.10,CBLOL 2026 Split 1 Playoffs,LØS,Vivo Keyd Stars,LØS,"[""Varus"", ""Bard"", ""Vayne"", ""Kennen"", ""Dr. Mundo""]","[""Nocturne"", ""Akali"", ""Jayce"", ""Twisted Fate"", ""Jax""]","[""Jarvan IV"", ""Karma"", ""Jhin"", ""Syndra"", ""Gnar""]","[""Ryze"", ""Caitlyn"", ""Anivia"", ""Rek'Sai"", ""Sylas""]",[],[],1,leaguepedia_cargo_patch_range,0
LIT/2026 Season/Summer Promotion_Semifinals_2_2,2026-05-23 18:15:00,26.10,LIT 2026 Summer Promotion,P11 Esports,StoneHenge Esports,StoneHenge Esports,"[""Cho'Gath"", ""Draven"", ""Pyke"", ""Jarvan IV"", ""Gnar""]","[""Nautilus"", ""Seraphine"", ""Sion"", ""Mel"", ""Viktor""]","[""Xin Zhao"", ""Aphelios"", ""Milio"", ""K'Sante"", ""Akali""]","[""Yunara"", ""Lulu"", ""Ahri"", ""Pantheon"", ""Gangplank""]",[],[],0,leaguepedia_cargo_patch_range,1
LIT/2026 Season/Summer Promotion_Semifinals_2_3,2026-05-23 19:13:00,26.10,LIT 2026 Summer Promotion,StoneHenge Esports,P11 Esports,P11 Esports,"[""Sion"", ""Nautilus"", ""Jarvan IV"", ""Malphite"", ""Neeko""]","[""Cho'Gath"", ""Draven"", ""Bard"", ""Dr. Mundo"", ""Mel""]","[""Seraphine"", ""Gnar"", ""Senna"", ""Syndra"", ""Shyvana""]","[""Ashe"", ""Hwei"", ""Wukong"", ""Blitzcrank"", ""Vayne""]",[],[],0,leaguepedia_cargo_patch_range,1
LCS/2026 Season/Spring Playoffs_Round 1_1_1,2026-05-23 20:10:00,26.10,LCS 2026 Spring Playoffs,FlyQuest,Cloud9,Cloud9,"[""Varus"", ""Ambessa"", ""Karma"", ""Shen"", ""Nocturne""]","[""Orianna"", ""Nautilus"", ""Jarvan IV"", ""Aurora"", ""Vi""]","[""Cassiopeia"", ""Corki"", ""Nami"", ""Sion"", ""Lee Sin""]","[""Lucian"", ""Milio"", ""Rumble"", ""Viktor"", ""Xin Zhao""]",[],[],0,leaguepedia_cargo_patch_range,1
LCS/2026 Season/Spring Playoffs_Round 1_1_2,2026-05-23 20:52:00,26.10,LCS 2026 Spring Playoffs,Cloud9,FlyQuest,Cloud9,"[""Ziggs"", ""Varus"", ""Anivia"", ""Wukong"", ""Nocturne""]","[""Orianna"", ""Karma"", ""Ambessa"", ""Twisted Fate"", ""Hwei""]","[""Jarvan IV"", ""Caitlyn"", ""Bard"", ""Jayce"", ""Ryze""]","[""Ashe"", ""Seraphine"", ""Annie"", ""Naafiri"", ""Yorick""]",[],[],1,leaguepedia_cargo_patch_range,0
Circuito Desafiante/2026 Season/Split 2 Promotion/Open Qualifier_Round 10_2_1,2026-05-23 21:21:00,26.10,CD 2026 Split 2 Open Qualifier,Kuma eSports B,Marere Invokers,Marere Invokers,[],[],[],[],[],[],0,leaguepedia_cargo_patch_range,1
LCS/2026 Season/Spring Playoffs_Round 1_1_3,2026-05-23 21:50:00,26.10,LCS 2026 Spring Playoffs,Cloud9,FlyQuest,FlyQuest,"[""Ziggs"", ""Nocturne"", ""Varus"", ""Vayne"", ""Renekton""]","[""Orianna"", ""Karma"", ""Anivia"", ""Nasus"", ""Gnar""]","[""Lulu"", ""Sylas"", ""Sivir"", ""K'Sante"", ""Shyvana""]","[""Twisted Fate"", ""Nautilus"", ""Senna"", ""Ambessa"", ""Hwei""]",[],[],0,leaguepedia_cargo_patch_range,1
Circuito Desafiante/2026 Season/Split 2 Promotion/Open Qualifier_Round 10_2_2,2026-05-23 22:15:00,26.10,CD 2026 Split 2 Open Qualifier,Kuma eSports B,Marere Invokers,Marere Invokers,[],[],[],[],[],[],0,leaguepedia_cargo_patch_range,1
LCS/2026 Season/Spring Playoffs_Round 1_1_4,2026-05-23 22:39:00,26.10,LCS 2026 Spring Playoffs,FlyQuest,Cloud9,FlyQuest,"[""Anivia"", ""Nasus"", ""Shen"", ""Ahri"", ""Gnar""]","[""Orianna"", ""Varus"", ""Ziggs"", ""Jhin"", ""Miss Fortune""]","[""Karma"", ""Wukong"", ""Aurora"", ""Yunara"", ""Renekton""]","[""Ezreal"", ""Nocturne"", ""Neeko"", ""Taliyah"", ""Quinn""]",[],[],1,leaguepedia_cargo_patch_range,0
Circuito Desafiante/2026 Season/Split 2 Promotion/Open Qualifier_Round 10_2_3,2026-05-23 23:19:00,26.10,CD 2026 Split 2 Open Qualifier,Kuma eSports B,Marere Invokers,Marere Invokers,[],[],[],[],[],[],0,leaguepedia_cargo_patch_range,1
LCS/2026 Season/Spring Playoffs_Round 1_1_5,2026-05-23 23:28:00,26.10,LCS 2026 Spring Playoffs,FlyQuest,Cloud9,Cloud9,"[""Nasus"", ""Anivia"", ""Vayne"", ""Syndra"", ""Irelia""]","[""Ziggs"", ""Orianna"", ""Varus"", ""Poppy"", ""Trundle""]","[""Gnar"", ""Jhin"", ""Alistar"", ""Sejuani"", ""Swain""]","[""Kalista"", ""Renata Glasc"", ""Akali"", ""Dr. Mundo"", ""Azir""]",[],[],0,leaguepedia_cargo_patch_range,1
LPL/2026 Season/Split 2 Playoffs_Play-In_3_1,2026-05-24 06:07:00,26.10,LPL 2026 Split 2 Playoffs,EDward Gaming,Ninjas in Pyjamas.CN,EDward Gaming,"[""Karma"", ""Rumble"", ""Xin Zhao"", ""Wukong"", ""Vi""]","[""Varus"", ""Nocturne"", ""Orianna"", ""Jarvan IV"", ""Naafiri""]","[""Cassiopeia"", ""Lucian"", ""Milio"", ""Skarner"", ""Jayce""]","[""Ashe"", ""Seraphine"", ""Annie"", ""Lee Sin"", ""Sion""]",[],[],1,leaguepedia_cargo_patch_range,0
LPL/2026 Season/Split 2 Playoffs_Play-In_3_2,2026-05-24 06:58:00,26.10,LPL 2026 Split 2 Playoffs,EDward Gaming,Ninjas in Pyjamas.CN,Ninjas in Pyjamas.CN,"[""Karma"", ""Rumble"", ""Xin Zhao"", ""Vayne"", ""Wukong""]","[""Varus"", ""Nocturne"", ""Naafiri"", ""Jhin"", ""Nautilus""]","[""Vi"", ""Ryze"", ""Gnar"", ""Corki"", ""Nami""]","[""Orianna"", ""Ezreal"", ""Bard"", ""Jarvan IV"", ""Tristana""]",[],[],0,leaguepedia_cargo_patch_range,1
Comic Con Baltics 2026_Finals_1_1,2026-05-24 07:35:00,26.10,Comic Con Baltics 2026,Wilderness Gaming,Kenty,Kenty,"[""Lucian"", ""Caitlyn"", ""Ashe"", ""Nocturne"", ""Naafiri""]","[""Pantheon"", ""Swain"", ""Anivia"", ""Jarvan IV"", ""Aatrox""]","[""Ezreal"", ""Karma"", ""Viktor"", ""Dr. Mundo"", ""Jax""]","[""Yunara"", ""Orianna"", ""Lulu"", ""Sion"", ""Qiyana""]",[],[],0,leaguepedia_cargo_patch_range,1
LPL/2026 Season/Split 2 Playoffs_Play-In_3_3,2026-05-24 08:02:00,26.10,LPL 2026 Split 2 Playoffs,Ninjas in Pyjamas.CN,EDward Gaming,EDward Gaming,"[""Azir"", ""Naafiri"", ""Twisted Fate"", ""Akali"", ""Ahri""]","[""Nocturne"", ""Rumble"", ""Xin Zhao"", ""Senna"", ""Sylas""]","[""Renekton"", ""Trundle"", ""Viktor"", ""Karma"", ""Varus""]","[""Jhin"", ""Wukong"", ""Aurora"", ""Nautilus"", ""Zaahen""]",[],[],0,leaguepedia_cargo_patch_range,1
LCK/2026 Season/Rounds 1-2_Week 8_9_1,2026-05-24 08:06:00,26.10,LCK 2026 Rounds 1-2,Gen.G,DN SOOPers,Gen.G,"[""Varus"", ""Jarvan IV"", ""Ezreal"", ""K'Sante"", ""Nocturne""]","[""Orianna"", ""Cassiopeia"", ""Karma"", ""Nautilus"", ""Lucian""]","[""Ryze"", ""Lee Sin"", ""Rumble"", ""Ashe"", ""Seraphine""]","[""Bard"", ""Anivia"", ""Caitlyn"", ""Skarner"", ""Ambessa""]",[],[],1,leaguepedia_cargo_patch_range,0
LCK/2026 Season/Rounds 1-2_Week 8_9_2,2026-05-24 08:56:00,26.10,LCK 2026 Rounds 1-2,Gen.G,DN SOOPers,Gen.G,"[""Varus"", ""Xin Zhao"", ""Jarvan IV"", ""Gwen"", ""Trundle""]","[""Orianna"", ""Cassiopeia"", ""Karma"", ""Nautilus"", ""Lulu""]","[""Wukong"", ""Sion"", ""Akali"", ""Corki"", ""Nami""]","[""Annie"", ""Lucian"", ""Milio"", ""Vayne"", ""Maokai""]",[],[],1,leaguepedia_cargo_patch_range,0
Comic Con Baltics 2026_Finals_1_2,2026-05-24 08:59:00,26.10,Comic Con Baltics 2026,Wilderness Gaming,Kenty,Kenty,"[""Lucian"", ""Caitlyn"", ""Nami"", ""Syndra"", ""Poppy""]","[""Pantheon"", ""Swain"", ""Anivia"", ""LeBlanc"", ""Aurora""]","[""Ashe"", ""Naafiri"", ""Rell"", ""Zed"", ""Gragas""]","[""Seraphine"", ""Jarvan IV"", ""Sivir"", ""Taliyah"", ""Ornn""]",[],[],0,leaguepedia_cargo_patch_range,1
LPL/2026 Season/Split 2 Playoffs_Play-In_3_4,2026-05-24 09:01:00,26.10,LPL 2026 Split 2 Playoffs,EDward Gaming,Ninjas in Pyjamas.CN,Ninjas in Pyjamas.CN,"[""Ambessa"", ""Xin Zhao"", ""Akali"", ""Camille"", ""Pyke""]","[""Twisted Fate"", ""Nocturne"", ""Yone"", ""K'Sante"", ""Ahri""]","[""Naafiri"", ""Caitlyn"", ""Lux"", ""Ornn"", ""Taliyah""]","[""Rumble"", ""Pantheon"", ""Ziggs"", ""Leona"", ""Vayne""]",[],[],0,leaguepedia_cargo_patch_range,1
LCP/2026 Season/Split 2 Playoffs_Round 1_2_1,2026-05-24 09:14:00,26.10,LCP 2026 Split 2 Playoffs,Fukuoka SoftBank HAWKS gaming,Deep Cross Gaming,Deep Cross Gaming,"[""Nocturne"", ""Xin Zhao"", ""Varus"", ""Caitlyn"", ""Ambessa""]","[""Orianna"", ""Cassiopeia"", ""Lee Sin"", ""Annie"", ""Nautilus""]","[""Ezreal"", ""Rumble"", ""Naafiri"", ""Twisted Fate"", ""Skarner""]","[""Karma"", ""Jarvan IV"", ""Ryze"", ""Jhin"", ""K'Sante""]",[],[],0,leaguepedia_cargo_patch_range,1
Nexus League/2026 Season/Spring Split_Week 7_5_1,2026-05-24 10:04:00,26.10,Nexus League 2026 Spring,Lausanne-Sport Esports,Galions Sharks,Galions Sharks,"[""Ryze"", ""Jarvan IV"", ""Ezreal"", ""Sion"", ""Wukong""]","[""Zoe"", ""Nocturne"", ""Orianna"", ""Olaf"", ""Rek'Sai""]","[""Viktor"", ""Nautilus"", ""Varus"", ""Malphite"", ""Vi""]","[""Bard"", ""Lux"", ""Caitlyn"", ""Jayce"", ""Rumble""]",[],[],0,leaguepedia_cargo_patch_range,1
LCP/2026 Season/Split 2 Playoffs_Round 1_2_2,2026-05-24 10:07:00,26.10,LCP 2026 Split 2 Playoffs,Fukuoka SoftBank HAWKS gaming,Deep Cross Gaming,Deep Cross Gaming,"[""Varus"", ""Akali"", ""Lee Sin"", ""Shen"", ""Miss Fortune""]","[""Nocturne"", ""Lucian"", ""Xin Zhao"", ""Caitlyn"", ""Ambessa""]","[""Vi"", ""Cassiopeia"", ""Bard"", ""Sion"", ""Zeri""]","[""Orianna"", ""Wukong"", ""Nautilus"", ""Sivir"", ""Zaahen""]",[],[],0,leaguepedia_cargo_patch_range,1
LPL/2026 Season/Split 2 Playoffs_Play-In_3_5,2026-05-24 10:09:00,26.10,LPL 2026 Split 2 Playoffs,Ninjas in Pyjamas.CN,EDward Gaming,EDward Gaming,"[""Azir"", ""Twisted Fate"", ""Yone"", ""Sylas"", ""Qiyana""]","[""Nocturne"", ""Xin Zhao"", ""Lulu"", ""Jax"", ""LeBlanc""]","[""Maokai"", ""Zeri"", ""Yuumi"", ""Mel"", ""K'Sante""]","[""Ambessa"", ""Thresh"", ""Aphelios"", ""Ahri"", ""Shyvana""]",[],[],0,leaguepedia_cargo_patch_range,1
LCK/2026 Season/Rounds 1-2_Week 8_10_1,2026-05-24 10:10:00,26.10,LCK 2026 Rounds 1-2,T1,HANJIN BRION,T1,"[""Bard"", ""Varus"", ""Anivia"", ""K'Sante"", ""Ambessa""]","[""Orianna"", ""Cassiopeia"", ""Karma"", ""Nautilus"", ""Lucian""]","[""Ryze"", ""Lee Sin"", ""Rumble"", ""Jhin"", ""Pyke""]","[""Twisted Fate"", ""Caitlyn"", ""Lux"", ""Sion"", ""Naafiri""]",[],[],1,leaguepedia_cargo_patch_range,0
Comic Con Baltics 2026_Finals_1_3,2026-05-24 10:16:00,26.10,Comic Con Baltics 2026,Wilderness Gaming,Kenty,Wilderness Gaming,"[""Lucian"", ""Caitlyn"", ""Bard"", ""Shen"", ""Neeko""]","[""Pantheon"", ""Swain"", ""Anivia"", ""Aatrox"", ""Xin Zhao""]","[""Jinx"", ""Sylas"", ""Milio"", ""Skarner"", ""Yorick""]","[""Ahri"", ""Kai'Sa"", ""Nocturne"", ""Nautilus"", ""Cho'Gath""]",[],[],1,leaguepedia_cargo_patch_range,0
Hitpoint Masters/2026 Season/Spring Playoffs_Round 1_2_1,2026-05-24 10:36:00,26.10,Hitpoint Masters 2026 Spring Playoffs,CITA Kaizen,eSuba,CITA Kaizen,"[""Ambessa"", ""Ezreal"", ""Nautilus"", ""Pyke"", ""Leona""]","[""Orianna"", ""Bard"", ""Karma"", ""Nocturne"", ""Vi""]","[""Rumble"", ""Jhin"", ""Neeko"", ""Zyra"", ""Jayce""]","[""Varus"", ""Wukong"", ""Ziggs"", ""Rell"", ""Syndra""]",[],[],1,leaguepedia_cargo_patch_range,0
Nexus League/2026 Season/Spring Split_Week 7_6_1,2026-05-24 10:57:00,26.10,Nexus League 2026 Spring,Zephyr Esport,Caldya Esport,Caldya Esport,"[""Jarvan IV"", ""Nocturne"", ""Caitlyn"", ""Syndra"", ""Viktor""]","[""Zoe"", ""Orianna"", ""Ezreal"", ""LeBlanc"", ""Annie""]","[""Pantheon"", ""Lucian"", ""Milio"", ""Ahri"", ""Sion""]","[""Skarner"", ""Senna"", ""Seraphine"", ""Taliyah"", ""Gnar""]",[],[],0,leaguepedia_cargo_patch_range,1
LCP/2026 Season/Split 2 Playoffs_Round 1_2_3,2026-05-24 11:09:00,26.10,LCP 2026 Split 2 Playoffs,Deep Cross Gaming,Fukuoka SoftBank HAWKS gaming,Deep Cross Gaming,"[""Nocturne"", ""Varus"", ""Xin Zhao"", ""Pantheon"", ""Vayne""]","[""Lee Sin"", ""Lucian"", ""Akali"", ""Aurora"", ""Mel""]","[""Renekton"", ""Trundle"", ""Ahri"", ""Ashe"", ""Lulu""]","[""Gnar"", ""Jax"", ""Annie"", ""Caitlyn"", ""Seraphine""]",[],[],1,leaguepedia_cargo_patch_range,0
LCK/2026 Season/Rounds 1-2_Week 8_10_2,2026-05-24 11:10:00,26.10,LCK 2026 Rounds 1-2,T1,HANJIN BRION,T1,"[""Bard"", ""Varus"", ""Lulu"", ""K'Sante"", ""Taliyah""]","[""Orianna"", ""Karma"", ""Cassiopeia"", ""Akali"", ""Annie""]","[""Lucian"", ""Milio"", ""Jarvan IV"", ""Jayce"", ""Aurora""]","[""Ashe"", ""Seraphine"", ""Xin Zhao"", ""Anivia"", ""Yorick""]",[],[],1,leaguepedia_cargo_patch_range,0
Comic Con Baltics 2026_Finals_1_4,2026-05-24 11:16:00,26.10,Comic Con Baltics 2026,Wilderness Gaming,Kenty,Wilderness Gaming,"[""Lucian"", ""Nami"", ""Bard"", ""Shen"", ""Malphite""]","[""Pantheon"", ""Swain"", ""Anivia"", ""Neeko"", ""Aatrox""]","[""Caitlyn"", ""Maokai"", ""Jayce"", ""Thresh"", ""Volibear""]","[""Senna"", ""Wukong"", ""Syndra"", ""Leona"", ""Urgot""]",[],[],1,leaguepedia_cargo_patch_range,0
LPL/2026 Season/Split 2 Playoffs_Play-In_4_1,2026-05-24 11:16:00,26.10,LPL 2026 Split 2 Playoffs,LGD Gaming,Weibo Gaming,LGD Gaming,"[""Nocturne"", ""Vi"", ""Karma"", ""Trundle"", ""Rumble""]","[""Orianna"", ""Cassiopeia"", ""Varus"", ""Lee Sin"", ""Sion""]","[""Annie"", ""Jarvan IV"", ""Renekton"", ""Lucian"", ""Milio""]","[""Ashe"", ""Seraphine"", ""Akali"", ""Naafiri"", ""Gnar""]",[],[],1,leaguepedia_cargo_patch_range,0
Hitpoint Masters/2026 Season/Spring Playoffs_Round 1_2_2,2026-05-24 11:29:00,26.10,Hitpoint Masters 2026 Spring Playoffs,CITA Kaizen,eSuba,CITA Kaizen,"[""Ambessa"", ""Nautilus"", ""Ezreal"", ""Ryze"", ""Aurora""]","[""Orianna"", ""Karma"", ""Bard"", ""Jarvan IV"", ""Nocturne""]","[""Ashe"", ""Lulu"", ""Akali"", ""Sion"", ""Lee Sin""]","[""Seraphine"", ""Xin Zhao"", ""Aphelios"", ""Malzahar"", ""Cho'Gath""]",[],[],1,leaguepedia_cargo_patch_range,0
Nexus League/2026 Season/Spring Split_Week 7_7_1,2026-05-24 11:54:00,26.10,Nexus League 2026 Spring,Lille Esport,Karmine Corp Blue Stars,Lille Esport,"[""Jayce"", ""Aurora"", ""Bard"", ""Poppy"", ""Braum""]","[""Orianna"", ""Seraphine"", ""Karma"", ""Cassiopeia"", ""Anivia""]","[""Ezreal"", ""Pantheon"", ""Akali"", ""Viktor"", ""Rell""]","[""Xin Zhao"", ""Varus"", ""Ryze"", ""Alistar"", ""Sion""]",[],[],1,leaguepedia_cargo_patch_range,0
LPL/2026 Season/Split 2 Playoffs_Play-In_4_2,2026-05-24 12:06:00,26.10,LPL 2026 Split 2 Playoffs,Weibo Gaming,LGD Gaming,LGD Gaming,"[""Nocturne"", ""Karma"", ""Yone"", ""Bard"", ""Nautilus""]","[""Orianna"", ""Cassiopeia"", ""Varus"", ""Neeko"", ""Yuumi""]","[""Vi"", ""Sion"", ""Ahri"", ""Yunara"", ""Lulu""]","[""Ryze"", ""Rumble"", ""Trundle"", ""Corki"", ""Nami""]",[],[],0,leaguepedia_cargo_patch_range,1
Hitpoint Masters/2026 Season/Spring Playoffs_Round 1_2_3,2026-05-24 12:12:00,26.10,Hitpoint Masters 2026 Spring Playoffs,CITA Kaizen,eSuba,CITA Kaizen,"[""Ambessa"", ""Nautilus"", ""Ezreal"", ""K'Sante"", ""Aurora""]","[""Orianna"", ""Karma"", ""Bard"", ""Gnar"", ""Taliyah""]","[""Lucian"", ""Naafiri"", ""Yuumi"", ""Ornn"", ""Cassiopeia""]","[""Corki"", ""Nami"", ""Vi"", ""Renekton"", ""Anivia""]",[],[],1,leaguepedia_cargo_patch_range,0
Comic Con Baltics 2026_Finals_1_5,2026-05-24 12:22:00,26.10,Comic Con Baltics 2026,Wilderness Gaming,Kenty,Kenty,"[""Lucian"", ""Nami"", ""Bard"", ""Zoe"", ""Shen""]","[""Pantheon"", ""Swain"", ""Anivia"", ""LeBlanc"", ""Aatrox""]","[""Zilean"", ""Xayah"", ""Sejuani"", ""Yone"", ""Rumble""]","[""Smolder"", ""Neeko"", ""Poppy"", ""Veigar"", ""Graves""]",[],[],0,leaguepedia_cargo_patch_range,1
Nexus League/2026 Season/Spring Split_Week 7_8_1,2026-05-24 12:53:00,26.10,Nexus League 2026 Spring,Project Conquerors,Crystal Rose (French Team),Project Conquerors,"[""Jarvan IV"", ""Aurelion Sol"", ""Orianna"", ""Renata Glasc"", ""Nautilus""]","[""Seraphine"", ""Karma"", ""Nocturne"", ""Poppy"", ""Braum""]","[""Ezreal"", ""Naafiri"", ""Anivia"", ""Cassiopeia"", ""Renekton""]","[""Kalista"", ""Aatrox"", ""Galio"", ""Neeko"", ""Olaf""]",[],[],1,leaguepedia_cargo_patch_range,0
LPL/2026 Season/Split 2 Playoffs_Play-In_4_3,2026-05-24 12:54:00,26.10,LPL 2026 Split 2 Playoffs,LGD Gaming,Weibo Gaming,Weibo Gaming,"[""Cassiopeia"", ""Twisted Fate"", ""Varus"", ""Lee Sin"", ""Pantheon""]","[""Orianna"", ""Nocturne"", ""Karma"", ""Vayne"", ""Maokai""]","[""Jayce"", ""Nautilus"", ""Miss Fortune"", ""Yorick"", ""Galio""]","[""Ezreal"", ""Bard"", ""K'Sante"", ""Xin Zhao"", ""Aurora""]",[],[],0,leaguepedia_cargo_patch_range,1
Prime League 2nd Division/2026 Season/Spring Split_Week 4_5_1,2026-05-24 13:13:00,26.10,PRM 2nd Division 25-26 Spring,Babos Gaming,Spongecord prime,Babos Gaming,[],[],[],[],[],[],1,leaguepedia_cargo_patch_range,0
Prime League 2nd Division/2026 Season/Spring Split_Week 4_6_1,2026-05-24 13:14:00,26.10,PRM 2nd Division 25-26 Spring,Hannover Esports e.V.,MT1 Esports,MT1 Esports,[],[],[],[],[],[],0,leaguepedia_cargo_patch_range,1
LPL/2026 Season/Split 2 Playoffs_Play-In_4_4,2026-05-24 13:58:00,26.10,LPL 2026 Split 2 Playoffs,Weibo Gaming,LGD Gaming,Weibo Gaming,"[""Nocturne"", ""Yone"", ""Karma"", ""Mel"", ""LeBlanc""]","[""Orianna"", ""Cassiopeia"", ""Varus"", ""Jhin"", ""Kog'Maw""]","[""Twisted Fate"", ""Rek'Sai"", ""Jax"", ""Ziggs"", ""Camille""]","[""Caitlyn"", ""Lee Sin"", ""Poppy"", ""Anivia"", ""Elise""]",[],[],1,leaguepedia_cargo_patch_range,0
Prime League 2nd Division/2026 Season/Spring Split_Week 4_6_2,2026-05-24 14:05:00,26.10,PRM 2nd Division 25-26 Spring,MT1 Esports,Hannover Esports e.V.,MT1 Esports,[],[],[],[],[],[],1,leaguepedia_cargo_patch_range,0
Prime League 2nd Division/2026 Season/Spring Split_Week 4_5_2,2026-05-24 14:08:00,26.10,PRM 2nd Division 25-26 Spring,Spongecord prime,Babos Gaming,Babos Gaming,[],[],[],[],[],[],0,leaguepedia_cargo_patch_range,1
LPL/2026 Season/Split 2 Playoffs_Play-In_4_5,2026-05-24 14:58:00,26.10,LPL 2026 Split 2 Playoffs,Weibo Gaming,LGD Gaming,LGD Gaming,"[""Yone"", ""Karma"", ""Nocturne"", ""Pyke"", ""Blitzcrank""]","[""Orianna"", ""Cassiopeia"", ""Varus"", ""Wukong"", ""Pantheon""]","[""Kalista"", ""Renata Glasc"", ""Ambessa"", ""Sylas"", ""Malphite""]","[""Draven"", ""Maokai"", ""Vayne"", ""Thresh"", ""Zaahen""]",[],[],0,leaguepedia_cargo_patch_range,1
LEC/2026 Season/Spring Playoffs_Round 1_2_1,2026-05-24 15:08:00,26.10,LEC 2026 Spring Playoffs,Movistar KOI,Team Vitality,Movistar KOI,"[""Pantheon"", ""Bard"", ""Jarvan IV"", ""Vayne"", ""Gnar""]","[""Orianna"", ""Nocturne"", ""Xin Zhao"", ""Sion"", ""Naafiri""]","[""Ashe"", ""Seraphine"", ""Cassiopeia"", ""Wukong"", ""Rumble""]","[""Anivia"", ""Ezreal"", ""Nami"", ""Vi"", ""Syndra""]",[],[],1,leaguepedia_cargo_patch_range,0
Prime League 2nd Division/2026 Season/Spring Split_Week 4_8_2,2026-05-24 15:44:00,26.10,PRM 2nd Division 25-26 Spring,PvB (Swiss Team),Circus Kittens,PvB (Swiss Team),[],[],[],[],[],[],1,leaguepedia_cargo_patch_range,0
Prime League 2nd Division/2026 Season/Spring Split_Week 4_7_1,2026-05-24 15:45:00,26.10,PRM 2nd Division 25-26 Spring,Team Rift,TeamOrangeGaming Academy,Team Rift,[],[],[],[],[],[],1,leaguepedia_cargo_patch_range,0
LEC/2026 Season/Spring Playoffs_Round 1_2_2,2026-05-24 16:05:00,26.10,LEC 2026 Spring Playoffs,Movistar KOI,Team Vitality,Movistar KOI,"[""Pantheon"", ""Jhin"", ""Jarvan IV"", ""Vayne"", ""Gnar""]","[""Orianna"", ""Varus"", ""Nautilus"", ""Azir"", ""Annie""]","[""Caitlyn"", ""Neeko"", ""Nocturne"", ""Renekton"", ""Akali""]","[""Ryze"", ""Bard"", ""Miss Fortune"", ""Xin Zhao"", ""Gragas""]",[],[],1,leaguepedia_cargo_patch_range,0
CBLOL/2026 Season/Split 1 Playoffs_Round 4_1_1,2026-05-24 16:11:00,26.10,CBLOL 2026 Split 1 Playoffs,FURIA,RED Canids,FURIA,"[""Nautilus"", ""Jarvan IV"", ""Karma"", ""Rakan"", ""Jhin""]","[""Seraphine"", ""Milio"", ""Caitlyn"", ""Akali"", ""Aatrox""]","[""Bard"", ""Galio"", ""Ezreal"", ""Xin Zhao"", ""Ornn""]","[""Nocturne"", ""Orianna"", ""Rumble"", ""Varus"", ""Neeko""]",[],[],1,leaguepedia_cargo_patch_range,0
LIT/2026 Season/Summer Promotion_Finals_1_1,2026-05-24 16:11:00,26.10,LIT 2026 Summer Promotion,P11 Esports,Epitomy Esports,P11 Esports,"[""Seraphine"", ""Fiora"", ""Hwei"", ""Cassiopeia"", ""Smolder""]","[""Karma"", ""Ashe"", ""Sylas"", ""Akali"", ""Aphelios""]","[""Sion"", ""Zaahen"", ""Braum"", ""Ryze"", ""Zeri""]","[""Nautilus"", ""Wukong"", ""Mordekaiser"", ""Senna"", ""Azir""]",[],[],1,leaguepedia_cargo_patch_range,0
Prime League 2nd Division/2026 Season/Spring Split_Week 4_8_1,2026-05-24 16:24:00,26.10,PRM 2nd Division 25-26 Spring,PvB (Swiss Team),Circus Kittens,PvB (Swiss Team),[],[],[],[],[],[],1,leaguepedia_cargo_patch_range,0
Prime League 2nd Division/2026 Season/Spring Split_Week 4_7_2,2026-05-24 16:34:00,26.10,PRM 2nd Division 25-26 Spring,TeamOrangeGaming Academy,Team Rift,Team Rift,[],[],[],[],[],[],0,leaguepedia_cargo_patch_range,1
LEC/2026 Season/Spring Playoffs_Round 1_2_3,2026-05-24 16:55:00,26.10,LEC 2026 Spring Playoffs,Movistar KOI,Team Vitality,Movistar KOI,"[""Jarvan IV"", ""Pyke"", ""Pantheon"", ""Yasuo"", ""Jax""]","[""Orianna"", ""Naafiri"", ""Nautilus"", ""Galio"", ""Azir""]","[""Varus"", ""Xayah"", ""Rakan"", ""Taliyah"", ""Lee Sin""]","[""Lucian"", ""Milio"", ""Annie"", ""Jayce"", ""Olaf""]",[],[],1,leaguepedia_cargo_patch_range,0
CBLOL/2026 Season/Split 1 Playoffs_Round 4_1_2,2026-05-24 17:02:00,26.10,CBLOL 2026 Split 1 Playoffs,FURIA,RED Canids,FURIA,"[""Milio"", ""Olaf"", ""Pantheon"", ""Gwen"", ""Gnar""]","[""Nautilus"", ""Jarvan IV"", ""Karma"", ""Sylas"", ""Ryze""]","[""Seraphine"", ""Aatrox"", ""Senna"", ""Cassiopeia"", ""Renekton""]","[""Ashe"", ""Lulu"", ""Twisted Fate"", ""Sion"", ""Lee Sin""]",[],[],1,leaguepedia_cargo_patch_range,0
LIT/2026 Season/Summer Promotion_Finals_1_2,2026-05-24 17:14:00,26.10,LIT 2026 Summer Promotion,P11 Esports,Epitomy Esports,P11 Esports,"[""Fiora"", ""Hwei"", ""Seraphine"", ""Olaf"", ""Aatrox""]","[""Ashe"", ""Karma"", ""Sylas"", ""Akali"", ""Ahri""]","[""Lulu"", ""Yunara"", ""K'Sante"", ""Jarvan IV"", ""Aurora""]","[""Nami"", ""Varus"", ""Syndra"", ""Yorick"", ""Kayn""]",[],[],1,leaguepedia_cargo_patch_range,0
CBLOL/2026 Season/Split 1 Playoffs_Round 4_1_3,2026-05-24 17:55:00,26.10,CBLOL 2026 Split 1 Playoffs,FURIA,RED Canids,FURIA,"[""Nautilus"", ""Karma"", ""Ryze"", ""Pantheon"", ""LeBlanc""]","[""Milio"", ""Nami"", ""Jarvan IV"", ""Jayce"", ""Vayne""]","[""Rakan"", ""Trundle"", ""Xayah"", ""Ambessa"", ""Annie""]","[""Alistar"", ""Sivir"", ""Gnar"", ""Naafiri"", ""Akali""]",[],[],1,leaguepedia_cargo_patch_range,0
LIT/2026 Season/Summer Promotion_Finals_1_3,2026-05-24 18:07:00,26.10,LIT 2026 Summer Promotion,P11 Esports,Epitomy Esports,Epitomy Esports,"[""Olaf"", ""Hwei"", ""Mel"", ""Viktor"", ""Orianna""]","[""Ashe"", ""Karma"", ""Sylas"", ""Jayce"", ""Ambessa""]","[""Seraphine"", ""Ezreal"", ""Ahri"", ""Gnar"", ""Dr. Mundo""]","[""Lucian"", ""Milio"", ""Xin Zhao"", ""Galio"", ""Rumble""]",[],[],0,leaguepedia_cargo_patch_range,1
LIT/2026 Season/Summer Promotion_Finals_1_4,2026-05-24 19:07:00,26.10,LIT 2026 Summer Promotion,Epitomy Esports,P11 Esports,P11 Esports,"[""Ashe"", ""Sylas"", ""Akali"", ""Ambessa"", ""Aphelios""]","[""Olaf"", ""Hwei"", ""Karma"", ""Smolder"", ""Leona""]","[""Jayce"", ""Viktor"", ""Aatrox"", ""Tristana"", ""Thresh""]","[""Anivia"", ""Bard"", ""Naafiri"", ""Caitlyn"", ""Trundle""]",[],[],0,leaguepedia_cargo_patch_range,1
LCS/2026 Season/Spring Playoffs_Round 1_2_1,2026-05-24 20:12:00,26.10,LCS 2026 Spring Playoffs,Team Liquid,LYON (2024 American Team),Team Liquid,"[""Jarvan IV"", ""Nocturne"", ""Yone"", ""Bard"", ""Ambessa""]","[""Orianna"", ""Cassiopeia"", ""Varus"", ""Rumble"", ""Xin Zhao""]","[""Karma"", ""Jhin"", ""Anivia"", ""Sion"", ""Wukong""]","[""Ezreal"", ""Ryze"", ""Lee Sin"", ""Rell"", ""Shen""]",[],[],1,leaguepedia_cargo_patch_range,0
LCS/2026 Season/Spring Playoffs_Round 1_2_2,2026-05-24 21:05:00,26.10,LCS 2026 Spring Playoffs,Team Liquid,LYON (2024 American Team),LYON (2024 American Team),"[""Jarvan IV"", ""Nocturne"", ""Ornn"", ""Annie"", ""Akali""]","[""Orianna"", ""Cassiopeia"", ""Varus"", ""Xin Zhao"", ""Trundle""]","[""Rumble"", ""Senna"", ""Nautilus"", ""Yone"", ""Sejuani""]","[""Vi"", ""Lucian"", ""Milio"", ""Ambessa"", ""Aurora""]",[],[],0,leaguepedia_cargo_patch_range,1
Circuito Desafiante/2026 Season/Split 2 Promotion/Open Qualifier_Round 11_1_1,2026-05-24 21:13:00,26.10,CD 2026 Split 2 Open Qualifier,Barulhinhos,Marere Invokers,Barulhinhos,[],[],[],[],[],[],1,leaguepedia_cargo_patch_range,0
Circuito Desafiante/2026 Season/Split 2 Promotion/Open Qualifier_Round 11_1_2,2026-05-24 22:03:00,26.10,CD 2026 Split 2 Open Qualifier,Barulhinhos,Marere Invokers,Barulhinhos,[],[],[],[],[],[],1,leaguepedia_cargo_patch_range,0
LCS/2026 Season/Spring Playoffs_Round 1_2_3,2026-05-24 22:04:00,26.10,LCS 2026 Spring Playoffs,LYON (2024 American Team),Team Liquid,LYON (2024 American Team),"[""Bard"", ""Akali"", ""Orianna"", ""Neeko"", ""Lux""]","[""Varus"", ""Seraphine"", ""Cassiopeia"", ""Ziggs"", ""Xayah""]","[""Jarvan IV"", ""Jayce"", ""Twisted Fate"", ""Mel"", ""Pantheon""]","[""Caitlyn"", ""Xin Zhao"", ""Sylas"", ""Malphite"", ""Braum""]",[],[],1,leaguepedia_cargo_patch_range,0
Circuito Desafiante/2026 Season/Split 2 Promotion/Open Qualifier_Round 11_1_3,2026-05-24 22:47:00,26.10,CD 2026 Split 2 Open Qualifier,Barulhinhos,Marere Invokers,Barulhinhos,[],[],[],[],[],[],1,leaguepedia_cargo_patch_range,0
LCS/2026 Season/Spring Playoffs_Round 1_2_4,2026-05-24 22:54:00,26.10,LCS 2026 Spring Playoffs,LYON (2024 American Team),Team Liquid,Team Liquid,"[""Akali"", ""Lulu"", ""Skarner"", ""Poppy"", ""Shyvana""]","[""Varus"", ""Seraphine"", ""Nocturne"", ""Bard"", ""Neeko""]","[""Corki"", ""Naafiri"", ""Orianna"", ""Renekton"", ""Rakan""]","[""Nami"", ""Cassiopeia"", ""Smolder"", ""Ornn"", ""Gnar""]",[],[],0,leaguepedia_cargo_patch_range,1
LCS/2026 Season/Spring Playoffs_Round 1_2_5,2026-05-24 23:44:00,26.10,LCS 2026 Spring Playoffs,Team Liquid,LYON (2024 American Team),LYON (2024 American Team),"[""Lulu"", ""Akali"", ""Vayne"", ""K'Sante"", ""Garen""]","[""Varus"", ""Seraphine"", ""Nocturne"", ""Neeko"", ""Ziggs""]","[""Annie"", ""Rek'Sai"", ""Jax"", ""Sona"", ""Aphelios""]","[""Bard"", ""Trundle"", ""Taliyah"", ""Poppy"", ""Jinx""]",[],[],0,leaguepedia_cargo_patch_range,1
LCK CL/2026 Season/Rounds 1-2_Week 9_1_1,2026-05-25 05:03:00,26.10,LCK CL 2026 Rounds 1-2,Hanwha Life Esports Challengers,Dplus Kia Challengers,Dplus Kia Challengers,"[""Varus"", ""Karma"", ""Ashe"", ""Gnar"", ""Ambessa""]","[""Orianna"", ""Cassiopeia"", ""Jarvan IV"", ""Annie"", ""Aurora""]","[""Nocturne"", ""Ezreal"", ""Neeko"", ""Sion"", ""Ahri""]","[""Lucian"", ""Milio"", ""Twisted Fate"", ""Lee Sin"", ""Gwen""]",[],[],0,leaguepedia_cargo_patch_range,1
LCK CL/2026 Season/Rounds 1-2_Week 9_1_2,2026-05-25 05:53:00,26.10,LCK CL 2026 Rounds 1-2,Dplus Kia Challengers,Hanwha Life Esports Challengers,Dplus Kia Challengers,"[""Varus"", ""Ashe"", ""Karma"", ""Xin Zhao"", ""Vayne""]","[""Orianna"", ""Rumble"", ""Jayce"", ""Azir"", ""Akali""]","[""Jarvan IV"", ""Jhin"", ""Nautilus"", ""Gnar"", ""Anivia""]","[""Cassiopeia"", ""Bard"", ""Caitlyn"", ""Skarner"", ""Tristana""]",[],[],1,leaguepedia_cargo_patch_range,0
LCK CL/2026 Season/Rounds 1-2_Week 9_2_1,2026-05-25 07:09:00,26.10,LCK CL 2026 Rounds 1-2,T1 Esports Academy,BNK FEARX Youth,BNK FEARX Youth,"[""Varus"", ""Lucian"", ""Nocturne"", ""Neeko"", ""Akali""]","[""Ashe"", ""Caitlyn"", ""Karma"", ""K'Sante"", ""Gnar""]","[""Jarvan IV"", ""Bard"", ""Jhin"", ""Orianna"", ""Ambessa""]","[""Rumble"", ""Ezreal"", ""Lee Sin"", ""Nami"", ""LeBlanc""]",[],[],0,leaguepedia_cargo_patch_range,1
Esports World Cup 2026/Online Qualifiers/Korea_Round 4_1_1,2026-05-25 07:10:00,26.10,Esports World Cup 2026 Online Qualifier: Korea,Dplus Kia,T1,T1,"[""Varus"", ""Lucian"", ""Jarvan IV"", ""Yorick"", ""Lee Sin""]","[""Bard"", ""Orianna"", ""Anivia"", ""Xin Zhao"", ""Skarner""]","[""Karma"", ""Jhin"", ""Jayce"", ""Akali"", ""Trundle""]","[""Ezreal"", ""Cassiopeia"", ""Nautilus"", ""K'Sante"", ""Naafiri""]",[],[],0,leaguepedia_cargo_patch_range,1
LCK CL/2026 Season/Rounds 1-2_Week 9_2_2,2026-05-25 08:01:00,26.10,LCK CL 2026 Rounds 1-2,BNK FEARX Youth,T1 Esports Academy,T1 Esports Academy,"[""Varus"", ""Ashe"", ""Karma"", ""Yorick"", ""Cassiopeia""]","[""Nocturne"", ""Lulu"", ""Milio"", ""Pantheon"", ""Naafiri""]","[""Neeko"", ""Sivir"", ""Jayce"", ""Wukong"", ""Annie""]","[""Caitlyn"", ""Xin Zhao"", ""Lux"", ""Sion"", ""Anivia""]",[],[],0,leaguepedia_cargo_patch_range,1
Esports World Cup 2026/Online Qualifiers/Korea_Round 4_1_2,2026-05-25 08:12:00,26.10,Esports World Cup 2026 Online Qualifier: Korea,T1,Dplus Kia,Dplus Kia,"[""Varus"", ""Bard"", ""Vayne"", ""Wukong"", ""Nocturne""]","[""Orianna"", ""Lucian"", ""Jarvan IV"", ""Ambessa"", ""Olaf""]","[""Xin Zhao"", ""Ziggs"", ""Pyke"", ""Gnar"", ""Viktor""]","[""Ashe"", ""Seraphine"", ""Sion"", ""Lee Sin"", ""Sylas""]",[],[],0,leaguepedia_cargo_patch_range,1
LCK CL/2026 Season/Rounds 1-2_Week 9_2_3,2026-05-25 08:46:00,26.10,LCK CL 2026 Rounds 1-2,T1 Esports Academy,BNK FEARX Youth,T1 Esports Academy,"[""Akali"", ""Varus"", ""Lulu"", ""Vayne"", ""Cassiopeia""]","[""Nocturne"", ""Ashe"", ""Nautilus"", ""Azir"", ""Gnar""]","[""Milio"", ""Vi"", ""Yunara"", ""Ahri"", ""Renekton""]","[""Lucian"", ""Yuumi"", ""Naafiri"", ""Taliyah"", ""Shen""]",[],[],1,leaguepedia_cargo_patch_range,0
PCS/2026 Season/Spring Season_Playoffs Round 2_1_1,2026-05-25 09:03:00,26.10,PCS 2026 Spring,CTBC Flying Oyster Academy,SillySilly Gaming,CTBC Flying Oyster Academy,"[""Rengar"", ""Varus"", ""Cassiopeia"", ""Nautilus"", ""Bard""]","[""Nocturne"", ""Lucian"", ""Ashe"", ""Jhin"", ""Caitlyn""]","[""Karma"", ""Rumble"", ""Ryze"", ""Sivir"", ""Jarvan IV""]","[""Orianna"", ""Ezreal"", ""K'Sante"", ""Pyke"", ""Naafiri""]",[],[],1,leaguepedia_cargo_patch_range,0
Esports World Cup 2026/Online Qualifiers/Korea_Round 4_1_3,2026-05-25 09:14:00,26.10,Esports World Cup 2026 Online Qualifier: Korea,Dplus Kia,T1,T1,"[""Varus"", ""Jarvan IV"", ""Anivia"", ""Rumble"", ""Taliyah""]","[""Bard"", ""Orianna"", ""Caitlyn"", ""Nocturne"", ""Wukong""]","[""Lucian"", ""Milio"", ""Ryze"", ""Ambessa"", ""Poppy""]","[""Lulu"", ""Vi"", ""Yunara"", ""Ahri"", ""Renekton""]",[],[],0,leaguepedia_cargo_patch_range,1
LCK CL/2026 Season/Rounds 1-2_Week 9_3_1,2026-05-25 09:49:00,26.10,LCK CL 2026 Rounds 1-2,HANJIN BRION Challengers,Kiwoom DRX Challengers,Kiwoom DRX Challengers,"[""Varus"", ""Karma"", ""Jarvan IV"", ""Xin Zhao"", ""Sion""]","[""Nocturne"", ""Orianna"", ""Rumble"", ""Akali"", ""Anivia""]","[""Vi"", ""Zeri"", ""Yuumi"", ""Galio"", ""Jayce""]","[""Ashe"", ""Seraphine"", ""Cassiopeia"", ""Wukong"", ""Yorick""]",[],[],0,leaguepedia_cargo_patch_range,1
PCS/2026 Season/Spring Season_Playoffs Round 2_1_2,2026-05-25 09:55:00,26.10,PCS 2026 Spring,SillySilly Gaming,CTBC Flying Oyster Academy,CTBC Flying Oyster Academy,"[""Lucian"", ""Ashe"", ""Nocturne"", ""Olaf"", ""Xin Zhao""]","[""Rengar"", ""Varus"", ""Cassiopeia"", ""Lee Sin"", ""Vi""]","[""Annie"", ""Nautilus"", ""Miss Fortune"", ""Renekton"", ""Kindred""]","[""Yunara"", ""Lulu"", ""Viktor"", ""Wukong"", ""Gnar""]",[],[],0,leaguepedia_cargo_patch_range,1
Esports World Cup 2026/Online Qualifiers/Korea_Round 4_1_4,2026-05-25 10:09:00,26.10,Esports World Cup 2026 Online Qualifier: Korea,T1,Dplus Kia,T1,"[""Varus"", ""Jarvan IV"", ""Twisted Fate"", ""Yorick"", ""Nami""]","[""Bard"", ""Orianna"", ""Caitlyn"", ""Miss Fortune"", ""Kalista""]","[""Annie"", ""Nocturne"", ""Rumble"", ""Sivir"", ""Alistar""]","[""Corki"", ""Taliyah"", ""Wukong"", ""Anivia"", ""Aurora""]",[],[],1,leaguepedia_cargo_patch_range,0
PCS/2026 Season/Spring Season_Playoffs Round 2_2_1,2026-05-25 10:47:00,26.10,PCS 2026 Spring,wangting,Frank Esports,Frank Esports,"[""Pyke"", ""Varus"", ""Annie"", ""Anivia"", ""Jax""]","[""Rumble"", ""Orianna"", ""Cassiopeia"", ""Naafiri"", ""Pantheon""]","[""Ryze"", ""Miss Fortune"", ""Nautilus"", ""Xin Zhao"", ""Ambessa""]","[""Karma"", ""Ezreal"", ""Jarvan IV"", ""Aurora"", ""Irelia""]",[],[],0,leaguepedia_cargo_patch_range,1
LCK CL/2026 Season/Rounds 1-2_Week 9_3_2,2026-05-25 10:51:00,26.10,LCK CL 2026 Rounds 1-2,HANJIN BRION Challengers,Kiwoom DRX Challengers,Kiwoom DRX Challengers,"[""Varus"", ""Nocturne"", ""Rumble"", ""Anivia"", ""Vayne""]","[""Orianna"", ""Jarvan IV"", ""Karma"", ""Lee Sin"", ""Naafiri""]","[""Lucian"", ""Milio"", ""Ryze"", ""Skarner"", ""Gnar""]","[""Xin Zhao"", ""Bard"", ""Caitlyn"", ""Annie"", ""Renekton""]",[],[],0,leaguepedia_cargo_patch_range,1
PCS/2026 Season/Spring Season_Playoffs Round 2_2_2,2026-05-25 11:28:00,26.10,PCS 2026 Spring,Frank Esports,wangting,wangting,"[""Rumble"", ""Varus"", ""Pantheon"", ""Akali"", ""Jax""]","[""Pyke"", ""Annie"", ""Nocturne"", ""Fiora"", ""K'Sante""]","[""Orianna"", ""Ziggs"", ""Leona"", ""Wukong"", ""Camille""]","[""Ashe"", ""Seraphine"", ""Vi"", ""Galio"", ""Gwen""]",[],[],0,leaguepedia_cargo_patch_range,1
Esports World Cup 2026/Online Qualifiers/Korea_Round 3_1_1,2026-05-25 11:50:00,26.10,Esports World Cup 2026 Online Qualifier: Korea,Nongshim RedForce,Hanwha Life Esports,Hanwha Life Esports,"[""Varus"", ""Karma"", ""Jarvan IV"", ""Taliyah"", ""Jayce""]","[""Orianna"", ""Cassiopeia"", ""Ezreal"", ""Xin Zhao"", ""Rumble""]","[""Lucian"", ""Milio"", ""Ryze"", ""Poppy"", ""Sion""]","[""Bard"", ""Caitlyn"", ""Vi"", ""Ahri"", ""Yone""]",[],[],0,leaguepedia_cargo_patch_range,1
PCS/2026 Season/Spring Season_Playoffs Round 2_2_3,2026-05-25 12:19:00,26.10,PCS 2026 Spring,wangting,Frank Esports,Frank Esports,"[""Pyke"", ""Annie"", ""Caitlyn"", ""Fiora"", ""Jax""]","[""Rumble"", ""Pantheon"", ""Lucian"", ""K'Sante"", ""Sion""]","[""Cassiopeia"", ""Jhin"", ""Bard"", ""Maokai"", ""Yorick""]","[""Anivia"", ""Varus"", ""Neeko"", ""Nocturne"", ""Yone""]",[],[],0,leaguepedia_cargo_patch_range,1
Esports World Cup 2026/Online Qualifiers/Korea_Round 3_1_2,2026-05-25 12:41:00,26.10,Esports World Cup 2026 Online Qualifier: Korea,Nongshim RedForce,Hanwha Life Esports,Hanwha Life Esports,"[""Varus"", ""Karma"", ""Jarvan IV"", ""Xin Zhao"", ""Taliyah""]","[""Orianna"", ""Cassiopeia"", ""Rumble"", ""Nautilus"", ""Ezreal""]","[""Annie"", ""Wukong"", ""Jayce"", ""Yunara"", ""Lulu""]","[""Ashe"", ""Seraphine"", ""Yorick"", ""Pantheon"", ""Viktor""]",[],[],0,leaguepedia_cargo_patch_range,1
LEC/2026 Season/Spring Playoffs_Round 3_1_1,2026-05-25 15:08:00,26.10,LEC 2026 Spring Playoffs,Movistar KOI,G2 Esports,Movistar KOI,"[""Xin Zhao"", ""Bard"", ""LeBlanc"", ""Alistar"", ""Braum""]","[""Orianna"", ""Ashe"", ""Rumble"", ""Vi"", ""Akali""]","[""Anivia"", ""Kai'Sa"", ""Nautilus"", ""Galio"", ""Nocturne""]","[""Jarvan IV"", ""Ezreal"", ""Cassiopeia"", ""Leona"", ""Yone""]",[],[],1,leaguepedia_cargo_patch_range,0
LEC/2026 Season/Spring Playoffs_Round 3_1_2,2026-05-25 15:59:00,26.10,LEC 2026 Spring Playoffs,Movistar KOI,G2 Esports,Movistar KOI,"[""Xin Zhao"", ""Bard"", ""Jhin"", ""Vi"", ""Pantheon""]","[""Orianna"", ""Ashe"", ""Karma"", ""Rumble"", ""Olaf""]","[""Caitlyn"", ""Nami"", ""Ryze"", ""Trundle"", ""Varus""]","[""Yunara"", ""Lulu"", ""Taliyah"", ""Skarner"", ""Yasuo""]",[],[],1,leaguepedia_cargo_patch_range,0
Prime League 2nd Division/2026 Season/Spring Split_Week 5_2_1,2026-05-25 16:11:00,26.10,PRM 2nd Division 25-26 Spring,All for One Gaming,AceGaming,All for One Gaming,[],[],[],[],[],[],1,leaguepedia_cargo_patch_range,0
Prime League 2nd Division/2026 Season/Spring Split_Week 5_1_1,2026-05-25 16:18:00,26.10,PRM 2nd Division 25-26 Spring,regnum4games,Reveal Multigaming,Reveal Multigaming,[],[],[],[],[],[],0,leaguepedia_cargo_patch_range,1
LEC/2026 Season/Spring Playoffs_Round 3_1_3,2026-05-25 16:51:00,26.10,LEC 2026 Spring Playoffs,Movistar KOI,G2 Esports,G2 Esports,"[""Olaf"", ""Smolder"", ""Shen"", ""Vayne"", ""LeBlanc""]","[""Orianna"", ""Ashe"", ""Milio"", ""Akali"", ""Rumble""]","[""Vi"", ""Neeko"", ""Zeri"", ""Sion"", ""Ahri""]","[""Xayah"", ""Rakan"", ""Xin Zhao"", ""Viktor"", ""Kled""]",[],[],0,leaguepedia_cargo_patch_range,1
Prime League 2nd Division/2026 Season/Spring Split_Week 5_2_2,2026-05-25 17:01:00,26.10,PRM 2nd Division 25-26 Spring,All for One Gaming,AceGaming,All for One Gaming,[],[],[],[],[],[],1,leaguepedia_cargo_patch_range,0
NLC/2026 Season/Spring Split_Day 1_4_1,2026-05-25 17:05:00,26.10,NLC 2026 Spring,Deer Gaming,Verdant,Verdant,"[""Varus"", ""Jarvan IV"", ""Xin Zhao"", ""Pyke"", ""Seraphine""]","[""Orianna"", ""Karma"", ""Rumble"", ""Anivia"", ""Ambessa""]","[""Lucian"", ""Milio"", ""Naafiri"", ""Hwei"", ""Zaahen""]","[""Cassiopeia"", ""Vi"", ""Sion"", ""Senna"", ""Soraka""]",[],[],0,leaguepedia_cargo_patch_range,1
NLC/2026 Season/Spring Split_Day 1_1_1,2026-05-25 17:06:00,26.10,NLC 2026 Spring,Lund Esports Organization,DMG Esports,DMG Esports,"[""Ambessa"", ""Nocturne"", ""Aurora"", ""Bard"", ""Neeko""]","[""Shen"", ""Orianna"", ""Karma"", ""Cassiopeia"", ""Anivia""]","[""Ashe"", ""Lulu"", ""Xin Zhao"", ""Veigar"", ""Sion""]","[""Ezreal"", ""Wukong"", ""Ryze"", ""Nami"", ""Olaf""]",[],[],0,leaguepedia_cargo_patch_range,1
NLC/2026 Season/Spring Split_Day 1_3_1,2026-05-25 17:09:00,26.10,NLC 2026 Spring,Bulldog Esports,Arctic Pandas,Arctic Pandas,"[""Anivia"", ""Varus"", ""Jarvan IV"", ""Jhin"", ""Vayne""]","[""Jayce"", ""Orianna"", ""Rumble"", ""Lee Sin"", ""Pantheon""]","[""Ezreal"", ""Karma"", ""LeBlanc"", ""Nocturne"", ""Gnar""]","[""Cassiopeia"", ""Bard"", ""Vi"", ""Caitlyn"", ""Sion""]",[],[],0,leaguepedia_cargo_patch_range,1
NLC/2026 Season/Spring Split_Day 1_2_1,2026-05-25 17:23:00,26.10,NLC 2026 Spring,Ruddy Corporation,Lundqvist Lightside,Ruddy Corporation,"[""Ryze"", ""Naafiri"", ""Jayce"", ""Nocturne""]","[""Ashe"", ""Aurora"", ""Sion"", ""Viktor"", ""Syndra""]","[""Karma"", ""Jhin"", ""Xin Zhao"", ""Kassadin"", ""Ambessa""]","[""Nami"", ""Ezreal"", ""Orianna"", ""Jarvan IV"", ""Renekton""]",[],[],1,leaguepedia_cargo_patch_range,0
Prime League 2nd Division/2026 Season/Spring Split_Week 5_1_2,2026-05-25 17:24:00,26.10,PRM 2nd Division 25-26 Spring,Reveal Multigaming,regnum4games,Reveal Multigaming,[],[],[],[],[],[],1,leaguepedia_cargo_patch_range,0
LEC/2026 Season/Spring Playoffs_Round 3_1_4,2026-05-25 17:36:00,26.10,LEC 2026 Spring Playoffs,G2 Esports,Movistar KOI,G2 Esports,"[""Smolder"", ""Annie"", ""Senna"", ""Ornn"", ""LeBlanc""]","[""Orianna"", ""Pantheon"", ""Milio"", ""Wukong"", ""Poppy""]","[""Seraphine"", ""Miss Fortune"", ""Rumble"", ""Lee Sin"", ""Akali""]","[""Ashe"", ""Twisted Fate"", ""Naafiri"", ""Bard"", ""Aurora""]",[],[],1,leaguepedia_cargo_patch_range,0
NLC/2026 Season/Spring Split_Day 1_8_1,2026-05-25 18:07:00,26.10,NLC 2026 Spring,Bulldog Esports,Deer Gaming,Bulldog Esports,"[""Anivia"", ""Lulu"", ""Sion"", ""Ryze"", ""Taliyah""]","[""Orianna"", ""Karma"", ""Cassiopeia"", ""Jayce"", ""Rumble""]","[""Lucian"", ""Milio"", ""Naafiri"", ""Akali"", ""Sylas""]","[""Seraphine"", ""Jarvan IV"", ""Ashe"", ""Aurora"", ""Galio""]",[],[],1,leaguepedia_cargo_patch_range,0
NLC/2026 Season/Spring Split_Day 1_6_1,2026-05-25 18:12:00,26.10,NLC 2026 Spring,Verdant,Lund Esports Organization,Verdant,"[""Shen"", ""Jarvan IV"", ""Jax"", ""Xin Zhao"", ""Pantheon""]","[""Jayce"", ""Karma"", ""Orianna"", ""Ahri"", ""Azir""]","[""Varus"", ""Cassiopeia"", ""Nocturne"", ""Yunara"", ""Pyke""]","[""Bard"", ""Jhin"", ""Anivia"", ""Wukong"", ""Yorick""]",[],[],1,leaguepedia_cargo_patch_range,0
NLC/2026 Season/Spring Split_Day 1_5_1,2026-05-25 18:14:00,26.10,NLC 2026 Spring,Arctic Pandas,Lundqvist Lightside,Arctic Pandas,"[""Ezreal"", ""Jayce"", ""Jarvan IV"", ""Kai'Sa"", ""Xayah""]","[""Anivia"", ""Cassiopeia"", ""Varus"", ""Caitlyn"", ""Jhin""]","[""Orianna"", ""Nocturne"", ""Bard"", ""Senna"", ""Gnar""]","[""Ryze"", ""Xin Zhao"", ""Nautilus"", ""Yunara"", ""Shyvana""]",[],[],1,leaguepedia_cargo_patch_range,0
NLC/2026 Season/Spring Split_Day 1_7_1,2026-05-25 18:14:00,26.10,NLC 2026 Spring,DMG Esports,Ruddy Corporation,DMG Esports,"[""Nautilus"", ""Anivia"", ""Cassiopeia"", ""Ornn"", ""K'Sante""]","[""Karma"", ""Aurora"", ""Ambessa"", ""Rakan"", ""Rell""]","[""Orianna"", ""Nocturne"", ""Kai'Sa"", ""Pyke"", ""Gragas""]","[""Ezreal"", ""Wukong"", ""Kassadin"", ""Bard"", ""Sion""]",[],[],1,leaguepedia_cargo_patch_range,0
LEC/2026 Season/Spring Playoffs_Round 3_1_5,2026-05-25 18:29:00,26.10,LEC 2026 Spring Playoffs,G2 Esports,Movistar KOI,G2 Esports,"[""Milio"", ""Braum"", ""Smolder"", ""Vayne"", ""Wukong""]","[""Orianna"", ""Annie"", ""Karma"", ""LeBlanc"", ""Hwei""]","[""Pantheon"", ""Soraka"", ""Jinx"", ""Sylas"", ""Malphite""]","[""Senna"", ""Alistar"", ""Azir"", ""Gnar"", ""Zaahen""]",[],[],1,leaguepedia_cargo_patch_range,0
Prime League 2nd Division/2026 Season/Spring Split_Week 5_3_1,2026-05-25 18:42:00,26.10,PRM 2nd Division 25-26 Spring,DKB XPERION NXT,Locked In (Dutch Team),Locked In (Dutch Team),[],[],[],[],[],[],0,leaguepedia_cargo_patch_range,1
Prime League 2nd Division/2026 Season/Spring Split_Week 5_4_1,2026-05-25 18:47:00,26.10,PRM 2nd Division 25-26 Spring,LOOKSMAXXER,CGN Esports,CGN Esports,[],[],[],[],[],[],0,leaguepedia_cargo_patch_range,1
NLC/2026 Season/Spring Split_Day 1_11_1,2026-05-25 18:58:00,26.10,NLC 2026 Spring,Bulldog Esports,Verdant,Verdant,"[""Sion"", ""Varus"", ""Anivia"", ""Syndra"", ""LeBlanc""]","[""Orianna"", ""Karma"", ""Akali"", ""Naafiri"", ""Lee Sin""]","[""Cassiopeia"", ""Lucian"", ""Milio"", ""Wukong"", ""Aurora""]","[""Ashe"", ""Jarvan IV"", ""Seraphine"", ""Hwei"", ""K'Sante""]",[],[],0,leaguepedia_cargo_patch_range,1
NLC/2026 Season/Spring Split_Day 1_12_1,2026-05-25 19:00:00,26.10,NLC 2026 Spring,Deer Gaming,Lundqvist Lightside,Lundqvist Lightside,"[""Nocturne"", ""Ezreal"", ""Jarvan IV"", ""Sivir"", ""Jhin""]","[""Anivia"", ""Orianna"", ""Bard"", ""Pantheon"", ""Naafiri""]","[""Varus"", ""Taliyah"", ""Sion"", ""Trundle"", ""Karma""]","[""Jayce"", ""Ryze"", ""Vi"", ""Rell"", ""Kai'Sa""]",[],[],0,leaguepedia_cargo_patch_range,1
NLC/2026 Season/Spring Split_Day 1_9_1,2026-05-25 19:00:00,26.10,NLC 2026 Spring,DMG Esports,Arctic Pandas,Arctic Pandas,"[""Jayce"", ""Senna"", ""Bard"", ""Gnar"", ""Ornn""]","[""Talon"", ""Orianna"", ""Varus"", ""Vi"", ""Nocturne""]","[""Aurora"", ""Caitlyn"", ""Nami"", ""K'Sante"", ""Xin Zhao""]","[""Ezreal"", ""Karma"", ""Jarvan IV"", ""Ryze"", ""Twisted Fate""]",[],[],0,leaguepedia_cargo_patch_range,1
NLC/2026 Season/Spring Split_Day 1_10_1,2026-05-25 19:02:00,26.10,NLC 2026 Spring,Ruddy Corporation,Lund Esports Organization,Lund Esports Organization,"[""Shen"", ""Ryze"", ""Bard"", ""Akali"", ""Anivia""]","[""Aurora"", ""Varus"", ""Orianna"", ""Ambessa"", ""Gwen""]","[""Karma"", ""Xin Zhao"", ""Jhin"", ""Zaahen"", ""Viktor""]","[""Ezreal"", ""Nautilus"", ""Jarvan IV"", ""Sion"", ""Veigar""]",[],[],0,leaguepedia_cargo_patch_range,1
Prime League 2nd Division/2026 Season/Spring Split_Week 5_4_2,2026-05-25 19:31:00,26.10,PRM 2nd Division 25-26 Spring,CGN Esports,LOOKSMAXXER,CGN Esports,[],[],[],[],[],[],1,leaguepedia_cargo_patch_range,0
Prime League 2nd Division/2026 Season/Spring Split_Week 5_3_2,2026-05-25 19:32:00,26.10,PRM 2nd Division 25-26 Spring,Locked In (Dutch Team),DKB XPERION NXT,DKB XPERION NXT,[],[],[],[],[],[],0,leaguepedia_cargo_patch_range,1
NLC/2026 Season/Spring Split_Day 1_13_1,2026-05-25 19:45:00,26.10,NLC 2026 Spring,Verdant,DMG Esports,Verdant,"[""Jarvan IV"", ""Aurora"", ""Nocturne"", ""Pantheon"", ""Xin Zhao""]","[""Orianna"", ""Karma"", ""Taliyah"", ""Pyke"", ""Nautilus""]","[""Varus"", ""Lee Sin"", ""Cassiopeia"", ""Leona"", ""Senna""]","[""Ezreal"", ""Bard"", ""Syndra"", ""Wukong"", ""Olaf""]",[],[],1,leaguepedia_cargo_patch_range,0
NLC/2026 Season/Spring Split_Day 1_15_1,2026-05-25 19:57:00,26.10,NLC 2026 Spring,Lund Esports Organization,Arctic Pandas,Arctic Pandas,"[""Anivia"", ""Vi"", ""Varus"", ""Rumble"", ""Gnar""]","[""Shen"", ""Jax"", ""Nautilus"", ""Nocturne"", ""Xin Zhao""]","[""Orianna"", ""Caitlyn"", ""Karma"", ""K'Sante"", ""Pantheon""]","[""Jarvan IV"", ""Ezreal"", ""Bard"", ""Galio"", ""Kled""]",[],[],0,leaguepedia_cargo_patch_range,1
NLC/2026 Season/Spring Split_Day 1_16_1,2026-05-25 19:59:00,26.10,NLC 2026 Spring,Ruddy Corporation,Deer Gaming,Deer Gaming,"[""Kai'Sa"", ""Pyke"", ""Pantheon"", ""Lulu"", ""Thresh""]","[""Xin Zhao"", ""Karma"", ""Aurora"", ""Rakan"", ""Bard""]","[""Orianna"", ""Nocturne"", ""Ezreal"", ""Braum"", ""Ambessa""]","[""Syndra"", ""Jarvan IV"", ""Yunara"", ""Alistar"", ""Renekton""]",[],[],0,leaguepedia_cargo_patch_range,1
NLC/2026 Season/Spring Split_Day 1_14_1,2026-05-25 20:00:00,26.10,NLC 2026 Spring,Bulldog Esports,Lundqvist Lightside,Lundqvist Lightside,"[""Sion"", ""Varus"", ""Ryze"", ""Kai'Sa"", ""Corki""]","[""Cassiopeia"", ""Akali"", ""Nocturne"", ""Jarvan IV"", ""Vi""]","[""Orianna"", ""Ezreal"", ""Bard"", ""Rumble"", ""Lee Sin""]","[""Azir"", ""Jayce"", ""Rell"", ""Sivir"", ""K'Sante""]",[],[],0,leaguepedia_cargo_patch_range,1
Prime League 2nd Division/2026 Season/Spring Split_Week 5_3_3,2026-05-25 20:23:00,26.10,PRM 2nd Division 25-26 Spring,DKB XPERION NXT,Locked In (Dutch Team),DKB XPERION NXT,[],[],[],[],[],[],1,leaguepedia_cargo_patch_range,0
CBLOL/2026 Season/Split 1 Playoffs_Round 2_3_1,2026-05-25 21:11:00,26.10,CBLOL 2026 Split 1 Playoffs,LØS,LOUD,LØS,"[""Naafiri"", ""Orianna"", ""Jarvan IV"", ""Vi"", ""K'Sante""]","[""Nocturne"", ""Pantheon"", ""Varus"", ""Aatrox"", ""Skarner""]","[""Cassiopeia"", ""Lucian"", ""Milio"", ""Trundle"", ""Twisted Fate""]","[""Caitlyn"", ""Bard"", ""Akali"", ""Sion"", ""Qiyana""]",[],[],1,leaguepedia_cargo_patch_range,0
CBLOL/2026 Season/Split 1 Playoffs_Round 2_3_2,2026-05-25 22:05:00,26.10,CBLOL 2026 Split 1 Playoffs,LØS,LOUD,LØS,"[""Pantheon"", ""Syndra"", ""Varus"", ""Nautilus"", ""Nami""]","[""Naafiri"", ""Nocturne"", ""Karma"", ""Kalista"", ""Seraphine""]","[""Orianna"", ""Aatrox"", ""Rumble"", ""Jhin"", ""Neeko""]","[""Jarvan IV"", ""Ryze"", ""K'Sante"", ""Ezreal"", ""Anivia""]",[],[],1,leaguepedia_cargo_patch_range,0
CBLOL/2026 Season/Split 1 Playoffs_Round 2_3_3,2026-05-25 22:55:00,26.10,CBLOL 2026 Split 1 Playoffs,LØS,LOUD,LOUD,"[""Pantheon"", ""Nautilus"", ""Varus"", ""Pyke"", ""Leona""]","[""Naafiri"", ""Nocturne"", ""Karma"", ""Olaf"", ""Xin Zhao""]","[""Viktor"", ""Ashe"", ""Seraphine"", ""Sejuani"", ""Yorick""]","[""Vi"", ""Taliyah"", ""Jayce"", ""Mel"", ""Camille""]",[],[],0,leaguepedia_cargo_patch_range,1
Liga Regional Norte/2026 Season/Split 1 Playoffs_Round 3_1_1,2026-05-25 23:13:00,26.10,LRN 2026 Split 1 Playoffs,G3V E-sports,Fuego,Fuego,"[""Karma"", ""Nautilus"", ""Bard"", ""Orianna"", ""Nami""]","[""Varus"", ""Nocturne"", ""Lucian"", ""Pantheon"", ""Cassiopeia""]","[""Neeko"", ""Rumble"", ""Caitlyn"", ""Wukong"", ""Galio""]","[""Jarvan IV"", ""Ezreal"", ""K'Sante"", ""Ryze"", ""Rell""]",[],[],0,leaguepedia_cargo_patch_range,1
CBLOL/2026 Season/Split 1 Playoffs_Round 2_3_4,2026-05-25 23:42:00,26.10,CBLOL 2026 Split 1 Playoffs,LOUD,LØS,LOUD,"[""Naafiri"", ""Lee Sin"", ""Aurora"", ""Rek'Sai"", ""Annie""]","[""Varus"", ""Nocturne"", ""Pantheon"", ""Vayne"", ""Kennen""]","[""Xin Zhao"", ""Zeri"", ""Lulu"", ""Gnar"", ""Zoe""]","[""Corki"", ""Sylas"", ""Nami"", ""Renekton"", ""Ahri""]",[],[],1,leaguepedia_cargo_patch_range,0
Liga Regional Norte/2026 Season/Split 1 Playoffs_Round 3_1_2,2026-05-25 23:54:00,26.10,LRN 2026 Split 1 Playoffs,Fuego,G3V E-sports,Fuego,"[""Varus"", ""Orianna"", ""Bard"", ""Renekton"", ""Vayne""]","[""Karma"", ""Lucian"", ""Nautilus"", ""Gwen"", ""Akali""]","[""Nocturne"", ""Mel"", ""Pantheon"", ""Gnar"", ""Cassiopeia""]","[""Seraphine"", ""Ashe"", ""Xin Zhao"", ""Sion"", ""Viktor""]",[],[],1,leaguepedia_cargo_patch_range,0
CBLOL/2026 Season/Split 1 Playoffs_Round 2_3_5,2026-05-26 00:36:00,26.10,CBLOL 2026 Split 1 Playoffs,LOUD,LØS,LØS,"[""Lee Sin"", ""Aurora"", ""Varus"", ""Rek'Sai"", ""Vayne""]","[""Nocturne"", ""Pantheon"", ""Syndra"", ""Rakan"", ""Nautilus""]","[""Naafiri"", ""Annie"", ""Ambessa"", ""Ziggs"", ""Leona""]","[""Kalista"", ""Renata Glasc"", ""Hwei"", ""Maokai"", ""Skarner""]",[],[],0,leaguepedia_cargo_patch_range,1
Liga Regional Norte/2026 Season/Split 1 Playoffs_Round 3_1_3,2026-05-26 00:38:00,26.10,LRN 2026 Split 1 Playoffs,Fuego,G3V E-sports,G3V E-sports,"[""Akali"", ""Nautilus"", ""Bard"", ""Azir"", ""Twisted Fate""]","[""Varus"", ""Orianna"", ""Lucian"", ""Jayce"", ""Sylas""]","[""Karma"", ""Trundle"", ""Yunara"", ""Anivia"", ""Syndra""]","[""Xayah"", ""Skarner"", ""Rakan"", ""Aurora"", ""Vayne""]",[],[],0,leaguepedia_cargo_patch_range,1
Liga Regional Norte/2026 Season/Split 1 Playoffs_Round 3_1_4,2026-05-26 01:39:00,26.10,LRN 2026 Split 1 Playoffs,G3V E-sports,Fuego,Fuego,"[""Orianna"", ""Naafiri"", ""Bard"", ""Sylas"", ""Jax""]","[""Varus"", ""Lucian"", ""Akali"", ""Jayce"", ""Ahri""]","[""Vi"", ""Nautilus"", ""Miss Fortune"", ""Kayle"", ""Twisted Fate""]","[""Maokai"", ""Corki"", ""Braum"", ""Renekton"", ""Yone""]",[],[],0,leaguepedia_cargo_patch_range,1
Esports World Cup 2026/Online Qualifiers/Korea_Round 4_2_1,2026-05-26 07:08:00,26.10,Esports World Cup 2026 Online Qualifier: Korea,Dplus Kia,Hanwha Life Esports,Hanwha Life Esports,"[""Varus"", ""Jarvan IV"", ""Karma"", ""Vi"", ""K'Sante""]","[""Nocturne"", ""Bard"", ""Ziggs"", ""Naafiri"", ""Trundle""]","[""Orianna"", ""Lucian"", ""Milio"", ""Rumble"", ""Pantheon""]","[""Viktor"", ""Ashe"", ""Seraphine"", ""Xin Zhao"", ""Ambessa""]",[],[],0,leaguepedia_cargo_patch_range,1
Esports World Cup 2026/Online Qualifiers/Korea_Round 4_2_2,2026-05-26 08:01:00,26.10,Esports World Cup 2026 Online Qualifier: Korea,Dplus Kia,Hanwha Life Esports,Hanwha Life Esports,"[""Varus"", ""Karma"", ""Jarvan IV"", ""Ahri"", ""Taliyah""]","[""Cassiopeia"", ""Bard"", ""Nami"", ""Ziggs"", ""Nautilus""]","[""Ryze"", ""Jayce"", ""Trundle"", ""Senna"", ""Alistar""]","[""Lulu"", ""Vi"", ""Yunara"", ""Yorick"", ""Anivia""]",[],[],0,leaguepedia_cargo_patch_range,1
LCK CL/2026 Season/Rounds 1-2_Week 9_4_1,2026-05-26 08:07:00,26.10,LCK CL 2026 Rounds 1-2,KT Rolster Challengers,Gen.G Global Academy,KT Rolster Challengers,"[""Nocturne"", ""Varus"", ""Ashe"", ""Gwen"", ""Vayne""]","[""Rumble"", ""Orianna"", ""Jarvan IV"", ""Xin Zhao"", ""Sion""]","[""Ezreal"", ""Cassiopeia"", ""Karma"", ""Jayce"", ""Skarner""]","[""Lucian"", ""Vi"", ""Nami"", ""Akali"", ""K'Sante""]",[],[],1,leaguepedia_cargo_patch_range,0
LCK CL/2026 Season/Rounds 1-2_Week 9_4_2,2026-05-26 08:58:00,26.10,LCK CL 2026 Rounds 1-2,KT Rolster Challengers,Gen.G Global Academy,KT Rolster Challengers,"[""Varus"", ""Bard"", ""Ashe"", ""Trundle"", ""Wukong""]","[""Orianna"", ""Jarvan IV"", ""Nocturne"", ""Sivir"", ""Kog'Maw""]","[""Rumble"", ""Lulu"", ""Xin Zhao"", ""Aphelios"", ""Renekton""]","[""Yunara"", ""Ambessa"", ""Nautilus"", ""Lee Sin"", ""Taliyah""]",[],[],1,leaguepedia_cargo_patch_range,0
Esports World Cup 2026/Online Qualifiers/Korea_Round 4_2_3,2026-05-26 09:01:00,26.10,Esports World Cup 2026 Online Qualifier: Korea,Hanwha Life Esports,Dplus Kia,Hanwha Life Esports,"[""Karma"", ""Jarvan IV"", ""Varus"", ""Taliyah"", ""Gnar""]","[""Cassiopeia"", ""Annie"", ""Bard"", ""Ahri"", ""Mel""]","[""Lee Sin"", ""Nautilus"", ""Miss Fortune"", ""Sion"", ""Fizz""]","[""Caitlyn"", ""Skarner"", ""Lux"", ""Twisted Fate"", ""Illaoi""]",[],[],1,leaguepedia_cargo_patch_range,0
PCS/2026 Season/Spring Season_Playoffs Round 1_5_1,2026-05-26 09:07:00,26.10,PCS 2026 Spring,Equinox Core,Shadow Keepers Esports,Shadow Keepers Esports,"[""Jarvan IV"", ""Varus"", ""Neeko"", ""Lucian"", ""Caitlyn""]","[""Karma"", ""Vi"", ""Pantheon"", ""Xin Zhao"", ""Alistar""]","[""Orianna"", ""Ezreal"", ""K'Sante"", ""Wukong"", ""Nami""]","[""Nocturne"", ""Rumble"", ""Akali"", ""Kai'Sa"", ""Nautilus""]",[],[],0,leaguepedia_cargo_patch_range,1
PCS/2026 Season/Spring Season_Playoffs Round 1_5_2,2026-05-26 09:59:00,26.10,PCS 2026 Spring,Equinox Core,Shadow Keepers Esports,Shadow Keepers Esports,"[""Pantheon"", ""Ryze"", ""Jarvan IV"", ""Pyke"", ""Bard""]","[""Karma"", ""Vi"", ""Varus"", ""Xin Zhao"", ""Skarner""]","[""Jayce"", ""Caitlyn"", ""Lux"", ""Lee Sin"", ""Zoe""]","[""Aurora"", ""Ambessa"", ""Jhin"", ""Neeko"", ""Yorick""]",[],[],0,leaguepedia_cargo_patch_range,1
LCK CL/2026 Season/Rounds 1-2_Week 9_5_1,2026-05-26 10:03:00,26.10,LCK CL 2026 Rounds 1-2,DN SOOPers Challengers,Nongshim Esports Academy,DN SOOPers Challengers,"[""Varus"", ""Karma"", ""Ashe"", ""Bard"", ""Corki""]","[""Jarvan IV"", ""Lucian"", ""Orianna"", ""Nautilus"", ""Ezreal""]","[""Rumble"", ""Wukong"", ""Annie"", ""Kai'Sa"", ""Neeko""]","[""Ambessa"", ""Vi"", ""Akali"", ""Lulu"", ""Yunara""]",[],[],1,leaguepedia_cargo_patch_range,0
LCK CL/2026 Season/Rounds 1-2_Week 9_5_2,2026-05-26 10:48:00,26.10,LCK CL 2026 Rounds 1-2,DN SOOPers Challengers,Nongshim Esports Academy,DN SOOPers Challengers,"[""Varus"", ""Karma"", ""Cassiopeia"", ""Vayne"", ""Sivir""]","[""Jarvan IV"", ""Lucian"", ""Orianna"", ""Nautilus"", ""Leona""]","[""Ryze"", ""Lee Sin"", ""Ezreal"", ""Jayce"", ""Rell""]","[""Bard"", ""Anivia"", ""Skarner"", ""Caitlyn"", ""Sion""]",[],[],1,leaguepedia_cargo_patch_range,0
PCS/2026 Season/Spring Season_Playoffs Round 1_6_1,2026-05-26 10:50:00,26.10,PCS 2026 Spring,Ground Zero Academy,Viper Night Raider,Viper Night Raider,"[""Akali"", ""Karma"", ""Jarvan IV"", ""Yunara"", ""Jhin""]","[""Varus"", ""Lucian"", ""Ashe"", ""Nocturne"", ""Vi""]","[""Orianna"", ""Rumble"", ""Ezreal"", ""Lee Sin"", ""Nautilus""]","[""Cassiopeia"", ""Xin Zhao"", ""K'Sante"", ""Nami"", ""Corki""]",[],[],0,leaguepedia_cargo_patch_range,1
PCS/2026 Season/Spring Season_Playoffs Round 1_6_2,2026-05-26 11:43:00,26.10,PCS 2026 Spring,Ground Zero Academy,Viper Night Raider,Viper Night Raider,"[""Akali"", ""Karma"", ""Jarvan IV"", ""Seraphine"", ""Lulu""]","[""Lucian"", ""Ryze"", ""Varus"", ""Bard"", ""Neeko""]","[""Aurora"", ""Miss Fortune"", ""Vi"", ""Rell"", ""Ambessa""]","[""Ashe"", ""Wukong"", ""Annie"", ""Braum"", ""Renekton""]",[],[],0,leaguepedia_cargo_patch_range,1
Hitpoint Masters/2026 Season/Spring Playoffs_Round 1_3_1,2026-05-26 14:14:00,26.10,Hitpoint Masters 2026 Spring Playoffs,Meavedron,EXILE esports,EXILE esports,"[""Anivia"", ""Smolder"", ""Ambessa"", ""Xin Zhao"", ""Pantheon""]","[""Jarvan IV"", ""Gwen"", ""Wukong"", ""Nautilus"", ""Karma""]","[""Fiora"", ""Vi"", ""Akali"", ""Ezreal"", ""Rakan""]","[""Sion"", ""Naafiri"", ""Orianna"", ""Ashe"", ""Seraphine""]",[],[],0,leaguepedia_cargo_patch_range,1
TCL/2026 Season/Spring Playoffs_Semifinals_1_1,2026-05-26 15:01:00,26.10,TCL 2026 Spring Playoffs,PCIFIC Esports,Ozarox Esports,PCIFIC Esports,"[""Nautilus"", ""Ryze"", ""Viktor"", ""Xin Zhao"", ""Gnar""]","[""Orianna"", ""Karma"", ""Ashe"", ""Sion"", ""Naafiri""]","[""LeBlanc"", ""Caitlyn"", ""Neeko"", ""Dr. Mundo"", ""Renekton""]","[""Lucian"", ""Milio"", ""Galio"", ""Vi"", ""Varus""]",[],[],1,leaguepedia_cargo_patch_range,0
Hitpoint Masters/2026 Season/Spring Playoffs_Round 1_3_2,2026-05-26 15:06:00,26.10,Hitpoint Masters 2026 Spring Playoffs,Meavedron,EXILE esports,Meavedron,"[""Anivia"", ""Ambessa"", ""Trundle"", ""Karma"", ""Syndra""]","[""Jarvan IV"", ""Veigar"", ""Smolder"", ""Leona"", ""Nautilus""]","[""Ornn"", ""Viego"", ""Annie"", ""Varus"", ""Rell""]","[""Rumble"", ""Wukong"", ""Vladimir"", ""Jhin"", ""Bard""]",[],[],1,leaguepedia_cargo_patch_range,0
Prime League 1st Division/2026 Season/Spring Playoffs_Semifinals_1_1,2026-05-26 15:08:00,26.10,PRM 1st Division 2026 Spring Playoffs,Eintracht Spandau,E WIE EINFACH E-SPORTS,Eintracht Spandau,"[""Pyke"", ""Nautilus"", ""Ryze"", ""LeBlanc"", ""Syndra""]","[""Karma"", ""Azir"", ""Orianna"", ""Aatrox"", ""Skarner""]","[""Lucian"", ""Milio"", ""Viktor"", ""Naafiri"", ""Shen""]","[""Sion"", ""Ezreal"", ""Nami"", ""Jarvan IV"", ""Akali""]",[],[],1,leaguepedia_cargo_patch_range,0
Rift Legends/2026 Season/Spring Playoffs_Round 1_1_1,2026-05-26 15:14:00,26.10,Rift Legends 2026 Spring Playoffs,Bomba Team,Anonymo Esports,Bomba Team,"[""Nautilus"", ""Neeko"", ""Ashe"", ""Yasuo"", ""Zyra""]","[""Aurora"", ""Karma"", ""Varus"", ""Orianna"", ""Jarvan IV""]","[""Ezreal"", ""Anivia"", ""Rell"", ""Nocturne"", ""Ahri""]","[""Bard"", ""Rumble"", ""Caitlyn"", ""Pantheon"", ""Akali""]",[],[],1,leaguepedia_cargo_patch_range,0
Hitpoint Masters/2026 Season/Spring Playoffs_Round 1_3_3,2026-05-26 15:58:00,26.10,Hitpoint Masters 2026 Spring Playoffs,EXILE esports,Meavedron,Meavedron,"[""Jarvan IV"", ""Karma"", ""Smolder"", ""Cho'Gath"", ""K'Sante""]","[""Anivia"", ""Ambessa"", ""LeBlanc"", ""Singed"", ""Jax""]","[""Gwen"", ""Dr. Mundo"", ""Viktor"", ""Yunara"", ""Lulu""]","[""Shen"", ""Aatrox"", ""Syndra"", ""Draven"", ""Nautilus""]",[],[],0,leaguepedia_cargo_patch_range,1
TCL/2026 Season/Spring Playoffs_Semifinals_1_2,2026-05-26 16:02:00,26.10,TCL 2026 Spring Playoffs,Ozarox Esports,PCIFIC Esports,PCIFIC Esports,"[""Mel"", ""Nautilus"", ""Orianna"", ""Wukong"", ""Naafiri""]","[""Ashe"", ""Karma"", ""Sion"", ""Ryze"", ""Aurora""]","[""Nami"", ""Corki"", ""Jarvan IV"", ""Anivia"", ""Rumble""]","[""Aphelios"", ""Lulu"", ""Akali"", ""Xin Zhao"", ""K'Sante""]",[],[],0,leaguepedia_cargo_patch_range,1
Rift Legends/2026 Season/Spring Playoffs_Round 1_1_2,2026-05-26 16:05:00,26.10,Rift Legends 2026 Spring Playoffs,Bomba Team,Anonymo Esports,Bomba Team,"[""Nautilus"", ""Neeko"", ""Ashe"", ""Yunara"", ""Seraphine""]","[""Aurora"", ""Karma"", ""Orianna"", ""Yone"", ""Syndra""]","[""Jarvan IV"", ""Corki"", ""Nami"", ""Cassiopeia"", ""Sion""]","[""Ryze"", ""Varus"", ""Wukong"", ""Thresh"", ""Gnar""]",[],[],1,leaguepedia_cargo_patch_range,0
Road Of Legends/2026 Season/Spring Playoffs_Round 3_1_1,2026-05-26 16:08:00,26.10,Road Of Legends 2026 Spring Playoffs,The Bandits,Frites Esports Club,Frites Esports Club,"[""Orianna"", ""Lucian"", ""Karma"", ""Akali"", ""Cassiopeia""]","[""Aurelion Sol"", ""Nautilus"", ""Varus"", ""Syndra"", ""LeBlanc""]","[""Ashe"", ""Ornn"", ""Rakan"", ""Ahri"", ""Jax""]","[""Bard"", ""Jarvan IV"", ""Ezreal"", ""Anivia"", ""Gragas""]",[],[],0,leaguepedia_cargo_patch_range,1
Prime League 1st Division/2026 Season/Spring Playoffs_Semifinals_1_2,2026-05-26 16:28:00,26.10,PRM 1st Division 2026 Spring Playoffs,E WIE EINFACH E-SPORTS,Eintracht Spandau,Eintracht Spandau,"[""Nautilus"", ""Vi"", ""Pantheon"", ""Skarner"", ""Vayne""]","[""Ryze"", ""Pyke"", ""Ziggs"", ""Dr. Mundo"", ""Nocturne""]","[""Azir"", ""Varus"", ""Karma"", ""Maokai"", ""Gnar""]","[""Bard"", ""Caitlyn"", ""Kog'Maw"", ""Wukong"", ""Jayce""]",[],[],0,leaguepedia_cargo_patch_range,1
Hitpoint Masters/2026 Season/Spring Playoffs_Round 1_3_4,2026-05-26 16:48:00,26.10,Hitpoint Masters 2026 Spring Playoffs,EXILE esports,Meavedron,Meavedron,"[""Karma"", ""K'Sante"", ""Cho'Gath"", ""Caitlyn"", ""Miss Fortune""]","[""Singed"", ""Renekton"", ""Anivia"", ""Xin Zhao"", ""Pantheon""]","[""Aurora"", ""Lee Sin"", ""Galio"", ""Lucian"", ""Milio""]","[""Ambessa"", ""Jarvan IV"", ""Ahri"", ""Corki"", ""Nami""]",[],[],0,leaguepedia_cargo_patch_range,1
TCL/2026 Season/Spring Playoffs_Semifinals_1_3,2026-05-26 16:55:00,26.10,TCL 2026 Spring Playoffs,Ozarox Esports,PCIFIC Esports,PCIFIC Esports,"[""Wukong"", ""Orianna"", ""Naafiri"", ""Aurora"", ""Azir""]","[""Ashe"", ""Kalista"", ""Karma"", ""Sion"", ""Kai'Sa""]","[""Gragas"", ""Pantheon"", ""Cassiopeia"", ""Miss Fortune"", ""Nautilus""]","[""Gnar"", ""Zaahen"", ""Ahri"", ""Ezreal"", ""Rell""]",[],[],0,leaguepedia_cargo_patch_range,1
Rift Legends/2026 Season/Spring Playoffs_Round 1_1_3,2026-05-26 16:59:00,26.10,Rift Legends 2026 Spring Playoffs,Bomba Team,Anonymo Esports,Bomba Team,"[""Nautilus"", ""Neeko"", ""Yasuo"", ""Yunara"", ""Jhin""]","[""Aurora"", ""Karma"", ""Orianna"", ""LeBlanc"", ""Vayne""]","[""Ashe"", ""Milio"", ""Naafiri"", ""Sylas"", ""Renekton""]","[""Seraphine"", ""Zyra"", ""Yone"", ""Rakan"", ""K'Sante""]",[],[],1,leaguepedia_cargo_patch_range,0
Road Of Legends/2026 Season/Spring Playoffs_Round 3_1_2,2026-05-26 16:59:00,26.10,Road Of Legends 2026 Spring Playoffs,Frites Esports Club,The Bandits,Frites Esports Club,"[""Aurelion Sol"", ""Cassiopeia"", ""Varus"", ""Dr. Mundo"", ""Naafiri""]","[""Rumble"", ""Orianna"", ""Akali"", ""Xin Zhao"", ""Vi""]","[""Aurora"", ""Caitlyn"", ""Karma"", ""Viktor"", ""Skarner""]","[""Ryze"", ""Lucian"", ""Nautilus"", ""Wukong"", ""Tryndamere""]",[],[],1,leaguepedia_cargo_patch_range,0
Prime League 1st Division/2026 Season/Spring Playoffs_Semifinals_1_3,2026-05-26 17:22:00,26.10,PRM 1st Division 2026 Spring Playoffs,Eintracht Spandau,E WIE EINFACH E-SPORTS,Eintracht Spandau,"[""Ryze"", ""Ashe"", ""Pyke"", ""Poppy"", ""Ahri""]","[""Orianna"", ""Rumble"", ""Sivir"", ""Mel"", ""LeBlanc""]","[""Yunara"", ""Nocturne"", ""Lulu"", ""Cassiopeia"", ""Aatrox""]","[""Ziggs"", ""Viego"", ""Leona"", ""Aurora"", ""K'Sante""]",[],[],1,leaguepedia_cargo_patch_range,0
Road Of Legends/2026 Season/Spring Playoffs_Round 3_1_3,2026-05-26 17:50:00,26.10,Road Of Legends 2026 Spring Playoffs,Frites Esports Club,The Bandits,Frites Esports Club,"[""Aurelion Sol"", ""Syndra"", ""LeBlanc"", ""Alistar"", ""Leona""]","[""Orianna"", ""Rumble"", ""Cassiopeia"", ""Corki"", ""Kai'Sa""]","[""Annie"", ""Nocturne"", ""Neeko"", ""Kalista"", ""K'Sante""]","[""Hwei"", ""Varus"", ""Zaahen"", ""Rell"", ""Gnar""]",[],[],1,leaguepedia_cargo_patch_range,0
Circuito Desafiante/2026 Season/Split 1 Playoffs_Round 3_1_1,2026-05-26 20:03:00,26.10,CD 2026 Split 1 Playoffs,paiN Gaming Academy,Estral Esports,paiN Gaming Academy,"[""Varus"", ""Jarvan IV"", ""Orianna"", ""Taliyah"", ""Vayne""]","[""Nocturne"", ""Lucian"", ""Karma"", ""Xin Zhao"", ""Trundle""]","[""Seraphine"", ""Cassiopeia"", ""Miss Fortune"", ""Sion"", ""Vi""]","[""Ashe"", ""Pantheon"", ""Lulu"", ""Aurora"", ""Gwen""]",[],[],1,leaguepedia_cargo_patch_range,0
Liga Regional Sur/2026 Season/Split 1 Playoffs_Round 3_1_1,2026-05-26 20:09:00,26.10,LRS 2026 Split 1 Playoffs,Volticons,Golden Lions,Volticons,"[""Orianna"", ""Jarvan IV"", ""Nautilus"", ""Jayce"", ""Xin Zhao""]","[""Azir"", ""Nocturne"", ""Akali"", ""Skarner"", ""Wukong""]","[""Karma"", ""Varus"", ""Cassiopeia"", ""Gnar"", ""Naafiri""]","[""Ashe"", ""Seraphine"", ""Anivia"", ""Olaf"", ""Kennen""]",[],[],1,leaguepedia_cargo_patch_range,0
Circuito Desafiante/2026 Season/Split 1 Playoffs_Round 3_1_2,2026-05-26 20:54:00,26.10,CD 2026 Split 1 Playoffs,paiN Gaming Academy,Estral Esports,paiN Gaming Academy,"[""Akali"", ""Nocturne"", ""Varus"", ""Anivia"", ""Twisted Fate""]","[""Orianna"", ""Jarvan IV"", ""Ryze"", ""Nasus"", ""Trundle""]","[""Lucian"", ""Milio"", ""Rumble"", ""Wukong"", ""Ahri""]","[""Karma"", ""Caitlyn"", ""Xin Zhao"", ""Annie"", ""K'Sante""]",[],[],1,leaguepedia_cargo_patch_range,0
Liga Regional Sur/2026 Season/Split 1 Playoffs_Round 3_1_2,2026-05-26 21:00:00,26.10,LRS 2026 Split 1 Playoffs,Volticons,Golden Lions,Golden Lions,"[""Azir"", ""Akali"", ""Lucian"", ""Vi"", ""Sion""]","[""Orianna"", ""Pantheon"", ""Nocturne"", ""Gwen"", ""Xin Zhao""]","[""Ryze"", ""Caitlyn"", ""Nami"", ""Rumble"", ""Skarner""]","[""Ezreal"", ""Ahri"", ""Neeko"", ""Wukong"", ""Ornn""]",[],[],0,leaguepedia_cargo_patch_range,1
Liga Regional Sur/2026 Season/Split 1 Playoffs_Round 3_1_3,2026-05-26 21:49:00,26.10,LRS 2026 Split 1 Playoffs,Golden Lions,Volticons,Golden Lions,"[""Orianna"", ""Pantheon"", ""Nautilus"", ""Sivir"", ""Smolder""]","[""Lucian"", ""Nocturne"", ""Azir"", ""Akali"", ""LeBlanc""]","[""Lulu"", ""Yunara"", ""Xin Zhao"", ""Aurora"", ""Aatrox""]","[""Jarvan IV"", ""Rakan"", ""Taliyah"", ""Kai'Sa"", ""Jayce""]",[],[],1,leaguepedia_cargo_patch_range,0
Circuito Desafiante/2026 Season/Split 1 Playoffs_Round 3_1_3,2026-05-26 21:55:00,26.10,CD 2026 Split 1 Playoffs,paiN Gaming Academy,Estral Esports,paiN Gaming Academy,"[""Akali"", ""Jarvan IV"", ""Yorick"", ""Lee Sin"", ""Naafiri""]","[""Nocturne"", ""Orianna"", ""Jayce"", ""Alistar"", ""Nautilus""]","[""Varus"", ""Trundle"", ""Twisted Fate"", ""Zeri"", ""Rell""]","[""Bard"", ""Ryze"", ""Sivir"", ""Jax"", ""Skarner""]",[],[],1,leaguepedia_cargo_patch_range,0
Liga Regional Sur/2026 Season/Split 1 Playoffs_Round 3_1_4,2026-05-26 22:41:00,26.10,LRS 2026 Split 1 Playoffs,Golden Lions,Volticons,Golden Lions,"[""Azir"", ""Lucian"", ""Akali"", ""Ziggs"", ""Sivir""]","[""Orianna"", ""Pantheon"", ""Smolder"", ""Renekton"", ""Yorick""]","[""Nocturne"", ""Senna"", ""Rell"", ""Shen"", ""Viktor""]","[""Nautilus"", ""Qiyana"", ""Ambessa"", ""Miss Fortune"", ""Kog'Maw""]",[],[],1,leaguepedia_cargo_patch_range,0
LCK/2026 Season/Rounds 1-2_Week 9_1_1,2026-05-27 08:06:00,26.10,LCK 2026 Rounds 1-2,Gen.G,Hanwha Life Esports,Hanwha Life Esports,"[""Varus"", ""Ezreal"", ""Anivia"", ""Lee Sin"", ""Vayne""]","[""Orianna"", ""Cassiopeia"", ""Ryze"", ""Jayce"", ""Rumble""]","[""Jarvan IV"", ""Caitlyn"", ""Bard"", ""Aurora"", ""Sion""]","[""Karma"", ""Annie"", ""Jhin"", ""Gnar"", ""Naafiri""]",[],[],0,leaguepedia_cargo_patch_range,1
LJL/2026 Season/Spring Series_Week 5_1_1,2026-05-27 08:20:00,26.10,LJL 2026 Spring Series,DetonatioN FocusMe Academy,New Meta,DetonatioN FocusMe Academy,"[""Nocturne"", ""Nautilus"", ""Vi"", ""Gwen"", ""Ryze""]","[""Ivern"", ""Ezreal"", ""Jarvan IV"", ""Yone"", ""Rumble""]","[""Xin Zhao"", ""Lucian"", ""Milio"", ""Akali"", ""Sion""]","[""Karma"", ""Jhin"", ""Wukong"", ""Lux"", ""Camille""]",[],[],1,leaguepedia_cargo_patch_range,0
PCS/2026 Season/Spring Season_Playoffs Round 2_3_1,2026-05-27 09:07:00,26.10,PCS 2026 Spring,wangting,Shadow Keepers Esports,Shadow Keepers Esports,"[""Aurora"", ""Rumble"", ""Nautilus"", ""Ashe""]","[""Pantheon"", ""Vi"", ""Varus"", ""Xin Zhao"", ""Nocturne""]","[""Ambessa"", ""Ezreal"", ""Karma"", ""Wukong"", ""Orianna""]","[""Lee Sin"", ""Ryze"", ""Gnar"", ""Lucian"", ""Milio""]",[],[],0,leaguepedia_cargo_patch_range,1
LCK/2026 Season/Rounds 1-2_Week 9_1_2,2026-05-27 09:12:00,26.10,LCK 2026 Rounds 1-2,Gen.G,Hanwha Life Esports,Gen.G,"[""Varus"", ""Anivia"", ""Orianna"", ""Ambessa"", ""Taliyah""]","[""Jayce"", ""Nocturne"", ""Cassiopeia"", ""Ashe"", ""Nautilus""]","[""Ryze"", ""Trundle"", ""Rumble"", ""Senna"", ""Alistar""]","[""Vi"", ""Lucian"", ""Milio"", ""Yorick"", ""Ahri""]",[],[],1,leaguepedia_cargo_patch_range,0
LJL/2026 Season/Spring Series_Week 5_1_2,2026-05-27 09:18:00,26.10,LJL 2026 Spring Series,New Meta,DetonatioN FocusMe Academy,New Meta,"[""Ivern"", ""Ezreal"", ""Varus"", ""Sylas"", ""Yone""]","[""Vi"", ""Jarvan IV"", ""Ryze"", ""Ambessa"", ""Gwen""]","[""Ashe"", ""Nautilus"", ""Nocturne"", ""Orianna"", ""Aatrox""]","[""Yunara"", ""Lulu"", ""Skarner"", ""Mel"", ""Renekton""]",[],[],1,leaguepedia_cargo_patch_range,0
PCS/2026 Season/Spring Season_Playoffs Round 2_3_2,2026-05-27 10:01:00,26.10,PCS 2026 Spring,wangting,Shadow Keepers Esports,wangting,"[""Aurora"", ""Rumble"", ""Jarvan IV"", ""Skarner"", ""Nocturne""]","[""Pantheon"", ""Varus"", ""Vi"", ""Galio"", ""Akali""]","[""Ashe"", ""Xin Zhao"", ""Seraphine"", ""Cassiopeia"", ""Jax""]","[""Corki"", ""Nami"", ""Mel"", ""Trundle"", ""Gragas""]",[],[],1,leaguepedia_cargo_patch_range,0
LCK/2026 Season/Rounds 1-2_Week 9_1_3,2026-05-27 10:07:00,26.10,LCK 2026 Rounds 1-2,Gen.G,Hanwha Life Esports,Gen.G,"[""Varus"", ""Ezreal"", ""Skarner"", ""Lulu"", ""Corki""]","[""Jayce"", ""Ashe"", ""Cassiopeia"", ""Poppy"", ""Miss Fortune""]","[""Orianna"", ""Pantheon"", ""Renekton"", ""Nautilus"", ""Xayah""]","[""Lee Sin"", ""Galio"", ""Vayne"", ""Rakan"", ""Sivir""]",[],[],1,leaguepedia_cargo_patch_range,0
VCS/2026 Season/Summer Season_Week 3_1_1,2026-05-27 10:07:00,26.09,VCS 2026 Summer,SN CyberCore Esports,ZEN Esports (Vietnamese Team),ZEN Esports (Vietnamese Team),"[""Nocturne"", ""Lucian"", ""Pantheon"", ""Bard"", ""Vayne""]","[""Orianna"", ""Rumble"", ""Karma"", ""Nautilus"", ""Seraphine""]","[""Jarvan IV"", ""Anivia"", ""Varus"", ""Akali"", ""Renekton""]","[""Cassiopeia"", ""Ezreal"", ""Lee Sin"", ""Neeko"", ""K'Sante""]",[],[],0,leaguepedia_cargo_patch_range,1
LJL/2026 Season/Spring Series_Week 5_1_3,2026-05-27 10:13:00,26.10,LJL 2026 Spring Series,New Meta,DetonatioN FocusMe Academy,New Meta,"[""Ivern"", ""Ezreal"", ""Aphelios"", ""Sylas"", ""Rumble""]","[""Vi"", ""Jarvan IV"", ""Ambessa"", ""Jax"", ""Gwen""]","[""Varus"", ""Ahri"", ""Malphite"", ""Shen"", ""Irelia""]","[""Yone"", ""Sejuani"", ""Smolder"", ""Leona"", ""K'Sante""]",[],[],1,leaguepedia_cargo_patch_range,0
PCS/2026 Season/Spring Season_Playoffs Round 2_3_3,2026-05-27 10:44:00,26.10,PCS 2026 Spring,wangting,Shadow Keepers Esports,Shadow Keepers Esports,"[""Aurora"", ""Rumble"", ""Nocturne"", ""Yorick"", ""Sion""]","[""Pantheon"", ""Varus"", ""Vi"", ""Maokai"", ""Jarvan IV""]","[""Jayce"", ""Jhin"", ""Nautilus"", ""Galio"", ""Sejuani""]","[""Tristana"", ""Qiyana"", ""Braum"", ""Annie"", ""K'Sante""]",[],[],0,leaguepedia_cargo_patch_range,1
VCS/2026 Season/Summer Season_Week 3_1_2,2026-05-27 11:03:00,26.09,VCS 2026 Summer,SN CyberCore Esports,ZEN Esports (Vietnamese Team),SN CyberCore Esports,"[""Nocturne"", ""Pantheon"", ""Lucian"", ""Sivir"", ""Caitlyn""]","[""Rumble"", ""Ryze"", ""Naafiri"", ""Kai'Sa"", ""Corki""]","[""Orianna"", ""Xin Zhao"", ""Pyke"", ""Miss Fortune"", ""Ambessa""]","[""Viktor"", ""Bard"", ""Trundle"", ""Jhin"", ""Zaahen""]",[],[],1,leaguepedia_cargo_patch_range,0
LJL/2026 Season/Spring Series_Week 5_2_1,2026-05-27 11:16:00,26.10,LJL 2026 Spring Series,Arneb,Uwinks,Uwinks,"[""Neeko"", ""Ezreal"", ""Nocturne"", ""Tristana"", ""Xin Zhao""]","[""Akali"", ""Naafiri"", ""Jarvan IV"", ""Nautilus"", ""Sion""]","[""Lee Sin"", ""Ryze"", ""Varus"", ""Leona"", ""Maokai""]","[""Viktor"", ""Jax"", ""Bard"", ""Caitlyn"", ""Yorick""]",[],[],0,leaguepedia_cargo_patch_range,1
LCK/2026 Season/Rounds 1-2_Week 9_2_1,2026-05-27 11:17:00,26.10,LCK 2026 Rounds 1-2,BNK FEARX,Kiwoom DRX,BNK FEARX,"[""Ezreal"", ""Ashe"", ""Varus"", ""Lucian"", ""Yunara""]","[""Orianna"", ""Cassiopeia"", ""Karma"", ""Nautilus"", ""Bard""]","[""Jarvan IV"", ""K'Sante"", ""Annie"", ""Miss Fortune"", ""Rell""]","[""Rumble"", ""Ryze"", ""Lee Sin"", ""Caitlyn"", ""Lux""]",[],[],1,leaguepedia_cargo_patch_range,0
PCS/2026 Season/Spring Season_Playoffs Round 2_4_1,2026-05-27 11:29:00,26.10,PCS 2026 Spring,SillySilly Gaming,Viper Night Raider,SillySilly Gaming,"[""Karma"", ""Ezreal"", ""Nocturne"", ""Lucian"", ""Corki""]","[""Varus"", ""Rengar"", ""Rumble"", ""Ashe"", ""Sivir""]","[""Jarvan IV"", ""Renekton"", ""Orianna"", ""Aphelios"", ""Thresh""]","[""Cassiopeia"", ""Lee Sin"", ""Gnar"", ""Lulu"", ""Yunara""]",[],[],1,leaguepedia_cargo_patch_range,0
VCS/2026 Season/Summer Season_Week 3_1_3,2026-05-27 11:52:00,26.09,VCS 2026 Summer,ZEN Esports (Vietnamese Team),SN CyberCore Esports,ZEN Esports (Vietnamese Team),"[""Rumble"", ""Sylas"", ""Naafiri"", ""Wukong"", ""Viego""]","[""Pantheon"", ""Lucian"", ""Nocturne"", ""Caitlyn"", ""Milio""]","[""Ryze"", ""Vi"", ""Sion"", ""Sivir"", ""Alistar""]","[""Jayce"", ""Annie"", ""Nautilus"", ""Corki"", ""Gnar""]",[],[],1,leaguepedia_cargo_patch_range,0
PCS/2026 Season/Spring Season_Playoffs Round 2_4_2,2026-05-27 12:12:00,26.10,PCS 2026 Spring,SillySilly Gaming,Viper Night Raider,SillySilly Gaming,"[""Karma"", ""Ezreal"", ""Nocturne"", ""Corki"", ""Lucian""]","[""Rengar"", ""Varus"", ""Rumble"", ""Nautilus"", ""Pyke""]","[""Ryze"", ""Vi"", ""Jax"", ""Jhin"", ""Seraphine""]","[""Syndra"", ""Xin Zhao"", ""Sion"", ""Ashe"", ""Bard""]",[],[],1,leaguepedia_cargo_patch_range,0
LCK/2026 Season/Rounds 1-2_Week 9_2_2,2026-05-27 12:13:00,26.10,LCK 2026 Rounds 1-2,BNK FEARX,Kiwoom DRX,Kiwoom DRX,"[""Ashe"", ""Varus"", ""Jayce"", ""Renekton"", ""Ahri""]","[""Orianna"", ""Cassiopeia"", ""Xin Zhao"", ""Wukong"", ""Vi""]","[""Ezreal"", ""Bard"", ""Gnar"", ""Viktor"", ""Pantheon""]","[""Karma"", ""Naafiri"", ""Jhin"", ""Aurora"", ""Sylas""]",[],[],0,leaguepedia_cargo_patch_range,1
VCS/2026 Season/Summer Season_Week 3_2_1,2026-05-27 12:34:00,26.09,VCS 2026 Summer,Saigon Dino,9Gaming,9Gaming,"[""Gwen"", ""Nocturne"", ""Varus"", ""Vayne"", ""Gnar""]","[""Orianna"", ""Karma"", ""Bard"", ""Ryze"", ""Cassiopeia""]","[""Jarvan IV"", ""Ezreal"", ""Nautilus"", ""Renekton"", ""Mel""]","[""Lucian"", ""Milio"", ""Trundle"", ""Ahri"", ""Jax""]",[],[],0,leaguepedia_cargo_patch_range,1
LJL/2026 Season/Spring Series_Week 5_2_2,2026-05-27 12:41:00,26.10,LJL 2026 Spring Series,Arneb,Uwinks,Arneb,"[""Neeko"", ""Ezreal"", ""Ambessa"", ""Gnar"", ""Kennen""]","[""Akali"", ""Orianna"", ""Nocturne"", ""Ahri"", ""Annie""]","[""Naafiri"", ""Nautilus"", ""Jhin"", ""Rumble"", ""Taliyah""]","[""Xin Zhao"", ""Tristana"", ""Braum"", ""Hwei"", ""Sion""]",[],[],1,leaguepedia_cargo_patch_range,0
LCK/2026 Season/Rounds 1-2_Week 9_2_3,2026-05-27 13:07:00,26.10,LCK 2026 Rounds 1-2,Kiwoom DRX,BNK FEARX,BNK FEARX,"[""Varus"", ""Vi"", ""Akali"", ""Wukong"", ""Nocturne""]","[""Ashe"", ""Orianna"", ""Cassiopeia"", ""Sion"", ""Jayce""]","[""Lucian"", ""Milio"", ""Xin Zhao"", ""Ahri"", ""Shen""]","[""Yunara"", ""Renekton"", ""Lulu"", ""Jax"", ""Mel""]",[],[],0,leaguepedia_cargo_patch_range,1
VCS/2026 Season/Summer Season_Week 3_2_2,2026-05-27 13:28:00,26.09,VCS 2026 Summer,9Gaming,Saigon Dino,Saigon Dino,"[""Nocturne"", ""Bard"", ""Ryze"", ""Cassiopeia""]","[""Varus"", ""Gwen"", ""Vayne"", ""K'Sante"", ""Aurora""]","[""Karma"", ""Caitlyn"", ""Xin Zhao"", ""Ambessa"", ""Orianna""]","[""Jhin"", ""Skarner"", ""Rumble"", ""Naafiri"", ""Akali""]",[],[],0,leaguepedia_cargo_patch_range,1
LJL/2026 Season/Spring Series_Week 5_2_3,2026-05-27 13:34:00,26.10,LJL 2026 Spring Series,Arneb,Uwinks,Arneb,"[""Neeko"", ""Ezreal"", ""Ambessa"", ""Gnar"", ""Annie""]","[""Orianna"", ""Karma"", ""Akali"", ""Aurora"", ""Ahri""]","[""Nocturne"", ""Alistar"", ""Ashe"", ""Cassiopeia"", ""Skarner""]","[""Rell"", ""Kai'Sa"", ""Olaf"", ""Mel"", ""Gragas""]",[],[],1,leaguepedia_cargo_patch_range,0
VCS/2026 Season/Summer Season_Week 3_2_3,2026-05-27 14:19:00,26.09,VCS 2026 Summer,Saigon Dino,9Gaming,Saigon Dino,"[""Ashe"", ""Varus"", ""Pantheon"", ""Gnar"", ""Gwen""]","[""Bard"", ""Nocturne"", ""Lee Sin"", ""Pyke"", ""Leona""]","[""Jayce"", ""Miss Fortune"", ""Ryze"", ""Sion"", ""Rakan""]","[""Yunara"", ""Lulu"", ""Annie"", ""Wukong"", ""Vayne""]",[],[],1,leaguepedia_cargo_patch_range,0
Prime League 1st Division/2026 Season/Spring Playoffs_Semifinals_2_1,2026-05-27 15:07:00,26.10,PRM 1st Division 2026 Spring Playoffs,G2 NORD,Berlin International Gaming,Berlin International Gaming,"[""Bard"", ""Jarvan IV"", ""Sion"", ""Wukong"", ""Lee Sin""]","[""Orianna"", ""Nautilus"", ""Karma"", ""Nocturne"", ""Pantheon""]","[""Anivia"", ""Lucian"", ""Milio"", ""Viktor"", ""Xin Zhao""]","[""Ashe"", ""Seraphine"", ""Cassiopeia"", ""Aatrox"", ""Ryze""]",[],[],0,leaguepedia_cargo_patch_range,1
Rift Legends/2026 Season/Spring Playoffs_Round 1_2_1,2026-05-27 15:14:00,26.10,Rift Legends 2026 Spring Playoffs,Barcząca Esports,Forsaken (Polish Team),Forsaken (Polish Team),"[""Nautilus"", ""Varus"", ""Aurora"", ""Xin Zhao"", ""Trundle""]","[""Jarvan IV"", ""Orianna"", ""Cassiopeia"", ""Vi"", ""Pantheon""]","[""Karma"", ""Sion"", ""Ezreal"", ""Wukong"", ""Viktor""]","[""Rumble"", ""Ashe"", ""Seraphine"", ""Nocturne"", ""Ryze""]",[],[],0,leaguepedia_cargo_patch_range,1
Hitpoint 2nd Division Challengers/2026 Season/Spring Playoffs_Round 1_1_1,2026-05-27 15:18:00,26.10,Hitpoint 2nd Div Challengers 2026 Spring Playoffs,Priority,EXILE esports Academy,EXILE esports Academy,"[""Talon"", ""Syndra"", ""Karma"", ""Cassiopeia"", ""Gnar""]","[""K'Sante"", ""Aurora"", ""Orianna"", ""Viktor"", ""Ahri""]","[""Ambessa"", ""Yunara"", ""Lulu"", ""LeBlanc"", ""Sion""]","[""Naafiri"", ""Ezreal"", ""Seraphine"", ""Xerath"", ""Ornn""]",[],[],0,leaguepedia_cargo_patch_range,1
Prime League 1st Division/2026 Season/Spring Playoffs_Semifinals_2_2,2026-05-27 15:58:00,26.10,PRM 1st Division 2026 Spring Playoffs,Berlin International Gaming,G2 NORD,G2 NORD,"[""Aurora"", ""Nautilus"", ""Nocturne"", ""Annie"", ""LeBlanc""]","[""Orianna"", ""Bard"", ""Jarvan IV"", ""Pantheon"", ""Wukong""]","[""Ezreal"", ""Karma"", ""Rumble"", ""Yone"", ""Olaf""]","[""Lee Sin"", ""Varus"", ""Sion"", ""Soraka"", ""Akali""]",[],[],0,leaguepedia_cargo_patch_range,1
Esports Balkan League/2026 Season/Spring Playoffs_Round 4_2_1,2026-05-27 16:07:00,26.10,EBL 2026 Spring Playoffs,The Secret Club,Magaza Esports,Magaza Esports,"[""Lucian"", ""Xin Zhao"", ""Nautilus"", ""K'Sante"", ""Skarner""]","[""Orianna"", ""Karma"", ""Seraphine"", ""Akali"", ""LeBlanc""]","[""Wukong"", ""Nami"", ""Corki"", ""Viktor"", ""Sion""]","[""Lulu"", ""Zaahen"", ""Yunara"", ""Anivia"", ""Aatrox""]",[],[],0,leaguepedia_cargo_patch_range,1
LFL/2026 Season/Spring Playoffs_Round 4_1_1,2026-05-27 16:07:00,26.10,LFL 2026 Spring Playoffs,Karmine Corp Blue,Solary,Solary,"[""Ashe"", ""Xin Zhao"", ""Varus"", ""Vayne"", ""Sion""]","[""Orianna"", ""Anivia"", ""Pantheon"", ""Akali"", ""LeBlanc""]","[""Vi"", ""Bard"", ""Jhin"", ""Rumble"", ""Aurora""]","[""Lucian"", ""Cassiopeia"", ""Nami"", ""Jarvan IV"", ""K'Sante""]",[],[],0,leaguepedia_cargo_patch_range,1
Rift Legends/2026 Season/Spring Playoffs_Round 1_2_2,2026-05-27 16:11:00,26.10,Rift Legends 2026 Spring Playoffs,Forsaken (Polish Team),Barcząca Esports,Forsaken (Polish Team),"[""Varus"", ""Caitlyn"", ""Nautilus"", ""Vi"", ""Renekton""]","[""Jarvan IV"", ""Orianna"", ""Pantheon"", ""K'Sante"", ""Gnar""]","[""Cassiopeia"", ""Yunara"", ""Lulu"", ""Yorick"", ""Xin Zhao""]","[""Lucian"", ""Milio"", ""Taliyah"", ""Jayce"", ""Aatrox""]",[],[],1,leaguepedia_cargo_patch_range,0
Hitpoint 2nd Division Challengers/2026 Season/Spring Playoffs_Round 1_1_2,2026-05-27 16:18:00,26.10,Hitpoint 2nd Div Challengers 2026 Spring Playoffs,EXILE esports Academy,Priority,Priority,"[""K'Sante"", ""Aurora"", ""Orianna"", ""Kai'Sa"", ""Camille""]","[""Talon"", ""Syndra"", ""Varus"", ""Smolder"", ""Corki""]","[""Karma"", ""Vladimir"", ""Xin Zhao"", ""Sivir"", ""Zaahen""]","[""Azir"", ""Nautilus"", ""Wukong"", ""Caitlyn"", ""Malphite""]",[],[],0,leaguepedia_cargo_patch_range,1
Esports Balkan League/2026 Season/Spring Playoffs_Round 4_2_2,2026-05-27 16:57:00,26.10,EBL 2026 Spring Playoffs,Magaza Esports,The Secret Club,The Secret Club,"[""Nautilus"", ""Seraphine"", ""Akali"", ""Rumble"", ""Aurora""]","[""Orianna"", ""Xin Zhao"", ""Lucian"", ""Galio"", ""LeBlanc""]","[""Karma"", ""Nocturne"", ""Caitlyn"", ""Sylas"", ""Ornn""]","[""Ezreal"", ""Jarvan IV"", ""Bard"", ""Ahri"", ""Gwen""]",[],[],0,leaguepedia_cargo_patch_range,1
Rift Legends/2026 Season/Spring Playoffs_Round 1_2_3,2026-05-27 17:00:00,26.10,Rift Legends 2026 Spring Playoffs,Barcząca Esports,Forsaken (Polish Team),Barcząca Esports,"[""Nautilus"", ""Varus"", ""Aurora"", ""Anivia"", ""Renekton""]","[""Jarvan IV"", ""Orianna"", ""Caitlyn"", ""Vayne"", ""Kennen""]","[""Skarner"", ""Sivir"", ""Rell"", ""Irelia"", ""Ahri""]","[""Bard"", ""Jhin"", ""Trundle"", ""Gnar"", ""Akali""]",[],[],1,leaguepedia_cargo_patch_range,0
Hitpoint 2nd Division Challengers/2026 Season/Spring Playoffs_Round 1_1_3,2026-05-27 17:02:00,26.10,Hitpoint 2nd Div Challengers 2026 Spring Playoffs,EXILE esports Academy,Priority,EXILE esports Academy,"[""K'Sante"", ""Aurora"", ""Orianna"", ""Poppy"", ""Alistar""]","[""Talon"", ""Syndra"", ""Varus"", ""Rell"", ""Neeko""]","[""Urgot"", ""Vi"", ""Ahri"", ""Kai'Sa"", ""Rakan""]","[""Aatrox"", ""Jarvan IV"", ""Lissandra"", ""Xayah"", ""Thresh""]",[],[],1,leaguepedia_cargo_patch_range,0
NLC/2026 Season/Spring Split_Day 2_3_1,2026-05-27 17:03:00,26.10,NLC 2026 Spring,Verdant,Lundqvist Lightside,Verdant,"[""Jayce"", ""Rell"", ""Shen"", ""Galio"", ""Ahri""]","[""Varus"", ""Cassiopeia"", ""Nocturne"", ""K'Sante"", ""Sion""]","[""Orianna"", ""Naafiri"", ""Karma"", ""Yunara"", ""Ornn""]","[""Rumble"", ""Vi"", ""Nautilus"", ""Ryze"", ""Jhin""]",[],[],1,leaguepedia_cargo_patch_range,0
Prime League 1st Division/2026 Season/Spring Playoffs_Semifinals_2_3,2026-05-27 17:04:00,26.10,PRM 1st Division 2026 Spring Playoffs,G2 NORD,Berlin International Gaming,G2 NORD,"[""Corki"", ""Aurora"", ""Bard"", ""Jayce"", ""LeBlanc""]","[""Orianna"", ""Nocturne"", ""Yorick"", ""Twisted Fate"", ""Ahri""]","[""Jarvan IV"", ""Senna"", ""Nautilus"", ""Vayne"", ""Sylas""]","[""Caitlyn"", ""Pantheon"", ""Alistar"", ""Gnar"", ""Teemo""]",[],[],1,leaguepedia_cargo_patch_range,0
NLC/2026 Season/Spring Split_Day 2_2_1,2026-05-27 17:05:00,26.10,NLC 2026 Spring,Ruddy Corporation,Arctic Pandas,Ruddy Corporation,"[""Anivia"", ""Jayce"", ""Jarvan IV"", ""Xin Zhao"", ""Cassiopeia""]","[""Aurora"", ""Karma"", ""Orianna"", ""Nocturne"", ""Trundle""]","[""Ashe"", ""Milio"", ""Sion"", ""Mel"", ""Naafiri""]","[""Seraphine"", ""Varus"", ""Olaf"", ""Senna"", ""Ryze""]",[],[],1,leaguepedia_cargo_patch_range,0
NLC/2026 Season/Spring Split_Day 2_1_1,2026-05-27 17:07:00,26.10,NLC 2026 Spring,Bulldog Esports,Lund Esports Organization,Bulldog Esports,"[""Sion"", ""Shen"", ""Jarvan IV"", ""Malphite"", ""Jax""]","[""Orianna"", ""Karma"", ""Varus"", ""Gnar"", ""Rumble""]","[""Seraphine"", ""Xin Zhao"", ""Ashe"", ""Vayne"", ""Ryze""]","[""Caitlyn"", ""Nautilus"", ""Wukong"", ""K'Sante"", ""Veigar""]",[],[],1,leaguepedia_cargo_patch_range,0
NLC/2026 Season/Spring Split_Day 2_4_1,2026-05-27 17:07:00,26.10,NLC 2026 Spring,Deer Gaming,DMG Esports,Deer Gaming,"[""Jarvan IV"", ""Aurora"", ""Bard"", ""Olaf"", ""Camille""]","[""Karma"", ""Orianna"", ""Varus"", ""LeBlanc"", ""Mel""]","[""Ashe"", ""Lulu"", ""Nocturne"", ""Sylas"", ""Ambessa""]","[""Ezreal"", ""Seraphine"", ""Aatrox"", ""Ahri"", ""Renekton""]",[],[],1,leaguepedia_cargo_patch_range,0
Benelux Ascend Series/2026 Season/Spring Playoffs_Semifinals_1_1,2026-05-27 17:08:00,26.10,Benelux Ascend Series 2026 Spring Playoffs,SNOOZE Esports,Mind Blue eSports,SNOOZE Esports,"[""Bard"", ""Pantheon"", ""Orianna"", ""Zoe"", ""Renekton""]","[""Graves"", ""Aurora"", ""Jarvan IV"", ""Sion"", ""K'Sante""]","[""Ambessa"", ""Ashe"", ""Seraphine"", ""Wukong"", ""Hwei""]","[""Ezreal"", ""Karma"", ""Xin Zhao"", ""Viktor"", ""Jayce""]",[],[],1,leaguepedia_cargo_patch_range,0
Streamers Clash/Season 4_Day 6_1_1,2026-05-27 17:08:00,26.10,Streamers Clash Season 4,SPAJKOVI UKRADLI SUPERSTRIKE,STOPERCENTNÁ KAMILOVA TUTOFKA,STOPERCENTNÁ KAMILOVA TUTOFKA,"[""Olaf"", ""Gwen"", ""Vayne"", ""Amumu"", ""Zac""]","[""Malphite"", ""Yuumi"", ""Jarvan IV"", ""Nasus"", ""Akali""]","[""Maokai"", ""Xin Zhao"", ""Azir"", ""Seraphine"", ""Skarner""]","[""Nautilus"", ""Veigar"", ""Kayle"", ""Galio"", ""Trundle""]",[],[],0,leaguepedia_cargo_patch_range,1
LFL/2026 Season/Spring Playoffs_Round 4_1_2,2026-05-27 17:09:00,26.10,LFL 2026 Spring Playoffs,Solary,Karmine Corp Blue,Solary,"[""Nautilus"", ""Nocturne"", ""Varus"", ""Gnar"", ""Annie""]","[""Orianna"", ""Skarner"", ""Anivia"", ""Pantheon"", ""Rek'Sai""]","[""Ashe"", ""Ryze"", ""Seraphine"", ""Sion"", ""Wukong""]","[""Xin Zhao"", ""Karma"", ""Ezreal"", ""Ahri"", ""Zaahen""]",[],[],1,leaguepedia_cargo_patch_range,0
Hitpoint 2nd Division Challengers/2026 Season/Spring Playoffs_Round 1_1_4,2026-05-27 17:49:00,26.10,Hitpoint 2nd Div Challengers 2026 Spring Playoffs,Priority,EXILE esports Academy,EXILE esports Academy,"[""Talon"", ""Syndra"", ""Varus"", ""Zed"", ""Camille""]","[""K'Sante"", ""Aurora"", ""Orianna"", ""Olaf"", ""Renekton""]","[""Skarner"", ""Zeri"", ""Yuumi"", ""Gwen"", ""Viktor""]","[""Zyra"", ""Ashe"", ""Rell"", ""Gangplank"", ""Irelia""]",[],[],0,leaguepedia_cargo_patch_range,1
Esports Balkan League/2026 Season/Spring Playoffs_Round 4_2_3,2026-05-27 17:52:00,26.10,EBL 2026 Spring Playoffs,The Secret Club,Magaza Esports,Magaza Esports,"[""Lucian"", ""Xin Zhao"", ""Nautilus"", ""Skarner"", ""Naafiri""]","[""Orianna"", ""Seraphine"", ""Akali"", ""Neeko"", ""Poppy""]","[""Varus"", ""Taliyah"", ""Pantheon"", ""Draven"", ""Pyke""]","[""Kalista"", ""Aurora"", ""Renata Glasc"", ""Sejuani"", ""K'Sante""]",[],[],0,leaguepedia_cargo_patch_range,1
Rift Legends/2026 Season/Spring Playoffs_Round 1_2_4,2026-05-27 17:56:00,26.10,Rift Legends 2026 Spring Playoffs,Forsaken (Polish Team),Barcząca Esports,Barcząca Esports,"[""Varus"", ""Nautilus"", ""Vayne"", ""Twisted Fate"", ""Aurora""]","[""Jarvan IV"", ""Orianna"", ""Anivia"", ""Elise"", ""LeBlanc""]","[""Pantheon"", ""Ziggs"", ""Renekton"", ""Azir"", ""Alistar""]","[""Caitlyn"", ""Lee Sin"", ""Neeko"", ""Kennen"", ""Kog'Maw""]",[],[],0,leaguepedia_cargo_patch_range,1
Benelux Ascend Series/2026 Season/Spring Playoffs_Semifinals_1_2,2026-05-27 18:02:00,26.10,Benelux Ascend Series 2026 Spring Playoffs,SNOOZE Esports,Mind Blue eSports,SNOOZE Esports,"[""Bard"", ""Caitlyn"", ""Orianna"", ""Cassiopeia"", ""Zoe""]","[""Aurora"", ""Graves"", ""Yunara"", ""Sivir"", ""Jinx""]","[""Ryze"", ""Vi"", ""Rumble"", ""Jhin"", ""Rakan""]","[""Pantheon"", ""Smolder"", ""Anivia"", ""Azir"", ""Leona""]",[],[],1,leaguepedia_cargo_patch_range,0
NLC/2026 Season/Spring Split_Day 2_6_1,2026-05-27 18:06:00,26.10,NLC 2026 Spring,Bulldog Esports,DMG Esports,Bulldog Esports,"[""Bard"", ""Aurora"", ""Varus"", ""Olaf"", ""Ryze""]","[""Orianna"", ""Karma"", ""Jayce"", ""Cassiopeia"", ""Anivia""]","[""Seraphine"", ""Ashe"", ""Jarvan IV"", ""Taliyah"", ""Aatrox""]","[""Lulu"", ""Yunara"", ""Wukong"", ""Mel"", ""Camille""]",[],[],1,leaguepedia_cargo_patch_range,0
Streamers Clash/Season 4_Day 6_2_1,2026-05-27 18:06:00,26.10,Streamers Clash Season 4,NATÁLKY IMAGINÁRNÍ KAMARÁDI,HERDYNŮV LANGUSTA TÝM,HERDYNŮV LANGUSTA TÝM,"[""Yuumi"", ""Viego"", ""Seraphine"", ""Mordekaiser"", ""Nasus""]","[""Vladimir"", ""Orianna"", ""Jarvan IV"", ""Xin Zhao"", ""Graves""]","[""Nautilus"", ""Miss Fortune"", ""Ahri"", ""Gnar"", ""Zaahen""]","[""Braum"", ""Morgana"", ""Sylas"", ""Cho'Gath"", ""Tristana""]",[],[],0,leaguepedia_cargo_patch_range,1
LFL/2026 Season/Spring Playoffs_Round 4_1_3,2026-05-27 18:09:00,26.10,LFL 2026 Spring Playoffs,Solary,Karmine Corp Blue,Solary,"[""Nautilus"", ""Varus"", ""Pantheon"", ""Jayce"", ""Vayne""]","[""Orianna"", ""Anivia"", ""Lulu"", ""Elise"", ""Pyke""]","[""Nocturne"", ""Annie"", ""Caitlyn"", ""Gnar"", ""Lux""]","[""Rek'Sai"", ""Taliyah"", ""Aphelios"", ""Neeko"", ""Yasuo""]",[],[],1,leaguepedia_cargo_patch_range,0
NLC/2026 Season/Spring Split_Day 2_7_1,2026-05-27 18:09:00,26.10,NLC 2026 Spring,Lund Esports Organization,Lundqvist Lightside,Lund Esports Organization,"[""Jayce"", ""Varus"", ""Seraphine"", ""Gnar"", ""Rumble""]","[""Cassiopeia"", ""Orianna"", ""Nocturne"", ""Veigar"", ""Anivia""]","[""Ezreal"", ""Naafiri"", ""Renekton"", ""Alistar"", ""Aurora""]","[""Yunara"", ""Vi"", ""Rell"", ""Ryze"", ""Aatrox""]",[],[],1,leaguepedia_cargo_patch_range,0
NLC/2026 Season/Spring Split_Day 2_8_1,2026-05-27 18:10:00,26.10,NLC 2026 Spring,Deer Gaming,Arctic Pandas,Deer Gaming,"[""Jarvan IV"", ""Varus"", ""Nautilus"", ""Ezreal"", ""Jhin""]","[""Rumble"", ""Orianna"", ""Karma"", ""Syndra"", ""Hwei""]","[""Lucian"", ""Milio"", ""Naafiri"", ""Sion"", ""Viktor""]","[""Vi"", ""Bard"", ""Cassiopeia"", ""Caitlyn"", ""K'Sante""]",[],[],1,leaguepedia_cargo_patch_range,0
NLC/2026 Season/Spring Split_Day 2_5_1,2026-05-27 18:14:00,26.10,NLC 2026 Spring,Verdant,Ruddy Corporation,Ruddy Corporation,"[""Ambessa"", ""Karma"", ""Viktor"", ""Ashe"", ""Yunara""]","[""Varus"", ""Jayce"", ""Orianna"", ""Pyke"", ""Bard""]","[""Cassiopeia"", ""Lee Sin"", ""Sion"", ""Kai'Sa"", ""Neeko""]","[""Syndra"", ""Jarvan IV"", ""Gwen"", ""Ezreal"", ""Seraphine""]",[],[],0,leaguepedia_cargo_patch_range,1
Prime League 1st Division/2026 Season/Spring Playoffs_Semifinals_2_4,2026-05-27 18:16:00,26.10,PRM 1st Division 2026 Spring Playoffs,G2 NORD,Berlin International Gaming,G2 NORD,"[""Aurora"", ""Renekton"", ""Naafiri"", ""Jax"", ""Jayce""]","[""Orianna"", ""Yunara"", ""Nami"", ""Ahri"", ""K'Sante""]","[""Ambessa"", ""Wukong"", ""Galio"", ""Xayah"", ""Rakan""]","[""Volibear"", ""Nocturne"", ""Twisted Fate"", ""Jhin"", ""Bard""]",[],[],1,leaguepedia_cargo_patch_range,0
Esports Balkan League/2026 Season/Spring Playoffs_Round 4_2_4,2026-05-27 18:42:00,26.10,EBL 2026 Spring Playoffs,Magaza Esports,The Secret Club,Magaza Esports,"[""Seraphine"", ""Rumble"", ""Akali"", ""Vex"", ""Lissandra""]","[""Orianna"", ""Lucian"", ""Xin Zhao"", ""Leona"", ""Rell""]","[""Skarner"", ""Smolder"", ""LeBlanc"", ""Braum"", ""Renekton""]","[""Jayce"", ""Senna"", ""Nautilus"", ""Galio"", ""Mordekaiser""]",[],[],1,leaguepedia_cargo_patch_range,0
Streamers Clash/Season 4_Day 6_3_1,2026-05-27 19:02:00,26.10,Streamers Clash Season 4,FREEZŮV WOLT DŮCHOĎÁK,TYBLÁHO MEWING SOCIETY,FREEZŮV WOLT DŮCHOĎÁK,"[""Irelia"", ""Skarner"", ""Vayne"", ""Xin Zhao"", ""Olaf""]","[""Malphite"", ""Nasus"", ""Yuumi"", ""Ivern"", ""Draven""]","[""Amumu"", ""Galio"", ""Mordekaiser"", ""Jarvan IV"", ""Varus""]","[""Seraphine"", ""Braum"", ""Viktor"", ""Shyvana"", ""Smolder""]",[],[],1,leaguepedia_cargo_patch_range,0
NLC/2026 Season/Spring Split_Day 2_11_1,2026-05-27 19:03:00,26.10,NLC 2026 Spring,Deer Gaming,Lund Esports Organization,Deer Gaming,"[""Shen"", ""Jarvan IV"", ""Nautilus"", ""Karma"", ""Bard""]","[""Rumble"", ""Orianna"", ""Varus"", ""Ryze"", ""Galio""]","[""Lucian"", ""Milio"", ""Nocturne"", ""Syndra"", ""K'Sante""]","[""Ezreal"", ""Aurora"", ""Xin Zhao"", ""Rell"", ""Jax""]",[],[],1,leaguepedia_cargo_patch_range,0
Rift Legends/2026 Season/Spring Playoffs_Round 1_2_5,2026-05-27 19:03:00,26.10,Rift Legends 2026 Spring Playoffs,Forsaken (Polish Team),Barcząca Esports,Forsaken (Polish Team),"[""Naafiri"", ""Varus"", ""Braum"", ""Vayne"", ""Vi""]","[""Jarvan IV"", ""Orianna"", ""Anivia"", ""Mel"", ""Shen""]","[""Nautilus"", ""Miss Fortune"", ""Aurora"", ""Jax"", ""Olaf""]","[""Aphelios"", ""Thresh"", ""Twisted Fate"", ""K'Sante"", ""Zaahen""]",[],[],1,leaguepedia_cargo_patch_range,0
Benelux Ascend Series/2026 Season/Spring Playoffs_Semifinals_1_3,2026-05-27 19:04:00,26.10,Benelux Ascend Series 2026 Spring Playoffs,Mind Blue eSports,SNOOZE Esports,Mind Blue eSports,"[""Graves"", ""Aurora"", ""Cho'Gath"", ""Skarner"", ""Gnar""]","[""Bard"", ""Orianna"", ""Caitlyn"", ""Zoe"", ""LeBlanc""]","[""Yunara"", ""Lulu"", ""Jarvan IV"", ""K'Sante"", ""Vex""]","[""Lucian"", ""Milio"", ""Ahri"", ""Lee Sin"", ""Dr. Mundo""]",[],[],1,leaguepedia_cargo_patch_range,0
NLC/2026 Season/Spring Split_Day 2_12_1,2026-05-27 19:13:00,26.10,NLC 2026 Spring,Lundqvist Lightside,DMG Esports,DMG Esports,"[""Bard"", ""Akali"", ""Nocturne"", ""Olaf"", ""Yone""]","[""Jayce"", ""Orianna"", ""Karma"", ""Sion"", ""Gnar""]","[""Varus"", ""Xin Zhao"", ""Azir"", ""Smolder"", ""Rell""]","[""Ezreal"", ""Jarvan IV"", ""Aurora"", ""Ornn"", ""Rakan""]",[],[],0,leaguepedia_cargo_patch_range,1
NLC/2026 Season/Spring Split_Day 2_10_1,2026-05-27 19:18:00,26.10,NLC 2026 Spring,Verdant,Arctic Pandas,Verdant,"[""Anivia"", ""Karma"", ""Jarvan IV"", ""Jax"", ""Renekton""]","[""Cassiopeia"", ""Naafiri"", ""Nocturne"", ""Xin Zhao"", ""Wukong""]","[""Orianna"", ""Ashe"", ""Seraphine"", ""Skarner"", ""Yorick""]","[""Varus"", ""Galio"", ""Nautilus"", ""Lee Sin"", ""Irelia""]",[],[],1,leaguepedia_cargo_patch_range,0
NLC/2026 Season/Spring Split_Day 2_9_1,2026-05-27 19:21:00,26.10,NLC 2026 Spring,Ruddy Corporation,Bulldog Esports,Ruddy Corporation,"[""Jayce"", ""Jarvan IV"", ""Aurora"", ""Akali"", ""Renekton""]","[""Orianna"", ""Sion"", ""Seraphine"", ""Syndra"", ""Cassiopeia""]","[""Karma"", ""Ezreal"", ""Ambessa"", ""Xin Zhao"", ""Viktor""]","[""Yunara"", ""Lulu"", ""Naafiri"", ""Ryze"", ""Varus""]",[],[],1,leaguepedia_cargo_patch_range,0
Benelux Ascend Series/2026 Season/Spring Playoffs_Semifinals_1_4,2026-05-27 20:05:00,26.10,Benelux Ascend Series 2026 Spring Playoffs,Mind Blue eSports,SNOOZE Esports,SNOOZE Esports,"[""Graves"", ""Cho'Gath"", ""Skarner"", ""Nocturne"", ""Lillia""]","[""Bard"", ""Orianna"", ""Caitlyn"", ""Kayn"", ""Viego""]","[""Aurora"", ""Sivir"", ""Nami"", ""Sylas"", ""Sion""]","[""Corki"", ""Vladimir"", ""Alistar"", ""Sejuani"", ""Master Yi""]",[],[],0,leaguepedia_cargo_patch_range,1
Circuito Desafiante/2026 Season/Split 1 Playoffs_Round 4_2_1,2026-05-27 20:05:00,26.10,CD 2026 Split 1 Playoffs,paiN Gaming Academy,KaBuM! Ilha das Lendas,KaBuM! Ilha das Lendas,"[""Varus"", ""Cassiopeia"", ""Caitlyn"", ""Ryze"", ""Orianna""]","[""Nocturne"", ""Ezreal"", ""Karma"", ""Vi"", ""Akali""]","[""Lucian"", ""Rumble"", ""Milio"", ""Annie"", ""Lee Sin""]","[""Seraphine"", ""Jarvan IV"", ""Ashe"", ""K'Sante"", ""Aurora""]",[],[],0,leaguepedia_cargo_patch_range,1
North American Challengers League/2026 Season/Spring Playoffs_Round 2_3_1,2026-05-27 20:11:00,26.10,NACL 2026 Spring Playoffs,Winthrop University,Supernova,Supernova,"[""Nocturne"", ""Cassiopeia"", ""Vi"", ""Aurora"", ""Jayce""]","[""Karma"", ""Varus"", ""Lucian"", ""Yorick"", ""Sion""]","[""Jarvan IV"", ""Bard"", ""Caitlyn"", ""Rumble"", ""Ryze""]","[""Orianna"", ""Ezreal"", ""Nautilus"", ""Lee Sin"", ""Galio""]",[],[],0,leaguepedia_cargo_patch_range,1
NLC/2026 Season/Spring Split_Tiebreakers_1_1,2026-05-27 20:13:00,26.10,NLC 2026 Spring,Bulldog Esports,DMG Esports,Bulldog Esports,"[""Bard"", ""Aurora"", ""Varus"", ""Mel"", ""Malphite""]","[""Jayce"", ""Nocturne"", ""Jarvan IV"", ""Akali"", ""Vayne""]","[""Seraphine"", ""Ashe"", ""Orianna"", ""Gnar"", ""Vi""]","[""Karma"", ""Caitlyn"", ""Olaf"", ""Viktor"", ""Naafiri""]",[],[],1,leaguepedia_cargo_patch_range,0
Circuito Desafiante/2026 Season/Split 1 Playoffs_Round 4_2_2,2026-05-27 21:03:00,26.10,CD 2026 Split 1 Playoffs,KaBuM! Ilha das Lendas,paiN Gaming Academy,KaBuM! Ilha das Lendas,"[""Ezreal"", ""Varus"", ""Cassiopeia"", ""Miss Fortune"", ""Trundle""]","[""Nocturne"", ""Orianna"", ""Caitlyn"", ""Nautilus"", ""Lulu""]","[""Ryze"", ""Pantheon"", ""Jayce"", ""Smolder"", ""Karma""]","[""Anivia"", ""Bard"", ""Sion"", ""Corki"", ""Vi""]",[],[],1,leaguepedia_cargo_patch_range,0
North American Challengers League/2026 Season/Spring Playoffs_Round 2_3_2,2026-05-27 21:14:00,26.10,NACL 2026 Spring Playoffs,Supernova,Winthrop University,Winthrop University,"[""Naafiri"", ""Vi"", ""Ashe"", ""Skarner"", ""Xin Zhao""]","[""Nocturne"", ""Lucian"", ""Cassiopeia"", ""Sion"", ""Malphite""]","[""Karma"", ""Jhin"", ""Wukong"", ""Annie"", ""K'Sante""]","[""Varus"", ""Neeko"", ""Jayce"", ""Pantheon"", ""Taliyah""]",[],[],0,leaguepedia_cargo_patch_range,1
Circuito Desafiante/2026 Season/Split 1 Playoffs_Round 4_2_3,2026-05-27 21:57:00,26.10,CD 2026 Split 1 Playoffs,KaBuM! Ilha das Lendas,paiN Gaming Academy,paiN Gaming Academy,"[""Vayne"", ""Jhin"", ""Ahri"", ""Naafiri"", ""Jax""]","[""Nocturne"", ""Varus"", ""Cassiopeia"", ""Akali"", ""Viktor""]","[""Caitlyn"", ""Nami"", ""Wukong"", ""Gnar"", ""Galio""]","[""Neeko"", ""Ezreal"", ""Orianna"", ""Nasus"", ""Twisted Fate""]",[],[],0,leaguepedia_cargo_patch_range,1
North American Challengers League/2026 Season/Spring Playoffs_Round 2_3_3,2026-05-27 22:06:00,26.10,NACL 2026 Spring Playoffs,Winthrop University,Supernova,Winthrop University,"[""Naafiri"", ""Vi"", ""Ashe"", ""Vayne"", ""Renekton""]","[""Nocturne"", ""Lucian"", ""Cassiopeia"", ""Xayah"", ""Ziggs""]","[""Viktor"", ""Ambessa"", ""Rakan"", ""Skarner"", ""Jinx""]","[""Lulu"", ""Akali"", ""Yunara"", ""Sejuani"", ""Jax""]",[],[],1,leaguepedia_cargo_patch_range,0
Circuito Desafiante/2026 Season/Split 1 Playoffs_Round 4_2_4,2026-05-27 22:48:00,26.10,CD 2026 Split 1 Playoffs,paiN Gaming Academy,KaBuM! Ilha das Lendas,KaBuM! Ilha das Lendas,"[""Vayne"", ""Jax"", ""Kennen"", ""Akali"", ""Viktor""]","[""Nocturne"", ""Varus"", ""Renekton"", ""Volibear"", ""Trundle""]","[""Cassiopeia"", ""Miss Fortune"", ""Nautilus"", ""Kha'Zix"", ""Shen""]","[""Yunara"", ""Lulu"", ""Ambessa"", ""Xin Zhao"", ""Syndra""]",[],[],0,leaguepedia_cargo_patch_range,1
North American Challengers League/2026 Season/Spring Playoffs_Round 2_3_4,2026-05-27 23:11:00,26.10,NACL 2026 Spring Playoffs,Winthrop University,Supernova,Supernova,"[""Naafiri"", ""Vi"", ""Smolder"", ""Vayne"", ""Seraphine""]","[""Nocturne"", ""Lucian"", ""Ashe"", ""Gnar"", ""Trundle""]","[""Cassiopeia"", ""Corki"", ""Nami"", ""Xin Zhao"", ""Gwen""]","[""Aurora"", ""Aatrox"", ""Senna"", ""Leona"", ""Yone""]",[],[],0,leaguepedia_cargo_patch_range,1
North American Challengers League/2026 Season/Spring Playoffs_Round 2_3_5,2026-05-28 00:15:00,26.10,NACL 2026 Spring Playoffs,Supernova,Winthrop University,Winthrop University,"[""Naafiri"", ""Vayne"", ""Smolder"", ""Vi"", ""Malphite""]","[""Nocturne"", ""Lucian"", ""Seraphine"", ""Camille"", ""Trundle""]","[""Twisted Fate"", ""Aphelios"", ""Milio"", ""Sion"", ""Nasus""]","[""Kai'Sa"", ""Sylas"", ""Blitzcrank"", ""Gnar"", ""Shyvana""]",[],[],0,leaguepedia_cargo_patch_range,1
LCK CL/2026 Season/Rounds 1-2_Week 9_7_1,2026-05-28 05:08:00,26.10,LCK CL 2026 Rounds 1-2,BNK FEARX Youth,Kiwoom DRX Challengers,BNK FEARX Youth,"[""Varus"", ""Karma"", ""Nocturne"", ""Xin Zhao"", ""Vi""]","[""Orianna"", ""Cassiopeia"", ""Lucian"", ""Bard"", ""Nautilus""]","[""Rumble"", ""Jarvan IV"", ""Aurora"", ""Ezreal"", ""Nami""]","[""Ashe"", ""Seraphine"", ""Galio"", ""Ryze"", ""Lee Sin""]",[],[],1,leaguepedia_cargo_patch_range,0
LCK CL/2026 Season/Rounds 1-2_Week 9_8_1,2026-05-28 05:08:00,26.10,LCK CL 2026 Rounds 1-2,Hanwha Life Esports Challengers,HANJIN BRION Challengers,HANJIN BRION Challengers,"[""Varus"", ""Karma"", ""Cassiopeia"", ""Gwen"", ""Ambessa""]","[""Jarvan IV"", ""Rumble"", ""Orianna"", ""Annie"", ""Anivia""]","[""Nocturne"", ""Ashe"", ""Seraphine"", ""Sion"", ""Azir""]","[""Lucian"", ""Milio"", ""Xin Zhao"", ""Ryze"", ""Gnar""]",[],[],0,leaguepedia_cargo_patch_range,1
LCK CL/2026 Season/Rounds 1-2_Week 9_6_1,2026-05-28 05:09:00,26.10,LCK CL 2026 Rounds 1-2,KT Rolster Challengers,T1 Esports Academy,KT Rolster Challengers,"[""Nocturne"", ""Varus"", ""Karma"", ""Neeko"", ""Lulu""]","[""Jarvan IV"", ""Orianna"", ""Lucian"", ""Cassiopeia"", ""Annie""]","[""Bard"", ""Ezreal"", ""K'Sante"", ""Xin Zhao"", ""Akali""]","[""Vi"", ""Rumble"", ""Ahri"", ""Sivir"", ""Poppy""]",[],[],1,leaguepedia_cargo_patch_range,0
LCK CL/2026 Season/Rounds 1-2_Week 9_8_2,2026-05-28 05:57:00,26.10,LCK CL 2026 Rounds 1-2,HANJIN BRION Challengers,Hanwha Life Esports Challengers,Hanwha Life Esports Challengers,"[""Varus"", ""Karma"", ""Bard"", ""Caitlyn"", ""Ezreal""]","[""Orianna"", ""Jarvan IV"", ""Cassiopeia"", ""Annie"", ""Twisted Fate""]","[""Rumble"", ""Yunara"", ""Lulu"", ""Wukong"", ""Galio""]","[""Ambessa"", ""Vi"", ""Aurora"", ""Corki"", ""Nami""]",[],[],0,leaguepedia_cargo_patch_range,1
LCK CL/2026 Season/Rounds 1-2_Week 9_6_2,2026-05-28 05:58:00,26.10,LCK CL 2026 Rounds 1-2,KT Rolster Challengers,T1 Esports Academy,T1 Esports Academy,"[""Varus"", ""Karma"", ""Lucian"", ""Nautilus"", ""Pyke""]","[""Orianna"", ""Jarvan IV"", ""Nocturne"", ""Yorick"", ""Sion""]","[""Ashe"", ""Skarner"", ""Seraphine"", ""Anivia"", ""Viktor""]","[""Lee Sin"", ""Mel"", ""Jayce"", ""Camille"", ""Yone""]",[],[],0,leaguepedia_cargo_patch_range,1
LCK CL/2026 Season/Rounds 1-2_Week 9_7_2,2026-05-28 06:01:00,26.10,LCK CL 2026 Rounds 1-2,BNK FEARX Youth,Kiwoom DRX Challengers,Kiwoom DRX Challengers,"[""Varus"", ""Akali"", ""LeBlanc"", ""Jayce"", ""Vayne""]","[""Nocturne"", ""Lucian"", ""Karma"", ""Skarner"", ""Vi""]","[""Bard"", ""Jhin"", ""Viktor"", ""Wukong"", ""Gnar""]","[""Orianna"", ""Nautilus"", ""Miss Fortune"", ""Xin Zhao"", ""Ambessa""]",[],[],0,leaguepedia_cargo_patch_range,1
LCK CL/2026 Season/Rounds 1-2_Week 9_6_3,2026-05-28 06:51:00,26.10,LCK CL 2026 Rounds 1-2,T1 Esports Academy,KT Rolster Challengers,T1 Esports Academy,"[""Varus"", ""Karma"", ""Orianna"", ""LeBlanc"", ""Gwen""]","[""Jarvan IV"", ""Annie"", ""Nocturne"", ""Wukong"", ""Pantheon""]","[""Cassiopeia"", ""Lucian"", ""Nami"", ""Sion"", ""Maokai""]","[""Milio"", ""Trundle"", ""Draven"", ""Taliyah"", ""Ambessa""]",[],[],1,leaguepedia_cargo_patch_range,0
LCK CL/2026 Season/Rounds 1-2_Week 9_7_3,2026-05-28 06:54:00,26.10,LCK CL 2026 Rounds 1-2,Kiwoom DRX Challengers,BNK FEARX Youth,Kiwoom DRX Challengers,"[""Varus"", ""Caitlyn"", ""Vi"", ""Yorick"", ""Anivia""]","[""Cassiopeia"", ""Lucian"", ""Nocturne"", ""Annie"", ""Jayce""]","[""Lulu"", ""Pantheon"", ""Kog'Maw"", ""Akali"", ""Sion""]","[""Yunara"", ""Karma"", ""Skarner"", ""Mel"", ""Gwen""]",[],[],1,leaguepedia_cargo_patch_range,0
LCK CL/2026 Season/Rounds 1-2_Week 9_8_3,2026-05-28 06:54:00,26.10,LCK CL 2026 Rounds 1-2,HANJIN BRION Challengers,Hanwha Life Esports Challengers,Hanwha Life Esports Challengers,"[""Varus"", ""Cassiopeia"", ""Nautilus"", ""Skarner"", ""Twisted Fate""]","[""Jarvan IV"", ""Orianna"", ""Karma"", ""Yorick"", ""K'Sante""]","[""Bard"", ""Caitlyn"", ""Annie"", ""Lee Sin"", ""Renekton""]","[""Neeko"", ""Ezreal"", ""Jayce"", ""Pantheon"", ""Mel""]",[],[],0,leaguepedia_cargo_patch_range,1
LCK/2026 Season/Rounds 1-2_Week 9_3_1,2026-05-28 08:03:00,26.10,LCK 2026 Rounds 1-2,DN SOOPers,Nongshim RedForce,DN SOOPers,"[""Varus"", ""Karma"", ""Rumble"", ""Akali"", ""Annie""]","[""Orianna"", ""Jarvan IV"", ""Lucian"", ""Vi"", ""Nocturne""]","[""Cassiopeia"", ""Ezreal"", ""Neeko"", ""Pantheon"", ""Sion""]","[""Bard"", ""Lee Sin"", ""Caitlyn"", ""LeBlanc"", ""Zaahen""]",[],[],1,leaguepedia_cargo_patch_range,0
LJL/2026 Season/Spring Series_Week 5_3_1,2026-05-28 08:10:00,26.10,LJL 2026 Spring Series,FENNEL,L Guide Gaming,FENNEL,"[""Lucian"", ""Bard"", ""Ezreal"", ""Pantheon"", ""Cassiopeia""]","[""Naafiri"", ""Nocturne"", ""Orianna"", ""Annie"", ""Ryze""]","[""Lee Sin"", ""Rell"", ""Varus"", ""Aurora"", ""Ambessa""]","[""Rumble"", ""Nautilus"", ""Jhin"", ""Olaf"", ""Viktor""]",[],[],1,leaguepedia_cargo_patch_range,0
LJL/2026 Season/Spring Series_Week 5_3_2,2026-05-28 08:56:00,26.10,LJL 2026 Spring Series,FENNEL,L Guide Gaming,FENNEL,"[""Lucian"", ""Ezreal"", ""Karma"", ""Lulu"", ""Riven""]","[""Naafiri"", ""Nocturne"", ""Orianna"", ""Jarvan IV""]","[""Bard"", ""Caitlyn"", ""Galio"", ""Kha'Zix"", ""Renekton""]","[""Camille"", ""Cassiopeia"", ""Yunara"", ""Zed"", ""Ornn""]",[],[],1,leaguepedia_cargo_patch_range,0
LCK/2026 Season/Rounds 1-2_Week 9_3_2,2026-05-28 08:59:00,26.10,LCK 2026 Rounds 1-2,DN SOOPers,Nongshim RedForce,Nongshim RedForce,"[""Varus"", ""Karma"", ""Vi"", ""Nautilus"", ""Ashe""]","[""Orianna"", ""Jarvan IV"", ""Lucian"", ""Nocturne"", ""K'Sante""]","[""Ryze"", ""Yunara"", ""Lulu"", ""Xin Zhao"", ""Galio""]","[""Annie"", ""Wukong"", ""Rumble"", ""Zeri"", ""Yuumi""]",[],[],0,leaguepedia_cargo_patch_range,1
LCK/2026 Season/Rounds 1-2_Week 9_3_3,2026-05-28 09:44:00,26.10,LCK 2026 Rounds 1-2,DN SOOPers,Nongshim RedForce,Nongshim RedForce,"[""Varus"", ""Vi"", ""Trundle"", ""Akali"", ""K'Sante""]","[""Orianna"", ""Jarvan IV"", ""Lucian"", ""Twisted Fate"", ""Viktor""]","[""Nocturne"", ""Miss Fortune"", ""Nautilus"", ""Renekton"", ""Taliyah""]","[""Naafiri"", ""Karma"", ""Sivir"", ""Aurora"", ""Gnar""]",[],[],0,leaguepedia_cargo_patch_range,1
LJL/2026 Season/Spring Series_Week 5_4_1,2026-05-28 09:54:00,26.10,LJL 2026 Spring Series,RAYN Clocks,Rising Gaming,RAYN Clocks,"[""Bard"", ""Lucian"", ""Ezreal"", ""Caitlyn"", ""Akali""]","[""Nocturne"", ""Anivia"", ""Xin Zhao"", ""Pyke"", ""Blitzcrank""]","[""Rumble"", ""Jarvan IV"", ""Varus"", ""Viktor"", ""Neeko""]","[""Jayce"", ""Karma"", ""Sion"", ""Jhin"", ""Ryze""]",[],[],1,leaguepedia_cargo_patch_range,0
VCS/2026 Season/Summer Season_Week 3_3_1,2026-05-28 10:08:00,26.09,VCS 2026 Summer,Saigon Warriors,MVK Esports Academy,Saigon Warriors,"[""Varus"", ""Nautilus"", ""Akali"", ""Ashe"", ""Lucian""]","[""Ezreal"", ""Nocturne"", ""LeBlanc"", ""Caitlyn"", ""Corki""]","[""Orianna"", ""Rumble"", ""Vi"", ""Sivir"", ""Karma""]","[""Jarvan IV"", ""Cassiopeia"", ""K'Sante"", ""Jhin"", ""Bard""]",[],[],1,leaguepedia_cargo_patch_range,0
LJL/2026 Season/Spring Series_Week 5_4_2,2026-05-28 11:00:00,26.10,LJL 2026 Spring Series,RAYN Clocks,Rising Gaming,Rising Gaming,"[""Bard"", ""Lucian"", ""Poppy"", ""Orianna"", ""Aurora""]","[""Nocturne"", ""Naafiri"", ""Nidalee"", ""Sylas"", ""Lissandra""]","[""Lee Sin"", ""Ziggs"", ""Leona"", ""Galio"", ""Aatrox""]","[""Ezreal"", ""Pantheon"", ""Alistar"", ""LeBlanc"", ""Gnar""]",[],[],0,leaguepedia_cargo_patch_range,1
LCK/2026 Season/Rounds 1-2_Week 9_4_1,2026-05-28 11:03:00,26.10,LCK 2026 Rounds 1-2,T1,KT Rolster,T1,"[""Varus"", ""Bard"", ""Caitlyn"", ""Seraphine"", ""Neeko""]","[""Orianna"", ""Karma"", ""Cassiopeia"", ""Trundle"", ""K'Sante""]","[""Lucian"", ""Milio"", ""Ryze"", ""Yorick"", ""Wukong""]","[""Rumble"", ""Vi"", ""Anivia"", ""Xayah"", ""Rakan""]",[],[],1,leaguepedia_cargo_patch_range,0
VCS/2026 Season/Summer Season_Week 3_3_2,2026-05-28 11:03:00,26.09,VCS 2026 Summer,Saigon Warriors,MVK Esports Academy,Saigon Warriors,"[""Varus"", ""Nautilus"", ""Annie"", ""Naafiri"", ""Aurora""]","[""Ezreal"", ""Nocturne"", ""Ryze"", ""Viktor"", ""Ahri""]","[""Pantheon"", ""Milio"", ""Yunara"", ""Twisted Fate"", ""Renekton""]","[""Lucian"", ""Jayce"", ""Nami"", ""Galio"", ""Jax""]",[],[],1,leaguepedia_cargo_patch_range,0
LJL/2026 Season/Spring Series_Week 5_4_3,2026-05-28 11:48:00,26.10,LJL 2026 Spring Series,Rising Gaming,RAYN Clocks,Rising Gaming,"[""Nocturne"", ""Nidalee"", ""Naafiri"", ""Jax"", ""Gwen""]","[""Bard"", ""Lucian"", ""Caitlyn"", ""Braum"", ""Rell""]","[""Ashe"", ""Xin Zhao"", ""Orianna"", ""Renekton"", ""Poppy""]","[""Seraphine"", ""Vi"", ""Nautilus"", ""Hwei"", ""K'Sante""]",[],[],1,leaguepedia_cargo_patch_range,0
LCK/2026 Season/Rounds 1-2_Week 9_4_2,2026-05-28 11:55:00,26.10,LCK 2026 Rounds 1-2,T1,KT Rolster,T1,"[""Varus"", ""Bard"", ""Caitlyn"", ""Galio"", ""Sion""]","[""Orianna"", ""Cassiopeia"", ""Karma"", ""Miss Fortune"", ""Ziggs""]","[""Annie"", ""Nautilus"", ""Lee Sin"", ""Mel"", ""Jayce""]","[""Ashe"", ""Seraphine"", ""Xin Zhao"", ""Akali"", ""Olaf""]",[],[],1,leaguepedia_cargo_patch_range,0
Prime League 1st Division/2026 Season/Spring Playoffs_Third-Place Match_1_1,2026-05-28 15:09:00,26.10,PRM 1st Division 2026 Spring Playoffs,Berlin International Gaming,E WIE EINFACH E-SPORTS,E WIE EINFACH E-SPORTS,"[""Pyke"", ""Nautilus"", ""Ryze"", ""Wukong"", ""Poppy""]","[""Orianna"", ""Anivia"", ""Cassiopeia"", ""Aurora"", ""Ahri""]","[""Ezreal"", ""Nocturne"", ""Karma"", ""Gnar"", ""Azir""]","[""Caitlyn"", ""Bard"", ""Sion"", ""Darius"", ""Kennen""]",[],[],0,leaguepedia_cargo_patch_range,1
Hitpoint 2nd Division Challengers/2026 Season/Spring Playoffs_Round 1_2_1,2026-05-28 15:15:00,26.10,Hitpoint 2nd Div Challengers 2026 Spring Playoffs,Ethereal Enigmas,CITA Kaizen Academy,Ethereal Enigmas,"[""Sylas"", ""Syndra"", ""Karma"", ""Akali"", ""Ahri""]","[""Orianna"", ""Jarvan IV"", ""Nautilus"", ""Gnar"", ""Gwen""]","[""Seraphine"", ""Wukong"", ""Ashe"", ""Taliyah"", ""Aatrox""]","[""Xin Zhao"", ""Lucian"", ""Milio"", ""Sion"", ""Azir""]",[],[],1,leaguepedia_cargo_patch_range,0
Streamers Clash/Season 4_Day 7_1_1,2026-05-28 15:51:00,26.10,Streamers Clash Season 4,SPAJKOVI UKRADLI SUPERSTRIKE,NATÁLKY IMAGINÁRNÍ KAMARÁDI,SPAJKOVI UKRADLI SUPERSTRIKE,"[""Vladimir"", ""Ahri"", ""Malphite"", ""Nasus"", ""Seraphine""]","[""Yuumi"", ""Udyr"", ""Azir"", ""Mel"", ""Morgana""]","[""Nautilus"", ""Karthus"", ""Zed"", ""Malzahar"", ""Sion""]","[""Orianna"", ""Miss Fortune"", ""Naafiri"", ""Leona"", ""Camille""]",[],[],1,leaguepedia_cargo_patch_range,0
Prime League 1st Division/2026 Season/Spring Playoffs_Third-Place Match_1_2,2026-05-28 16:02:00,26.10,PRM 1st Division 2026 Spring Playoffs,Berlin International Gaming,E WIE EINFACH E-SPORTS,Berlin International Gaming,"[""Aurora"", ""Yorick"", ""Seraphine"", ""Ornn"", ""K'Sante""]","[""Orianna"", ""Anivia"", ""Cassiopeia"", ""Nautilus"", ""Lulu""]","[""Ryze"", ""Lee Sin"", ""Rumble"", ""Xayah"", ""Rakan""]","[""Lucian"", ""Milio"", ""Viktor"", ""Skarner"", ""Gwen""]",[],[],1,leaguepedia_cargo_patch_range,0
Esports Balkan League/2026 Season/Spring Playoffs_Finals_1_1,2026-05-28 16:05:00,26.10,EBL 2026 Spring Playoffs,Magaza Esports,Partizan Sangal,Partizan Sangal,"[""Nautilus"", ""Aurora"", ""Zaahen"", ""Vayne"", ""Gnar""]","[""Orianna"", ""Wukong"", ""Jarvan IV"", ""Mel"", ""Viktor""]","[""Xin Zhao"", ""Lucian"", ""Milio"", ""Galio"", ""K'Sante""]","[""Ashe"", ""Seraphine"", ""LeBlanc"", ""Trundle"", ""Aatrox""]",[],[],0,leaguepedia_cargo_patch_range,1
Hitpoint 2nd Division Challengers/2026 Season/Spring Playoffs_Round 1_2_2,2026-05-28 16:05:00,26.10,Hitpoint 2nd Div Challengers 2026 Spring Playoffs,CITA Kaizen Academy,Ethereal Enigmas,Ethereal Enigmas,"[""Orianna"", ""Jarvan IV"", ""Nautilus"", ""Rell"", ""Leona""]","[""Sylas"", ""Syndra"", ""Karma"", ""Jhin"", ""Lulu""]","[""Rumble"", ""Pantheon"", ""Ahri"", ""Bard"", ""Caitlyn""]","[""Anivia"", ""Jayce"", ""Ivern"", ""Alistar"", ""Ezreal""]",[],[],0,leaguepedia_cargo_patch_range,1
LFL/2026 Season/Spring Playoffs_Round 3_1_1,2026-05-28 16:05:00,26.10,LFL 2026 Spring Playoffs,Galions,TLN Pirates,TLN Pirates,"[""Nautilus"", ""Sion"", ""Varus"", ""Anivia"", ""Gwen""]","[""Orianna"", ""Pantheon"", ""Ezreal"", ""LeBlanc"", ""Akali""]","[""Xin Zhao"", ""Yunara"", ""Lulu"", ""K'Sante"", ""Viktor""]","[""Lucian"", ""Milio"", ""Olaf"", ""Cassiopeia"", ""Yorick""]",[],[],0,leaguepedia_cargo_patch_range,1
Road Of Legends/2026 Season/Spring Playoffs_Round 2_1_1,2026-05-28 16:09:00,26.10,Road Of Legends 2026 Spring Playoffs,Once Upon A Team,mCon esports,mCon esports,"[""Lucian"", ""Nautilus"", ""Xin Zhao"", ""Irelia"", ""Yorick""]","[""Orianna"", ""Karma"", ""Pantheon"", ""Annie"", ""Syndra""]","[""Varus"", ""Jarvan IV"", ""Leona"", ""Lux"", ""Jayce""]","[""Ashe"", ""Seraphine"", ""Zaahen"", ""Aurora"", ""Sion""]",[],[],0,leaguepedia_cargo_patch_range,1
Prime League 1st Division/2026 Season/Spring Playoffs_Third-Place Match_1_3,2026-05-28 16:49:00,26.10,PRM 1st Division 2026 Spring Playoffs,E WIE EINFACH E-SPORTS,Berlin International Gaming,E WIE EINFACH E-SPORTS,"[""Anivia"", ""Cassiopeia"", ""Aurora"", ""Jayce"", ""Vayne""]","[""Orianna"", ""Seraphine"", ""Jarvan IV"", ""Poppy"", ""Syndra""]","[""Varus"", ""Dr. Mundo"", ""Neeko"", ""Hwei"", ""Shen""]","[""Pantheon"", ""Jhin"", ""Annie"", ""Sylas"", ""Zaahen""]",[],[],1,leaguepedia_cargo_patch_range,0
Esports Balkan League/2026 Season/Spring Playoffs_Finals_1_2,2026-05-28 16:52:00,26.10,EBL 2026 Spring Playoffs,Partizan Sangal,Magaza Esports,Partizan Sangal,"[""Wukong"", ""Nautilus"", ""Jarvan IV"", ""Syndra"", ""Viktor""]","[""Orianna"", ""Aurora"", ""Nocturne"", ""Jayce"", ""Vayne""]","[""Ezreal"", ""Cassiopeia"", ""Nami"", ""Pantheon"", ""Gnar""]","[""Karma"", ""Zaahen"", ""Varus"", ""Zoe"", ""Yasuo""]",[],[],1,leaguepedia_cargo_patch_range,0
Hitpoint 2nd Division Challengers/2026 Season/Spring Playoffs_Round 1_2_3,2026-05-28 16:55:00,26.10,Hitpoint 2nd Div Challengers 2026 Spring Playoffs,Ethereal Enigmas,CITA Kaizen Academy,Ethereal Enigmas,"[""Sylas"", ""Syndra"", ""Naafiri"", ""Braum"", ""Leona""]","[""Orianna"", ""Jarvan IV"", ""Karma"", ""Draven"", ""Kai'Sa""]","[""Cassiopeia"", ""Lee Sin"", ""Nautilus"", ""Veigar"", ""Gnar""]","[""Akali"", ""Varus"", ""Shyvana"", ""Taric"", ""Smolder""]",[],[],1,leaguepedia_cargo_patch_range,0
Streamers Clash/Season 4_Day 7_2_1,2026-05-28 16:59:00,26.10,Streamers Clash Season 4,SILNĚJŠÍ SE XNAPYM,FREEZŮV WOLT DŮCHOĎÁK,SILNĚJŠÍ SE XNAPYM,"[""Caitlyn"", ""Galio"", ""Illaoi"", ""Sivir"", ""Zeri""]","[""Skarner"", ""Gwen"", ""Malphite"", ""Bel'Veth"", ""Lillia""]","[""Maokai"", ""Nautilus"", ""Yone"", ""Hwei"", ""Shyvana""]","[""Zac"", ""Amumu"", ""Veigar"", ""Tristana"", ""Aatrox""]",[],[],1,leaguepedia_cargo_patch_range,0
LFL/2026 Season/Spring Playoffs_Round 3_1_2,2026-05-28 17:06:00,26.10,LFL 2026 Spring Playoffs,TLN Pirates,Galions,Galions,"[""Jarvan IV"", ""Gwen"", ""Nautilus"", ""Nocturne"", ""Wukong""]","[""Orianna"", ""Karma"", ""Sion"", ""Anivia"", ""Annie""]","[""Seraphine"", ""Ashe"", ""Pantheon"", ""Rumble"", ""Ahri""]","[""Caitlyn"", ""Bard"", ""Ryze"", ""Skarner"", ""Varus""]",[],[],0,leaguepedia_cargo_patch_range,1
Road Of Legends/2026 Season/Spring Playoffs_Round 2_1_2,2026-05-28 17:17:00,26.10,Road Of Legends 2026 Spring Playoffs,Once Upon A Team,mCon esports,Once Upon A Team,"[""Lucian"", ""Renekton"", ""Karma"", ""Cassiopeia"", ""Syndra""]","[""Orianna"", ""Draven"", ""Ezreal"", ""Nautilus"", ""Tristana""]","[""Pantheon"", ""Ambessa"", ""Ryze"", ""Xayah"", ""Rakan""]","[""Xin Zhao"", ""Corki"", ""Bard"", ""Anivia"", ""Yorick""]",[],[],1,leaguepedia_cargo_patch_range,0
Esports Balkan League/2026 Season/Spring Playoffs_Finals_1_3,2026-05-28 17:40:00,26.10,EBL 2026 Spring Playoffs,Magaza Esports,Partizan Sangal,Partizan Sangal,"[""Lulu"", ""Nocturne"", ""Ryze"", ""Jayce"", ""Vayne""]","[""Orianna"", ""Jarvan IV"", ""Wukong"", ""Sion"", ""Aphelios""]","[""Aurora"", ""Naafiri"", ""Nautilus"", ""Jinx"", ""Renekton""]","[""Ambessa"", ""Annie"", ""Leona"", ""Xayah"", ""Rumble""]",[],[],0,leaguepedia_cargo_patch_range,1
Prime League 1st Division/2026 Season/Spring Playoffs_Third-Place Match_1_4,2026-05-28 17:53:00,26.10,PRM 1st Division 2026 Spring Playoffs,Berlin International Gaming,E WIE EINFACH E-SPORTS,E WIE EINFACH E-SPORTS,"[""Ahri"", ""Galio"", ""Yorick"", ""Ashe"", ""Pyke""]","[""Orianna"", ""Anivia"", ""Cassiopeia"", ""Jayce"", ""Aatrox""]","[""Aurora"", ""Yunara"", ""Nautilus"", ""Olaf"", ""Malzahar""]","[""Seraphine"", ""Xin Zhao"", ""Poppy"", ""Leona"", ""Syndra""]",[],[],0,leaguepedia_cargo_patch_range,1
LFL/2026 Season/Spring Playoffs_Round 3_1_3,2026-05-28 17:56:00,26.10,LFL 2026 Spring Playoffs,Galions,TLN Pirates,Galions,"[""Nautilus"", ""Anivia"", ""Sion"", ""Taric"", ""Kalista""]","[""Orianna"", ""Ezreal"", ""Jarvan IV"", ""Nami"", ""Xayah""]","[""Annie"", ""Renekton"", ""Wukong"", ""Neeko"", ""Kai'Sa""]","[""Nocturne"", ""Syndra"", ""Volibear"", ""Alistar"", ""Sivir""]",[],[],1,leaguepedia_cargo_patch_range,0
Streamers Clash/Season 4_Day 7_3_1,2026-05-28 17:59:00,26.10,Streamers Clash Season 4,VEDICI DEEMONS,HERDYNŮV LANGUSTA TÝM,VEDICI DEEMONS,"[""Sylas"", ""Viego"", ""Zaahen"", ""Seraphine"", ""Morgana""]","[""Amumu"", ""Orianna"", ""Malphite"", ""Zed"", ""Jarvan IV""]","[""Yuumi"", ""Tristana"", ""Viktor"", ""Maokai"", ""Cho'Gath""]","[""Nasus"", ""Nautilus"", ""Syndra"", ""Malzahar"", ""Pantheon""]",[],[],1,leaguepedia_cargo_patch_range,0
Road Of Legends/2026 Season/Spring Playoffs_Round 2_1_3,2026-05-28 18:10:00,26.10,Road Of Legends 2026 Spring Playoffs,Once Upon A Team,mCon esports,Once Upon A Team,"[""Lucian"", ""Ezreal"", ""Lulu"", ""Nautilus"", ""Alistar""]","[""Orianna"", ""Karma"", ""Draven"", ""Rell"", ""Neeko""]","[""Annie"", ""Lee Sin"", ""Galio"", ""Tristana"", ""Thresh""]","[""Wukong"", ""Rumble"", ""Syndra"", ""Jhin"", ""Braum""]",[],[],1,leaguepedia_cargo_patch_range,0
LPLOL/2026 Season/Spring Playoffs_Round 1_1_1,2026-05-28 18:20:00,26.10,LPLOL 2026 Spring Playoffs,Otter Side,Crusaders,Otter Side,"[""Xin Zhao"", ""Varus"", ""Ezreal"", ""Galio"", ""Syndra""]","[""Orianna"", ""Seraphine"", ""Ryze"", ""Vi"", ""Naafiri""]","[""Caitlyn"", ""Bard"", ""Viktor"", ""Wukong"", ""Jayce""]","[""Corki"", ""Nami"", ""Jarvan IV"", ""Taliyah"", ""Sion""]",[],[],1,leaguepedia_cargo_patch_range,0
LFL/2026 Season/Spring Playoffs_Round 3_1_4,2026-05-28 18:41:00,26.10,LFL 2026 Spring Playoffs,Galions,TLN Pirates,Galions,"[""Sion"", ""Anivia"", ""Nautilus"", ""Poppy"", ""Jax""]","[""Orianna"", ""Ezreal"", ""Jarvan IV"", ""Aurora"", ""Vayne""]","[""Corki"", ""Naafiri"", ""Rell"", ""Akali"", ""Aatrox""]","[""Jhin"", ""Karma"", ""Sejuani"", ""Ambessa"", ""Taliyah""]",[],[],1,leaguepedia_cargo_patch_range,0
Streamers Clash/Season 4_Day 7_4_1,2026-05-28 18:59:00,26.10,Streamers Clash Season 4,TYBLÁHO MEWING SOCIETY,STOPERCENTNÁ KAMILOVA TUTOFKA,STOPERCENTNÁ KAMILOVA TUTOFKA,"[""Gwen"", ""Kayle"", ""Olaf"", ""Galio"", ""Sylas""]","[""Irelia"", ""Vayne"", ""Yuumi"", ""Smolder"", ""Yone""]","[""Brand"", ""Braum"", ""Malphite"", ""Camille"", ""Xin Zhao""]","[""Malzahar"", ""Amumu"", ""Maokai"", ""Lissandra"", ""Zaahen""]",[],[],0,leaguepedia_cargo_patch_range,1
Road Of Legends/2026 Season/Spring Playoffs_Round 2_1_4,2026-05-28 19:06:00,26.10,Road Of Legends 2026 Spring Playoffs,Once Upon A Team,mCon esports,mCon esports,"[""Lucian"", ""Rell"", ""Ezreal"", ""Kindred"", ""Taliyah""]","[""Orianna"", ""Draven"", ""Zoe"", ""Gnar"", ""Vayne""]","[""Nautilus"", ""Sejuani"", ""Yasuo"", ""Ahri"", ""Gwen""]","[""Karma"", ""Sivir"", ""K'Sante"", ""Trundle"", ""Akali""]",[],[],0,leaguepedia_cargo_patch_range,1
LPLOL/2026 Season/Spring Playoffs_Round 1_1_2,2026-05-28 19:11:00,26.10,LPLOL 2026 Spring Playoffs,Crusaders,Otter Side,Otter Side,"[""Seraphine"", ""Vi"", ""Ezreal"", ""Kai'Sa"", ""Sivir""]","[""Varus"", ""Xin Zhao"", ""Lee Sin"", ""Graves"", ""Skarner""]","[""Ryze"", ""Yunara"", ""Lulu"", ""Sejuani"", ""Yorick""]","[""Orianna"", ""Nocturne"", ""Nautilus"", ""Miss Fortune"", ""Renekton""]",[],[],0,leaguepedia_cargo_patch_range,1
Streamers Clash/Season 4_Day 7_5_1,2026-05-28 19:54:00,26.10,Streamers Clash Season 4,SILNĚJŠÍ SE XNAPYM,VEDICI DEEMONS,VEDICI DEEMONS,"[""Orianna"", ""Viktor"", ""Syndra"", ""Naafiri"", ""Aatrox""]","[""Zoe"", ""Yone"", ""Skarner"", ""Zaahen"", ""Xin Zhao""]","[""Sylas"", ""Senna"", ""Malphite"", ""Hwei"", ""Bel'Veth""]","[""Yuumi"", ""Tristana"", ""Ryze"", ""Sion"", ""Kayn""]",[],[],0,leaguepedia_cargo_patch_range,1
LPLOL/2026 Season/Spring Playoffs_Round 1_1_3,2026-05-28 20:08:00,26.10,LPLOL 2026 Spring Playoffs,Otter Side,Crusaders,Otter Side,"[""Xin Zhao"", ""Varus"", ""Lee Sin"", ""Syndra"", ""Graves""]","[""Seraphine"", ""Ahri"", ""Ezreal"", ""Cassiopeia"", ""Mel""]","[""Milio"", ""Lucian"", ""Vi"", ""K'Sante"", ""Anivia""]","[""Draven"", ""Blitzcrank"", ""Aurora"", ""Ivern"", ""Vayne""]",[],[],1,leaguepedia_cargo_patch_range,0
Road Of Legends/2026 Season/Spring Playoffs_Round 2_1_5,2026-05-28 20:08:00,26.10,Road Of Legends 2026 Spring Playoffs,mCon esports,Once Upon A Team,mCon esports,"[""Orianna"", ""Draven"", ""Zoe"", ""Gnar"", ""Vayne""]","[""Lucian"", ""Zyra"", ""Lulu"", ""Vi"", ""Kindred""]","[""Yunara"", ""Milio"", ""Taliyah"", ""Fiora"", ""Jax""]","[""Neeko"", ""Ezreal"", ""Volibear"", ""Kog'Maw"", ""Malphite""]",[],[],1,leaguepedia_cargo_patch_range,0
North American Challengers League/2026 Season/Spring Playoffs_Round 3_1_1,2026-05-28 20:09:00,26.10,NACL 2026 Spring Playoffs,Winthrop University,NRG,NRG,"[""Jarvan IV"", ""Varus"", ""Vi"", ""Galio"", ""Mel""]","[""Karma"", ""Orianna"", ""Lucian"", ""Jayce"", ""Viktor""]","[""Ashe"", ""Seraphine"", ""Dr. Mundo"", ""Aurora"", ""Gnar""]","[""Ezreal"", ""Nocturne"", ""Bard"", ""Cassiopeia"", ""Vayne""]",[],[],0,leaguepedia_cargo_patch_range,1
North American Challengers League/2026 Season/Spring Playoffs_Round 3_1_2,2026-05-28 21:02:00,26.10,NACL 2026 Spring Playoffs,NRG,Winthrop University,Winthrop University,"[""Vi"", ""Ryze"", ""Nautilus"", ""Sion"", ""Rumble""]","[""Orianna"", ""Karma"", ""Lucian"", ""Neeko"", ""Rakan""]","[""Varus"", ""Lee Sin"", ""Anivia"", ""Jayce"", ""Braum""]","[""Jarvan IV"", ""Annie"", ""Sivir"", ""Alistar"", ""Yorick""]",[],[],0,leaguepedia_cargo_patch_range,1
North American Challengers League/2026 Season/Spring Playoffs_Round 3_1_3,2026-05-28 22:00:00,26.10,NACL 2026 Spring Playoffs,Winthrop University,NRG,NRG,"[""Vi"", ""Ziggs"", ""Nasus"", ""Wukong"", ""Gwen""]","[""Karma"", ""Orianna"", ""Ryze"", ""Xin Zhao"", ""Rumble""]","[""Lucian"", ""Milio"", ""Hwei"", ""Renekton"", ""Trundle""]","[""Senna"", ""Viktor"", ""Nautilus"", ""Ambessa"", ""Ivern""]",[],[],0,leaguepedia_cargo_patch_range,1
North American Challengers League/2026 Season/Spring Playoffs_Round 3_1_4,2026-05-28 22:59:00,26.10,NACL 2026 Spring Playoffs,NRG,Winthrop University,Winthrop University,"[""Caitlyn"", ""Jax"", ""Lulu"", ""Maokai"", ""Vi""]","[""Ryze"", ""Karma"", ""Orianna"", ""Twisted Fate"", ""Ahri""]","[""Neeko"", ""Wukong"", ""Corki"", ""Kog'Maw"", ""Aatrox""]","[""Jhin"", ""Camille"", ""Azir"", ""Skarner"", ""Fiora""]",[],[],0,leaguepedia_cargo_patch_range,1
North American Challengers League/2026 Season/Spring Playoffs_Round 3_1_5,2026-05-28 23:56:00,26.10,NACL 2026 Spring Playoffs,Winthrop University,NRG,Winthrop University,"[""Twisted Fate"", ""Nasus"", ""Lulu"", ""Xayah"", ""Jinx""]","[""Caitlyn"", ""Karma"", ""Naafiri"", ""Poppy"", ""Smolder""]","[""Ryze"", ""Vi"", ""Rumble"", ""Tristana"", ""Nidalee""]","[""Orianna"", ""Xin Zhao"", ""Galio"", ""Rakan"", ""Aphelios""]",[],[],1,leaguepedia_cargo_patch_range,0
LCK CL/2026 Season/Rounds 1-2_Week 9_10_1,2026-05-29 05:07:00,26.10,LCK CL 2026 Rounds 1-2,DN SOOPers Challengers,Gen.G Global Academy,DN SOOPers Challengers,"[""Karma"", ""Cassiopeia"", ""Jarvan IV"", ""Vayne"", ""Lee Sin""]","[""Orianna"", ""Rumble"", ""Varus"", ""Ivern"", ""Nautilus""]","[""Jhin"", ""Yone"", ""Anivia"", ""Jayce"", ""Maokai""]","[""Lucian"", ""Ryze"", ""Milio"", ""Xin Zhao"", ""Yorick""]",[],[],1,leaguepedia_cargo_patch_range,0
LCK CL/2026 Season/Rounds 1-2_Week 9_9_1,2026-05-29 05:08:00,26.10,LCK CL 2026 Rounds 1-2,Nongshim Esports Academy,Dplus Kia Challengers,Dplus Kia Challengers,"[""Varus"", ""Karma"", ""Vi"", ""Pantheon"", ""Gwen""]","[""Orianna"", ""Cassiopeia"", ""Jarvan IV"", ""Trundle"", ""Jayce""]","[""Lucian"", ""Milio"", ""Ryze"", ""Sion"", ""Naafiri""]","[""Caitlyn"", ""Bard"", ""Anivia"", ""Xin Zhao"", ""Zaahen""]",[],[],0,leaguepedia_cargo_patch_range,1
LCK CL/2026 Season/Rounds 1-2_Week 9_10_2,2026-05-29 05:52:00,26.10,LCK CL 2026 Rounds 1-2,DN SOOPers Challengers,Gen.G Global Academy,DN SOOPers Challengers,"[""Varus"", ""Karma"", ""Nocturne"", ""Pantheon"", ""Annie""]","[""Orianna"", ""Cassiopeia"", ""Jarvan IV"", ""Bard"", ""Kai'Sa""]","[""Rumble"", ""Vi"", ""Aurora"", ""Yunara"", ""Lulu""]","[""Seraphine"", ""Ambessa"", ""Ezreal"", ""Sylas"", ""Camille""]",[],[],1,leaguepedia_cargo_patch_range,0
LCK CL/2026 Season/Rounds 1-2_Week 9_9_2,2026-05-29 06:03:00,26.10,LCK CL 2026 Rounds 1-2,Dplus Kia Challengers,Nongshim Esports Academy,Dplus Kia Challengers,"[""Varus"", ""Ezreal"", ""Orianna"", ""Lulu"", ""Seraphine""]","[""Cassiopeia"", ""Jarvan IV"", ""Pantheon"", ""Nautilus"", ""Jhin""]","[""Rumble"", ""Wukong"", ""Annie"", ""Sivir"", ""Karma""]","[""Vi"", ""K'Sante"", ""Akali"", ""Nami"", ""Corki""]",[],[],1,leaguepedia_cargo_patch_range,0
LPL/2026 Season/Split 2 Playoffs_Round 1_1_1,2026-05-29 06:13:00,26.10,LPL 2026 Split 2 Playoffs,JD Gaming,ThunderTalk Gaming,ThunderTalk Gaming,"[""Nocturne"", ""Karma"", ""Cassiopeia"", ""Annie"", ""Galio""]","[""Orianna"", ""Varus"", ""Seraphine"", ""Nautilus"", ""Ezreal""]","[""Ryze"", ""Vi"", ""Rumble"", ""Caitlyn"", ""Lux""]","[""Lee Sin"", ""Lucian"", ""Milio"", ""Twisted Fate"", ""Ambessa""]",[],[],0,leaguepedia_cargo_patch_range,1
LPL/2026 Season/Split 2 Playoffs_Round 1_1_2,2026-05-29 07:02:00,26.10,LPL 2026 Split 2 Playoffs,ThunderTalk Gaming,JD Gaming,JD Gaming,"[""Varus"", ""Karma"", ""Seraphine"", ""Akali"", ""Annie""]","[""Nocturne"", ""Cassiopeia"", ""Jarvan IV"", ""Neeko"", ""Nautilus""]","[""Orianna"", ""Naafiri"", ""Kai'Sa"", ""Pyke"", ""Renekton""]","[""Ezreal"", ""Bard"", ""Xin Zhao"", ""Ahri"", ""Gnar""]",[],[],0,leaguepedia_cargo_patch_range,1
LPL/2026 Season/Split 2 Playoffs_Round 1_1_3,2026-05-29 08:05:00,26.10,LPL 2026 Split 2 Playoffs,JD Gaming,ThunderTalk Gaming,JD Gaming,"[""Cassiopeia"", ""Annie"", ""Jarvan IV"", ""Aurora"", ""Gwen""]","[""Varus"", ""Jayce"", ""Akali"", ""LeBlanc"", ""Azir""]","[""Seraphine"", ""Senna"", ""Wukong"", ""Sylas"", ""Sion""]","[""Nocturne"", ""Ashe"", ""Lulu"", ""Viktor"", ""Shen""]",[],[],1,leaguepedia_cargo_patch_range,0
LCK/2026 Season/Rounds 1-2_Week 9_5_1,2026-05-29 08:09:00,26.10,LCK 2026 Rounds 1-2,Dplus Kia,Kiwoom DRX,Dplus Kia,"[""Bard"", ""Karma"", ""Jarvan IV"", ""Xin Zhao"", ""Jayce""]","[""Nocturne"", ""Varus"", ""Rumble"", ""Senna"", ""Sivir""]","[""Orianna"", ""Vi"", ""Nautilus"", ""Ezreal"", ""Gnar""]","[""Viktor"", ""Lucian"", ""Braum"", ""Wukong"", ""Vayne""]",[],[],1,leaguepedia_cargo_patch_range,0
LCK/2026 Season/Rounds 1-2_Week 9_5_2,2026-05-29 09:00:00,26.10,LCK 2026 Rounds 1-2,Dplus Kia,Kiwoom DRX,Kiwoom DRX,"[""Varus"", ""Jhin"", ""Caitlyn"", ""Ambessa"", ""Annie""]","[""Cassiopeia"", ""Bard"", ""Jarvan IV"", ""Yuumi"", ""Pyke""]","[""Lee Sin"", ""Ryze"", ""K'Sante"", ""Yunara"", ""Lulu""]","[""Ashe"", ""Xin Zhao"", ""Seraphine"", ""Zaahen"", ""Taliyah""]",[],[],0,leaguepedia_cargo_patch_range,1
LPL/2026 Season/Split 2 Playoffs_Round 1_1_4,2026-05-29 09:00:00,26.10,LPL 2026 Split 2 Playoffs,ThunderTalk Gaming,JD Gaming,JD Gaming,"[""Akali"", ""Vayne"", ""Sivir"", ""Alistar"", ""Leona""]","[""Cassiopeia"", ""Jarvan IV"", ""Karma"", ""Qiyana"", ""Trundle""]","[""Varus"", ""Aurora"", ""Nautilus"", ""Maokai"", ""K'Sante""]","[""Annie"", ""Jayce"", ""Jhin"", ""Rell"", ""Fiora""]",[],[],0,leaguepedia_cargo_patch_range,1
LCP/2026 Season/Split 2 Playoffs_Round 2_1_1,2026-05-29 09:13:00,26.10,LCP 2026 Split 2 Playoffs,MVK Esports,Team Secret Whales,Team Secret Whales,"[""Varus"", ""Rumble"", ""Jarvan IV"", ""Sivir"", ""Jhin""]","[""Nocturne"", ""Seraphine"", ""Cassiopeia"", ""Annie"", ""Taliyah""]","[""Ezreal"", ""Braum"", ""Jayce"", ""Sion"", ""Azir""]","[""Nautilus"", ""Lee Sin"", ""Ryze"", ""Kai'Sa"", ""Shen""]",[],[],0,leaguepedia_cargo_patch_range,1
LCK/2026 Season/Rounds 1-2_Week 9_5_3,2026-05-29 09:50:00,26.10,LCK 2026 Rounds 1-2,Kiwoom DRX,Dplus Kia,Dplus Kia,"[""Varus"", ""Annie"", ""Nocturne"", ""Naafiri"", ""Mel""]","[""Cassiopeia"", ""Caitlyn"", ""Yuumi"", ""Ambessa"", ""Yorick""]","[""Jarvan IV"", ""Miss Fortune"", ""Bard"", ""Galio"", ""Aurora""]","[""Jhin"", ""Karma"", ""Rumble"", ""Ahri"", ""Pantheon""]",[],[],0,leaguepedia_cargo_patch_range,1
LCP/2026 Season/Split 2 Playoffs_Round 2_1_2,2026-05-29 10:23:00,26.10,LCP 2026 Split 2 Playoffs,Team Secret Whales,MVK Esports,Team Secret Whales,"[""Nocturne"", ""Seraphine"", ""Varus"", ""Vayne"", ""Naafiri""]","[""Lucian"", ""Karma"", ""Rumble"", ""Poppy"", ""Skarner""]","[""Cassiopeia"", ""Jarvan IV"", ""Miss Fortune"", ""Jax"", ""Rell""]","[""Akali"", ""Jhin"", ""Camille"", ""Wukong"", ""Rek'Sai""]",[],[],1,leaguepedia_cargo_patch_range,0
LPL/2026 Season/Split 2 Playoffs_Round 1_2_1,2026-05-29 10:25:00,26.10,LPL 2026 Split 2 Playoffs,Top Esports,LGD Gaming,Top Esports,"[""Ashe"", ""Varus"", ""Akali"", ""Lucian"", ""Lulu""]","[""Lee Sin"", ""Ezreal"", ""Karma"", ""Caitlyn"", ""Yuumi""]","[""Orianna"", ""Trundle"", ""Rumble"", ""Miss Fortune"", ""Nautilus""]","[""Nocturne"", ""Ryze"", ""Ambessa"", ""Corki"", ""Rell""]",[],[],1,leaguepedia_cargo_patch_range,0
LCK/2026 Season/Rounds 1-2_Week 9_6_1,2026-05-29 11:07:00,26.10,LCK 2026 Rounds 1-2,Gen.G,HANJIN BRION,Gen.G,"[""Varus"", ""Bard"", ""Karma"", ""Nautilus"", ""Lulu""]","[""Cassiopeia"", ""Caitlyn"", ""Orianna"", ""K'Sante"", ""Galio""]","[""Lucian"", ""Xin Zhao"", ""Milio"", ""Yorick"", ""Taliyah""]","[""Ryze"", ""Vi"", ""Rumble"", ""Rakan"", ""Xayah""]",[],[],1,leaguepedia_cargo_patch_range,0
LPL/2026 Season/Split 2 Playoffs_Round 1_2_2,2026-05-29 11:17:00,26.10,LPL 2026 Split 2 Playoffs,Top Esports,LGD Gaming,Top Esports,"[""Varus"", ""Ashe"", ""Akali"", ""Viktor"", ""Jarvan IV""]","[""Cassiopeia"", ""Karma"", ""Vi"", ""Lee Sin"", ""Olaf""]","[""Annie"", ""Ezreal"", ""Neeko"", ""Wukong"", ""Zaahen""]","[""Sion"", ""Caitlyn"", ""Elise"", ""Naafiri"", ""Vayne""]",[],[],1,leaguepedia_cargo_patch_range,0
LCP/2026 Season/Split 2 Playoffs_Round 2_1_3,2026-05-29 11:19:00,26.10,LCP 2026 Split 2 Playoffs,Team Secret Whales,MVK Esports,Team Secret Whales,"[""Nocturne"", ""Seraphine"", ""Naafiri"", ""Pyke"", ""Ambessa""]","[""Lucian"", ""Karma"", ""Orianna"", ""Bard"", ""Alistar""]","[""Varus"", ""Vi"", ""Ahri"", ""Rumble"", ""Skarner""]","[""Sivir"", ""Pantheon"", ""Aurora"", ""Zyra"", ""K'Sante""]",[],[],1,leaguepedia_cargo_patch_range,0
LCK/2026 Season/Rounds 1-2_Week 9_6_2,2026-05-29 12:01:00,26.10,LCK 2026 Rounds 1-2,Gen.G,HANJIN BRION,Gen.G,"[""Varus"", ""Lee Sin"", ""Ezreal"", ""Vayne"", ""Renekton""]","[""Orianna"", ""Cassiopeia"", ""Karma"", ""Twisted Fate"", ""Gnar""]","[""Jarvan IV"", ""Ziggs"", ""Nautilus"", ""Ambessa"", ""Mel""]","[""Pantheon"", ""Caitlyn"", ""Aurora"", ""Sion"", ""Tahm Kench""]",[],[],1,leaguepedia_cargo_patch_range,0
LPL/2026 Season/Split 2 Playoffs_Round 1_2_3,2026-05-29 12:15:00,26.10,LPL 2026 Split 2 Playoffs,LGD Gaming,Top Esports,Top Esports,"[""Varus"", ""Gnar"", ""Maokai"", ""Camille"", ""Pyke""]","[""Cassiopeia"", ""Karma"", ""Vi"", ""Lee Sin"", ""Jarvan IV""]","[""Ashe"", ""Seraphine"", ""Olaf"", ""Aurora"", ""Xin Zhao""]","[""Jayce"", ""Skarner"", ""Ziggs"", ""Yorick"", ""Akali""]",[],[],0,leaguepedia_cargo_patch_range,1
Hitpoint Masters/2026 Season/Spring Playoffs_Round 1_4_1,2026-05-29 14:15:00,26.10,Hitpoint Masters 2026 Spring Playoffs,Bohemian Guardians,eSuba,eSuba,"[""Anivia"", ""Orianna"", ""Caitlyn"", ""Qiyana"", ""Rengar""]","[""Naafiri"", ""Kalista"", ""Yunara"", ""Lucian"", ""Sivir""]","[""Cassiopeia"", ""Jarvan IV"", ""Karma"", ""Jhin"", ""Rumble""]","[""Ezreal"", ""Syndra"", ""Bard"", ""Xin Zhao"", ""K'Sante""]",[],[],0,leaguepedia_cargo_patch_range,1
Hitpoint Masters/2026 Season/Spring Playoffs_Round 1_4_2,2026-05-29 14:55:00,26.10,Hitpoint Masters 2026 Spring Playoffs,Bohemian Guardians,eSuba,eSuba,"[""Rengar"", ""Lulu"", ""Qiyana"", ""Ashe"", ""Kai'Sa""]","[""Naafiri"", ""Kalista"", ""Lucian"", ""Yorick"", ""Malphite""]","[""Zyra"", ""Zeri"", ""Akali"", ""Sion"", ""Yuumi""]","[""Orianna"", ""Nocturne"", ""Jayce"", ""Corki"", ""Poppy""]",[],[],0,leaguepedia_cargo_patch_range,1
Hitpoint Masters/2026 Season/Spring Playoffs_Round 1_4_3,2026-05-29 15:33:00,26.10,Hitpoint Masters 2026 Spring Playoffs,eSuba,Bohemian Guardians,eSuba,"[""Naafiri"", ""Kalista"", ""Nautilus"", ""Ryze"", ""Viktor""]","[""Yunara"", ""Rengar"", ""Aurora"", ""Anivia"", ""Taliyah""]","[""Nami"", ""Lee Sin"", ""Miss Fortune"", ""Renekton"", ""Blitzcrank""]","[""Lucian"", ""Milio"", ""Wukong"", ""Azir"", ""Gnar""]",[],[],1,leaguepedia_cargo_patch_range,0
LFL/2026 Season/Spring Playoffs_Round 4_2_1,2026-05-29 16:06:00,26.10,LFL 2026 Spring Playoffs,Karmine Corp Blue,Galions,Galions,"[""Nautilus"", ""Jarvan IV"", ""Yunara"", ""Annie"", ""Rumble""]","[""Orianna"", ""Bard"", ""Anivia"", ""Vi"", ""Pantheon""]","[""Ashe"", ""Seraphine"", ""Ryze"", ""Nocturne"", ""Renekton""]","[""Xin Zhao"", ""Milio"", ""Lucian"", ""Cassiopeia"", ""Varus""]",[],[],0,leaguepedia_cargo_patch_range,1
NLC/2026 Season/Spring Playoffs_Round 1_1_1,2026-05-29 16:06:00,26.10,NLC 2026 Spring Playoffs,Deer Gaming,Ruddy Corporation,Deer Gaming,"[""Aurora"", ""Xin Zhao"", ""Karma"", ""Ezreal"", ""Kassadin""]","[""Pantheon"", ""Lucian"", ""Orianna"", ""Ambessa"", ""Dr. Mundo""]","[""Ashe"", ""Nocturne"", ""Lulu"", ""Anivia"", ""Zaahen""]","[""Jarvan IV"", ""Seraphine"", ""Sion"", ""Jhin"", ""Ahri""]",[],[],1,leaguepedia_cargo_patch_range,0
Prime League 2nd Division/2026 Season/Spring Split_Week 5_5_1,2026-05-29 16:11:00,26.10,PRM 2nd Division 25-26 Spring,AceGaming,Team Rift,AceGaming,[],[],[],[],[],[],1,leaguepedia_cargo_patch_range,0
Prime League 2nd Division/2026 Season/Spring Split_Week 5_6_1,2026-05-29 16:23:00,26.10,PRM 2nd Division 25-26 Spring,Hannover Esports e.V.,TeamOrangeGaming Academy,TeamOrangeGaming Academy,[],[],[],[],[],[],0,leaguepedia_cargo_patch_range,1
LIT/2026 Season/Spring Playoffs_Finals_1_1,2026-05-29 16:30:00,26.10,LIT 2026 Spring Playoffs,HMBLE,GMBLERS Esports,HMBLE,"[""Orianna"", ""Caitlyn"", ""Ezreal"", ""Nautilus"", ""Thresh""]","[""Varus"", ""Karma"", ""Seraphine"", ""Nami"", ""Milio""]","[""Rumble"", ""Lucian"", ""Jarvan IV"", ""Anivia"", ""Lulu""]","[""Xin Zhao"", ""Cassiopeia"", ""Miss Fortune"", ""Rakan"", ""Ornn""]",[],[],1,leaguepedia_cargo_patch_range,0
LFL/2026 Season/Spring Playoffs_Round 4_2_2,2026-05-29 16:49:00,26.10,LFL 2026 Spring Playoffs,Galions,Karmine Corp Blue,Galions,"[""Anivia"", ""Karma"", ""Nautilus"", ""Neeko"", ""Gnar""]","[""Orianna"", ""Yunara"", ""Caitlyn"", ""Jhin"", ""Sivir""]","[""Bard"", ""Naafiri"", ""Annie"", ""Smolder"", ""K'Sante""]","[""Jarvan IV"", ""Ezreal"", ""Galio"", ""Rakan"", ""Aatrox""]",[],[],1,leaguepedia_cargo_patch_range,0
Prime League 2nd Division/2026 Season/Spring Split_Week 5_5_2,2026-05-29 16:57:00,26.10,PRM 2nd Division 25-26 Spring,AceGaming,Team Rift,AceGaming,[],[],[],[],[],[],1,leaguepedia_cargo_patch_range,0
NLC/2026 Season/Spring Playoffs_Round 1_1_2,2026-05-29 17:06:00,26.10,NLC 2026 Spring Playoffs,Deer Gaming,Ruddy Corporation,Ruddy Corporation,"[""Aurora"", ""Xin Zhao"", ""Nautilus"", ""Bard"", ""Gwen""]","[""Pantheon"", ""Lucian"", ""Kai'Sa"", ""Syndra"", ""Akali""]","[""Karma"", ""Naafiri"", ""Yunara"", ""Rumble"", ""Galio""]","[""Orianna"", ""Ezreal"", ""Wukong"", ""Nami"", ""Ambessa""]",[],[],0,leaguepedia_cargo_patch_range,1
Benelux Ascend Series/2026 Season/Spring Playoffs_Round 2_1_1,2026-05-29 17:08:00,26.10,Benelux Ascend Series 2026 Spring Playoffs,RED OUAT,FUSE,RED OUAT,"[""Karma"", ""Smolder"", ""Lulu"", ""Nautilus"", ""Bard""]","[""Aurora"", ""Ahri"", ""Ambessa"", ""Darius"", ""Zaahen""]","[""Orianna"", ""Wukong"", ""Ezreal"", ""Rell"", ""Sion""]","[""Akali"", ""Pantheon"", ""Sivir"", ""Neeko"", ""Dr. Mundo""]",[],[],1,leaguepedia_cargo_patch_range,0
Prime League 2nd Division/2026 Season/Spring Split_Week 5_6_2,2026-05-29 17:12:00,26.10,PRM 2nd Division 25-26 Spring,Hannover Esports e.V.,TeamOrangeGaming Academy,Hannover Esports e.V.,[],[],[],[],[],[],1,leaguepedia_cargo_patch_range,0
LIT/2026 Season/Spring Playoffs_Finals_1_2,2026-05-29 17:16:00,26.10,LIT 2026 Spring Playoffs,HMBLE,GMBLERS Esports,HMBLE,"[""Nautilus"", ""Orianna"", ""Varus"", ""Syndra"", ""Viktor""]","[""Karma"", ""Seraphine"", ""Nocturne"", ""Trundle"", ""Wukong""]","[""Caitlyn"", ""Bard"", ""Ryze"", ""Sion"", ""Aatrox""]","[""Ezreal"", ""Skarner"", ""Rell"", ""Ahri"", ""Zaahen""]",[],[],1,leaguepedia_cargo_patch_range,0
LFL/2026 Season/Spring Playoffs_Round 4_2_3,2026-05-29 17:38:00,26.10,LFL 2026 Spring Playoffs,Galions,Karmine Corp Blue,Galions,"[""Vi"", ""Anivia"", ""Aurora"", ""Akali"", ""Rell""]","[""Orianna"", ""Yunara"", ""Karma"", ""Nami"", ""Kalista""]","[""Wukong"", ""Ornn"", ""Viktor"", ""Nilah"", ""Renata Glasc""]","[""Rumble"", ""Pantheon"", ""Kai'Sa"", ""Sylas"", ""Neeko""]",[],[],1,leaguepedia_cargo_patch_range,0
NLC/2026 Season/Spring Playoffs_Round 1_1_3,2026-05-29 17:56:00,26.10,NLC 2026 Spring Playoffs,Ruddy Corporation,Deer Gaming,Deer Gaming,"[""Pantheon"", ""Lucian"", ""Kai'Sa"", ""Rakan"", ""Pyke""]","[""Varus"", ""Xin Zhao"", ""Aurora"", ""Bard"", ""Soraka""]","[""Aatrox"", ""Senna"", ""Viktor"", ""Nautilus"", ""Taliyah""]","[""Lee Sin"", ""Xayah"", ""Syndra"", ""Rell"", ""Akali""]",[],[],0,leaguepedia_cargo_patch_range,1
LIT/2026 Season/Spring Playoffs_Finals_1_3,2026-05-29 18:00:00,26.10,LIT 2026 Spring Playoffs,HMBLE,GMBLERS Esports,HMBLE,"[""Orianna"", ""Nautilus"", ""Varus"", ""LeBlanc"", ""Aurora""]","[""Karma"", ""Seraphine"", ""Nocturne"", ""Viktor"", ""Akali""]","[""Jayce"", ""Sivir"", ""Neeko"", ""Nidalee"", ""Renekton""]","[""Corki"", ""Nami"", ""Trundle"", ""Syndra"", ""Gnar""]",[],[],1,leaguepedia_cargo_patch_range,0
Prime League 2nd Division/2026 Season/Spring Split_Week 5_6_3,2026-05-29 18:06:00,26.10,PRM 2nd Division 25-26 Spring,TeamOrangeGaming Academy,Hannover Esports e.V.,TeamOrangeGaming Academy,[],[],[],[],[],[],1,leaguepedia_cargo_patch_range,0
NLC/2026 Season/Spring Playoffs_Round 1_2_1,2026-05-29 18:08:00,26.10,NLC 2026 Spring Playoffs,Bulldog Esports,Arctic Pandas,Bulldog Esports,"[""Varus"", ""Cassiopeia"", ""Jarvan IV"", ""Sion"", ""Yorick""]","[""Orianna"", ""Ezreal"", ""Milio"", ""Ahri"", ""Taliyah""]","[""Seraphine"", ""Miss Fortune"", ""Vi"", ""Annie"", ""Aatrox""]","[""Ashe"", ""Ryze"", ""Lulu"", ""Xin Zhao"", ""K'Sante""]",[],[],1,leaguepedia_cargo_patch_range,0
LPLOL/2026 Season/Spring Playoffs_Round 1_2_1,2026-05-29 18:13:00,26.10,LPLOL 2026 Spring Playoffs,Ronaldo Team,Bubliki,Bubliki,"[""Nocturne"", ""Xin Zhao"", ""Karma"", ""Wukong"", ""Naafiri""]","[""Varus"", ""Jarvan IV"", ""Ryze"", ""Aurora"", ""Cassiopeia""]","[""Ashe"", ""Vi"", ""Seraphine"", ""Jayce"", ""Ahri""]","[""Lucian"", ""Orianna"", ""Milio"", ""Rek'Sai"", ""Malphite""]",[],[],0,leaguepedia_cargo_patch_range,1
Benelux Ascend Series/2026 Season/Spring Playoffs_Round 2_1_2,2026-05-29 18:14:00,26.10,Benelux Ascend Series 2026 Spring Playoffs,FUSE,RED OUAT,FUSE,"[""Aurora"", ""Ahri"", ""Xin Zhao"", ""Braum"", ""Darius""]","[""Smolder"", ""Karma"", ""Ambessa"", ""Nautilus"", ""Lulu""]","[""Varus"", ""Naafiri"", ""Viktor"", ""Bard"", ""Gnar""]","[""Jarvan IV"", ""Lucian"", ""Ryze"", ""Milio"", ""Malphite""]",[],[],1,leaguepedia_cargo_patch_range,0
NLC/2026 Season/Spring Playoffs_Round 1_2_2,2026-05-29 18:55:00,26.10,NLC 2026 Spring Playoffs,Bulldog Esports,Arctic Pandas,Arctic Pandas,"[""Varus"", ""Jarvan IV"", ""Cassiopeia"", ""Sion"", ""Renekton""]","[""Orianna"", ""Ezreal"", ""Lucian"", ""LeBlanc"", ""Taliyah""]","[""Karma"", ""Jhin"", ""Skarner"", ""Ambessa"", ""Azir""]","[""Nautilus"", ""Senna"", ""Aurora"", ""Wukong"", ""Rumble""]",[],[],0,leaguepedia_cargo_patch_range,1
LPLOL/2026 Season/Spring Playoffs_Round 1_2_2,2026-05-29 19:09:00,26.10,LPLOL 2026 Spring Playoffs,Bubliki,Ronaldo Team,Ronaldo Team,"[""Varus"", ""Cassiopeia"", ""Nautilus"", ""Vayne"", ""Ambessa""]","[""Wukong"", ""Xin Zhao"", ""Karma"", ""Graves"", ""Naafiri""]","[""Ryze"", ""Corki"", ""Nami"", ""Pantheon"", ""Shen""]","[""Yunara"", ""Lulu"", ""Viktor"", ""Jarvan IV"", ""Gnar""]",[],[],0,leaguepedia_cargo_patch_range,1
Benelux Ascend Series/2026 Season/Spring Playoffs_Round 2_1_3,2026-05-29 19:14:00,26.10,Benelux Ascend Series 2026 Spring Playoffs,FUSE,RED OUAT,RED OUAT,"[""Aurora"", ""Ahri"", ""Xin Zhao"", ""Darius"", ""Vi""]","[""Smolder"", ""Karma"", ""Ambessa"", ""Senna"", ""K'Sante""]","[""Syndra"", ""Leona"", ""Jayce"", ""Zeri"", ""Renekton""]","[""Ziggs"", ""Nautilus"", ""Yone"", ""Maokai"", ""Zaahen""]",[],[],0,leaguepedia_cargo_patch_range,1
NLC/2026 Season/Spring Playoffs_Round 1_2_3,2026-05-29 19:48:00,26.10,NLC 2026 Spring Playoffs,Bulldog Esports,Arctic Pandas,Arctic Pandas,"[""Bard"", ""Varus"", ""Cassiopeia"", ""Lee Sin"", ""Naafiri""]","[""Caitlyn"", ""Lucian"", ""Orianna"", ""Gnar"", ""Vayne""]","[""Ezreal"", ""Jarvan IV"", ""Rell"", ""Gwen"", ""Taliyah""]","[""Corki"", ""Nami"", ""Sion"", ""Pantheon"", ""LeBlanc""]",[],[],0,leaguepedia_cargo_patch_range,1
LPLOL/2026 Season/Spring Playoffs_Round 1_2_3,2026-05-29 19:58:00,26.10,LPLOL 2026 Spring Playoffs,Ronaldo Team,Bubliki,Bubliki,"[""Xin Zhao"", ""Karma"", ""Wukong"", ""Leona"", ""Alistar""]","[""Varus"", ""Rumble"", ""Syndra"", ""Braum"", ""Kassadin""]","[""Caitlyn"", ""Nautilus"", ""Nocturne"", ""Darius"", ""Zoe""]","[""Sivir"", ""Anivia"", ""Trundle"", ""Neeko"", ""Volibear""]",[],[],0,leaguepedia_cargo_patch_range,1
North American Challengers League/2026 Season/Spring Playoffs_Round 4_1_1,2026-05-29 20:08:00,26.10,NACL 2026 Spring Playoffs,Conviction,CCG Esports,Conviction,"[""Bard"", ""Jayce"", ""Vi"", ""Gwen"", ""Skarner""]","[""Nocturne"", ""Orianna"", ""Jarvan IV"", ""Galio"", ""Sion""]","[""Lucian"", ""Nami"", ""Naafiri"", ""Anivia"", ""Gragas""]","[""Caitlyn"", ""Karma"", ""Cassiopeia"", ""Sejuani"", ""Gnar""]",[],[],1,leaguepedia_cargo_patch_range,0
Benelux Ascend Series/2026 Season/Spring Playoffs_Round 2_1_4,2026-05-29 20:18:00,26.10,Benelux Ascend Series 2026 Spring Playoffs,FUSE,RED OUAT,FUSE,"[""Aurora"", ""Ahri"", ""Xin Zhao"", ""Darius"", ""Rumble""]","[""Smolder"", ""Karma"", ""Ambessa"", ""Ornn"", ""K'Sante""]","[""Lulu"", ""Lee Sin"", ""Aphelios"", ""Mel"", ""Olaf""]","[""Seraphine"", ""Senna"", ""Vi"", ""Taliyah"", ""Camille""]",[],[],1,leaguepedia_cargo_patch_range,0
LPLOL/2026 Season/Spring Playoffs_Round 1_2_4,2026-05-29 20:51:00,26.10,LPLOL 2026 Spring Playoffs,Bubliki,Ronaldo Team,Bubliki,"[""Cassiopeia"", ""Ezreal"", ""Vayne"", ""Aurora"", ""Rakan""]","[""Karma"", ""Xin Zhao"", ""Wukong"", ""Alistar"", ""Braum""]","[""Varus"", ""Maokai"", ""Ornn"", ""Smolder"", ""Janna""]","[""Brand"", ""Naafiri"", ""Dr. Mundo"", ""Leona"", ""Tristana""]",[],[],1,leaguepedia_cargo_patch_range,0
North American Challengers League/2026 Season/Spring Playoffs_Round 4_1_2,2026-05-29 21:05:00,26.10,NACL 2026 Spring Playoffs,Conviction,CCG Esports,Conviction,"[""Jayce"", ""Bard"", ""Gwen"", ""Vi"", ""Trundle""]","[""Nocturne"", ""Orianna"", ""Jarvan IV"", ""Azir"", ""Taliyah""]","[""Varus"", ""Nautilus"", ""Sion"", ""Hwei"", ""Lee Sin""]","[""Neeko"", ""Ryze"", ""Sivir"", ""Ambessa"", ""Olaf""]",[],[],1,leaguepedia_cargo_patch_range,0
Benelux Ascend Series/2026 Season/Spring Playoffs_Round 2_1_5,2026-05-29 21:16:00,26.10,Benelux Ascend Series 2026 Spring Playoffs,RED OUAT,FUSE,FUSE,"[""Smolder"", ""Malzahar"", ""Karma"", ""Ornn"", ""LeBlanc""]","[""Ahri"", ""Aurora"", ""Ambessa"", ""Darius"", ""Azir""]","[""Xin Zhao"", ""Rakan"", ""Kai'Sa"", ""Twisted Fate"", ""Aatrox""]","[""Graves"", ""Jinx"", ""Poppy"", ""Brand"", ""K'Sante""]",[],[],0,leaguepedia_cargo_patch_range,1
North American Challengers League/2026 Season/Spring Playoffs_Round 4_1_3,2026-05-29 21:55:00,26.10,NACL 2026 Spring Playoffs,Conviction,CCG Esports,Conviction,"[""Nocturne"", ""Nasus"", ""Jarvan IV"", ""Xin Zhao"", ""Pantheon""]","[""Jayce"", ""Bard"", ""Gwen"", ""Vi"", ""Vayne""]","[""Orianna"", ""Yunara"", ""Lulu"", ""Trundle"", ""Renekton""]","[""Galio"", ""Seraphine"", ""Ashe"", ""Skarner"", ""Kindred""]",[],[],1,leaguepedia_cargo_patch_range,0
LPL/2026 Season/Split 2 Playoffs_Round 1_3_1,2026-05-30 06:17:00,26.10,LPL 2026 Split 2 Playoffs,Anyone's Legend,EDward Gaming,Anyone's Legend,"[""Vayne"", ""Cassiopeia"", ""Jarvan IV"", ""Lucian"", ""Ezreal""]","[""Rumble"", ""Karma"", ""Lee Sin"", ""Nautilus"", ""Jayce""]","[""Orianna"", ""Jhin"", ""Trundle"", ""Renekton"", ""Bard""]","[""Varus"", ""Nocturne"", ""Ryze"", ""Neeko"", ""Shen""]",[],[],1,leaguepedia_cargo_patch_range,0
LPL/2026 Season/Split 2 Playoffs_Round 1_3_2,2026-05-30 07:19:00,26.10,LPL 2026 Split 2 Playoffs,Anyone's Legend,EDward Gaming,Anyone's Legend,"[""Vayne"", ""Jarvan IV"", ""Cassiopeia"", ""Naafiri"", ""Jayce""]","[""Rumble"", ""Karma"", ""Annie"", ""Mel"", ""Sion""]","[""Seraphine"", ""Xin Zhao"", ""Ezreal"", ""Ambessa"", ""Fizz""]","[""Ashe"", ""Twisted Fate"", ""Lulu"", ""Lee Sin"", ""Lissandra""]",[],[],1,leaguepedia_cargo_patch_range,0
LCK/2026 Season/Rounds 1-2_Week 9_7_1,2026-05-30 08:06:00,26.10,LCK 2026 Rounds 1-2,KT Rolster,DN SOOPers,KT Rolster,"[""Varus"", ""Jarvan IV"", ""Karma"", ""Vi"", ""Zaahen""]","[""Cassiopeia"", ""Orianna"", ""Caitlyn"", ""Lee Sin"", ""Rumble""]","[""Ryze"", ""Miss Fortune"", ""Nautilus"", ""Wukong"", ""Sion""]","[""Lucian"", ""Taliyah"", ""Braum"", ""Xin Zhao"", ""Gnar""]",[],[],1,leaguepedia_cargo_patch_range,0
LPL/2026 Season/Split 2 Playoffs_Round 1_3_3,2026-05-30 08:11:00,26.10,LPL 2026 Split 2 Playoffs,Anyone's Legend,EDward Gaming,Anyone's Legend,"[""Vayne"", ""Caitlyn"", ""Vi"", ""Annie"", ""Sion""]","[""Rumble"", ""Karma"", ""Lucian"", ""Naafiri"", ""K'Sante""]","[""Cassiopeia"", ""Miss Fortune"", ""Nautilus"", ""Jayce"", ""Skarner""]","[""Corki"", ""Nami"", ""Jarvan IV"", ""Galio"", ""Olaf""]",[],[],1,leaguepedia_cargo_patch_range,0
LCK/2026 Season/Rounds 1-2_Week 9_7_2,2026-05-30 08:58:00,26.10,LCK 2026 Rounds 1-2,KT Rolster,DN SOOPers,KT Rolster,"[""Varus"", ""Jarvan IV"", ""Jayce"", ""Pantheon"", ""Renekton""]","[""Cassiopeia"", ""Orianna"", ""Ezreal"", ""Akali"", ""K'Sante""]","[""Caitlyn"", ""Lee Sin"", ""Bard"", ""Ambessa"", ""Galio""]","[""Jhin"", ""Karma"", ""Annie"", ""Rumble"", ""Trundle""]",[],[],1,leaguepedia_cargo_patch_range,0
LCP/2026 Season/Split 2 Playoffs_Round 2_2_1,2026-05-30 09:29:00,26.10,LCP 2026 Split 2 Playoffs,Deep Cross Gaming,GAM Esports,Deep Cross Gaming,"[""Varus"", ""Ezreal"", ""Akali"", ""Bard"", ""Ashe""]","[""Nocturne"", ""Orianna"", ""Lee Sin"", ""Caitlyn"", ""Nautilus""]","[""Cassiopeia"", ""Xin Zhao"", ""Rumble"", ""Xayah"", ""Rakan""]","[""Jarvan IV"", ""Ryze"", ""Ambessa"", ""Lucian"", ""Milio""]",[],[],1,leaguepedia_cargo_patch_range,0
LPL/2026 Season/Split 2 Playoffs_Round 1_4_1,2026-05-30 09:50:00,26.10,LPL 2026 Split 2 Playoffs,Bilibili Gaming,Team WE,Team WE,"[""Nocturne"", ""Jarvan IV"", ""Cassiopeia"", ""Ambessa"", ""Aurora""]","[""Varus"", ""Orianna"", ""Ryze"", ""Annie"", ""Trundle""]","[""Ezreal"", ""Rumble"", ""Bard"", ""Ahri"", ""Naafiri""]","[""Karma"", ""Vi"", ""Sivir"", ""Sion"", ""LeBlanc""]",[],[],0,leaguepedia_cargo_patch_range,1
Nexus League/2026 Season/Spring Playoffs_Round 1_1_1,2026-05-30 10:04:00,26.10,Nexus League 2026 Spring Playoffs,Karmine Corp Blue Stars,Caldya Esport,Karmine Corp Blue Stars,"[""Nautilus"", ""Ryze"", ""Vi"", ""Sion"", ""Skarner""]","[""Jarvan IV"", ""Pantheon"", ""Nocturne"", ""Rakan"", ""Bard""]","[""Ezreal"", ""Wukong"", ""Akali"", ""Neeko"", ""Aurora""]","[""Orianna"", ""Kai'Sa"", ""Rell"", ""Xin Zhao"", ""Yorick""]",[],[],1,leaguepedia_cargo_patch_range,0
Hitpoint Masters/2026 Season/Spring Playoffs_Round 3_1_1,2026-05-30 10:12:00,26.10,Hitpoint Masters 2026 Spring Playoffs,CITA Kaizen,Nightbirds,Nightbirds,"[""Nautilus"", ""Varus"", ""Nocturne"", ""Pantheon"", ""Jarvan IV""]","[""Orianna"", ""Rumble"", ""Karma"", ""Zyra"", ""Wukong""]","[""Ezreal"", ""Jayce"", ""Bard"", ""Karthus"", ""K'Sante""]","[""Cassiopeia"", ""Lucian"", ""Milio"", ""Naafiri"", ""Vayne""]",[],[],0,leaguepedia_cargo_patch_range,1
LCP/2026 Season/Split 2 Playoffs_Round 2_2_2,2026-05-30 10:15:00,26.10,LCP 2026 Split 2 Playoffs,Deep Cross Gaming,GAM Esports,GAM Esports,"[""Orianna"", ""Nautilus"", ""Lee Sin"", ""Sion"", ""Yorick""]","[""Nocturne"", ""Varus"", ""Naafiri"", ""Trundle"", ""Annie""]","[""Ezreal"", ""Bard"", ""Jayce"", ""Vi"", ""Ahri""]","[""Karma"", ""Pantheon"", ""Jhin"", ""Aurora"", ""K'Sante""]",[],[],0,leaguepedia_cargo_patch_range,1
LCK/2026 Season/Rounds 1-2_Week 9_8_1,2026-05-30 10:21:00,26.10,LCK 2026 Rounds 1-2,BNK FEARX,T1,T1,"[""Varus"", ""Lucian"", ""Karma"", ""Jarvan IV"", ""Lee Sin""]","[""Orianna"", ""Cassiopeia"", ""Caitlyn"", ""Xin Zhao"", ""Pantheon""]","[""Bard"", ""Anivia"", ""Jhin"", ""Rumble"", ""Nocturne""]","[""Ezreal"", ""Ryze"", ""Neeko"", ""Wukong"", ""K'Sante""]",[],[],0,leaguepedia_cargo_patch_range,1
LPL/2026 Season/Split 2 Playoffs_Round 1_4_2,2026-05-30 10:54:00,26.10,LPL 2026 Split 2 Playoffs,Team WE,Bilibili Gaming,Bilibili Gaming,"[""Varus"", ""Akali"", ""Jarvan IV"", ""Lucian"", ""Nautilus""]","[""Orianna"", ""Nocturne"", ""Cassiopeia"", ""Caitlyn"", ""Corki""]","[""Lee Sin"", ""Jayce"", ""Annie"", ""Seraphine"", ""Miss Fortune""]","[""Ryze"", ""Xin Zhao"", ""Ornn"", ""Ashe"", ""Lulu""]",[],[],0,leaguepedia_cargo_patch_range,1
Nexus League/2026 Season/Spring Playoffs_Round 1_1_2,2026-05-30 10:57:00,26.10,Nexus League 2026 Spring Playoffs,Karmine Corp Blue Stars,Caldya Esport,Caldya Esport,"[""Nautilus"", ""Cassiopeia"", ""Anivia"", ""Corki"", ""Smolder""]","[""Pantheon"", ""Jarvan IV"", ""Jhin"", ""Bard"", ""Ashe""]","[""Ryze"", ""K'Sante"", ""Vi"", ""Varus"", ""Karma""]","[""Nocturne"", ""Syndra"", ""Gnar"", ""Xayah"", ""Seraphine""]",[],[],0,leaguepedia_cargo_patch_range,1
LCP/2026 Season/Split 2 Playoffs_Round 2_2_3,2026-05-30 11:01:00,26.10,LCP 2026 Split 2 Playoffs,Deep Cross Gaming,GAM Esports,Deep Cross Gaming,"[""Akali"", ""Naafiri"", ""Vayne"", ""Galio"", ""Twisted Fate""]","[""Orianna"", ""Nocturne"", ""Varus"", ""Ziggs"", ""Braum""]","[""Lee Sin"", ""Gnar"", ""Annie"", ""Corki"", ""Rell""]","[""Wukong"", ""Nautilus"", ""Miss Fortune"", ""Mel"", ""Tristana""]",[],[],1,leaguepedia_cargo_patch_range,0
Prime League 1st Division/2026 Season/Spring Playoffs_Finals_1_1,2026-05-30 11:11:00,26.10,PRM 1st Division 2026 Spring Playoffs,Eintracht Spandau,G2 NORD,Eintracht Spandau,"[""Aurora"", ""Nautilus"", ""Ryze"", ""Gwen"", ""Gnar""]","[""Bard"", ""Nocturne"", ""Jarvan IV"", ""Skarner"", ""Sion""]","[""Azir"", ""Ezreal"", ""Karma"", ""Pantheon"", ""Rumble""]","[""Orianna"", ""Milio"", ""Lucian"", ""Xin Zhao"", ""K'Sante""]",[],[],1,leaguepedia_cargo_patch_range,0
Hitpoint Masters/2026 Season/Spring Playoffs_Round 3_1_2,2026-05-30 11:13:00,26.10,Hitpoint Masters 2026 Spring Playoffs,CITA Kaizen,Nightbirds,Nightbirds,"[""Karma"", ""Nocturne"", ""Jarvan IV"", ""Jhin"", ""Lulu""]","[""Nautilus"", ""Galio"", ""Akali"", ""Lee Sin"", ""Irelia""]","[""Sion"", ""Bel'Veth"", ""Viktor"", ""Ashe"", ""Seraphine""]","[""Rumble"", ""Wukong"", ""Orianna"", ""Miss Fortune"", ""Rell""]",[],[],0,leaguepedia_cargo_patch_range,1
LCK/2026 Season/Rounds 1-2_Week 9_8_2,2026-05-30 11:23:00,26.10,LCK 2026 Rounds 1-2,BNK FEARX,T1,T1,"[""Varus"", ""Jarvan IV"", ""Trundle"", ""Annie"", ""Olaf""]","[""Orianna"", ""Cassiopeia"", ""Xin Zhao"", ""Akali"", ""Ahri""]","[""Vi"", ""Nautilus"", ""Mel"", ""Sion"", ""Azir""]","[""Caitlyn"", ""Karma"", ""Pantheon"", ""Viktor"", ""Gwen""]",[],[],0,leaguepedia_cargo_patch_range,1
LCP/2026 Season/Split 2 Playoffs_Round 2_2_4,2026-05-30 11:49:00,26.10,LCP 2026 Split 2 Playoffs,Deep Cross Gaming,GAM Esports,Deep Cross Gaming,"[""Akali"", ""Vayne"", ""Orianna"", ""Ziggs"", ""Sivir""]","[""Nocturne"", ""Ashe"", ""Caitlyn"", ""Yone"", ""Sylas""]","[""Varus"", ""Maokai"", ""Pyke"", ""Jax"", ""Galio""]","[""Twisted Fate"", ""Naafiri"", ""Shen"", ""Kai'Sa"", ""Olaf""]",[],[],1,leaguepedia_cargo_patch_range,0
LPL/2026 Season/Split 2 Playoffs_Round 1_4_3,2026-05-30 11:55:00,26.10,LPL 2026 Split 2 Playoffs,Bilibili Gaming,Team WE,Team WE,"[""Varus"", ""Akali"", ""Lucian"", ""Trundle"", ""Vayne""]","[""Orianna"", ""Nocturne"", ""Cassiopeia"", ""Gnar"", ""Viktor""]","[""Jarvan IV"", ""Caitlyn"", ""Lux"", ""K'Sante"", ""Mel""]","[""Corki"", ""Nami"", ""Aurora"", ""Renekton"", ""Nidalee""]",[],[],0,leaguepedia_cargo_patch_range,1
Nexus League/2026 Season/Spring Playoffs_Round 1_1_3,2026-05-30 12:05:00,26.10,Nexus League 2026 Spring Playoffs,Caldya Esport,Karmine Corp Blue Stars,Karmine Corp Blue Stars,"[""Pantheon"", ""Jhin"", ""LeBlanc"", ""Leona"", ""Bard""]","[""Tristana"", ""Corki"", ""Jarvan IV"", ""Caitlyn"", ""Miss Fortune""]","[""Sion"", ""Nautilus"", ""Zyra"", ""Sivir"", ""Ahri""]","[""Yone"", ""Lillia"", ""Smolder"", ""Zac"", ""Yasuo""]",[],[],0,leaguepedia_cargo_patch_range,1
Hitpoint Masters/2026 Season/Spring Playoffs_Round 3_1_3,2026-05-30 12:10:00,26.10,Hitpoint Masters 2026 Spring Playoffs,CITA Kaizen,Nightbirds,CITA Kaizen,"[""Karma"", ""Nocturne"", ""Jarvan IV"", ""Pantheon"", ""Skarner""]","[""Nautilus"", ""Akali"", ""Lee Sin"", ""Vi"", ""Xin Zhao""]","[""Yorick"", ""Qiyana"", ""Ahri"", ""Yunara"", ""Lulu""]","[""Ryze"", ""Nami"", ""Caitlyn"", ""Malphite"", ""Gnar""]",[],[],1,leaguepedia_cargo_patch_range,0
Prime League 1st Division/2026 Season/Spring Playoffs_Finals_1_2,2026-05-30 12:11:00,26.10,PRM 1st Division 2026 Spring Playoffs,Eintracht Spandau,G2 NORD,G2 NORD,"[""Gwen"", ""Nautilus"", ""Ryze"", ""LeBlanc"", ""Gnar""]","[""Bard"", ""Nocturne"", ""Jarvan IV"", ""Skarner"", ""Olaf""]","[""Nami"", ""Corki"", ""Viktor"", ""Naafiri"", ""Sion""]","[""Ashe"", ""Seraphine"", ""Lee Sin"", ""Galio"", ""Ambessa""]",[],[],0,leaguepedia_cargo_patch_range,1
Nexus League/2026 Season/Spring Playoffs_Round 1_1_4,2026-05-30 13:01:00,26.10,Nexus League 2026 Spring Playoffs,Karmine Corp Blue Stars,Caldya Esport,Karmine Corp Blue Stars,"[""Cassiopeia"", ""Jayce"", ""Viktor"", ""Tristana"", ""Hwei""]","[""Pantheon"", ""Jarvan IV"", ""Jhin"", ""Shyvana"", ""Skarner""]","[""Nami"", ""Corki"", ""Anivia"", ""Renekton"", ""Dr. Mundo""]","[""Lucian"", ""Milio"", ""Maokai"", ""Zed"", ""Cho'Gath""]",[],[],1,leaguepedia_cargo_patch_range,0
LPL/2026 Season/Split 2 Playoffs_Round 1_4_4,2026-05-30 13:04:00,26.10,LPL 2026 Split 2 Playoffs,Bilibili Gaming,Team WE,Team WE,"[""Varus"", ""Lucian"", ""Vayne"", ""Yorick"", ""Wukong""]","[""Orianna"", ""Nocturne"", ""Gnar"", ""Kalista"", ""Rakan""]","[""Ambessa"", ""Cassiopeia"", ""Trundle"", ""Ziggs"", ""Alistar""]","[""Jhin"", ""Neeko"", ""Akali"", ""Shen"", ""Olaf""]",[],[],0,leaguepedia_cargo_patch_range,1
Prime League 1st Division/2026 Season/Spring Playoffs_Finals_1_3,2026-05-30 13:12:00,26.10,PRM 1st Division 2026 Spring Playoffs,G2 NORD,Eintracht Spandau,G2 NORD,"[""Caitlyn"", ""Nocturne"", ""Wukong"", ""Vayne"", ""Varus""]","[""Ryze"", ""Anivia"", ""Jarvan IV"", ""Dr. Mundo"", ""Yorick""]","[""Senna"", ""Nautilus"", ""Hwei"", ""Shyvana"", ""Trundle""]","[""Yunara"", ""Cassiopeia"", ""Lulu"", ""Skarner"", ""LeBlanc""]",[],[],1,leaguepedia_cargo_patch_range,0
Hitpoint Masters/2026 Season/Spring Playoffs_Round 3_1_4,2026-05-30 13:15:00,26.10,Hitpoint Masters 2026 Spring Playoffs,Nightbirds,CITA Kaizen,CITA Kaizen,"[""Karma"", ""Lee Sin"", ""Renekton"", ""Galio"", ""LeBlanc""]","[""Nautilus"", ""Nocturne"", ""Varus"", ""Neeko"", ""Aatrox""]","[""Gwen"", ""Vi"", ""Aurora"", ""Jhin"", ""Poppy""]","[""Ambessa"", ""Jarvan IV"", ""Akali"", ""Xayah"", ""Rakan""]",[],[],0,leaguepedia_cargo_patch_range,1
Prime League 1st Division/2026 Season/Spring Playoffs_Finals_1_4,2026-05-30 14:15:00,26.10,PRM 1st Division 2026 Spring Playoffs,G2 NORD,Eintracht Spandau,Eintracht Spandau,"[""Nocturne"", ""Caitlyn"", ""Jayce"", ""Vayne"", ""Varus""]","[""Ryze"", ""Sylas"", ""Jarvan IV"", ""Akali"", ""Anivia""]","[""Wukong"", ""Xayah"", ""Rakan"", ""Gnar"", ""Ahri""]","[""Dr. Mundo"", ""Bard"", ""Sivir"", ""Syndra"", ""Gangplank""]",[],[],0,leaguepedia_cargo_patch_range,1
Hitpoint Masters/2026 Season/Spring Playoffs_Round 3_1_5,2026-05-30 14:21:00,26.10,Hitpoint Masters 2026 Spring Playoffs,Nightbirds,CITA Kaizen,CITA Kaizen,"[""Nautilus"", ""LeBlanc"", ""Lee Sin"", ""Neeko"", ""Yuumi""]","[""Karma"", ""Nocturne"", ""Varus"", ""Leona"", ""Braum""]","[""Azir"", ""Renekton"", ""Skarner"", ""Gragas"", ""Tristana""]","[""Yone"", ""Zyra"", ""Ornn"", ""Alistar"", ""Jinx""]",[],[],0,leaguepedia_cargo_patch_range,1
Prime League 1st Division/2026 Season/Spring Playoffs_Finals_1_5,2026-05-30 15:06:00,26.10,PRM 1st Division 2026 Spring Playoffs,Eintracht Spandau,G2 NORD,G2 NORD,"[""Varus"", ""Anivia"", ""Akali"", ""Gwen"", ""Thresh""]","[""Caitlyn"", ""Nocturne"", ""Jarvan IV"", ""Jayce"", ""Vayne""]","[""Ryze"", ""Aatrox"", ""Tristana"", ""Ornn"", ""Leona""]","[""Annie"", ""Zaahen"", ""Jinx"", ""Renekton"", ""Braum""]",[],[],0,leaguepedia_cargo_patch_range,1
LEC/2026 Season/Spring Playoffs_Round 1_3_1,2026-05-30 15:15:00,26.10,LEC 2026 Spring Playoffs,Natus Vincere,Karmine Corp,Karmine Corp,"[""Varus"", ""Bard"", ""Cassiopeia"", ""Vayne"", ""Gnar""]","[""Orianna"", ""Rumble"", ""Anivia"", ""Sion"", ""Akali""]","[""Ashe"", ""Lulu"", ""Xin Zhao"", ""Azir"", ""K'Sante""]","[""Jarvan IV"", ""Seraphine"", ""Ezreal"", ""Ryze"", ""Twisted Fate""]",[],[],0,leaguepedia_cargo_patch_range,1
Rift Legends/2026 Season/Spring Playoffs_Semifinals_1_1,2026-05-30 15:28:00,26.10,Rift Legends 2026 Spring Playoffs,Barcząca Esports,Bomba Team,Bomba Team,"[""Nautilus"", ""Varus"", ""Jarvan IV"", ""Wukong"", ""K'Sante""]","[""Karma"", ""Ashe"", ""Cassiopeia"", ""Orianna"", ""Twisted Fate""]","[""Nocturne"", ""Neeko"", ""Ezreal"", ""Galio"", ""Sion""]","[""Aurora"", ""Bard"", ""Corki"", ""Rumble"", ""Pantheon""]",[],[],0,leaguepedia_cargo_patch_range,1
LEC/2026 Season/Spring Playoffs_Round 1_3_2,2026-05-30 16:03:00,26.10,LEC 2026 Spring Playoffs,Karmine Corp,Natus Vincere,Karmine Corp,"[""Varus"", ""Nautilus"", ""Pantheon"", ""Vayne"", ""Gnar""]","[""Orianna"", ""Rumble"", ""Bard"", ""Wukong"", ""Nocturne""]","[""Cassiopeia"", ""Lucian"", ""Milio"", ""Sion"", ""Trundle""]","[""Anivia"", ""Vi"", ""Caitlyn"", ""Neeko"", ""Yone""]",[],[],1,leaguepedia_cargo_patch_range,0
CBLOL/2026 Season/Split 1 Playoffs_Round 3_1_1,2026-05-30 16:11:00,26.11,CBLOL 2026 Split 1 Playoffs,LØS,Fluxo W7M,LØS,"[""Orianna"", ""Varus"", ""Pantheon"", ""Vayne"", ""Galio""]","[""Rumble"", ""Lucian"", ""Nocturne"", ""Aatrox"", ""Renekton""]","[""Cassiopeia"", ""Caitlyn"", ""Karma"", ""Vi"", ""Sion""]","[""Jarvan IV"", ""Ezreal"", ""Bard"", ""Viktor"", ""Gnar""]",[],[],1,leaguepedia_cargo_patch_range,0
Rift Legends/2026 Season/Spring Playoffs_Semifinals_1_2,2026-05-30 16:40:00,26.10,Rift Legends 2026 Spring Playoffs,Barcząca Esports,Bomba Team,Bomba Team,"[""Nautilus"", ""Varus"", ""Anivia"", ""Aphelios"", ""Vayne""]","[""Karma"", ""Ashe"", ""Caitlyn"", ""Vi"", ""Naafiri""]","[""Cassiopeia"", ""Yunara"", ""Lulu"", ""Lee Sin"", ""Renekton""]","[""Jarvan IV"", ""Orianna"", ""Soraka"", ""Smolder"", ""Jayce""]",[],[],0,leaguepedia_cargo_patch_range,1
LEC/2026 Season/Spring Playoffs_Round 1_3_3,2026-05-30 16:54:00,26.10,LEC 2026 Spring Playoffs,Karmine Corp,Natus Vincere,Natus Vincere,"[""Skarner"", ""Jax"", ""Nami"", ""Olaf"", ""Yorick""]","[""Orianna"", ""Rumble"", ""Pantheon"", ""Miss Fortune"", ""Nocturne""]","[""Varus"", ""Nautilus"", ""Aurora"", ""Rek'Sai"", ""Corki""]","[""Bard"", ""Annie"", ""Sivir"", ""Naafiri"", ""Lee Sin""]",[],[],0,leaguepedia_cargo_patch_range,1
CBLOL/2026 Season/Split 1 Playoffs_Round 3_1_2,2026-05-30 17:07:00,26.11,CBLOL 2026 Split 1 Playoffs,LØS,Fluxo W7M,Fluxo W7M,"[""Orianna"", ""Varus"", ""Anivia"", ""Vayne"", ""Kennen""]","[""Lucian"", ""Rumble"", ""Seraphine"", ""Aatrox"", ""Trundle""]","[""Ryze"", ""Nautilus"", ""Miss Fortune"", ""Xin Zhao"", ""Renekton""]","[""Nocturne"", ""Senna"", ""Annie"", ""Ornn"", ""Jayce""]",[],[],0,leaguepedia_cargo_patch_range,1
LEC/2026 Season/Spring Playoffs_Round 1_3_4,2026-05-30 17:54:00,26.10,LEC 2026 Spring Playoffs,Natus Vincere,Karmine Corp,Karmine Corp,"[""Jayce"", ""Nocturne"", ""Skarner"", ""Vayne"", ""Gnar""]","[""Orianna"", ""Rumble"", ""Karma"", ""Aphelios"", ""Jhin""]","[""Pantheon"", ""Taliyah"", ""Alistar"", ""Miss Fortune"", ""Kennen""]","[""Xayah"", ""Rakan"", ""Ahri"", ""Renekton"", ""Olaf""]",[],[],0,leaguepedia_cargo_patch_range,1
CBLOL/2026 Season/Split 1 Playoffs_Round 3_1_3,2026-05-30 17:55:00,26.11,CBLOL 2026 Split 1 Playoffs,Fluxo W7M,LØS,Fluxo W7M,"[""Aatrox"", ""Akali"", ""Pantheon"", ""Trundle"", ""Yone""]","[""Orianna"", ""Varus"", ""Vayne"", ""Twisted Fate"", ""LeBlanc""]","[""Milio"", ""Lucian"", ""K'Sante"", ""Rek'Sai"", ""Ahri""]","[""Rumble"", ""Rakan"", ""Xayah"", ""Naafiri"", ""Zoe""]",[],[],1,leaguepedia_cargo_patch_range,0
Rift Legends/2026 Season/Spring Playoffs_Semifinals_1_3,2026-05-30 18:15:00,26.10,Rift Legends 2026 Spring Playoffs,Barcząca Esports,Bomba Team,Bomba Team,"[""Nautilus"", ""Varus"", ""Anivia"", ""Vayne"", ""Wukong""]","[""Karma"", ""Xin Zhao"", ""Aatrox"", ""Twisted Fate"", ""Ahri""]","[""Ashe"", ""Skarner"", ""Milio"", ""Viktor"", ""Ambessa""]","[""Seraphine"", ""Ryze"", ""Caitlyn"", ""Vi"", ""Akali""]",[],[],0,leaguepedia_cargo_patch_range,1
CBLOL/2026 Season/Split 1 Playoffs_Round 3_1_4,2026-05-30 18:44:00,26.11,CBLOL 2026 Split 1 Playoffs,Fluxo W7M,LØS,LØS,"[""Orianna"", ""Varus"", ""Trundle"", ""Vayne"", ""Yorick""]","[""Aatrox"", ""Seraphine"", ""LeBlanc"", ""Sylas"", ""Akali""]","[""Pantheon"", ""Jhin"", ""Rell"", ""Ambessa"", ""Taliyah""]","[""Skarner"", ""Alistar"", ""Tristana"", ""Aurora"", ""Kennen""]",[],[],0,leaguepedia_cargo_patch_range,1
CBLOL/2026 Season/Split 1 Playoffs_Round 3_1_5,2026-05-30 19:31:00,26.11,CBLOL 2026 Split 1 Playoffs,LØS,Fluxo W7M,LØS,"[""Orianna"", ""Varus"", ""Vayne"", ""Pyke"", ""Camille""]","[""Aatrox"", ""Seraphine"", ""Trundle"", ""Akali"", ""LeBlanc""]","[""Anivia"", ""Yunara"", ""Lulu"", ""Sylas"", ""Zaahen""]","[""Sejuani"", ""Corki"", ""Yone"", ""Neeko"", ""Galio""]",[],[],1,leaguepedia_cargo_patch_range,0
LCS/2026 Season/Spring Playoffs_Round 1_3_1,2026-05-30 20:10:00,26.11,LCS 2026 Spring Playoffs,FlyQuest,Sentinels,FlyQuest,"[""Varus"", ""Caitlyn"", ""Bard"", ""Anivia"", ""K'Sante""]","[""Orianna"", ""Cassiopeia"", ""Nocturne"", ""Jarvan IV"", ""Naafiri""]","[""Karma"", ""Ezreal"", ""Rumble"", ""Twisted Fate"", ""Skarner""]","[""Lee Sin"", ""Nautilus"", ""Jhin"", ""Ryze"", ""Ornn""]",[],[],1,leaguepedia_cargo_patch_range,0
LCS/2026 Season/Spring Playoffs_Round 1_3_2,2026-05-30 21:05:00,26.11,LCS 2026 Spring Playoffs,FlyQuest,Sentinels,FlyQuest,"[""Nocturne"", ""Varus"", ""Jarvan IV"", ""Shyvana"", ""Ambessa""]","[""Caitlyn"", ""Anivia"", ""Blitzcrank"", ""Vi"", ""Xin Zhao""]","[""Orianna"", ""Ashe"", ""Seraphine"", ""Naafiri"", ""Sion""]","[""Cassiopeia"", ""Lucian"", ""Milio"", ""Jayce"", ""Shen""]",[],[],1,leaguepedia_cargo_patch_range,0
LCS/2026 Season/Spring Playoffs_Round 1_3_3,2026-05-30 21:55:00,26.11,LCS 2026 Spring Playoffs,FlyQuest,Sentinels,FlyQuest,"[""Dr. Mundo"", ""Ambessa"", ""Nocturne"", ""Akali"", ""Sylas""]","[""Caitlyn"", ""Anivia"", ""Varus"", ""Blitzcrank"", ""Neeko""]","[""Jarvan IV"", ""Renekton"", ""Viktor"", ""Miss Fortune"", ""Bard""]","[""Lulu"", ""Shyvana"", ""Yunara"", ""Aurora"", ""K'Sante""]",[],[],1,leaguepedia_cargo_patch_range,0
LCK/2026 Season/Rounds 1-2_Week 9_9_1,2026-05-31 08:06:00,26.10,LCK 2026 Rounds 1-2,Hanwha Life Esports,HANJIN BRION,Hanwha Life Esports,"[""Varus"", ""Karma"", ""Jarvan IV"", ""Cassiopeia"", ""Sion""]","[""Ezreal"", ""Nocturne"", ""Rumble"", ""Mel"", ""Miss Fortune""]","[""Orianna"", ""Lee Sin"", ""Nautilus"", ""Ziggs"", ""Jayce""]","[""Bard"", ""Caitlyn"", ""Vi"", ""Viktor"", ""K'Sante""]",[],[],1,leaguepedia_cargo_patch_range,0
LCK/2026 Season/Rounds 1-2_Week 9_9_2,2026-05-31 09:03:00,26.10,LCK 2026 Rounds 1-2,Hanwha Life Esports,HANJIN BRION,Hanwha Life Esports,"[""Varus"", ""Xin Zhao"", ""Lucian"", ""Naafiri"", ""Vayne""]","[""Cassiopeia"", ""Nocturne"", ""Karma"", ""Aurora"", ""Rumble""]","[""Jarvan IV"", ""Ezreal"", ""Neeko"", ""Twisted Fate"", ""Taliyah""]","[""Ryze"", ""Ashe"", ""Seraphine"", ""Gnar"", ""Pantheon""]",[],[],1,leaguepedia_cargo_patch_range,0
LCP/2026 Season/Split 2 Playoffs_Round 3_1_1,2026-05-31 09:13:00,26.10,LCP 2026 Split 2 Playoffs,Deep Cross Gaming,Team Secret Whales,Team Secret Whales,"[""Varus"", ""Ezreal"", ""Akali"", ""Lucian"", ""Caitlyn""]","[""Lee Sin"", ""Nocturne"", ""Cassiopeia"", ""Bard"", ""Sivir""]","[""Jarvan IV"", ""Rumble"", ""Anivia"", ""Karma"", ""Yunara""]","[""Ryze"", ""Xin Zhao"", ""Ornn"", ""Jhin"", ""Skarner""]",[],[],0,leaguepedia_cargo_patch_range,1
LPL/2026 Season/Split 2 Playoffs_Round 2_1_1,2026-05-31 09:26:00,26.10,LPL 2026 Split 2 Playoffs,Top Esports,JD Gaming,JD Gaming,"[""Ezreal"", ""Varus"", ""Trundle"", ""Caitlyn"", ""Karma""]","[""Orianna"", ""Cassiopeia"", ""Ashe"", ""Renekton"", ""Nautilus""]","[""Rumble"", ""Vi"", ""Ahri"", ""Xayah"", ""Rakan""]","[""Ryze"", ""Lee Sin"", ""Ambessa"", ""Lucian"", ""Milio""]",[],[],0,leaguepedia_cargo_patch_range,1
LCP/2026 Season/Split 2 Playoffs_Round 3_1_2,2026-05-31 10:00:00,26.10,LCP 2026 Split 2 Playoffs,Team Secret Whales,Deep Cross Gaming,Deep Cross Gaming,"[""Lee Sin"", ""Nocturne"", ""Bard"", ""Shen"", ""Ambessa""]","[""Cassiopeia"", ""Lucian"", ""Varus"", ""Orianna"", ""Annie""]","[""Ezreal"", ""Neeko"", ""Naafiri"", ""Lissandra"", ""Sion""]","[""Vi"", ""Kai'Sa"", ""Ahri"", ""Camille"", ""Zaahen""]",[],[],0,leaguepedia_cargo_patch_range,1
Nexus League/2026 Season/Spring Playoffs_Round 1_2_1,2026-05-31 10:04:00,26.10,Nexus League 2026 Spring Playoffs,Project Conquerors,Lille Esport,Project Conquerors,"[""Jarvan IV"", ""Karma"", ""Seraphine"", ""Akali"", ""K'Sante""]","[""Orianna"", ""Bard"", ""Ezreal"", ""Syndra"", ""Viktor""]","[""Varus"", ""Nautilus"", ""Wukong"", ""Hwei"", ""Renekton""]","[""Pantheon"", ""Jhin"", ""Rell"", ""Cassiopeia"", ""Malphite""]",[],[],1,leaguepedia_cargo_patch_range,0
Hitpoint Masters/2026 Season/Spring Playoffs_Round 2_1_1,2026-05-31 10:10:00,26.10,Hitpoint Masters 2026 Spring Playoffs,eSuba,Meavedron,eSuba,"[""Lucian"", ""Jarvan IV"", ""Fiora"", ""Bard"", ""Leona""]","[""Orianna"", ""Ambessa"", ""Anivia"", ""Neeko"", ""Alistar""]","[""Mordekaiser"", ""Zyra"", ""Yasuo"", ""Ezreal"", ""Rell""]","[""Shen"", ""Wukong"", ""Ahri"", ""Caitlyn"", ""Nautilus""]",[],[],1,leaguepedia_cargo_patch_range,0
LPL/2026 Season/Split 2 Playoffs_Round 2_1_2,2026-05-31 10:14:00,26.10,LPL 2026 Split 2 Playoffs,JD Gaming,Top Esports,Top Esports,"[""Varus"", ""Ezreal"", ""Bard"", ""Ziggs"", ""Olaf""]","[""Orianna"", ""Cassiopeia"", ""Xin Zhao"", ""Naafiri"", ""Nocturne""]","[""Ashe"", ""Seraphine"", ""Akali"", ""Sion"", ""Wukong""]","[""Jarvan IV"", ""Annie"", ""Nautilus"", ""Mel"", ""Zaahen""]",[],[],0,leaguepedia_cargo_patch_range,1
LCK/2026 Season/Rounds 1-2_Week 9_10_1,2026-05-31 10:17:00,26.10,LCK 2026 Rounds 1-2,Nongshim RedForce,Dplus Kia,Dplus Kia,"[""Varus"", ""Nautilus"", ""Nocturne"", ""Xin Zhao"", ""Lee Sin""]","[""Cassiopeia"", ""Orianna"", ""Anivia"", ""Twisted Fate"", ""Annie""]","[""Karma"", ""Jarvan IV"", ""Jhin"", ""K'Sante"", ""Viktor""]","[""Ezreal"", ""Ryze"", ""Bard"", ""Rumble"", ""Naafiri""]",[],[],0,leaguepedia_cargo_patch_range,1
LCP/2026 Season/Split 2 Playoffs_Round 3_1_3,2026-05-31 10:54:00,26.10,LCP 2026 Split 2 Playoffs,Team Secret Whales,Deep Cross Gaming,Deep Cross Gaming,"[""Nocturne"", ""Vayne"", ""Varus"", ""Corki"", ""Xayah""]","[""Cassiopeia"", ""Akali"", ""Bard"", ""Ziggs"", ""Renekton""]","[""Lee Sin"", ""Nautilus"", ""Annie"", ""Senna"", ""Gnar""]","[""Rek'Sai"", ""Orianna"", ""Rell"", ""Miss Fortune"", ""Jayce""]",[],[],0,leaguepedia_cargo_patch_range,1
Hitpoint Masters/2026 Season/Spring Playoffs_Round 2_1_2,2026-05-31 10:58:00,26.10,Hitpoint Masters 2026 Spring Playoffs,eSuba,Meavedron,eSuba,"[""Lucian"", ""Jarvan IV"", ""Varus"", ""Fiora"", ""Viktor""]","[""Orianna"", ""Ambessa"", ""Vi"", ""Rumble"", ""Akali""]","[""Karma"", ""Xin Zhao"", ""Jhin"", ""K'Sante"", ""Aurora""]","[""Seraphine"", ""Ashe"", ""Skarner"", ""Syndra"", ""Zaahen""]",[],[],1,leaguepedia_cargo_patch_range,0
Nexus League/2026 Season/Spring Playoffs_Round 1_2_2,2026-05-31 10:58:00,26.10,Nexus League 2026 Spring Playoffs,Project Conquerors,Lille Esport,Project Conquerors,"[""Jarvan IV"", ""Karma"", ""Seraphine"", ""Akali"", ""Viktor""]","[""Orianna"", ""Bard"", ""Ezreal"", ""Sion"", ""Anivia""]","[""Caitlyn"", ""Trundle"", ""Lux"", ""Taliyah"", ""Gnar""]","[""Ashe"", ""Xin Zhao"", ""Milio"", ""Ryze"", ""Camille""]",[],[],1,leaguepedia_cargo_patch_range,0
LCK/2026 Season/Rounds 1-2_Week 9_10_2,2026-05-31 11:10:00,26.10,LCK 2026 Rounds 1-2,Dplus Kia,Nongshim RedForce,Dplus Kia,"[""Varus"", ""Vi"", ""Ashe"", ""Xin Zhao"", ""Wukong""]","[""Orianna"", ""Nocturne"", ""Lee Sin"", ""Nautilus"", ""Lulu""]","[""Cassiopeia"", ""Pantheon"", ""Jayce"", ""Corki"", ""Nami""]","[""Lucian"", ""Anivia"", ""Milio"", ""Skarner"", ""Sion""]",[],[],1,leaguepedia_cargo_patch_range,0
LPL/2026 Season/Split 2 Playoffs_Round 2_1_3,2026-05-31 11:10:00,26.10,LPL 2026 Split 2 Playoffs,Top Esports,JD Gaming,Top Esports,"[""Varus"", ""Bard"", ""Twisted Fate"", ""K'Sante"", ""Olaf""]","[""Orianna"", ""Cassiopeia"", ""Trundle"", ""Maokai"", ""Xin Zhao""]","[""Karma"", ""Sivir"", ""Jayce"", ""Aurora"", ""Skarner""]","[""Ezreal"", ""Nocturne"", ""Neeko"", ""Viktor"", ""Tryndamere""]",[],[],1,leaguepedia_cargo_patch_range,0
Hitpoint Masters/2026 Season/Spring Playoffs_Round 2_1_3,2026-05-31 11:33:00,26.10,Hitpoint Masters 2026 Spring Playoffs,eSuba,Meavedron,eSuba,"[""Lucian"", ""Jarvan IV"", ""Fiora"", ""Viktor"", ""Akali""]","[""Orianna"", ""Ambessa"", ""Naafiri"", ""Jax"", ""Sion""]","[""Varus"", ""Rengar"", ""Leona"", ""Mel"", ""Quinn""]","[""Viego"", ""Miss Fortune"", ""Alistar"", ""Sylas"", ""Hwei""]",[],[],1,leaguepedia_cargo_patch_range,0
LCP/2026 Season/Split 2 Playoffs_Round 3_1_4,2026-05-31 11:44:00,26.10,LCP 2026 Split 2 Playoffs,Team Secret Whales,Deep Cross Gaming,Team Secret Whales,"[""Akali"", ""Lucian"", ""Pyke"", ""Trundle"", ""Shen""]","[""Cassiopeia"", ""Nocturne"", ""Varus"", ""Twisted Fate"", ""Zoe""]","[""Bard"", ""Jinx"", ""Pantheon"", ""Renekton"", ""Mel""]","[""Caitlyn"", ""Elise"", ""Aurora"", ""Olaf"", ""Volibear""]",[],[],1,leaguepedia_cargo_patch_range,0
Nexus League/2026 Season/Spring Playoffs_Round 1_2_3,2026-05-31 11:51:00,26.10,Nexus League 2026 Spring Playoffs,Lille Esport,Project Conquerors,Project Conquerors,"[""Bard"", ""Anivia"", ""Lulu"", ""Miss Fortune"", ""Yunara""]","[""Jarvan IV"", ""Ezreal"", ""Akali"", ""Vi"", ""Naafiri""]","[""Orianna"", ""Karma"", ""Sivir"", ""Sylas"", ""K'Sante""]","[""Seraphine"", ""Nocturne"", ""Viktor"", ""Alistar"", ""Vayne""]",[],[],0,leaguepedia_cargo_patch_range,1
LPL/2026 Season/Split 2 Playoffs_Round 2_1_4,2026-05-31 12:11:00,26.10,LPL 2026 Split 2 Playoffs,JD Gaming,Top Esports,Top Esports,"[""Vayne"", ""Yone"", ""Varus"", ""Camille"", ""Olaf""]","[""Orianna"", ""Bard"", ""Naafiri"", ""Elise"", ""Lux""]","[""Cassiopeia"", ""Maokai"", ""Caitlyn"", ""Renekton"", ""Morgana""]","[""Trundle"", ""Hwei"", ""Ziggs"", ""Alistar"", ""Gnar""]",[],[],0,leaguepedia_cargo_patch_range,1
LCP/2026 Season/Split 2 Playoffs_Round 3_1_5,2026-05-31 12:32:00,26.10,LCP 2026 Split 2 Playoffs,Team Secret Whales,Deep Cross Gaming,Team Secret Whales,"[""Lucian"", ""Shen"", ""Akali"", ""Sylas"", ""Kha'Zix""]","[""Varus"", ""Nocturne"", ""Cassiopeia"", ""Seraphine"", ""Zeri""]","[""Twisted Fate"", ""Trundle"", ""Jax"", ""Lulu"", ""Tristana""]","[""Xayah"", ""Rakan"", ""Gragas"", ""Qiyana"", ""Vex""]",[],[],1,leaguepedia_cargo_patch_range,0
Prime League 2nd Division/2026 Season/Spring Split_Week 5_10_1,2026-05-31 13:11:00,26.10,PRM 2nd Division 25-26 Spring,LOOKSMAXXER,DKB XPERION NXT,DKB XPERION NXT,[],[],[],[],[],[],0,leaguepedia_cargo_patch_range,1
Prime League 2nd Division/2026 Season/Spring Split_Week 5_9_1,2026-05-31 13:11:00,26.10,PRM 2nd Division 25-26 Spring,Locked In (Dutch Team),Reveal Multigaming,Reveal Multigaming,[],[],[],[],[],[],0,leaguepedia_cargo_patch_range,1
Prime League 2nd Division/2026 Season/Spring Split_Week 5_10_2,2026-05-31 13:56:00,26.10,PRM 2nd Division 25-26 Spring,LOOKSMAXXER,DKB XPERION NXT,DKB XPERION NXT,[],[],[],[],[],[],0,leaguepedia_cargo_patch_range,1
Prime League 2nd Division/2026 Season/Spring Split_Week 5_9_2,2026-05-31 14:27:00,26.10,PRM 2nd Division 25-26 Spring,Reveal Multigaming,Locked In (Dutch Team),Reveal Multigaming,[],[],[],[],[],[],1,leaguepedia_cargo_patch_range,0
LEC/2026 Season/Spring Playoffs_Round 1_4_1,2026-05-31 15:07:00,26.10,LEC 2026 Spring Playoffs,Team Vitality,GIANTX,GIANTX,"[""Varus"", ""Nautilus"", ""Ezreal"", ""Akali"", ""Anivia""]","[""Orianna"", ""Pantheon"", ""Jarvan IV"", ""Vi"", ""Wukong""]","[""Caitlyn"", ""Bard"", ""Cassiopeia"", ""Rumble"", ""Aatrox""]","[""Ashe"", ""Seraphine"", ""Xin Zhao"", ""Viktor"", ""K'Sante""]",[],[],0,leaguepedia_cargo_patch_range,1
Rift Legends/2026 Season/Spring Playoffs_Finals_1_1,2026-05-31 15:07:00,26.10,Rift Legends 2026 Spring Playoffs,Forsaken (Polish Team),Bomba Team,Forsaken (Polish Team),"[""Nautilus"", ""Varus"", ""Ryze"", ""Nami"", ""Neeko""]","[""Karma"", ""Orianna"", ""Bard"", ""Caitlyn"", ""Yunara""]","[""Cassiopeia"", ""Wukong"", ""Rumble"", ""Ashe"", ""Seraphine""]","[""Ezreal"", ""Jarvan IV"", ""Aurora"", ""Brand"", ""Rell""]",[],[],1,leaguepedia_cargo_patch_range,0
Prime League 2nd Division/2026 Season/Spring Split_Week 5_12_1,2026-05-31 15:39:00,26.10,PRM 2nd Division 25-26 Spring,Spongecord prime,regnum4games,regnum4games,[],[],[],[],[],[],0,leaguepedia_cargo_patch_range,1
Prime League 2nd Division/2026 Season/Spring Split_Week 5_11_1,2026-05-31 15:45:00,26.10,PRM 2nd Division 25-26 Spring,CGN Esports,Babos Gaming,CGN Esports,[],[],[],[],[],[],1,leaguepedia_cargo_patch_range,0
LEC/2026 Season/Spring Playoffs_Round 1_4_2,2026-05-31 16:09:00,26.10,LEC 2026 Spring Playoffs,Team Vitality,GIANTX,GIANTX,"[""Pantheon"", ""Anivia"", ""Lucian"", ""Ryze"", ""Gnar""]","[""Orianna"", ""Nocturne"", ""Kai'Sa"", ""Akali"", ""Ahri""]","[""Ezreal"", ""Karma"", ""Vi"", ""Taliyah"", ""Jax""]","[""Varus"", ""Jarvan IV"", ""Nautilus"", ""Annie"", ""Renekton""]",[],[],0,leaguepedia_cargo_patch_range,1
Rift Legends/2026 Season/Spring Playoffs_Finals_1_2,2026-05-31 16:09:00,26.10,Rift Legends 2026 Spring Playoffs,Forsaken (Polish Team),Bomba Team,Bomba Team,"[""Nautilus"", ""Varus"", ""Bard"", ""Ryze"", ""Vayne""]","[""Karma"", ""Orianna"", ""Pantheon"", ""Azir"", ""Sion""]","[""Xin Zhao"", ""Yunara"", ""Lulu"", ""Sylas"", ""K'Sante""]","[""Caitlyn"", ""Nocturne"", ""Neeko"", ""Ahri"", ""Olaf""]",[],[],0,leaguepedia_cargo_patch_range,1
CBLOL/2026 Season/Split 1 Playoffs_Round 4_2_1,2026-05-31 16:11:00,26.11,CBLOL 2026 Split 1 Playoffs,LØS,RED Canids,LØS,"[""Varus"", ""Orianna"", ""Cassiopeia"", ""Vayne"", ""Gnar""]","[""Jarvan IV"", ""Rumble"", ""Nautilus"", ""Anivia"", ""Lee Sin""]","[""Bard"", ""Ezreal"", ""Sion"", ""Vi"", ""Ahri""]","[""Ryze"", ""Nocturne"", ""Sivir"", ""Aatrox"", ""Rakan""]",[],[],1,leaguepedia_cargo_patch_range,0
Prime League 2nd Division/2026 Season/Spring Split_Week 5_12_2,2026-05-31 16:30:00,26.10,PRM 2nd Division 25-26 Spring,regnum4games,Spongecord prime,regnum4games,[],[],[],[],[],[],1,leaguepedia_cargo_patch_range,0
Prime League 2nd Division/2026 Season/Spring Split_Week 5_11_2,2026-05-31 16:31:00,26.10,PRM 2nd Division 25-26 Spring,CGN Esports,Babos Gaming,CGN Esports,[],[],[],[],[],[],1,leaguepedia_cargo_patch_range,0
CBLOL/2026 Season/Split 1 Playoffs_Round 4_2_2,2026-05-31 17:02:00,26.11,CBLOL 2026 Split 1 Playoffs,LØS,RED Canids,LØS,"[""Jarvan IV"", ""Varus"", ""Caitlyn"", ""Nautilus"", ""Seraphine""]","[""Orianna"", ""Cassiopeia"", ""Jayce"", ""Taliyah"", ""Galio""]","[""Rumble"", ""Pantheon"", ""Alistar"", ""Senna"", ""Aurora""]","[""Yorick"", ""Lee Sin"", ""Annie"", ""Lucian"", ""Milio""]",[],[],1,leaguepedia_cargo_patch_range,0
Rift Legends/2026 Season/Spring Playoffs_Finals_1_3,2026-05-31 17:06:00,26.10,Rift Legends 2026 Spring Playoffs,Bomba Team,Forsaken (Polish Team),Forsaken (Polish Team),"[""Nautilus"", ""Azir"", ""Pantheon"", ""Sion"", ""Renekton""]","[""Orianna"", ""Karma"", ""Bard"", ""Vi"", ""Jayce""]","[""Ryze"", ""Lucian"", ""Milio"", ""Skarner"", ""Gnar""]","[""Corki"", ""Nami"", ""Viktor"", ""Aatrox"", ""Varus""]",[],[],0,leaguepedia_cargo_patch_range,1
LEC/2026 Season/Spring Playoffs_Round 1_4_3,2026-05-31 17:09:00,26.10,LEC 2026 Spring Playoffs,Team Vitality,GIANTX,GIANTX,"[""Pantheon"", ""Ryze"", ""Lulu"", ""Vayne"", ""Gnar""]","[""Sion"", ""Orianna"", ""Nocturne"", ""Azir"", ""Mel""]","[""Lucian"", ""Nami"", ""Skarner"", ""Olaf"", ""Anivia""]","[""Rakan"", ""Wukong"", ""Xayah"", ""Twisted Fate"", ""Akali""]",[],[],0,leaguepedia_cargo_patch_range,1
CBLOL/2026 Season/Split 1 Playoffs_Round 4_2_3,2026-05-31 17:56:00,26.11,CBLOL 2026 Split 1 Playoffs,LØS,RED Canids,LØS,"[""Jarvan IV"", ""Caitlyn"", ""Jayce"", ""Jhin"", ""Vayne""]","[""Orianna"", ""Cassiopeia"", ""Varus"", ""Syndra"", ""Zoe""]","[""Naafiri"", ""Neeko"", ""Corki"", ""Renekton"", ""Viktor""]","[""Twisted Fate"", ""Trundle"", ""Rell"", ""Mel"", ""Gnar""]",[],[],1,leaguepedia_cargo_patch_range,0
Rift Legends/2026 Season/Spring Playoffs_Finals_1_4,2026-05-31 18:25:00,26.10,Rift Legends 2026 Spring Playoffs,Bomba Team,Forsaken (Polish Team),Forsaken (Polish Team),"[""Nautilus"", ""Azir"", ""Sion"", ""Leona"", ""Karma""]","[""Orianna"", ""Akali"", ""Vayne"", ""Sivir"", ""Ziggs""]","[""Pantheon"", ""Bard"", ""Jayce"", ""Syndra"", ""Smolder""]","[""Trundle"", ""Jhin"", ""Malphite"", ""Rakan"", ""LeBlanc""]",[],[],0,leaguepedia_cargo_patch_range,1
LCS/2026 Season/Spring Playoffs_Round 1_4_1,2026-05-31 20:08:00,26.11,LCS 2026 Spring Playoffs,Shopify Rebellion,Team Liquid,Team Liquid,"[""Jarvan IV"", ""Annie"", ""Varus"", ""Seraphine"", ""Ezreal""]","[""Lee Sin"", ""Ryze"", ""Nocturne"", ""Nautilus"", ""Karma""]","[""Orianna"", ""Naafiri"", ""Ornn"", ""Xayah"", ""Rakan""]","[""Rumble"", ""Galio"", ""Wukong"", ""Lucian"", ""Milio""]",[],[],0,leaguepedia_cargo_patch_range,1
LCS/2026 Season/Spring Playoffs_Round 1_4_2,2026-05-31 21:02:00,26.11,LCS 2026 Spring Playoffs,Team Liquid,Shopify Rebellion,Team Liquid,"[""Lee Sin"", ""Yone"", ""Cassiopeia"", ""Vi"", ""Jayce""]","[""Varus"", ""Jarvan IV"", ""Karma"", ""Olaf"", ""Sion""]","[""Ezreal"", ""Neeko"", ""Anivia"", ""Kha'Zix"", ""Renekton""]","[""Ryze"", ""Bard"", ""Caitlyn"", ""Nocturne"", ""Shen""]",[],[],1,leaguepedia_cargo_patch_range,0
LCS/2026 Season/Spring Playoffs_Round 1_4_3,2026-05-31 21:55:00,26.11,LCS 2026 Spring Playoffs,Team Liquid,Shopify Rebellion,Team Liquid,"[""Lee Sin"", ""Yone"", ""Cassiopeia"", ""Annie"", ""Yorick""]","[""Varus"", ""Jarvan IV"", ""Olaf"", ""Jayce"", ""Twisted Fate""]","[""Xin Zhao"", ""Pyke"", ""Mel"", ""Sejuani"", ""Sion""]","[""Seraphine"", ""Ashe"", ""Pantheon"", ""Akali"", ""Zaahen""]",[],[],1,leaguepedia_cargo_patch_range,0
PCS/2026 Season/Spring Season_Playoffs Round 4_1_1,2026-06-01 09:05:00,26.10,PCS 2026 Spring,CTBC Flying Oyster Academy,Frank Esports,Frank Esports,"[""Irelia"", ""Varus"", ""Nocturne"", ""Ezreal"", ""Lucian""]","[""Rumble"", ""Orianna"", ""Karma"", ""Ashe"", ""Caitlyn""]","[""Cassiopeia"", ""Vi"", ""Ambessa"", ""Smolder"", ""Alistar""]","[""Jarvan IV"", ""Anivia"", ""K'Sante"", ""Senna"", ""Poppy""]",[],[],0,leaguepedia_cargo_patch_range,1
LPL/2026 Season/Split 2 Playoffs_Round 2_2_1,2026-06-01 09:15:00,26.10,LPL 2026 Split 2 Playoffs,Anyone's Legend,Team WE,Team WE,"[""Nocturne"", ""Varus"", ""Jarvan IV"", ""Akali"", ""Yorick""]","[""Rumble"", ""Ezreal"", ""Sion"", ""Naafiri"", ""Olaf""]","[""Orianna"", ""Lucian"", ""Milio"", ""Jayce"", ""Wukong""]","[""Ashe"", ""Seraphine"", ""Vi"", ""Ryze"", ""Vayne""]",[],[],0,leaguepedia_cargo_patch_range,1
PCS/2026 Season/Spring Season_Playoffs Round 4_1_2,2026-06-01 09:53:00,26.10,PCS 2026 Spring,CTBC Flying Oyster Academy,Frank Esports,CTBC Flying Oyster Academy,"[""Irelia"", ""Varus"", ""Nautilus"", ""Nocturne"", ""Pantheon""]","[""Rumble"", ""Renekton"", ""Orianna"", ""Sivir"", ""Jhin""]","[""Karma"", ""Azir"", ""Jayce"", ""Yunara"", ""Maokai""]","[""Ezreal"", ""Ryze"", ""Bard"", ""Lee Sin"", ""Sion""]",[],[],1,leaguepedia_cargo_patch_range,0
LPL/2026 Season/Split 2 Playoffs_Round 2_2_2,2026-06-01 10:11:00,26.10,LPL 2026 Split 2 Playoffs,Team WE,Anyone's Legend,Team WE,"[""Nocturne"", ""Varus"", ""Jarvan IV"", ""Shen"", ""Ambessa""]","[""Rumble"", ""Karma"", ""Akali"", ""Annie"", ""Bard""]","[""Ezreal"", ""Naafiri"", ""Sion"", ""Neeko"", ""Ahri""]","[""Cassiopeia"", ""Nami"", ""Corki"", ""Rek'Sai"", ""Trundle""]",[],[],1,leaguepedia_cargo_patch_range,0
PCS/2026 Season/Spring Season_Playoffs Round 4_1_3,2026-06-01 10:40:00,26.10,PCS 2026 Spring,CTBC Flying Oyster Academy,Frank Esports,CTBC Flying Oyster Academy,"[""Irelia"", ""Varus"", ""Nautilus"", ""Nocturne"", ""Annie""]","[""Rumble"", ""Renekton"", ""Orianna"", ""Xin Zhao"", ""Viktor""]","[""Lucian"", ""Gnar"", ""Nami"", ""Sejuani"", ""Hwei""]","[""Xayah"", ""Rakan"", ""Camille"", ""Wukong"", ""Galio""]",[],[],1,leaguepedia_cargo_patch_range,0
LPL/2026 Season/Split 2 Playoffs_Round 2_2_3,2026-06-01 11:08:00,26.10,LPL 2026 Split 2 Playoffs,Anyone's Legend,Team WE,Team WE,"[""Karma"", ""Olaf"", ""Akali"", ""Caitlyn"", ""Jhin""]","[""Nocturne"", ""Varus"", ""Jarvan IV"", ""Alistar"", ""Miss Fortune""]","[""Rumble"", ""Twisted Fate"", ""Lee Sin"", ""Kai'Sa"", ""Galio""]","[""Annie"", ""K'Sante"", ""Bard"", ""Sivir"", ""Xin Zhao""]",[],[],0,leaguepedia_cargo_patch_range,1
PCS/2026 Season/Spring Season_Playoffs Round 3_1_1,2026-06-01 11:29:00,26.10,PCS 2026 Spring,SillySilly Gaming,Shadow Keepers Esports,SillySilly Gaming,"[""Aurora"", ""Karma"", ""Nocturne"", ""Jarvan IV"", ""Wukong""]","[""Rengar"", ""Annie"", ""Varus"", ""Caitlyn"", ""Lulu""]","[""Cassiopeia"", ""Vi"", ""Rumble"", ""Miss Fortune"", ""Nautilus""]","[""Lucian"", ""Viktor"", ""Milio"", ""Kindred"", ""Ornn""]",[],[],1,leaguepedia_cargo_patch_range,0
PCS/2026 Season/Spring Season_Playoffs Round 3_1_2,2026-06-01 12:08:00,26.10,PCS 2026 Spring,SillySilly Gaming,Shadow Keepers Esports,Shadow Keepers Esports,"[""Aurora"", ""Karma"", ""Nocturne"", ""Ezreal"", ""Tristana""]","[""Rengar"", ""Annie"", ""Varus"", ""Sivir"", ""Draven""]","[""Jarvan IV"", ""Renekton"", ""Orianna"", ""Ashe"", ""Seraphine""]","[""Ryze"", ""Lee Sin"", ""Gnar"", ""Corki"", ""Nami""]",[],[],0,leaguepedia_cargo_patch_range,1
PCS/2026 Season/Spring Season_Playoffs Round 3_1_3,2026-06-01 12:59:00,26.10,PCS 2026 Spring,SillySilly Gaming,Shadow Keepers Esports,SillySilly Gaming,"[""Karma"", ""Aurora"", ""Ambessa"", ""Lulu"", ""Poppy""]","[""Rengar"", ""Annie"", ""Varus"", ""Jax"", ""Rakan""]","[""Ezreal"", ""Wukong"", ""Ahri"", ""Olaf"", ""Alistar""]","[""Tristana"", ""Naafiri"", ""Twisted Fate"", ""Leona"", ""Camille""]",[],[],1,leaguepedia_cargo_patch_range,0
LEC/2026 Season/Spring Playoffs_Round 2_1_1,2026-06-01 15:08:00,26.10,LEC 2026 Spring Playoffs,Karmine Corp,GIANTX,Karmine Corp,"[""Cassiopeia"", ""Bard"", ""Varus"", ""Vayne"", ""Jayce""]","[""Orianna"", ""Anivia"", ""Nautilus"", ""Taliyah"", ""Annie""]","[""Jarvan IV"", ""Mel"", ""Shen"", ""Olaf"", ""Azir""]","[""Ashe"", ""Seraphine"", ""Ryze"", ""Gnar"", ""Vi""]",[],[],1,leaguepedia_cargo_patch_range,0
LEC/2026 Season/Spring Playoffs_Round 2_1_2,2026-06-01 16:06:00,26.10,LEC 2026 Spring Playoffs,Karmine Corp,GIANTX,Karmine Corp,"[""Nautilus"", ""Varus"", ""Cassiopeia"", ""Ornn"", ""Viktor""]","[""Orianna"", ""Bard"", ""Anivia"", ""Naafiri"", ""Trundle""]","[""Rumble"", ""Sivir"", ""Lulu"", ""Taliyah"", ""Pantheon""]","[""Ezreal"", ""Karma"", ""Xin Zhao"", ""K'Sante"", ""Ahri""]",[],[],1,leaguepedia_cargo_patch_range,0
NLC/2026 Season/Spring Playoffs_Round 2_1_1,2026-06-01 16:06:00,26.11,NLC 2026 Spring Playoffs,Arctic Pandas,Ruddy Corporation,Ruddy Corporation,"[""Aurora"", ""Sion"", ""Karma"", ""Vex"", ""Mel""]","[""Anivia"", ""Orianna"", ""Jayce"", ""Kai'Sa"", ""Ryze""]","[""Rumble"", ""Nautilus"", ""Wukong"", ""Senna"", ""Yone""]","[""Jarvan IV"", ""Seraphine"", ""Ezreal"", ""Ornn"", ""Syndra""]",[],[],0,leaguepedia_cargo_patch_range,1
Prime League 2nd Division/2026 Season/Spring Split_Week 6_2_1,2026-06-01 16:10:00,26.10,PRM 2nd Division 25-26 Spring,Team Rift,MT1 Esports,Team Rift,[],[],[],[],[],[],1,leaguepedia_cargo_patch_range,0
Prime League 2nd Division/2026 Season/Spring Split_Week 6_1_1,2026-06-01 16:24:00,26.10,PRM 2nd Division 25-26 Spring,PvB (Swiss Team),All for One Gaming,All for One Gaming,[],[],[],[],[],[],0,leaguepedia_cargo_patch_range,1
LEC/2026 Season/Spring Playoffs_Round 2_1_3,2026-06-01 16:56:00,26.10,LEC 2026 Spring Playoffs,Karmine Corp,GIANTX,Karmine Corp,"[""Nautilus"", ""Varus"", ""Nocturne"", ""Akali"", ""Skarner""]","[""Caitlyn"", ""Orianna"", ""Bard"", ""Naafiri"", ""Trundle""]","[""Lucian"", ""Nami"", ""Anivia"", ""Sion"", ""Lee Sin""]","[""Milio"", ""Cassiopeia"", ""Aphelios"", ""Sejuani"", ""Kled""]",[],[],1,leaguepedia_cargo_patch_range,0
NLC/2026 Season/Spring Playoffs_Round 2_1_2,2026-06-01 16:59:00,26.11,NLC 2026 Spring Playoffs,Ruddy Corporation,Arctic Pandas,Ruddy Corporation,"[""Anivia"", ""Bard"", ""Jayce"", ""Skarner"", ""Nocturne""]","[""Aurora"", ""Sion"", ""Orianna"", ""Viktor"", ""Kassadin""]","[""Karma"", ""Xin Zhao"", ""Ashe"", ""Ahri"", ""Gragas""]","[""Lucian"", ""Milio"", ""Cassiopeia"", ""Vi"", ""Gnar""]",[],[],1,leaguepedia_cargo_patch_range,0
Prime League 2nd Division/2026 Season/Spring Split_Week 6_2_2,2026-06-01 17:04:00,26.10,PRM 2nd Division 25-26 Spring,MT1 Esports,Team Rift,MT1 Esports,[],[],[],[],[],[],1,leaguepedia_cargo_patch_range,0
Prime League 2nd Division/2026 Season/Spring Split_Week 6_1_2,2026-06-01 17:23:00,26.10,PRM 2nd Division 25-26 Spring,All for One Gaming,PvB (Swiss Team),All for One Gaming,[],[],[],[],[],[],1,leaguepedia_cargo_patch_range,0
Prime League 2nd Division/2026 Season/Spring Split_Week 6_2_3,2026-06-01 17:56:00,26.10,PRM 2nd Division 25-26 Spring,MT1 Esports,Team Rift,MT1 Esports,[],[],[],[],[],[],1,leaguepedia_cargo_patch_range,0
NLC/2026 Season/Spring Playoffs_Round 2_2_1,2026-06-01 18:06:00,26.11,NLC 2026 Spring Playoffs,Deer Gaming,Verdant,Verdant,"[""Varus"", ""Cassiopeia"", ""Xin Zhao"", ""Aurora""]","[""Orianna"", ""Karma"", ""Nocturne"", ""Syndra"", ""Mel""]","[""Lucian"", ""Jarvan IV"", ""Milio"", ""Sion"", ""Sylas""]","[""Ashe"", ""Seraphine"", ""Naafiri"", ""Ahri"", ""Zaahen""]",[],[],0,leaguepedia_cargo_patch_range,1
Prime League 2nd Division/2026 Season/Spring Split_Week 6_3_1,2026-06-01 18:40:00,26.10,PRM 2nd Division 25-26 Spring,TeamOrangeGaming Academy,AceGaming,AceGaming,[],[],[],[],[],[],0,leaguepedia_cargo_patch_range,1
Prime League 2nd Division/2026 Season/Spring Split_Week 6_4_1,2026-06-01 18:42:00,26.10,PRM 2nd Division 25-26 Spring,Circus Kittens,Hannover Esports e.V.,Hannover Esports e.V.,[],[],[],[],[],[],0,leaguepedia_cargo_patch_range,1
NLC/2026 Season/Spring Playoffs_Round 2_2_2,2026-06-01 18:58:00,26.11,NLC 2026 Spring Playoffs,Verdant,Deer Gaming,Verdant,"[""Nocturne"", ""Syndra"", ""Ambessa"", ""Kai'Sa"", ""Yunara""]","[""Cassiopeia"", ""Varus"", ""Orianna"", ""Viktor"", ""Hwei""]","[""Karma"", ""Ezreal"", ""Skarner"", ""Gangplank"", ""Akali""]","[""Anivia"", ""Pantheon"", ""Nautilus"", ""Zeri"", ""Aatrox""]",[],[],1,leaguepedia_cargo_patch_range,0
Prime League 2nd Division/2026 Season/Spring Split_Week 6_3_2,2026-06-01 19:33:00,26.10,PRM 2nd Division 25-26 Spring,AceGaming,TeamOrangeGaming Academy,TeamOrangeGaming Academy,[],[],[],[],[],[],0,leaguepedia_cargo_patch_range,1
Prime League 2nd Division/2026 Season/Spring Split_Week 6_4_2,2026-06-01 19:52:00,26.10,PRM 2nd Division 25-26 Spring,Hannover Esports e.V.,Circus Kittens,Hannover Esports e.V.,[],[],[],[],[],[],1,leaguepedia_cargo_patch_range,0
Circuito Desafiante/2026 Season/Split 1 Playoffs_Finals_1_1,2026-06-01 20:21:00,26.11,CD 2026 Split 1 Playoffs,KaBuM! Ilha das Lendas,Vivo Keyd Stars Academy,KaBuM! Ilha das Lendas,"[""Varus"", ""Bard"", ""Vi"", ""Wukong"", ""Jarvan IV""]","[""Ezreal"", ""Karma"", ""Orianna"", ""Akali"", ""Aurora""]","[""Nocturne"", ""Lucian"", ""Yuumi"", ""Anivia"", ""Sion""]","[""Milio"", ""Cassiopeia"", ""Tristana"", ""Pantheon"", ""Aatrox""]",[],[],1,leaguepedia_cargo_patch_range,0
Prime League 2nd Division/2026 Season/Spring Split_Week 6_3_3,2026-06-01 20:32:00,26.10,PRM 2nd Division 25-26 Spring,TeamOrangeGaming Academy,AceGaming,TeamOrangeGaming Academy,[],[],[],[],[],[],1,leaguepedia_cargo_patch_range,0
Circuito Desafiante/2026 Season/Split 1 Playoffs_Finals_1_2,2026-06-01 21:17:00,26.11,CD 2026 Split 1 Playoffs,KaBuM! Ilha das Lendas,Vivo Keyd Stars Academy,Vivo Keyd Stars Academy,"[""Varus"", ""Jayce"", ""Nautilus"", ""Orianna"", ""Annie""]","[""Ezreal"", ""Karma"", ""Caitlyn"", ""K'Sante"", ""Jarvan IV""]","[""Bard"", ""Jhin"", ""Ryze"", ""Wukong"", ""Galio""]","[""Rumble"", ""Ashe"", ""Seraphine"", ""Ahri"", ""Xin Zhao""]",[],[],0,leaguepedia_cargo_patch_range,1
Circuito Desafiante/2026 Season/Split 1 Playoffs_Finals_1_3,2026-06-01 22:07:00,26.11,CD 2026 Split 1 Playoffs,KaBuM! Ilha das Lendas,Vivo Keyd Stars Academy,KaBuM! Ilha das Lendas,"[""Ezreal"", ""Caitlyn"", ""Varus"", ""Vayne"", ""Annie""]","[""Jayce"", ""Orianna"", ""Karma"", ""Nautilus"", ""Rell""]","[""Aurora"", ""Lee Sin"", ""Corki"", ""Gnar"", ""Leona""]","[""Yunara"", ""Jarvan IV"", ""Lulu"", ""Viktor"", ""Jax""]",[],[],1,leaguepedia_cargo_patch_range,0
Circuito Desafiante/2026 Season/Split 1 Playoffs_Finals_1_4,2026-06-01 23:02:00,26.11,CD 2026 Split 1 Playoffs,KaBuM! Ilha das Lendas,Vivo Keyd Stars Academy,Vivo Keyd Stars Academy,"[""Jayce"", ""Akali"", ""Varus"", ""Vayne"", ""Sivir""]","[""Ezreal"", ""Caitlyn"", ""Karma"", ""Olaf"", ""Malphite""]","[""Orianna"", ""Xayah"", ""Rakan"", ""Renekton"", ""Vi""]","[""Annie"", ""Naafiri"", ""Nautilus"", ""Ziggs"", ""K'Sante""]",[],[],0,leaguepedia_cargo_patch_range,1
Liga Regional Norte/2026 Season/Split 1 Playoffs_Round 3_2_1,2026-06-01 23:12:00,26.11,LRN 2026 Split 1 Playoffs,G3V E-sports,SDM Tigres,G3V E-sports,"[""Akali"", ""Ezreal"", ""Trundle"", ""Jarvan IV"", ""Miss Fortune""]","[""Varus"", ""Nocturne"", ""Orianna"", ""Bard"", ""Karma""]","[""Vi"", ""K'Sante"", ""Cassiopeia"", ""Kai'Sa"", ""Alistar""]","[""Rumble"", ""Nautilus"", ""Viktor"", ""Nasus"", ""Xayah""]",[],[],1,leaguepedia_cargo_patch_range,0
Circuito Desafiante/2026 Season/Split 1 Playoffs_Finals_1_5,2026-06-01 23:58:00,26.11,CD 2026 Split 1 Playoffs,KaBuM! Ilha das Lendas,Vivo Keyd Stars Academy,Vivo Keyd Stars Academy,"[""Ezreal"", ""Caitlyn"", ""Karma"", ""Poppy"", ""Olaf""]","[""Jayce"", ""Maokai"", ""Mel"", ""LeBlanc"", ""Azir""]","[""Varus"", ""Qiyana"", ""Alistar"", ""Jinx"", ""Taliyah""]","[""Twisted Fate"", ""Trundle"", ""Sivir"", ""Zilean"", ""Yorick""]",[],[],0,leaguepedia_cargo_patch_range,1
Liga Regional Norte/2026 Season/Split 1 Playoffs_Round 3_2_2,2026-06-02 00:14:00,26.11,LRN 2026 Split 1 Playoffs,G3V E-sports,SDM Tigres,G3V E-sports,"[""Akali"", ""Ezreal"", ""Caitlyn"", ""Aurora""]","[""Varus"", ""Orianna"", ""Nocturne"", ""Gnar"", ""Vayne""]","[""Lucian"", ""Jarvan IV"", ""Milio"", ""Ryze"", ""Jayce""]","[""Pantheon"", ""Karma"", ""Renekton"", ""Jhin"", ""Azir""]",[],[],1,leaguepedia_cargo_patch_range,0
Liga Regional Norte/2026 Season/Split 1 Playoffs_Round 3_2_3,2026-06-02 01:11:00,26.11,LRN 2026 Split 1 Playoffs,G3V E-sports,SDM Tigres,SDM Tigres,"[""Varus"", ""Aatrox"", ""Orianna"", ""Vayne"", ""Aurora""]","[""Neeko"", ""Nocturne"", ""Akali"", ""Sion"", ""LeBlanc""]","[""Ezreal"", ""Xin Zhao"", ""Bard"", ""Ahri"", ""Ambessa""]","[""Wukong"", ""Rakan"", ""Sivir"", ""Annie"", ""Gnar""]",[],[],0,leaguepedia_cargo_patch_range,1
Liga Regional Norte/2026 Season/Split 1 Playoffs_Round 3_2_4,2026-06-02 02:01:00,26.11,LRN 2026 Split 1 Playoffs,SDM Tigres,G3V E-sports,SDM Tigres,"[""Akali"", ""LeBlanc"", ""Neeko"", ""Mel"", ""Twisted Fate""]","[""Orianna"", ""Aurora"", ""Nocturne"", ""Seraphine"", ""Thresh""]","[""Varus"", ""Lee Sin"", ""Anivia"", ""Braum"", ""Aphelios""]","[""Caitlyn"", ""Trundle"", ""Rell"", ""Taliyah"", ""Yasuo""]",[],[],1,leaguepedia_cargo_patch_range,0
Liga Regional Norte/2026 Season/Split 1 Playoffs_Round 3_2_5,2026-06-02 03:05:00,26.11,LRN 2026 Split 1 Playoffs,SDM Tigres,G3V E-sports,G3V E-sports,"[""Akali"", ""Kayle"", ""Vayne"", ""Skarner"", ""Malphite""]","[""Orianna"", ""Nocturne"", ""Aurora"", ""Twisted Fate"", ""Naafiri""]","[""Yorick"", ""Jinx"", ""Thresh"", ""Mel"", ""Sejuani""]","[""Yunara"", ""Neeko"", ""Smolder"", ""Maokai"", ""LeBlanc""]",[],[],0,leaguepedia_cargo_patch_range,1
PCS/2026 Season/Spring Season_Playoffs Round 4_2_1,2026-06-02 09:06:00,26.10,PCS 2026 Spring,SillySilly Gaming,Frank Esports,Frank Esports,"[""Karma"", ""Nocturne"", ""Cassiopeia"", ""Trundle"", ""Wukong""]","[""Rengar"", ""Vi"", ""Jarvan IV"", ""Lucian"", ""Ezreal""]","[""K'Sante"", ""Ryze"", ""Lee Sin"", ""Ashe"", ""Seraphine""]","[""Fiora"", ""Varus"", ""Anivia"", ""Skarner"", ""Bard""]",[],[],0,leaguepedia_cargo_patch_range,1
LPL/2026 Season/Split 2 Playoffs_Round 1_5_1,2026-06-02 09:15:00,26.10,LPL 2026 Split 2 Playoffs,ThunderTalk Gaming,LGD Gaming,LGD Gaming,"[""Nocturne"", ""Karma"", ""Naafiri"", ""Lucian"", ""Nautilus""]","[""Orianna"", ""Seraphine"", ""Varus"", ""Caitlyn"", ""Ezreal""]","[""Rumble"", ""Trundle"", ""Ryze"", ""Xayah"", ""Rakan""]","[""Vi"", ""Sion"", ""Anivia"", ""Corki"", ""Nami""]",[],[],0,leaguepedia_cargo_patch_range,1
PCS/2026 Season/Spring Season_Playoffs Round 4_2_2,2026-06-02 09:57:00,26.10,PCS 2026 Spring,Frank Esports,SillySilly Gaming,Frank Esports,"[""Rengar"", ""Rumble"", ""Naafiri"", ""Neeko"", ""Orianna""]","[""Karma"", ""Cassiopeia"", ""Nocturne"", ""Galio"", ""Kennen""]","[""Jarvan IV"", ""Lucian"", ""Milio"", ""Vladimir"", ""Aurora""]","[""Jax"", ""Ezreal"", ""Vi"", ""Nautilus"", ""Akali""]",[],[],1,leaguepedia_cargo_patch_range,0
LPL/2026 Season/Split 2 Playoffs_Round 1_5_2,2026-06-02 10:04:00,26.10,LPL 2026 Split 2 Playoffs,ThunderTalk Gaming,LGD Gaming,LGD Gaming,"[""Nocturne"", ""Karma"", ""Naafiri"", ""Nautilus"", ""Akali""]","[""Orianna"", ""Seraphine"", ""Jarvan IV"", ""Sivir"", ""Lucian""]","[""Jayce"", ""Cassiopeia"", ""Wukong"", ""Ziggs"", ""Alistar""]","[""Varus"", ""Skarner"", ""Yorick"", ""LeBlanc"", ""Neeko""]",[],[],0,leaguepedia_cargo_patch_range,1
PCS/2026 Season/Spring Season_Playoffs Round 4_2_3,2026-06-02 10:42:00,26.10,PCS 2026 Spring,SillySilly Gaming,Frank Esports,SillySilly Gaming,"[""Karma"", ""Irelia"", ""Camille"", ""Sion"", ""Wukong""]","[""Rengar"", ""Rumble"", ""Annie"", ""Lulu"", ""Corki""]","[""Nocturne"", ""Cassiopeia"", ""Gnar"", ""Miss Fortune"", ""Leona""]","[""Orianna"", ""Jhin"", ""Ambessa"", ""Neeko"", ""Xin Zhao""]",[],[],1,leaguepedia_cargo_patch_range,0
LPL/2026 Season/Split 2 Playoffs_Round 1_5_3,2026-06-02 11:01:00,26.10,LPL 2026 Split 2 Playoffs,ThunderTalk Gaming,LGD Gaming,ThunderTalk Gaming,"[""Nocturne"", ""Karma"", ""Renekton"", ""Vayne"", ""Twisted Fate""]","[""Orianna"", ""Seraphine"", ""Ambessa"", ""Draven"", ""Caitlyn""]","[""Annie"", ""Lee Sin"", ""Gnar"", ""Nautilus"", ""Senna""]","[""Lucian"", ""Viktor"", ""Milio"", ""Xin Zhao"", ""Olaf""]",[],[],1,leaguepedia_cargo_patch_range,0
PCS/2026 Season/Spring Season_Playoffs Round 4_2_4,2026-06-02 11:23:00,26.10,PCS 2026 Spring,Frank Esports,SillySilly Gaming,Frank Esports,"[""Rengar"", ""Rumble"", ""Naafiri"", ""Renekton"", ""Olaf""]","[""Karma"", ""Galio"", ""Wukong"", ""Pyke"", ""Camille""]","[""Annie"", ""Ziggs"", ""Trundle"", ""Irelia"", ""Amumu""]","[""Caitlyn"", ""Pantheon"", ""Ahri"", ""Lux"", ""Shen""]",[],[],1,leaguepedia_cargo_patch_range,0
LPL/2026 Season/Split 2 Playoffs_Round 1_5_4,2026-06-02 11:55:00,26.10,LPL 2026 Split 2 Playoffs,ThunderTalk Gaming,LGD Gaming,ThunderTalk Gaming,"[""Seraphine"", ""Ambessa"", ""Karma"", ""Aurora"", ""Jarvan IV""]","[""Orianna"", ""Caitlyn"", ""Nocturne"", ""Yone"", ""Nidalee""]","[""Renekton"", ""Yunara"", ""Lulu"", ""Maokai"", ""Akali""]","[""Ezreal"", ""Bard"", ""Jax"", ""Naafiri"", ""Galio""]",[],[],1,leaguepedia_cargo_patch_range,0
LPL/2026 Season/Split 2 Playoffs_Round 1_5_5,2026-06-02 13:00:00,26.10,LPL 2026 Split 2 Playoffs,ThunderTalk Gaming,LGD Gaming,LGD Gaming,"[""Draven"", ""Nocturne"", ""Vayne"", ""Pyke"", ""Malphite""]","[""Orianna"", ""Seraphine"", ""Karma"", ""Sylas"", ""Twisted Fate""]","[""Caitlyn"", ""Jarvan IV"", ""Lux"", ""K'Sante"", ""Aurora""]","[""Jhin"", ""Ambessa"", ""Ahri"", ""Blitzcrank"", ""Poppy""]",[],[],0,leaguepedia_cargo_patch_range,1
Hitpoint Masters/2026 Season/Spring Playoffs_Round 3_2_1,2026-06-02 14:10:00,26.11,Hitpoint Masters 2026 Spring Playoffs,Nightbirds,eSuba,Nightbirds,"[""Nautilus"", ""Varus"", ""Anivia"", ""Nocturne"", ""Naafiri""]","[""Orianna"", ""Lucian"", ""Rumble"", ""Sion"", ""Wukong""]","[""Cassiopeia"", ""Jhin"", ""Bard"", ""Vi"", ""K'Sante""]","[""Karma"", ""Ezreal"", ""LeBlanc"", ""Jarvan IV"", ""Gnar""]",[],[],1,leaguepedia_cargo_patch_range,0
Hitpoint Masters/2026 Season/Spring Playoffs_Round 3_2_2,2026-06-02 15:04:00,26.11,Hitpoint Masters 2026 Spring Playoffs,eSuba,Nightbirds,Nightbirds,"[""Lucian"", ""Naafiri"", ""Ryze"", ""Rell"", ""Ambessa""]","[""Orianna"", ""Rumble"", ""Varus"", ""Sion"", ""Renekton""]","[""Ashe"", ""Zyra"", ""Leona"", ""Jayce"", ""Yorick""]","[""Wukong"", ""Miss Fortune"", ""Akali"", ""Alistar"", ""Yone""]",[],[],0,leaguepedia_cargo_patch_range,1
Hitpoint Masters/2026 Season/Spring Playoffs_Round 3_2_3,2026-06-02 15:50:00,26.11,Hitpoint Masters 2026 Spring Playoffs,eSuba,Nightbirds,Nightbirds,"[""Lucian"", ""Pantheon"", ""Anivia"", ""Kai'Sa"", ""Caitlyn""]","[""Orianna"", ""Rumble"", ""Ryze"", ""Nautilus"", ""Rell""]","[""Varus"", ""Skarner"", ""Azir"", ""Twitch"", ""Lulu""]","[""Aurora"", ""Nocturne"", ""Neeko"", ""Sivir"", ""Yasuo""]",[],[],0,leaguepedia_cargo_patch_range,1
Arabian League/2026 Season/Summer Promotion_Round 1_1_1,2026-06-02 16:08:00,26.11,Arabian League 2026 Summer Promotion,NextGeneration Esports,JSK Esports,JSK Esports,"[""Cassiopeia"", ""LeBlanc"", ""Nocturne"", ""Jayce"", ""Sion""]","[""Orianna"", ""Jarvan IV"", ""Bard"", ""Mel"", ""Syndra""]","[""Xin Zhao"", ""Nautilus"", ""Varus"", ""Kennen"", ""Ahri""]","[""Ashe"", ""Seraphine"", ""Skarner"", ""Aatrox"", ""Braum""]",[],[],0,leaguepedia_cargo_patch_range,1
Road Of Legends/2026 Season/Spring Playoffs_Round 3_2_1,2026-06-02 16:08:00,26.11,Road Of Legends 2026 Spring Playoffs,mCon esports,The Bandits,The Bandits,"[""Nautilus"", ""Cassiopeia"", ""Orianna"", ""Vayne"", ""Fiora""]","[""Lucian"", ""Karma"", ""Rumble"", ""Ryze"", ""Hwei""]","[""Ezreal"", ""Jax"", ""Bard"", ""K'Sante"", ""Syndra""]","[""Yunara"", ""Xin Zhao"", ""Rakan"", ""Annie"", ""Kayle""]",[],[],0,leaguepedia_cargo_patch_range,1
Road Of Legends/2026 Season/Spring Playoffs_Round 3_2_2,2026-06-02 17:03:00,26.11,Road Of Legends 2026 Spring Playoffs,The Bandits,mCon esports,The Bandits,"[""Nautilus"", ""Zaahen"", ""Karma"", ""Fiora"", ""Vi""]","[""Orianna"", ""Sion"", ""Cassiopeia"", ""Ryze"", ""Viktor""]","[""Lucian"", ""Wukong"", ""Nami"", ""Ornn"", ""Ahri""]","[""Milio"", ""Aurora"", ""Ashe"", ""Lee Sin"", ""Yorick""]",[],[],1,leaguepedia_cargo_patch_range,0
Arabian League/2026 Season/Summer Promotion_Round 1_1_2,2026-06-02 17:07:00,26.11,Arabian League 2026 Summer Promotion,JSK Esports,NextGeneration Esports,JSK Esports,"[""Jarvan IV"", ""Bard"", ""Orianna"", ""Syndra"", ""Aurora""]","[""Cassiopeia"", ""LeBlanc"", ""Karma"", ""Taliyah"", ""Viktor""]","[""Nami"", ""Brand"", ""Pantheon"", ""Akali"", ""Sion""]","[""Corki"", ""Rell"", ""Vi"", ""Xerath"", ""Gwen""]",[],[],1,leaguepedia_cargo_patch_range,0
Road Of Legends/2026 Season/Spring Playoffs_Round 3_2_3,2026-06-02 17:57:00,26.11,Road Of Legends 2026 Spring Playoffs,The Bandits,mCon esports,mCon esports,"[""Rumble"", ""Karma"", ""Pantheon"", ""Yone"", ""Sylas""]","[""Orianna"", ""Sion"", ""Cassiopeia"", ""Lulu"", ""Braum""]","[""Viego"", ""Sivir"", ""Twisted Fate"", ""Nautilus"", ""Fiora""]","[""Varus"", ""Ivern"", ""Alistar"", ""Ryze"", ""Malphite""]",[],[],0,leaguepedia_cargo_patch_range,1
LPLOL/2026 Season/Spring Playoffs_Semifinals_1_1,2026-06-02 18:14:00,26.10,LPLOL 2026 Spring Playoffs,Crusaders,Bubliki,Bubliki,"[""Seraphine"", ""Ahri"", ""Karma"", ""Shen"", ""Volibear""]","[""Varus"", ""Jarvan IV"", ""Xin Zhao"", ""K'Sante"", ""Skarner""]","[""Orianna"", ""Yunara"", ""Lulu"", ""Wukong"", ""Gnar""]","[""Viktor"", ""Nocturne"", ""Nautilus"", ""Ezreal"", ""Malphite""]",[],[],0,leaguepedia_cargo_patch_range,1
Arabian League/2026 Season/Summer Promotion_Round 1_2_1,2026-06-02 18:30:00,26.11,Arabian League 2026 Summer Promotion,GnG Amazigh,Pyramid IV Esports,Pyramid IV Esports,"[""Mel"", ""Jarvan IV"", ""Hecarim"", ""Zaahen"", ""Pantheon""]","[""Naafiri"", ""Orianna"", ""Nocturne"", ""Lulu"", ""Karma""]","[""Xin Zhao"", ""Ryze"", ""Yunara"", ""Neeko"", ""K'Sante""]","[""Zoe"", ""Ezreal"", ""Bard"", ""Wukong"", ""Poppy""]",[],[],0,leaguepedia_cargo_patch_range,1
Road Of Legends/2026 Season/Spring Playoffs_Round 3_2_4,2026-06-02 18:54:00,26.11,Road Of Legends 2026 Spring Playoffs,mCon esports,The Bandits,mCon esports,"[""Orianna"", ""Cassiopeia"", ""Sion"", ""Vladimir"", ""Tryndamere""]","[""Rumble"", ""Jayce"", ""Karma"", ""Aphelios"", ""Corki""]","[""Pantheon"", ""Taliyah"", ""Neeko"", ""Kai'Sa"", ""Ambessa""]","[""Aatrox"", ""Rell"", ""Tristana"", ""Viktor"", ""Garen""]",[],[],1,leaguepedia_cargo_patch_range,0
Arabian League/2026 Season/Summer Promotion_Round 1_2_2,2026-06-02 19:17:00,26.11,Arabian League 2026 Summer Promotion,GnG Amazigh,Pyramid IV Esports,Pyramid IV Esports,"[""Mel"", ""LeBlanc"", ""Nautilus"", ""Hecarim"", ""Akali""]","[""Nocturne"", ""Orianna"", ""Karma"", ""Rengar"", ""Qiyana""]","[""Ahri"", ""Lucian"", ""Milio"", ""Naafiri"", ""Zaahen""]","[""Aurora"", ""Corki"", ""Blitzcrank"", ""Jarvan IV"", ""Renekton""]",[],[],0,leaguepedia_cargo_patch_range,1
LPLOL/2026 Season/Spring Playoffs_Semifinals_1_2,2026-06-02 19:17:00,26.10,LPLOL 2026 Spring Playoffs,Crusaders,Bubliki,Bubliki,"[""Ahri"", ""Caitlyn"", ""Seraphine"", ""Shen"", ""Volibear""]","[""Varus"", ""Jarvan IV"", ""Karma"", ""K'Sante"", ""Blitzcrank""]","[""Xin Zhao"", ""Ryze"", ""Corki"", ""Rell"", ""Jayce""]","[""Pantheon"", ""Nami"", ""Lucian"", ""Anivia"", ""Ornn""]",[],[],0,leaguepedia_cargo_patch_range,1
Road Of Legends/2026 Season/Spring Playoffs_Round 3_2_5,2026-06-02 19:47:00,26.11,Road Of Legends 2026 Spring Playoffs,mCon esports,The Bandits,mCon esports,"[""Cassiopeia"", ""Gwen"", ""Orianna"", ""Aurelion Sol"", ""Anivia""]","[""Rumble"", ""Jayce"", ""Karma"", ""Zaahen"", ""Jarvan IV""]","[""Sion"", ""Kog'Maw"", ""Lulu"", ""Akali"", ""Vi""]","[""Dr. Mundo"", ""Aphelios"", ""Leona"", ""Hwei"", ""Shen""]",[],[],1,leaguepedia_cargo_patch_range,0
Circuito Desafiante/2026 Season/Split 2 Promotion_Round 1_1_1,2026-06-02 20:04:00,26.11,CD 2026 Split 2 Promotion,Team Solid (Brazilian Team),Kuma eSports B,Team Solid (Brazilian Team),"[""Pantheon"", ""Varus"", ""Lucian"", ""Rumble"", ""Aurora""]","[""Orianna"", ""Ryze"", ""Nocturne"", ""Annie"", ""Ahri""]","[""Ashe"", ""Nautilus"", ""Lee Sin"", ""Syndra"", ""K'Sante""]","[""Jarvan IV"", ""Seraphine"", ""Ezreal"", ""Cassiopeia"", ""Gnar""]",[],[],1,leaguepedia_cargo_patch_range,0
Liga Regional Sur/2026 Season/Split 1 Playoffs_Round 3_2_1,2026-06-02 20:10:00,26.11,LRS 2026 Split 1 Playoffs,Volticons,9z Globant,9z Globant,"[""Nocturne"", ""Jarvan IV"", ""Ashe"", ""Gwen"", ""Lee Sin""]","[""Orianna"", ""Varus"", ""Jayce"", ""Wukong"", ""Vi""]","[""Ezreal"", ""Karma"", ""Cassiopeia"", ""Pantheon"", ""Cho'Gath""]","[""Caitlyn"", ""Neeko"", ""Anivia"", ""Sion"", ""Naafiri""]",[],[],0,leaguepedia_cargo_patch_range,1
LPLOL/2026 Season/Spring Playoffs_Semifinals_1_3,2026-06-02 20:27:00,26.10,LPLOL 2026 Spring Playoffs,Bubliki,Crusaders,Crusaders,"[""Taliyah"", ""Karma"", ""Jarvan IV"", ""Neeko"", ""Yuumi""]","[""Ahri"", ""Caitlyn"", ""Seraphine"", ""Draven"", ""Shen""]","[""Varus"", ""Vi"", ""Twisted Fate"", ""Lissandra"", ""Renekton""]","[""Aurora"", ""Lee Sin"", ""Sivir"", ""Rakan"", ""Cassiopeia""]",[],[],0,leaguepedia_cargo_patch_range,1
Circuito Desafiante/2026 Season/Split 2 Promotion_Round 1_1_2,2026-06-02 20:54:00,26.11,CD 2026 Split 2 Promotion,Team Solid (Brazilian Team),Kuma eSports B,Team Solid (Brazilian Team),"[""Varus"", ""Orianna"", ""Ryze"", ""Annie"", ""Vi""]","[""Nocturne"", ""Pantheon"", ""Caitlyn"", ""Xin Zhao"", ""Wukong""]","[""Milio"", ""Lucian"", ""Rumble"", ""Nasus"", ""Viktor""]","[""Karma"", ""Jhin"", ""Ambessa"", ""Aatrox"", ""Ahri""]",[],[],1,leaguepedia_cargo_patch_range,0
Liga Regional Sur/2026 Season/Split 1 Playoffs_Round 3_2_2,2026-06-02 21:03:00,26.11,LRS 2026 Split 1 Playoffs,Volticons,9z Globant,Volticons,"[""Orianna"", ""Jayce"", ""Jarvan IV"", ""Ornn"", ""Wukong""]","[""Nocturne"", ""Varus"", ""Ashe"", ""Nautilus"", ""Rakan""]","[""Ryze"", ""Vi"", ""Rumble"", ""Yunara"", ""Lulu""]","[""Viktor"", ""Lucian"", ""Milio"", ""Skarner"", ""Yorick""]",[],[],1,leaguepedia_cargo_patch_range,0
LPLOL/2026 Season/Spring Playoffs_Semifinals_1_4,2026-06-02 21:19:00,26.10,LPLOL 2026 Spring Playoffs,Crusaders,Bubliki,Bubliki,"[""Ahri"", ""Caitlyn"", ""Seraphine"", ""Rek'Sai"", ""Naafiri""]","[""Jarvan IV"", ""Karma"", ""Taliyah"", ""Syndra"", ""Mel""]","[""Rumble"", ""Aphelios"", ""Milio"", ""Viego"", ""Annie""]","[""Galio"", ""Ashe"", ""Bard"", ""Graves"", ""Ziggs""]",[],[],0,leaguepedia_cargo_patch_range,1
Circuito Desafiante/2026 Season/Split 2 Promotion_Round 1_2_1,2026-06-02 21:47:00,26.11,CD 2026 Split 2 Promotion,Barulhinhos,Marere Invokers,Barulhinhos,"[""Varus"", ""Jarvan IV"", ""Anivia"", ""Vayne"", ""LeBlanc""]","[""Orianna"", ""Seraphine"", ""Ryze"", ""Sion"", ""Olaf""]","[""Milio"", ""Lucian"", ""Aurora"", ""Xin Zhao"", ""K'Sante""]","[""Nocturne"", ""Nautilus"", ""Ezreal"", ""Viktor"", ""Gnar""]",[],[],1,leaguepedia_cargo_patch_range,0
Liga Regional Sur/2026 Season/Split 1 Playoffs_Round 3_2_3,2026-06-02 21:58:00,26.11,LRS 2026 Split 1 Playoffs,Volticons,9z Globant,Volticons,"[""Jarvan IV"", ""Nocturne"", ""Nautilus"", ""Gwen"", ""Gnar""]","[""Orianna"", ""Varus"", ""Jayce"", ""Lee Sin"", ""Sejuani""]","[""Ashe"", ""Bard"", ""Aurora"", ""Ornn"", ""Aatrox""]","[""Seraphine"", ""Wukong"", ""Akali"", ""Miss Fortune"", ""K'Sante""]",[],[],1,leaguepedia_cargo_patch_range,0
Circuito Desafiante/2026 Season/Split 2 Promotion_Round 1_2_2,2026-06-02 22:39:00,26.11,CD 2026 Split 2 Promotion,Barulhinhos,Marere Invokers,Marere Invokers,"[""Varus"", ""Jarvan IV"", ""Anivia"", ""Ashe"", ""Renekton""]","[""Orianna"", ""Caitlyn"", ""Ryze"", ""Sion"", ""Olaf""]","[""Annie"", ""Naafiri"", ""Rakan"", ""Sivir"", ""Ambessa""]","[""LeBlanc"", ""Lee Sin"", ""Seraphine"", ""Rell"", ""Vayne""]",[],[],0,leaguepedia_cargo_patch_range,1
Liga Regional Sur/2026 Season/Split 1 Playoffs_Round 3_2_4,2026-06-02 22:52:00,26.11,LRS 2026 Split 1 Playoffs,Volticons,9z Globant,Volticons,"[""Nocturne"", ""Azir"", ""Lee Sin"", ""Nautilus"", ""Rakan""]","[""Orianna"", ""Varus"", ""Jayce"", ""Xayah"", ""Kai'Sa""]","[""Jarvan IV"", ""Gangplank"", ""Ahri"", ""Sivir"", ""Braum""]","[""Renekton"", ""Sejuani"", ""Sylas"", ""Rell"", ""Zeri""]",[],[],1,leaguepedia_cargo_patch_range,0
Circuito Desafiante/2026 Season/Split 2 Promotion_Round 1_2_3,2026-06-02 23:28:00,26.11,CD 2026 Split 2 Promotion,Barulhinhos,Marere Invokers,Barulhinhos,"[""Varus"", ""Jarvan IV"", ""Anivia"", ""Samira""]","[""Orianna"", ""Sion"", ""Ryze"", ""Olaf"", ""Rumble""]","[""Wukong"", ""Mel"", ""Bard"", ""Jhin"", ""Renekton""]","[""Aatrox"", ""Ahri"", ""Pyke"", ""Ziggs"", ""Twisted Fate""]",[],[],1,leaguepedia_cargo_patch_range,0
LJL/2026 Season/Spring Series_Week 6_1_1,2026-06-03 08:08:00,26.10,LJL 2026 Spring Series,Arneb,DetonatioN FocusMe Academy,Arneb,"[""Ivern"", ""Nautilus"", ""Lucian"", ""Lulu"", ""Camille""]","[""Lee Sin"", ""Jarvan IV"", ""Orianna"", ""Wukong"", ""Vi""]","[""Bard"", ""Cassiopeia"", ""Ezreal"", ""Sion"", ""Jayce""]","[""Xin Zhao"", ""Ryze"", ""Aphelios"", ""Milio"", ""Yone""]",[],[],1,leaguepedia_cargo_patch_range,0
PCS/2026 Season/Spring Season_Finals_1_1,2026-06-03 09:03:00,26.10,PCS 2026 Spring,CTBC Flying Oyster Academy,Frank Esports,Frank Esports,"[""Irelia"", ""Varus"", ""Nautilus"", ""K'Sante"", ""Sion""]","[""Rumble"", ""Karma"", ""Orianna"", ""Caitlyn"", ""Seraphine""]","[""Jarvan IV"", ""Jayce"", ""Anivia"", ""Ezreal"", ""Nami""]","[""Cassiopeia"", ""Lucian"", ""Milio"", ""Xin Zhao"", ""Camille""]",[],[],0,leaguepedia_cargo_patch_range,1
LJL/2026 Season/Spring Series_Week 6_1_2,2026-06-03 09:16:00,26.10,LJL 2026 Spring Series,DetonatioN FocusMe Academy,Arneb,Arneb,"[""Nocturne"", ""Orianna"", ""Lee Sin"", ""Aurora"", ""Taliyah""]","[""Ivern"", ""Lucian"", ""Neeko"", ""Camille"", ""Akali""]","[""Jarvan IV"", ""Xayah"", ""Rakan"", ""Sylas"", ""Ambessa""]","[""Nautilus"", ""Naafiri"", ""Jhin"", ""Viktor"", ""K'Sante""]",[],[],0,leaguepedia_cargo_patch_range,1
LPL/2026 Season/Split 2 Playoffs_Round 1_6_1,2026-06-03 09:17:00,26.10,LPL 2026 Split 2 Playoffs,Bilibili Gaming,EDward Gaming,Bilibili Gaming,"[""Nocturne"", ""Varus"", ""Karma"", ""Ryze"", ""Annie""]","[""Jarvan IV"", ""Orianna"", ""Cassiopeia"", ""Naafiri"", ""Vi""]","[""Rumble"", ""Ezreal"", ""Bard"", ""Poppy"", ""Viktor""]","[""Ashe"", ""Seraphine"", ""Ambessa"", ""Lee Sin"", ""Aurora""]",[],[],1,leaguepedia_cargo_patch_range,0
PCS/2026 Season/Spring Season_Finals_1_2,2026-06-03 09:51:00,26.10,PCS 2026 Spring,CTBC Flying Oyster Academy,Frank Esports,CTBC Flying Oyster Academy,"[""Irelia"", ""Varus"", ""Nautilus"", ""Pyke"", ""Bard""]","[""Rumble"", ""Karma"", ""Orianna"", ""Gnar"", ""Ambessa""]","[""Ryze"", ""Ashe"", ""Seraphine"", ""Dr. Mundo"", ""Twisted Fate""]","[""Annie"", ""Lee Sin"", ""K'Sante"", ""Mel"", ""Rell""]",[],[],1,leaguepedia_cargo_patch_range,0
LPL/2026 Season/Split 2 Playoffs_Round 1_6_2,2026-06-03 10:10:00,26.10,LPL 2026 Split 2 Playoffs,Bilibili Gaming,EDward Gaming,Bilibili Gaming,"[""Nocturne"", ""Varus"", ""Annie"", ""Ryze"", ""Sion""]","[""Jarvan IV"", ""Vi"", ""Caitlyn"", ""Wukong"", ""Naafiri""]","[""Orianna"", ""Xayah"", ""Rakan"", ""Pantheon"", ""Yorick""]","[""Lucian"", ""Milio"", ""Trundle"", ""Jayce"", ""Zyra""]",[],[],1,leaguepedia_cargo_patch_range,0
LJL/2026 Season/Spring Series_Week 6_2_1,2026-06-03 10:17:00,26.10,LJL 2026 Spring Series,New Meta,Uwinks,New Meta,"[""Nocturne"", ""Jax"", ""Ezreal"", ""Jarvan IV"", ""Naafiri""]","[""Irelia"", ""Lee Sin"", ""Ashe"", ""Karma"", ""Nautilus""]","[""Varus"", ""Rek'Sai"", ""Cassiopeia"", ""Neeko"", ""Ambessa""]","[""Viktor"", ""Caitlyn"", ""Bard"", ""Vi"", ""Renekton""]",[],[],1,leaguepedia_cargo_patch_range,0
PCS/2026 Season/Spring Season_Finals_1_3,2026-06-03 10:40:00,26.10,PCS 2026 Spring,Frank Esports,CTBC Flying Oyster Academy,Frank Esports,"[""Rumble"", ""Varus"", ""Karma"", ""Renekton"", ""Gnar""]","[""Irelia"", ""Orianna"", ""Nocturne"", ""Naafiri"", ""Vi""]","[""Aurora"", ""Senna"", ""Nautilus"", ""Skarner"", ""Jax""]","[""Yunara"", ""Lulu"", ""Viktor"", ""Wukong"", ""Sion""]",[],[],1,leaguepedia_cargo_patch_range,0
LPL/2026 Season/Split 2 Playoffs_Round 1_6_3,2026-06-03 11:02:00,26.10,LPL 2026 Split 2 Playoffs,Bilibili Gaming,EDward Gaming,Bilibili Gaming,"[""Jarvan IV"", ""Gnar"", ""Ryze"", ""Corki"", ""Karma""]","[""Nocturne"", ""Varus"", ""Naafiri"", ""Nautilus"", ""Zeri""]","[""Annie"", ""Xin Zhao"", ""Renekton"", ""Yunara"", ""Lulu""]","[""Akali"", ""Wukong"", ""Sion"", ""Neeko"", ""Caitlyn""]",[],[],1,leaguepedia_cargo_patch_range,0
LJL/2026 Season/Spring Series_Week 6_2_2,2026-06-03 11:14:00,26.10,LJL 2026 Spring Series,New Meta,Uwinks,Uwinks,"[""Lee Sin"", ""Nautilus"", ""Lucian"", ""Rell"", ""Sion""]","[""Irelia"", ""Jarvan IV"", ""Karma"", ""Braum"", ""Shen""]","[""Ezreal"", ""Xin Zhao"", ""Akali"", ""Tahm Kench"", ""Zaahen""]","[""Orianna"", ""Nocturne"", ""Kai'Sa"", ""Leona"", ""Gnar""]",[],[],0,leaguepedia_cargo_patch_range,1
PCS/2026 Season/Spring Season_Finals_1_4,2026-06-03 11:28:00,26.10,PCS 2026 Spring,CTBC Flying Oyster Academy,Frank Esports,CTBC Flying Oyster Academy,"[""Irelia"", ""Nocturne"", ""Ziggs"", ""Gwen"", ""Fiora""]","[""Rumble"", ""Gnar"", ""Renekton"", ""Vi"", ""Maokai""]","[""Orianna"", ""Varus"", ""Karma"", ""Pantheon"", ""Yorick""]","[""Caitlyn"", ""Bard"", ""Akali"", ""Ambessa"", ""Shen""]",[],[],1,leaguepedia_cargo_patch_range,0
LJL/2026 Season/Spring Series_Week 6_2_3,2026-06-03 12:13:00,26.10,LJL 2026 Spring Series,Uwinks,New Meta,Uwinks,"[""Irelia"", ""Wukong"", ""Jarvan IV"", ""Jax"", ""Syndra""]","[""Lee Sin"", ""Nautilus"", ""Rell"", ""Sion"", ""Hwei""]","[""Pantheon"", ""Yunara"", ""Braum"", ""Xerath"", ""Gragas""]","[""Shen"", ""Hecarim"", ""Senna"", ""Anivia"", ""Yone""]",[],[],1,leaguepedia_cargo_patch_range,0
PCS/2026 Season/Spring Season_Finals_1_5,2026-06-03 12:13:00,26.10,PCS 2026 Spring,CTBC Flying Oyster Academy,Frank Esports,CTBC Flying Oyster Academy,"[""Irelia"", ""Fiora"", ""Gwen"", ""Rakan"", ""Yuumi""]","[""Rumble"", ""Vi"", ""Renekton"", ""Sylas"", ""Maokai""]","[""Vayne"", ""Kai'Sa"", ""Neeko"", ""Lissandra"", ""Aatrox""]","[""Nocturne"", ""Ahri"", ""Kennen"", ""Jhin"", ""Pyke""]",[],[],1,leaguepedia_cargo_patch_range,0
Hitpoint 2nd Division Challengers/2026 Season/Spring Playoffs_Round 1_3_1,2026-06-03 15:10:00,26.10,Hitpoint 2nd Div Challengers 2026 Spring Playoffs,Andromeda Gaming,CITA Kaizen Academy,Andromeda Gaming,"[""Rumble"", ""Akali"", ""Cassiopeia"", ""Ezreal"", ""Sivir""]","[""Garen"", ""Jarvan IV"", ""Nautilus"", ""Pyke"", ""Lucian""]","[""Ryze"", ""Vi"", ""Sion"", ""Kalista"", ""Renata Glasc""]","[""Syndra"", ""Xin Zhao"", ""Karma"", ""Cho'Gath"", ""Caitlyn""]",[],[],1,leaguepedia_cargo_patch_range,0
LES/2026 Season/Spring Playoffs_Semifinals_1_1,2026-06-03 15:11:00,26.10,LES 2026 Spring Playoffs,Team Heretics Academy,Barça eSports,Team Heretics Academy,"[""Nautilus"", ""Rumble"", ""Jarvan IV"", ""Lee Sin"", ""Xin Zhao""]","[""Orianna"", ""Cassiopeia"", ""Wukong"", ""Ryze"", ""Olaf""]","[""Caitlyn"", ""Bard"", ""Anivia"", ""Naafiri"", ""Ahri""]","[""Varus"", ""Lucian"", ""Milio"", ""Nocturne"", ""Lissandra""]",[],[],1,leaguepedia_cargo_patch_range,0
LES/2026 Season/Spring Playoffs_Semifinals_1_2,2026-06-03 15:57:00,26.10,LES 2026 Spring Playoffs,Barça eSports,Team Heretics Academy,Team Heretics Academy,"[""Seraphine"", ""Karma"", ""Wukong"", ""Leona"", ""Braum""]","[""Orianna"", ""Cassiopeia"", ""Rumble"", ""Kalista"", ""Kai'Sa""]","[""Annie"", ""Lee Sin"", ""Nautilus"", ""Senna"", ""Gnar""]","[""Viktor"", ""Jarvan IV"", ""Ezreal"", ""Alistar"", ""Vayne""]",[],[],0,leaguepedia_cargo_patch_range,1
Arabian League/2026 Season/Summer Promotion_Round 1_3_1,2026-06-03 16:06:00,26.11,Arabian League 2026 Summer Promotion,GnG Amazigh,NextGeneration Esports,NextGeneration Esports,"[""Nautilus"", ""Varus"", ""Xin Zhao"", ""Bard"", ""Irelia""]","[""Orianna"", ""Naafiri"", ""Karma"", ""K'Sante"", ""Sion""]","[""Nocturne"", ""Kai'Sa"", ""Neeko"", ""Ambessa"", ""Sylas""]","[""Jarvan IV"", ""Ezreal"", ""Kennen"", ""Alistar"", ""Ryze""]",[],[],0,leaguepedia_cargo_patch_range,1
Hitpoint 2nd Division Challengers/2026 Season/Spring Playoffs_Round 1_3_2,2026-06-03 16:07:00,26.10,Hitpoint 2nd Div Challengers 2026 Spring Playoffs,Andromeda Gaming,CITA Kaizen Academy,CITA Kaizen Academy,"[""Akali"", ""Rumble"", ""Wukong"", ""Mel"", ""Ezreal""]","[""Garen"", ""Orianna"", ""Jarvan IV"", ""Nocturne"", ""Skarner""]","[""Aurora"", ""Ashe"", ""Seraphine"", ""Jax"", ""Naafiri""]","[""Pantheon"", ""Ahri"", ""Nautilus"", ""Jhin"", ""Sylas""]",[],[],0,leaguepedia_cargo_patch_range,1
LFL/2026 Season/Spring Playoffs_Finals_1_1,2026-06-03 16:08:00,26.10,LFL 2026 Spring Playoffs,Galions,Solary,Solary,"[""Xin Zhao"", ""Sion"", ""Anivia"", ""Zaahen"", ""Jax""]","[""Orianna"", ""Jarvan IV"", ""Cassiopeia"", ""Nocturne"", ""Vi""]","[""Ryze"", ""Yunara"", ""Nautilus"", ""Varus"", ""Skarner""]","[""Lucian"", ""Annie"", ""Braum"", ""Wukong"", ""Naafiri""]",[],[],0,leaguepedia_cargo_patch_range,1
NLC/2026 Season/Spring Playoffs_Round 3_1_1,2026-06-03 16:19:00,26.11,NLC 2026 Spring Playoffs,Ruddy Corporation,Deer Gaming,Deer Gaming,"[""Lucian"", ""Naafiri"", ""Jarvan IV"", ""Nocturne"", ""Vi""]","[""Ezreal"", ""Orianna"", ""Xin Zhao"", ""Kassadin"", ""Viktor""]","[""Karma"", ""Sivir"", ""Wukong"", ""Syndra"", ""Sion""]","[""Kai'Sa"", ""Nautilus"", ""Aurora"", ""Lee Sin"", ""Zaahen""]",[],[],0,leaguepedia_cargo_patch_range,1
LES/2026 Season/Spring Playoffs_Semifinals_1_3,2026-06-03 16:50:00,26.10,LES 2026 Spring Playoffs,Barça eSports,Team Heretics Academy,Barça eSports,"[""Seraphine"", ""Karma"", ""Orianna"", ""Rell"", ""Jhin""]","[""Cassiopeia"", ""Ryze"", ""Lux"", ""Sion"", ""Syndra""]","[""Lulu"", ""Yunara"", ""Xin Zhao"", ""K'Sante"", ""Hwei""]","[""Rumble"", ""Pantheon"", ""Azir"", ""Corki"", ""Nami""]",[],[],1,leaguepedia_cargo_patch_range,0
LFL/2026 Season/Spring Playoffs_Finals_1_2,2026-06-03 16:56:00,26.10,LFL 2026 Spring Playoffs,Solary,Galions,Solary,"[""Nocturne"", ""Jarvan IV"", ""Cassiopeia"", ""Vayne"", ""Gnar""]","[""Orianna"", ""Rumble"", ""Anivia"", ""Ahri"", ""Viktor""]","[""Ashe"", ""Vi"", ""Milio"", ""K'Sante"", ""Taliyah""]","[""Xin Zhao"", ""Seraphine"", ""Ezreal"", ""Aurora"", ""Ambessa""]",[],[],1,leaguepedia_cargo_patch_range,0
Hitpoint 2nd Division Challengers/2026 Season/Spring Playoffs_Round 1_3_3,2026-06-03 16:57:00,26.10,Hitpoint 2nd Div Challengers 2026 Spring Playoffs,Andromeda Gaming,CITA Kaizen Academy,Andromeda Gaming,"[""Akali"", ""Orianna"", ""Rumble"", ""Neeko"", ""Bard""]","[""Garen"", ""LeBlanc"", ""Nocturne"", ""Rakan"", ""Pyke""]","[""Darius"", ""Wukong"", ""Taliyah"", ""Ezreal"", ""Nami""]","[""Ornn"", ""Jarvan IV"", ""Azir"", ""Varus"", ""Soraka""]",[],[],1,leaguepedia_cargo_patch_range,0
Arabian League/2026 Season/Summer Promotion_Round 1_3_2,2026-06-03 17:06:00,26.11,Arabian League 2026 Summer Promotion,NextGeneration Esports,GnG Amazigh,GnG Amazigh,"[""K'Sante"", ""Naafiri"", ""Akali"", ""Ahri"", ""Aurora""]","[""Karma"", ""Nautilus"", ""Orianna"", ""Rumble"", ""Syndra""]","[""Bard"", ""Caitlyn"", ""Wukong"", ""Xerath"", ""Ornn""]","[""Xin Zhao"", ""Yunara"", ""Lulu"", ""Hwei"", ""Kled""]",[],[],0,leaguepedia_cargo_patch_range,1
Benelux Ascend Series/2026 Season/Spring Playoffs_Semifinals_2_1,2026-06-03 17:12:00,26.11,Benelux Ascend Series 2026 Spring Playoffs,Mind Blue eSports,FUSE,Mind Blue eSports,"[""Lulu"", ""Ambessa"", ""Smolder"", ""Viktor"", ""K'Sante""]","[""Yunara"", ""Orianna"", ""Xin Zhao"", ""Ahri"", ""Zoe""]","[""Karma"", ""Ezreal"", ""Jarvan IV"", ""Rumble"", ""Azir""]","[""Nautilus"", ""Aphelios"", ""Dr. Mundo"", ""Mel"", ""Sion""]",[],[],1,leaguepedia_cargo_patch_range,0
NLC/2026 Season/Spring Playoffs_Round 3_1_2,2026-06-03 17:12:00,26.11,NLC 2026 Spring Playoffs,Ruddy Corporation,Deer Gaming,Ruddy Corporation,"[""Lucian"", ""Naafiri"", ""Jarvan IV"", ""Vi"", ""Nocturne""]","[""Ezreal"", ""Orianna"", ""Xin Zhao"", ""Kassadin"", ""Mel""]","[""Ashe"", ""Aatrox"", ""Milio"", ""Viktor"", ""Kennen""]","[""Seraphine"", ""Varus"", ""Ambessa"", ""Pantheon"", ""Galio""]",[],[],1,leaguepedia_cargo_patch_range,0
Hitpoint 2nd Division Challengers/2026 Season/Spring Playoffs_Round 1_3_4,2026-06-03 17:43:00,26.10,Hitpoint 2nd Div Challengers 2026 Spring Playoffs,Andromeda Gaming,CITA Kaizen Academy,CITA Kaizen Academy,"[""Akali"", ""Rumble"", ""Viktor"", ""Zac"", ""Shen""]","[""Garen"", ""Orianna"", ""Pyke"", ""LeBlanc"", ""Aphelios""]","[""Mel"", ""Thresh"", ""Viego"", ""Veigar"", ""Malphite""]","[""Yunara"", ""Lulu"", ""Cassiopeia"", ""Amumu"", ""Mordekaiser""]",[],[],0,leaguepedia_cargo_patch_range,1
LES/2026 Season/Spring Playoffs_Semifinals_1_4,2026-06-03 17:44:00,26.10,LES 2026 Spring Playoffs,Team Heretics Academy,Barça eSports,Team Heretics Academy,"[""Vi"", ""Aatrox"", ""Aurora"", ""Sion"", ""Kalista""]","[""Karma"", ""Cassiopeia"", ""Seraphine"", ""Rell"", ""Neeko""]","[""Orianna"", ""Olaf"", ""Jhin"", ""Renekton"", ""Rakan""]","[""Lux"", ""Skarner"", ""Leona"", ""Kai'Sa"", ""Jayce""]",[],[],1,leaguepedia_cargo_patch_range,0
LFL/2026 Season/Spring Playoffs_Finals_1_3,2026-06-03 17:54:00,26.10,LFL 2026 Spring Playoffs,Solary,Galions,Galions,"[""Nocturne"", ""Pantheon"", ""Cassiopeia"", ""Neeko"", ""Rell""]","[""Orianna"", ""Rumble"", ""Sion"", ""Poppy"", ""Zaahen""]","[""Anivia"", ""Jhin"", ""Bard"", ""Rek'Sai"", ""Twisted Fate""]","[""Caitlyn"", ""Jarvan IV"", ""Akali"", ""Pyke"", ""Irelia""]",[],[],0,leaguepedia_cargo_patch_range,1
Benelux Ascend Series/2026 Season/Spring Playoffs_Semifinals_2_2,2026-06-03 18:00:00,26.11,Benelux Ascend Series 2026 Spring Playoffs,FUSE,Mind Blue eSports,FUSE,"[""Yunara"", ""Wukong"", ""Xin Zhao"", ""Vi"", ""Kha'Zix""]","[""Ambessa"", ""Smolder"", ""Orianna"", ""Akali"", ""Ahri""]","[""Pantheon"", ""Bard"", ""Jhin"", ""Syndra"", ""K'Sante""]","[""Viktor"", ""Caitlyn"", ""Pyke"", ""Rek'Sai"", ""Fiora""]",[],[],1,leaguepedia_cargo_patch_range,0
Arabian League/2026 Season/Summer Promotion_Round 1_3_3,2026-06-03 18:04:00,26.11,Arabian League 2026 Summer Promotion,GnG Amazigh,NextGeneration Esports,GnG Amazigh,"[""Lee Sin"", ""Syndra"", ""Braum"", ""Pantheon"", ""Akali""]","[""Orianna"", ""Naafiri"", ""K'Sante"", ""Zaahen"", ""Dr. Mundo""]","[""Nautilus"", ""Ziggs"", ""Vi"", ""Yone"", ""Illaoi""]","[""Leona"", ""Senna"", ""Sion"", ""Skarner"", ""Ahri""]",[],[],1,leaguepedia_cargo_patch_range,0
NLC/2026 Season/Spring Playoffs_Round 3_1_3,2026-06-03 18:09:00,26.11,NLC 2026 Spring Playoffs,Ruddy Corporation,Deer Gaming,Deer Gaming,"[""Naafiri"", ""Lucian"", ""Jarvan IV"", ""Camille"", ""Rakan""]","[""Ezreal"", ""Xin Zhao"", ""Orianna"", ""Kassadin"", ""Ahri""]","[""Lulu"", ""Jinx"", ""Dr. Mundo"", ""Ornn"", ""Qiyana""]","[""Nocturne"", ""Yunara"", ""Anivia"", ""Soraka"", ""K'Sante""]",[],[],0,leaguepedia_cargo_patch_range,1
LPLOL/2026 Season/Spring Playoffs_Finals_1_1,2026-06-03 18:13:00,26.10,LPLOL 2026 Spring Playoffs,Otter Side,Bubliki,Otter Side,"[""Nautilus"", ""Xin Zhao"", ""Lucian"", ""Nami"", ""Shen""]","[""Vi"", ""Orianna"", ""Gnar"", ""Wukong"", ""K'Sante""]","[""Karma"", ""Caitlyn"", ""Ryze"", ""Nocturne"", ""Sion""]","[""Jarvan IV"", ""Ezreal"", ""Anivia"", ""Bard"", ""Gwen""]",[],[],1,leaguepedia_cargo_patch_range,0
Hitpoint 2nd Division Challengers/2026 Season/Spring Playoffs_Round 1_3_5,2026-06-03 18:35:00,26.10,Hitpoint 2nd Div Challengers 2026 Spring Playoffs,Andromeda Gaming,CITA Kaizen Academy,Andromeda Gaming,"[""Akali"", ""Rumble"", ""Aatrox"", ""Xayah"", ""Aphelios""]","[""Garen"", ""Vayne"", ""Orianna"", ""LeBlanc"", ""Galio""]","[""Hecarim"", ""Lucian"", ""Milio"", ""Anivia"", ""Riven""]","[""Viktor"", ""Lee Sin"", ""Zac"", ""Bard"", ""Miss Fortune""]",[],[],1,leaguepedia_cargo_patch_range,0
LFL/2026 Season/Spring Playoffs_Finals_1_4,2026-06-03 18:43:00,26.10,LFL 2026 Spring Playoffs,Galions,Solary,Solary,"[""Vayne"", ""Ahri"", ""Rumble"", ""Leona"", ""Alistar""]","[""Orianna"", ""Cassiopeia"", ""Nocturne"", ""Neeko"", ""Rakan""]","[""Pantheon"", ""Gnar"", ""Kog'Maw"", ""Miss Fortune"", ""Rell""]","[""Zaahen"", ""Viktor"", ""Jax"", ""Aphelios"", ""Lulu""]",[],[],0,leaguepedia_cargo_patch_range,1
Benelux Ascend Series/2026 Season/Spring Playoffs_Semifinals_2_3,2026-06-03 18:57:00,26.11,Benelux Ascend Series 2026 Spring Playoffs,Mind Blue eSports,FUSE,Mind Blue eSports,"[""Ambessa"", ""Smolder"", ""Senna"", ""Lulu"", ""Olaf""]","[""Yunara"", ""Orianna"", ""Xin Zhao"", ""Neeko"", ""Rell""]","[""Ryze"", ""Varus"", ""Nocturne"", ""Sivir"", ""Rakan""]","[""Malzahar"", ""Jinx"", ""Diana"", ""Tahm Kench"", ""Jax""]",[],[],1,leaguepedia_cargo_patch_range,0
Arabian League/2026 Season/Summer Promotion_Round 1_3_4,2026-06-03 19:02:00,26.11,Arabian League 2026 Summer Promotion,GnG Amazigh,NextGeneration Esports,GnG Amazigh,"[""Lee Sin"", ""Pantheon"", ""Syndra"", ""Sejuani"", ""Trundle""]","[""Naafiri"", ""Orianna"", ""Milio"", ""Qiyana"", ""Kha'Zix""]","[""K'Sante"", ""Blitzcrank"", ""Miss Fortune"", ""Rengar"", ""Aurora""]","[""Ashe"", ""Seraphine"", ""Poppy"", ""Viego"", ""Irelia""]",[],[],1,leaguepedia_cargo_patch_range,0
NLC/2026 Season/Spring Playoffs_Round 3_1_4,2026-06-03 19:05:00,26.11,NLC 2026 Spring Playoffs,Deer Gaming,Ruddy Corporation,Ruddy Corporation,"[""Ezreal"", ""Xin Zhao"", ""Kassadin"", ""Gwen"", ""Skarner""]","[""Naafiri"", ""Jarvan IV"", ""Orianna"", ""Ahri"", ""Mel""]","[""Vi"", ""Pyke"", ""Zeri"", ""Lux"", ""Rumble""]","[""Senna"", ""Tahm Kench"", ""Vex"", ""Rek'Sai"", ""Gragas""]",[],[],0,leaguepedia_cargo_patch_range,1
LPLOL/2026 Season/Spring Playoffs_Finals_1_2,2026-06-03 19:13:00,26.10,LPLOL 2026 Spring Playoffs,Bubliki,Otter Side,Otter Side,"[""Milio"", ""Orianna"", ""Wukong"", ""K'Sante"", ""Gnar""]","[""Xin Zhao"", ""Viktor"", ""Varus"", ""Shen"", ""Trundle""]","[""Pantheon"", ""Lulu"", ""Yunara"", ""Malzahar"", ""Ornn""]","[""Ashe"", ""Skarner"", ""Nautilus"", ""Cassiopeia"", ""Ambessa""]",[],[],0,leaguepedia_cargo_patch_range,1
Benelux Ascend Series/2026 Season/Spring Playoffs_Semifinals_2_4,2026-06-03 19:53:00,26.11,Benelux Ascend Series 2026 Spring Playoffs,Mind Blue eSports,FUSE,Mind Blue eSports,"[""Ambessa"", ""Naafiri"", ""Smolder"", ""Poppy"", ""Neeko""]","[""Yunara"", ""Xin Zhao"", ""Orianna"", ""Ahri"", ""Vex""]","[""Wukong"", ""Rell"", ""Kai'Sa"", ""Zoe"", ""Aatrox""]","[""Lee Sin"", ""Aurora"", ""Xayah"", ""Braum"", ""Gnar""]",[],[],1,leaguepedia_cargo_patch_range,0
NLC/2026 Season/Spring Playoffs_Round 3_1_5,2026-06-03 19:58:00,26.11,NLC 2026 Spring Playoffs,Ruddy Corporation,Deer Gaming,Ruddy Corporation,"[""Naafiri"", ""Sylas"", ""Jarvan IV"", ""Malphite"", ""Gnar""]","[""Ezreal"", ""Xin Zhao"", ""Orianna"", ""Gwen"", ""Jayce""]","[""Jhin"", ""Bard"", ""Mel"", ""Trundle"", ""Renekton""]","[""Xayah"", ""Rakan"", ""Xerath"", ""Skarner"", ""Cho'Gath""]",[],[],1,leaguepedia_cargo_patch_range,0
LPLOL/2026 Season/Spring Playoffs_Finals_1_3,2026-06-03 20:02:00,26.10,LPLOL 2026 Spring Playoffs,Bubliki,Otter Side,Otter Side,"[""Vi"", ""Gnar"", ""Milio"", ""Jax"", ""Jayce""]","[""Xin Zhao"", ""Nami"", ""Shen"", ""Janna"", ""Seraphine""]","[""Varus"", ""Wukong"", ""Hwei"", ""Alistar"", ""Tristana""]","[""Neeko"", ""Viktor"", ""Maokai"", ""Jhin"", ""Twisted Fate""]",[],[],0,leaguepedia_cargo_patch_range,1
Circuito Desafiante/2026 Season/Split 2 Promotion_Round 2_1_1,2026-06-03 20:04:00,26.11,CD 2026 Split 2 Promotion,Barulhinhos,Team Solid (Brazilian Team),Team Solid (Brazilian Team),"[""Jarvan IV"", ""Karma"", ""Rumble"", ""Gnar"", ""Pantheon""]","[""Orianna"", ""Nocturne"", ""Varus"", ""Xin Zhao"", ""Vi""]","[""Annie"", ""Ashe"", ""Seraphine"", ""Lee Sin"", ""Sion""]","[""Milio"", ""Lucian"", ""Akali"", ""Wukong"", ""Gwen""]",[],[],0,leaguepedia_cargo_patch_range,1
Circuito Desafiante/2026 Season/Split 2 Promotion_Round 2_1_2,2026-06-03 20:56:00,26.11,CD 2026 Split 2 Promotion,Team Solid (Brazilian Team),Barulhinhos,Team Solid (Brazilian Team),"[""Xin Zhao"", ""Nautilus"", ""Varus"", ""Aurora"", ""Ahri""]","[""Nocturne"", ""Karma"", ""Orianna"", ""Rumble"", ""Viktor""]","[""Jarvan IV"", ""Bard"", ""Sivir"", ""Cassiopeia"", ""K'Sante""]","[""Ezreal"", ""Vi"", ""Alistar"", ""Azir"", ""Garen""]",[],[],1,leaguepedia_cargo_patch_range,0
Circuito Desafiante/2026 Season/Split 2 Promotion_Round 2_1_3,2026-06-03 21:49:00,26.11,CD 2026 Split 2 Promotion,Team Solid (Brazilian Team),Barulhinhos,Barulhinhos,"[""Anivia"", ""Varus"", ""Rumble"", ""Caitlyn"", ""Jhin""]","[""Aurora"", ""Orianna"", ""Nocturne"", ""Renekton"", ""Kalista""]","[""Ryze"", ""Nautilus"", ""Trundle"", ""Miss Fortune"", ""Olaf""]","[""Karma"", ""Xin Zhao"", ""Viktor"", ""Corki"", ""Gnar""]",[],[],0,leaguepedia_cargo_patch_range,1
Circuito Desafiante/2026 Season/Split 2 Promotion_Round 2_1_4,2026-06-03 22:39:00,26.11,CD 2026 Split 2 Promotion,Team Solid (Brazilian Team),Barulhinhos,Team Solid (Brazilian Team),"[""Pantheon"", ""Aurora"", ""Varus"", ""Naafiri"", ""Vayne""]","[""Orianna"", ""Rumble"", ""Nocturne"", ""Kha'Zix"", ""Nasus""]","[""Caitlyn"", ""Lux"", ""Ahri"", ""Renekton"", ""Skarner""]","[""Neeko"", ""Jhin"", ""Mel"", ""Sejuani"", ""Jax""]",[],[],1,leaguepedia_cargo_patch_range,0
LJL/2026 Season/Spring Series_Week 6_3_1,2026-06-04 08:19:00,26.10,LJL 2026 Spring Series,RAYN Clocks,L Guide Gaming,RAYN Clocks,"[""Lucian"", ""Olaf"", ""Ezreal"", ""Bard"", ""Neeko""]","[""Nocturne"", ""Galio"", ""Rumble"", ""Alistar"", ""Nautilus""]","[""Viktor"", ""Jarvan IV"", ""Miss Fortune"", ""Braum"", ""Renekton""]","[""Varus"", ""Lee Sin"", ""Ryze"", ""Rell"", ""Gnar""]",[],[],1,leaguepedia_cargo_patch_range,0
LJL/2026 Season/Spring Series_Week 6_3_2,2026-06-04 09:14:00,26.10,LJL 2026 Spring Series,RAYN Clocks,L Guide Gaming,RAYN Clocks,"[""Lucian"", ""Olaf"", ""Bard"", ""Pantheon"", ""Jayce""]","[""Orianna"", ""Galio"", ""Caitlyn"", ""Aurora"", ""Sion""]","[""Ezreal"", ""Nocturne"", ""Neeko"", ""Gwen"", ""K'Sante""]","[""Rumble"", ""Kai'Sa"", ""Nautilus"", ""Wukong"", ""Annie""]",[],[],1,leaguepedia_cargo_patch_range,0
LJL/2026 Season/Spring Series_Week 6_4_1,2026-06-04 10:12:00,26.10,LJL 2026 Spring Series,FENNEL,Rising Gaming,Rising Gaming,"[""Lucian"", ""Ezreal"", ""Bard"", ""Sivir"", ""Neeko""]","[""Nocturne"", ""Ziggs"", ""Mel"", ""Sion"", ""Ornn""]","[""Orianna"", ""Lee Sin"", ""Varus"", ""K'Sante"", ""Nautilus""]","[""Akali"", ""Pantheon"", ""Rumble"", ""Jhin"", ""Leona""]",[],[],0,leaguepedia_cargo_patch_range,1
LJL/2026 Season/Spring Series_Week 6_4_2,2026-06-04 11:04:00,26.10,LJL 2026 Spring Series,FENNEL,Rising Gaming,Rising Gaming,"[""Lucian"", ""Bard"", ""Jarvan IV"", ""Viktor"", ""LeBlanc""]","[""Ziggs"", ""Ryze"", ""Azir"", ""Sylas"", ""Ambessa""]","[""Naafiri"", ""Sivir"", ""Karma"", ""Taliyah"", ""Sion""]","[""Nocturne"", ""Ezreal"", ""Alistar"", ""Gnar"", ""Zoe""]",[],[],0,leaguepedia_cargo_patch_range,1
LES/2026 Season/Spring Playoffs_Semifinals_2_1,2026-06-04 15:12:00,26.10,LES 2026 Spring Playoffs,Movistar KOI Fénix,UCAM Esports,Movistar KOI Fénix,"[""Akali"", ""Seraphine"", ""Ezreal"", ""Jarvan IV"", ""K'Sante""]","[""Nocturne"", ""Pyke"", ""Nautilus"", ""Xin Zhao"", ""Vi""]","[""Orianna"", ""Kalista"", ""Renata Glasc"", ""Pantheon"", ""Rumble""]","[""Lucian"", ""Milio"", ""Viktor"", ""Wukong"", ""Sion""]",[],[],1,leaguepedia_cargo_patch_range,0
Hitpoint 2nd Division Challengers/2026 Season/Spring Playoffs_Round 1_4_1,2026-06-04 15:15:00,26.10,Hitpoint 2nd Div Challengers 2026 Spring Playoffs,Diversion Gaming,Priority,Priority,"[""K'Sante"", ""Aurora"", ""Viego"", ""Olaf"", ""Zaahen""]","[""Ashe"", ""Ambessa"", ""Orianna"", ""Taliyah"", ""Cassiopeia""]","[""Karma"", ""Ezreal"", ""Vi"", ""Viktor"", ""Sion""]","[""Lulu"", ""Xin Zhao"", ""Yunara"", ""Ahri"", ""Dr. Mundo""]",[],[],0,leaguepedia_cargo_patch_range,1
LES/2026 Season/Spring Playoffs_Semifinals_2_2,2026-06-04 16:07:00,26.10,LES 2026 Spring Playoffs,UCAM Esports,Movistar KOI Fénix,UCAM Esports,"[""Nocturne"", ""Nautilus"", ""Pyke"", ""Varus"", ""Cassiopeia""]","[""Bard"", ""Karma"", ""Jarvan IV"", ""Anivia"", ""Syndra""]","[""Seraphine"", ""Skarner"", ""Ashe"", ""Gnar"", ""Akali""]","[""Xin Zhao"", ""Jhin"", ""Leona"", ""Hwei"", ""Vayne""]",[],[],1,leaguepedia_cargo_patch_range,0
Hitpoint 2nd Division Challengers/2026 Season/Spring Playoffs_Round 1_4_2,2026-06-04 16:13:00,26.10,Hitpoint 2nd Div Challengers 2026 Spring Playoffs,Diversion Gaming,Priority,Priority,"[""K'Sante"", ""Aurora"", ""Orianna"", ""Wukong"", ""Viego""]","[""Caitlyn"", ""Akali"", ""Ambessa"", ""Tristana"", ""Fiora""]","[""Cho'Gath"", ""Jarvan IV"", ""Taliyah"", ""Samira"", ""Nautilus""]","[""Ornn"", ""Nocturne"", ""Azir"", ""Ashe"", ""Seraphine""]",[],[],0,leaguepedia_cargo_patch_range,1
Hitpoint 2nd Division Challengers/2026 Season/Spring Playoffs_Round 1_4_3,2026-06-04 17:02:00,26.10,Hitpoint 2nd Div Challengers 2026 Spring Playoffs,Diversion Gaming,Priority,Priority,"[""Aurora"", ""K'Sante"", ""Orianna"", ""Jinx"", ""Sivir""]","[""Caitlyn"", ""Akali"", ""Ambessa"", ""Rell"", ""Fiora""]","[""Darius"", ""Amumu"", ""Syndra"", ""Varus"", ""Neeko""]","[""Zac"", ""Wukong"", ""Cassiopeia"", ""Smolder"", ""Milio""]",[],[],0,leaguepedia_cargo_patch_range,1
LES/2026 Season/Spring Playoffs_Semifinals_2_3,2026-06-04 17:13:00,26.10,LES 2026 Spring Playoffs,Movistar KOI Fénix,UCAM Esports,UCAM Esports,"[""Caitlyn"", ""Lee Sin"", ""Ezreal"", ""Yunara"", ""Jayce""]","[""Nocturne"", ""Nautilus"", ""Jarvan IV"", ""Varus"", ""Trundle""]","[""Anivia"", ""Xayah"", ""Rakan"", ""Renekton"", ""Sejuani""]","[""Vi"", ""Aurora"", ""Lulu"", ""Jinx"", ""Taliyah""]",[],[],0,leaguepedia_cargo_patch_range,1
Arabian League/2026 Season/Summer Promotion_Round 2_1_1,2026-06-04 17:23:00,26.11,Arabian League 2026 Summer Promotion,Pyramid IV Esports,JSK Esports,JSK Esports,"[""Karma"", ""Skarner"", ""Seraphine"", ""Leona"", ""Gwen""]","[""Zoe"", ""Bard"", ""LeBlanc"", ""Braum"", ""Rell""]","[""Orianna"", ""Jarvan IV"", ""Ezreal"", ""Shen"", ""Nautilus""]","[""Nocturne"", ""Akali"", ""Kai'Sa"", ""Sion"", ""Alistar""]",[],[],0,leaguepedia_cargo_patch_range,1
LES/2026 Season/Spring Playoffs_Semifinals_2_4,2026-06-04 18:07:00,26.10,LES 2026 Spring Playoffs,Movistar KOI Fénix,UCAM Esports,Movistar KOI Fénix,"[""Caitlyn"", ""Lee Sin"", ""Ezreal"", ""Alistar"", ""Jax""]","[""Nocturne"", ""Syndra"", ""Varus"", ""Galio"", ""Ambessa""]","[""Jarvan IV"", ""Senna"", ""Nautilus"", ""LeBlanc"", ""Olaf""]","[""Cassiopeia"", ""Poppy"", ""Smolder"", ""Rell"", ""Zaahen""]",[],[],1,leaguepedia_cargo_patch_range,0
Arabian League/2026 Season/Summer Promotion_Round 2_1_2,2026-06-04 18:35:00,26.11,Arabian League 2026 Summer Promotion,JSK Esports,Pyramid IV Esports,Pyramid IV Esports,"[""Zoe"", ""Mel"", ""Bard"", ""Smolder"", ""Tristana""]","[""Pantheon"", ""Seraphine"", ""Karma"", ""Ashe"", ""K'Sante""]","[""Gnar"", ""Xin Zhao"", ""LeBlanc"", ""Kog'Maw"", ""Braum""]","[""Renekton"", ""Sejuani"", ""Ahri"", ""Aphelios"", ""Rell""]",[],[],0,leaguepedia_cargo_patch_range,1
LES/2026 Season/Spring Playoffs_Semifinals_2_5,2026-06-04 19:00:00,26.10,LES 2026 Spring Playoffs,UCAM Esports,Movistar KOI Fénix,UCAM Esports,"[""Varus"", ""Syndra"", ""Nocturne"", ""Brand"", ""Nidalee""]","[""Caitlyn"", ""Lee Sin"", ""Karma"", ""Gwen"", ""Naafiri""]","[""Ryze"", ""Sivir"", ""Alistar"", ""Kindred"", ""Ambessa""]","[""Neeko"", ""Tristana"", ""K'Sante"", ""Trundle"", ""Kai'Sa""]",[],[],1,leaguepedia_cargo_patch_range,0
Arabian League/2026 Season/Summer Promotion_Round 2_1_3,2026-06-04 19:33:00,26.11,Arabian League 2026 Summer Promotion,Pyramid IV Esports,JSK Esports,JSK Esports,"[""Pantheon"", ""Karma"", ""Seraphine"", ""Skarner"", ""K'Sante""]","[""Zoe"", ""Bard"", ""Mel"", ""Vi"", ""Ornn""]","[""Aurora"", ""Corki"", ""Leona"", ""Zaahen"", ""Kennen""]","[""Viktor"", ""Nami"", ""Lucian"", ""Wukong"", ""Jayce""]",[],[],0,leaguepedia_cargo_patch_range,1
Circuito Desafiante/2026 Season/Split 2 Promotion_Round 1_3_1,2026-06-04 20:05:00,26.11,CD 2026 Split 2 Promotion,Marere Invokers,Kuma eSports B,Marere Invokers,"[""Pantheon"", ""Karma"", ""Jarvan IV"", ""Pyke"", ""Gnar""]","[""Zoe"", ""Rumble"", ""Orianna"", ""Braum"", ""Milio""]","[""Nocturne"", ""Lucian"", ""Ryze"", ""Rell"", ""Sion""]","[""Varus"", ""Wukong"", ""Anivia"", ""Nautilus"", ""Ambessa""]",[],[],1,leaguepedia_cargo_patch_range,0
North American Challengers League/2026 Season/Spring Playoffs_Round 4_2_1,2026-06-04 20:21:00,26.10,NACL 2026 Spring Playoffs,Winthrop University,CCG Esports,CCG Esports,"[""Karma"", ""Varus"", ""Ezreal"", ""Caitlyn"", ""Nami""]","[""Jarvan IV"", ""Gwen"", ""Lucian"", ""Ashe"", ""Lulu""]","[""Sion"", ""Wukong"", ""Orianna"", ""Jhin"", ""Neeko""]","[""Swain"", ""Nocturne"", ""Azir"", ""Xayah"", ""Leona""]",[],[],0,leaguepedia_cargo_patch_range,1
Arabian League/2026 Season/Summer Promotion_Round 2_1_4,2026-06-04 20:47:00,26.11,Arabian League 2026 Summer Promotion,Pyramid IV Esports,JSK Esports,JSK Esports,"[""Karma"", ""Ryze"", ""Pantheon"", ""Galio"", ""Gwen""]","[""Zoe"", ""Mel"", ""Bard"", ""Syndra"", ""Hwei""]","[""Seraphine"", ""Jinx"", ""Trundle"", ""K'Sante"", ""Taliyah""]","[""Milio"", ""Sivir"", ""Naafiri"", ""Cassiopeia"", ""Aatrox""]",[],[],0,leaguepedia_cargo_patch_range,1
Circuito Desafiante/2026 Season/Split 2 Promotion_Round 1_3_2,2026-06-04 20:52:00,26.11,CD 2026 Split 2 Promotion,Kuma eSports B,Marere Invokers,Marere Invokers,"[""Zoe"", ""Seraphine"", ""Orianna"", ""Rakan"", ""Braum""]","[""Pantheon"", ""Caitlyn"", ""Karma"", ""Pyke"", ""Viktor""]","[""Ezreal"", ""K'Sante"", ""Lee Sin"", ""Leona"", ""Aurora""]","[""Kai'Sa"", ""Rumble"", ""Vi"", ""Bard"", ""Annie""]",[],[],0,leaguepedia_cargo_patch_range,1
North American Challengers League/2026 Season/Spring Playoffs_Round 4_2_2,2026-06-04 21:16:00,26.10,NACL 2026 Spring Playoffs,Winthrop University,CCG Esports,CCG Esports,"[""Karma"", ""Varus"", ""Nautilus"", ""Nasus"", ""Singed""]","[""Gwen"", ""Jarvan IV"", ""Lucian"", ""Jayce"", ""Gnar""]","[""Ezreal"", ""Anivia"", ""Nami"", ""Ambessa"", ""Trundle""]","[""Cassiopeia"", ""Bard"", ""Caitlyn"", ""Ornn"", ""Naafiri""]",[],[],0,leaguepedia_cargo_patch_range,1
Circuito Desafiante/2026 Season/Split 2 Promotion_Round 1_3_3,2026-06-04 21:38:00,26.11,CD 2026 Split 2 Promotion,Kuma eSports B,Marere Invokers,Marere Invokers,"[""Zoe"", ""Seraphine"", ""Orianna"", ""Lulu"", ""Milio""]","[""Caitlyn"", ""Pantheon"", ""Karma"", ""Alistar"", ""Pyke""]","[""Aatrox"", ""Syndra"", ""Kalista"", ""Blitzcrank"", ""Renekton""]","[""Xin Zhao"", ""Viktor"", ""Ashe"", ""Neeko"", ""Gnar""]",[],[],0,leaguepedia_cargo_patch_range,1
North American Challengers League/2026 Season/Spring Playoffs_Round 4_2_3,2026-06-04 22:29:00,26.10,NACL 2026 Spring Playoffs,Winthrop University,CCG Esports,Winthrop University,"[""Nasus"", ""Varus"", ""Nautilus"", ""Ashe"", ""Vi""]","[""Gwen"", ""Lucian"", ""Jarvan IV"", ""Taliyah"", ""Twisted Fate""]","[""Karma"", ""Gnar"", ""Xin Zhao"", ""Yunara"", ""Malzahar""]","[""Ryze"", ""Lulu"", ""Yorick"", ""Rek'Sai"", ""Sivir""]",[],[],1,leaguepedia_cargo_patch_range,0
North American Challengers League/2026 Season/Spring Playoffs_Round 4_2_4,2026-06-04 23:19:00,26.10,NACL 2026 Spring Playoffs,Winthrop University,CCG Esports,Winthrop University,"[""Nasus"", ""Malphite"", ""Varus"", ""Rakan"", ""Braum""]","[""Gwen"", ""Jarvan IV"", ""Lucian"", ""Aphelios"", ""Senna""]","[""Viktor"", ""Skarner"", ""Jayce"", ""Alistar"", ""Corki""]","[""Sejuani"", ""Yone"", ""K'Sante"", ""Nautilus"", ""Kai'Sa""]",[],[],1,leaguepedia_cargo_patch_range,0
North American Challengers League/2026 Season/Spring Playoffs_Round 4_2_5,2026-06-05 00:17:00,26.10,NACL 2026 Spring Playoffs,Winthrop University,CCG Esports,CCG Esports,"[""Gwen"", ""Camille"", ""Aphelios"", ""Jinx"", ""Ziggs""]","[""Varus"", ""Nasus"", ""Lucian"", ""Ashe"", ""Braum""]","[""Jarvan IV"", ""Gragas"", ""Galio"", ""Tristana"", ""Rakan""]","[""Annie"", ""Lee Sin"", ""Aatrox"", ""Miss Fortune"", ""Poppy""]",[],[],0,leaguepedia_cargo_patch_range,1
2026 Asia Masters/APAC Qualifier_Qualifier_1_1,2026-06-05 04:13:00,26.11,Asia Masters 2026: APAC Qualifier,SillySilly Gaming,Arneb,SillySilly Gaming,"[""Rengar"", ""Rumble"", ""Varus"", ""Ambessa"", ""Olaf""]","[""Karma"", ""Nocturne"", ""Cassiopeia"", ""Miss Fortune"", ""Sion""]","[""Naafiri"", ""Orianna"", ""Nautilus"", ""Senna"", ""K'Sante""]","[""Ryze"", ""Ezreal"", ""Wukong"", ""Alistar"", ""Gnar""]",[],[],1,leaguepedia_cargo_patch_range,0
2026 Asia Masters/APAC Qualifier_Qualifier_1_2,2026-06-05 04:52:00,26.11,Asia Masters 2026: APAC Qualifier,SillySilly Gaming,Arneb,SillySilly Gaming,"[""Rengar"", ""Rumble"", ""Varus"", ""Lulu"", ""Ambessa""]","[""Karma"", ""Nocturne"", ""Seraphine"", ""LeBlanc"", ""Akali""]","[""Pantheon"", ""Bard"", ""Jhin"", ""Maokai"", ""Ahri""]","[""Cassiopeia"", ""Trundle"", ""Yunara"", ""Leona"", ""Sion""]",[],[],1,leaguepedia_cargo_patch_range,0
2026 Asia Masters/APAC Qualifier_Qualifier_2_1,2026-06-05 05:54:00,26.11,Asia Masters 2026: APAC Qualifier,Saigon Dino,Arneb,Arneb,"[""Rumble"", ""Jarvan IV"", ""Varus"", ""Lulu"", ""Bard""]","[""Nocturne"", ""Naafiri"", ""Cassiopeia"", ""Lucian"", ""Nautilus""]","[""Lee Sin"", ""Orianna"", ""Sion"", ""Mel"", ""Leona""]","[""Xin Zhao"", ""Ryze"", ""Ambessa"", ""Seraphine"", ""Jhin""]",[],[],0,leaguepedia_cargo_patch_range,1
2026 Asia Masters/APAC Qualifier_Qualifier_2_2,2026-06-05 06:56:00,26.11,Asia Masters 2026: APAC Qualifier,Arneb,Saigon Dino,Saigon Dino,"[""Pantheon"", ""Vi"", ""Cassiopeia"", ""Annie"", ""Ahri""]","[""Rumble"", ""Varus"", ""Nocturne"", ""Lucian"", ""Bard""]","[""Jarvan IV"", ""K'Sante"", ""Aurora"", ""Ezreal"", ""Rakan""]","[""Nautilus"", ""Naafiri"", ""Skarner"", ""Taliyah"", ""Kai'Sa""]",[],[],0,leaguepedia_cargo_patch_range,1
2026 Asia Masters/APAC Qualifier_Qualifier_2_3,2026-06-05 07:42:00,26.11,Asia Masters 2026: APAC Qualifier,Saigon Dino,Arneb,Saigon Dino,"[""Varus"", ""Bard"", ""Gnar"", ""Lucian"", ""Lulu""]","[""Vi"", ""Nocturne"", ""Cassiopeia"", ""Alistar"", ""Caitlyn""]","[""Rumble"", ""Viktor"", ""Pantheon"", ""Ashe"", ""Neeko""]","[""Annie"", ""Yorick"", ""Trundle"", ""Miss Fortune"", ""Camille""]",[],[],1,leaguepedia_cargo_patch_range,0
2026 Asia Masters/APAC Qualifier_Qualifier_3_1,2026-06-05 08:38:00,26.11,Asia Masters 2026: APAC Qualifier,Saigon Dino,SillySilly Gaming,Saigon Dino,"[""Karma"", ""Varus"", ""Ezreal"", ""Sivir"", ""Orianna""]","[""Rengar"", ""Cassiopeia"", ""Nocturne"", ""Lee Sin"", ""Xin Zhao""]","[""Ryze"", ""Rumble"", ""Nautilus"", ""Naafiri"", ""Miss Fortune""]","[""Jarvan IV"", ""Bard"", ""Galio"", ""Taliyah"", ""Caitlyn""]",[],[],1,leaguepedia_cargo_patch_range,0
LPL/2026 Season/Split 2 Playoffs_Round 2_3_1,2026-06-05 09:14:00,26.10,LPL 2026 Split 2 Playoffs,LGD Gaming,Anyone's Legend,Anyone's Legend,"[""Nocturne"", ""Karma"", ""Vi"", ""Corki"", ""Sivir""]","[""Orianna"", ""Seraphine"", ""Caitlyn"", ""Jarvan IV"", ""Neeko""]","[""Varus"", ""Ryze"", ""Sion"", ""Naafiri"", ""Bard""]","[""Rumble"", ""Trundle"", ""Anivia"", ""Jhin"", ""Nautilus""]",[],[],0,leaguepedia_cargo_patch_range,1
LCP/2026 Season/Split 2 Playoffs_Round 2_3_1,2026-06-05 09:16:00,26.10,LCP 2026 Split 2 Playoffs,GAM Esports,MVK Esports,GAM Esports,"[""Seraphine"", ""Nocturne"", ""Akali"", ""Naafiri"", ""Xin Zhao""]","[""Nautilus"", ""Ezreal"", ""Rumble"", ""Sivir"", ""Jayce""]","[""Cassiopeia"", ""Jarvan IV"", ""Bard"", ""Jhin"", ""Sion""]","[""Varus"", ""Orianna"", ""Pyke"", ""Lee Sin"", ""Zaahen""]",[],[],1,leaguepedia_cargo_patch_range,0
2026 Asia Masters/APAC Qualifier_Qualifier_3_2,2026-06-05 09:25:00,26.11,Asia Masters 2026: APAC Qualifier,Saigon Dino,SillySilly Gaming,Saigon Dino,"[""Karma"", ""Varus"", ""Seraphine"", ""Xayah"", ""Ezreal""]","[""Rengar"", ""Cassiopeia"", ""Nocturne"", ""Gwen"", ""Ahri""]","[""Vi"", ""Lucian"", ""Milio"", ""Orianna"", ""Gnar""]","[""Lee Sin"", ""Annie"", ""Sion"", ""Yunara"", ""Lulu""]",[],[],1,leaguepedia_cargo_patch_range,0
LCP/2026 Season/Split 2 Playoffs_Round 2_3_2,2026-06-05 10:05:00,26.10,LCP 2026 Split 2 Playoffs,MVK Esports,GAM Esports,GAM Esports,"[""Seraphine"", ""Nocturne"", ""Lucian"", ""Aurora"", ""Vayne""]","[""Ezreal"", ""Rumble"", ""Ryze"", ""Ziggs"", ""Mel""]","[""Vi"", ""Ahri"", ""Nautilus"", ""Miss Fortune"", ""Gnar""]","[""Naafiri"", ""Karma"", ""Caitlyn"", ""Lissandra"", ""Tristana""]",[],[],0,leaguepedia_cargo_patch_range,1
LPL/2026 Season/Split 2 Playoffs_Round 2_3_2,2026-06-05 10:12:00,26.10,LPL 2026 Split 2 Playoffs,LGD Gaming,Anyone's Legend,Anyone's Legend,"[""Nocturne"", ""Akali"", ""Seraphine"", ""Vayne"", ""Gnar""]","[""Orianna"", ""Vi"", ""Karma"", ""Lee Sin"", ""Wukong""]","[""Annie"", ""Ezreal"", ""Neeko"", ""Shen"", ""Pantheon""]","[""Caitlyn"", ""Cassiopeia"", ""Pyke"", ""Skarner"", ""Gangplank""]",[],[],0,leaguepedia_cargo_patch_range,1
LCP/2026 Season/Split 2 Playoffs_Round 2_3_3,2026-06-05 10:56:00,26.10,LCP 2026 Split 2 Playoffs,MVK Esports,GAM Esports,GAM Esports,"[""Rumble"", ""Twisted Fate"", ""Jayce"", ""Olaf"", ""Vayne""]","[""Nocturne"", ""Seraphine"", ""Ryze"", ""Aatrox"", ""Wukong""]","[""Annie"", ""Ezreal"", ""Nami"", ""K'Sante"", ""Kindred""]","[""Lucian"", ""Milio"", ""Akali"", ""Xin Zhao"", ""Gwen""]",[],[],0,leaguepedia_cargo_patch_range,1
LPL/2026 Season/Split 2 Playoffs_Round 2_3_3,2026-06-05 11:09:00,26.10,LPL 2026 Split 2 Playoffs,LGD Gaming,Anyone's Legend,Anyone's Legend,"[""Nocturne"", ""Vi"", ""Draven"", ""Vayne"", ""Gnar""]","[""Orianna"", ""Seraphine"", ""Jarvan IV"", ""Akali"", ""LeBlanc""]","[""Lucian"", ""Twisted Fate"", ""Milio"", ""K'Sante"", ""Lee Sin""]","[""Lulu"", ""Miss Fortune"", ""Wukong"", ""Ahri"", ""Renekton""]",[],[],0,leaguepedia_cargo_patch_range,1
LES/2026 Season/Spring Playoffs_Third-Place Match_1_1,2026-06-05 13:11:00,26.10,LES 2026 Spring Playoffs,Movistar KOI Fénix,Barça eSports,Barça eSports,"[""Nautilus"", ""Lux"", ""Anivia"", ""Annie"", ""Jarvan IV""]","[""Orianna"", ""Wukong"", ""Cassiopeia"", ""Xin Zhao"", ""Lee Sin""]","[""Ryze"", ""Ashe"", ""Seraphine"", ""Nocturne"", ""Yorick""]","[""Varus"", ""Lucian"", ""Milio"", ""Mel"", ""Skarner""]",[],[],0,leaguepedia_cargo_patch_range,1
LES/2026 Season/Spring Playoffs_Third-Place Match_1_2,2026-06-05 14:08:00,26.10,LES 2026 Spring Playoffs,Movistar KOI Fénix,Barça eSports,Movistar KOI Fénix,"[""Nautilus"", ""Lux"", ""Lee Sin"", ""Vi"", ""Aurora""]","[""Cassiopeia"", ""Karma"", ""Ambessa"", ""Akali""]","[""K'Sante"", ""Jarvan IV"", ""Viktor"", ""Ezreal"", ""Neeko""]","[""Rumble"", ""Naafiri"", ""Annie"", ""Caitlyn"", ""Bard""]",[],[],1,leaguepedia_cargo_patch_range,0
Hitpoint Masters/2026 Season/Spring Playoffs_Finals_1_1,2026-06-05 14:17:00,26.11,Hitpoint Masters 2026 Spring Playoffs,CITA Kaizen,Nightbirds,CITA Kaizen,"[""Karma"", ""Nocturne"", ""Lucian"", ""Lulu"", ""Varus""]","[""Nautilus"", ""Akali"", ""Bard"", ""Neeko"", ""Leona""]","[""Sion"", ""Naafiri"", ""Ahri"", ""Ezreal"", ""Senna""]","[""K'Sante"", ""Wukong"", ""Orianna"", ""Yunara"", ""Rakan""]",[],[],1,leaguepedia_cargo_patch_range,0
TCL/2026 Season/Spring Playoffs_Finals_1_1,2026-06-05 14:52:00,26.11,TCL 2026 Spring Playoffs,Misa Esports,PCIFIC Esports,Misa Esports,"[""Nautilus"", ""Varus"", ""Caitlyn"", ""Vayne"", ""Gnar""]","[""Orianna"", ""Karma"", ""Lucian"", ""Jarvan IV"", ""Nocturne""]","[""Ezreal"", ""Bard"", ""Anivia"", ""K'Sante"", ""Naafiri""]","[""Ashe"", ""Seraphine"", ""Aurora"", ""Xin Zhao"", ""Akali""]",[],[],1,leaguepedia_cargo_patch_range,0
Hitpoint Masters/2026 Season/Spring Playoffs_Finals_1_2,2026-06-05 15:06:00,26.11,Hitpoint Masters 2026 Spring Playoffs,CITA Kaizen,Nightbirds,CITA Kaizen,"[""Nautilus"", ""Nocturne"", ""Lucian"", ""Poppy"", ""Sivir""]","[""Karma"", ""Bard"", ""Ashe"", ""Caitlyn"", ""Zeri""]","[""Cassiopeia"", ""Lee Sin"", ""Rumble"", ""Irelia"", ""Pyke""]","[""Viktor"", ""Jarvan IV"", ""Varus"", ""Jhin"", ""Rell""]",[],[],1,leaguepedia_cargo_patch_range,0
LES/2026 Season/Spring Playoffs_Third-Place Match_1_3,2026-06-05 15:06:00,26.10,LES 2026 Spring Playoffs,Barça eSports,Movistar KOI Fénix,Movistar KOI Fénix,"[""Cassiopeia"", ""Wukong"", ""Karma"", ""Kai'Sa"", ""Senna""]","[""Orianna"", ""Lux"", ""Lulu"", ""Pantheon"", ""Syndra""]","[""Jayce"", ""Xayah"", ""Rakan"", ""Lissandra"", ""Xin Zhao""]","[""Vi"", ""Aurora"", ""Nautilus"", ""Jinx"", ""Malphite""]",[],[],0,leaguepedia_cargo_patch_range,1
TCL/2026 Season/Spring Playoffs_Finals_1_2,2026-06-05 15:48:00,26.11,TCL 2026 Spring Playoffs,PCIFIC Esports,Misa Esports,Misa Esports,"[""Nautilus"", ""Jarvan IV"", ""Cassiopeia"", ""Karma"", ""Pyke""]","[""Orianna"", ""Caitlyn"", ""Varus"", ""Gnar"", ""Pantheon""]","[""Milio"", ""Lucian"", ""LeBlanc"", ""Trundle"", ""Yorick""]","[""Ryze"", ""Lee Sin"", ""Gragas"", ""Xayah"", ""Rakan""]",[],[],0,leaguepedia_cargo_patch_range,1
LES/2026 Season/Spring Playoffs_Finals_1_1,2026-06-05 15:54:00,26.10,LES 2026 Spring Playoffs,Team Heretics Academy,UCAM Esports,Team Heretics Academy,"[""Orianna"", ""Nautilus"", ""Pyke"", ""K'Sante"", ""Vayne""]","[""Anivia"", ""Varus"", ""Cassiopeia"", ""Ryze"", ""Akali""]","[""Rumble"", ""Lee Sin"", ""Yone"", ""Caitlyn"", ""Elise""]","[""Ambessa"", ""Jarvan IV"", ""Viktor"", ""Jhin"", ""Bard""]",[],[],1,leaguepedia_cargo_patch_range,0
Arabian League/2026 Season/Summer Promotion_Round 2_2_1,2026-06-05 16:06:00,26.11,Arabian League 2026 Summer Promotion,GnG Amazigh,Pyramid IV Esports,Pyramid IV Esports,"[""Zoe"", ""Jarvan IV"", ""Bard"", ""Ambessa"", ""Rell""]","[""Nocturne"", ""Karma"", ""Xin Zhao"", ""Neeko"", ""Alistar""]","[""Orianna"", ""Dr. Mundo"", ""Ezreal"", ""Braum"", ""Zaahen""]","[""Akali"", ""Wukong"", ""Kai'Sa"", ""Nautilus"", ""K'Sante""]",[],[],0,leaguepedia_cargo_patch_range,1
NLC/2026 Season/Spring Playoffs_Finals_1_1,2026-06-05 16:08:00,26.11,NLC 2026 Spring Playoffs,Verdant,Ruddy Corporation,Verdant,"[""Ezreal"", ""Xin Zhao"", ""Viktor"", ""Ambessa"", ""Mel""]","[""Varus"", ""Jayce"", ""Orianna"", ""Ryze"", ""Akali""]","[""Jarvan IV"", ""Ashe"", ""Seraphine"", ""Cassiopeia"", ""Sion""]","[""Wukong"", ""Karma"", ""Jhin"", ""Ahri"", ""Gwen""]",[],[],1,leaguepedia_cargo_patch_range,0
Hitpoint Masters/2026 Season/Spring Playoffs_Finals_1_3,2026-06-05 16:09:00,26.11,Hitpoint Masters 2026 Spring Playoffs,CITA Kaizen,Nightbirds,CITA Kaizen,"[""Nocturne"", ""Lucian"", ""Vayne"", ""Sivir"", ""Aatrox""]","[""Bard"", ""Karma"", ""Ryze"", ""Braum"", ""Xayah""]","[""Jayce"", ""Zyra"", ""Ornn"", ""Kalista"", ""Renata Glasc""]","[""Aurora"", ""Nautilus"", ""Vi"", ""Ambessa"", ""Ashe""]",[],[],1,leaguepedia_cargo_patch_range,0
TCL/2026 Season/Spring Playoffs_Finals_1_3,2026-06-05 16:46:00,26.11,TCL 2026 Spring Playoffs,Misa Esports,PCIFIC Esports,Misa Esports,"[""Nautilus"", ""Varus"", ""Jarvan IV"", ""Vayne"", ""Gnar""]","[""Orianna"", ""Karma"", ""Nocturne"", ""Wukong"", ""Jayce""]","[""Caitlyn"", ""Neeko"", ""Cassiopeia"", ""Rumble"", ""Qiyana""]","[""Jhin"", ""Pantheon"", ""Alistar"", ""Taliyah"", ""Galio""]",[],[],1,leaguepedia_cargo_patch_range,0
LES/2026 Season/Spring Playoffs_Finals_1_2,2026-06-05 16:49:00,26.10,LES 2026 Spring Playoffs,UCAM Esports,Team Heretics Academy,Team Heretics Academy,"[""Orianna"", ""Anivia"", ""Varus"", ""Kai'Sa"", ""Sivir""]","[""Nautilus"", ""Pyke"", ""Olaf"", ""LeBlanc"", ""Vayne""]","[""Renekton"", ""Xin Zhao"", ""Hwei"", ""Ezreal"", ""Seraphine""]","[""Gnar"", ""Nocturne"", ""Cassiopeia"", ""Miss Fortune"", ""Neeko""]",[],[],0,leaguepedia_cargo_patch_range,1
NLC/2026 Season/Spring Playoffs_Finals_1_2,2026-06-05 17:00:00,26.11,NLC 2026 Spring Playoffs,Verdant,Ruddy Corporation,Verdant,"[""Ezreal"", ""Viktor"", ""Syndra"", ""Lulu"", ""Braum""]","[""Varus"", ""Jayce"", ""Orianna"", ""Ryze"", ""Akali""]","[""Xin Zhao"", ""Senna"", ""Nautilus"", ""Taliyah"", ""Gangplank""]","[""Aurora"", ""Nocturne"", ""Sivir"", ""Rakan"", ""Kassadin""]",[],[],1,leaguepedia_cargo_patch_range,0
Benelux Ascend Series/2026 Season/Spring Playoffs_Finals_1_1,2026-06-05 17:08:00,26.11,Benelux Ascend Series 2026 Spring Playoffs,SNOOZE Esports,Mind Blue eSports,Mind Blue eSports,"[""Bard"", ""Volibear"", ""LeBlanc"", ""Xin Zhao"", ""Vi""]","[""Graves"", ""Ambessa"", ""Ashe"", ""Sion"", ""K'Sante""]","[""Orianna"", ""Wukong"", ""Rakan"", ""Sivir"", ""Gnar""]","[""Ezreal"", ""Karma"", ""Viktor"", ""Skarner"", ""Varus""]",[],[],0,leaguepedia_cargo_patch_range,1
Arabian League/2026 Season/Summer Promotion_Round 2_2_2,2026-06-05 17:09:00,26.11,Arabian League 2026 Summer Promotion,Pyramid IV Esports,GnG Amazigh,GnG Amazigh,"[""Nocturne"", ""Naafiri"", ""Karma"", ""Sion"", ""Kled""]","[""Zoe"", ""Bard"", ""LeBlanc"", ""Mel"", ""Ryze""]","[""Xin Zhao"", ""Yunara"", ""Lulu"", ""Aurora"", ""Renekton""]","[""Jarvan IV"", ""Neeko"", ""Corki"", ""Ahri"", ""Rumble""]",[],[],0,leaguepedia_cargo_patch_range,1
NLC/2026 Season/Spring Playoffs_Finals_1_3,2026-06-05 17:51:00,26.11,NLC 2026 Spring Playoffs,Verdant,Ruddy Corporation,Verdant,"[""Viktor"", ""Syndra"", ""Vex"", ""Mel"", ""Ambessa""]","[""Varus"", ""Orianna"", ""Jayce"", ""Ryze"", ""Akali""]","[""Ezreal"", ""Naafiri"", ""Bard"", ""Rumble"", ""Xayah""]","[""Kai'Sa"", ""Vi"", ""Leona"", ""Aurelion Sol"", ""Quinn""]",[],[],1,leaguepedia_cargo_patch_range,0
LES/2026 Season/Spring Playoffs_Finals_1_3,2026-06-05 17:53:00,26.10,LES 2026 Spring Playoffs,UCAM Esports,Team Heretics Academy,UCAM Esports,"[""Orianna"", ""Anivia"", ""Varus"", ""LeBlanc"", ""Akali""]","[""Pyke"", ""Kalista"", ""Olaf"", ""Vayne"", ""Gwen""]","[""Fiora"", ""Wukong"", ""Ryze"", ""Senna"", ""Nautilus""]","[""K'Sante"", ""Aatrox"", ""Taliyah"", ""Lucian"", ""Milio""]",[],[],1,leaguepedia_cargo_patch_range,0
Benelux Ascend Series/2026 Season/Spring Playoffs_Finals_1_2,2026-06-05 17:59:00,26.11,Benelux Ascend Series 2026 Spring Playoffs,SNOOZE Esports,Mind Blue eSports,SNOOZE Esports,"[""Bard"", ""Volibear"", ""Caitlyn"", ""Xin Zhao"", ""Fiora""]","[""Graves"", ""Ambessa"", ""Ashe"", ""Jarvan IV"", ""Pantheon""]","[""Aurora"", ""Braum"", ""Yunara"", ""Nocturne"", ""Camille""]","[""Ryze"", ""Rell"", ""Jinx"", ""K'Sante"", ""Kindred""]",[],[],1,leaguepedia_cargo_patch_range,0
Arabian League/2026 Season/Summer Promotion_Round 2_2_3,2026-06-05 18:11:00,26.11,Arabian League 2026 Summer Promotion,GnG Amazigh,Pyramid IV Esports,GnG Amazigh,"[""Zoe"", ""Mel"", ""Bard"", ""Ashe"", ""Sivir""]","[""Nocturne"", ""Naafiri"", ""Karma"", ""Kled"", ""Aatrox""]","[""Ryze"", ""Vi"", ""Jhin"", ""Rakan"", ""Mordekaiser""]","[""Pantheon"", ""Taliyah"", ""Sion"", ""Xayah"", ""Leona""]",[],[],1,leaguepedia_cargo_patch_range,0
LES/2026 Season/Spring Playoffs_Finals_1_4,2026-06-05 18:44:00,26.10,LES 2026 Spring Playoffs,Team Heretics Academy,UCAM Esports,Team Heretics Academy,"[""Orianna"", ""Pyke"", ""Varus"", ""Annie"", ""LeBlanc""]","[""Akali"", ""Anivia"", ""Olaf"", ""Jayce"", ""Aurora""]","[""Shen"", ""Pantheon"", ""Ahri"", ""Ashe"", ""Soraka""]","[""Jax"", ""Vi"", ""Sylas"", ""Kalista"", ""Renata Glasc""]",[],[],1,leaguepedia_cargo_patch_range,0
Benelux Ascend Series/2026 Season/Spring Playoffs_Finals_1_3,2026-06-05 18:50:00,26.11,Benelux Ascend Series 2026 Spring Playoffs,Mind Blue eSports,SNOOZE Esports,SNOOZE Esports,"[""Ambessa"", ""Graves"", ""Ashe"", ""Jhin"", ""Jayce""]","[""Bard"", ""Volibear"", ""Caitlyn"", ""Akali"", ""Xin Zhao""]","[""Rumble"", ""Kai'Sa"", ""Nautilus"", ""Naafiri"", ""Galio""]","[""Ahri"", ""Vi"", ""Alistar"", ""Heimerdinger"", ""Yone""]",[],[],0,leaguepedia_cargo_patch_range,1
Arabian League/2026 Season/Summer Promotion_Round 2_2_4,2026-06-05 19:10:00,26.11,Arabian League 2026 Summer Promotion,GnG Amazigh,Pyramid IV Esports,GnG Amazigh,"[""Zoe"", ""Mel"", ""LeBlanc"", ""Hwei"", ""Syndra""]","[""Nocturne"", ""Naafiri"", ""Karma"", ""Qiyana"", ""Rengar""]","[""Bard"", ""Ziggs"", ""Aatrox"", ""Sylas"", ""Kha'Zix""]","[""Ashe"", ""Seraphine"", ""Trundle"", ""Viktor"", ""Ambessa""]",[],[],1,leaguepedia_cargo_patch_range,0
Benelux Ascend Series/2026 Season/Spring Playoffs_Finals_1_4,2026-06-05 19:46:00,26.11,Benelux Ascend Series 2026 Spring Playoffs,SNOOZE Esports,Mind Blue eSports,SNOOZE Esports,"[""Bard"", ""Volibear"", ""Caitlyn"", ""Xin Zhao"", ""Sion""]","[""Ambessa"", ""Graves"", ""Ashe"", ""Jayce"", ""Master Yi""]","[""Annie"", ""Jhin"", ""Leona"", ""Jax"", ""Lee Sin""]","[""Syndra"", ""Corki"", ""Taric"", ""Jarvan IV"", ""Malphite""]",[],[],1,leaguepedia_cargo_patch_range,0
North American Challengers League/2026 Season/Spring Playoffs_Finals_1_1,2026-06-05 20:09:00,26.10,NACL 2026 Spring Playoffs,Conviction,CCG Esports,Conviction,"[""Nocturne"", ""Cassiopeia"", ""Jarvan IV"", ""Naafiri"", ""Wukong""]","[""Varus"", ""Lucian"", ""Caitlyn"", ""Gwen"", ""Trundle""]","[""Karma"", ""Kog'Maw"", ""Ezreal"", ""Ambessa"", ""Vi""]","[""Orianna"", ""Nautilus"", ""Kai'Sa"", ""Sion"", ""Shyvana""]",[],[],1,leaguepedia_cargo_patch_range,0
Circuito Desafiante/2026 Season/Split 2 Promotion_Round 2_2_1,2026-06-05 20:10:00,26.11,CD 2026 Split 2 Promotion,Barulhinhos,Marere Invokers,Marere Invokers,"[""Varus"", ""Jarvan IV"", ""Anivia"", ""Vayne"", ""Aurora""]","[""Seraphine"", ""Milio"", ""Ryze"", ""Olaf"", ""Lulu""]","[""Orianna"", ""Sivir"", ""Xin Zhao"", ""Karma"", ""Sion""]","[""Nocturne"", ""Ezreal"", ""Alistar"", ""Viktor"", ""Ambessa""]",[],[],0,leaguepedia_cargo_patch_range,1
Circuito Desafiante/2026 Season/Split 2 Promotion_Round 2_2_2,2026-06-05 21:00:00,26.11,CD 2026 Split 2 Promotion,Barulhinhos,Marere Invokers,Marere Invokers,"[""Jarvan IV"", ""Anivia"", ""LeBlanc"", ""Ahri"", ""Syndra""]","[""Seraphine"", ""Ryze"", ""Aurora"", ""Olaf"", ""Lee Sin""]","[""Varus"", ""Milio"", ""Annie"", ""Skarner"", ""Ashe""]","[""Wukong"", ""Lucian"", ""Nautilus"", ""Hwei"", ""Yasuo""]",[],[],0,leaguepedia_cargo_patch_range,1
North American Challengers League/2026 Season/Spring Playoffs_Finals_1_2,2026-06-05 21:09:00,26.10,NACL 2026 Spring Playoffs,Conviction,CCG Esports,Conviction,"[""Gwen"", ""Varus"", ""Jayce"", ""Trundle"", ""Xin Zhao""]","[""Nocturne"", ""Jarvan IV"", ""Ryze"", ""Naafiri"", ""Nasus""]","[""Lucian"", ""Milio"", ""Anivia"", ""Wukong"", ""Ornn""]","[""Caitlyn"", ""Cassiopeia"", ""Bard"", ""Sejuani"", ""Vayne""]",[],[],1,leaguepedia_cargo_patch_range,0
Circuito Desafiante/2026 Season/Split 2 Promotion_Round 2_2_3,2026-06-05 21:57:00,26.11,CD 2026 Split 2 Promotion,Barulhinhos,Marere Invokers,Marere Invokers,"[""Garen"", ""Syndra"", ""Ryze"", ""Ziggs"", ""Mel""]","[""Jarvan IV"", ""Bard"", ""Aurora"", ""Caitlyn"", ""Samira""]","[""K'Sante"", ""Lee Sin"", ""LeBlanc"", ""Jinx"", ""Leona""]","[""Vayne"", ""Pantheon"", ""Akshan"", ""Brand"", ""Maokai""]",[],[],0,leaguepedia_cargo_patch_range,1
North American Challengers League/2026 Season/Spring Playoffs_Finals_1_3,2026-06-05 21:57:00,26.10,NACL 2026 Spring Playoffs,Conviction,CCG Esports,Conviction,"[""Nocturne"", ""Nasus"", ""Jarvan IV"", ""Sivir"", ""Swain""]","[""Jayce"", ""Varus"", ""Gnar"", ""Naafiri"", ""Riven""]","[""Ryze"", ""Neeko"", ""Corki"", ""Renekton"", ""Lee Sin""]","[""Hwei"", ""Trundle"", ""Nami"", ""Xayah"", ""Gragas""]",[],[],1,leaguepedia_cargo_patch_range,0
LCK/2026 Season/Road to MSI_Round 1_1_1,2026-06-06 08:12:00,26.11,LCK 2026 Road to MSI,Dplus Kia,HANJIN BRION,Dplus Kia,"[""Varus"", ""Bard"", ""Karma"", ""Ashe"", ""Braum""]","[""Nocturne"", ""Xin Zhao"", ""Ezreal"", ""Caitlyn"", ""Nautilus""]","[""Orianna"", ""Naafiri"", ""Rumble"", ""Xayah"", ""Rakan""]","[""Jarvan IV"", ""Viktor"", ""K'Sante"", ""Milio"", ""Yunara""]",[],[],1,leaguepedia_cargo_patch_range,0
LCK/2026 Season/Road to MSI_Round 1_1_2,2026-06-06 09:12:00,26.11,LCK 2026 Road to MSI,Dplus Kia,HANJIN BRION,Dplus Kia,"[""Varus"", ""Nocturne"", ""Yorick"", ""Vayne"", ""Xin Zhao""]","[""Cassiopeia"", ""Karma"", ""Jayce"", ""Nautilus"", ""Pyke""]","[""Ryze"", ""Lee Sin"", ""Ziggs"", ""Tristana"", ""Camille""]","[""Anivia"", ""Caitlyn"", ""Bard"", ""Gnar"", ""Pantheon""]",[],[],1,leaguepedia_cargo_patch_range,0
LCP/2026 Season/Split 2 Playoffs_Round 3_2_1,2026-06-06 09:13:00,26.10,LCP 2026 Split 2 Playoffs,GAM Esports,Deep Cross Gaming,Deep Cross Gaming,"[""Varus"", ""Jarvan IV"", ""Cassiopeia"", ""Bard"", ""Caitlyn""]","[""Nocturne"", ""Lee Sin"", ""Ezreal"", ""Nautilus"", ""Jhin""]","[""Rumble"", ""Vi"", ""Taliyah"", ""Ashe"", ""Lulu""]","[""Ryze"", ""K'Sante"", ""Xin Zhao"", ""Seraphine"", ""Miss Fortune""]",[],[],0,leaguepedia_cargo_patch_range,1
LPL/2026 Season/Split 2 Playoffs_Round 2_4_1,2026-06-06 09:16:00,26.10,LPL 2026 Split 2 Playoffs,JD Gaming,Bilibili Gaming,Bilibili Gaming,"[""Varus"", ""Nocturne"", ""Twisted Fate"", ""Ryze"", ""Cassiopeia""]","[""Orianna"", ""Rumble"", ""Karma"", ""Poppy"", ""Akali""]","[""Bard"", ""Caitlyn"", ""Sion"", ""Jarvan IV"", ""Viktor""]","[""Ezreal"", ""Naafiri"", ""Nautilus"", ""Annie"", ""Shen""]",[],[],0,leaguepedia_cargo_patch_range,1
LCK/2026 Season/Road to MSI_Round 1_1_3,2026-06-06 09:57:00,26.11,LCK 2026 Road to MSI,Dplus Kia,HANJIN BRION,Dplus Kia,"[""Varus"", ""Nautilus"", ""Ashe"", ""Yuumi"", ""Lulu""]","[""Nocturne"", ""Karma"", ""Cassiopeia"", ""Trundle"", ""Akali""]","[""Ezreal"", ""Neeko"", ""Jayce"", ""Xin Zhao"", ""Taliyah""]","[""Annie"", ""Wukong"", ""Sion"", ""Mel"", ""Shen""]",[],[],1,leaguepedia_cargo_patch_range,0
Nexus League/2026 Season/Spring Playoffs_Round 2_1_1,2026-06-06 10:05:00,26.10,Nexus League 2026 Spring Playoffs,Project Conquerors,Caldya Esport,Project Conquerors,"[""Jarvan IV"", ""Seraphine"", ""Ezreal"", ""Gnar"", ""Aurora""]","[""Orianna"", ""Varus"", ""Viktor"", ""Sion"", ""Ornn""]","[""Zyra"", ""Nautilus"", ""Miss Fortune"", ""Renekton"", ""Irelia""]","[""Nocturne"", ""Jhin"", ""Leona"", ""Syndra"", ""Jayce""]",[],[],1,leaguepedia_cargo_patch_range,0
LCP/2026 Season/Split 2 Playoffs_Round 3_2_2,2026-06-06 10:06:00,26.10,LCP 2026 Split 2 Playoffs,Deep Cross Gaming,GAM Esports,Deep Cross Gaming,"[""Varus"", ""Jarvan IV"", ""Bard"", ""Nautilus"", ""Caitlyn""]","[""Nocturne"", ""Lee Sin"", ""Cassiopeia"", ""Gwen"", ""Shen""]","[""Ezreal"", ""Wukong"", ""Akali"", ""Karma"", ""Gnar""]","[""Orianna"", ""Naafiri"", ""Sion"", ""Lucian"", ""Milio""]",[],[],1,leaguepedia_cargo_patch_range,0
LPL/2026 Season/Split 2 Playoffs_Round 2_4_2,2026-06-06 10:19:00,26.10,LPL 2026 Split 2 Playoffs,JD Gaming,Bilibili Gaming,JD Gaming,"[""Nocturne"", ""Seraphine"", ""Twisted Fate"", ""Vayne"", ""Olaf""]","[""Orianna"", ""Rumble"", ""Varus"", ""Wukong"", ""Gnar""]","[""Cassiopeia"", ""Miss Fortune"", ""Rakan"", ""Xin Zhao"", ""Renekton""]","[""Vi"", ""Karma"", ""Ahri"", ""Sivir"", ""K'Sante""]",[],[],1,leaguepedia_cargo_patch_range,0
Hitpoint 2nd Division Challengers/2026 Season/Spring Playoffs_Round 3_1_1,2026-06-06 10:25:00,26.10,Hitpoint 2nd Div Challengers 2026 Spring Playoffs,Ethereal Enigmas,EXILE esports Academy,Ethereal Enigmas,"[""Karma"", ""Seraphine"", ""Varus"", ""Taliyah"", ""Galio""]","[""Orianna"", ""Aurora"", ""Ivern"", ""Jayce"", ""Azir""]","[""Cassiopeia"", ""Wukong"", ""Rakan"", ""Irelia"", ""Vladimir""]","[""Ezreal"", ""Jarvan IV"", ""Nautilus"", ""Syndra"", ""Sett""]",[],[],1,leaguepedia_cargo_patch_range,0
Esports Series Madrid 2026_Finals_1_1,2026-06-06 10:26:00,26.11,Esports Series Madrid 2026,Oxygen Gaming,UCAM University Esports,Oxygen Gaming,[],[],[],[],[],[],1,leaguepedia_cargo_patch_range,0
LCP/2026 Season/Split 2 Playoffs_Round 3_2_3,2026-06-06 10:54:00,26.10,LCP 2026 Split 2 Playoffs,Deep Cross Gaming,GAM Esports,GAM Esports,"[""Bard"", ""Varus"", ""Jarvan IV"", ""Twisted Fate"", ""Poppy""]","[""Cassiopeia"", ""Lee Sin"", ""Nocturne"", ""Corki"", ""Nautilus""]","[""Pantheon"", ""Jayce"", ""Annie"", ""Rell"", ""Kai'Sa""]","[""Trundle"", ""Jhin"", ""Yorick"", ""Ahri"", ""Alistar""]",[],[],0,leaguepedia_cargo_patch_range,1
Nexus League/2026 Season/Spring Playoffs_Round 2_1_2,2026-06-06 11:00:00,26.10,Nexus League 2026 Spring Playoffs,Project Conquerors,Caldya Esport,Project Conquerors,"[""Jarvan IV"", ""Seraphine"", ""Gnar"", ""Alistar"", ""Gwen""]","[""Orianna"", ""Varus"", ""Viktor"", ""Naafiri"", ""Skarner""]","[""Ezreal"", ""Anivia"", ""Rell"", ""Wukong"", ""Sion""]","[""Kai'Sa"", ""Ryze"", ""Vi"", ""Neeko"", ""Aatrox""]",[],[],1,leaguepedia_cargo_patch_range,0
Hitpoint 2nd Division Challengers/2026 Season/Spring Playoffs_Round 3_1_2,2026-06-06 11:05:00,26.10,Hitpoint 2nd Div Challengers 2026 Spring Playoffs,Ethereal Enigmas,EXILE esports Academy,Ethereal Enigmas,"[""Varus"", ""Xerath"", ""Zyra"", ""Sivir"", ""Jhin""]","[""Jayce"", ""Orianna"", ""Xin Zhao"", ""Akali"", ""Viktor""]","[""Seraphine"", ""Rek'Sai"", ""Ashe"", ""Veigar"", ""Sion""]","[""Karma"", ""Vi"", ""Ahri"", ""Jinx"", ""Gwen""]",[],[],1,leaguepedia_cargo_patch_range,0
Esports Series Madrid 2026_Finals_1_2,2026-06-06 11:12:00,26.11,Esports Series Madrid 2026,Oxygen Gaming,UCAM University Esports,Oxygen Gaming,[],[],[],[],[],[],1,leaguepedia_cargo_patch_range,0
LPL/2026 Season/Split 2 Playoffs_Round 2_4_3,2026-06-06 11:14:00,26.10,LPL 2026 Split 2 Playoffs,JD Gaming,Bilibili Gaming,Bilibili Gaming,"[""Nocturne"", ""Seraphine"", ""Olaf"", ""Trundle"", ""Poppy""]","[""Orianna"", ""Rumble"", ""Varus"", ""Jayce"", ""Gnar""]","[""Ryze"", ""Kog'Maw"", ""Lulu"", ""Lee Sin"", ""Vayne""]","[""Lucian"", ""Milio"", ""Anivia"", ""Ambessa"", ""Jax""]",[],[],0,leaguepedia_cargo_patch_range,1
LCP/2026 Season/Split 2 Playoffs_Round 3_2_4,2026-06-06 11:41:00,26.10,LCP 2026 Split 2 Playoffs,Deep Cross Gaming,GAM Esports,GAM Esports,"[""Bard"", ""Caitlyn"", ""Varus"", ""Renekton"", ""Braum""]","[""Cassiopeia"", ""Lee Sin"", ""Olaf"", ""Twisted Fate"", ""Vayne""]","[""Nocturne"", ""Corki"", ""Nautilus"", ""Sylas"", ""Ambessa""]","[""Jarvan IV"", ""Aurora"", ""Sivir"", ""Rakan"", ""Gwen""]",[],[],0,leaguepedia_cargo_patch_range,1
Hitpoint 2nd Division Challengers/2026 Season/Spring Playoffs_Round 3_1_3,2026-06-06 11:55:00,26.10,Hitpoint 2nd Div Challengers 2026 Spring Playoffs,EXILE esports Academy,Ethereal Enigmas,EXILE esports Academy,"[""Xin Zhao"", ""Aurora"", ""Akali"", ""Ivern"", ""Ornn""]","[""Zyra"", ""Xerath"", ""Varus"", ""Neeko"", ""Bard""]","[""Orianna"", ""Nocturne"", ""Caitlyn"", ""Camille"", ""Pantheon""]","[""Lucian"", ""Jayce"", ""Nami"", ""Anivia"", ""K'Sante""]",[],[],1,leaguepedia_cargo_patch_range,0
Nexus League/2026 Season/Spring Playoffs_Round 2_1_3,2026-06-06 11:58:00,26.10,Nexus League 2026 Spring Playoffs,Caldya Esport,Project Conquerors,Project Conquerors,"[""Varus"", ""Viktor"", ""Seraphine"", ""Naafiri"", ""Shyvana""]","[""Jarvan IV"", ""Orianna"", ""Caitlyn"", ""Gnar"", ""Smolder""]","[""Karma"", ""Xin Zhao"", ""Ahri"", ""Corki"", ""Gragas""]","[""Senna"", ""Hwei"", ""Alistar"", ""Zaahen"", ""Yorick""]",[],[],0,leaguepedia_cargo_patch_range,1
LPL/2026 Season/Split 2 Playoffs_Round 2_4_4,2026-06-06 12:14:00,26.10,LPL 2026 Split 2 Playoffs,Bilibili Gaming,JD Gaming,Bilibili Gaming,"[""Gnar"", ""Aurora"", ""Orianna"", ""LeBlanc"", ""Akali""]","[""Varus"", ""Rumble"", ""Nocturne"", ""Twisted Fate"", ""Maokai""]","[""Seraphine"", ""Olaf"", ""Jhin"", ""Sejuani"", ""Yone""]","[""Ashe"", ""Skarner"", ""Jayce"", ""Nidalee"", ""Zaahen""]",[],[],1,leaguepedia_cargo_patch_range,0
LCP/2026 Season/Split 2 Playoffs_Round 3_2_5,2026-06-06 12:33:00,26.10,LCP 2026 Split 2 Playoffs,Deep Cross Gaming,GAM Esports,Deep Cross Gaming,"[""Caitlyn"", ""Bard"", ""LeBlanc"", ""Pyke"", ""Renekton""]","[""Cassiopeia"", ""Lee Sin"", ""Olaf"", ""Twisted Fate"", ""Yone""]","[""Varus"", ""Sejuani"", ""Jax"", ""Braum"", ""Azir""]","[""Maokai"", ""Tristana"", ""Ziggs"", ""Shen"", ""Aatrox""]",[],[],1,leaguepedia_cargo_patch_range,0
Hitpoint 2nd Division Challengers/2026 Season/Spring Playoffs_Round 3_1_4,2026-06-06 12:50:00,26.10,Hitpoint 2nd Div Challengers 2026 Spring Playoffs,Ethereal Enigmas,EXILE esports Academy,Ethereal Enigmas,"[""Zyra"", ""Xerath"", ""Varus"", ""Lulu"", ""Alistar""]","[""Xin Zhao"", ""Viktor"", ""Aurora"", ""Sylas""]","[""Taliyah"", ""Naafiri"", ""Rell"", ""Smolder"", ""Aatrox""]","[""Yunara"", ""Zed"", ""Malphite"", ""Braum"", ""Gangplank""]",[],[],1,leaguepedia_cargo_patch_range,0
LEC/2026 Season/Spring Playoffs_Round 3_2_1,2026-06-06 15:13:00,26.10,LEC 2026 Spring Playoffs,Karmine Corp,Movistar KOI,Karmine Corp,"[""Varus"", ""Nautilus"", ""Vi"", ""Bard"", ""Galio""]","[""Jarvan IV"", ""Nocturne"", ""Ashe"", ""Seraphine"", ""Poppy""]","[""Orianna"", ""Skarner"", ""Ezreal"", ""Rumble"", ""Neeko""]","[""Caitlyn"", ""Pantheon"", ""Akali"", ""Karma"", ""Ornn""]",[],[],1,leaguepedia_cargo_patch_range,0
Road Of Legends/2026 Season/Spring Playoffs_Finals_1_1,2026-06-06 16:08:00,26.11,Road Of Legends 2026 Spring Playoffs,mCon esports,Frites Esports Club,Frites Esports Club,"[""Orianna"", ""Anivia"", ""Jarvan IV"", ""Karma"", ""Braum""]","[""Bard"", ""Ezreal"", ""Ashe"", ""Sivir"", ""Nautilus""]","[""Annie"", ""Lee Sin"", ""K'Sante"", ""Rell"", ""Jhin""]","[""Varus"", ""Cassiopeia"", ""Wukong"", ""Rakan"", ""Twisted Fate""]",[],[],0,leaguepedia_cargo_patch_range,1
LEC/2026 Season/Spring Playoffs_Round 3_2_2,2026-06-06 16:15:00,26.10,LEC 2026 Spring Playoffs,Karmine Corp,Movistar KOI,Karmine Corp,"[""Varus"", ""Nautilus"", ""Nocturne"", ""Xin Zhao"", ""Vayne""]","[""Jarvan IV"", ""Bard"", ""Lulu"", ""Ryze"", ""Yone""]","[""Vi"", ""Lucian"", ""Milio"", ""Cassiopeia"", ""Jayce""]","[""Ashe"", ""Anivia"", ""Seraphine"", ""Trundle"", ""Sion""]",[],[],1,leaguepedia_cargo_patch_range,0
CBLOL/2026 Season/Split 1 Playoffs_Finals_1_1,2026-06-06 16:16:00,26.11,CBLOL 2026 Split 1 Playoffs,LØS,FURIA,FURIA,"[""Nautilus"", ""Nocturne"", ""Naafiri"", ""Twisted Fate"", ""Gnar""]","[""Seraphine"", ""Milio"", ""Caitlyn"", ""Anivia"", ""Cassiopeia""]","[""Bard"", ""Sivir"", ""Pantheon"", ""Sion"", ""Ahri""]","[""Jarvan IV"", ""Ezreal"", ""Alistar"", ""Ryze"", ""Yone""]",[],[],0,leaguepedia_cargo_patch_range,1
Road Of Legends/2026 Season/Spring Playoffs_Finals_1_2,2026-06-06 16:57:00,26.11,Road Of Legends 2026 Spring Playoffs,Frites Esports Club,mCon esports,Frites Esports Club,"[""Nautilus"", ""Ashe"", ""Taliyah"", ""Fiora"", ""Aurora""]","[""Orianna"", ""Anivia"", ""Caitlyn"", ""Xin Zhao"", ""Nocturne""]","[""Ezreal"", ""Karma"", ""Ryze"", ""Rumble"", ""Jarvan IV""]","[""Pantheon"", ""Lucian"", ""Milio"", ""Hwei"", ""Ornn""]",[],[],1,leaguepedia_cargo_patch_range,0
CBLOL/2026 Season/Split 1 Playoffs_Finals_1_2,2026-06-06 17:01:00,26.11,CBLOL 2026 Split 1 Playoffs,FURIA,LØS,LØS,"[""Akali"", ""Vi"", ""Xin Zhao"", ""Orianna"", ""Olaf""]","[""Nautilus"", ""Nocturne"", ""Naafiri"", ""Aatrox"", ""Rumble""]","[""Milio"", ""Lucian"", ""Cassiopeia"", ""Rek'Sai"", ""Jayce""]","[""Caitlyn"", ""Karma"", ""Trundle"", ""Galio"", ""K'Sante""]",[],[],0,leaguepedia_cargo_patch_range,1
LEC/2026 Season/Spring Playoffs_Round 3_2_3,2026-06-06 17:10:00,26.10,LEC 2026 Spring Playoffs,Karmine Corp,Movistar KOI,Karmine Corp,"[""Varus"", ""Nautilus"", ""Nocturne"", ""Lee Sin"", ""Vayne""]","[""Ryze"", ""Sivir"", ""Jarvan IV"", ""Renekton"", ""Poppy""]","[""Twisted Fate"", ""Yunara"", ""Lulu"", ""Xin Zhao"", ""Kennen""]","[""Corki"", ""Nami"", ""Yasuo"", ""Wukong"", ""Annie""]",[],[],1,leaguepedia_cargo_patch_range,0
Road Of Legends/2026 Season/Spring Playoffs_Finals_1_3,2026-06-06 17:49:00,26.11,Road Of Legends 2026 Spring Playoffs,Frites Esports Club,mCon esports,Frites Esports Club,"[""Nautilus"", ""Ashe"", ""Lulu"", ""Fiora"", ""LeBlanc""]","[""Orianna"", ""Anivia"", ""Caitlyn"", ""Kalista"", ""Kai'Sa""]","[""Nocturne"", ""Neeko"", ""Aurora"", ""Yunara"", ""Jax""]","[""Ivern"", ""Leona"", ""Sivir"", ""Irelia"", ""Sion""]",[],[],1,leaguepedia_cargo_patch_range,0
CBLOL/2026 Season/Split 1 Playoffs_Finals_1_3,2026-06-06 17:58:00,26.11,CBLOL 2026 Split 1 Playoffs,LØS,FURIA,FURIA,"[""Akali"", ""Lulu"", ""Seraphine"", ""Vi"", ""Viktor""]","[""Nautilus"", ""Nocturne"", ""Naafiri"", ""Neeko"", ""Renata Glasc""]","[""Orianna"", ""Varus"", ""Rumble"", ""Rell"", ""Skarner""]","[""Xayah"", ""Rakan"", ""Ornn"", ""Annie"", ""Olaf""]",[],[],0,leaguepedia_cargo_patch_range,1
CBLOL/2026 Season/Split 1 Playoffs_Finals_1_4,2026-06-06 18:50:00,26.11,CBLOL 2026 Split 1 Playoffs,FURIA,LØS,FURIA,"[""Nocturne"", ""Naafiri"", ""Neeko"", ""Gnar"", ""Vayne""]","[""Seraphine"", ""Lulu"", ""Miss Fortune"", ""Aatrox"", ""Lee Sin""]","[""Twisted Fate"", ""Ashe"", ""Renata Glasc"", ""Nasus"", ""Renekton""]","[""Senna"", ""Nautilus"", ""Mel"", ""Xin Zhao"", ""Kennen""]",[],[],1,leaguepedia_cargo_patch_range,0
LCS/2026 Season/Spring Playoffs_Round 2_1_1,2026-06-06 20:09:00,26.11,LCS 2026 Spring Playoffs,FlyQuest,Team Liquid,Team Liquid,"[""Ambessa"", ""Karma"", ""Rumble"", ""Caitlyn"", ""Senna""]","[""Ornn"", ""Varus"", ""Seraphine"", ""Yorick"", ""Wukong""]","[""Orianna"", ""Xayah"", ""Rakan"", ""Jarvan IV"", ""Sion""]","[""Cassiopeia"", ""Nocturne"", ""Jayce"", ""Neeko"", ""Ezreal""]",[],[],0,leaguepedia_cargo_patch_range,1
LCS/2026 Season/Spring Playoffs_Round 2_1_2,2026-06-06 21:09:00,26.11,LCS 2026 Spring Playoffs,Team Liquid,FlyQuest,FlyQuest,"[""Lee Sin"", ""Yone"", ""Ornn"", ""Bard"", ""Vayne""]","[""Varus"", ""Ambessa"", ""Rumble"", ""Shen"", ""Nasus""]","[""Ryze"", ""Senna"", ""Nautilus"", ""Gnar"", ""Shyvana""]","[""Ahri"", ""Jhin"", ""Vi"", ""Rell"", ""Sylas""]",[],[],0,leaguepedia_cargo_patch_range,1
LCS/2026 Season/Spring Playoffs_Round 2_1_3,2026-06-06 21:56:00,26.11,LCS 2026 Spring Playoffs,FlyQuest,Team Liquid,Team Liquid,"[""Nasus"", ""Ambessa"", ""Twisted Fate"", ""Shen"", ""Galio""]","[""Lee Sin"", ""Varus"", ""Ornn"", ""Yorick"", ""Pantheon""]","[""Akali"", ""Caitlyn"", ""Bard"", ""K'Sante"", ""Wukong""]","[""Rumble"", ""Karma"", ""Sivir"", ""Annie"", ""Vayne""]",[],[],0,leaguepedia_cargo_patch_range,1
LCS/2026 Season/Spring Playoffs_Round 2_1_4,2026-06-06 22:42:00,26.11,LCS 2026 Spring Playoffs,Team Liquid,FlyQuest,Team Liquid,"[""Lee Sin"", ""Yone"", ""Seraphine"", ""Anivia"", ""Aurora""]","[""Ambessa"", ""Nasus"", ""Varus"", ""Shen"", ""Dr. Mundo""]","[""Twisted Fate"", ""Kog'Maw"", ""Lulu"", ""Xin Zhao"", ""Renekton""]","[""Lucian"", ""Milio"", ""Naafiri"", ""Viktor"", ""Ornn""]",[],[],1,leaguepedia_cargo_patch_range,0
LCK/2026 Season/Road to MSI_Round 2_1_1,2026-06-07 08:09:00,26.11,LCK 2026 Road to MSI,KT Rolster,Dplus Kia,Dplus Kia,"[""Varus"", ""Nocturne"", ""Naafiri"", ""Miss Fortune"", ""Trundle""]","[""Bard"", ""Karma"", ""Jarvan IV"", ""K'Sante"", ""Sion""]","[""Orianna"", ""Ashe"", ""Seraphine"", ""Wukong"", ""Ornn""]","[""Rumble"", ""Viktor"", ""Nautilus"", ""Xin Zhao"", ""Jhin""]",[],[],0,leaguepedia_cargo_patch_range,1
LCK/2026 Season/Road to MSI_Round 2_1_2,2026-06-07 08:58:00,26.11,LCK 2026 Road to MSI,KT Rolster,Dplus Kia,Dplus Kia,"[""Varus"", ""Nocturne"", ""Yorick"", ""Lulu"", ""Lucian""]","[""Cassiopeia"", ""Bard"", ""Karma"", ""Ziggs"", ""Xayah""]","[""Ryze"", ""Jayce"", ""Jarvan IV"", ""Mel"", ""Shen""]","[""Taliyah"", ""Vi"", ""K'Sante"", ""Caitlyn"", ""Alistar""]",[],[],0,leaguepedia_cargo_patch_range,1
LCP/2026 Season/Split 2 Playoffs_Finals_1_1,2026-06-07 09:13:00,26.10,LCP 2026 Split 2 Playoffs,Team Secret Whales,Deep Cross Gaming,Team Secret Whales,"[""Varus"", ""Karma"", ""Cassiopeia"", ""Nautilus"", ""Shen""]","[""Nocturne"", ""Lee Sin"", ""Jarvan IV"", ""Xin Zhao"", ""Naafiri""]","[""Ryze"", ""Bard"", ""Caitlyn"", ""Trundle"", ""Sion""]","[""Vi"", ""Ezreal"", ""Ahri"", ""Skarner"", ""Gwen""]",[],[],1,leaguepedia_cargo_patch_range,0
LPL/2026 Season/Split 2 Playoffs_Round 4_1_1,2026-06-07 09:15:00,26.10,LPL 2026 Split 2 Playoffs,Top Esports,Team WE,Top Esports,"[""Nocturne"", ""Ashe"", ""Jarvan IV"", ""Yone"", ""Vi""]","[""Orianna"", ""Naafiri"", ""Bard"", ""Sion"", ""Ornn""]","[""Karma"", ""Varus"", ""Ryze"", ""Galio"", ""Trundle""]","[""Rumble"", ""Ezreal"", ""Nautilus"", ""Cassiopeia"", ""Lee Sin""]",[],[],1,leaguepedia_cargo_patch_range,0
LCK/2026 Season/Road to MSI_Round 2_1_3,2026-06-07 09:56:00,26.11,LCK 2026 Road to MSI,Dplus Kia,KT Rolster,KT Rolster,"[""Varus"", ""Bard"", ""Lee Sin"", ""Ahri"", ""Illaoi""]","[""Cassiopeia"", ""Annie"", ""Karma"", ""Aurora"", ""Vayne""]","[""Nocturne"", ""Yunara"", ""Lulu"", ""Zoe"", ""Renekton""]","[""Lucian"", ""Milio"", ""Skarner"", ""Gnar"", ""LeBlanc""]",[],[],0,leaguepedia_cargo_patch_range,1
Nexus League/2026 Season/Spring Playoffs_Finals_1_1,2026-06-07 10:04:00,26.10,Nexus League 2026 Spring Playoffs,Karmine Corp Blue Stars,Project Conquerors,Project Conquerors,"[""Varus"", ""Akali"", ""Nautilus"", ""Viktor"", ""Vi""]","[""Jarvan IV"", ""Orianna"", ""Ezreal"", ""Xin Zhao"", ""Pantheon""]","[""Seraphine"", ""Ashe"", ""Aurora"", ""Zaahen"", ""Anivia""]","[""Bard"", ""Jhin"", ""Irelia"", ""Zyra"", ""Hwei""]",[],[],0,leaguepedia_cargo_patch_range,1
LCP/2026 Season/Split 2 Playoffs_Finals_1_2,2026-06-07 10:10:00,26.10,LCP 2026 Split 2 Playoffs,Team Secret Whales,Deep Cross Gaming,Deep Cross Gaming,"[""Varus"", ""Akali"", ""Lucian"", ""Jhin"", ""Poppy""]","[""Nocturne"", ""Annie"", ""Karma"", ""Ashe"", ""Miss Fortune""]","[""Cassiopeia"", ""Lee Sin"", ""K'Sante"", ""Corki"", ""Nautilus""]","[""Jarvan IV"", ""Rumble"", ""Anivia"", ""Yunara"", ""Braum""]",[],[],0,leaguepedia_cargo_patch_range,1
LPL/2026 Season/Split 2 Playoffs_Round 4_1_2,2026-06-07 10:11:00,26.10,LPL 2026 Split 2 Playoffs,Top Esports,Team WE,Top Esports,"[""Naafiri"", ""Bard"", ""Akali"", ""Wukong"", ""Shen""]","[""Nocturne"", ""Ashe"", ""Orianna"", ""Aurora"", ""Ahri""]","[""Vi"", ""Yunara"", ""Lulu"", ""Viktor"", ""Sion""]","[""Corki"", ""Nami"", ""Annie"", ""Aatrox"", ""Olaf""]",[],[],1,leaguepedia_cargo_patch_range,0
Hitpoint 2nd Division Challengers/2026 Season/Spring Playoffs_Round 2_1_1,2026-06-07 10:19:00,26.10,Hitpoint 2nd Div Challengers 2026 Spring Playoffs,Priority,Andromeda Gaming,Priority,"[""Garen"", ""Jarvan IV"", ""Ryze"", ""Vayne"", ""Jax""]","[""Aurora"", ""K'Sante"", ""Orianna"", ""Braum"", ""Dr. Mundo""]","[""Ashe"", ""Wukong"", ""Azir"", ""Ambessa"", ""Lulu""]","[""Mel"", ""Vi"", ""Nautilus"", ""Sion"", ""Corki""]",[],[],1,leaguepedia_cargo_patch_range,0
LCP/2026 Season/Split 2 Playoffs_Finals_1_3,2026-06-07 10:57:00,26.10,LCP 2026 Split 2 Playoffs,Deep Cross Gaming,Team Secret Whales,Team Secret Whales,"[""Akali"", ""Lucian"", ""Naafiri"", ""Ashe"", ""Kai'Sa""]","[""Nocturne"", ""Olaf"", ""Varus"", ""Camille"", ""Xayah""]","[""Wukong"", ""Viktor"", ""Gnar"", ""Rakan"", ""Zeri""]","[""Xin Zhao"", ""Orianna"", ""Malphite"", ""Karma"", ""Jhin""]",[],[],0,leaguepedia_cargo_patch_range,1
LCK/2026 Season/Road to MSI_Round 2_1_4,2026-06-07 10:58:00,26.11,LCK 2026 Road to MSI,KT Rolster,Dplus Kia,KT Rolster,"[""Varus"", ""Vayne"", ""Annie"", ""Yuumi"", ""Rakan""]","[""Cassiopeia"", ""Lee Sin"", ""Ezreal"", ""Ambessa"", ""Twisted Fate""]","[""Bard"", ""Miss Fortune"", ""Pantheon"", ""Aurora"", ""Jax""]","[""Sivir"", ""Naafiri"", ""Ahri"", ""Karma"", ""Sion""]",[],[],1,leaguepedia_cargo_patch_range,0
Nexus League/2026 Season/Spring Playoffs_Finals_1_2,2026-06-07 10:58:00,26.10,Nexus League 2026 Spring Playoffs,Project Conquerors,Karmine Corp Blue Stars,Project Conquerors,"[""Jarvan IV"", ""Akali"", ""Varus"", ""Smolder"", ""Jayce""]","[""Orianna"", ""Viktor"", ""Ezreal"", ""Syndra"", ""Cassiopeia""]","[""Nautilus"", ""Senna"", ""Shyvana"", ""Taliyah"", ""Renekton""]","[""Braum"", ""Pantheon"", ""Ryze"", ""Jinx"", ""Vayne""]",[],[],1,leaguepedia_cargo_patch_range,0
LPL/2026 Season/Split 2 Playoffs_Round 4_1_3,2026-06-07 11:05:00,26.10,LPL 2026 Split 2 Playoffs,Top Esports,Team WE,Top Esports,"[""Naafiri"", ""Akali"", ""Ornn"", ""K'Sante"", ""Gragas""]","[""Nocturne"", ""Orianna"", ""Jarvan IV"", ""Ahri"", ""LeBlanc""]","[""Seraphine"", ""Ashe"", ""Jayce"", ""Twisted Fate"", ""Wukong""]","[""Lucian"", ""Xin Zhao"", ""Milio"", ""Aurora"", ""Yorick""]",[],[],1,leaguepedia_cargo_patch_range,0
Hitpoint 2nd Division Challengers/2026 Season/Spring Playoffs_Round 2_1_2,2026-06-07 11:06:00,26.10,Hitpoint 2nd Div Challengers 2026 Spring Playoffs,Andromeda Gaming,Priority,Priority,"[""K'Sante"", ""Poppy"", ""Anivia"", ""Renata Glasc"", ""Braum""]","[""Garen"", ""Orianna"", ""Ryze"", ""Karma"", ""Darius""]","[""Jarvan IV"", ""Ezreal"", ""Aurora"", ""Alistar"", ""Vayne""]","[""Kalista"", ""Skarner"", ""Cassiopeia"", ""Ornn"", ""Sylas""]",[],[],0,leaguepedia_cargo_patch_range,1
LCP/2026 Season/Split 2 Playoffs_Finals_1_4,2026-06-07 11:47:00,26.10,LCP 2026 Split 2 Playoffs,Team Secret Whales,Deep Cross Gaming,Team Secret Whales,"[""Lucian"", ""Akali"", ""Yorick"", ""Galio"", ""Aurora""]","[""Nocturne"", ""Varus"", ""Naafiri"", ""Vayne"", ""Pantheon""]","[""Annie"", ""Ashe"", ""Lulu"", ""Kha'Zix"", ""Jax""]","[""Olaf"", ""Seraphine"", ""Senna"", ""Sylas"", ""Sejuani""]",[],[],1,leaguepedia_cargo_patch_range,0
Nexus League/2026 Season/Spring Playoffs_Finals_1_3,2026-06-07 11:58:00,26.10,Nexus League 2026 Spring Playoffs,Project Conquerors,Karmine Corp Blue Stars,Karmine Corp Blue Stars,"[""Jarvan IV"", ""Akali"", ""Zac"", ""Sejuani"", ""Skarner""]","[""Orianna"", ""Viktor"", ""Karma"", ""Jayce"", ""Nocturne""]","[""Ezreal"", ""Cassiopeia"", ""Rell"", ""Jax"", ""Kindred""]","[""Varus"", ""Yone"", ""Alistar"", ""Lillia"", ""Rumble""]",[],[],0,leaguepedia_cargo_patch_range,1
Hitpoint 2nd Division Challengers/2026 Season/Spring Playoffs_Round 2_1_3,2026-06-07 12:00:00,26.10,Hitpoint 2nd Div Challengers 2026 Spring Playoffs,Andromeda Gaming,Priority,Andromeda Gaming,"[""K'Sante"", ""Karma"", ""Ryze"", ""Braum"", ""Tahm Kench""]","[""Garen"", ""Orianna"", ""Jax"", ""Neeko"", ""Darius""]","[""Ahri"", ""Nocturne"", ""Varus"", ""Riven"", ""Nami""]","[""Taliyah"", ""Senna"", ""Pantheon"", ""Shen"", ""Bard""]",[],[],1,leaguepedia_cargo_patch_range,0
LCK/2026 Season/Road to MSI_Round 2_1_5,2026-06-07 12:08:00,26.11,LCK 2026 Road to MSI,KT Rolster,Dplus Kia,KT Rolster,"[""Varus"", ""Vayne"", ""Trundle"", ""Neeko"", ""Ziggs""]","[""Cassiopeia"", ""Lee Sin"", ""Annie"", ""Kai'Sa"", ""Ezreal""]","[""Ambessa"", ""Maokai"", ""Yone"", ""Xayah"", ""Rakan""]","[""Poppy"", ""Azir"", ""Zaahen"", ""Blitzcrank"", ""Corki""]",[],[],1,leaguepedia_cargo_patch_range,0
Hitpoint 2nd Division Challengers/2026 Season/Spring Playoffs_Round 2_1_4,2026-06-07 12:44:00,26.10,Hitpoint 2nd Div Challengers 2026 Spring Playoffs,Andromeda Gaming,Priority,Andromeda Gaming,"[""K'Sante"", ""Viego"", ""Naafiri"", ""Caitlyn"", ""Yunara""]","[""Garen"", ""Orianna"", ""Ryze"", ""Galio"", ""Seraphine""]","[""Xin Zhao"", ""Darius"", ""Smolder"", ""Anivia"", ""Braum""]","[""Trundle"", ""Karma"", ""Malphite"", ""Syndra"", ""Zeri""]",[],[],1,leaguepedia_cargo_patch_range,0
Nexus League/2026 Season/Spring Playoffs_Finals_1_4,2026-06-07 12:54:00,26.10,Nexus League 2026 Spring Playoffs,Karmine Corp Blue Stars,Project Conquerors,Karmine Corp Blue Stars,"[""Yorick"", ""Sion"", ""Nocturne"", ""Karma"", ""Poppy""]","[""Jarvan IV"", ""Jayce"", ""Akali"", ""Zac"", ""Rakan""]","[""Orianna"", ""Vi"", ""Ambessa"", ""Leona"", ""Mel""]","[""Viktor"", ""Caitlyn"", ""Gnar"", ""Wukong"", ""Tahm Kench""]",[],[],1,leaguepedia_cargo_patch_range,0
Hitpoint 2nd Division Challengers/2026 Season/Spring Playoffs_Round 2_1_5,2026-06-07 13:30:00,26.10,Hitpoint 2nd Div Challengers 2026 Spring Playoffs,Priority,Andromeda Gaming,Priority,"[""Garen"", ""Ryze"", ""Caitlyn"", ""Jax"", ""Poppy""]","[""K'Sante"", ""Viego"", ""Orianna"", ""Dr. Mundo"", ""Gnar""]","[""Viktor"", ""Samira"", ""Maokai"", ""Udyr"", ""Zaahen""]","[""Lucian"", ""Milio"", ""Galio"", ""Hecarim"", ""Mordekaiser""]",[],[],1,leaguepedia_cargo_patch_range,0
Nexus League/2026 Season/Spring Playoffs_Finals_1_5,2026-06-07 13:45:00,26.10,Nexus League 2026 Spring Playoffs,Karmine Corp Blue Stars,Project Conquerors,Karmine Corp Blue Stars,"[""Nocturne"", ""Jayce"", ""Trundle"", ""Yorick"", ""Ahri""]","[""Jarvan IV"", ""Akali"", ""Gwen"", ""Sylas"", ""LeBlanc""]","[""Skarner"", ""Corki"", ""Nami"", ""K'Sante"", ""Ekko""]","[""Lucian"", ""Milio"", ""Maokai"", ""Azir"", ""Cho'Gath""]",[],[],1,leaguepedia_cargo_patch_range,0
LEC/2026 Season/Spring Playoffs_Finals_1_1,2026-06-07 15:35:00,26.10,LEC 2026 Spring Playoffs,G2 Esports,Karmine Corp,Karmine Corp,"[""Varus"", ""Nautilus"", ""Jarvan IV"", ""Wukong"", ""Pantheon""]","[""Orianna"", ""Anivia"", ""Ezreal"", ""Xin Zhao"", ""Skarner""]","[""Ashe"", ""Seraphine"", ""Rumble"", ""Cassiopeia"", ""Trundle""]","[""Caitlyn"", ""Bard"", ""Galio"", ""Ryze"", ""Naafiri""]",[],[],0,leaguepedia_cargo_patch_range,1
Esports World Cup 2026/Online Qualifiers/South America_Round 1_1_1,2026-06-07 16:07:00,26.11,Esports World Cup 2026 Online Qualifier: South America,Vivo Keyd Stars,LOUD,Vivo Keyd Stars,"[""Karma"", ""Orianna"", ""Bard"", ""Naafiri"", ""Xin Zhao""]","[""Jarvan IV"", ""Akali"", ""Nocturne"", ""Ahri"", ""Taliyah""]","[""Milio"", ""Vi"", ""Lucian"", ""Viktor"", ""Gnar""]","[""Cassiopeia"", ""Xayah"", ""Rakan"", ""Sion"", ""Rek'Sai""]",[],[],1,leaguepedia_cargo_patch_range,0
Prime League 2nd Division/2026 Season/Spring Playoffs_Decider_1_1,2026-06-07 16:17:00,26.11,PRM 2nd Division 25-26 Spring Playoffs,AceGaming,regnum4games,regnum4games,[],[],[],[],[],[],0,leaguepedia_cargo_patch_range,1
Prime League 2nd Division/2026 Season/Spring Playoffs_Decider_2_1,2026-06-07 16:20:00,26.11,PRM 2nd Division 25-26 Spring Playoffs,PvB (Swiss Team),DKB XPERION NXT,DKB XPERION NXT,[],[],[],[],[],[],0,leaguepedia_cargo_patch_range,1
LEC/2026 Season/Spring Playoffs_Finals_1_2,2026-06-07 16:26:00,26.10,LEC 2026 Spring Playoffs,Karmine Corp,G2 Esports,G2 Esports,"[""Varus"", ""Nautilus"", ""Karma"", ""Vi"", ""Vayne""]","[""Orianna"", ""Anivia"", ""Lucian"", ""Jayce"", ""Viktor""]","[""Jarvan IV"", ""Corki"", ""Nami"", ""Renekton"", ""Taliyah""]","[""Yunara"", ""Lulu"", ""Ahri"", ""Xin Zhao"", ""Gnar""]",[],[],0,leaguepedia_cargo_patch_range,1
Prime League 2nd Division/2026 Season/Spring Playoffs_Decider_1_2,2026-06-07 17:06:00,26.11,PRM 2nd Division 25-26 Spring Playoffs,regnum4games,AceGaming,regnum4games,[],[],[],[],[],[],1,leaguepedia_cargo_patch_range,0
Esports World Cup 2026/Online Qualifiers/South America_Round 1_1_2,2026-06-07 17:07:00,26.11,Esports World Cup 2026 Online Qualifier: South America,Vivo Keyd Stars,LOUD,LOUD,"[""Orianna"", ""Karma"", ""Bard"", ""K'Sante"", ""Ornn""]","[""Jarvan IV"", ""Nocturne"", ""Nautilus"", ""Olaf"", ""Trundle""]","[""Seraphine"", ""Ashe"", ""Rumble"", ""Annie"", ""Wukong""]","[""Ryze"", ""Mel"", ""Pyke"", ""Lee Sin"", ""Ambessa""]",[],[],0,leaguepedia_cargo_patch_range,1
LEC/2026 Season/Spring Playoffs_Finals_1_3,2026-06-07 17:10:00,26.10,LEC 2026 Spring Playoffs,G2 Esports,Karmine Corp,Karmine Corp,"[""Varus"", ""Milio"", ""Ezreal"", ""Vayne"", ""Twisted Fate""]","[""Orianna"", ""Anivia"", ""Karma"", ""Wukong"", ""Pantheon""]","[""Neeko"", ""Xayah"", ""Aurora"", ""K'Sante"", ""Nocturne""]","[""Rakan"", ""Vi"", ""Viktor"", ""Zeri"", ""Zaahen""]",[],[],0,leaguepedia_cargo_patch_range,1
Prime League 2nd Division/2026 Season/Spring Playoffs_Decider_2_2,2026-06-07 17:16:00,26.11,PRM 2nd Division 25-26 Spring Playoffs,DKB XPERION NXT,PvB (Swiss Team),PvB (Swiss Team),[],[],[],[],[],[],0,leaguepedia_cargo_patch_range,1
Prime League 2nd Division/2026 Season/Spring Playoffs_Decider_1_3,2026-06-07 17:58:00,26.11,PRM 2nd Division 25-26 Spring Playoffs,regnum4games,AceGaming,regnum4games,[],[],[],[],[],[],1,leaguepedia_cargo_patch_range,0
Prime League 2nd Division/2026 Season/Spring Playoffs_Decider_2_3,2026-06-07 18:05:00,26.11,PRM 2nd Division 25-26 Spring Playoffs,PvB (Swiss Team),DKB XPERION NXT,DKB XPERION NXT,[],[],[],[],[],[],0,leaguepedia_cargo_patch_range,1
Esports World Cup 2026/Online Qualifiers/South America_Round 1_1_3,2026-06-07 18:06:00,26.11,Esports World Cup 2026 Online Qualifier: South America,LOUD,Vivo Keyd Stars,Vivo Keyd Stars,"[""Twisted Fate"", ""Nocturne"", ""Jarvan IV"", ""Akali"", ""Ahri""]","[""Orianna"", ""Karma"", ""Bard"", ""Ezreal"", ""Sivir""]","[""Naafiri"", ""Jayce"", ""Aurora"", ""Caitlyn"", ""Neeko""]","[""Varus"", ""Trundle"", ""Yorick"", ""LeBlanc"", ""Nautilus""]",[],[],0,leaguepedia_cargo_patch_range,1
LEC/2026 Season/Spring Playoffs_Finals_1_4,2026-06-07 18:07:00,26.10,LEC 2026 Spring Playoffs,Karmine Corp,G2 Esports,G2 Esports,"[""Lucian"", ""LeBlanc"", ""Ezreal"", ""Olaf"", ""Yorick""]","[""Orianna"", ""Anivia"", ""Varus"", ""Miss Fortune"", ""Kai'Sa""]","[""Azir"", ""Skarner"", ""Nautilus"", ""Jayce"", ""Jhin""]","[""Annie"", ""Pantheon"", ""Rell"", ""Sivir"", ""Sion""]",[],[],0,leaguepedia_cargo_patch_range,1
LEC/2026 Season/Spring Playoffs_Finals_1_5,2026-06-07 18:59:00,26.10,LEC 2026 Spring Playoffs,G2 Esports,Karmine Corp,G2 Esports,"[""Ezreal"", ""Twisted Fate"", ""Wukong"", ""Yasuo"", ""Olaf""]","[""Orianna"", ""Milio"", ""Kalista"", ""Miss Fortune"", ""Jinx""]","[""Varus"", ""Poppy"", ""Akali"", ""Aatrox"", ""Nidalee""]","[""Anivia"", ""Alistar"", ""Senna"", ""Nasus"", ""Kled""]",[],[],1,leaguepedia_cargo_patch_range,0
Esports World Cup 2026/Online Qualifiers/South America_Round 1_2_1,2026-06-07 19:18:00,26.11,Esports World Cup 2026 Online Qualifier: South America,RED Canids,Leviatan,RED Canids,"[""Varus"", ""Nocturne"", ""Pantheon"", ""Karma"", ""Wukong""]","[""Jarvan IV"", ""Caitlyn"", ""Bard"", ""Lucian"", ""Ashe""]","[""Orianna"", ""Vi"", ""Gwen"", ""Xayah"", ""Rakan""]","[""Ezreal"", ""Sion"", ""Akali"", ""Zaahen"", ""Leona""]",[],[],1,leaguepedia_cargo_patch_range,0
Prime League 2nd Division/2026 Season/Spring Playoffs_Decider_2_4,2026-06-07 19:53:00,26.11,PRM 2nd Division 25-26 Spring Playoffs,DKB XPERION NXT,PvB (Swiss Team),DKB XPERION NXT,[],[],[],[],[],[],1,leaguepedia_cargo_patch_range,0
LCS/2026 Season/Spring Playoffs_Round 2_2_1,2026-06-07 20:11:00,26.11,LCS 2026 Spring Playoffs,LYON (2024 American Team),Cloud9,LYON (2024 American Team),"[""Akali"", ""Varus"", ""Karma"", ""Sylas"", ""Gnar""]","[""Lee Sin"", ""Orianna"", ""Cassiopeia"", ""Annie"", ""Viktor""]","[""Nocturne"", ""Senna"", ""Nautilus"", ""Sion"", ""Ziggs""]","[""Lucian"", ""Milio"", ""Wukong"", ""Ryze"", ""Renekton""]",[],[],1,leaguepedia_cargo_patch_range,0
Esports World Cup 2026/Online Qualifiers/South America_Round 1_2_2,2026-06-07 20:13:00,26.11,Esports World Cup 2026 Online Qualifier: South America,RED Canids,Leviatan,RED Canids,"[""Nocturne"", ""Rumble"", ""Jarvan IV"", ""Nautilus"", ""Neeko""]","[""Caitlyn"", ""Bard"", ""Varus"", ""Lucian"", ""Ashe""]","[""Cassiopeia"", ""Naafiri"", ""Yorick"", ""Jhin"", ""Karma""]","[""Pantheon"", ""Anivia"", ""Jayce"", ""Miss Fortune"", ""Rell""]",[],[],1,leaguepedia_cargo_patch_range,0
LCS/2026 Season/Spring Playoffs_Round 2_2_2,2026-06-07 21:13:00,26.11,LCS 2026 Spring Playoffs,LYON (2024 American Team),Cloud9,LYON (2024 American Team),"[""Akali"", ""Neeko"", ""Orianna"", ""Xin Zhao"", ""K'Sante""]","[""Lee Sin"", ""Cassiopeia"", ""Seraphine"", ""Twisted Fate"", ""Galio""]","[""Karma"", ""Jhin"", ""Jarvan IV"", ""Annie"", ""Aurora""]","[""Varus"", ""Bard"", ""Viktor"", ""Rumble"", ""Naafiri""]",[],[],1,leaguepedia_cargo_patch_range,0
Esports World Cup 2026/Online Qualifiers/South America_Round 1_3_1,2026-06-07 21:33:00,26.11,Esports World Cup 2026 Online Qualifier: South America,paiN Gaming,Fluxo W7M,Fluxo W7M,"[""Bard"", ""Karma"", ""Jarvan IV"", ""Naafiri"", ""Nocturne""]","[""Varus"", ""Orianna"", ""Cassiopeia"", ""Pantheon"", ""Xin Zhao""]","[""Caitlyn"", ""Neeko"", ""Anivia"", ""Vi"", ""K'Sante""]","[""Ryze"", ""Jhin"", ""Rakan"", ""Rumble"", ""Aatrox""]",[],[],0,leaguepedia_cargo_patch_range,1
LCS/2026 Season/Spring Playoffs_Round 2_2_3,2026-06-07 22:08:00,26.11,LCS 2026 Spring Playoffs,LYON (2024 American Team),Cloud9,LYON (2024 American Team),"[""Lee Sin"", ""Seraphine"", ""Alistar"", ""Pantheon"", ""Yorick""]","[""Caitlyn"", ""Lulu"", ""Neeko"", ""Trundle"", ""Olaf""]","[""Orianna"", ""Miss Fortune"", ""Rell"", ""Jayce"", ""Sejuani""]","[""Cassiopeia"", ""Ezreal"", ""Rakan"", ""Xin Zhao"", ""Malphite""]",[],[],1,leaguepedia_cargo_patch_range,0
Esports World Cup 2026/Online Qualifiers/South America_Round 1_3_2,2026-06-07 22:43:00,26.11,Esports World Cup 2026 Online Qualifier: South America,Fluxo W7M,paiN Gaming,paiN Gaming,"[""Orianna"", ""Bard"", ""Cassiopeia"", ""Akali""]","[""Varus"", ""Karma"", ""Renekton"", ""Sion"", ""Yorick""]","[""Lucian"", ""Milio"", ""Xin Zhao"", ""Aurora"", ""Malphite""]","[""Jarvan IV"", ""Nautilus"", ""Miss Fortune"", ""Jayce"", ""Taliyah""]",[],[],0,leaguepedia_cargo_patch_range,1
Esports World Cup 2026/Online Qualifiers/South America_Round 1_3_3,2026-06-07 23:38:00,26.11,Esports World Cup 2026 Online Qualifier: South America,Fluxo W7M,paiN Gaming,Fluxo W7M,"[""Orianna"", ""Varus"", ""Nocturne"", ""Annie"", ""Ambessa""]","[""Bard"", ""Karma"", ""Cassiopeia"", ""Renekton"", ""Vayne""]","[""Pantheon"", ""Mel"", ""Pyke"", ""LeBlanc"", ""Yorick""]","[""Ashe"", ""Seraphine"", ""Olaf"", ""Gnar"", ""Ahri""]",[],[],1,leaguepedia_cargo_patch_range,0
2026 Asia Masters_Day 1_1_1,2026-06-08 06:11:00,26.11,Asia Masters 2026,Dplus Kia Challengers,EDward Gaming Youth Team,Dplus Kia Challengers,"[""Bard"", ""Varus"", ""Nocturne"", ""Xin Zhao"", ""Jarvan IV""]","[""Orianna"", ""Cassiopeia"", ""Caitlyn"", ""Lee Sin"", ""Naafiri""]","[""Ryze"", ""Miss Fortune"", ""Nautilus"", ""Viego"", ""Rumble""]","[""Ezreal"", ""Karma"", ""Anivia"", ""Wukong"", ""K'Sante""]",[],[],1,leaguepedia_cargo_patch_range,0
2026 Asia Masters_Day 1_2_1,2026-06-08 07:04:00,26.11,Asia Masters 2026,FENNEL,Bilibili Gaming Junior,Bilibili Gaming Junior,"[""Ezreal"", ""Nocturne"", ""Bard"", ""Jarvan IV"", ""Pantheon""]","[""Lee Sin"", ""Naafiri"", ""Caitlyn"", ""Akali"", ""Ambessa""]","[""Varus"", ""Vi"", ""Nautilus"", ""Taliyah"", ""Rumble""]","[""Lucian"", ""Milio"", ""Orianna"", ""Xin Zhao"", ""Sion""]",[],[],0,leaguepedia_cargo_patch_range,1
2026 Asia Masters_Day 1_3_1,2026-06-08 07:55:00,26.11,Asia Masters 2026,Saigon Warriors,Nongshim Esports Academy,Nongshim Esports Academy,"[""Varus"", ""Cassiopeia"", ""Karma"", ""Annie"", ""Xin Zhao""]","[""Orianna"", ""Jarvan IV"", ""Nocturne"", ""Vi"", ""Trundle""]","[""Ezreal"", ""Nautilus"", ""Rumble"", ""Ryze"", ""Pantheon""]","[""Lucian"", ""Milio"", ""K'Sante"", ""Skarner"", ""Taliyah""]",[],[],0,leaguepedia_cargo_patch_range,1
2026 Asia Masters_Day 1_4_1,2026-06-08 08:49:00,26.11,Asia Masters 2026,Saigon Dino,Weibo Gaming Youth Team,Weibo Gaming Youth Team,"[""Ezreal"", ""Sion"", ""Taliyah"", ""Lulu"", ""Nautilus""]","[""Varus"", ""Cassiopeia"", ""Nocturne"", ""K'Sante"", ""Xin Zhao""]","[""Orianna"", ""Milio"", ""Lucian"", ""Ornn"", ""Lee Sin""]","[""Jarvan IV"", ""Akali"", ""Rumble"", ""Bard"", ""Caitlyn""]",[],[],0,leaguepedia_cargo_patch_range,1
LPL/2026 Season/Split 2 Playoffs_Round 3_1_1,2026-06-08 09:25:00,26.10,LPL 2026 Split 2 Playoffs,Anyone's Legend,Bilibili Gaming,Bilibili Gaming,"[""Varus"", ""Naafiri"", ""Jarvan IV"", ""Vi"", ""Trundle""]","[""Orianna"", ""Rumble"", ""Ezreal"", ""Annie"", ""LeBlanc""]","[""Seraphine"", ""Caitlyn"", ""Sion"", ""Wukong"", ""Ahri""]","[""Ashe"", ""Cassiopeia"", ""Shen"", ""Pantheon"", ""Lulu""]",[],[],0,leaguepedia_cargo_patch_range,1
2026 Asia Masters_Day 1_5_1,2026-06-08 09:53:00,26.11,Asia Masters 2026,KT Rolster Challengers,T1 Esports Academy,T1 Esports Academy,"[""Varus"", ""Nocturne"", ""Karma"", ""Ashe"", ""Yunara""]","[""Jarvan IV"", ""Orianna"", ""K'Sante"", ""Akali"", ""Galio""]","[""Milio"", ""Lucian"", ""Xin Zhao"", ""Sion"", ""Ahri""]","[""Rumble"", ""Vi"", ""Cassiopeia"", ""Senna"", ""Alistar""]",[],[],0,leaguepedia_cargo_patch_range,1
LPL/2026 Season/Split 2 Playoffs_Round 3_1_2,2026-06-08 10:30:00,26.10,LPL 2026 Split 2 Playoffs,Bilibili Gaming,Anyone's Legend,Bilibili Gaming,"[""Vi"", ""Ezreal"", ""Gnar"", ""Nautilus"", ""Rakan""]","[""Varus"", ""Rumble"", ""Orianna"", ""Annie"", ""Twisted Fate""]","[""Naafiri"", ""Lucian"", ""Milio"", ""K'Sante"", ""Aurora""]","[""Ryze"", ""Lee Sin"", ""Jayce"", ""Senna"", ""Alistar""]",[],[],1,leaguepedia_cargo_patch_range,0
2026 Asia Masters_Day 1_6_1,2026-06-08 10:50:00,26.11,Asia Masters 2026,Top Esports Challenger,CTBC Flying Oyster Academy,Top Esports Challenger,"[""Nocturne"", ""Cassiopeia"", ""Nautilus"", ""Vi"", ""Naafiri""]","[""Varus"", ""Jarvan IV"", ""Bard"", ""Jhin"", ""Caitlyn""]","[""Karma"", ""Orianna"", ""Rumble"", ""Sivir"", ""Skarner""]","[""Ezreal"", ""Seraphine"", ""Galio"", ""Udyr"", ""Lee Sin""]",[],[],1,leaguepedia_cargo_patch_range,0
LPL/2026 Season/Split 2 Playoffs_Round 3_1_3,2026-06-08 11:29:00,26.10,LPL 2026 Split 2 Playoffs,Bilibili Gaming,Anyone's Legend,Bilibili Gaming,"[""Vi"", ""Annie"", ""Gnar"", ""Vayne"", ""Viktor""]","[""Varus"", ""Rumble"", ""Orianna"", ""Xin Zhao"", ""Akali""]","[""Ezreal"", ""Bard"", ""Twisted Fate"", ""Rek'Sai"", ""Nidalee""]","[""Karma"", ""Jarvan IV"", ""Sivir"", ""Renekton"", ""Mel""]",[],[],1,leaguepedia_cargo_patch_range,0
EMEA Masters/2026 Season/Spring Play-In_Round 1_8_1,2026-06-08 15:04:00,26.11,EM 2026 Spring Play-In,Frites Esports Club,Ruddy Corporation,Ruddy Corporation,"[""Jarvan IV"", ""Bard"", ""Nocturne"", ""Ambessa"", ""Trundle""]","[""Orianna"", ""Ashe"", ""Ezreal"", ""Viktor"", ""Syndra""]","[""Karma"", ""Xin Zhao"", ""Jhin"", ""Vex"", ""Sion""]","[""Lucian"", ""Milio"", ""Cassiopeia"", ""Wukong"", ""Cho'Gath""]",[],[],0,leaguepedia_cargo_patch_range,1
EMEA Masters/2026 Season/Spring Play-In_Round 1_2_1,2026-06-08 15:05:00,26.11,EM 2026 Spring Play-In,Otter Side,E WIE EINFACH E-SPORTS,E WIE EINFACH E-SPORTS,"[""Vi"", ""Nocturne"", ""Karma"", ""Wukong"", ""Pantheon""]","[""Pyke"", ""Orianna"", ""Ryze"", ""Yorick"", ""Jarvan IV""]","[""Cassiopeia"", ""Varus"", ""Nautilus"", ""Dr. Mundo"", ""Rumble""]","[""Ezreal"", ""Viktor"", ""Braum"", ""Xin Zhao"", ""Jayce""]",[],[],0,leaguepedia_cargo_patch_range,1
EMEA Masters/2026 Season/Spring Play-In_Round 1_4_1,2026-06-08 15:05:00,26.11,EM 2026 Spring Play-In,GMBLERS Esports,Nightbirds,Nightbirds,"[""Varus"", ""Jarvan IV"", ""Nautilus"", ""Akali"", ""Aurora""]","[""Karma"", ""Nocturne"", ""Seraphine"", ""Sion""]","[""Orianna"", ""Ezreal"", ""Bard"", ""Naafiri"", ""K'Sante""]","[""Caitlyn"", ""Xin Zhao"", ""Neeko"", ""LeBlanc"", ""Ornn""]",[],[],0,leaguepedia_cargo_patch_range,1
EMEA Masters/2026 Season/Spring Play-In_Round 1_5_1,2026-06-08 15:06:00,26.11,EM 2026 Spring Play-In,mCon esports,GOAL,GOAL,"[""Jayce"", ""Bard"", ""Karma"", ""Orianna"", ""Akali""]","[""Taliyah"", ""Ashe"", ""Pantheon"", ""Irelia"", ""Yone""]","[""Varus"", ""Ivern"", ""Nautilus"", ""K'Sante"", ""Hwei""]","[""Nocturne"", ""Ezreal"", ""Rell"", ""Ryze"", ""Vayne""]",[],[],0,leaguepedia_cargo_patch_range,1
EMEA Masters/2026 Season/Spring Play-In_Round 1_6_1,2026-06-08 15:07:00,26.11,EM 2026 Spring Play-In,Bomba Team,Magaza Esports,Bomba Team,"[""Nautilus"", ""Varus"", ""Caitlyn"", ""Gnar"", ""Vayne""]","[""Karma"", ""Orianna"", ""Ashe"", ""Xin Zhao"", ""Skarner""]","[""Cassiopeia"", ""K'Sante"", ""Ezreal"", ""Wukong"", ""Rell""]","[""Aurora"", ""Bard"", ""Corki"", ""Twisted Fate"", ""Udyr""]",[],[],1,leaguepedia_cargo_patch_range,0
EMEA Masters/2026 Season/Spring Play-In_Round 1_7_1,2026-06-08 15:07:00,26.11,EM 2026 Spring Play-In,CITA Kaizen,Bubliki,CITA Kaizen,"[""Cassiopeia"", ""Jayce"", ""Orianna"", ""K'Sante"", ""Sion""]","[""Nocturne"", ""Varus"", ""Xin Zhao"", ""Pantheon"", ""Rek'Sai""]","[""Ryze"", ""Caitlyn"", ""Karma"", ""Volibear"", ""Wukong""]","[""Ezreal"", ""Lee Sin"", ""Nautilus"", ""Akali"", ""Gnar""]",[],[],1,leaguepedia_cargo_patch_range,0
EMEA Masters/2026 Season/Spring Play-In_Round 1_1_1,2026-06-08 15:12:00,26.11,EM 2026 Spring Play-In,Karmine Corp Blue,Partizan Sangal,Karmine Corp Blue,"[""Seraphine"", ""Xin Zhao"", ""Varus"", ""Jayce"", ""Gnar""]","[""Orianna"", ""Bard"", ""Anivia"", ""Skarner"", ""Jarvan IV""]","[""Cassiopeia"", ""Jhin"", ""Nautilus"", ""Rumble"", ""Pantheon""]","[""Ezreal"", ""Nocturne"", ""Leona"", ""Viktor"", ""K'Sante""]",[],[],1,leaguepedia_cargo_patch_range,0
Esports World Cup 2026/Online Qualifiers/South America_Round 1_4_1,2026-06-08 16:08:00,26.11,Esports World Cup 2026 Online Qualifier: South America,Leviatan,paiN Gaming,paiN Gaming,"[""Varus"", ""Nocturne"", ""Jarvan IV"", ""Neeko"", ""Xayah""]","[""Caitlyn"", ""Orianna"", ""Bard"", ""Jhin"", ""Nautilus""]","[""Cassiopeia"", ""Rumble"", ""Vi"", ""Ashe"", ""Rell""]","[""Pantheon"", ""Anivia"", ""K'Sante"", ""Seraphine"", ""Ezreal""]",[],[],0,leaguepedia_cargo_patch_range,1
EMEA Masters/2026 Season/Spring Play-In_Round 2_7_1,2026-06-08 16:30:00,26.11,EM 2026 Spring Play-In,Frites Esports Club,Magaza Esports,Frites Esports Club,"[""Nautilus"", ""Varus"", ""Aurora"", ""Vi"", ""Wukong""]","[""Ashe"", ""Karma"", ""Orianna"", ""LeBlanc"", ""Akali""]","[""Xin Zhao"", ""Yunara"", ""Lulu"", ""Taliyah"", ""Aatrox""]","[""Caitlyn"", ""Bard"", ""Ahri"", ""Trundle"", ""Gwen""]",[],[],1,leaguepedia_cargo_patch_range,0
EMEA Masters/2026 Season/Spring Play-In_Round 2_6_1,2026-06-08 16:32:00,26.11,EM 2026 Spring Play-In,Otter Side,GMBLERS Esports,Otter Side,"[""Lucian"", ""Varus"", ""Bard"", ""Mel"", ""Galio""]","[""Karma"", ""Nocturne"", ""Orianna"", ""Aurora"", ""Ahri""]","[""Senna"", ""Nautilus"", ""Wukong"", ""K'Sante"", ""Cassiopeia""]","[""Jarvan IV"", ""Caitlyn"", ""Rell"", ""Rumble"", ""Anivia""]",[],[],1,leaguepedia_cargo_patch_range,0
EMEA Masters/2026 Season/Spring Play-In_Round 2_8_1,2026-06-08 16:32:00,26.11,EM 2026 Spring Play-In,Partizan Sangal,Bubliki,Partizan Sangal,"[""Jarvan IV"", ""Ryze"", ""Cassiopeia"", ""Viktor"", ""Gnar""]","[""Shen"", ""Xin Zhao"", ""Orianna"", ""Nautilus"", ""Lulu""]","[""Varus"", ""Rek'Sai"", ""Mel"", ""Rell"", ""Ornn""]","[""Ashe"", ""Nocturne"", ""Milio"", ""Syndra"", ""Aatrox""]",[],[],1,leaguepedia_cargo_patch_range,0
EMEA Masters/2026 Season/Spring Play-In_Round 2_5_1,2026-06-08 16:33:00,26.11,EM 2026 Spring Play-In,mCon esports,FN Esports,FN Esports,"[""Orianna"", ""Caitlyn"", ""Jarvan IV"", ""Sion"", ""Irelia""]","[""Pantheon"", ""Varus"", ""Karma"", ""Viktor"", ""Hwei""]","[""Ezreal"", ""Bard"", ""Jayce"", ""Naafiri"", ""Akali""]","[""Ashe"", ""Seraphine"", ""Vi"", ""Cassiopeia"", ""K'Sante""]",[],[],0,leaguepedia_cargo_patch_range,1
EMEA Masters/2026 Season/Spring Play-In_Round 2_1_1,2026-06-08 16:35:00,26.11,EM 2026 Spring Play-In,CITA Kaizen,Karmine Corp Blue,Karmine Corp Blue,"[""Sion"", ""Bard"", ""Akali"", ""Lulu"", ""Xayah""]","[""Nocturne"", ""Ezreal"", ""Cassiopeia"", ""Poppy"", ""Jhin""]","[""Orianna"", ""Vi"", ""Varus"", ""K'Sante"", ""Alistar""]","[""Rumble"", ""Lee Sin"", ""Irelia"", ""Senna"", ""Tahm Kench""]",[],[],0,leaguepedia_cargo_patch_range,1
EMEA Masters/2026 Season/Spring Play-In_Round 2_4_1,2026-06-08 16:35:00,26.11,EM 2026 Spring Play-In,Bomba Team,Ruddy Corporation,Ruddy Corporation,"[""Jarvan IV"", ""Bard"", ""Akali"", ""Olaf"", ""Nautilus""]","[""Karma"", ""Ashe"", ""Vex"", ""Braum"", ""Seraphine""]","[""Orianna"", ""Wukong"", ""Ezreal"", ""Sion"", ""Rakan""]","[""Nocturne"", ""Varus"", ""Aurora"", ""Caitlyn"", ""Neeko""]",[],[],0,leaguepedia_cargo_patch_range,1
EMEA Masters/2026 Season/Spring Play-In_Round 2_2_1,2026-06-08 16:36:00,26.11,EM 2026 Spring Play-In,E WIE EINFACH E-SPORTS,Nightbirds,E WIE EINFACH E-SPORTS,"[""Nocturne"", ""Karma"", ""Nautilus"", ""Ambessa"", ""Aatrox""]","[""Rumble"", ""Orianna"", ""Bard"", ""Caitlyn"", ""Lucian""]","[""Cassiopeia"", ""Naafiri"", ""Sion"", ""Varus"", ""Leona""]","[""Ezreal"", ""Jarvan IV"", ""Viktor"", ""Gnar"", ""Alistar""]",[],[],1,leaguepedia_cargo_patch_range,0
EMEA Masters/2026 Season/Spring Play-In_Round 2_3_1,2026-06-08 16:36:00,26.11,EM 2026 Spring Play-In,GOAL,Verdant,Verdant,"[""Akali"", ""Nocturne"", ""Karma"", ""Olaf"", ""Ryze""]","[""Orianna"", ""Cassiopeia"", ""Ashe"", ""Anivia"", ""Ahri""]","[""Varus"", ""Skarner"", ""Bard"", ""Ezreal"", ""LeBlanc""]","[""Senna"", ""Pantheon"", ""Nautilus"", ""Aurora"", ""Jayce""]",[],[],0,leaguepedia_cargo_patch_range,1
Esports World Cup 2026/Online Qualifiers/South America_Round 1_4_2,2026-06-08 16:59:00,26.11,Esports World Cup 2026 Online Qualifier: South America,Leviatan,paiN Gaming,paiN Gaming,"[""Varus"", ""Nocturne"", ""Bard"", ""Nautilus"", ""Milio""]","[""Caitlyn"", ""Orianna"", ""Karma"", ""Yorick"", ""Lee Sin""]","[""Ryze"", ""Xayah"", ""Rakan"", ""Sion"", ""Naafiri""]","[""Jarvan IV"", ""Ahri"", ""Jayce"", ""Zeri"", ""Lulu""]",[],[],0,leaguepedia_cargo_patch_range,1
EMEA Masters/2026 Season/Spring Play-In_Round 3_1_1,2026-06-08 18:03:00,26.11,EM 2026 Spring Play-In,Karmine Corp Blue,Verdant,Karmine Corp Blue,"[""Seraphine"", ""Varus"", ""Cassiopeia"", ""Sion"", ""Gangplank""]","[""Rumble"", ""Orianna"", ""Nocturne"", ""Naafiri"", ""Vi""]","[""Anivia"", ""Jhin"", ""Nautilus"", ""Xin Zhao"", ""Renekton""]","[""Ezreal"", ""Karma"", ""Jarvan IV"", ""Aurora"", ""Jax""]",[],[],1,leaguepedia_cargo_patch_range,0
EMEA Masters/2026 Season/Spring Play-In_Round 3_5_1,2026-06-08 18:03:00,26.11,EM 2026 Spring Play-In,CITA Kaizen,Nightbirds,CITA Kaizen,"[""Akali"", ""Irelia"", ""Bard"", ""Nautilus"", ""Ahri""]","[""Nocturne"", ""Lucian"", ""Varus"", ""Sivir"", ""Jhin""]","[""Orianna"", ""Karma"", ""Naafiri"", ""Caitlyn"", ""Sion""]","[""Ezreal"", ""Rumble"", ""Bel'Veth"", ""Ryze"", ""Camille""]",[],[],1,leaguepedia_cargo_patch_range,0
EMEA Masters/2026 Season/Spring Play-In_Round 3_7_1,2026-06-08 18:03:00,26.11,EM 2026 Spring Play-In,Magaza Esports,GMBLERS Esports,GMBLERS Esports,"[""Nautilus"", ""Bard"", ""Aurora"", ""Ahri"", ""Syndra""]","[""Karma"", ""Orianna"", ""Seraphine"", ""Aatrox"", ""Wukong""]","[""Lulu"", ""Yunara"", ""Anivia"", ""Jarvan IV"", ""K'Sante""]","[""Lucian"", ""Milio"", ""Vi"", ""Cassiopeia"", ""Gwen""]",[],[],0,leaguepedia_cargo_patch_range,1
EMEA Masters/2026 Season/Spring Play-In_Round 3_2_1,2026-06-08 18:04:00,26.11,EM 2026 Spring Play-In,E WIE EINFACH E-SPORTS,Ruddy Corporation,E WIE EINFACH E-SPORTS,"[""Jarvan IV"", ""Caitlyn"", ""Bard"", ""Akali"", ""Naafiri""]","[""Orianna"", ""Karma"", ""Seraphine"", ""Xin Zhao"", ""Wukong""]","[""Ashe"", ""Aatrox"", ""Lulu"", ""Viktor"", ""Dr. Mundo""]","[""Sion"", ""Ezreal"", ""Pyke"", ""Viego"", ""Rumble""]",[],[],1,leaguepedia_cargo_patch_range,0
EMEA Masters/2026 Season/Spring Play-In_Round 3_3_1,2026-06-08 18:04:00,26.11,EM 2026 Spring Play-In,Bomba Team,Otter Side,Bomba Team,"[""Varus"", ""Aurora"", ""Ezreal"", ""Leona"", ""Olaf""]","[""Karma"", ""Orianna"", ""Cassiopeia"", ""Sion"", ""Caitlyn""]","[""Nocturne"", ""Nautilus"", ""Ryze"", ""Jhin"", ""K'Sante""]","[""Wukong"", ""Corki"", ""Anivia"", ""Rumble"", ""Rell""]",[],[],1,leaguepedia_cargo_patch_range,0
EMEA Masters/2026 Season/Spring Play-In_Round 3_4_1,2026-06-08 18:04:00,26.11,EM 2026 Spring Play-In,Partizan Sangal,GOAL,Partizan Sangal,"[""Gwen"", ""Varus"", ""Bard"", ""Nautilus"", ""Rakan""]","[""Ashe"", ""Cassiopeia"", ""Ezreal"", ""Lucian"", ""Neeko""]","[""Nocturne"", ""Orianna"", ""Rumble"", ""Sivir"", ""Alistar""]","[""Senna"", ""Wukong"", ""Akali"", ""K'Sante"", ""Rell""]",[],[],1,leaguepedia_cargo_patch_range,0
EMEA Masters/2026 Season/Spring Play-In_Round 3_6_1,2026-06-08 18:05:00,26.11,EM 2026 Spring Play-In,Frites Esports Club,FN Esports,Frites Esports Club,"[""Cassiopeia"", ""Ashe"", ""Aurora"", ""Jayce"", ""Yorick""]","[""Orianna"", ""Karma"", ""Jarvan IV"", ""Xin Zhao"", ""Pantheon""]","[""Anivia"", ""Ezreal"", ""Bard"", ""Skarner"", ""Twisted Fate""]","[""Caitlyn"", ""Nocturne"", ""Nautilus"", ""Akali"", ""Irelia""]",[],[],1,leaguepedia_cargo_patch_range,0
EMEA Masters/2026 Season/Spring Play-In_Round 3_8_1,2026-06-08 18:05:00,26.11,EM 2026 Spring Play-In,Bubliki,mCon esports,mCon esports,"[""Bard"", ""Milio"", ""Karma"", ""Fiora"", ""Jax""]","[""Xin Zhao"", ""Orianna"", ""Jarvan IV"", ""Anivia"", ""Shen""]","[""Seraphine"", ""Pantheon"", ""Ashe"", ""Jayce"", ""Taliyah""]","[""Nautilus"", ""Varus"", ""Ryze"", ""Ivern"", ""Yorick""]",[],[],0,leaguepedia_cargo_patch_range,1
EMEA Masters/2026 Season/Spring Play-In_Round 4_2_1,2026-06-08 19:22:00,26.11,EM 2026 Spring Play-In,CITA Kaizen,Verdant,CITA Kaizen,"[""Akali"", ""Bard"", ""Rumble"", ""Ahri"", ""Karma""]","[""Nocturne"", ""Varus"", ""Cassiopeia"", ""Gangplank"", ""Wukong""]","[""Orianna"", ""Nautilus"", ""Senna"", ""Xin Zhao"", ""Gnar""]","[""Ezreal"", ""Lee Sin"", ""K'Sante"", ""Ryze"", ""Malphite""]",[],[],1,leaguepedia_cargo_patch_range,0
EMEA Masters/2026 Season/Spring Play-In_Round 4_5_1,2026-06-08 19:22:00,26.11,EM 2026 Spring Play-In,GOAL,GMBLERS Esports,GOAL,"[""Varus"", ""Senna"", ""Orianna"", ""Sion"", ""Ornn""]","[""Karma"", ""Nocturne"", ""Bard"", ""Aurelion Sol"", ""Akali""]","[""Pantheon"", ""Nautilus"", ""Rumble"", ""Jinx"", ""Gwen""]","[""Lucian"", ""Wukong"", ""Braum"", ""Syndra"", ""Galio""]",[],[],1,leaguepedia_cargo_patch_range,0
Esports World Cup 2026/Online Qualifiers/South America_Round 2_1_1,2026-06-08 19:22:00,26.11,Esports World Cup 2026 Online Qualifier: South America,LØS,Vivo Keyd Stars,Vivo Keyd Stars,"[""Jarvan IV"", ""Bard"", ""Karma"", ""Naafiri"", ""Xin Zhao""]","[""Milio"", ""Nocturne"", ""Akali"", ""Sivir"", ""Rakan""]","[""Cassiopeia"", ""Vi"", ""Rumble"", ""Alistar"", ""Ezreal""]","[""Orianna"", ""Varus"", ""Neeko"", ""Shen"", ""K'Sante""]",[],[],0,leaguepedia_cargo_patch_range,1
EMEA Masters/2026 Season/Spring Play-In_Round 4_1_1,2026-06-08 19:24:00,26.11,EM 2026 Spring Play-In,Bomba Team,Frites Esports Club,Frites Esports Club,"[""Jarvan IV"", ""Varus"", ""Caitlyn"", ""Olaf"", ""Irelia""]","[""Cassiopeia"", ""Orianna"", ""Bard"", ""Sion"", ""Skarner""]","[""Anivia"", ""Nautilus"", ""Jhin"", ""Twisted Fate"", ""Trundle""]","[""Ezreal"", ""Karma"", ""Aurora"", ""Xin Zhao"", ""Jayce""]",[],[],0,leaguepedia_cargo_patch_range,1
EMEA Masters/2026 Season/Spring Play-In_Round 4_6_1,2026-06-08 19:24:00,26.11,EM 2026 Spring Play-In,mCon esports,Otter Side,mCon esports,"[""Karma"", ""Orianna"", ""Caitlyn"", ""Jayce"", ""Gnar""]","[""Ivern"", ""Varus"", ""Ryze"", ""Mel"", ""Annie""]","[""Ezreal"", ""Rell"", ""Zaahen"", ""K'Sante"", ""Taliyah""]","[""Senna"", ""Nautilus"", ""Ahri"", ""Wukong"", ""Rumble""]",[],[],1,leaguepedia_cargo_patch_range,0
EMEA Masters/2026 Season/Spring Play-In_Round 4_3_1,2026-06-08 19:25:00,26.11,EM 2026 Spring Play-In,Partizan Sangal,Ruddy Corporation,Partizan Sangal,"[""Jarvan IV"", ""Jayce"", ""Bard"", ""Akali"", ""Aurora""]","[""Orianna"", ""Xin Zhao"", ""Ezreal"", ""Kassadin"", ""Sion""]","[""Karma"", ""Wukong"", ""Jhin"", ""Viktor"", ""Ornn""]","[""Ashe"", ""Nocturne"", ""Seraphine"", ""Cassiopeia"", ""Aatrox""]",[],[],1,leaguepedia_cargo_patch_range,0
EMEA Masters/2026 Season/Spring Play-In_Round 4_4_1,2026-06-08 19:27:00,26.11,EM 2026 Spring Play-In,FN Esports,Nightbirds,Nightbirds,"[""Aurora"", ""Caitlyn"", ""Jarvan IV"", ""Anivia"", ""Vi""]","[""Orianna"", ""Karma"", ""Bard"", ""Jayce"", ""Varus""]","[""Cassiopeia"", ""Ezreal"", ""Nautilus"", ""K'Sante"", ""Wukong""]","[""Ashe"", ""Rumble"", ""Braum"", ""Hwei"", ""Trundle""]",[],[],0,leaguepedia_cargo_patch_range,1
Esports World Cup 2026/Online Qualifiers/South America_Round 2_1_2,2026-06-08 20:13:00,26.11,Esports World Cup 2026 Online Qualifier: South America,Vivo Keyd Stars,LØS,LØS,"[""Karma"", ""Bard"", ""Jarvan IV"", ""Caitlyn"", ""Xayah""]","[""Milio"", ""Twisted Fate"", ""Nocturne"", ""Seraphine"", ""Nautilus""]","[""Viktor"", ""Sion"", ""Wukong"", ""Lulu"", ""Sivir""]","[""Ryze"", ""Pantheon"", ""Gnar"", ""Rakan"", ""Vayne""]",[],[],0,leaguepedia_cargo_patch_range,1
EMEA Masters/2026 Season/Spring Play-In_Round 5_1_1,2026-06-08 20:33:00,26.11,EM 2026 Spring Play-In,Verdant,Ruddy Corporation,Verdant,"[""Ezreal"", ""Viktor"", ""Syndra"", ""Sivir"", ""Sion""]","[""Jarvan IV"", ""Orianna"", ""Cassiopeia"", ""Ryze"", ""Anivia""]","[""Xin Zhao"", ""Jhin"", ""Bard"", ""Gangplank"", ""Mel""]","[""Karma"", ""Trundle"", ""Vex"", ""Ashe"", ""Aurora""]",[],[],1,leaguepedia_cargo_patch_range,0
EMEA Masters/2026 Season/Spring Play-In_Round 5_2_1,2026-06-08 20:33:00,26.11,EM 2026 Spring Play-In,GOAL,Nightbirds,GOAL,"[""Varus"", ""Cassiopeia"", ""Orianna"", ""K'Sante"", ""Sion""]","[""Akali"", ""Ezreal"", ""Karma"", ""Anivia"", ""Aurora""]","[""Nocturne"", ""Bard"", ""Rumble"", ""Sivir"", ""Yone""]","[""Ryze"", ""Jarvan IV"", ""Nautilus"", ""Ambessa"", ""Xayah""]",[],[],1,leaguepedia_cargo_patch_range,0
EMEA Masters/2026 Season/Spring Play-In_Round 5_3_1,2026-06-08 20:34:00,26.11,EM 2026 Spring Play-In,mCon esports,Bomba Team,Bomba Team,"[""Varus"", ""Anivia"", ""Orianna"", ""Jayce"", ""Skarner""]","[""Ashe"", ""Karma"", ""Taliyah"", ""Sion"", ""Nocturne""]","[""Ezreal"", ""Bard"", ""Akali"", ""Trundle"", ""Rumble""]","[""Caitlyn"", ""Cassiopeia"", ""Nautilus"", ""Pantheon"", ""LeBlanc""]",[],[],0,leaguepedia_cargo_patch_range,1
Esports World Cup 2026/Online Qualifiers/South America_Round 2_1_3,2026-06-08 21:06:00,26.11,Esports World Cup 2026 Online Qualifier: South America,Vivo Keyd Stars,LØS,Vivo Keyd Stars,"[""Akali"", ""Nautilus"", ""Twisted Fate"", ""Ahri"", ""Olaf""]","[""Karma"", ""Bard"", ""Lucian"", ""LeBlanc"", ""Syndra""]","[""Nocturne"", ""Mel"", ""Pyke"", ""Jayce"", ""Galio""]","[""Jarvan IV"", ""Ashe"", ""Leona"", ""Aurora"", ""Yorick""]",[],[],1,leaguepedia_cargo_patch_range,0
Esports World Cup 2026/Online Qualifiers/South America_Round 2_2_1,2026-06-08 21:50:00,26.11,Esports World Cup 2026 Online Qualifier: South America,Fluxo W7M,RED Canids,RED Canids,"[""Varus"", ""Cassiopeia"", ""Pantheon"", ""Ezreal"", ""Caitlyn""]","[""Bard"", ""Nocturne"", ""Jarvan IV"", ""Seraphine"", ""Lucian""]","[""Ryze"", ""K'Sante"", ""Xin Zhao"", ""Xayah"", ""Rakan""]","[""Rumble"", ""Vi"", ""Ahri"", ""Jhin"", ""Alistar""]",[],[],0,leaguepedia_cargo_patch_range,1
Esports World Cup 2026/Online Qualifiers/South America_Round 2_2_2,2026-06-08 22:42:00,26.11,Esports World Cup 2026 Online Qualifier: South America,RED Canids,Fluxo W7M,RED Canids,"[""Varus"", ""Orianna"", ""Nocturne"", ""Naafiri"", ""Akali""]","[""Cassiopeia"", ""Jarvan IV"", ""Pantheon"", ""Aatrox"", ""Zoe""]","[""Bard"", ""Caitlyn"", ""Sion"", ""Annie"", ""Ambessa""]","[""Ezreal"", ""Karma"", ""Gwen"", ""Wukong"", ""Galio""]",[],[],1,leaguepedia_cargo_patch_range,0
Liga Regional Norte/2026 Season/Split 1 Playoffs_Finals_1_1,2026-06-08 23:12:00,26.11,LRN 2026 Split 1 Playoffs,G3V E-sports,Fuego,Fuego,"[""Ezreal"", ""Nautilus"", ""Nasus"", ""Vi"", ""Xin Zhao""]","[""Varus"", ""Nocturne"", ""Bard"", ""Jarvan IV"", ""Wukong""]","[""Rumble"", ""Lucian"", ""Milio"", ""Pantheon"", ""Orianna""]","[""Caitlyn"", ""Karma"", ""K'Sante"", ""Naafiri"", ""Akali""]",[],[],0,leaguepedia_cargo_patch_range,1
Liga Regional Norte/2026 Season/Split 1 Playoffs_Finals_1_2,2026-06-09 00:06:00,26.11,LRN 2026 Split 1 Playoffs,G3V E-sports,Fuego,Fuego,"[""Nasus"", ""Nautilus"", ""Seraphine"", ""Cassiopeia"", ""Taliyah""]","[""Varus"", ""Nocturne"", ""Neeko"", ""Sion"", ""Galio""]","[""Jarvan IV"", ""Kai'Sa"", ""Rakan"", ""Jayce"", ""Twisted Fate""]","[""Ezreal"", ""Bard"", ""Wukong"", ""Ryze"", ""Renekton""]",[],[],0,leaguepedia_cargo_patch_range,1
Liga Regional Norte/2026 Season/Split 1 Playoffs_Finals_1_3,2026-06-09 00:58:00,26.11,LRN 2026 Split 1 Playoffs,G3V E-sports,Fuego,Fuego,"[""Nasus"", ""Seraphine"", ""Vayne"", ""Smolder""]","[""Nocturne"", ""Varus"", ""Neeko"", ""Sylas"", ""Cassiopeia""]","[""Xin Zhao"", ""Ashe"", ""Nautilus"", ""Jax"", ""Taliyah""]","[""Aatrox"", ""Jhin"", ""Alistar"", ""Azir"", ""Dr. Mundo""]",[],[],0,leaguepedia_cargo_patch_range,1
2026 Asia Masters_Day 2_1_1,2026-06-09 06:09:00,26.11,Asia Masters 2026,Dplus Kia Challengers,Top Esports Challenger,Dplus Kia Challengers,"[""Nocturne"", ""Jarvan IV"", ""Anivia"", ""Annie"", ""Ahri""]","[""Orianna"", ""Cassiopeia"", ""Varus"", ""Lee Sin"", ""Miss Fortune""]","[""Ryze"", ""Nautilus"", ""Rumble"", ""Jhin"", ""Trundle""]","[""Ezreal"", ""Karma"", ""K'Sante"", ""Twisted Fate"", ""Naafiri""]",[],[],1,leaguepedia_cargo_patch_range,0
2026 Asia Masters_Day 2_1_2,2026-06-09 07:01:00,26.11,Asia Masters 2026,Dplus Kia Challengers,Top Esports Challenger,Dplus Kia Challengers,"[""Orianna"", ""Varus"", ""Xin Zhao"", ""Akali"", ""Gnar""]","[""Bard"", ""Nocturne"", ""Jarvan IV"", ""Olaf"", ""Wukong""]","[""Cassiopeia"", ""Lucian"", ""Milio"", ""Sion"", ""Pantheon""]","[""Ashe"", ""Seraphine"", ""Vi"", ""Ahri"", ""Shen""]",[],[],1,leaguepedia_cargo_patch_range,0
2026 Asia Masters_Day 2_2_1,2026-06-09 07:54:00,26.11,Asia Masters 2026,Bilibili Gaming Junior,T1 Esports Academy,T1 Esports Academy,"[""Caitlyn"", ""Nocturne"", ""Galio"", ""Ahri"", ""Vi""]","[""Jarvan IV"", ""Orianna"", ""Pantheon"", ""K'Sante"", ""Xin Zhao""]","[""Ezreal"", ""Karma"", ""Cassiopeia"", ""Sion"", ""Ambessa""]","[""Varus"", ""Rumble"", ""Bard"", ""Akali"", ""Lee Sin""]",[],[],0,leaguepedia_cargo_patch_range,1
2026 Asia Masters_Day 2_2_2,2026-06-09 08:41:00,26.11,Asia Masters 2026,T1 Esports Academy,Bilibili Gaming Junior,T1 Esports Academy,"[""Jarvan IV"", ""K'Sante"", ""Anivia"", ""Milio"", ""Lulu""]","[""Orianna"", ""Caitlyn"", ""Ryze"", ""Ashe"", ""Nautilus""]","[""Vi"", ""Yorick"", ""Ahri"", ""Alistar"", ""Yunara""]","[""Nocturne"", ""Jayce"", ""Sylas"", ""Sivir"", ""Tahm Kench""]",[],[],1,leaguepedia_cargo_patch_range,0
2026 Asia Masters_Day 2_3_1,2026-06-09 09:38:00,26.11,Asia Masters 2026,Nongshim Esports Academy,Weibo Gaming Youth Team,Nongshim Esports Academy,"[""Bard"", ""Karma"", ""Ryze"", ""Twisted Fate"", ""Akali""]","[""Orianna"", ""Cassiopeia"", ""Jarvan IV"", ""Ahri"", ""Jayce""]","[""Milio"", ""Vi"", ""Lucian"", ""Viktor"", ""Jax""]","[""Yunara"", ""Lulu"", ""Xin Zhao"", ""Aurora"", ""Gnar""]",[],[],1,leaguepedia_cargo_patch_range,0
2026 Asia Masters_Day 2_3_2,2026-06-09 10:26:00,26.11,Asia Masters 2026,Nongshim Esports Academy,Weibo Gaming Youth Team,Nongshim Esports Academy,"[""Bard"", ""Karma"", ""Twisted Fate"", ""Taliyah"", ""Anivia""]","[""Orianna"", ""Cassiopeia"", ""Jarvan IV"", ""Lee Sin"", ""Skarner""]","[""Ryze"", ""Ashe"", ""Seraphine"", ""Trundle"", ""K'Sante""]","[""Varus"", ""Naafiri"", ""Nautilus"", ""Mel"", ""Vayne""]",[],[],1,leaguepedia_cargo_patch_range,0
EMEA Masters/2026 Season/Spring Play-In_Qualification Round_2_1,2026-06-09 15:03:00,26.11,EM 2026 Spring Play-In,Partizan Sangal,CITA Kaizen,Partizan Sangal,"[""Lee Sin"", ""Akali"", ""Nautilus"", ""Sion"", ""Ornn""]","[""Nocturne"", ""Jarvan IV"", ""Karma"", ""Pantheon"", ""Xin Zhao""]","[""Cassiopeia"", ""Ashe"", ""Seraphine"", ""Wukong"", ""K'Sante""]","[""Ezreal"", ""Bard"", ""Orianna"", ""Rumble"", ""Bel'Veth""]",[],[],1,leaguepedia_cargo_patch_range,0
EMEA Masters/2026 Season/Spring Play-In_Qualification Round_1_1,2026-06-09 15:05:00,26.11,EM 2026 Spring Play-In,GOAL,E WIE EINFACH E-SPORTS,E WIE EINFACH E-SPORTS,"[""Akali"", ""Nocturne"", ""Nautilus"", ""Jhin"", ""Caitlyn""]","[""Pyke"", ""Cassiopeia"", ""Varus"", ""Dr. Mundo"", ""Naafiri""]","[""Orianna"", ""Ezreal"", ""Neeko"", ""Sion"", ""Viego""]","[""Rumble"", ""Bard"", ""Ryze"", ""Sivir"", ""Lee Sin""]",[],[],0,leaguepedia_cargo_patch_range,1
EMEA Masters/2026 Season/Spring Play-In_Qualification Round_2_2,2026-06-09 15:54:00,26.11,EM 2026 Spring Play-In,Partizan Sangal,CITA Kaizen,Partizan Sangal,"[""Lee Sin"", ""Akali"", ""Zyra"", ""Sion"", ""Malphite""]","[""Nocturne"", ""Jarvan IV"", ""Xin Zhao"", ""Pantheon"", ""Vi""]","[""Ryze"", ""Lucian"", ""Milio"", ""Gnar"", ""Skarner""]","[""Naafiri"", ""Karma"", ""Zeri"", ""Viktor"", ""Yorick""]",[],[],1,leaguepedia_cargo_patch_range,0
EMEA Masters/2026 Season/Spring Play-In_Qualification Round_1_2,2026-06-09 15:58:00,26.11,EM 2026 Spring Play-In,E WIE EINFACH E-SPORTS,GOAL,E WIE EINFACH E-SPORTS,"[""Cassiopeia"", ""Pyke"", ""Caitlyn"", ""Azir"", ""Syndra""]","[""Akali"", ""Nocturne"", ""Jayce"", ""Ahri"", ""Gwen""]","[""Varus"", ""Rell"", ""Wukong"", ""Gnar"", ""Aurelion Sol""]","[""Seraphine"", ""Darius"", ""Poppy"", ""Ashe"", ""Aurora""]",[],[],1,leaguepedia_cargo_patch_range,0
Streamers Clash/Season 4_Round 1_1_1,2026-06-09 16:07:00,26.11,Streamers Clash Season 4,VEDICI DEEMONS,FREEZŮV WOLT DŮCHOĎÁK,VEDICI DEEMONS,"[""Ivern"", ""Galio"", ""Yuumi"", ""Jarvan IV"", ""Morgana""]","[""Skarner"", ""Orianna"", ""Sylas"", ""Viktor"", ""Syndra""]","[""Amumu"", ""Sivir"", ""Ornn"", ""Ryze"", ""Aatrox""]","[""Malphite"", ""Nautilus"", ""Varus"", ""Mordekaiser"", ""Viego""]",[],[],1,leaguepedia_cargo_patch_range,0
Prime League 2nd Division/2026 Season/Spring Playoffs_Round 1_1_1,2026-06-09 16:15:00,26.11,PRM 2nd Division 25-26 Spring Playoffs,All for One Gaming,regnum4games,All for One Gaming,[],[],[],[],[],[],1,leaguepedia_cargo_patch_range,0
Prime League 2nd Division/2026 Season/Spring Playoffs_Round 1_2_1,2026-06-09 16:18:00,26.11,PRM 2nd Division 25-26 Spring Playoffs,Hannover Esports e.V.,Reveal Multigaming,Reveal Multigaming,[],[],[],[],[],[],0,leaguepedia_cargo_patch_range,1
EMEA Masters/2026 Season/Spring Play-In_Qualification Round_4_1,2026-06-09 16:52:00,26.11,EM 2026 Spring Play-In,Bomba Team,Frites Esports Club,Bomba Team,"[""Varus"", ""Bard"", ""Akali"", ""Sion"", ""Karma""]","[""Cassiopeia"", ""Anivia"", ""Orianna"", ""Trundle"", ""Jarvan IV""]","[""Rumble"", ""Nautilus"", ""Corki"", ""Aatrox"", ""Taliyah""]","[""Ryze"", ""Ezreal"", ""Skarner"", ""Leona"", ""Vayne""]",[],[],1,leaguepedia_cargo_patch_range,0
EMEA Masters/2026 Season/Spring Play-In_Qualification Round_3_1,2026-06-09 16:55:00,26.11,EM 2026 Spring Play-In,Karmine Corp Blue,Verdant,Karmine Corp Blue,"[""Seraphine"", ""Varus"", ""Cassiopeia"", ""Gangplank"", ""Sion""]","[""Orianna"", ""Anivia"", ""Rumble"", ""Annie"", ""Ahri""]","[""Ezreal"", ""Rell"", ""Nocturne"", ""Aurora"", ""Renekton""]","[""Ryze"", ""Nautilus"", ""Senna"", ""Lee Sin"", ""Zaahen""]",[],[],1,leaguepedia_cargo_patch_range,0
Prime League 2nd Division/2026 Season/Spring Playoffs_Round 1_1_2,2026-06-09 17:09:00,26.11,PRM 2nd Division 25-26 Spring Playoffs,All for One Gaming,regnum4games,All for One Gaming,[],[],[],[],[],[],1,leaguepedia_cargo_patch_range,0
Streamers Clash/Season 4_Round 1_1_2,2026-06-09 17:11:00,26.11,Streamers Clash Season 4,FREEZŮV WOLT DŮCHOĎÁK,VEDICI DEEMONS,VEDICI DEEMONS,"[""Orianna"", ""Skarner"", ""Tristana"", ""Naafiri"", ""Ashe""]","[""Ivern"", ""Galio"", ""Yuumi"", ""Leona"", ""Milio""]","[""Cho'Gath"", ""Shen"", ""Maokai"", ""Caitlyn"", ""Rell""]","[""Sejuani"", ""Wukong"", ""Azir"", ""Senna"", ""Seraphine""]",[],[],0,leaguepedia_cargo_patch_range,1
Prime League 2nd Division/2026 Season/Spring Playoffs_Round 1_2_2,2026-06-09 17:12:00,26.11,PRM 2nd Division 25-26 Spring Playoffs,Reveal Multigaming,Hannover Esports e.V.,Reveal Multigaming,[],[],[],[],[],[],1,leaguepedia_cargo_patch_range,0
EMEA Masters/2026 Season/Spring Play-In_Qualification Round_3_2,2026-06-09 17:42:00,26.11,EM 2026 Spring Play-In,Karmine Corp Blue,Verdant,Karmine Corp Blue,"[""Anivia"", ""Rumble"", ""Orianna"", ""Ahri"", ""Akali""]","[""Seraphine"", ""Naafiri"", ""Cassiopeia"", ""LeBlanc"", ""Galio""]","[""Jarvan IV"", ""Yunara"", ""Pyke"", ""Sion"", ""Annie""]","[""Varus"", ""Vi"", ""Rakan"", ""Sylas"", ""Aatrox""]",[],[],1,leaguepedia_cargo_patch_range,0
EMEA Masters/2026 Season/Spring Play-In_Qualification Round_4_2,2026-06-09 17:47:00,26.11,EM 2026 Spring Play-In,Bomba Team,Frites Esports Club,Bomba Team,"[""Varus"", ""Bard"", ""Karma"", ""Jarvan IV"", ""Wukong""]","[""Orianna"", ""Anivia"", ""Cassiopeia"", ""Sion"", ""LeBlanc""]","[""Caitlyn"", ""Neeko"", ""Nocturne"", ""Galio"", ""Jayce""]","[""Lucian"", ""Milio"", ""Akali"", ""Aurora"", ""Vi""]",[],[],1,leaguepedia_cargo_patch_range,0
Streamers Clash/Season 4_Round 1_2_1,2026-06-09 18:12:00,26.11,Streamers Clash Season 4,STOPERCENTNÁ KAMILOVA TUTOFKA,HERDYNŮV LANGUSTA TÝM,HERDYNŮV LANGUSTA TÝM,"[""Sylas"", ""Viego"", ""Malphite"", ""Kassadin"", ""Orianna""]","[""Yuumi"", ""Vayne"", ""Amumu"", ""Pantheon"", ""Trundle""]","[""Gwen"", ""Maokai"", ""Milio"", ""Galio"", ""Wukong""]","[""Nasus"", ""Morgana"", ""Zaahen"", ""Nautilus"", ""Viktor""]",[],[],0,leaguepedia_cargo_patch_range,1
Prime League 2nd Division/2026 Season/Spring Playoffs_Round 1_4_1,2026-06-09 18:42:00,26.11,PRM 2nd Division 25-26 Spring Playoffs,Babos Gaming,MT1 Esports,MT1 Esports,[],[],[],[],[],[],0,leaguepedia_cargo_patch_range,1
Prime League 2nd Division/2026 Season/Spring Playoffs_Round 1_3_1,2026-06-09 18:44:00,26.11,PRM 2nd Division 25-26 Spring Playoffs,CGN Esports,DKB XPERION NXT,CGN Esports,[],[],[],[],[],[],1,leaguepedia_cargo_patch_range,0
Streamers Clash/Season 4_Round 1_2_2,2026-06-09 19:05:00,26.11,Streamers Clash Season 4,HERDYNŮV LANGUSTA TÝM,STOPERCENTNÁ KAMILOVA TUTOFKA,HERDYNŮV LANGUSTA TÝM,"[""Vayne"", ""Varus"", ""Pantheon"", ""Olaf"", ""Irelia""]","[""Viego"", ""Malphite"", ""Bel'Veth"", ""Shen"", ""Tristana""]","[""Amumu"", ""Seraphine"", ""Lillia"", ""Zed"", ""Renekton""]","[""Yuumi"", ""Ashe"", ""Sylas"", ""Lissandra"", ""Tryndamere""]",[],[],1,leaguepedia_cargo_patch_range,0
Prime League 2nd Division/2026 Season/Spring Playoffs_Round 1_3_2,2026-06-09 19:32:00,26.11,PRM 2nd Division 25-26 Spring Playoffs,CGN Esports,DKB XPERION NXT,CGN Esports,[],[],[],[],[],[],1,leaguepedia_cargo_patch_range,0
Prime League 2nd Division/2026 Season/Spring Playoffs_Round 1_4_2,2026-06-09 19:54:00,26.11,PRM 2nd Division 25-26 Spring Playoffs,MT1 Esports,Babos Gaming,MT1 Esports,[],[],[],[],[],[],1,leaguepedia_cargo_patch_range,0
Circuito Desafiante/2026 Season/Split 2 Promotion_Round 3_1_1,2026-06-09 20:07:00,26.11,CD 2026 Split 2 Promotion,Team Solid (Brazilian Team),Marere Invokers,Team Solid (Brazilian Team),"[""Zoe"", ""Seraphine"", ""Milio"", ""Rumble"", ""Jayce""]","[""Orianna"", ""Nocturne"", ""Varus"", ""Annie"", ""Ahri""]","[""Ezreal"", ""Wukong"", ""Nautilus"", ""Viktor"", ""Renekton""]","[""Jarvan IV"", ""Bard"", ""Sivir"", ""Cassiopeia"", ""K'Sante""]",[],[],1,leaguepedia_cargo_patch_range,0
Liga Regional Sur/2026 Season/Split 1 Playoffs_Finals_1_1,2026-06-09 20:07:00,26.11,LRS 2026 Split 1 Playoffs,Volticons,Golden Lions,Volticons,"[""Orianna"", ""Jarvan IV"", ""Nautilus"", ""Pantheon"", ""Vi""]","[""Azir"", ""Akali"", ""Cassiopeia"", ""Wukong"", ""Naafiri""]","[""Karma"", ""Sivir"", ""Ryze"", ""Sion"", ""Aatrox""]","[""Varus"", ""Leona"", ""Anivia"", ""Nocturne"", ""Shen""]",[],[],1,leaguepedia_cargo_patch_range,0
Circuito Desafiante/2026 Season/Split 2 Promotion_Round 3_1_2,2026-06-09 20:53:00,26.11,CD 2026 Split 2 Promotion,Team Solid (Brazilian Team),Marere Invokers,Marere Invokers,"[""Varus"", ""Lee Sin"", ""Anivia"", ""Ashe"", ""Alistar""]","[""Milio"", ""Caitlyn"", ""Nocturne"", ""Lucian"", ""Mel""]","[""Orianna"", ""Ambessa"", ""Pantheon"", ""Leona"", ""Jhin""]","[""Seraphine"", ""Syndra"", ""Gnar"", ""Xin Zhao"", ""Braum""]",[],[],0,leaguepedia_cargo_patch_range,1
Liga Regional Sur/2026 Season/Split 1 Playoffs_Finals_1_2,2026-06-09 20:59:00,26.11,LRS 2026 Split 1 Playoffs,Volticons,Golden Lions,Volticons,"[""Orianna"", ""Jarvan IV"", ""Pantheon"", ""Vi"", ""Lee Sin""]","[""Azir"", ""Akali"", ""Lucian"", ""Rakan"", ""Rell""]","[""Cassiopeia"", ""Wukong"", ""Rumble"", ""Alistar"", ""Miss Fortune""]","[""Xerath"", ""Nautilus"", ""K'Sante"", ""Nasus"", ""Senna""]",[],[],1,leaguepedia_cargo_patch_range,0
Circuito Desafiante/2026 Season/Split 2 Promotion_Round 3_1_3,2026-06-09 22:01:00,26.11,CD 2026 Split 2 Promotion,Team Solid (Brazilian Team),Marere Invokers,Team Solid (Brazilian Team),"[""Varus"", ""Lee Sin"", ""Anivia"", ""Vayne"", ""Skarner""]","[""Nocturne"", ""Milio"", ""Ryze"", ""Nasus"", ""Gwen""]","[""Caitlyn"", ""Ahri"", ""Neeko"", ""Vi"", ""Aatrox""]","[""Mel"", ""Aurora"", ""Karma"", ""Sion"", ""Naafiri""]",[],[],1,leaguepedia_cargo_patch_range,0
Liga Regional Sur/2026 Season/Split 1 Playoffs_Finals_1_3,2026-06-09 22:08:00,26.11,LRS 2026 Split 1 Playoffs,Volticons,Golden Lions,Volticons,"[""Akali"", ""Lucian"", ""Azir"", ""Naafiri"", ""Xin Zhao""]","[""Orianna"", ""Pantheon"", ""Jarvan IV"", ""Olaf"", ""Skarner""]","[""Viktor"", ""Yasuo"", ""Rakan"", ""Hecarim"", ""Renekton""]","[""Ashe"", ""Seraphine"", ""Galio"", ""Vi"", ""Gnar""]",[],[],1,leaguepedia_cargo_patch_range,0
Circuito Desafiante/2026 Season/Split 2 Promotion_Round 3_1_4,2026-06-09 22:58:00,26.11,CD 2026 Split 2 Promotion,Team Solid (Brazilian Team),Marere Invokers,Team Solid (Brazilian Team),"[""Lee Sin"", ""Anivia"", ""Varus"", ""Rumble"", ""Yorick""]","[""Nocturne"", ""Ryze"", ""Milio"", ""Zoe"", ""Akali""]","[""Nasus"", ""Xayah"", ""Rakan"", ""Jayce"", ""LeBlanc""]","[""Zyra"", ""Miss Fortune"", ""Renata Glasc"", ""Hwei"", ""Vayne""]",[],[],1,leaguepedia_cargo_patch_range,0
2026 Asia Masters_Day 3_2_1,2026-06-10 07:47:00,26.11,Asia Masters 2026,FENNEL,KT Rolster Challengers,KT Rolster Challengers,"[""Ezreal"", ""Jarvan IV"", ""Nocturne"", ""Lucian"", ""Ashe""]","[""Varus"", ""Vi"", ""Naafiri"", ""Rakan"", ""Nautilus""]","[""Cassiopeia"", ""Wukong"", ""Rumble"", ""Leona"", ""Jhin""]","[""Orianna"", ""Lee Sin"", ""K'Sante"", ""Bard"", ""Sivir""]",[],[],0,leaguepedia_cargo_patch_range,1
2026 Asia Masters_Day 3_2_2,2026-06-10 08:36:00,26.11,Asia Masters 2026,KT Rolster Challengers,FENNEL,KT Rolster Challengers,"[""Naafiri"", ""Nocturne"", ""Vi"", ""Jax"", ""Ryze""]","[""Ezreal"", ""Varus"", ""Jarvan IV"", ""Skarner"", ""Pantheon""]","[""Milio"", ""Lucian"", ""Vayne"", ""Sylas"", ""Sejuani""]","[""Jayce"", ""Senna"", ""Alistar"", ""Ahri"", ""Kha'Zix""]",[],[],1,leaguepedia_cargo_patch_range,0
2026 Asia Masters_Day 3_3_1,2026-06-10 09:31:00,26.11,Asia Masters 2026,EDward Gaming Youth Team,CTBC Flying Oyster Academy,CTBC Flying Oyster Academy,"[""Viego"", ""Nocturne"", ""Varus"", ""Kha'Zix"", ""Bard""]","[""Orianna"", ""Cassiopeia"", ""Jarvan IV"", ""Jhin"", ""Trundle""]","[""Karma"", ""Anivia"", ""Rumble"", ""Sivir"", ""Skarner""]","[""Ryze"", ""Ezreal"", ""K'Sante"", ""Xin Zhao"", ""Seraphine""]",[],[],0,leaguepedia_cargo_patch_range,1
2026 Asia Masters_Day 3_3_2,2026-06-10 10:21:00,26.11,Asia Masters 2026,EDward Gaming Youth Team,CTBC Flying Oyster Academy,CTBC Flying Oyster Academy,"[""Viego"", ""Nocturne"", ""Varus"", ""Ambessa"", ""Ahri""]","[""Orianna"", ""Cassiopeia"", ""Nautilus"", ""Gnar"", ""Viktor""]","[""Jarvan IV"", ""Yunara"", ""Lulu"", ""Hwei"", ""Jayce""]","[""Lucian"", ""Milio"", ""Vi"", ""Aurora"", ""Sion""]",[],[],0,leaguepedia_cargo_patch_range,1
EMEA Masters/2026 Season/Spring Main Event_Groups Day 1_3_1,2026-06-10 15:04:00,26.11,EM 2026 Spring Main Event,Partizan Sangal,G2 NORD,G2 NORD,"[""Anivia"", ""Nautilus"", ""Jarvan IV"", ""Vi"", ""Sion""]","[""Orianna"", ""Cassiopeia"", ""Nocturne"", ""Pantheon"", ""Olaf""]","[""Ryze"", ""Lucian"", ""Milio"", ""Jayce"", ""Aatrox""]","[""Ashe"", ""Seraphine"", ""Taliyah"", ""Trundle"", ""Yorick""]",[],[],0,leaguepedia_cargo_patch_range,1
EMEA Masters/2026 Season/Spring Main Event_Groups Day 1_4_1,2026-06-10 15:04:00,26.11,EM 2026 Spring Main Event,Bomba Team,Solary,Solary,"[""Sion"", ""Xin Zhao"", ""Varus"", ""Vi"", ""Pantheon""]","[""Orianna"", ""Jarvan IV"", ""Ezreal"", ""Nocturne"", ""Skarner""]","[""Cassiopeia"", ""Caitlyn"", ""Karma"", ""Rumble"", ""Aatrox""]","[""Anivia"", ""Lucian"", ""Nautilus"", ""Wukong"", ""K'Sante""]",[],[],0,leaguepedia_cargo_patch_range,1
EMEA Masters/2026 Season/Spring Main Event_Groups Day 1_2_1,2026-06-10 15:05:00,26.11,EM 2026 Spring Main Event,HMBLE,UCAM Esports,HMBLE,"[""Pyke"", ""Nautilus"", ""Orianna"", ""Sion"", ""Ornn""]","[""Cassiopeia"", ""Ezreal"", ""Bard"", ""Alistar"", ""Karma""]","[""Nocturne"", ""Caitlyn"", ""Rumble"", ""Lux"", ""Ahri""]","[""Wukong"", ""Neeko"", ""Jhin"", ""K'Sante"", ""LeBlanc""]",[],[],1,leaguepedia_cargo_patch_range,0
EMEA Masters/2026 Season/Spring Main Event_Groups Day 1_1_1,2026-06-10 15:07:00,26.11,EM 2026 Spring Main Event,E WIE EINFACH E-SPORTS,Misa Esports,Misa Esports,"[""Pyke"", ""Nautilus"", ""Varus"", ""Viktor"", ""Jarvan IV""]","[""Orianna"", ""Karma"", ""Cassiopeia"", ""Xin Zhao"", ""Nocturne""]","[""Ezreal"", ""Anivia"", ""Seraphine"", ""Trundle"", ""K'Sante""]","[""Sion"", ""Bard"", ""Caitlyn"", ""Naafiri"", ""Rumble""]",[],[],0,leaguepedia_cargo_patch_range,1
Streamers Clash/Season 4_Round 1_3_1,2026-06-10 15:10:00,26.11,Streamers Clash Season 4,SILNĚJŠÍ SE XNAPYM,FREEZŮV WOLT DŮCHOĎÁK,FREEZŮV WOLT DŮCHOĎÁK,"[""Yuumi"", ""Illaoi"", ""Caitlyn"", ""Ivern"", ""Mordekaiser""]","[""Yone"", ""Hwei"", ""Skarner"", ""Olaf"", ""Bel'Veth""]","[""Galio"", ""Sylas"", ""Kog'Maw"", ""Maokai"", ""Xin Zhao""]","[""Malphite"", ""Amumu"", ""Sivir"", ""Heimerdinger"", ""Trundle""]",[],[],0,leaguepedia_cargo_patch_range,1
EMEA Masters/2026 Season/Spring Main Event_Groups Day 1_3_2,2026-06-10 15:51:00,26.11,EM 2026 Spring Main Event,Partizan Sangal,G2 NORD,G2 NORD,"[""Varus"", ""Nocturne"", ""Jarvan IV"", ""Lulu"", ""Braum""]","[""Anivia"", ""Karma"", ""Rumble"", ""Pantheon"", ""Skarner""]","[""Cassiopeia"", ""Senna"", ""Nautilus"", ""Viktor"", ""Lee Sin""]","[""Orianna"", ""Xin Zhao"", ""Sivir"", ""Leona"", ""Akali""]",[],[],0,leaguepedia_cargo_patch_range,1
EMEA Masters/2026 Season/Spring Main Event_Groups Day 1_1_2,2026-06-10 15:53:00,26.11,EM 2026 Spring Main Event,Misa Esports,E WIE EINFACH E-SPORTS,Misa Esports,"[""Karma"", ""Jarvan IV"", ""Lucian"", ""Xin Zhao"", ""Pantheon""]","[""Orianna"", ""Pyke"", ""Nautilus"", ""Poppy"", ""Nocturne""]","[""Cassiopeia"", ""Varus"", ""Neeko"", ""Dr. Mundo"", ""Gnar""]","[""Viktor"", ""Ashe"", ""Lulu"", ""Jayce"", ""Skarner""]",[],[],1,leaguepedia_cargo_patch_range,0
EMEA Masters/2026 Season/Spring Main Event_Groups Day 1_4_2,2026-06-10 15:57:00,26.11,EM 2026 Spring Main Event,Solary,Bomba Team,Solary,"[""Sion"", ""Xin Zhao"", ""Ashe"", ""Skarner"", ""Nocturne""]","[""Orianna"", ""Jarvan IV"", ""Bard"", ""Alistar"", ""Neeko""]","[""Varus"", ""Aurora"", ""Pantheon"", ""Tristana"", ""Leona""]","[""Yunara"", ""Ryze"", ""Rell"", ""Zaahen"", ""Jax""]",[],[],1,leaguepedia_cargo_patch_range,0
EMEA Masters/2026 Season/Spring Main Event_Groups Day 1_2_2,2026-06-10 16:02:00,26.11,EM 2026 Spring Main Event,HMBLE,UCAM Esports,UCAM Esports,"[""Cassiopeia"", ""Jarvan IV"", ""Ezreal"", ""Anivia"", ""Vayne""]","[""Orianna"", ""Varus"", ""Pyke"", ""Gnar"", ""Ziggs""]","[""Pantheon"", ""Rell"", ""Tristana"", ""Olaf"", ""Viktor""]","[""Senna"", ""Nautilus"", ""Poppy"", ""Renekton"", ""Akali""]",[],[],0,leaguepedia_cargo_patch_range,1
Streamers Clash/Season 4_Round 1_3_2,2026-06-10 16:17:00,26.11,Streamers Clash Season 4,FREEZŮV WOLT DŮCHOĎÁK,SILNĚJŠÍ SE XNAPYM,SILNĚJŠÍ SE XNAPYM,"[""Yone"", ""Hwei"", ""Skarner"", ""Zoe"", ""Aurelion Sol""]","[""Yuumi"", ""Illaoi"", ""Caitlyn"", ""Zeri"", ""Jarvan IV""]","[""Nautilus"", ""Mordekaiser"", ""Veigar"", ""Zyra"", ""Miss Fortune""]","[""Brand"", ""Ornn"", ""Nasus"", ""Senna"", ""Ahri""]",[],[],0,leaguepedia_cargo_patch_range,1
EMEA Masters/2026 Season/Spring Main Event_Groups Day 1_5_1,2026-06-10 16:46:00,26.11,EM 2026 Spring Main Event,Team Heretics Academy,Karmine Corp Blue,Team Heretics Academy,"[""Varus"", ""Nautilus"", ""Anivia"", ""Lee Sin"", ""Naafiri""]","[""Orianna"", ""Bard"", ""Cassiopeia"", ""Aurora"", ""Annie""]","[""Karma"", ""Sivir"", ""Jarvan IV"", ""Ahri"", ""Rumble""]","[""Ezreal"", ""Ryze"", ""Alistar"", ""Pantheon"", ""K'Sante""]",[],[],1,leaguepedia_cargo_patch_range,0
EMEA Masters/2026 Season/Spring Main Event_Groups Day 1_8_1,2026-06-10 16:47:00,26.11,EM 2026 Spring Main Event,Eintracht Spandau,Anubis Gaming,Eintracht Spandau,"[""Jarvan IV"", ""Nautilus"", ""Ryze"", ""Taliyah"", ""Akali""]","[""Orianna"", ""Karma"", ""Nocturne"", ""Skarner"", ""Sion""]","[""Azir"", ""Lucian"", ""Milio"", ""Rumble"", ""Lee Sin""]","[""Ezreal"", ""Pantheon"", ""Bard"", ""Cassiopeia"", ""Varus""]",[],[],1,leaguepedia_cargo_patch_range,0
EMEA Masters/2026 Season/Spring Main Event_Groups Day 1_2_3,2026-06-10 16:51:00,26.11,EM 2026 Spring Main Event,HMBLE,UCAM Esports,UCAM Esports,"[""Anivia"", ""Orianna"", ""Pyke"", ""Fiora"", ""Gwen""]","[""Cassiopeia"", ""Bard"", ""Skarner"", ""Aurora"", ""Syndra""]","[""Jarvan IV"", ""Lucian"", ""Milio"", ""Sion"", ""Hwei""]","[""Ezreal"", ""Seraphine"", ""Xin Zhao"", ""Ryze"", ""Gnar""]",[],[],0,leaguepedia_cargo_patch_range,1
EMEA Masters/2026 Season/Spring Main Event_Groups Day 1_6_1,2026-06-10 16:57:00,26.11,EM 2026 Spring Main Event,PCIFIC Esports,Forsaken (Polish Team),PCIFIC Esports,"[""Varus"", ""Anivia"", ""Rumble"", ""Pantheon"", ""Xin Zhao""]","[""Orianna"", ""Jarvan IV"", ""Lucian"", ""Vi"", ""Trundle""]","[""Cassiopeia"", ""Ashe"", ""Seraphine"", ""Dr. Mundo"", ""Sion""]","[""Senna"", ""LeBlanc"", ""Nautilus"", ""Lee Sin"", ""Gnar""]",[],[],1,leaguepedia_cargo_patch_range,0
Streamers Clash/Season 4_Round 1_3_3,2026-06-10 17:15:00,26.11,Streamers Clash Season 4,SILNĚJŠÍ SE XNAPYM,FREEZŮV WOLT DŮCHOĎÁK,FREEZŮV WOLT DŮCHOĎÁK,"[""Yuumi"", ""Illaoi"", ""Caitlyn"", ""Varus"", ""Aphelios""]","[""Yone"", ""Hwei"", ""Skarner"", ""Mel"", ""Irelia""]","[""Gwen"", ""Sion"", ""Swain"", ""Ezreal"", ""Rell""]","[""Shen"", ""Seraphine"", ""Morgana"", ""Jarvan IV"", ""Tristana""]",[],[],0,leaguepedia_cargo_patch_range,1
EMEA Masters/2026 Season/Spring Main Event_Groups Day 1_7_1,2026-06-10 17:39:00,26.11,EM 2026 Spring Main Event,WLGaming Esports,Galions,Galions,"[""Varus"", ""Nautilus"", ""Anivia"", ""Irelia"", ""Vayne""]","[""Orianna"", ""Sion"", ""Cassiopeia"", ""Ahri"", ""Aurora""]","[""Karma"", ""Ezreal"", ""Xin Zhao"", ""Annie"", ""Jayce""]","[""Jarvan IV"", ""Ashe"", ""Seraphine"", ""Ryze"", ""K'Sante""]",[],[],0,leaguepedia_cargo_patch_range,1
EMEA Masters/2026 Season/Spring Main Event_Groups Day 1_5_2,2026-06-10 17:42:00,26.11,EM 2026 Spring Main Event,Team Heretics Academy,Karmine Corp Blue,Team Heretics Academy,"[""Bard"", ""Seraphine"", ""LeBlanc"", ""Vayne"", ""Shen""]","[""Orianna"", ""Varus"", ""Cassiopeia"", ""Jhin"", ""Kai'Sa""]","[""Anivia"", ""Nautilus"", ""Vi"", ""Renekton"", ""Corki""]","[""Lucian"", ""Milio"", ""Xin Zhao"", ""Akali"", ""Sion""]",[],[],1,leaguepedia_cargo_patch_range,0
EMEA Masters/2026 Season/Spring Main Event_Groups Day 1_8_2,2026-06-10 17:54:00,26.11,EM 2026 Spring Main Event,Eintracht Spandau,Anubis Gaming,Eintracht Spandau,"[""Jarvan IV"", ""Nautilus"", ""Ashe"", ""Vayne"", ""Gnar""]","[""Orianna"", ""Karma"", ""Nocturne"", ""Sion"", ""Syndra""]","[""Caitlyn"", ""Skarner"", ""Neeko"", ""Viktor"", ""K'Sante""]","[""Jhin"", ""Xin Zhao"", ""Alistar"", ""Anivia"", ""Jayce""]",[],[],1,leaguepedia_cargo_patch_range,0
EMEA Masters/2026 Season/Spring Main Event_Groups Day 1_6_2,2026-06-10 17:56:00,26.11,EM 2026 Spring Main Event,PCIFIC Esports,Forsaken (Polish Team),Forsaken (Polish Team),"[""Varus"", ""Akali"", ""Ezreal"", ""Yorick"", ""Xin Zhao""]","[""Orianna"", ""Karma"", ""Rumble"", ""Ryze"", ""Viktor""]","[""Lucian"", ""Jarvan IV"", ""Nami"", ""Jayce"", ""Twisted Fate""]","[""Milio"", ""Aphelios"", ""Aurora"", ""Wukong"", ""Malphite""]",[],[],0,leaguepedia_cargo_patch_range,1
Esports World Cup 2026/Online Qualifiers/South America_Round 2_3_1,2026-06-10 18:07:00,26.11,Esports World Cup 2026 Online Qualifier: South America,LOUD,Fluxo W7M,LOUD,"[""Orianna"", ""Caitlyn"", ""Naafiri"", ""K'Sante"", ""Pantheon""]","[""Nocturne"", ""Aatrox"", ""Cassiopeia"", ""Nautilus"", ""Lucian""]","[""Jarvan IV"", ""Rumble"", ""Yone"", ""Jhin"", ""Rakan""]","[""Ezreal"", ""Ryze"", ""Karma"", ""Lee Sin"", ""Ornn""]",[],[],1,leaguepedia_cargo_patch_range,0
Streamers Clash/Season 4_Round 1_4_1,2026-06-10 18:11:00,26.11,Streamers Clash Season 4,TYBLÁHO MEWING SOCIETY,STOPERCENTNÁ KAMILOVA TUTOFKA,STOPERCENTNÁ KAMILOVA TUTOFKA,"[""Kayle"", ""Amumu"", ""Lissandra"", ""Zaahen"", ""Malphite""]","[""Irelia"", ""Vayne"", ""Yuumi"", ""Trundle"", ""Sylas""]","[""Galio"", ""Braum"", ""Yone"", ""Brand"", ""Skarner""]","[""Ashe"", ""Maokai"", ""Nasus"", ""Veigar"", ""Darius""]",[],[],0,leaguepedia_cargo_patch_range,1
EMEA Masters/2026 Season/Spring Main Event_Groups Day 1_7_2,2026-06-10 18:22:00,26.11,EM 2026 Spring Main Event,Galions,WLGaming Esports,Galions,"[""Nautilus"", ""Nocturne"", ""Pantheon"", ""Gwen"", ""Varus""]","[""Orianna"", ""Cassiopeia"", ""Vi"", ""Neeko"", ""Sion""]","[""Anivia"", ""Caitlyn"", ""Wukong"", ""Rumble"", ""Pyke""]","[""Aurora"", ""Bard"", ""Jhin"", ""Skarner"", ""Gnar""]",[],[],1,leaguepedia_cargo_patch_range,0
EMEA Masters/2026 Season/Spring Main Event_Groups Day 1_6_3,2026-06-10 18:58:00,26.11,EM 2026 Spring Main Event,PCIFIC Esports,Forsaken (Polish Team),Forsaken (Polish Team),"[""Pantheon"", ""Anivia"", ""Varus"", ""Xin Zhao"", ""Skarner""]","[""Karma"", ""Orianna"", ""Ryze"", ""Akali"", ""Trundle""]","[""Rumble"", ""Kai'Sa"", ""Neeko"", ""Vi"", ""Ahri""]","[""Ezreal"", ""Yorick"", ""Rakan"", ""Nocturne"", ""Sylas""]",[],[],0,leaguepedia_cargo_patch_range,1
Esports World Cup 2026/Online Qualifiers/South America_Round 2_3_2,2026-06-10 19:10:00,26.11,Esports World Cup 2026 Online Qualifier: South America,LOUD,Fluxo W7M,LOUD,"[""Orianna"", ""Caitlyn"", ""Naafiri"", ""Annie"", ""Aurora""]","[""Cassiopeia"", ""Nocturne"", ""Aatrox"", ""Gwen"", ""LeBlanc""]","[""Pantheon"", ""Senna"", ""Nautilus"", ""Gnar"", ""Zoe""]","[""Lucian"", ""Milio"", ""Trundle"", ""Sion"", ""Twisted Fate""]",[],[],1,leaguepedia_cargo_patch_range,0
Streamers Clash/Season 4_Round 1_4_2,2026-06-10 19:15:00,26.11,Streamers Clash Season 4,STOPERCENTNÁ KAMILOVA TUTOFKA,TYBLÁHO MEWING SOCIETY,STOPERCENTNÁ KAMILOVA TUTOFKA,"[""Aatrox""]",[],"[""Vladimir"", ""Pantheon"", ""Zilean"", ""Malzahar"", ""Nautilus""]","[""Olaf"", ""Wukong"", ""Swain"", ""Seraphine"", ""Leona""]",[],[],1,leaguepedia_cargo_patch_range,0
Streamers Clash/Season 4_Round 3_1_1,2026-06-10 20:12:00,26.11,Streamers Clash Season 4,VEDICI DEEMONS,HERDYNŮV LANGUSTA TÝM,VEDICI DEEMONS,"[""Viego"", ""Lillia"", ""Zaahen"", ""Viktor"", ""Tristana""]","[""Yuumi"", ""Amumu"", ""Cho'Gath"", ""Poppy"", ""Zed""]","[""Nasus"", ""Morgana"", ""Orianna"", ""Caitlyn"", ""Skarner""]","[""Seraphine"", ""Mordekaiser"", ""Bel'Veth"", ""Nautilus"", ""Kassadin""]",[],[],1,leaguepedia_cargo_patch_range,0
Streamers Clash/Season 4_Round 3_1_2,2026-06-10 21:03:00,26.11,Streamers Clash Season 4,HERDYNŮV LANGUSTA TÝM,VEDICI DEEMONS,VEDICI DEEMONS,"[""Amumu"", ""Zed"", ""Cho'Gath"", ""Malphite"", ""Jax""]","[""Zaahen"", ""Lillia"", ""Yuumi"", ""Illaoi"", ""Kayle""]","[""Viego"", ""Maokai"", ""Syndra"", ""Kled"", ""Veigar""]","[""Viktor"", ""Tristana"", ""Poppy"", ""Leona"", ""Ornn""]",[],[],0,leaguepedia_cargo_patch_range,1
Esports World Cup 2026/Online Qualifiers/South America_Round 2_4_1,2026-06-10 21:23:00,26.11,Esports World Cup 2026 Online Qualifier: South America,LØS,paiN Gaming,LØS,"[""Varus"", ""Bard"", ""Karma"", ""Jayce"", ""Vayne""]","[""Nautilus"", ""Cassiopeia"", ""Rumble"", ""Sion"", ""Akali""]","[""Nocturne"", ""Xayah"", ""Rakan"", ""Gnar"", ""Viktor""]","[""Orianna"", ""Milio"", ""Lucian"", ""Jarvan IV"", ""Sylas""]",[],[],1,leaguepedia_cargo_patch_range,0
Esports World Cup 2026/Online Qualifiers/South America_Round 2_4_2,2026-06-10 22:21:00,26.11,Esports World Cup 2026 Online Qualifier: South America,LØS,paiN Gaming,LØS,"[""Varus"", ""Bard"", ""Vi"", ""Zoe"", ""Taliyah""]","[""Nautilus"", ""Cassiopeia"", ""Rumble"", ""Lee Sin"", ""Naafiri""]","[""Ryze"", ""Miss Fortune"", ""Rell"", ""Trundle"", ""Jayce""]","[""Karma"", ""Caitlyn"", ""Pantheon"", ""Anivia"", ""Vayne""]",[],[],1,leaguepedia_cargo_patch_range,0
2026 Asia Masters_Day 4_1_1,2026-06-11 06:08:00,26.11,Asia Masters 2026,Saigon Warriors,Weibo Gaming Youth Team,Saigon Warriors,"[""Ezreal"", ""Rumble"", ""Vi"", ""Nautilus"", ""Gnar""]","[""Orianna"", ""Jarvan IV"", ""Lucian"", ""Bard"", ""Pyke""]","[""Pantheon"", ""Jhin"", ""Ryze"", ""Seraphine"", ""Sion""]","[""Varus"", ""Nocturne"", ""Cassiopeia"", ""Karma"", ""Shen""]",[],[],1,leaguepedia_cargo_patch_range,0
2026 Asia Masters_Day 4_1_2,2026-06-11 07:27:00,26.11,Asia Masters 2026,Saigon Warriors,Weibo Gaming Youth Team,Saigon Warriors,"[""Ezreal"", ""Rumble"", ""Nautilus"", ""Azir"", ""Taliyah""]","[""Orianna"", ""Jarvan IV"", ""Milio"", ""Annie"", ""Galio""]","[""Lulu"", ""Xin Zhao"", ""Yunara"", ""Mel"", ""Gnar""]","[""Vi"", ""Bard"", ""Caitlyn"", ""Aurora"", ""Jayce""]",[],[],1,leaguepedia_cargo_patch_range,0
2026 Asia Masters_Day 4_2_1,2026-06-11 08:26:00,26.11,Asia Masters 2026,KT Rolster Challengers,Bilibili Gaming Junior,KT Rolster Challengers,"[""Ezreal"", ""Lucian"", ""Akali"", ""Nautilus"", ""Lulu""]","[""Nocturne"", ""Varus"", ""Karma"", ""Vi"", ""Naafiri""]","[""Orianna"", ""Rumble"", ""Bard"", ""Jhin"", ""Xin Zhao""]","[""Jarvan IV"", ""Viktor"", ""K'Sante"", ""Ashe"", ""Seraphine""]",[],[],1,leaguepedia_cargo_patch_range,0
2026 Asia Masters_Day 4_2_2,2026-06-11 09:22:00,26.11,Asia Masters 2026,KT Rolster Challengers,Bilibili Gaming Junior,KT Rolster Challengers,"[""Nocturne"", ""Varus"", ""Karma"", ""Naafiri"", ""Gwen""]","[""Ezreal"", ""Lucian"", ""Lee Sin"", ""Kai'Sa"", ""Ambessa""]","[""Vi"", ""Cassiopeia"", ""Nautilus"", ""Sion"", ""Miss Fortune""]","[""Yunara"", ""Lulu"", ""Galio"", ""Zaahen"", ""Gnar""]",[],[],1,leaguepedia_cargo_patch_range,0
2026 Asia Masters_Day 4_3_1,2026-06-11 10:02:00,26.11,Asia Masters 2026,Top Esports Challenger,CTBC Flying Oyster Academy,Top Esports Challenger,"[""Lee Sin"", ""Naafiri"", ""Galio"", ""Vi"", ""Xin Zhao""]","[""Nocturne"", ""Karma"", ""Nautilus"", ""Bard"", ""Lucian""]","[""Orianna"", ""Jarvan IV"", ""Rumble"", ""Zeri"", ""Yuumi""]","[""Ashe"", ""Seraphine"", ""Akali"", ""K'Sante"", ""Wukong""]",[],[],1,leaguepedia_cargo_patch_range,0
VCS/2026 Season/Summer Playoffs_Round 1_1_1,2026-06-11 10:40:00,26.11,VCS 2026 Summer Playoffs,Saigon Warriors,SN CyberCore Esports,Saigon Warriors,"[""Cassiopeia"", ""Akali"", ""Varus"", ""Lucian"", ""Sivir""]","[""Nocturne"", ""Karma"", ""Orianna"", ""Aurora"", ""Annie""]","[""Ezreal"", ""Jarvan IV"", ""K'Sante"", ""Azir"", ""Bard""]","[""Rumble"", ""Ryze"", ""Lee Sin"", ""Kai'Sa"", ""Nautilus""]",[],[],1,leaguepedia_cargo_patch_range,0
2026 Asia Masters_Day 4_3_2,2026-06-11 10:52:00,26.11,Asia Masters 2026,Top Esports Challenger,CTBC Flying Oyster Academy,Top Esports Challenger,"[""Lee Sin"", ""Naafiri"", ""Galio"", ""Kha'Zix"", ""Pantheon""]","[""Karma"", ""Nautilus"", ""Nocturne"", ""Skarner"", ""Trundle""]","[""Anivia"", ""Yunara"", ""Lulu"", ""Jayce"", ""Vi""]","[""Lucian"", ""Milio"", ""Aurora"", ""Xin Zhao"", ""Malphite""]",[],[],1,leaguepedia_cargo_patch_range,0
VCS/2026 Season/Summer Playoffs_Round 1_1_2,2026-06-11 11:31:00,26.11,VCS 2026 Summer Playoffs,Saigon Warriors,SN CyberCore Esports,Saigon Warriors,"[""Akali"", ""Varus"", ""Cassiopeia"", ""Twisted Fate"", ""Jayce""]","[""Nocturne"", ""Lucian"", ""Orianna"", ""Annie"", ""Sion""]","[""Karma"", ""Xin Zhao"", ""Caitlyn"", ""LeBlanc"", ""Renekton""]","[""Pantheon"", ""Pyke"", ""Jhin"", ""Aurora"", ""Gnar""]",[],[],1,leaguepedia_cargo_patch_range,0
VCS/2026 Season/Summer Playoffs_Round 1_1_3,2026-06-11 12:18:00,26.11,VCS 2026 Summer Playoffs,Saigon Warriors,SN CyberCore Esports,Saigon Warriors,"[""Varus"", ""Akali"", ""Seraphine"", ""Skarner"", ""Leona""]","[""Nocturne"", ""Naafiri"", ""Cassiopeia"", ""Lucian"", ""Rakan""]","[""Orianna"", ""Vi"", ""Yorick"", ""Yunara"", ""Lulu""]","[""Jayce"", ""Sion"", ""Zyra"", ""Corki"", ""Blitzcrank""]",[],[],1,leaguepedia_cargo_patch_range,0
EMEA Masters/2026 Season/Spring Main Event_Groups Day 2_1_1,2026-06-11 15:02:00,26.11,EM 2026 Spring Main Event,Misa Esports,UCAM Esports,UCAM Esports,"[""Pyke"", ""Nautilus"", ""Varus"", ""Trundle"", ""Xin Zhao""]","[""Orianna"", ""Bard"", ""Ezreal"", ""Naafiri"", ""Jarvan IV""]","[""Karma"", ""Caitlyn"", ""Sion"", ""Cassiopeia"", ""Lee Sin""]","[""Ashe"", ""Seraphine"", ""Gwen"", ""Wukong"", ""Anivia""]",[],[],0,leaguepedia_cargo_patch_range,1
EMEA Masters/2026 Season/Spring Main Event_Groups Day 2_2_1,2026-06-11 15:02:00,26.11,EM 2026 Spring Main Event,Galions,G2 NORD,G2 NORD,"[""Nautilus"", ""Anivia"", ""Jarvan IV"", ""Gwen"", ""Vi""]","[""Orianna"", ""Caitlyn"", ""Cassiopeia"", ""Nocturne"", ""Sion""]","[""Ryze"", ""Yunara"", ""Karma"", ""K'Sante"", ""Pantheon""]","[""Seraphine"", ""Ashe"", ""Taliyah"", ""Lee Sin"", ""Vayne""]",[],[],0,leaguepedia_cargo_patch_range,1
EMEA Masters/2026 Season/Spring Main Event_Groups Day 2_3_1,2026-06-11 15:03:00,26.11,EM 2026 Spring Main Event,Bomba Team,Anubis Gaming,Anubis Gaming,"[""Varus"", ""Jarvan IV"", ""Ashe"", ""Sion"", ""Jayce""]","[""Orianna"", ""Nocturne"", ""Caitlyn"", ""Vi"", ""Pantheon""]","[""Cassiopeia"", ""Ezreal"", ""Nautilus"", ""Rumble"", ""Wukong""]","[""Lucian"", ""Anivia"", ""Milio"", ""Skarner"", ""K'Sante""]",[],[],0,leaguepedia_cargo_patch_range,1
EMEA Masters/2026 Season/Spring Main Event_Groups Day 2_4_1,2026-06-11 15:13:00,26.11,EM 2026 Spring Main Event,Eintracht Spandau,Solary,Solary,"[""Ryze"", ""Xin Zhao"", ""Anivia"", ""Taliyah"", ""Vayne""]","[""Orianna"", ""Nocturne"", ""Cassiopeia"", ""Pantheon"", ""Rumble""]","[""Lucian"", ""Milio"", ""Azir"", ""Sion"", ""Zaahen""]","[""Caitlyn"", ""Vi"", ""Nautilus"", ""Ahri"", ""Gwen""]",[],[],0,leaguepedia_cargo_patch_range,1
EMEA Masters/2026 Season/Spring Main Event_Groups Day 2_3_2,2026-06-11 15:51:00,26.11,EM 2026 Spring Main Event,Anubis Gaming,Bomba Team,Anubis Gaming,"[""Varus"", ""Nocturne"", ""Caitlyn"", ""Xin Zhao"", ""Vi""]","[""Orianna"", ""Pantheon"", ""Ashe"", ""Sion"", ""Ahri""]","[""Jarvan IV"", ""Rell"", ""Kai'Sa"", ""Ryze"", ""Jayce""]","[""Aurora"", ""Bard"", ""Corki"", ""Aatrox"", ""Yorick""]",[],[],1,leaguepedia_cargo_patch_range,0
EMEA Masters/2026 Season/Spring Main Event_Groups Day 2_2_2,2026-06-11 15:56:00,26.11,EM 2026 Spring Main Event,Galions,G2 NORD,Galions,"[""Varus"", ""Caitlyn"", ""Anivia"", ""Jayce"", ""Aurora""]","[""Orianna"", ""Senna"", ""Cassiopeia"", ""Rumble"", ""Galio""]","[""Jarvan IV"", ""Xayah"", ""Rakan"", ""Renekton"", ""Viktor""]","[""Lucian"", ""Xin Zhao"", ""Milio"", ""Annie"", ""Gnar""]",[],[],1,leaguepedia_cargo_patch_range,0
EMEA Masters/2026 Season/Spring Main Event_Groups Day 2_1_2,2026-06-11 16:01:00,26.11,EM 2026 Spring Main Event,Misa Esports,UCAM Esports,UCAM Esports,"[""Pyke"", ""Nautilus"", ""Varus"", ""Gnar"", ""Jarvan IV""]","[""Orianna"", ""Bard"", ""Ezreal"", ""Naafiri"", ""Qiyana""]","[""Milio"", ""Lucian"", ""Ryze"", ""Pantheon"", ""Rumble""]","[""Kalista"", ""Renata Glasc"", ""Viktor"", ""Xin Zhao"", ""K'Sante""]",[],[],0,leaguepedia_cargo_patch_range,1
EMEA Masters/2026 Season/Spring Main Event_Groups Day 2_4_2,2026-06-11 16:08:00,26.11,EM 2026 Spring Main Event,Solary,Eintracht Spandau,Solary,"[""Varus"", ""Nocturne"", ""Ezreal"", ""K'Sante"", ""Cassiopeia""]","[""Orianna"", ""Xin Zhao"", ""Seraphine"", ""Wukong"", ""LeBlanc""]","[""Anivia"", ""Bard"", ""Jhin"", ""Ryze"", ""Rek'Sai""]","[""Jarvan IV"", ""Lulu"", ""Yunara"", ""Rumble"", ""Syndra""]",[],[],1,leaguepedia_cargo_patch_range,0
Road Of Legends/2026 Season/Summer Promotion_Round 1_1_1,2026-06-11 16:08:00,26.11,Road Of Legends 2026 Summer Promotion,SNOOZE Esports,ZennIT,ZennIT,"[""Bard"", ""Azir"", ""Caitlyn"", ""Anivia"", ""Viktor""]","[""Orianna"", ""Ezreal"", ""Jarvan IV"", ""Braum"", ""Alistar""]","[""Senna"", ""Ryze"", ""Wukong"", ""Rell"", ""Graves""]","[""Xin Zhao"", ""Tristana"", ""Nautilus"", ""Karthus"", ""Jax""]",[],[],0,leaguepedia_cargo_patch_range,1
Prime League 2nd Division/2026 Season/Spring Playoffs_Round 1_5_1,2026-06-11 16:14:00,26.11,PRM 2nd Division 25-26 Spring Playoffs,Hannover Esports e.V.,regnum4games,Hannover Esports e.V.,[],[],[],[],[],[],1,leaguepedia_cargo_patch_range,0
Prime League 2nd Division/2026 Season/Spring Playoffs_Round 2_1_1,2026-06-11 16:18:00,26.11,PRM 2nd Division 25-26 Spring Playoffs,All for One Gaming,Reveal Multigaming,Reveal Multigaming,[],[],[],[],[],[],0,leaguepedia_cargo_patch_range,1
Streamers Clash/Season 4_Round 2_1_1,2026-06-11 16:34:00,26.11,Streamers Clash Season 4,STOPERCENTNÁ KAMILOVA TUTOFKA,FREEZŮV WOLT DŮCHOĎÁK,STOPERCENTNÁ KAMILOVA TUTOFKA,[],"[""Nasus"", ""Yuumi"", ""Maokai""]","[""Shen"", ""Amumu"", ""Vayne"", ""Ashe"", ""Sejuani""]","[""Illaoi"", ""Sylas"", ""Seraphine"", ""Caitlyn"", ""Nautilus""]",[],[],1,leaguepedia_cargo_patch_range,0
EMEA Masters/2026 Season/Spring Main Event_Groups Day 2_2_3,2026-06-11 16:43:00,26.11,EM 2026 Spring Main Event,Galions,G2 NORD,Galions,"[""Senna"", ""Anivia"", ""Cassiopeia"", ""Sion"", ""Shyvana""]","[""Orianna"", ""Caitlyn"", ""Bard"", ""Kai'Sa"", ""Braum""]","[""Varus"", ""Wukong"", ""Ahri"", ""Renata Glasc"", ""Rumble""]","[""Ezreal"", ""Nocturne"", ""Akali"", ""Alistar"", ""Ambessa""]",[],[],1,leaguepedia_cargo_patch_range,0
EMEA Masters/2026 Season/Spring Main Event_Groups Day 2_8_1,2026-06-11 16:45:00,26.11,EM 2026 Spring Main Event,Partizan Sangal,WLGaming Esports,WLGaming Esports,"[""Varus"", ""Nautilus"", ""Jarvan IV"", ""K'Sante"", ""Xin Zhao""]","[""Orianna"", ""Caitlyn"", ""Nocturne"", ""Bard"", ""Neeko""]","[""Cassiopeia"", ""Vi"", ""Rumble"", ""Ezreal"", ""Karma""]","[""Ashe"", ""Seraphine"", ""LeBlanc"", ""Sion"", ""Pantheon""]",[],[],0,leaguepedia_cargo_patch_range,1
Road Of Legends/2026 Season/Summer Promotion_Round 1_1_2,2026-06-11 17:01:00,26.11,Road Of Legends 2026 Summer Promotion,SNOOZE Esports,ZennIT,ZennIT,"[""Bard"", ""Caitlyn"", ""Viktor"", ""Ahri"", ""Ambessa""]","[""Orianna"", ""Ezreal"", ""Jarvan IV"", ""Nocturne"", ""Master Yi""]","[""Aurora"", ""Jhin"", ""Karma"", ""Volibear"", ""Rumble""]","[""Lucian"", ""Milio"", ""Vi"", ""Azir"", ""Ornn""]",[],[],0,leaguepedia_cargo_patch_range,1
Prime League 2nd Division/2026 Season/Spring Playoffs_Round 1_5_2,2026-06-11 17:04:00,26.11,PRM 2nd Division 25-26 Spring Playoffs,Hannover Esports e.V.,regnum4games,regnum4games,[],[],[],[],[],[],0,leaguepedia_cargo_patch_range,1
EMEA Masters/2026 Season/Spring Main Event_Groups Day 2_7_1,2026-06-11 17:06:00,26.11,EM 2026 Spring Main Event,Team Heretics Academy,Forsaken (Polish Team),Team Heretics Academy,"[""Varus"", ""Lucian"", ""Anivia"", ""Olaf"", ""Trundle""]","[""Orianna"", ""Cassiopeia"", ""Jarvan IV"", ""Annie"", ""Ahri""]","[""Karma"", ""Ezreal"", ""Xin Zhao"", ""Akali"", ""Sion""]","[""Ashe"", ""Ryze"", ""Seraphine"", ""Wukong"", ""K'Sante""]",[],[],1,leaguepedia_cargo_patch_range,0
Prime League 2nd Division/2026 Season/Spring Playoffs_Round 2_1_2,2026-06-11 17:13:00,26.11,PRM 2nd Division 25-26 Spring Playoffs,All for One Gaming,Reveal Multigaming,All for One Gaming,[],[],[],[],[],[],1,leaguepedia_cargo_patch_range,0
EMEA Masters/2026 Season/Spring Main Event_Groups Day 2_6_1,2026-06-11 17:23:00,26.11,EM 2026 Spring Main Event,PCIFIC Esports,Karmine Corp Blue,Karmine Corp Blue,"[""Nautilus"", ""Jarvan IV"", ""Anivia"", ""Jax"", ""Ahri""]","[""Orianna"", ""Karma"", ""Cassiopeia"", ""Milio"", ""Seraphine""]","[""Ryze"", ""Lee Sin"", ""Varus"", ""Neeko"", ""Kai'Sa""]","[""Ezreal"", ""Bard"", ""Nocturne"", ""Aurora"", ""Sion""]",[],[],0,leaguepedia_cargo_patch_range,1
Streamers Clash/Season 4_Round 2_1_2,2026-06-11 17:30:00,26.11,Streamers Clash Season 4,FREEZŮV WOLT DŮCHOĎÁK,STOPERCENTNÁ KAMILOVA TUTOFKA,FREEZŮV WOLT DŮCHOĎÁK,"[""Maokai"", ""Yone"", ""Yuumi"", ""Wukong"", ""Trundle""]","[""Mordekaiser"", ""Malphite"", ""Nasus"", ""Jarvan IV"", ""Ivern""]","[""Tristana"", ""Braum"", ""Galio"", ""Ornn"", ""Diana""]","[""Leona"", ""Veigar"", ""Kayle"", ""Zilean"", ""Poppy""]",[],[],1,leaguepedia_cargo_patch_range,0
EMEA Masters/2026 Season/Spring Main Event_Groups Day 2_5_1,2026-06-11 17:37:00,26.11,EM 2026 Spring Main Event,E WIE EINFACH E-SPORTS,HMBLE,E WIE EINFACH E-SPORTS,"[""Nautilus"", ""Orianna"", ""Pyke"", ""Ezreal"", ""Kennen""]","[""Rumble"", ""Nocturne"", ""Jarvan IV"", ""Pantheon"", ""Lee Sin""]","[""Cassiopeia"", ""Bard"", ""Jhin"", ""Gnar"", ""Wukong""]","[""Seraphine"", ""Xin Zhao"", ""Viktor"", ""Ashe"", ""Poppy""]",[],[],1,leaguepedia_cargo_patch_range,0
EMEA Masters/2026 Season/Spring Main Event_Groups Day 2_7_2,2026-06-11 17:51:00,26.11,EM 2026 Spring Main Event,Team Heretics Academy,Forsaken (Polish Team),Team Heretics Academy,"[""Varus"", ""Anivia"", ""Aurora"", ""Vayne"", ""Ahri""]","[""Orianna"", ""Cassiopeia"", ""Rumble"", ""Viktor"", ""Yorick""]","[""Jarvan IV"", ""Nautilus"", ""Jhin"", ""Jayce"", ""LeBlanc""]","[""Lucian"", ""Milio"", ""Skarner"", ""Gnar"", ""Annie""]",[],[],1,leaguepedia_cargo_patch_range,0
Road Of Legends/2026 Season/Summer Promotion_Round 1_1_3,2026-06-11 17:51:00,26.11,Road Of Legends 2026 Summer Promotion,ZennIT,SNOOZE Esports,SNOOZE Esports,"[""Ezreal"", ""Jarvan IV"", ""Varus"", ""Heimerdinger"", ""Kai'Sa""]","[""Bard"", ""Caitlyn"", ""Viktor"", ""Renekton"", ""Camille""]","[""Orianna"", ""Lulu"", ""Zeri"", ""K'Sante"", ""Naafiri""]","[""Ahri"", ""Nocturne"", ""Ambessa"", ""Neeko"", ""Xayah""]",[],[],0,leaguepedia_cargo_patch_range,1
Prime League 2nd Division/2026 Season/Spring Playoffs_Round 1_5_3,2026-06-11 18:04:00,26.11,PRM 2nd Division 25-26 Spring Playoffs,regnum4games,Hannover Esports e.V.,regnum4games,[],[],[],[],[],[],1,leaguepedia_cargo_patch_range,0
Esports World Cup 2026/Online Qualifiers/South America_Round 4_1_1,2026-06-11 18:08:00,26.11,Esports World Cup 2026 Online Qualifier: South America,Vivo Keyd Stars,RED Canids,RED Canids,"[""Nocturne"", ""Varus"", ""Cassiopeia"", ""Annie"", ""Wukong""]","[""Bard"", ""Karma"", ""Pantheon"", ""Nautilus"", ""Rakan""]","[""Ryze"", ""Jarvan IV"", ""Rumble"", ""Ashe"", ""Seraphine""]","[""Lucian"", ""Milio"", ""K'Sante"", ""Lee Sin"", ""Akali""]",[],[],0,leaguepedia_cargo_patch_range,1
EMEA Masters/2026 Season/Spring Main Event_Groups Day 2_6_2,2026-06-11 18:13:00,26.11,EM 2026 Spring Main Event,PCIFIC Esports,Karmine Corp Blue,Karmine Corp Blue,"[""Karma"", ""Milio"", ""Seraphine"", ""Caitlyn"", ""Rakan""]","[""Orianna"", ""Pantheon"", ""Cassiopeia"", ""Kalista"", ""Poppy""]","[""Anivia"", ""Vi"", ""Rumble"", ""Alistar"", ""Jhin""]","[""Jarvan IV"", ""Akali"", ""Galio"", ""Sivir"", ""Lulu""]",[],[],0,leaguepedia_cargo_patch_range,1
Prime League 2nd Division/2026 Season/Spring Playoffs_Round 2_1_3,2026-06-11 18:14:00,26.11,PRM 2nd Division 25-26 Spring Playoffs,All for One Gaming,Reveal Multigaming,All for One Gaming,[],[],[],[],[],[],1,leaguepedia_cargo_patch_range,0
Streamers Clash/Season 4_Round 2_1_3,2026-06-11 18:24:00,26.11,Streamers Clash Season 4,STOPERCENTNÁ KAMILOVA TUTOFKA,FREEZŮV WOLT DŮCHOĎÁK,STOPERCENTNÁ KAMILOVA TUTOFKA,"[""Mordekaiser"", ""Malphite"", ""Sivir"", ""Varus"", ""Smolder""]","[""Yuumi"", ""Nasus"", ""Maokai"", ""Gwen"", ""Yone""]","[""Malzahar"", ""Viktor"", ""Nami"", ""Pantheon"", ""Irelia""]","[""Morgana"", ""Rakan"", ""Cho'Gath"", ""Jarvan IV"", ""Draven""]",[],[],1,leaguepedia_cargo_patch_range,0
EMEA Masters/2026 Season/Spring Main Event_Groups Day 2_5_2,2026-06-11 18:31:00,26.11,EM 2026 Spring Main Event,E WIE EINFACH E-SPORTS,HMBLE,E WIE EINFACH E-SPORTS,"[""Nautilus"", ""Orianna"", ""Pyke"", ""Leona"", ""Rell""]","[""Rumble"", ""Nocturne"", ""Ryze"", ""Azir"", ""Anivia""]","[""Ezreal"", ""Jarvan IV"", ""Karma"", ""Renekton"", ""Ahri""]","[""Sion"", ""Ziggs"", ""Naafiri"", ""Amumu"", ""Sylas""]",[],[],1,leaguepedia_cargo_patch_range,0
EMEA Masters/2026 Season/Spring Main Event_Groups Day 2_8_2,2026-06-11 18:31:00,26.11,EM 2026 Spring Main Event,WLGaming Esports,Partizan Sangal,WLGaming Esports,"[""Varus"", ""Nautilus"", ""Ryze"", ""Akali"", ""Gnar""]","[""Orianna"", ""Caitlyn"", ""Anivia"", ""Aurora"", ""Lissandra""]","[""Lucian"", ""Yuumi"", ""Jarvan IV"", ""Annie"", ""K'Sante""]","[""Nocturne"", ""Milio"", ""Aphelios"", ""Ahri"", ""Vayne""]",[],[],1,leaguepedia_cargo_patch_range,0
Prime League 2nd Division/2026 Season/Spring Playoffs_Round 1_6_1,2026-06-11 18:41:00,26.11,PRM 2nd Division 25-26 Spring Playoffs,Babos Gaming,DKB XPERION NXT,Babos Gaming,[],[],[],[],[],[],1,leaguepedia_cargo_patch_range,0
Prime League 2nd Division/2026 Season/Spring Playoffs_Round 2_2_1,2026-06-11 18:43:00,26.11,PRM 2nd Division 25-26 Spring Playoffs,CGN Esports,MT1 Esports,CGN Esports,[],[],[],[],[],[],1,leaguepedia_cargo_patch_range,0
Road Of Legends/2026 Season/Summer Promotion_Round 1_1_4,2026-06-11 18:52:00,26.11,Road Of Legends 2026 Summer Promotion,SNOOZE Esports,ZennIT,ZennIT,"[""Bard"", ""Caitlyn"", ""Viktor"", ""Camille"", ""Renekton""]","[""Jarvan IV"", ""Ashe"", ""Annie"", ""Braum"", ""Rakan""]","[""Ezreal"", ""Skarner"", ""Hwei"", ""Alistar"", ""Gnar""]","[""Varus"", ""Pantheon"", ""Akali"", ""Leona"", ""Vayne""]",[],[],0,leaguepedia_cargo_patch_range,1
Esports World Cup 2026/Online Qualifiers/South America_Round 4_1_2,2026-06-11 18:56:00,26.11,Esports World Cup 2026 Online Qualifier: South America,RED Canids,Vivo Keyd Stars,RED Canids,"[""Bard"", ""Karma"", ""Yorick"", ""Orianna"", ""Rakan""]","[""Nocturne"", ""Cassiopeia"", ""Annie"", ""Gwen"", ""Viktor""]","[""Pantheon"", ""Jayce"", ""Ezreal"", ""Alistar"", ""Sylas""]","[""Varus"", ""Naafiri"", ""Sion"", ""Neeko"", ""LeBlanc""]",[],[],1,leaguepedia_cargo_patch_range,0
Prime League 2nd Division/2026 Season/Spring Playoffs_Round 2_2_2,2026-06-11 19:30:00,26.11,PRM 2nd Division 25-26 Spring Playoffs,MT1 Esports,CGN Esports,MT1 Esports,[],[],[],[],[],[],1,leaguepedia_cargo_patch_range,0
Prime League 2nd Division/2026 Season/Spring Playoffs_Round 1_6_2,2026-06-11 19:32:00,26.11,PRM 2nd Division 25-26 Spring Playoffs,Babos Gaming,DKB XPERION NXT,Babos Gaming,[],[],[],[],[],[],1,leaguepedia_cargo_patch_range,0
Streamers Clash/Season 4_Round 3_2_1,2026-06-11 19:36:00,26.11,Streamers Clash Season 4,STOPERCENTNÁ KAMILOVA TUTOFKA,HERDYNŮV LANGUSTA TÝM,HERDYNŮV LANGUSTA TÝM,"[""Zaahen"", ""Lillia"", ""Malphite"", ""Sylas"", ""Viego""]","[""Vayne"", ""Amumu"", ""Nasus"", ""Zilean"", ""Lissandra""]","[""Yuumi"", ""Mordekaiser"", ""Vladimir"", ""Pantheon"", ""Viktor""]","[""Nautilus"", ""Tristana"", ""Cho'Gath"", ""Seraphine"", ""Wukong""]",[],[],0,leaguepedia_cargo_patch_range,1
Streamers Clash/Season 4_Round 3_2_2,2026-06-11 20:26:00,26.11,Streamers Clash Season 4,STOPERCENTNÁ KAMILOVA TUTOFKA,HERDYNŮV LANGUSTA TÝM,HERDYNŮV LANGUSTA TÝM,[],[],"[""Master Yi"", ""Jarvan IV"", ""Vex"", ""Veigar"", ""Maokai""]","[""Morgana"", ""Galio"", ""Viego"", ""Ahri"", ""Ornn""]",[],[],0,leaguepedia_cargo_patch_range,1
Prime League 2nd Division/2026 Season/Spring Playoffs_Round 2_2_3,2026-06-11 20:43:00,26.11,PRM 2nd Division 25-26 Spring Playoffs,MT1 Esports,CGN Esports,CGN Esports,[],[],[],[],[],[],0,leaguepedia_cargo_patch_range,1
Esports World Cup 2026/Online Qualifiers/South America_Round 3_1_1,2026-06-11 21:21:00,26.11,Esports World Cup 2026 Online Qualifier: South America,LØS,LOUD,LOUD,"[""Naafiri"", ""Jarvan IV"", ""Ryze"", ""Sion"", ""K'Sante""]","[""Nocturne"", ""Cassiopeia"", ""Pantheon"", ""Wukong"", ""Jayce""]","[""Orianna"", ""Ezreal"", ""Bard"", ""Xin Zhao"", ""Rumble""]","[""Caitlyn"", ""Vi"", ""Karma"", ""Akali"", ""Ornn""]",[],[],0,leaguepedia_cargo_patch_range,1
Esports World Cup 2026/Online Qualifiers/South America_Round 3_1_2,2026-06-11 22:14:00,26.11,Esports World Cup 2026 Online Qualifier: South America,LOUD,LØS,LØS,"[""Varus"", ""Lucian"", ""Jarvan IV"", ""Galio"", ""Aurora""]","[""Naafiri"", ""Cassiopeia"", ""Ryze"", ""Lulu"", ""Ziggs""]","[""Nocturne"", ""Sion"", ""Annie"", ""Kalista"", ""Renata Glasc""]","[""Pantheon"", ""Senna"", ""Nautilus"", ""Viktor"", ""Gwen""]",[],[],0,leaguepedia_cargo_patch_range,1
Esports World Cup 2026/Online Qualifiers/South America_Round 3_1_3,2026-06-11 23:04:00,26.11,Esports World Cup 2026 Online Qualifier: South America,LØS,LOUD,LØS,"[""Varus"", ""Vayne"", ""Jarvan IV"", ""Gnar"", ""Kennen""]","[""Naafiri"", ""Cassiopeia"", ""Jayce"", ""Lee Sin"", ""K'Sante""]","[""Milio"", ""Lucian"", ""Twisted Fate"", ""Jax"", ""Sejuani""]","[""Ryze"", ""Rakan"", ""Xayah"", ""Renekton"", ""Wukong""]",[],[],1,leaguepedia_cargo_patch_range,0
2026 Asian Games/Qualifier_Day 1_2_1,2026-06-12 05:09:00,26.11,Asian Games 2026 Qualifier,Vietnam (National Team),Laos (National Team),Vietnam (National Team),"[""Sylas"", ""Varus"", ""Mel"", ""Orianna"", ""Rumble""]","[""Nocturne"", ""Karma"", ""Caitlyn"", ""Lee Sin"", ""Xin Zhao""]","[""Lux"", ""Ezreal"", ""Milio"", ""Wukong"", ""Jayce""]","[""Ashe"", ""Seraphine"", ""Jarvan IV"", ""Twisted Fate"", ""Vayne""]",[],[],1,leaguepedia_cargo_patch_range,0
2026 Asian Games/Qualifier_Day 1_1_1,2026-06-12 05:10:00,26.11,Asian Games 2026 Qualifier,Hong Kong (National Team),Malaysia (National Team),Hong Kong (National Team),"[""Ezreal"", ""Aurora"", ""Vi"", ""Lucian"", ""Lulu""]","[""Jarvan IV"", ""Orianna"", ""Rumble"", ""Malphite"", ""Nautilus""]","[""Nocturne"", ""Akali"", ""Varus"", ""Rakan"", ""Olaf""]","[""Cassiopeia"", ""Trundle"", ""Jayce"", ""Bard"", ""Jhin""]",[],[],1,leaguepedia_cargo_patch_range,0
2026 Asian Games/Qualifier_Day 1_4_1,2026-06-12 06:31:00,26.11,Asian Games 2026 Qualifier,United Arab Emirates (National Team),Oman (National Team),Oman (National Team),"[""Sylas"", ""Renekton"", ""Orianna"", ""Illaoi"", ""Xin Zhao""]","[""Ezreal"", ""Zoe"", ""LeBlanc"", ""Galio"", ""Akali""]","[""Jarvan IV"", ""Karma"", ""Miss Fortune"", ""K'Sante"", ""Mel""]","[""Seraphine"", ""Ashe"", ""Jayce"", ""Sion"", ""Fiddlesticks""]",[],[],0,leaguepedia_cargo_patch_range,1
2026 Asian Games/Qualifier_Day 1_3_1,2026-06-12 06:43:00,26.11,Asian Games 2026 Qualifier,Saudi Arabia (National Team),Pakistan (National Team),Saudi Arabia (National Team),"[""Nautilus"", ""Akali"", ""Jarvan IV"", ""Gnar"", ""Lulu""]","[""Nocturne"", ""Ashe"", ""Orianna"", ""Cassiopeia"", ""Sylas""]","[""Caitlyn"", ""Karma"", ""Pantheon"", ""K'Sante"", ""Taliyah""]","[""Wukong"", ""Sivir"", ""Galio"", ""Zilean"", ""Olaf""]",[],[],1,leaguepedia_cargo_patch_range,0
2026 Asian Games/Qualifier_Day 1_6_1,2026-06-12 07:59:00,26.11,Asian Games 2026 Qualifier,Kazakhstan (National Team),Jordan (National Team),Jordan (National Team),"[""Cassiopeia"", ""Wukong"", ""Braum"", ""Gwen"", ""Orianna""]","[""Rumble"", ""Volibear"", ""Shyvana"", ""Alistar"", ""Poppy""]","[""Sion"", ""Naafiri"", ""Jhin"", ""Lissandra"", ""Bard""]","[""Lee Sin"", ""Kai'Sa"", ""Rell"", ""Hwei"", ""Dr. Mundo""]",[],[],0,leaguepedia_cargo_patch_range,1
2026 Asian Games/Qualifier_Day 1_5_1,2026-06-12 08:16:00,26.11,Asian Games 2026 Qualifier,India (National Team),Sri Lanka (National Team),India (National Team),"[""Hwei"", ""Blitzcrank"", ""Sylas"", ""Gwen"", ""Braum""]","[""Naafiri"", ""Akali"", ""Ekko"", ""Thresh"", ""Karma""]","[""Viktor"", ""Ezreal"", ""Zyra"", ""Seraphine"", ""Malphite""]","[""Varus"", ""Jarvan IV"", ""Aurora"", ""Rell"", ""Ambessa""]",[],[],1,leaguepedia_cargo_patch_range,0
LCK/2026 Season/Road to MSI_Round 3_1_1,2026-06-12 08:25:00,26.11,LCK 2026 Road to MSI,Hanwha Life Esports,T1,Hanwha Life Esports,"[""Varus"", ""Nautilus"", ""Yone"", ""Vi"", ""Naafiri""]","[""Orianna"", ""Bard"", ""Cassiopeia"", ""Nocturne"", ""Lee Sin""]","[""Karma"", ""Ezreal"", ""Sion"", ""Anivia"", ""Jarvan IV""]","[""Jayce"", ""Ryze"", ""Ziggs"", ""Camille"", ""Trundle""]",[],[],1,leaguepedia_cargo_patch_range,0
2026 Asian Games/Qualifier_Day 1_8_1,2026-06-12 09:26:00,26.11,Asian Games 2026 Qualifier,Laos (National Team),Mongolia (National Team),Mongolia (National Team),"[""Nocturne"", ""Vayne"", ""Sylas"", ""Mel"", ""Jarvan IV""]","[""Orianna"", ""Varus"", ""Karma"", ""Malphite"", ""Sion""]","[""Caitlyn"", ""Seraphine"", ""Zoe"", ""Xin Zhao"", ""Maokai""]","[""Ziggs"", ""Nautilus"", ""Jayce"", ""Twisted Fate"", ""Naafiri""]",[],[],0,leaguepedia_cargo_patch_range,1
LCK/2026 Season/Road to MSI_Round 3_1_2,2026-06-12 09:28:00,26.11,LCK 2026 Road to MSI,T1,Hanwha Life Esports,T1,"[""Varus"", ""Bard"", ""Vayne"", ""Caitlyn"", ""Poppy""]","[""Orianna"", ""Rumble"", ""Gnar"", ""Ashe"", ""Lulu""]","[""Vi"", ""Rek'Sai"", ""Ahri"", ""Xayah"", ""Renata Glasc""]","[""Ambessa"", ""Nocturne"", ""Lissandra"", ""Rakan"", ""Sivir""]",[],[],1,leaguepedia_cargo_patch_range,0
2026 Asian Games/Qualifier_Day 1_7_1,2026-06-12 09:43:00,26.11,Asian Games 2026 Qualifier,Kyrgyzstan (National Team),Hong Kong (National Team),Hong Kong (National Team),"[""Akali"", ""Ambessa"", ""Lee Sin"", ""Mordekaiser"", ""LeBlanc""]","[""Karma"", ""Orianna"", ""Jarvan IV"", ""Ashe"", ""Nautilus""]","[""Seraphine"", ""Bel'Veth"", ""Ornn"", ""Rell"", ""Yone""]","[""Lucian"", ""Nocturne"", ""Milio"", ""Fiora"", ""Aurora""]",[],[],0,leaguepedia_cargo_patch_range,1
VCS/2026 Season/Summer Playoffs_Round 1_2_1,2026-06-12 10:18:00,26.11,VCS 2026 Summer Playoffs,Saigon Dino,ZEN Esports (Vietnamese Team),Saigon Dino,"[""Lucian"", ""Varus"", ""Cassiopeia"", ""Nautilus"", ""Gwen""]","[""Nocturne"", ""Karma"", ""Orianna"", ""Caitlyn"", ""Rumble""]","[""Bard"", ""Lee Sin"", ""Ryze"", ""Kai'Sa"", ""Sion""]","[""Ezreal"", ""Jarvan IV"", ""Anivia"", ""Skarner"", ""Ambessa""]",[],[],1,leaguepedia_cargo_patch_range,0
LCK/2026 Season/Road to MSI_Round 3_1_3,2026-06-12 10:26:00,26.11,LCK 2026 Road to MSI,T1,Hanwha Life Esports,Hanwha Life Esports,"[""Varus"", ""Bard"", ""Vayne"", ""Mel"", ""Caitlyn""]","[""Rumble"", ""Orianna"", ""Gnar"", ""Senna"", ""Nautilus""]","[""Lee Sin"", ""Cassiopeia"", ""Shen"", ""Kog'Maw"", ""Lulu""]","[""Naafiri"", ""Renekton"", ""Galio"", ""Milio"", ""Lucian""]",[],[],0,leaguepedia_cargo_patch_range,1
2026 Asian Games/Qualifier_Day 1_9_1,2026-06-12 10:55:00,26.11,Asian Games 2026 Qualifier,Saudi Arabia (National Team),Oman (National Team),Saudi Arabia (National Team),"[""Anivia"", ""Ezreal"", ""K'Sante"", ""Caitlyn"", ""Milio""]","[""Fiddlesticks"", ""Jayce"", ""Sion"", ""Renekton"", ""Xin Zhao""]","[""Ashe"", ""Seraphine"", ""Sylas"", ""Poppy"", ""Ornn""]","[""Orianna"", ""Jarvan IV"", ""Ambessa"", ""Pyke"", ""Ziggs""]",[],[],1,leaguepedia_cargo_patch_range,0
VCS/2026 Season/Summer Playoffs_Round 1_2_2,2026-06-12 11:11:00,26.11,VCS 2026 Summer Playoffs,ZEN Esports (Vietnamese Team),Saigon Dino,Saigon Dino,"[""Varus"", ""Akali"", ""Orianna"", ""Nautilus"", ""Lulu""]","[""Lucian"", ""Cassiopeia"", ""Nocturne"", ""Ashe"", ""Rakan""]","[""Rumble"", ""Vi"", ""Ahri"", ""Kalista"", ""Camille""]","[""K'Sante"", ""Annie"", ""Naafiri"", ""Senna"", ""Poppy""]",[],[],0,leaguepedia_cargo_patch_range,1
LCK/2026 Season/Road to MSI_Round 3_1_4,2026-06-12 11:22:00,26.11,LCK 2026 Road to MSI,Hanwha Life Esports,T1,Hanwha Life Esports,"[""Varus"", ""Akali"", ""Aurora"", ""Ashe"", ""Mel""]","[""Bard"", ""Orianna"", ""Annie"", ""Caitlyn"", ""Xin Zhao""]","[""Rumble"", ""Azir"", ""Poppy"", ""Aphelios"", ""Thresh""]","[""Yone"", ""K'Sante"", ""Maokai"", ""Senna"", ""Blitzcrank""]",[],[],1,leaguepedia_cargo_patch_range,0
VCS/2026 Season/Summer Playoffs_Round 1_2_3,2026-06-12 12:11:00,26.11,VCS 2026 Summer Playoffs,ZEN Esports (Vietnamese Team),Saigon Dino,ZEN Esports (Vietnamese Team),"[""Varus"", ""Akali"", ""Seraphine"", ""Caitlyn"", ""Shen""]","[""Lucian"", ""Cassiopeia"", ""Orianna"", ""Nautilus"", ""Neeko""]","[""Nocturne"", ""Jayce"", ""LeBlanc"", ""Jhin"", ""Rakan""]","[""Aurora"", ""Pantheon"", ""Yorick"", ""Xayah"", ""Leona""]",[],[],1,leaguepedia_cargo_patch_range,0
VCS/2026 Season/Summer Playoffs_Round 1_2_4,2026-06-12 12:57:00,26.11,VCS 2026 Summer Playoffs,ZEN Esports (Vietnamese Team),Saigon Dino,ZEN Esports (Vietnamese Team),"[""Akali"", ""Varus"", ""Nautilus"", ""Gnar"", ""Vayne""]","[""Lucian"", ""Cassiopeia"", ""Orianna"", ""Syndra"", ""Azir""]","[""Seraphine"", ""Ashe"", ""Olaf"", ""Zoe"", ""Wukong""]","[""Mel"", ""Pyke"", ""Trundle"", ""Twisted Fate"", ""Zaahen""]",[],[],1,leaguepedia_cargo_patch_range,0
VCS/2026 Season/Summer Playoffs_Round 1_2_5,2026-06-12 13:47:00,26.11,VCS 2026 Summer Playoffs,Saigon Dino,ZEN Esports (Vietnamese Team),ZEN Esports (Vietnamese Team),"[""Lucian"", ""Cassiopeia"", ""Gnar"", ""Gwen"", ""Jax""]","[""Varus"", ""Xin Zhao"", ""Renekton"", ""Sejuani"", ""Shen""]","[""Orianna"", ""Sivir"", ""Alistar"", ""Ornn"", ""Kha'Zix""]","[""Miss Fortune"", ""Akali"", ""Rell"", ""Aatrox"", ""Viego""]",[],[],0,leaguepedia_cargo_patch_range,1
EMEA Masters/2026 Season/Spring Main Event_Groups Day 3_2_1,2026-06-12 15:01:00,26.11,EM 2026 Spring Main Event,WLGaming Esports,G2 NORD,G2 NORD,"[""Nocturne"", ""Jarvan IV"", ""Aurora"", ""Pantheon"", ""Wukong""]","[""Orianna"", ""Cassiopeia"", ""Anivia"", ""Lee Sin"", ""Vi""]","[""Ryze"", ""Senna"", ""Nautilus"", ""Olaf"", ""K'Sante""]","[""Ashe"", ""Seraphine"", ""Taliyah"", ""Xin Zhao"", ""Gnar""]",[],[],0,leaguepedia_cargo_patch_range,1
EMEA Masters/2026 Season/Spring Main Event_Groups Day 3_1_1,2026-06-12 15:04:00,26.11,EM 2026 Spring Main Event,E WIE EINFACH E-SPORTS,Misa Esports,Misa Esports,"[""Pyke"", ""Nautilus"", ""Varus"", ""Ashe"", ""Poppy""]","[""Orianna"", ""Karma"", ""Bard"", ""Jarvan IV"", ""Pantheon""]","[""Ezreal"", ""Anivia"", ""Neeko"", ""Sion"", ""Naafiri""]","[""Seraphine"", ""Xin Zhao"", ""Viktor"", ""Rell"", ""Gnar""]",[],[],0,leaguepedia_cargo_patch_range,1
EMEA Masters/2026 Season/Spring Main Event_Groups Day 3_1_2,2026-06-12 16:00:00,26.11,EM 2026 Spring Main Event,Misa Esports,E WIE EINFACH E-SPORTS,Misa Esports,"[""Karma"", ""Lucian"", ""Bard"", ""Milio"", ""Braum""]","[""Orianna"", ""Pyke"", ""Nautilus"", ""Rumble"", ""Poppy""]","[""Varus"", ""Ryze"", ""Leona"", ""Shen"", ""Viego""]","[""Cassiopeia"", ""Jarvan IV"", ""Ashe"", ""Alistar"", ""Vayne""]",[],[],1,leaguepedia_cargo_patch_range,0
Prime League 2nd Division/2026 Season/Spring Relegation_Relegation Round_2_1,2026-06-12 16:13:00,26.11,PRM 2nd Division 25-26 Spring Relegation,LOOKSMAXXER,TeamOrangeGaming Academy,LOOKSMAXXER,[],[],[],[],[],[],1,leaguepedia_cargo_patch_range,0
Prime League 2nd Division/2026 Season/Spring Relegation_Relegation Round_1_1,2026-06-12 16:21:00,26.11,PRM 2nd Division 25-26 Spring Relegation,Spongecord prime,Team Rift,Spongecord prime,[],[],[],[],[],[],1,leaguepedia_cargo_patch_range,0
EMEA Masters/2026 Season/Spring Main Event_Groups Day 3_2_2,2026-06-12 16:26:00,26.11,EM 2026 Spring Main Event,WLGaming Esports,G2 NORD,WLGaming Esports,"[""Nocturne"", ""Jarvan IV"", ""Karma"", ""Annie"", ""Aurora""]","[""Orianna"", ""Cassiopeia"", ""Anivia"", ""Viktor"", ""Akali""]","[""Milio"", ""Lucian"", ""Trundle"", ""Rumble"", ""Mel""]","[""Caitlyn"", ""Bard"", ""Wukong"", ""Ahri"", ""Sion""]",[],[],1,leaguepedia_cargo_patch_range,0
EMEA Masters/2026 Season/Spring Main Event_Groups Day 3_4_1,2026-06-12 16:53:00,26.11,EM 2026 Spring Main Event,Eintracht Spandau,Anubis Gaming,Eintracht Spandau,"[""Azir"", ""Milio"", ""Syndra"", ""Sion"", ""Viktor""]","[""Orianna"", ""Jarvan IV"", ""Nautilus"", ""Ryze"", ""Akali""]","[""Karma"", ""Sivir"", ""Skarner"", ""Aurora"", ""Twisted Fate""]","[""Ezreal"", ""Bard"", ""Trundle"", ""Anivia"", ""Malphite""]",[],[],1,leaguepedia_cargo_patch_range,0
Prime League 2nd Division/2026 Season/Spring Relegation_Relegation Round_2_2,2026-06-12 17:11:00,26.11,PRM 2nd Division 25-26 Spring Relegation,LOOKSMAXXER,TeamOrangeGaming Academy,LOOKSMAXXER,[],[],[],[],[],[],1,leaguepedia_cargo_patch_range,0
Prime League 2nd Division/2026 Season/Spring Relegation_Relegation Round_1_2,2026-06-12 17:14:00,26.11,PRM 2nd Division 25-26 Spring Relegation,Spongecord prime,Team Rift,Spongecord prime,[],[],[],[],[],[],1,leaguepedia_cargo_patch_range,0
EMEA Masters/2026 Season/Spring Main Event_Groups Day 3_2_3,2026-06-12 17:20:00,26.11,EM 2026 Spring Main Event,WLGaming Esports,G2 NORD,G2 NORD,"[""Varus"", ""Ezreal"", ""Anivia"", ""Skarner"", ""Yorick""]","[""Orianna"", ""Nocturne"", ""Cassiopeia"", ""Sivir"", ""Annie""]","[""Aurora"", ""Rell"", ""Jarvan IV"", ""Tristana"", ""Akali""]","[""Yunara"", ""Lulu"", ""Viktor"", ""Lee Sin"", ""Ambessa""]",[],[],0,leaguepedia_cargo_patch_range,1
EMEA Masters/2026 Season/Spring Main Event_Groups Day 3_4_2,2026-06-12 17:46:00,26.11,EM 2026 Spring Main Event,Eintracht Spandau,Anubis Gaming,Anubis Gaming,"[""Jarvan IV"", ""Nautilus"", ""Ashe"", ""Varus"", ""Vayne""]","[""Orianna"", ""Azir"", ""Milio"", ""Ahri"", ""Viktor""]","[""Caitlyn"", ""Vi"", ""Seraphine"", ""Sion"", ""Cassiopeia""]","[""Neeko"", ""Jhin"", ""Xin Zhao"", ""Galio"", ""Gwen""]",[],[],0,leaguepedia_cargo_patch_range,1
EMEA Masters/2026 Season/Spring Main Event_Groups Day 3_3_1,2026-06-12 18:13:00,26.11,EM 2026 Spring Main Event,Forsaken (Polish Team),Karmine Corp Blue,Karmine Corp Blue,"[""Varus"", ""Nautilus"", ""Anivia"", ""K'Sante"", ""Aatrox""]","[""Orianna"", ""Cassiopeia"", ""Karma"", ""Neeko"", ""Viktor""]","[""Jarvan IV"", ""Kai'Sa"", ""Rumble"", ""Alistar"", ""Aurora""]","[""Ezreal"", ""Ryze"", ""Nocturne"", ""Galio"", ""Rakan""]",[],[],0,leaguepedia_cargo_patch_range,1
Prime League 2nd Division/2026 Season/Spring Relegation_Relegation Round_3_1,2026-06-12 18:48:00,26.11,PRM 2nd Division 25-26 Spring Relegation,Locked In (Dutch Team),Circus Kittens,Circus Kittens,[],[],[],[],[],[],0,leaguepedia_cargo_patch_range,1
EMEA Masters/2026 Season/Spring Main Event_Groups Day 3_4_3,2026-06-12 18:55:00,26.11,EM 2026 Spring Main Event,Anubis Gaming,Eintracht Spandau,Eintracht Spandau,"[""Azir"", ""Milio"", ""Nocturne"", ""Syndra"", ""Viktor""]","[""Orianna"", ""Jarvan IV"", ""Ryze"", ""Akali"", ""LeBlanc""]","[""Pantheon"", ""Nautilus"", ""Xayah"", ""Taliyah"", ""Vayne""]","[""Yunara"", ""Lulu"", ""Dr. Mundo"", ""Ahri"", ""Jayce""]",[],[],0,leaguepedia_cargo_patch_range,1
EMEA Masters/2026 Season/Spring Main Event_Groups Day 3_3_2,2026-06-12 19:14:00,26.11,EM 2026 Spring Main Event,Forsaken (Polish Team),Karmine Corp Blue,Karmine Corp Blue,"[""Karma"", ""LeBlanc"", ""Lucian"", ""Yorick"", ""Rell""]","[""Orianna"", ""Cassiopeia"", ""Vi"", ""Skarner"", ""Renekton""]","[""Varus"", ""Anivia"", ""Nautilus"", ""Trundle"", ""Ambessa""]","[""Jhin"", ""Pantheon"", ""Ahri"", ""Leona"", ""Volibear""]",[],[],0,leaguepedia_cargo_patch_range,1
Prime League 2nd Division/2026 Season/Spring Relegation_Relegation Round_3_2,2026-06-12 19:43:00,26.11,PRM 2nd Division 25-26 Spring Relegation,Circus Kittens,Locked In (Dutch Team),Circus Kittens,[],[],[],[],[],[],1,leaguepedia_cargo_patch_range,0
2026 Asian Games/Qualifier_Day 2_2_1,2026-06-13 05:09:00,26.11,Asian Games 2026 Qualifier,Sri Lanka (National Team),Kazakhstan (National Team),Sri Lanka (National Team),"[""Anivia"", ""Ezreal"", ""Wukong"", ""Varus"", ""Karma""]","[""Graves"", ""Olaf"", ""Jarvan IV"", ""Pyke"", ""Kai'Sa""]","[""Rumble"", ""Ahri"", ""Vi"", ""Caitlyn"", ""Bard""]","[""Naafiri"", ""Elise"", ""Renekton"", ""Sivir"", ""Thresh""]",[],[],1,leaguepedia_cargo_patch_range,0
2026 Asian Games/Qualifier_Day 2_1_1,2026-06-13 05:10:00,26.11,Asian Games 2026 Qualifier,Pakistan (National Team),United Arab Emirates (National Team),United Arab Emirates (National Team),"[""Wukong"", ""Seraphine"", ""Jarvan IV"", ""Galio"", ""Shen""]","[""Ashe"", ""Aurora"", ""LeBlanc"", ""Gwen"", ""Gnar""]","[""Ezreal"", ""Lee Sin"", ""Zoe"", ""Rumble"", ""Jayce""]","[""Karma"", ""Varus"", ""Nocturne"", ""K'Sante"", ""Ahri""]",[],[],0,leaguepedia_cargo_patch_range,1
LCK/2026 Season/Road to MSI_Round 3_2_1,2026-06-13 06:22:00,26.11,LCK 2026 Road to MSI,Gen.G,KT Rolster,Gen.G,"[""Varus"", ""Bard"", ""Anivia"", ""Vi"", ""Ahri""]","[""Cassiopeia"", ""Orianna"", ""Jarvan IV"", ""Trundle"", ""Nautilus""]","[""Ryze"", ""Jayce"", ""Ziggs"", ""Camille"", ""Lee Sin""]","[""Ezreal"", ""Karma"", ""Sion"", ""Mel"", ""Xin Zhao""]",[],[],1,leaguepedia_cargo_patch_range,0
2026 Asian Games/Qualifier_Day 2_3_1,2026-06-13 06:28:00,26.11,Asian Games 2026 Qualifier,India (National Team),Jordan (National Team),India (National Team),"[""Katarina"", ""Rumble"", ""Jarvan IV"", ""Milio"", ""Karma""]","[""Jayce"", ""Lee Sin"", ""Orianna"", ""Gnar"", ""Nautilus""]","[""Ryze"", ""Lillia"", ""Tristana"", ""Alistar"", ""Renekton""]","[""Varus"", ""Xin Zhao"", ""Hwei"", ""Rell"", ""Gragas""]",[],[],1,leaguepedia_cargo_patch_range,0
2026 Asian Games/Qualifier_Day 2_4_1,2026-06-13 06:38:00,26.11,Asian Games 2026 Qualifier,Vietnam (National Team),Mongolia (National Team),Vietnam (National Team),"[""Varus"", ""Nocturne"", ""Karma"", ""Vi"", ""Sion""]","[""Orianna"", ""Cassiopeia"", ""Bard"", ""Leona"", ""Braum""]","[""Ryze"", ""Lee Sin"", ""Ezreal"", ""Jayce"", ""Rell""]","[""Senna"", ""Hwei"", ""Nautilus"", ""Xin Zhao"", ""Yorick""]",[],[],1,leaguepedia_cargo_patch_range,0
LCK/2026 Season/Road to MSI_Round 3_2_2,2026-06-13 07:26:00,26.11,LCK 2026 Road to MSI,KT Rolster,Gen.G,Gen.G,"[""Varus"", ""Nocturne"", ""Jarvan IV"", ""Lulu"", ""Poppy""]","[""Cassiopeia"", ""Orianna"", ""Bard"", ""Ashe"", ""Xayah""]","[""Annie"", ""Wukong"", ""Ambessa"", ""Senna"", ""Nautilus""]","[""Rumble"", ""Vi"", ""Taliyah"", ""Jhin"", ""Rell""]",[],[],0,leaguepedia_cargo_patch_range,1
2026 Asian Games/Qualifier_Day 2_5_1,2026-06-13 08:02:00,26.11,Asian Games 2026 Qualifier,Kyrgyzstan (National Team),Malaysia (National Team),Malaysia (National Team),"[""Karma"", ""Rumble"", ""Orianna"", ""Nautilus"", ""Sion""]","[""Olaf"", ""Nocturne"", ""Sylas"", ""Braum"", ""Bard""]","[""Jarvan IV"", ""Cassiopeia"", ""Ashe"", ""Gnar"", ""Seraphine""]","[""Trundle"", ""Mel"", ""Galio"", ""Thresh"", ""Darius""]",[],[],0,leaguepedia_cargo_patch_range,1
2026 Asian Games/Qualifier_Day 2_6_1,2026-06-13 08:05:00,26.11,Asian Games 2026 Qualifier,Pakistan (National Team),Oman (National Team),Oman (National Team),"[""Ashe"", ""Cassiopeia"", ""Orianna"", ""Rumble"", ""Gwen""]","[""Ezreal"", ""LeBlanc"", ""Braum"", ""Galio"", ""Sion""]","[""Karma"", ""Jarvan IV"", ""Varus"", ""Lux"", ""K'Sante""]","[""Nautilus"", ""Corki"", ""Naafiri"", ""Viktor"", ""Illaoi""]",[],[],0,leaguepedia_cargo_patch_range,1
LJL/2026 Season/Spring Series_Semifinals_1_1,2026-06-13 08:17:00,26.11,LJL 2026 Spring Series,Arneb,Rising Gaming,Rising Gaming,"[""Bard"", ""Ezreal"", ""Akali"", ""Caitlyn"", ""Rakan""]","[""Seraphine"", ""Nocturne"", ""Naafiri"", ""Varus"", ""Senna""]","[""Jarvan IV"", ""Nautilus"", ""Orianna"", ""Jhin"", ""Malphite""]","[""Lee Sin"", ""Gnar"", ""LeBlanc"", ""Rell"", ""Xayah""]",[],[],0,leaguepedia_cargo_patch_range,1
LCK/2026 Season/Road to MSI_Round 3_2_3,2026-06-13 08:25:00,26.11,LCK 2026 Road to MSI,Gen.G,KT Rolster,Gen.G,"[""Varus"", ""Vayne"", ""Bard"", ""Caitlyn"", ""Lucian""]","[""Orianna"", ""Cassiopeia"", ""Ashe"", ""Aurora"", ""Zoe""]","[""Jarvan IV"", ""Yunara"", ""Lulu"", ""Renekton"", ""Viktor""]","[""Gnar"", ""Naafiri"", ""Lissandra"", ""Xayah"", ""Rakan""]",[],[],1,leaguepedia_cargo_patch_range,0
LPL/2026 Season/Split 2 Playoffs_Round 4_2_1,2026-06-13 08:30:00,26.10,LPL 2026 Split 2 Playoffs,Team WE,Bilibili Gaming,Bilibili Gaming,"[""Varus"", ""Naafiri"", ""Rumble"", ""Bard"", ""Nautilus""]","[""Nocturne"", ""Orianna"", ""Ezreal"", ""Vi"", ""Cassiopeia""]","[""Seraphine"", ""Sion"", ""Ashe"", ""Ahri"", ""Lee Sin""]","[""Jarvan IV"", ""Ryze"", ""Shen"", ""Karma"", ""Jhin""]",[],[],0,leaguepedia_cargo_patch_range,1
LJL/2026 Season/Spring Series_Semifinals_1_2,2026-06-13 09:09:00,26.11,LJL 2026 Spring Series,Rising Gaming,Arneb,Rising Gaming,"[""Seraphine"", ""Cassiopeia"", ""Aurora"", ""Varus"", ""Miss Fortune""]","[""Bard"", ""Ezreal"", ""Poppy"", ""Milio"", ""Lulu""]","[""Ryze"", ""Pantheon"", ""K'Sante"", ""Yunara"", ""Alistar""]","[""Viktor"", ""Nocturne"", ""Leona"", ""Ambessa"", ""Brand""]",[],[],1,leaguepedia_cargo_patch_range,0
LPL/2026 Season/Split 2 Playoffs_Round 4_2_2,2026-06-13 09:24:00,26.10,LPL 2026 Split 2 Playoffs,Bilibili Gaming,Team WE,Team WE,"[""Nocturne"", ""Vi"", ""Gnar"", ""Akali"", ""Cassiopeia""]","[""Varus"", ""Naafiri"", ""Rumble"", ""Wukong"", ""Trundle""]","[""Ezreal"", ""Orianna"", ""Neeko"", ""K'Sante"", ""Pantheon""]","[""Jayce"", ""Bard"", ""Sivir"", ""Xin Zhao"", ""Annie""]",[],[],0,leaguepedia_cargo_patch_range,1
2026 Asian Games/Qualifier_Day 2_8_1,2026-06-13 09:30:00,26.11,Asian Games 2026 Qualifier,Sri Lanka (National Team),Jordan (National Team),Jordan (National Team),"[""Jayce"", ""Orianna"", ""Ryze"", ""Alistar"", ""Nautilus""]","[""Elise"", ""Jarvan IV"", ""Rumble"", ""Akali"", ""Syndra""]","[""Tristana"", ""Wukong"", ""Renekton"", ""Ekko"", ""Rell""]","[""Kai'Sa"", ""Lee Sin"", ""Gnar"", ""Hwei"", ""Poppy""]",[],[],0,leaguepedia_cargo_patch_range,1
2026 Asian Games/Qualifier_Day 2_7_1,2026-06-13 09:40:00,26.11,Asian Games 2026 Qualifier,United Arab Emirates (National Team),Saudi Arabia (National Team),United Arab Emirates (National Team),"[""K'Sante"", ""Jarvan IV"", ""Orianna"", ""Vi"", ""Wukong""]","[""Akali"", ""Ezreal"", ""Yunara"", ""Ashe"", ""Miss Fortune""]","[""Seraphine"", ""Xin Zhao"", ""Sion"", ""Jhin"", ""Aurora""]","[""Caitlyn"", ""Karma"", ""Kled"", ""Sylas"", ""Ahri""]",[],[],1,leaguepedia_cargo_patch_range,0
VCS/2026 Season/Summer Playoffs_Round 2_1_1,2026-06-13 10:07:00,26.11,VCS 2026 Summer Playoffs,ZEN Esports (Vietnamese Team),Saigon Warriors,Saigon Warriors,"[""Rumble"", ""Varus"", ""Ezreal"", ""Seraphine"", ""Nautilus""]","[""Jarvan IV"", ""Bard"", ""Orianna"", ""Karma"", ""Neeko""]","[""Nocturne"", ""Cassiopeia"", ""Sion"", ""Caitlyn"", ""Lux""]","[""Jayce"", ""Pantheon"", ""Akali"", ""Rakan"", ""Ziggs""]",[],[],0,leaguepedia_cargo_patch_range,1
LJL/2026 Season/Spring Series_Semifinals_2_1,2026-06-13 10:20:00,26.11,LJL 2026 Spring Series,Uwinks,FENNEL,FENNEL,"[""Varus"", ""Vi"", ""Orianna"", ""Gwen"", ""Rumble""]","[""Ezreal"", ""Kai'Sa"", ""Lee Sin"", ""Sion"", ""Anivia""]","[""Jarvan IV"", ""Lucian"", ""Milio"", ""Ornn"", ""Annie""]","[""Naafiri"", ""Jhin"", ""Nautilus"", ""Gnar"", ""Diana""]",[],[],0,leaguepedia_cargo_patch_range,1
LPL/2026 Season/Split 2 Playoffs_Round 4_2_3,2026-06-13 10:21:00,26.10,LPL 2026 Split 2 Playoffs,Bilibili Gaming,Team WE,Team WE,"[""Vayne"", ""Cassiopeia"", ""Naafiri"", ""Lucian"", ""Nami""]","[""Nocturne"", ""Vi"", ""Varus"", ""Caitlyn"", ""Nautilus""]","[""Rumble"", ""Wukong"", ""Aurora"", ""Yunara"", ""Rakan""]","[""Ornn"", ""Trundle"", ""Viktor"", ""Lulu"", ""Jinx""]",[],[],0,leaguepedia_cargo_patch_range,1
Hitpoint 2nd Division Challengers/2026 Season/Spring Playoffs_Round 3_2_1,2026-06-13 10:30:00,26.11,Hitpoint 2nd Div Challengers 2026 Spring Playoffs,Priority,EXILE esports Academy,Priority,"[""Syndra"", ""Varus"", ""Xin Zhao"", ""Karma"", ""Nautilus""]","[""K'Sante"", ""Aurora"", ""Orianna"", ""Wukong"", ""Jarvan IV""]","[""Cassiopeia"", ""Caitlyn"", ""Neeko"", ""Nocturne"", ""Sion""]","[""Ezreal"", ""Lee Sin"", ""Xerath"", ""Seraphine"", ""Shen""]",[],[],1,leaguepedia_cargo_patch_range,0
2026 Asian Games/Qualifier_Day 2_9_1,2026-06-13 11:04:00,26.11,Asian Games 2026 Qualifier,Kazakhstan (National Team),India (National Team),India (National Team),"[""Cassiopeia"", ""Karma"", ""Orianna"", ""Pyke"", ""Malphite""]","[""Bard"", ""Naafiri"", ""Vi"", ""Aurora"", ""Olaf""]","[""Xin Zhao"", ""Ashe"", ""Seraphine"", ""Ryze"", ""Zed""]","[""Ezreal"", ""Wukong"", ""Sylas"", ""Lux"", ""Jax""]",[],[],0,leaguepedia_cargo_patch_range,1
LJL/2026 Season/Spring Series_Semifinals_2_2,2026-06-13 11:10:00,26.11,LJL 2026 Spring Series,FENNEL,Uwinks,FENNEL,"[""Ezreal"", ""Kai'Sa"", ""Bard"", ""Pantheon"", ""Lee Sin""]","[""Varus"", ""Vi"", ""Nocturne"", ""Xin Zhao"", ""Wukong""]","[""Cassiopeia"", ""Ambessa"", ""Rell"", ""Maokai"", ""Jayce""]","[""Malzahar"", ""Tristana"", ""Poppy"", ""Jax"", ""Viego""]",[],[],1,leaguepedia_cargo_patch_range,0
VCS/2026 Season/Summer Playoffs_Round 2_1_2,2026-06-13 11:19:00,26.11,VCS 2026 Summer Playoffs,ZEN Esports (Vietnamese Team),Saigon Warriors,Saigon Warriors,"[""Rumble"", ""Varus"", ""Karma"", ""Kai'Sa"", ""Miss Fortune""]","[""Orianna"", ""Jarvan IV"", ""Bard"", ""Vayne"", ""Renekton""]","[""Ryze"", ""Lee Sin"", ""Ezreal"", ""Nautilus"", ""Yorick""]","[""Wukong"", ""Annie"", ""Gnar"", ""Seraphine"", ""Sivir""]",[],[],0,leaguepedia_cargo_patch_range,1
LPL/2026 Season/Split 2 Playoffs_Round 4_2_4,2026-06-13 11:20:00,26.10,LPL 2026 Split 2 Playoffs,Bilibili Gaming,Team WE,Bilibili Gaming,"[""Olaf"", ""Cassiopeia"", ""Akali"", ""Lucian"", ""Nami""]","[""Nocturne"", ""Varus"", ""Yone"", ""Jax"", ""Gnar""]","[""Naafiri"", ""Mel"", ""Caitlyn"", ""Zaahen"", ""Elise""]","[""Poppy"", ""Twisted Fate"", ""Renekton"", ""Aphelios"", ""Nautilus""]",[],[],1,leaguepedia_cargo_patch_range,0
Hitpoint 2nd Division Challengers/2026 Season/Spring Playoffs_Round 3_2_2,2026-06-13 11:28:00,26.11,Hitpoint 2nd Div Challengers 2026 Spring Playoffs,Priority,EXILE esports Academy,Priority,"[""Syndra"", ""Varus"", ""Xin Zhao"", ""Vi"", ""Kha'Zix""]","[""K'Sante"", ""Aurora"", ""Orianna"", ""Ornn"", ""Zaahen""]","[""Azir"", ""Jarvan IV"", ""Senna"", ""Braum"", ""Renekton""]","[""Vladimir"", ""Ashe"", ""Nautilus"", ""Wukong"", ""Darius""]",[],[],1,leaguepedia_cargo_patch_range,0
VCS/2026 Season/Summer Playoffs_Round 2_1_3,2026-06-13 12:12:00,26.11,VCS 2026 Summer Playoffs,Saigon Warriors,ZEN Esports (Vietnamese Team),ZEN Esports (Vietnamese Team),"[""Bard"", ""Vi"", ""K'Sante"", ""Pyke"", ""Camille""]","[""Orianna"", ""Varus"", ""Rumble"", ""LeBlanc"", ""Mel""]","[""Jarvan IV"", ""Yunara"", ""Lulu"", ""Viktor"", ""Zaahen""]","[""Renekton"", ""Naafiri"", ""Aurora"", ""Miss Fortune"", ""Neeko""]",[],[],0,leaguepedia_cargo_patch_range,1
Hitpoint 2nd Division Challengers/2026 Season/Spring Playoffs_Round 3_2_3,2026-06-13 12:19:00,26.11,Hitpoint 2nd Div Challengers 2026 Spring Playoffs,Priority,EXILE esports Academy,Priority,"[""Syndra"", ""Varus"", ""Kha'Zix"", ""Vayne"", ""Smolder""]","[""K'Sante"", ""Aurora"", ""Orianna"", ""Karma"", ""Lulu""]","[""Xin Zhao"", ""Lissandra"", ""Ornn"", ""Xayah"", ""Bard""]","[""Vi"", ""Ahri"", ""Nasus"", ""Kai'Sa"", ""Rell""]",[],[],1,leaguepedia_cargo_patch_range,0
LPL/2026 Season/Split 2 Playoffs_Round 4_2_5,2026-06-13 12:26:00,26.10,LPL 2026 Split 2 Playoffs,Bilibili Gaming,Team WE,Bilibili Gaming,"[""Nocturne"", ""Gnar"", ""Yone"", ""Malphite"", ""Skarner""]","[""Varus"", ""Lucian"", ""Cassiopeia"", ""Galio"", ""Taliyah""]","[""Vi"", ""Zeri"", ""Yuumi"", ""Udyr"", ""Ambessa""]","[""Corki"", ""Nami"", ""Akali"", ""Maokai"", ""Jax""]",[],[],1,leaguepedia_cargo_patch_range,0
VCS/2026 Season/Summer Playoffs_Round 2_1_4,2026-06-13 12:53:00,26.11,VCS 2026 Summer Playoffs,Saigon Warriors,ZEN Esports (Vietnamese Team),Saigon Warriors,"[""Bard"", ""Lucian"", ""Xin Zhao"", ""Anivia"", ""LeBlanc""]","[""Orianna"", ""Varus"", ""Vi"", ""Yone"", ""Sylas""]","[""Rumble"", ""Karma"", ""Jhin"", ""Ahri"", ""Olaf""]","[""Ambessa"", ""Senna"", ""Alistar"", ""Lissandra"", ""Kha'Zix""]",[],[],1,leaguepedia_cargo_patch_range,0
Komplettligaen/2026 Season/Spring Playoffs_Finals_1_1,2026-06-13 14:31:00,26.12,Komplettligaen 2026 Spring Playoffs,VES Japan,Bitfix RG,VES Japan,[],[],[],[],[],[],1,leaguepedia_cargo_patch_range,0
EMEA Masters/2026 Season/Spring Main Event_Quarterfinals_1_1,2026-06-13 15:02:00,26.11,EM 2026 Spring Main Event,Karmine Corp Blue,UCAM Esports,UCAM Esports,"[""Pyke"", ""Xin Zhao"", ""Cassiopeia"", ""Ryze"", ""LeBlanc""]","[""Orianna"", ""Anivia"", ""Aurora"", ""Renekton"", ""Sylas""]","[""Ezreal"", ""Jarvan IV"", ""Rell"", ""Rumble"", ""Taliyah""]","[""Nocturne"", ""Nautilus"", ""Kai'Sa"", ""Ahri"", ""Ambessa""]",[],[],0,leaguepedia_cargo_patch_range,1
EMEA Masters/2026 Season/Spring Main Event_Quarterfinals_2_1,2026-06-13 15:02:00,26.11,EM 2026 Spring Main Event,Solary,G2 NORD,Solary,"[""Xin Zhao"", ""Jarvan IV"", ""Vi"", ""Vayne"", ""Gwen""]","[""Orianna"", ""Ryze"", ""Ashe"", ""Lee Sin"", ""Nocturne""]","[""Anivia"", ""Senna"", ""Nautilus"", ""Pantheon"", ""Sion""]","[""Cassiopeia"", ""Lucian"", ""Rell"", ""Zaahen"", ""Skarner""]",[],[],1,leaguepedia_cargo_patch_range,0
EMEA Masters/2026 Season/Spring Main Event_Quarterfinals_3_1,2026-06-13 15:02:00,26.11,EM 2026 Spring Main Event,Eintracht Spandau,Team Heretics Academy,Eintracht Spandau,"[""Varus"", ""Nautilus"", ""Ryze"", ""Pantheon"", ""Ambessa""]","[""Rumble"", ""Orianna"", ""Bard"", ""Skarner"", ""Wukong""]","[""Milio"", ""Lucian"", ""Azir"", ""Sion"", ""Rek'Sai""]","[""Ezreal"", ""Karma"", ""Akali"", ""Lee Sin"", ""Shen""]",[],[],1,leaguepedia_cargo_patch_range,0
EMEA Masters/2026 Season/Spring Main Event_Quarterfinals_4_1,2026-06-13 15:02:00,26.11,EM 2026 Spring Main Event,Galions,Misa Esports,Galions,"[""Varus"", ""Nautilus"", ""Jarvan IV"", ""K'Sante"", ""Gnar""]","[""Orianna"", ""Sion"", ""Rumble"", ""Wukong"", ""Lee Sin""]","[""Karma"", ""Ezreal"", ""Cassiopeia"", ""Gragas"", ""Naafiri""]","[""Ashe"", ""Seraphine"", ""Anivia"", ""Nocturne"", ""Ornn""]",[],[],1,leaguepedia_cargo_patch_range,0
Komplettligaen/2026 Season/Spring Playoffs_Finals_1_2,2026-06-13 15:36:00,26.12,Komplettligaen 2026 Spring Playoffs,Bitfix RG,VES Japan,VES Japan,[],[],[],[],[],[],0,leaguepedia_cargo_patch_range,1
EMEA Masters/2026 Season/Spring Main Event_Quarterfinals_2_2,2026-06-13 15:47:00,26.11,EM 2026 Spring Main Event,Solary,G2 NORD,Solary,"[""Varus"", ""Lee Sin"", ""Ashe"", ""Vayne"", ""Ambessa""]","[""Orianna"", ""Xin Zhao"", ""Ryze"", ""Annie"", ""Galio""]","[""Vi"", ""Bard"", ""Jhin"", ""Gnar"", ""Ahri""]","[""Ezreal"", ""Trundle"", ""Karma"", ""K'Sante"", ""Sylas""]",[],[],1,leaguepedia_cargo_patch_range,0
EMEA Masters/2026 Season/Spring Main Event_Quarterfinals_4_2,2026-06-13 15:48:00,26.11,EM 2026 Spring Main Event,Galions,Misa Esports,Galions,"[""Sion"", ""Nautilus"", ""Varus"", ""Rumble"", ""Vayne""]","[""Orianna"", ""Ryze"", ""Lucian"", ""K'Sante"", ""LeBlanc""]","[""Caitlyn"", ""Jarvan IV"", ""Bard"", ""Renekton"", ""Annie""]","[""Pantheon"", ""Jhin"", ""Pyke"", ""Aurora"", ""Akali""]",[],[],1,leaguepedia_cargo_patch_range,0
EMEA Masters/2026 Season/Spring Main Event_Quarterfinals_3_2,2026-06-13 15:56:00,26.11,EM 2026 Spring Main Event,Eintracht Spandau,Team Heretics Academy,Eintracht Spandau,"[""Nautilus"", ""Viktor"", ""Varus"", ""Vi"", ""Pantheon""]","[""Orianna"", ""Jarvan IV"", ""Ryze"", ""Xin Zhao"", ""Wukong""]","[""Cassiopeia"", ""Ashe"", ""Seraphine"", ""Rumble"", ""Naafiri""]","[""Anivia"", ""Bard"", ""Caitlyn"", ""Nocturne"", ""Ornn""]",[],[],1,leaguepedia_cargo_patch_range,0
EMEA Masters/2026 Season/Spring Main Event_Quarterfinals_1_2,2026-06-13 15:58:00,26.11,EM 2026 Spring Main Event,Karmine Corp Blue,UCAM Esports,Karmine Corp Blue,"[""Pyke"", ""Kalista"", ""LeBlanc"", ""Leona"", ""Olaf""]","[""Orianna"", ""Anivia"", ""Bard"", ""Xin Zhao"", ""Wukong""]","[""Cassiopeia"", ""Ashe"", ""Seraphine"", ""Jayce"", ""Trundle""]","[""Varus"", ""Pantheon"", ""Viktor"", ""Milio"", ""Lucian""]",[],[],1,leaguepedia_cargo_patch_range,0
Esports World Cup 2026/Online Qualifiers/South America_Round 4_2_1,2026-06-13 16:08:00,26.11,Esports World Cup 2026 Online Qualifier: South America,Vivo Keyd Stars,LØS,Vivo Keyd Stars,"[""Akali"", ""Nocturne"", ""Jarvan IV"", ""Varus"", ""Senna""]","[""Karma"", ""Cassiopeia"", ""Bard"", ""Ambessa"", ""K'Sante""]","[""Vi"", ""Lucian"", ""Milio"", ""Orianna"", ""Aurora""]","[""Pantheon"", ""Rumble"", ""Nautilus"", ""Ezreal"", ""Galio""]",[],[],1,leaguepedia_cargo_patch_range,0
Komplettligaen/2026 Season/Spring Playoffs_Finals_1_3,2026-06-13 16:29:00,26.12,Komplettligaen 2026 Spring Playoffs,VES Japan,Bitfix RG,Bitfix RG,[],[],[],[],[],[],0,leaguepedia_cargo_patch_range,1
EMEA Masters/2026 Season/Spring Main Event_Quarterfinals_4_3,2026-06-13 16:33:00,26.11,EM 2026 Spring Main Event,Galions,Misa Esports,Galions,"[""Sion"", ""Vi"", ""K'Sante"", ""LeBlanc"", ""Taliyah""]","[""Orianna"", ""Ryze"", ""Xin Zhao"", ""Nautilus"", ""Lulu""]","[""Varus"", ""Wukong"", ""Ahri"", ""Xayah"", ""Rakan""]","[""Lucian"", ""Lee Sin"", ""Milio"", ""Lissandra"", ""Yorick""]",[],[],1,leaguepedia_cargo_patch_range,0
EMEA Masters/2026 Season/Spring Main Event_Quarterfinals_2_3,2026-06-13 16:35:00,26.11,EM 2026 Spring Main Event,Solary,G2 NORD,G2 NORD,"[""Lee Sin"", ""Ashe"", ""Varus"", ""Ambessa"", ""Ornn""]","[""Orianna"", ""Caitlyn"", ""Xin Zhao"", ""Wukong"", ""Rek'Sai""]","[""Ryze"", ""Aphelios"", ""Lulu"", ""Nocturne"", ""Yorick""]","[""Yunara"", ""Jarvan IV"", ""Blitzcrank"", ""Rumble"", ""Taliyah""]",[],[],0,leaguepedia_cargo_patch_range,1
EMEA Masters/2026 Season/Spring Main Event_Quarterfinals_1_3,2026-06-13 16:47:00,26.11,EM 2026 Spring Main Event,UCAM Esports,Karmine Corp Blue,UCAM Esports,"[""Pyke"", ""Kalista"", ""LeBlanc"", ""Vayne"", ""Annie""]","[""Orianna"", ""Anivia"", ""Bard"", ""Lee Sin"", ""Xin Zhao""]","[""Ryze"", ""Lulu"", ""Zeri"", ""Aatrox"", ""Renekton""]","[""Xayah"", ""Rakan"", ""Wukong"", ""Aurora"", ""Sion""]",[],[],1,leaguepedia_cargo_patch_range,0
EMEA Masters/2026 Season/Spring Main Event_Quarterfinals_3_3,2026-06-13 17:03:00,26.11,EM 2026 Spring Main Event,Eintracht Spandau,Team Heretics Academy,Team Heretics Academy,"[""Viktor"", ""Jarvan IV"", ""Nautilus"", ""Mel"", ""Syndra""]","[""Orianna"", ""Ryze"", ""Wukong"", ""LeBlanc"", ""Neeko""]","[""Varus"", ""Miss Fortune"", ""Pantheon"", ""Sylas"", ""Pyke""]","[""Yunara"", ""Lulu"", ""Skarner"", ""Ahri"", ""K'Sante""]",[],[],0,leaguepedia_cargo_patch_range,1
Esports World Cup 2026/Online Qualifiers/South America_Round 4_2_2,2026-06-13 17:03:00,26.11,Esports World Cup 2026 Online Qualifier: South America,Vivo Keyd Stars,LØS,LØS,"[""Karma"", ""Ryze"", ""Varus"", ""Viktor"", ""Vayne""]","[""Cassiopeia"", ""Jarvan IV"", ""Bard"", ""Twisted Fate"", ""LeBlanc""]","[""Nocturne"", ""Ashe"", ""Seraphine"", ""Sylas"", ""Sion""]","[""Xayah"", ""Rakan"", ""Wukong"", ""Ahri"", ""Gwen""]",[],[],0,leaguepedia_cargo_patch_range,1
Komplettligaen/2026 Season/Spring Playoffs_Finals_1_4,2026-06-13 17:26:00,26.12,Komplettligaen 2026 Spring Playoffs,Bitfix RG,VES Japan,VES Japan,[],[],[],[],[],[],0,leaguepedia_cargo_patch_range,1
EMEA Masters/2026 Season/Spring Main Event_Quarterfinals_2_4,2026-06-13 17:32:00,26.11,EM 2026 Spring Main Event,Solary,G2 NORD,Solary,"[""Xin Zhao"", ""Pyke"", ""Wukong"", ""Vayne"", ""Elise""]","[""Orianna"", ""Seraphine"", ""Lee Sin"", ""Rakan"", ""Neeko""]","[""Varus"", ""Ornn"", ""Viktor"", ""Taric"", ""Shyvana""]","[""Caitlyn"", ""Annie"", ""Olaf"", ""Alistar"", ""Ambessa""]",[],[],1,leaguepedia_cargo_patch_range,0
EMEA Masters/2026 Season/Spring Main Event_Quarterfinals_1_4,2026-06-13 17:33:00,26.11,EM 2026 Spring Main Event,Karmine Corp Blue,UCAM Esports,UCAM Esports,"[""Pyke"", ""Kalista"", ""LeBlanc"", ""Olaf"", ""Vayne""]","[""Orianna"", ""Anivia"", ""Bard"", ""Naafiri"", ""Lee Sin""]","[""Annie"", ""Camille"", ""Mel"", ""Qiyana"", ""K'Sante""]","[""Jhin"", ""Neeko"", ""Xin Zhao"", ""Galio"", ""Fiora""]",[],[],0,leaguepedia_cargo_patch_range,1
EMEA Masters/2026 Season/Spring Main Event_Quarterfinals_3_4,2026-06-13 17:53:00,26.11,EM 2026 Spring Main Event,Eintracht Spandau,Team Heretics Academy,Team Heretics Academy,"[""Viktor"", ""Kalista"", ""Nautilus"", ""Poppy"", ""Alistar""]","[""Orianna"", ""Vi"", ""LeBlanc"", ""Yorick"", ""Camille""]","[""Jarvan IV"", ""Ziggs"", ""Irelia"", ""Leona"", ""Olaf""]","[""Syndra"", ""Wukong"", ""Jayce"", ""Rakan"", ""Sivir""]",[],[],0,leaguepedia_cargo_patch_range,1
Esports World Cup 2026/Online Qualifiers/South America_Round 4_2_3,2026-06-13 18:00:00,26.11,Esports World Cup 2026 Online Qualifier: South America,LØS,Vivo Keyd Stars,LØS,"[""Karma"", ""Jarvan IV"", ""Viktor"", ""Naafiri"", ""Vayne""]","[""Cassiopeia"", ""Varus"", ""Jayce"", ""Lee Sin"", ""Renekton""]","[""Bard"", ""Jhin"", ""Syndra"", ""Gnar"", ""Aatrox""]","[""Ryze"", ""Caitlyn"", ""Anivia"", ""Trundle"", ""Twisted Fate""]",[],[],1,leaguepedia_cargo_patch_range,0
EMEA Masters/2026 Season/Spring Main Event_Quarterfinals_3_5,2026-06-13 18:39:00,26.11,EM 2026 Spring Main Event,Eintracht Spandau,Team Heretics Academy,Eintracht Spandau,"[""Annie"", ""LeBlanc"", ""Nautilus"", ""Vi"", ""Maokai""]","[""Orianna"", ""Ryze"", ""Kalista"", ""Dr. Mundo"", ""Aatrox""]","[""Viktor"", ""Corki"", ""Nami"", ""Gragas"", ""Qiyana""]","[""Yone"", ""Neeko"", ""Jhin"", ""Trundle"", ""Gnar""]",[],[],1,leaguepedia_cargo_patch_range,0
LCS/2026 Season/Spring Playoffs_Round 3_1_1,2026-06-13 20:15:00,26.11,LCS 2026 Spring Playoffs,Team Liquid,Cloud9,Team Liquid,"[""Varus"", ""Karma"", ""Akali"", ""Jarvan IV"", ""Gnar""]","[""Orianna"", ""Bard"", ""Cassiopeia"", ""Annie"", ""Ziggs""]","[""Nocturne"", ""Ashe"", ""Seraphine"", ""Sion"", ""Anivia""]","[""Ryze"", ""Xayah"", ""Rakan"", ""Lee Sin"", ""Zaahen""]",[],[],1,leaguepedia_cargo_patch_range,0
LCS/2026 Season/Spring Playoffs_Round 3_1_2,2026-06-13 21:09:00,26.11,LCS 2026 Spring Playoffs,Team Liquid,Cloud9,Team Liquid,"[""Akali"", ""Karma"", ""Lucian"", ""LeBlanc"", ""K'Sante""]","[""Orianna"", ""Cassiopeia"", ""Varus"", ""Annie"", ""Senna""]","[""Jarvan IV"", ""Nautilus"", ""Ziggs"", ""Jhin"", ""Rumble""]","[""Caitlyn"", ""Bard"", ""Trundle"", ""Yone"", ""Ornn""]",[],[],1,leaguepedia_cargo_patch_range,0
LCS/2026 Season/Spring Playoffs_Round 3_1_3,2026-06-13 21:59:00,26.11,LCS 2026 Spring Playoffs,Team Liquid,Cloud9,Team Liquid,"[""Lucian"", ""Karma"", ""Akali"", ""Renekton"", ""Jax""]","[""Orianna"", ""Varus"", ""Cassiopeia"", ""Gnar"", ""Jayce""]","[""Lulu"", ""Yunara"", ""Twisted Fate"", ""Sejuani"", ""Ambessa""]","[""Neeko"", ""Viktor"", ""Ezreal"", ""Naafiri"", ""Shen""]",[],[],1,leaguepedia_cargo_patch_range,0
2026 Asian Games/Qualifier_Day 3_1_1,2026-06-14 05:06:00,26.11,Asian Games 2026 Qualifier,Saudi Arabia (National Team),Vietnam (National Team),Vietnam (National Team),"[""Akali"", ""Jayce"", ""Aurora"", ""Vayne"", ""Rumble""]","[""Nocturne"", ""Varus"", ""Caitlyn"", ""Cassiopeia"", ""Annie""]","[""Ziggs"", ""Kha'Zix"", ""Rell"", ""Kai'Sa"", ""Udyr""]","[""Ryze"", ""Lee Sin"", ""Nautilus"", ""Ezreal"", ""Olaf""]",[],[],0,leaguepedia_cargo_patch_range,1
2026 Asian Games/Qualifier_Day 3_2_1,2026-06-14 05:09:00,26.11,Asian Games 2026 Qualifier,India (National Team),Hong Kong (National Team),Hong Kong (National Team),"[""Orianna"", ""Lee Sin"", ""Anivia"", ""Seraphine"", ""Braum""]","[""Karma"", ""Varus"", ""Jarvan IV"", ""Rakan"", ""Lucian""]","[""Cassiopeia"", ""Wukong"", ""Jayce"", ""Kai'Sa"", ""Rell""]","[""Nocturne"", ""Akali"", ""Irelia"", ""Ezreal"", ""Alistar""]",[],[],0,leaguepedia_cargo_patch_range,1
LCK/2026 Season/Road to MSI_Round 4_1_1,2026-06-14 06:27:00,26.11,LCK 2026 Road to MSI,T1,Gen.G,Gen.G,"[""Varus"", ""Bard"", ""Vi"", ""Poppy"", ""Lucian""]","[""Orianna"", ""Karma"", ""Jayce"", ""Rakan"", ""Ashe""]","[""Lee Sin"", ""Ambessa"", ""Galio"", ""Jhin"", ""Camille""]","[""Cassiopeia"", ""Trundle"", ""Vayne"", ""Ziggs"", ""Shen""]",[],[],0,leaguepedia_cargo_patch_range,1
2026 Asian Games/Qualifier_Day 3_4_1,2026-06-14 07:00:00,26.11,Asian Games 2026 Qualifier,Jordan (National Team),Malaysia (National Team),Malaysia (National Team),[],[],[],[],[],[],0,leaguepedia_cargo_patch_range,1
2026 Asian Games/Qualifier_Day 3_3_1,2026-06-14 07:02:00,26.11,Asian Games 2026 Qualifier,United Arab Emirates (National Team),Mongolia (National Team),United Arab Emirates (National Team),[],[],[],[],[],[],1,leaguepedia_cargo_patch_range,0
LCK/2026 Season/Road to MSI_Round 4_1_2,2026-06-14 07:24:00,26.11,LCK 2026 Road to MSI,T1,Gen.G,T1,"[""Bard"", ""Varus"", ""Karma"", ""Caitlyn"", ""Ashe""]","[""Orianna"", ""Ryze"", ""Sion"", ""Wukong"", ""Naafiri""]","[""Anivia"", ""Xayah"", ""Rakan"", ""Maokai"", ""Yorick""]","[""Vi"", ""Rumble"", ""Akali"", ""Kalista"", ""Renata Glasc""]",[],[],1,leaguepedia_cargo_patch_range,0
2026 Asian Games/Qualifier_Day 3_6_1,2026-06-14 08:07:00,26.11,Asian Games 2026 Qualifier,Vietnam (National Team),India (National Team),Vietnam (National Team),"[""Nocturne"", ""Ezreal"", ""Jarvan IV"", ""Nautilus"", ""Rakan""]","[""Ryze"", ""Lee Sin"", ""Jayce"", ""Akali"", ""Cassiopeia""]","[""Varus"", ""Xin Zhao"", ""Bard"", ""Caitlyn"", ""Lissandra""]","[""Sejuani"", ""Twitch"", ""Katarina"", ""Shaco"", ""Vayne""]",[],[],1,leaguepedia_cargo_patch_range,0
LJL/2026 Season/Spring Series_Finals_1_1,2026-06-14 08:07:00,26.11,LJL 2026 Spring Series,FENNEL,Rising Gaming,Rising Gaming,"[""Lucian"", ""Caitlyn"", ""Nautilus"", ""Gnar"", ""LeBlanc""]","[""Ziggs"", ""Mel"", ""Nocturne"", ""Pantheon"", ""Naafiri""]","[""Ezreal"", ""Karma"", ""Sion"", ""Wukong"", ""Ryze""]","[""Lee Sin"", ""Bard"", ""Sivir"", ""Ambessa"", ""Taliyah""]",[],[],0,leaguepedia_cargo_patch_range,1
2026 Asian Games/Qualifier_Day 3_5_1,2026-06-14 08:13:00,26.11,Asian Games 2026 Qualifier,Hong Kong (National Team),Saudi Arabia (National Team),Hong Kong (National Team),"[""Varus"", ""Caitlyn"", ""Kha'Zix"", ""Ryze"", ""Annie""]","[""Nocturne"", ""Akali"", ""Jayce"", ""Rumble"", ""Galio""]","[""Jarvan IV"", ""Ezreal"", ""Karma"", ""Cassiopeia"", ""Camille""]","[""Lucian"", ""Lee Sin"", ""Milio"", ""Orianna"", ""K'Sante""]",[],[],1,leaguepedia_cargo_patch_range,0
LPL/2026 Season/Split 2 Playoffs_Finals_1_1,2026-06-14 08:19:00,26.10,LPL 2026 Split 2 Playoffs,Top Esports,Bilibili Gaming,Bilibili Gaming,"[""Seraphine"", ""Bard"", ""Trundle"", ""Ambessa"", ""Sion""]","[""Orianna"", ""Ezreal"", ""Lee Sin"", ""Lucian"", ""Yunara""]","[""Rumble"", ""Vi"", ""Ryze"", ""Sivir"", ""Alistar""]","[""Varus"", ""Jarvan IV"", ""Cassiopeia"", ""Yorick"", ""Camille""]",[],[],0,leaguepedia_cargo_patch_range,1
LCK/2026 Season/Road to MSI_Round 4_1_3,2026-06-14 08:27:00,26.11,LCK 2026 Road to MSI,T1,Gen.G,T1,"[""Bard"", ""Nocturne"", ""Karma"", ""Viktor"", ""Lissandra""]","[""Orianna"", ""Ryze"", ""Varus"", ""Pyke"", ""Nautilus""]","[""Annie"", ""Jayce"", ""Mel"", ""Zaahen"", ""Poppy""]","[""Wukong"", ""Senna"", ""Sion"", ""Alistar"", ""Olaf""]",[],[],1,leaguepedia_cargo_patch_range,0
LJL/2026 Season/Spring Series_Finals_1_2,2026-06-14 09:05:00,26.11,LJL 2026 Spring Series,Rising Gaming,FENNEL,FENNEL,"[""Ziggs"", ""Mel"", ""Naafiri"", ""Akali"", ""Galio""]","[""Rumble"", ""Nocturne"", ""Vi"", ""Yorick"", ""Malphite""]","[""Jarvan IV"", ""Miss Fortune"", ""Nautilus"", ""LeBlanc"", ""Aurora""]","[""Jayce"", ""Jhin"", ""Rell"", ""Trundle"", ""Twisted Fate""]",[],[],0,leaguepedia_cargo_patch_range,1
LPL/2026 Season/Split 2 Playoffs_Finals_1_2,2026-06-14 09:14:00,26.10,LPL 2026 Split 2 Playoffs,Bilibili Gaming,Top Esports,Bilibili Gaming,"[""Bard"", ""Seraphine"", ""Sion"", ""Rakan"", ""Caitlyn""]","[""Orianna"", ""Ezreal"", ""Lucian"", ""Karma"", ""Nami""]","[""Jayce"", ""Trundle"", ""Aurora"", ""Nautilus"", ""Jhin""]","[""K'Sante"", ""Lee Sin"", ""Annie"", ""Ziggs"", ""Shen""]",[],[],1,leaguepedia_cargo_patch_range,0
2026 Asian Games/Qualifier_Day 3_7_1,2026-06-14 09:23:00,26.11,Asian Games 2026 Qualifier,United Arab Emirates (National Team),Malaysia (National Team),United Arab Emirates (National Team),"[""Jarvan IV"", ""Orianna"", ""Gnar"", ""Milio"", ""Rakan""]","[""Karma"", ""Ezreal"", ""Nocturne"", ""LeBlanc"", ""Aurora""]","[""Seraphine"", ""Lee Sin"", ""Sion"", ""Ashe"", ""Akali""]","[""Cassiopeia"", ""Xin Zhao"", ""Olaf"", ""Senna"", ""Nautilus""]",[],[],1,leaguepedia_cargo_patch_range,0
2026 Asian Games/Qualifier_Day 3_8_1,2026-06-14 09:29:00,26.11,Asian Games 2026 Qualifier,Mongolia (National Team),Jordan (National Team),Mongolia (National Team),[],[],[],[],[],[],1,leaguepedia_cargo_patch_range,0
LCK/2026 Season/Road to MSI_Round 4_1_4,2026-06-14 09:36:00,26.11,LCK 2026 Road to MSI,T1,Gen.G,Gen.G,"[""Bard"", ""Caitlyn"", ""Jarvan IV"", ""Sivir"", ""Neeko""]","[""Orianna"", ""Varus"", ""Ryze"", ""Sylas"", ""Twisted Fate""]","[""Karma"", ""Xin Zhao"", ""Ezreal"", ""Gangplank"", ""Ahri""]","[""Gnar"", ""Nocturne"", ""Lissandra"", ""Yunara"", ""Lulu""]",[],[],0,leaguepedia_cargo_patch_range,1
LJL/2026 Season/Spring Series_Finals_1_3,2026-06-14 09:56:00,26.11,LJL 2026 Spring Series,FENNEL,Rising Gaming,FENNEL,"[""Caitlyn"", ""Rumble"", ""Varus"", ""Milio"", ""Lulu""]","[""Nocturne"", ""Ziggs"", ""Mel"", ""Akali"", ""Cassiopeia""]","[""Gnar"", ""Senna"", ""Alistar"", ""Fizz"", ""Naafiri""]","[""Pantheon"", ""Kennen"", ""Orianna"", ""Jinx"", ""Poppy""]",[],[],1,leaguepedia_cargo_patch_range,0
VCS/2026 Season/Summer Playoffs_Round 1_3_1,2026-06-14 10:13:00,26.11,VCS 2026 Summer Playoffs,Saigon Dino,SN CyberCore Esports,SN CyberCore Esports,"[""Lucian"", ""Akali"", ""Cassiopeia"", ""Camille"", ""Sion""]","[""Rumble"", ""Bard"", ""Ezreal"", ""Neeko"", ""Karma""]","[""Nocturne"", ""Varus"", ""Ryze"", ""Renekton"", ""Rell""]","[""Orianna"", ""Jarvan IV"", ""Jhin"", ""Nautilus"", ""Jax""]",[],[],0,leaguepedia_cargo_patch_range,1
Hitpoint 2nd Division Challengers/2026 Season/Spring Playoffs_Finals_1_1,2026-06-14 10:14:00,26.11,Hitpoint 2nd Div Challengers 2026 Spring Playoffs,Priority,Ethereal Enigmas,Priority,"[""Ivern"", ""Seraphine"", ""Aurora"", ""Ezreal"", ""Cassiopeia""]","[""Varus"", ""Karma"", ""Jarvan IV"", ""Yunara"", ""Sivir""]","[""Orianna"", ""K'Sante"", ""Xin Zhao"", ""Caitlyn"", ""Bard""]","[""Annie"", ""Wukong"", ""Rakan"", ""Twisted Fate"", ""Vladimir""]",[],[],1,leaguepedia_cargo_patch_range,0
LPL/2026 Season/Split 2 Playoffs_Finals_1_3,2026-06-14 10:20:00,26.10,LPL 2026 Split 2 Playoffs,Bilibili Gaming,Top Esports,Bilibili Gaming,"[""Bard"", ""Ambessa"", ""Caitlyn"", ""Naafiri"", ""Xin Zhao""]","[""Orianna"", ""Ezreal"", ""Nocturne"", ""Gnar"", ""Akali""]","[""Ashe"", ""Wukong"", ""Lulu"", ""Olaf"", ""Hwei""]","[""Sion"", ""Seraphine"", ""Senna"", ""Viktor"", ""Pantheon""]",[],[],1,leaguepedia_cargo_patch_range,0
LCK/2026 Season/Road to MSI_Round 4_1_5,2026-06-14 10:35:00,26.11,LCK 2026 Road to MSI,Gen.G,T1,T1,"[""Yone"", ""Lucian"", ""Varus"", ""Blitzcrank"", ""Nautilus""]","[""Bard"", ""Caitlyn"", ""Orianna"", ""Ashe"", ""Thresh""]","[""Ryze"", ""Naafiri"", ""Gragas"", ""Sivir"", ""Neeko""]","[""Nidalee"", ""Renekton"", ""Twisted Fate"", ""Miss Fortune"", ""Rell""]",[],[],0,leaguepedia_cargo_patch_range,1
2026 Asian Games/Qualifier_Day 3_9_1,2026-06-14 10:48:00,26.11,Asian Games 2026 Qualifier,India (National Team),Saudi Arabia (National Team),Saudi Arabia (National Team),"[""Sion"", ""K'Sante"", ""Jarvan IV"", ""Karma"", ""Pyke""]","[""Varus"", ""Ezreal"", ""Katarina"", ""Blitzcrank"", ""Nautilus""]","[""Orianna"", ""Xin Zhao"", ""Kai'Sa"", ""Renekton"", ""Lux""]","[""Ziggs"", ""Nocturne"", ""Caitlyn"", ""Rell"", ""Illaoi""]",[],[],0,leaguepedia_cargo_patch_range,1
LJL/2026 Season/Spring Series_Finals_1_4,2026-06-14 10:56:00,26.11,LJL 2026 Spring Series,Rising Gaming,FENNEL,Rising Gaming,"[""Ziggs"", ""Zaahen"", ""Nocturne"", ""Yone"", ""Kha'Zix""]","[""Caitlyn"", ""Lucian"", ""Zoe"", ""K'Sante"", ""Yorick""]","[""Vi"", ""Yunara"", ""Lulu"", ""Vel'Koz"", ""Ornn""]","[""Rumble"", ""Varus"", ""Shen"", ""Cassiopeia"", ""Nasus""]",[],[],1,leaguepedia_cargo_patch_range,0
Hitpoint 2nd Division Challengers/2026 Season/Spring Playoffs_Finals_1_2,2026-06-14 11:04:00,26.11,Hitpoint 2nd Div Challengers 2026 Spring Playoffs,Priority,Ethereal Enigmas,Priority,"[""Ivern"", ""Seraphine"", ""Aurora"", ""Ezreal"", ""Xayah""]","[""Jarvan IV"", ""Karma"", ""Varus"", ""Lulu"", ""Neeko""]","[""Cassiopeia"", ""Vi"", ""Sion"", ""Senna"", ""Alistar""]","[""Syndra"", ""Jayce"", ""Aatrox"", ""Rell"", ""Brand""]",[],[],1,leaguepedia_cargo_patch_range,0
VCS/2026 Season/Summer Playoffs_Round 1_3_2,2026-06-14 11:10:00,26.11,VCS 2026 Summer Playoffs,Saigon Dino,SN CyberCore Esports,Saigon Dino,"[""Lucian"", ""Akali"", ""Caitlyn"", ""Seraphine"", ""Lulu""]","[""Rumble"", ""Bard"", ""Ezreal"", ""Xin Zhao"", ""Vi""]","[""Cassiopeia"", ""Poppy"", ""Miss Fortune"", ""Gwen"", ""Skarner""]","[""LeBlanc"", ""Lee Sin"", ""Ashe"", ""Sion"", ""Milio""]",[],[],1,leaguepedia_cargo_patch_range,0
2026 Asian Games/Qualifier_Day 3_10_1,2026-06-14 11:18:00,26.11,Asian Games 2026 Qualifier,Hong Kong (National Team),Vietnam (National Team),Vietnam (National Team),"[""Lee Sin"", ""Cassiopeia"", ""Vi"", ""Alistar"", ""Rumble""]","[""Nocturne"", ""Varus"", ""Jarvan IV"", ""Trundle"", ""Naafiri""]","[""Ryze"", ""Sivir"", ""Yuumi"", ""Wukong"", ""K'Sante""]","[""Ezreal"", ""Anivia"", ""Xin Zhao"", ""Karma"", ""Gnar""]",[],[],0,leaguepedia_cargo_patch_range,1
LJL/2026 Season/Spring Series_Finals_1_5,2026-06-14 11:51:00,26.11,LJL 2026 Spring Series,FENNEL,Rising Gaming,FENNEL,"[""Caitlyn"", ""Lucian"", ""Akali"", ""Kai'Sa"", ""Zeri""]","[""Kha'Zix"", ""Ziggs"", ""Seraphine"", ""Sylas"", ""Viktor""]","[""Nocturne"", ""Mel"", ""Leona"", ""Olaf"", ""Hwei""]","[""Xin Zhao"", ""Renekton"", ""Lissandra"", ""Kalista"", ""Renata Glasc""]",[],[],1,leaguepedia_cargo_patch_range,0
VCS/2026 Season/Summer Playoffs_Round 1_3_3,2026-06-14 11:53:00,26.11,VCS 2026 Summer Playoffs,SN CyberCore Esports,Saigon Dino,SN CyberCore Esports,"[""Bard"", ""Pantheon"", ""Rumble"", ""Senna"", ""Sivir""]","[""Caitlyn"", ""Trundle"", ""Akali"", ""Camille"", ""Karma""]","[""Ezreal"", ""Jayce"", ""Galio"", ""Rakan"", ""Aatrox""]","[""Annie"", ""Vi"", ""Ambessa"", ""Kai'Sa"", ""Neeko""]",[],[],1,leaguepedia_cargo_patch_range,0
2026 Asian Games/Qualifier_Day 3_11_1,2026-06-14 12:08:00,26.11,Asian Games 2026 Qualifier,United Arab Emirates (National Team),Jordan (National Team),United Arab Emirates (National Team),"[""Rell"", ""Jarvan IV"", ""Orianna"", ""Rakan"", ""Nautilus""]","[""Zoe"", ""Janna"", ""Karma"", ""Seraphine"", ""Alistar""]","[""Lee Sin"", ""Galio"", ""Ezreal"", ""Poppy"", ""Zaahen""]","[""LeBlanc"", ""Rek'Sai"", ""Xayah"", ""Pyke"", ""Dr. Mundo""]",[],[],1,leaguepedia_cargo_patch_range,0
Hitpoint 2nd Division Challengers/2026 Season/Spring Playoffs_Finals_1_3,2026-06-14 12:12:00,26.11,Hitpoint 2nd Div Challengers 2026 Spring Playoffs,Ethereal Enigmas,Priority,Ethereal Enigmas,"[""Varus"", ""Karma"", ""Lulu"", ""Nautilus"", ""Gnar""]","[""Ivern"", ""Azir"", ""Aurora"", ""Mel"", ""Viktor""]","[""Jarvan IV"", ""Lucian"", ""Milio"", ""Renekton"", ""Taliyah""]","[""Skarner"", ""Ahri"", ""Ezreal"", ""Braum"", ""Ornn""]",[],[],1,leaguepedia_cargo_patch_range,0
2026 Asian Games/Qualifier_Day 3_12_1,2026-06-14 12:32:00,26.11,Asian Games 2026 Qualifier,Malaysia (National Team),Mongolia (National Team),Malaysia (National Team),"[""Jayce"", ""Twisted Fate"", ""Nocturne"", ""Seraphine"", ""Lulu""]","[""Lucian"", ""Cassiopeia"", ""Varus"", ""Olaf"", ""Gnar""]","[""Jarvan IV"", ""Viktor"", ""Jhin"", ""Nautilus"", ""Ornn""]","[""Orianna"", ""Ashe"", ""Xin Zhao"", ""Karma"", ""Ambessa""]",[],[],1,leaguepedia_cargo_patch_range,0
VCS/2026 Season/Summer Playoffs_Round 1_3_4,2026-06-14 12:50:00,26.11,VCS 2026 Summer Playoffs,Saigon Dino,SN CyberCore Esports,Saigon Dino,"[""Caitlyn"", ""Akali"", ""Olaf"", ""Lulu"", ""Zeri""]","[""Bard"", ""Rumble"", ""Trundle"", ""Sivir"", ""Xayah""]","[""Aurora"", ""Wukong"", ""Gnar"", ""Senna"", ""Shen""]","[""Twisted Fate"", ""Naafiri"", ""Malphite"", ""Corki"", ""Karma""]",[],[],1,leaguepedia_cargo_patch_range,0
Hitpoint 2nd Division Challengers/2026 Season/Spring Playoffs_Finals_1_4,2026-06-14 12:59:00,26.11,Hitpoint 2nd Div Challengers 2026 Spring Playoffs,Priority,Ethereal Enigmas,Ethereal Enigmas,"[""Ivern"", ""Seraphine"", ""Karma"", ""Pantheon"", ""Lee Sin""]","[""Varus"", ""Azir"", ""Lulu"", ""Malphite"", ""Ashe""]","[""Aurora"", ""Nocturne"", ""Neeko"", ""Sivir"", ""Ambessa""]","[""Nautilus"", ""Ryze"", ""Kalista"", ""Shyvana"", ""Gnar""]",[],[],0,leaguepedia_cargo_patch_range,1
Prime League 2nd Division/2026 Season/Spring Playoffs_Round 2_3_1,2026-06-14 13:12:00,26.11,PRM 2nd Division 25-26 Spring Playoffs,Babos Gaming,Reveal Multigaming,Reveal Multigaming,[],[],[],[],[],[],0,leaguepedia_cargo_patch_range,1
Prime League 2nd Division/2026 Season/Spring Playoffs_Round 2_4_1,2026-06-14 13:25:00,26.11,PRM 2nd Division 25-26 Spring Playoffs,regnum4games,MT1 Esports,MT1 Esports,[],[],[],[],[],[],0,leaguepedia_cargo_patch_range,1
VCS/2026 Season/Summer Playoffs_Round 1_3_5,2026-06-14 13:51:00,26.11,VCS 2026 Summer Playoffs,Saigon Dino,SN CyberCore Esports,Saigon Dino,"[""Caitlyn"", ""Trundle"", ""Olaf"", ""Sejuani"", ""Camille""]","[""Bard"", ""Rumble"", ""Pantheon"", ""Lulu"", ""Xayah""]","[""K'Sante"", ""Xin Zhao"", ""Ahri"", ""Lucian"", ""Braum""]","[""Akali"", ""Zaahen"", ""Sivir"", ""Alistar"", ""Zyra""]",[],[],1,leaguepedia_cargo_patch_range,0
Hitpoint 2nd Division Challengers/2026 Season/Spring Playoffs_Finals_1_5,2026-06-14 13:55:00,26.11,Hitpoint 2nd Div Challengers 2026 Spring Playoffs,Priority,Ethereal Enigmas,Ethereal Enigmas,"[""Ivern"", ""Seraphine"", ""Gwen"", ""Poppy"", ""Malphite""]","[""Karma"", ""Lulu"", ""Azir"", ""Sylas"", ""Udyr""]","[""Viktor"", ""Samira"", ""Pyke"", ""Sejuani"", ""Zac""]","[""Varus"", ""Leona"", ""Akali"", ""Trundle"", ""Garen""]",[],[],0,leaguepedia_cargo_patch_range,1
Prime League 2nd Division/2026 Season/Spring Playoffs_Round 2_3_2,2026-06-14 14:20:00,26.11,PRM 2nd Division 25-26 Spring Playoffs,Reveal Multigaming,Babos Gaming,Babos Gaming,[],[],[],[],[],[],0,leaguepedia_cargo_patch_range,1
Prime League 2nd Division/2026 Season/Spring Playoffs_Round 2_4_2,2026-06-14 14:20:00,26.11,PRM 2nd Division 25-26 Spring Playoffs,MT1 Esports,regnum4games,MT1 Esports,[],[],[],[],[],[],1,leaguepedia_cargo_patch_range,0
EMEA Masters/2026 Season/Spring Main Event_Semifinals_2_1,2026-06-14 15:00:00,26.11,EM 2026 Spring Main Event,Galions,Eintracht Spandau,Galions,"[""Cassiopeia"", ""Nautilus"", ""Ryze"", ""Ambessa"", ""Varus""]","[""Orianna"", ""Sion"", ""Anivia"", ""Wukong"", ""Skarner""]","[""Milio"", ""Lucian"", ""Azir"", ""Rumble"", ""Lee Sin""]","[""Caitlyn"", ""Bard"", ""Nocturne"", ""Akali"", ""K'Sante""]",[],[],1,leaguepedia_cargo_patch_range,0
EMEA Masters/2026 Season/Spring Main Event_Semifinals_1_1,2026-06-14 15:01:00,26.11,EM 2026 Spring Main Event,Solary,UCAM Esports,Solary,"[""Varus"", ""Pyke"", ""Nautilus"", ""K'Sante"", ""Aurora""]","[""Orianna"", ""Cassiopeia"", ""Bard"", ""Ryze"", ""Xin Zhao""]","[""Anivia"", ""Lucian"", ""Milio"", ""Wukong"", ""Annie""]","[""Ezreal"", ""Nocturne"", ""Neeko"", ""Ahri"", ""Jayce""]",[],[],1,leaguepedia_cargo_patch_range,0
Prime League 2nd Division/2026 Season/Spring Playoffs_Round 2_3_3,2026-06-14 15:22:00,26.11,PRM 2nd Division 25-26 Spring Playoffs,Reveal Multigaming,Babos Gaming,Babos Gaming,[],[],[],[],[],[],0,leaguepedia_cargo_patch_range,1
EMEA Masters/2026 Season/Spring Main Event_Semifinals_1_2,2026-06-14 15:44:00,26.11,EM 2026 Spring Main Event,Solary,UCAM Esports,Solary,"[""Varus"", ""Bard"", ""Cassiopeia"", ""Taliyah"", ""K'Sante""]","[""Orianna"", ""Jarvan IV"", ""Ryze"", ""LeBlanc"", ""Akali""]","[""Xin Zhao"", ""Senna"", ""Nautilus"", ""Rumble"", ""Yone""]","[""Vi"", ""Caitlyn"", ""Rell"", ""Viktor"", ""Sion""]",[],[],1,leaguepedia_cargo_patch_range,0
EMEA Masters/2026 Season/Spring Main Event_Semifinals_2_2,2026-06-14 15:48:00,26.11,EM 2026 Spring Main Event,Galions,Eintracht Spandau,Galions,"[""Nautilus"", ""Sion"", ""Jarvan IV"", ""Vayne"", ""Jayce""]","[""Orianna"", ""Varus"", ""Xin Zhao"", ""Ambessa"", ""Vi""]","[""Seraphine"", ""Ashe"", ""Anivia"", ""Renekton"", ""Naafiri""]","[""Ezreal"", ""Karma"", ""Kog'Maw"", ""Pantheon"", ""Ornn""]",[],[],1,leaguepedia_cargo_patch_range,0
Esports World Cup 2026/Online Qualifiers/South America_Finals_1_1,2026-06-14 16:08:00,26.11,Esports World Cup 2026 Online Qualifier: South America,LØS,RED Canids,LØS,"[""Nocturne"", ""Naafiri"", ""Cassiopeia"", ""Trundle"", ""Twisted Fate""]","[""Nautilus"", ""Jarvan IV"", ""Varus"", ""Rumble"", ""Ahri""]","[""Pantheon"", ""Bard"", ""Jhin"", ""Jayce"", ""Taliyah""]","[""Ryze"", ""Caitlyn"", ""Karma"", ""Xin Zhao"", ""Sion""]",[],[],1,leaguepedia_cargo_patch_range,0
EMEA Masters/2026 Season/Spring Main Event_Semifinals_1_3,2026-06-14 16:24:00,26.11,EM 2026 Spring Main Event,Solary,UCAM Esports,Solary,"[""Varus"", ""Pyke"", ""Ryze"", ""Aurora"", ""Vayne""]","[""Orianna"", ""Bard"", ""Cassiopeia"", ""Sylas"", ""LeBlanc""]","[""Jarvan IV"", ""Yunara"", ""Lulu"", ""Gnar"", ""Twisted Fate""]","[""Ashe"", ""Seraphine"", ""Skarner"", ""Taliyah"", ""Jax""]",[],[],1,leaguepedia_cargo_patch_range,0
EMEA Masters/2026 Season/Spring Main Event_Semifinals_2_3,2026-06-14 16:36:00,26.11,EM 2026 Spring Main Event,Galions,Eintracht Spandau,Galions,"[""Sion"", ""Syndra"", ""Viktor"", ""Galio"", ""Olaf""]","[""Orianna"", ""Cassiopeia"", ""Ryze"", ""Nautilus"", ""Pyke""]","[""Varus"", ""Annie"", ""Xin Zhao"", ""Ziggs"", ""Blitzcrank""]","[""Vi"", ""Yunara"", ""Lulu"", ""Lux"", ""Yasuo""]",[],[],1,leaguepedia_cargo_patch_range,0
Esports World Cup 2026/Online Qualifiers/South America_Finals_1_2,2026-06-14 17:08:00,26.11,Esports World Cup 2026 Online Qualifier: South America,LØS,RED Canids,LØS,"[""Nocturne"", ""Cassiopeia"", ""Wukong"", ""Ambessa"", ""Trundle""]","[""Nautilus"", ""Jarvan IV"", ""Naafiri"", ""Ashe"", ""Miss Fortune""]","[""Vi"", ""Rumble"", ""Ahri"", ""Senna"", ""Alistar""]","[""Xayah"", ""Rakan"", ""Galio"", ""Varus"", ""Rek'Sai""]",[],[],1,leaguepedia_cargo_patch_range,0
Esports World Cup 2026/Online Qualifiers/South America_Finals_1_3,2026-06-14 18:09:00,26.11,Esports World Cup 2026 Online Qualifier: South America,LØS,RED Canids,LØS,"[""Nautilus"", ""Jarvan IV"", ""LeBlanc"", ""Neeko"", ""Vayne""]","[""Nocturne"", ""Orianna"", ""Lucian"", ""Naafiri"", ""Skarner""]","[""Cassiopeia"", ""Sivir"", ""Lulu"", ""Sejuani"", ""Renekton""]","[""Ezreal"", ""Wukong"", ""Akali"", ""Seraphine"", ""K'Sante""]",[],[],1,leaguepedia_cargo_patch_range,0
LCS/2026 Season/Spring Playoffs_Finals_1_1,2026-06-14 20:16:00,26.11,LCS 2026 Spring Playoffs,Team Liquid,LYON (2024 American Team),LYON (2024 American Team),"[""Bard"", ""Jarvan IV"", ""Nocturne"", ""Karma"", ""Gnar""]","[""Lee Sin"", ""Rakan"", ""Naafiri"", ""Nautilus"", ""Poppy""]","[""Varus"", ""Orianna"", ""Trundle"", ""Neeko"", ""Sion""]","[""Ezreal"", ""Xin Zhao"", ""Akali"", ""Alistar"", ""Shen""]",[],[],0,leaguepedia_cargo_patch_range,1
LCS/2026 Season/Spring Playoffs_Finals_1_2,2026-06-14 21:23:00,26.11,LCS 2026 Spring Playoffs,LYON (2024 American Team),Team Liquid,LYON (2024 American Team),"[""Bard"", ""Karma"", ""Nocturne"", ""Naafiri"", ""Rumble""]","[""Lee Sin"", ""Rakan"", ""Seraphine"", ""Ziggs"", ""Miss Fortune""]","[""Cassiopeia"", ""Rell"", ""Jarvan IV"", ""Corki"", ""Gragas""]","[""Senna"", ""Nautilus"", ""LeBlanc"", ""Wukong"", ""K'Sante""]",[],[],1,leaguepedia_cargo_patch_range,0
LCS/2026 Season/Spring Playoffs_Finals_1_3,2026-06-14 22:24:00,26.11,LCS 2026 Spring Playoffs,LYON (2024 American Team),Team Liquid,LYON (2024 American Team),"[""Lee Sin"", ""Naafiri"", ""Yone"", ""Ornn"", ""Ambessa""]","[""Vi"", ""Jayce"", ""Ryze"", ""Sylas"", ""Ahri""]","[""Nocturne"", ""Yunara"", ""Lulu"", ""Rumble"", ""Galio""]","[""Xayah"", ""Rakan"", ""Viktor"", ""Shyvana"", ""Yorick""]",[],[],1,leaguepedia_cargo_patch_range,0
2026 Asia Masters_Last Chance Qualifier_1_1,2026-06-15 06:08:00,26.11,Asia Masters 2026,Saigon Warriors,KT Rolster Challengers,KT Rolster Challengers,"[""Ezreal"", ""Akali"", ""Bard"", ""Caitlyn"", ""Nautilus""]","[""Varus"", ""Vi"", ""Nocturne"", ""Lee Sin"", ""Naafiri""]","[""Orianna"", ""Lucian"", ""Milio"", ""Trundle"", ""Jayce""]","[""Jarvan IV"", ""LeBlanc"", ""Sion"", ""Lulu"", ""Yunara""]",[],[],0,leaguepedia_cargo_patch_range,1
2026 Asia Masters_Last Chance Qualifier_1_2,2026-06-15 06:57:00,26.11,Asia Masters 2026,Saigon Warriors,KT Rolster Challengers,KT Rolster Challengers,"[""Ezreal"", ""Akali"", ""Vi"", ""Karma"", ""Neeko""]","[""Varus"", ""Nocturne"", ""Bard"", ""Ashe"", ""Caitlyn""]","[""Cassiopeia"", ""Naafiri"", ""Rumble"", ""Sivir"", ""Rakan""]","[""Lee Sin"", ""Anivia"", ""K'Sante"", ""Xayah"", ""Alistar""]",[],[],0,leaguepedia_cargo_patch_range,1
2026 Asia Masters_Last Chance Qualifier_2_1,2026-06-15 08:07:00,26.11,Asia Masters 2026,KT Rolster Challengers,Top Esports Challenger,KT Rolster Challengers,"[""Varus"", ""Jarvan IV"", ""Bard"", ""Xin Zhao"", ""Vi""]","[""Karma"", ""Nocturne"", ""Nautilus"", ""Lulu"", ""Lucian""]","[""Orianna"", ""Naafiri"", ""Sion"", ""Mel"", ""Camille""]","[""Ashe"", ""Seraphine"", ""Galio"", ""Gnar"", ""Kindred""]",[],[],1,leaguepedia_cargo_patch_range,0
2026 Asia Masters_Last Chance Qualifier_2_2,2026-06-15 08:51:00,26.11,Asia Masters 2026,KT Rolster Challengers,Top Esports Challenger,KT Rolster Challengers,"[""Varus"", ""Lee Sin"", ""Cassiopeia"", ""Bard"", ""Annie""]","[""Karma"", ""Nocturne"", ""Ryze"", ""Lucian"", ""Senna""]","[""Vi"", ""Jayce"", ""Ahri"", ""Neeko"", ""Kai'Sa""]","[""Xin Zhao"", ""Ezreal"", ""Yorick"", ""Aurora"", ""Nautilus""]",[],[],1,leaguepedia_cargo_patch_range,0
2026 Asia Masters_Last Chance Qualifier_3_1,2026-06-15 09:41:00,26.11,Asia Masters 2026,Saigon Warriors,Top Esports Challenger,Top Esports Challenger,"[""Akali"", ""Galio"", ""Jarvan IV"", ""Bard"", ""Nautilus""]","[""Karma"", ""Nocturne"", ""Orianna"", ""Ashe"", ""Lulu""]","[""Cassiopeia"", ""Vi"", ""Jayce"", ""Rakan"", ""Varus""]","[""Naafiri"", ""Ahri"", ""Sion"", ""Alistar"", ""Senna""]",[],[],0,leaguepedia_cargo_patch_range,1
2026 Asia Masters_Last Chance Qualifier_3_2,2026-06-15 10:38:00,26.11,Asia Masters 2026,Saigon Warriors,Top Esports Challenger,Saigon Warriors,"[""Galio"", ""Akali"", ""Jarvan IV"", ""Bard"", ""K'Sante""]","[""Karma"", ""Nocturne"", ""Orianna"", ""Xin Zhao"", ""Wukong""]","[""Ryze"", ""Lucian"", ""Milio"", ""Rumble"", ""Rek'Sai""]","[""Annie"", ""Lee Sin"", ""Caitlyn"", ""Lux"", ""Udyr""]",[],[],1,leaguepedia_cargo_patch_range,0
2026 Asia Masters_Last Chance Qualifier_3_3,2026-06-15 11:33:00,26.11,Asia Masters 2026,Saigon Warriors,Top Esports Challenger,Top Esports Challenger,"[""Akali"", ""Galio"", ""Vayne"", ""LeBlanc"", ""Jax""]","[""Nocturne"", ""Karma"", ""Nautilus"", ""Mel"", ""Lulu""]","[""Orianna"", ""Wukong"", ""Gnar"", ""Ezreal"", ""Bard""]","[""Seraphine"", ""Jarvan IV"", ""Ashe"", ""Ambessa"", ""Viktor""]",[],[],0,leaguepedia_cargo_patch_range,1
EMEA Masters/2026 Season/Spring Main Event_Finals_1_1,2026-06-15 15:01:00,26.11,EM 2026 Spring Main Event,Solary,Galions,Galions,"[""Varus"", ""Nautilus"", ""Cassiopeia"", ""Jarvan IV"", ""Ornn""]","[""Orianna"", ""Sion"", ""Anivia"", ""Wukong"", ""Skarner""]","[""Ryze"", ""Jhin"", ""Elise"", ""Rumble"", ""Xin Zhao""]","[""Caitlyn"", ""Bard"", ""Annie"", ""Nocturne"", ""K'Sante""]",[],[],0,leaguepedia_cargo_patch_range,1
EMEA Masters/2026 Season/Spring Main Event_Finals_1_2,2026-06-15 15:46:00,26.11,EM 2026 Spring Main Event,Galions,Solary,Galions,"[""Nautilus"", ""Varus"", ""Pyke"", ""Vayne"", ""Gwen""]","[""Orianna"", ""Jarvan IV"", ""Renekton"", ""Wukong"", ""Naafiri""]","[""Milio"", ""Ashe"", ""Cassiopeia"", ""Sion"", ""Lee Sin""]","[""Anivia"", ""Lucian"", ""Vi"", ""Sona"", ""Zaahen""]",[],[],1,leaguepedia_cargo_patch_range,0
Prime League 2nd Division/2026 Season/Spring Playoffs_Round 4_1_1,2026-06-15 16:15:00,26.11,PRM 2nd Division 25-26 Spring Playoffs,CGN Esports,All for One Gaming,CGN Esports,[],[],[],[],[],[],1,leaguepedia_cargo_patch_range,0
EMEA Masters/2026 Season/Spring Main Event_Finals_1_3,2026-06-15 16:40:00,26.11,EM 2026 Spring Main Event,Galions,Solary,Galions,"[""Lulu"", ""Jarvan IV"", ""Nautilus"", ""Vayne"", ""Jax""]","[""Orianna"", ""Varus"", ""Ezreal"", ""LeBlanc"", ""Taliyah""]","[""Karma"", ""Yunara"", ""Pantheon"", ""Viktor"", ""Renekton""]","[""Wukong"", ""Sivir"", ""Ahri"", ""Gnar"", ""Rell""]",[],[],1,leaguepedia_cargo_patch_range,0
Prime League 2nd Division/2026 Season/Spring Playoffs_Round 4_1_3,2026-06-15 17:53:00,26.11,PRM 2nd Division 25-26 Spring Playoffs,CGN Esports,All for One Gaming,CGN Esports,[],[],[],[],[],[],1,leaguepedia_cargo_patch_range,0
